=== CodeQL Database Build Log ===
Started: 2026-09-27T14:09:58+07:00
[2026-09-27T14:10:09+07:00] METHOD 2: Custom Gradle build (kotlin/java)
Initializing database at /Users/macbook/Octo/static_analysis_codeql_1/codeql-kotlin.db.
Running build command: [./gradlew, --no-daemon, clean, compileKotlin]
Running command in /Users/macbook/Octo: [./gradlew, --no-daemon, clean, compileKotlin]
Initializing database at /Users/macbook/Octo/static_analysis_codeql_1/codeql-js.db.
[2026-09-27 14:10:13] [build-stderr] Runner failed to start './gradlew': Bad CPU type in executable
[2026-09-27 14:10:13] [ERROR] Spawned process exited abnormally (code 1; tried to run: [/opt/homebrew/Caskroom/codeql/2.26.3/codeql/tools/osx64/preload_tracer, ./gradlew, --no-daemon, clean, compileKotlin])
A fatal error occurred: Exit status 1 from command: [./gradlew, --no-daemon, clean, compileKotlin]
KOTLIN_DB_EXIT:2
Package install location: /Users/macbook/.codeql/packages
Installed fresh codeql/javascript-queries@2.4.6
Running build command: []
Running command in /Users/macbook/Octo/web: [/opt/homebrew/Caskroom/codeql/2.26.3/codeql/javascript/tools/autobuild.sh]
[2026-09-27 14:10:53] [build-stderr] Skipping path /Users/macbook/Octo/web/web/node_modules, which does not exist.
[2026-09-27 14:10:53] [build-stderr] Skipping path /Users/macbook/Octo/web/web/.next, which does not exist.
[2026-09-27 14:10:53] [build-stderr] Skipping path /Users/macbook/Octo/web/web/tsconfig.tsbuildinfo, which does not exist.
[2026-09-27 14:10:53] [build-stdout] Single-threaded extraction.
[2026-09-27 14:10:55] [build-stdout] package.json: Main file not found
[2026-09-27 14:10:55] [build-stdout] Found Node.js at: node
[2026-09-27 14:10:55] [build-stdout] Found Node.js version: v24.14.0
[2026-09-27 14:10:55] [build-stdout] Memory for TypeScript process: 2000 MB, and 400 MB reserve
[2026-09-27 14:10:55] [build-stdout] Extracting /Users/macbook/Octo/web/app/admin/page.tsx
[2026-09-27 14:10:55] [build-stdout] Done extracting /Users/macbook/Octo/web/app/admin/page.tsx (139 ms)
[2026-09-27 14:10:55] [build-stdout] Extracting /Users/macbook/Octo/web/app/app/page.tsx
[2026-09-27 14:10:55] [build-stdout] Done extracting /Users/macbook/Octo/web/app/app/page.tsx (5 ms)
[2026-09-27 14:10:55] [build-stdout] Extracting /Users/macbook/Octo/web/app/login/page.tsx
[2026-09-27 14:10:55] [build-stdout] Done extracting /Users/macbook/Octo/web/app/login/page.tsx (2 ms)
[2026-09-27 14:10:55] [build-stdout] Extracting /Users/macbook/Octo/web/components/blocks/404-3.tsx
[2026-09-27 14:10:55] [build-stdout] Done extracting /Users/macbook/Octo/web/components/blocks/404-3.tsx (18 ms)
[2026-09-27 14:10:55] [build-stdout] Extracting /Users/macbook/Octo/web/components/blocks/app-shell-2.tsx
[2026-09-27 14:10:55] [build-stdout] Done extracting /Users/macbook/Octo/web/components/blocks/app-shell-2.tsx (194 ms)
[2026-09-27 14:10:55] [build-stdout] Extracting /Users/macbook/Octo/web/components/blocks/authentication-3.tsx
[2026-09-27 14:10:56] [build-stdout] Done extracting /Users/macbook/Octo/web/components/blocks/authentication-3.tsx (66 ms)
[2026-09-27 14:10:56] [build-stdout] Extracting /Users/macbook/Octo/web/components/blocks/command-menu-1.tsx
[2026-09-27 14:10:56] [build-stdout] Done extracting /Users/macbook/Octo/web/components/blocks/command-menu-1.tsx (83 ms)
[2026-09-27 14:10:56] [build-stdout] Extracting /Users/macbook/Octo/web/components/blocks/contact-10.tsx
[2026-09-27 14:10:56] [build-stdout] Done extracting /Users/macbook/Octo/web/components/blocks/contact-10.tsx (27 ms)
[2026-09-27 14:10:56] [build-stdout] Extracting /Users/macbook/Octo/web/components/blocks/cta-2.tsx
[2026-09-27 14:10:56] [build-stdout] Done extracting /Users/macbook/Octo/web/components/blocks/cta-2.tsx (23 ms)
[2026-09-27 14:10:56] [build-stdout] Extracting /Users/macbook/Octo/web/components/blocks/dashboard-4.tsx
[2026-09-27 14:10:56] [build-stdout] Done extracting /Users/macbook/Octo/web/components/blocks/dashboard-4.tsx (52 ms)
[2026-09-27 14:10:56] [build-stdout] Extracting /Users/macbook/Octo/web/components/blocks/data-table-3.tsx
[2026-09-27 14:10:56] [build-stdout] Done extracting /Users/macbook/Octo/web/components/blocks/data-table-3.tsx (41 ms)
[2026-09-27 14:10:56] [build-stdout] Extracting /Users/macbook/Octo/web/components/blocks/empty-state-1.tsx
[2026-09-27 14:10:56] [build-stdout] Done extracting /Users/macbook/Octo/web/components/blocks/empty-state-1.tsx (18 ms)
[2026-09-27 14:10:56] [build-stdout] Extracting /Users/macbook/Octo/web/components/blocks/faq-2.tsx
[2026-09-27 14:10:56] [build-stdout] Done extracting /Users/macbook/Octo/web/components/blocks/faq-2.tsx (17 ms)
[2026-09-27 14:10:56] [build-stdout] Extracting /Users/macbook/Octo/web/components/blocks/features-4.tsx
[2026-09-27 14:10:56] [build-stdout] Done extracting /Users/macbook/Octo/web/components/blocks/features-4.tsx (23 ms)
[2026-09-27 14:10:56] [build-stdout] Extracting /Users/macbook/Octo/web/components/blocks/footer-12.tsx
[2026-09-27 14:10:56] [build-stdout] Done extracting /Users/macbook/Octo/web/components/blocks/footer-12.tsx (24 ms)
[2026-09-27 14:10:56] [build-stdout] Extracting /Users/macbook/Octo/web/components/blocks/hero-15.tsx
[2026-09-27 14:10:56] [build-stdout] Done extracting /Users/macbook/Octo/web/components/blocks/hero-15.tsx (14 ms)
[2026-09-27 14:10:56] [build-stdout] Extracting /Users/macbook/Octo/web/components/blocks/how-it-works-5.tsx
[2026-09-27 14:10:56] [build-stdout] Done extracting /Users/macbook/Octo/web/components/blocks/how-it-works-5.tsx (9 ms)
[2026-09-27 14:10:56] [build-stdout] Extracting /Users/macbook/Octo/web/components/blocks/kanban-1.tsx
[2026-09-27 14:10:56] [build-stdout] Done extracting /Users/macbook/Octo/web/components/blocks/kanban-1.tsx (91 ms)
[2026-09-27 14:10:56] [build-stdout] Extracting /Users/macbook/Octo/web/components/blocks/navigation-2.tsx
[2026-09-27 14:10:56] [build-stdout] Done extracting /Users/macbook/Octo/web/components/blocks/navigation-2.tsx (29 ms)
[2026-09-27 14:10:56] [build-stdout] Extracting /Users/macbook/Octo/web/app/layout.tsx
[2026-09-27 14:10:56] [build-stdout] Done extracting /Users/macbook/Octo/web/app/layout.tsx (3 ms)
[2026-09-27 14:10:56] [build-stdout] Extracting /Users/macbook/Octo/web/app/not-found.tsx
[2026-09-27 14:10:56] [build-stdout] Done extracting /Users/macbook/Octo/web/app/not-found.tsx (1 ms)
[2026-09-27 14:10:56] [build-stdout] Extracting /Users/macbook/Octo/web/app/page.tsx
[2026-09-27 14:10:56] [build-stdout] Done extracting /Users/macbook/Octo/web/app/page.tsx (5 ms)
[2026-09-27 14:10:56] [build-stdout] Extracting /Users/macbook/Octo/web/components/auth-gate.tsx
[2026-09-27 14:10:56] [build-stdout] Done extracting /Users/macbook/Octo/web/components/auth-gate.tsx (6 ms)
[2026-09-27 14:10:56] [build-stdout] Extracting /Users/macbook/Octo/web/components/session-menu.tsx
[2026-09-27 14:10:56] [build-stdout] Done extracting /Users/macbook/Octo/web/components/session-menu.tsx (12 ms)
[2026-09-27 14:10:56] [build-stdout] Extracting /Users/macbook/Octo/web/lib/api.ts
[2026-09-27 14:10:56] [build-stdout] Done extracting /Users/macbook/Octo/web/lib/api.ts (3 ms)
[2026-09-27 14:10:56] [build-stdout] Extracting /Users/macbook/Octo/web/lib/supabase.ts
[2026-09-27 14:10:56] [build-stdout] Done extracting /Users/macbook/Octo/web/lib/supabase.ts (2 ms)
[2026-09-27 14:10:56] [build-stdout] Extracting /Users/macbook/Octo/web/lib/utils.ts
[2026-09-27 14:10:56] [build-stdout] Done extracting /Users/macbook/Octo/web/lib/utils.ts (1 ms)
[2026-09-27 14:10:56] [build-stdout] Extracting /Users/macbook/Octo/web/middleware.ts
[2026-09-27 14:10:56] [build-stdout] Done extracting /Users/macbook/Octo/web/middleware.ts (3 ms)
[2026-09-27 14:10:56] [build-stdout] Extracting /Users/macbook/Octo/web/next-env.d.ts
[2026-09-27 14:10:56] [build-stdout] Done extracting /Users/macbook/Octo/web/next-env.d.ts (1 ms)
[2026-09-27 14:10:56] [build-stdout] Extracting /Users/macbook/Octo/web/next.config.ts
[2026-09-27 14:10:56] [build-stdout] Done extracting /Users/macbook/Octo/web/next.config.ts (2 ms)
[2026-09-27 14:10:56] [build-stdout] Extracting /Users/macbook/Octo/web/package.json
[2026-09-27 14:10:56] [build-stdout] Done extracting /Users/macbook/Octo/web/package.json (2 ms)
[2026-09-27 14:10:56] [build-stdout] Extracting /Users/macbook/Octo/web/postcss.config.mjs
[2026-09-27 14:10:56] [build-stdout] Done extracting /Users/macbook/Octo/web/postcss.config.mjs (4 ms)
[2026-09-27 14:10:56] [build-stdout] Extracting /Users/macbook/Octo/web/tsconfig.json
[2026-09-27 14:10:56] [build-stdout] Done extracting /Users/macbook/Octo/web/tsconfig.json (0 ms)
[2026-09-27 14:10:56] [build-stderr] No externs trap cache found
[2026-09-27 14:10:56] [build-stdout] Extracting /opt/homebrew/Caskroom/codeql/2.26.3/codeql/javascript/tools/data/externs/nodejs/constants.js
[2026-09-27 14:10:56] [build-stdout] Done extracting /opt/homebrew/Caskroom/codeql/2.26.3/codeql/javascript/tools/data/externs/nodejs/constants.js (90 ms)
[2026-09-27 14:10:56] [build-stdout] Extracting /opt/homebrew/Caskroom/codeql/2.26.3/codeql/javascript/tools/data/externs/nodejs/net.js
[2026-09-27 14:10:56] [build-stdout] Done extracting /opt/homebrew/Caskroom/codeql/2.26.3/codeql/javascript/tools/data/externs/nodejs/net.js (28 ms)
[2026-09-27 14:10:56] [build-stdout] Extracting /opt/homebrew/Caskroom/codeql/2.26.3/codeql/javascript/tools/data/externs/nodejs/globals.js
[2026-09-27 14:10:56] [build-stdout] Done extracting /opt/homebrew/Caskroom/codeql/2.26.3/codeql/javascript/tools/data/externs/nodejs/globals.js (94 ms)
[2026-09-27 14:10:56] [build-stdout] Extracting /opt/homebrew/Caskroom/codeql/2.26.3/codeql/javascript/tools/data/externs/nodejs/events.js
[2026-09-27 14:10:56] [build-stdout] Done extracting /opt/homebrew/Caskroom/codeql/2.26.3/codeql/javascript/tools/data/externs/nodejs/events.js (7 ms)
[2026-09-27 14:10:56] [build-stdout] Extracting /opt/homebrew/Caskroom/codeql/2.26.3/codeql/javascript/tools/data/externs/nodejs/repl.js
[2026-09-27 14:10:56] [build-stdout] Done extracting /opt/homebrew/Caskroom/codeql/2.26.3/codeql/javascript/tools/data/externs/nodejs/repl.js (6 ms)
[2026-09-27 14:10:56] [build-stdout] Extracting /opt/homebrew/Caskroom/codeql/2.26.3/codeql/javascript/tools/data/externs/nodejs/util.js
[2026-09-27 14:10:56] [build-stdout] Done extracting /opt/homebrew/Caskroom/codeql/2.26.3/codeql/javascript/tools/data/externs/nodejs/util.js (15 ms)
[2026-09-27 14:10:56] [build-stdout] Extracting /opt/homebrew/Caskroom/codeql/2.26.3/codeql/javascript/tools/data/externs/nodejs/dgram.js
[2026-09-27 14:10:56] [build-stdout] Done extracting /opt/homebrew/Caskroom/codeql/2.26.3/codeql/javascript/tools/data/externs/nodejs/dgram.js (10 ms)
[2026-09-27 14:10:56] [build-stdout] Extracting /opt/homebrew/Caskroom/codeql/2.26.3/codeql/javascript/tools/data/externs/nodejs/vm.js
[2026-09-27 14:10:56] [build-stdout] Done extracting /opt/homebrew/Caskroom/codeql/2.26.3/codeql/javascript/tools/data/externs/nodejs/vm.js (9 ms)
[2026-09-27 14:10:56] [build-stdout] Extracting /opt/homebrew/Caskroom/codeql/2.26.3/codeql/javascript/tools/data/externs/nodejs/stream.js
[2026-09-27 14:10:56] [build-stdout] Done extracting /opt/homebrew/Caskroom/codeql/2.26.3/codeql/javascript/tools/data/externs/nodejs/stream.js (39 ms)
[2026-09-27 14:10:56] [build-stdout] Extracting /opt/homebrew/Caskroom/codeql/2.26.3/codeql/javascript/tools/data/externs/nodejs/child_process.js
[2026-09-27 14:10:56] [build-stdout] Done extracting /opt/homebrew/Caskroom/codeql/2.26.3/codeql/javascript/tools/data/externs/nodejs/child_process.js (38 ms)
[2026-09-27 14:10:56] [build-stdout] Extracting /opt/homebrew/Caskroom/codeql/2.26.3/codeql/javascript/tools/data/externs/nodejs/assert.js
[2026-09-27 14:10:56] [build-stdout] Done extracting /opt/homebrew/Caskroom/codeql/2.26.3/codeql/javascript/tools/data/externs/nodejs/assert.js (8 ms)
[2026-09-27 14:10:56] [build-stdout] Extracting /opt/homebrew/Caskroom/codeql/2.26.3/codeql/javascript/tools/data/externs/nodejs/os.js
[2026-09-27 14:10:56] [build-stdout] Done extracting /opt/homebrew/Caskroom/codeql/2.26.3/codeql/javascript/tools/data/externs/nodejs/os.js (12 ms)
[2026-09-27 14:10:56] [build-stdout] Extracting /opt/homebrew/Caskroom/codeql/2.26.3/codeql/javascript/tools/data/externs/nodejs/console.js
[2026-09-27 14:10:56] [build-stdout] Done extracting /opt/homebrew/Caskroom/codeql/2.26.3/codeql/javascript/tools/data/externs/nodejs/console.js (1 ms)
[2026-09-27 14:10:56] [build-stdout] Extracting /opt/homebrew/Caskroom/codeql/2.26.3/codeql/javascript/tools/data/externs/nodejs/readline.js
[2026-09-27 14:10:56] [build-stdout] Done extracting /opt/homebrew/Caskroom/codeql/2.26.3/codeql/javascript/tools/data/externs/nodejs/readline.js (10 ms)
[2026-09-27 14:10:56] [build-stdout] Extracting /opt/homebrew/Caskroom/codeql/2.26.3/codeql/javascript/tools/data/externs/nodejs/punycode.js
[2026-09-27 14:10:56] [build-stdout] Done extracting /opt/homebrew/Caskroom/codeql/2.26.3/codeql/javascript/tools/data/externs/nodejs/punycode.js (4 ms)
[2026-09-27 14:10:56] [build-stdout] Extracting /opt/homebrew/Caskroom/codeql/2.26.3/codeql/javascript/tools/data/externs/nodejs/https.js
[2026-09-27 14:10:56] [build-stdout] Done extracting /opt/homebrew/Caskroom/codeql/2.26.3/codeql/javascript/tools/data/externs/nodejs/https.js (10 ms)
[2026-09-27 14:10:56] [build-stdout] Extracting /opt/homebrew/Caskroom/codeql/2.26.3/codeql/javascript/tools/data/externs/nodejs/domain.js
[2026-09-27 14:10:56] [build-stdout] Done extracting /opt/homebrew/Caskroom/codeql/2.26.3/codeql/javascript/tools/data/externs/nodejs/domain.js (5 ms)
[2026-09-27 14:10:56] [build-stdout] Extracting /opt/homebrew/Caskroom/codeql/2.26.3/codeql/javascript/tools/data/externs/nodejs/dns.js
[2026-09-27 14:10:56] [build-stdout] Done extracting /opt/homebrew/Caskroom/codeql/2.26.3/codeql/javascript/tools/data/externs/nodejs/dns.js (14 ms)
[2026-09-27 14:10:56] [build-stdout] Extracting /opt/homebrew/Caskroom/codeql/2.26.3/codeql/javascript/tools/data/externs/nodejs/assert_legacy.js
[2026-09-27 14:10:56] [build-stdout] Done extracting /opt/homebrew/Caskroom/codeql/2.26.3/codeql/javascript/tools/data/externs/nodejs/assert_legacy.js (2 ms)
[2026-09-27 14:10:56] [build-stdout] Extracting /opt/homebrew/Caskroom/codeql/2.26.3/codeql/javascript/tools/data/externs/nodejs/tty.js
[2026-09-27 14:10:56] [build-stdout] Done extracting /opt/homebrew/Caskroom/codeql/2.26.3/codeql/javascript/tools/data/externs/nodejs/tty.js (5 ms)
[2026-09-27 14:10:56] [build-stdout] Extracting /opt/homebrew/Caskroom/codeql/2.26.3/codeql/javascript/tools/data/externs/nodejs/timers.js
[2026-09-27 14:10:56] [build-stdout] Done extracting /opt/homebrew/Caskroom/codeql/2.26.3/codeql/javascript/tools/data/externs/nodejs/timers.js (5 ms)
[2026-09-27 14:10:56] [build-stdout] Extracting /opt/homebrew/Caskroom/codeql/2.26.3/codeql/javascript/tools/data/externs/nodejs/querystring.js
[2026-09-27 14:10:56] [build-stdout] Done extracting /opt/homebrew/Caskroom/codeql/2.26.3/codeql/javascript/tools/data/externs/nodejs/querystring.js (5 ms)
[2026-09-27 14:10:56] [build-stdout] Extracting /opt/homebrew/Caskroom/codeql/2.26.3/codeql/javascript/tools/data/externs/nodejs/module.js
[2026-09-27 14:10:56] [build-stdout] Done extracting /opt/homebrew/Caskroom/codeql/2.26.3/codeql/javascript/tools/data/externs/nodejs/module.js (4 ms)
[2026-09-27 14:10:56] [build-stdout] Extracting /opt/homebrew/Caskroom/codeql/2.26.3/codeql/javascript/tools/data/externs/nodejs/sys.js
[2026-09-27 14:10:56] [build-stdout] Done extracting /opt/homebrew/Caskroom/codeql/2.26.3/codeql/javascript/tools/data/externs/nodejs/sys.js (1 ms)
[2026-09-27 14:10:56] [build-stdout] Extracting /opt/homebrew/Caskroom/codeql/2.26.3/codeql/javascript/tools/data/externs/nodejs/path.js
[2026-09-27 14:10:56] [build-stdout] Done extracting /opt/homebrew/Caskroom/codeql/2.26.3/codeql/javascript/tools/data/externs/nodejs/path.js (14 ms)
[2026-09-27 14:10:56] [build-stdout] Extracting /opt/homebrew/Caskroom/codeql/2.26.3/codeql/javascript/tools/data/externs/nodejs/string_decoder.js
[2026-09-27 14:10:57] [build-stdout] Done extracting /opt/homebrew/Caskroom/codeql/2.26.3/codeql/javascript/tools/data/externs/nodejs/string_decoder.js (3 ms)
[2026-09-27 14:10:57] [build-stdout] Extracting /opt/homebrew/Caskroom/codeql/2.26.3/codeql/javascript/tools/data/externs/nodejs/cluster.js
[2026-09-27 14:10:57] [build-stdout] Done extracting /opt/homebrew/Caskroom/codeql/2.26.3/codeql/javascript/tools/data/externs/nodejs/cluster.js (50 ms)
[2026-09-27 14:10:57] [build-stdout] Extracting /opt/homebrew/Caskroom/codeql/2.26.3/codeql/javascript/tools/data/externs/nodejs/v8.js
[2026-09-27 14:10:57] [build-stdout] Done extracting /opt/homebrew/Caskroom/codeql/2.26.3/codeql/javascript/tools/data/externs/nodejs/v8.js (3 ms)
[2026-09-27 14:10:57] [build-stdout] Extracting /opt/homebrew/Caskroom/codeql/2.26.3/codeql/javascript/tools/data/externs/nodejs/crypto.js
[2026-09-27 14:10:57] [build-stdout] Done extracting /opt/homebrew/Caskroom/codeql/2.26.3/codeql/javascript/tools/data/externs/nodejs/crypto.js (49 ms)
[2026-09-27 14:10:57] [build-stdout] Extracting /opt/homebrew/Caskroom/codeql/2.26.3/codeql/javascript/tools/data/externs/nodejs/zlib.js
[2026-09-27 14:10:57] [build-stdout] Done extracting /opt/homebrew/Caskroom/codeql/2.26.3/codeql/javascript/tools/data/externs/nodejs/zlib.js (21 ms)
[2026-09-27 14:10:57] [build-stdout] Extracting /opt/homebrew/Caskroom/codeql/2.26.3/codeql/javascript/tools/data/externs/nodejs/url.js
[2026-09-27 14:10:57] [build-stdout] Done extracting /opt/homebrew/Caskroom/codeql/2.26.3/codeql/javascript/tools/data/externs/nodejs/url.js (5 ms)
[2026-09-27 14:10:57] [build-stdout] Extracting /opt/homebrew/Caskroom/codeql/2.26.3/codeql/javascript/tools/data/externs/nodejs/tls.js
[2026-09-27 14:10:57] [build-stdout] Done extracting /opt/homebrew/Caskroom/codeql/2.26.3/codeql/javascript/tools/data/externs/nodejs/tls.js (26 ms)
[2026-09-27 14:10:57] [build-stdout] Extracting /opt/homebrew/Caskroom/codeql/2.26.3/codeql/javascript/tools/data/externs/nodejs/process.js
[2026-09-27 14:10:57] [build-stdout] Done extracting /opt/homebrew/Caskroom/codeql/2.26.3/codeql/javascript/tools/data/externs/nodejs/process.js (2 ms)
[2026-09-27 14:10:57] [build-stdout] Extracting /opt/homebrew/Caskroom/codeql/2.26.3/codeql/javascript/tools/data/externs/nodejs/http.js
[2026-09-27 14:10:57] [build-stdout] Done extracting /opt/homebrew/Caskroom/codeql/2.26.3/codeql/javascript/tools/data/externs/nodejs/http.js (27 ms)
[2026-09-27 14:10:57] [build-stdout] Extracting /opt/homebrew/Caskroom/codeql/2.26.3/codeql/javascript/tools/data/externs/nodejs/buffer.js
[2026-09-27 14:10:57] [build-stdout] Done extracting /opt/homebrew/Caskroom/codeql/2.26.3/codeql/javascript/tools/data/externs/nodejs/buffer.js (7 ms)
[2026-09-27 14:10:57] [build-stdout] Extracting /opt/homebrew/Caskroom/codeql/2.26.3/codeql/javascript/tools/data/externs/nodejs/fs.js
[2026-09-27 14:10:57] [build-stdout] Done extracting /opt/homebrew/Caskroom/codeql/2.26.3/codeql/javascript/tools/data/externs/nodejs/fs.js (82 ms)
[2026-09-27 14:10:57] [build-stdout] Extracting /opt/homebrew/Caskroom/codeql/2.26.3/codeql/javascript/tools/data/externs/web/ie_dom.js
[2026-09-27 14:10:57] [build-stdout] Done extracting /opt/homebrew/Caskroom/codeql/2.26.3/codeql/javascript/tools/data/externs/web/ie_dom.js (41 ms)
[2026-09-27 14:10:57] [build-stdout] Extracting /opt/homebrew/Caskroom/codeql/2.26.3/codeql/javascript/tools/data/externs/web/mediasource.js
[2026-09-27 14:10:57] [build-stdout] Done extracting /opt/homebrew/Caskroom/codeql/2.26.3/codeql/javascript/tools/data/externs/web/mediasource.js (7 ms)
[2026-09-27 14:10:57] [build-stdout] Extracting /opt/homebrew/Caskroom/codeql/2.26.3/codeql/javascript/tools/data/externs/web/html5.js
[2026-09-27 14:10:57] [build-stdout] Done extracting /opt/homebrew/Caskroom/codeql/2.26.3/codeql/javascript/tools/data/externs/web/html5.js (142 ms)
[2026-09-27 14:10:57] [build-stdout] Extracting /opt/homebrew/Caskroom/codeql/2.26.3/codeql/javascript/tools/data/externs/web/w3c_anim_timing.js
[2026-09-27 14:10:57] [build-stdout] Done extracting /opt/homebrew/Caskroom/codeql/2.26.3/codeql/javascript/tools/data/externs/web/w3c_anim_timing.js (6 ms)
[2026-09-27 14:10:57] [build-stdout] Extracting /opt/homebrew/Caskroom/codeql/2.26.3/codeql/javascript/tools/data/externs/web/w3c_dom3.js
[2026-09-27 14:10:57] [build-stdout] Done extracting /opt/homebrew/Caskroom/codeql/2.26.3/codeql/javascript/tools/data/externs/web/w3c_dom3.js (27 ms)
[2026-09-27 14:10:57] [build-stdout] Extracting /opt/homebrew/Caskroom/codeql/2.26.3/codeql/javascript/tools/data/externs/web/fetchapi.js
[2026-09-27 14:10:57] [build-stdout] Done extracting /opt/homebrew/Caskroom/codeql/2.26.3/codeql/javascript/tools/data/externs/web/fetchapi.js (17 ms)
[2026-09-27 14:10:57] [build-stdout] Extracting /opt/homebrew/Caskroom/codeql/2.26.3/codeql/javascript/tools/data/externs/web/streamsapi.js
[2026-09-27 14:10:57] [build-stdout] Done extracting /opt/homebrew/Caskroom/codeql/2.26.3/codeql/javascript/tools/data/externs/web/streamsapi.js (16 ms)
[2026-09-27 14:10:57] [build-stdout] Extracting /opt/homebrew/Caskroom/codeql/2.26.3/codeql/javascript/tools/data/externs/web/fileapi.js
[2026-09-27 14:10:57] [build-stdout] Done extracting /opt/homebrew/Caskroom/codeql/2.26.3/codeql/javascript/tools/data/externs/web/fileapi.js (31 ms)
[2026-09-27 14:10:57] [build-stdout] Extracting /opt/homebrew/Caskroom/codeql/2.26.3/codeql/javascript/tools/data/externs/web/w3c_navigation_timing.js
[2026-09-27 14:10:57] [build-stdout] Done extracting /opt/homebrew/Caskroom/codeql/2.26.3/codeql/javascript/tools/data/externs/web/w3c_navigation_timing.js (10 ms)
[2026-09-27 14:10:57] [build-stdout] Extracting /opt/homebrew/Caskroom/codeql/2.26.3/codeql/javascript/tools/data/externs/web/w3c_range.js
[2026-09-27 14:10:57] [build-stdout] Done extracting /opt/homebrew/Caskroom/codeql/2.26.3/codeql/javascript/tools/data/externs/web/w3c_range.js (8 ms)
[2026-09-27 14:10:57] [build-stdout] Extracting /opt/homebrew/Caskroom/codeql/2.26.3/codeql/javascript/tools/data/externs/web/w3c_indexeddb.js
[2026-09-27 14:10:57] [build-stdout] Done extracting /opt/homebrew/Caskroom/codeql/2.26.3/codeql/javascript/tools/data/externs/web/w3c_indexeddb.js (26 ms)
[2026-09-27 14:10:57] [build-stdout] Extracting /opt/homebrew/Caskroom/codeql/2.26.3/codeql/javascript/tools/data/externs/web/w3c_dom2.js
[2026-09-27 14:10:57] [build-stdout] Done extracting /opt/homebrew/Caskroom/codeql/2.26.3/codeql/javascript/tools/data/externs/web/w3c_dom2.js (67 ms)
[2026-09-27 14:10:57] [build-stdout] Extracting /opt/homebrew/Caskroom/codeql/2.26.3/codeql/javascript/tools/data/externs/web/w3c_elementtraversal.js
[2026-09-27 14:10:57] [build-stdout] Done extracting /opt/homebrew/Caskroom/codeql/2.26.3/codeql/javascript/tools/data/externs/web/w3c_elementtraversal.js (5 ms)
[2026-09-27 14:10:57] [build-stdout] Extracting /opt/homebrew/Caskroom/codeql/2.26.3/codeql/javascript/tools/data/externs/web/w3c_webcrypto.js
[2026-09-27 14:10:57] [build-stdout] Done extracting /opt/homebrew/Caskroom/codeql/2.26.3/codeql/javascript/tools/data/externs/web/w3c_webcrypto.js (13 ms)
[2026-09-27 14:10:57] [build-stdout] Extracting /opt/homebrew/Caskroom/codeql/2.26.3/codeql/javascript/tools/data/externs/web/ie_vml.js
[2026-09-27 14:10:57] [build-stdout] Done extracting /opt/homebrew/Caskroom/codeql/2.26.3/codeql/javascript/tools/data/externs/web/ie_vml.js (2 ms)
[2026-09-27 14:10:57] [build-stdout] Extracting /opt/homebrew/Caskroom/codeql/2.26.3/codeql/javascript/tools/data/externs/web/intl.js
[2026-09-27 14:10:57] [build-stdout] Done extracting /opt/homebrew/Caskroom/codeql/2.26.3/codeql/javascript/tools/data/externs/web/intl.js (7 ms)
[2026-09-27 14:10:57] [build-stdout] Extracting /opt/homebrew/Caskroom/codeql/2.26.3/codeql/javascript/tools/data/externs/web/w3c_rtc.js
[2026-09-27 14:10:57] [build-stdout] Done extracting /opt/homebrew/Caskroom/codeql/2.26.3/codeql/javascript/tools/data/externs/web/w3c_rtc.js (69 ms)
[2026-09-27 14:10:57] [build-stdout] Extracting /opt/homebrew/Caskroom/codeql/2.26.3/codeql/javascript/tools/data/externs/web/w3c_requestidlecallback.js
[2026-09-27 14:10:57] [build-stdout] Done extracting /opt/homebrew/Caskroom/codeql/2.26.3/codeql/javascript/tools/data/externs/web/w3c_requestidlecallback.js (2 ms)
[2026-09-27 14:10:57] [build-stdout] Extracting /opt/homebrew/Caskroom/codeql/2.26.3/codeql/javascript/tools/data/externs/web/w3c_geolocation.js
[2026-09-27 14:10:57] [build-stdout] Done extracting /opt/homebrew/Caskroom/codeql/2.26.3/codeql/javascript/tools/data/externs/web/w3c_geolocation.js (4 ms)
[2026-09-27 14:10:57] [build-stdout] Extracting /opt/homebrew/Caskroom/codeql/2.26.3/codeql/javascript/tools/data/externs/web/webstorage.js
[2026-09-27 14:10:57] [build-stdout] Done extracting /opt/homebrew/Caskroom/codeql/2.26.3/codeql/javascript/tools/data/externs/web/webstorage.js (4 ms)
[2026-09-27 14:10:57] [build-stdout] Extracting /opt/homebrew/Caskroom/codeql/2.26.3/codeql/javascript/tools/data/externs/web/webkit_usercontent.js
[2026-09-27 14:10:57] [build-stdout] Done extracting /opt/homebrew/Caskroom/codeql/2.26.3/codeql/javascript/tools/data/externs/web/webkit_usercontent.js (1 ms)
[2026-09-27 14:10:57] [build-stdout] Extracting /opt/homebrew/Caskroom/codeql/2.26.3/codeql/javascript/tools/data/externs/web/window.js
[2026-09-27 14:10:57] [build-stdout] Done extracting /opt/homebrew/Caskroom/codeql/2.26.3/codeql/javascript/tools/data/externs/web/window.js (4 ms)
[2026-09-27 14:10:57] [build-stdout] Extracting /opt/homebrew/Caskroom/codeql/2.26.3/codeql/javascript/tools/data/externs/web/page_visibility.js
[2026-09-27 14:10:57] [build-stdout] Done extracting /opt/homebrew/Caskroom/codeql/2.26.3/codeql/javascript/tools/data/externs/web/page_visibility.js (1 ms)
[2026-09-27 14:10:57] [build-stdout] Extracting /opt/homebrew/Caskroom/codeql/2.26.3/codeql/javascript/tools/data/externs/web/webgl.js
[2026-09-27 14:10:57] [build-stdout] Done extracting /opt/homebrew/Caskroom/codeql/2.26.3/codeql/javascript/tools/data/externs/web/webgl.js (109 ms)
[2026-09-27 14:10:57] [build-stdout] Extracting /opt/homebrew/Caskroom/codeql/2.26.3/codeql/javascript/tools/data/externs/web/w3c_touch_event.js
[2026-09-27 14:10:57] [build-stdout] Done extracting /opt/homebrew/Caskroom/codeql/2.26.3/codeql/javascript/tools/data/externs/web/w3c_touch_event.js (9 ms)
[2026-09-27 14:10:57] [build-stdout] Extracting /opt/homebrew/Caskroom/codeql/2.26.3/codeql/javascript/tools/data/externs/web/w3c_event.js
[2026-09-27 14:10:57] [build-stdout] Done extracting /opt/homebrew/Caskroom/codeql/2.26.3/codeql/javascript/tools/data/externs/web/w3c_event.js (18 ms)
[2026-09-27 14:10:57] [build-stdout] Extracting /opt/homebrew/Caskroom/codeql/2.26.3/codeql/javascript/tools/data/externs/web/whatwg_encoding.js
[2026-09-27 14:10:57] [build-stdout] Done extracting /opt/homebrew/Caskroom/codeql/2.26.3/codeql/javascript/tools/data/externs/web/whatwg_encoding.js (2 ms)
[2026-09-27 14:10:57] [build-stdout] Extracting /opt/homebrew/Caskroom/codeql/2.26.3/codeql/javascript/tools/data/externs/web/w3c_event3.js
[2026-09-27 14:10:57] [build-stdout] Done extracting /opt/homebrew/Caskroom/codeql/2.26.3/codeql/javascript/tools/data/externs/web/w3c_event3.js (3 ms)
[2026-09-27 14:10:57] [build-stdout] Extracting /opt/homebrew/Caskroom/codeql/2.26.3/codeql/javascript/tools/data/externs/web/gecko_xml.js
[2026-09-27 14:10:57] [build-stdout] Done extracting /opt/homebrew/Caskroom/codeql/2.26.3/codeql/javascript/tools/data/externs/web/gecko_xml.js (2 ms)
[2026-09-27 14:10:57] [build-stdout] Extracting /opt/homebrew/Caskroom/codeql/2.26.3/codeql/javascript/tools/data/externs/web/ie_event.js
[2026-09-27 14:10:57] [build-stdout] Done extracting /opt/homebrew/Caskroom/codeql/2.26.3/codeql/javascript/tools/data/externs/web/ie_event.js (9 ms)
[2026-09-27 14:10:57] [build-stdout] Extracting /opt/homebrew/Caskroom/codeql/2.26.3/codeql/javascript/tools/data/externs/web/w3c_css.js
[2026-09-27 14:10:58] [build-stdout] Done extracting /opt/homebrew/Caskroom/codeql/2.26.3/codeql/javascript/tools/data/externs/web/w3c_css.js (63 ms)
[2026-09-27 14:10:58] [build-stdout] Extracting /opt/homebrew/Caskroom/codeql/2.26.3/codeql/javascript/tools/data/externs/web/ie_css.js
[2026-09-27 14:10:58] [build-stdout] Done extracting /opt/homebrew/Caskroom/codeql/2.26.3/codeql/javascript/tools/data/externs/web/ie_css.js (10 ms)
[2026-09-27 14:10:58] [build-stdout] Extracting /opt/homebrew/Caskroom/codeql/2.26.3/codeql/javascript/tools/data/externs/web/webkit_css.js
[2026-09-27 14:10:58] [build-stdout] Done extracting /opt/homebrew/Caskroom/codeql/2.26.3/codeql/javascript/tools/data/externs/web/webkit_css.js (40 ms)
[2026-09-27 14:10:58] [build-stdout] Extracting /opt/homebrew/Caskroom/codeql/2.26.3/codeql/javascript/tools/data/externs/web/w3c_xml.js
[2026-09-27 14:10:58] [build-stdout] Done extracting /opt/homebrew/Caskroom/codeql/2.26.3/codeql/javascript/tools/data/externs/web/w3c_xml.js (12 ms)
[2026-09-27 14:10:58] [build-stdout] Extracting /opt/homebrew/Caskroom/codeql/2.26.3/codeql/javascript/tools/data/externs/web/gecko_css.js
[2026-09-27 14:10:58] [build-stdout] Done extracting /opt/homebrew/Caskroom/codeql/2.26.3/codeql/javascript/tools/data/externs/web/gecko_css.js (9 ms)
[2026-09-27 14:10:58] [build-stdout] Extracting /opt/homebrew/Caskroom/codeql/2.26.3/codeql/javascript/tools/data/externs/web/iphone.js
[2026-09-27 14:10:58] [build-stdout] Done extracting /opt/homebrew/Caskroom/codeql/2.26.3/codeql/javascript/tools/data/externs/web/iphone.js (8 ms)
[2026-09-27 14:10:58] [build-stdout] Extracting /opt/homebrew/Caskroom/codeql/2.26.3/codeql/javascript/tools/data/externs/web/w3c_selectors.js
[2026-09-27 14:10:58] [build-stdout] Done extracting /opt/homebrew/Caskroom/codeql/2.26.3/codeql/javascript/tools/data/externs/web/w3c_selectors.js (3 ms)
[2026-09-27 14:10:58] [build-stdout] Extracting /opt/homebrew/Caskroom/codeql/2.26.3/codeql/javascript/tools/data/externs/web/chrome.js
[2026-09-27 14:10:58] [build-stdout] Done extracting /opt/homebrew/Caskroom/codeql/2.26.3/codeql/javascript/tools/data/externs/web/chrome.js (19 ms)
[2026-09-27 14:10:58] [build-stdout] Extracting /opt/homebrew/Caskroom/codeql/2.26.3/codeql/javascript/tools/data/externs/web/w3c_batterystatus.js
[2026-09-27 14:10:58] [build-stdout] Done extracting /opt/homebrew/Caskroom/codeql/2.26.3/codeql/javascript/tools/data/externs/web/w3c_batterystatus.js (2 ms)
[2026-09-27 14:10:58] [build-stdout] Extracting /opt/homebrew/Caskroom/codeql/2.26.3/codeql/javascript/tools/data/externs/web/webkit_notifications.js
[2026-09-27 14:10:58] [build-stdout] Done extracting /opt/homebrew/Caskroom/codeql/2.26.3/codeql/javascript/tools/data/externs/web/webkit_notifications.js (7 ms)
[2026-09-27 14:10:58] [build-stdout] Extracting /opt/homebrew/Caskroom/codeql/2.26.3/codeql/javascript/tools/data/externs/web/w3c_screen_orientation.js
[2026-09-27 14:10:58] [build-stdout] Done extracting /opt/homebrew/Caskroom/codeql/2.26.3/codeql/javascript/tools/data/externs/web/w3c_screen_orientation.js (2 ms)
[2026-09-27 14:10:58] [build-stdout] Extracting /opt/homebrew/Caskroom/codeql/2.26.3/codeql/javascript/tools/data/externs/web/w3c_midi.js
[2026-09-27 14:10:58] [build-stdout] Done extracting /opt/homebrew/Caskroom/codeql/2.26.3/codeql/javascript/tools/data/externs/web/w3c_midi.js (8 ms)
[2026-09-27 14:10:58] [build-stdout] Extracting /opt/homebrew/Caskroom/codeql/2.26.3/codeql/javascript/tools/data/externs/web/w3c_serviceworker.js
[2026-09-27 14:10:58] [build-stdout] Done extracting /opt/homebrew/Caskroom/codeql/2.26.3/codeql/javascript/tools/data/externs/web/w3c_serviceworker.js (20 ms)
[2026-09-27 14:10:58] [build-stdout] Extracting /opt/homebrew/Caskroom/codeql/2.26.3/codeql/javascript/tools/data/externs/web/w3c_device_sensor_event.js
[2026-09-27 14:10:58] [build-stdout] Done extracting /opt/homebrew/Caskroom/codeql/2.26.3/codeql/javascript/tools/data/externs/web/w3c_device_sensor_event.js (3 ms)
[2026-09-27 14:10:58] [build-stdout] Extracting /opt/homebrew/Caskroom/codeql/2.26.3/codeql/javascript/tools/data/externs/web/webkit_event.js
[2026-09-27 14:10:58] [build-stdout] Done extracting /opt/homebrew/Caskroom/codeql/2.26.3/codeql/javascript/tools/data/externs/web/webkit_event.js (1 ms)
[2026-09-27 14:10:58] [build-stdout] Extracting /opt/homebrew/Caskroom/codeql/2.26.3/codeql/javascript/tools/data/externs/web/w3c_permissions.js
[2026-09-27 14:10:58] [build-stdout] Done extracting /opt/homebrew/Caskroom/codeql/2.26.3/codeql/javascript/tools/data/externs/web/w3c_permissions.js (3 ms)
[2026-09-27 14:10:58] [build-stdout] Extracting /opt/homebrew/Caskroom/codeql/2.26.3/codeql/javascript/tools/data/externs/web/w3c_gamepad.js
[2026-09-27 14:10:58] [build-stdout] Done extracting /opt/homebrew/Caskroom/codeql/2.26.3/codeql/javascript/tools/data/externs/web/w3c_gamepad.js (2 ms)
[2026-09-27 14:10:58] [build-stdout] Extracting /opt/homebrew/Caskroom/codeql/2.26.3/codeql/javascript/tools/data/externs/web/w3c_dom1.js
[2026-09-27 14:10:58] [build-stdout] Done extracting /opt/homebrew/Caskroom/codeql/2.26.3/codeql/javascript/tools/data/externs/web/w3c_dom1.js (31 ms)
[2026-09-27 14:10:58] [build-stdout] Extracting /opt/homebrew/Caskroom/codeql/2.26.3/codeql/javascript/tools/data/externs/web/url.js
[2026-09-27 14:10:58] [build-stdout] Done extracting /opt/homebrew/Caskroom/codeql/2.26.3/codeql/javascript/tools/data/externs/web/url.js (5 ms)
[2026-09-27 14:10:58] [build-stdout] Extracting /opt/homebrew/Caskroom/codeql/2.26.3/codeql/javascript/tools/data/externs/web/gecko_event.js
[2026-09-27 14:10:58] [build-stdout] Done extracting /opt/homebrew/Caskroom/codeql/2.26.3/codeql/javascript/tools/data/externs/web/gecko_event.js (4 ms)
[2026-09-27 14:10:58] [build-stdout] Extracting /opt/homebrew/Caskroom/codeql/2.26.3/codeql/javascript/tools/data/externs/web/w3c_encoding.js
[2026-09-27 14:10:58] [build-stdout] Done extracting /opt/homebrew/Caskroom/codeql/2.26.3/codeql/javascript/tools/data/externs/web/w3c_encoding.js (2 ms)
[2026-09-27 14:10:58] [build-stdout] Extracting /opt/homebrew/Caskroom/codeql/2.26.3/codeql/javascript/tools/data/externs/web/flash.js
[2026-09-27 14:10:58] [build-stdout] Done extracting /opt/homebrew/Caskroom/codeql/2.26.3/codeql/javascript/tools/data/externs/web/flash.js (7 ms)
[2026-09-27 14:10:58] [build-stdout] Extracting /opt/homebrew/Caskroom/codeql/2.26.3/codeql/javascript/tools/data/externs/web/w3c_pointer_events.js
[2026-09-27 14:10:58] [build-stdout] Done extracting /opt/homebrew/Caskroom/codeql/2.26.3/codeql/javascript/tools/data/externs/web/w3c_pointer_events.js (3 ms)
[2026-09-27 14:10:58] [build-stdout] Extracting /opt/homebrew/Caskroom/codeql/2.26.3/codeql/javascript/tools/data/externs/web/gecko_ext.js
[2026-09-27 14:10:58] [build-stdout] Done extracting /opt/homebrew/Caskroom/codeql/2.26.3/codeql/javascript/tools/data/externs/web/gecko_ext.js (1 ms)
[2026-09-27 14:10:58] [build-stdout] Extracting /opt/homebrew/Caskroom/codeql/2.26.3/codeql/javascript/tools/data/externs/web/gecko_dom.js
[2026-09-27 14:10:58] [build-stdout] Done extracting /opt/homebrew/Caskroom/codeql/2.26.3/codeql/javascript/tools/data/externs/web/gecko_dom.js (26 ms)
[2026-09-27 14:10:58] [build-stdout] Extracting /opt/homebrew/Caskroom/codeql/2.26.3/codeql/javascript/tools/data/externs/web/webkit_dom.js
[2026-09-27 14:10:58] [build-stdout] Done extracting /opt/homebrew/Caskroom/codeql/2.26.3/codeql/javascript/tools/data/externs/web/webkit_dom.js (11 ms)
[2026-09-27 14:10:58] [build-stdout] Extracting /opt/homebrew/Caskroom/codeql/2.26.3/codeql/javascript/tools/data/externs/web/w3c_css3d.js
[2026-09-27 14:10:58] [build-stdout] Done extracting /opt/homebrew/Caskroom/codeql/2.26.3/codeql/javascript/tools/data/externs/web/w3c_css3d.js (6 ms)
[2026-09-27 14:10:58] [build-stdout] Extracting /opt/homebrew/Caskroom/codeql/2.26.3/codeql/javascript/tools/data/externs/web/w3c_dom4.js
[2026-09-27 14:10:58] [build-stdout] Done extracting /opt/homebrew/Caskroom/codeql/2.26.3/codeql/javascript/tools/data/externs/web/w3c_dom4.js (1 ms)
[2026-09-27 14:10:58] [build-stdout] Extracting /opt/homebrew/Caskroom/codeql/2.26.3/codeql/javascript/tools/data/externs/vm/rhino.js
[2026-09-27 14:10:58] [build-stdout] Done extracting /opt/homebrew/Caskroom/codeql/2.26.3/codeql/javascript/tools/data/externs/vm/rhino.js (5 ms)
[2026-09-27 14:10:58] [build-stdout] Extracting /opt/homebrew/Caskroom/codeql/2.26.3/codeql/javascript/tools/data/externs/vm/v8.js
[2026-09-27 14:10:58] [build-stdout] Done extracting /opt/homebrew/Caskroom/codeql/2.26.3/codeql/javascript/tools/data/externs/vm/v8.js (3 ms)
[2026-09-27 14:10:58] [build-stdout] Extracting /opt/homebrew/Caskroom/codeql/2.26.3/codeql/javascript/tools/data/externs/vm/spidermonkey.js
[2026-09-27 14:10:58] [build-stdout] Done extracting /opt/homebrew/Caskroom/codeql/2.26.3/codeql/javascript/tools/data/externs/vm/spidermonkey.js (1 ms)
[2026-09-27 14:10:58] [build-stdout] Extracting /opt/homebrew/Caskroom/codeql/2.26.3/codeql/javascript/tools/data/externs/vm/jsshell.js
[2026-09-27 14:10:58] [build-stdout] Done extracting /opt/homebrew/Caskroom/codeql/2.26.3/codeql/javascript/tools/data/externs/vm/jsshell.js (21 ms)
[2026-09-27 14:10:58] [build-stdout] Extracting /opt/homebrew/Caskroom/codeql/2.26.3/codeql/javascript/tools/data/externs/lib/jquery-3.2.js
[2026-09-27 14:10:58] [build-stdout] Done extracting /opt/homebrew/Caskroom/codeql/2.26.3/codeql/javascript/tools/data/externs/lib/jquery-3.2.js (92 ms)
[2026-09-27 14:10:58] [build-stdout] Extracting /opt/homebrew/Caskroom/codeql/2.26.3/codeql/javascript/tools/data/externs/lib/bdd.js
[2026-09-27 14:10:58] [build-stdout] Done extracting /opt/homebrew/Caskroom/codeql/2.26.3/codeql/javascript/tools/data/externs/lib/bdd.js (4 ms)
[2026-09-27 14:10:58] [build-stdout] Extracting /opt/homebrew/Caskroom/codeql/2.26.3/codeql/javascript/tools/data/externs/lib/should.js
[2026-09-27 14:10:58] [build-stdout] Done extracting /opt/homebrew/Caskroom/codeql/2.26.3/codeql/javascript/tools/data/externs/lib/should.js (10 ms)
[2026-09-27 14:10:58] [build-stdout] Extracting /opt/homebrew/Caskroom/codeql/2.26.3/codeql/javascript/tools/data/externs/lib/vows.js
[2026-09-27 14:10:58] [build-stdout] Done extracting /opt/homebrew/Caskroom/codeql/2.26.3/codeql/javascript/tools/data/externs/lib/vows.js (11 ms)
[2026-09-27 14:10:58] [build-stdout] Extracting /opt/homebrew/Caskroom/codeql/2.26.3/codeql/javascript/tools/data/externs/es/proxy.js
[2026-09-27 14:10:58] [build-stdout] Done extracting /opt/homebrew/Caskroom/codeql/2.26.3/codeql/javascript/tools/data/externs/es/proxy.js (1 ms)
[2026-09-27 14:10:58] [build-stdout] Extracting /opt/homebrew/Caskroom/codeql/2.26.3/codeql/javascript/tools/data/externs/es/es5.js
[2026-09-27 14:10:58] [build-stdout] Done extracting /opt/homebrew/Caskroom/codeql/2.26.3/codeql/javascript/tools/data/externs/es/es5.js (8 ms)
[2026-09-27 14:10:58] [build-stdout] Extracting /opt/homebrew/Caskroom/codeql/2.26.3/codeql/javascript/tools/data/externs/es/intl.js
[2026-09-27 14:10:58] [build-stdout] Done extracting /opt/homebrew/Caskroom/codeql/2.26.3/codeql/javascript/tools/data/externs/es/intl.js (7 ms)
[2026-09-27 14:10:58] [build-stdout] Extracting /opt/homebrew/Caskroom/codeql/2.26.3/codeql/javascript/tools/data/externs/es/es6_collections.js
[2026-09-27 14:10:58] [build-stdout] Done extracting /opt/homebrew/Caskroom/codeql/2.26.3/codeql/javascript/tools/data/externs/es/es6_collections.js (7 ms)
[2026-09-27 14:10:58] [build-stdout] Extracting /opt/homebrew/Caskroom/codeql/2.26.3/codeql/javascript/tools/data/externs/es/es6.js
[2026-09-27 14:10:58] [build-stdout] Done extracting /opt/homebrew/Caskroom/codeql/2.26.3/codeql/javascript/tools/data/externs/es/es6.js (47 ms)
[2026-09-27 14:10:58] [build-stdout] Extracting /opt/homebrew/Caskroom/codeql/2.26.3/codeql/javascript/tools/data/externs/es/es2017.js
[2026-09-27 14:10:58] [build-stdout] Done extracting /opt/homebrew/Caskroom/codeql/2.26.3/codeql/javascript/tools/data/externs/es/es2017.js (2 ms)
[2026-09-27 14:10:58] [build-stdout] Extracting /opt/homebrew/Caskroom/codeql/2.26.3/codeql/javascript/tools/data/externs/es/es3.js
[2026-09-27 14:10:58] [build-stdout] Done extracting /opt/homebrew/Caskroom/codeql/2.26.3/codeql/javascript/tools/data/externs/es/es3.js (65 ms)
[2026-09-27 14:10:58] [build-stdout] Extracting /opt/homebrew/Caskroom/codeql/2.26.3/codeql/javascript/tools/data/externs/es/es2016.js
[2026-09-27 14:10:58] [build-stdout] Done extracting /opt/homebrew/Caskroom/codeql/2.26.3/codeql/javascript/tools/data/externs/es/es2016.js (2 ms)
Finalizing database at /Users/macbook/Octo/static_analysis_codeql_1/codeql-js.db.
Running TRAP import for CodeQL database at /Users/macbook/Octo/static_analysis_codeql_1/codeql-js.db...
Importing TRAP files
Merging relations
Finished writing database (relations: 3.93 MiB; string pool: 4.78 MiB).
TRAP import complete (1.9s).
Finished zipping source archive (312.72 KiB).
Successfully created database at /Users/macbook/Octo/static_analysis_codeql_1/codeql-js.db.
[2026-09-27T14:13:59+07:00] METHOD 2 FAILED: preload_tracer cannot spawn ./gradlew (arm64e system /bin/sh vs arm64-only libtrace.dylib); no Rosetta
[2026-09-27T14:13:59+07:00] METHOD 4: build-mode=none for java (class-file-less extraction)
Initializing database at /Users/macbook/Octo/static_analysis_codeql_1/codeql-kotlin.db.
Running build command: []
Running command in /Users/macbook/Octo: [/opt/homebrew/Caskroom/codeql/2.26.3/codeql/java/tools/autobuild.sh]
[2026-09-27 14:14:00] [build-stdout] [2026-09-27 14:14:00] Extracting Java with build-mode=none.
[2026-09-27 14:14:01] [build-stdout] [2026-09-27 14:14:01] Found usable build tool Gradle.
[2026-09-27 14:14:01] [build-stdout] [2026-09-27 14:14:01] Trying to infer the JDK to use to extract Java.
[2026-09-27 14:14:01] [build-stdout] [2026-09-27 14:14:01] Found no Java toolchains in a toolchains file, inspecting environment variables...
[2026-09-27 14:14:01] [build-stdout] [2026-09-27 14:14:01] Gradle's sourceCompatibility setting recommends Java version 21.0.0.
[2026-09-27 14:14:01] [build-stdout] [2026-09-27 14:14:01] The Spring Boot plugin version in use recommends Java version 17.0.0.
[2026-09-27 14:14:01] [build-stdout] [2026-09-27 14:14:01] [WARN] The suggested lower bound Java version is 21.0.0, but no version that is equal to or greater than that is available on this system.
[2026-09-27 14:14:01] [build-stdout] [2026-09-27 14:14:01] Identified 25.0.3 as the newest version of Java supported by the version of Gradle in use. The system default of 25.0.3 is compatible with this.
[2026-09-27 14:14:01] [build-stdout] [2026-09-27 14:14:01] Found no Java toolchains in a toolchains file, inspecting environment variables...
[2026-09-27 14:14:01] [build-stdout] [2026-09-27 14:14:01] Checking if a build tool can recommend a classpath to resolve external dependencies.
[2026-09-27 14:14:01] [build-stdout] [2026-09-27 14:14:01] [autobuild] Initialized native services in: /Users/macbook/.gradle/native
[2026-09-27 14:14:01] [build-stdout] [2026-09-27 14:14:01] [autobuild] Initialized jansi services in: /Users/macbook/.gradle/native
[2026-09-27 14:14:01] [build-stdout] [2026-09-27 14:14:01] [autobuild] To honour the JVM settings for this build a single-use Daemon process will be forked. For more on this, please refer to https://docs.gradle.org/9.4.1/userguide/gradle_daemon.html#sec:disabling_the_daemon in the Gradle documentation.
[2026-09-27 14:14:01] [build-stdout] [2026-09-27 14:14:01] [autobuild] Starting process 'Gradle build daemon'. Working directory: /Users/macbook/.gradle/daemon/9.4.1 Command: /Library/Java/JavaVirtualMachines/temurin-25.jdk/Contents/Home/bin/java --add-opens=java.base/java.lang=ALL-UNNAMED --add-opens=java.base/java.lang.invoke=ALL-UNNAMED --add-opens=java.base/java.util=ALL-UNNAMED --add-opens=java.prefs/java.util.prefs=ALL-UNNAMED --add-exports=jdk.compiler/com.sun.tools.javac.api=ALL-UNNAMED --add-exports=jdk.compiler/com.sun.tools.javac.util=ALL-UNNAMED --add-opens=java.base/java.util=ALL-UNNAMED --add-opens=java.prefs/java.util.prefs=ALL-UNNAMED --add-opens=java.base/java.nio.charset=ALL-UNNAMED --add-opens=java.base/java.net=ALL-UNNAMED --add-opens=java.base/java.util.concurrent=ALL-UNNAMED --add-opens=java.base/java.util.concurrent.atomic=ALL-UNNAMED --add-opens=java.xml/javax.xml.namespace=ALL-UNNAMED --add-opens=java.base/java.time=ALL-UNNAMED --enable-native-access=ALL-UNNAMED -Xmx2g -Dfile.encoding=UTF-8 -Duser.country=ID -Duser.language=en -Duser.variant -cp /Users/macbook/.gradle/wrapper/dists/gradle-9.4.1-bin/arn2x92ynaizyzdaamcbpbhtj/gradle-9.4.1/lib/gradle-daemon-main-9.4.1.jar -javaagent:/Users/macbook/.gradle/wrapper/dists/gradle-9.4.1-bin/arn2x92ynaizyzdaamcbpbhtj/gradle-9.4.1/lib/agents/gradle-instrumentation-agent-9.4.1.jar org.gradle.launcher.daemon.bootstrap.GradleDaemon 9.4.1
[2026-09-27 14:14:01] [build-stdout] [2026-09-27 14:14:01] [autobuild] Successfully started process 'Gradle build daemon'
[2026-09-27 14:14:02] [build-stdout] [2026-09-27 14:14:02] [autobuild] An attempt to start the daemon took 0.651 secs.
[2026-09-27 14:14:02] [build-stdout] [2026-09-27 14:14:02] [autobuild] The client will now receive all logging from the daemon (pid: 21509). The daemon log file: /Users/macbook/.gradle/daemon/9.4.1/daemon-21509.out.log
[2026-09-27 14:14:02] [build-stdout] [2026-09-27 14:14:02] [autobuild] Daemon will be stopped at the end of the build 
[2026-09-27 14:14:02] [build-stdout] [2026-09-27 14:14:02] [autobuild] Using 10 worker leases.
[2026-09-27 14:14:02] [build-stdout] [2026-09-27 14:14:02] [autobuild] Operational build model parameters: {cachingModelBuilding=false, configurationCache=false, configurationCacheDisabledReason=null, configurationCacheParallelLoad=false, configurationCacheParallelStore=false, configureOnDemand=false, invalidateCoupledProjects=false, isolatedProjects=false, modelAsProjectDependency=false, modelBuilding=false, parallelModelBuilding=false, parallelProjectConfiguration=false, parallelProjectExecution=true, resilientModelBuilding=false}
[2026-09-27 14:14:03] [build-stdout] [2026-09-27 14:14:03] [autobuild] Received JVM installation metadata from '/Library/Java/JavaVirtualMachines/temurin-25.jdk/Contents/Home': {JAVA_HOME=/Library/Java/JavaVirtualMachines/temurin-25.jdk/Contents/Home, JAVA_VERSION=25.0.3, JAVA_VENDOR=Eclipse Adoptium, RUNTIME_NAME=OpenJDK Runtime Environment, RUNTIME_VERSION=25.0.3+9-LTS, VM_NAME=OpenJDK 64-Bit Server VM, VM_VERSION=25.0.3+9-LTS, VM_VENDOR=Eclipse Adoptium, OS_ARCH=aarch64}
[2026-09-27 14:14:03] [build-stdout] [2026-09-27 14:14:03] [autobuild] Watching the file system is configured to be enabled if available
[2026-09-27 14:14:03] [build-stdout] [2026-09-27 14:14:03] [autobuild] Now considering [/Users/macbook/Octo] as hierarchies to watch
[2026-09-27 14:14:03] [build-stdout] [2026-09-27 14:14:03] [autobuild] File system watching is active
[2026-09-27 14:14:03] [build-stdout] [2026-09-27 14:14:03] [autobuild] Caching disabled for Groovy DSL script compilation (cp_init) because:
[2026-09-27 14:14:03] [build-stdout] [2026-09-27 14:14:03] [autobuild]   Build cache is disabled
[2026-09-27 14:14:03] [build-stdout] [2026-09-27 14:14:03] [autobuild]   Not worth caching.
[2026-09-27 14:14:03] [build-stdout] [2026-09-27 14:14:03] [autobuild] Compiling initialization script '/opt/homebrew/Caskroom/codeql/2.26.3/codeql/java/tools/setup-proxy.gradle' using SubsetScriptTransformer.
[2026-09-27 14:14:04] [build-stdout] [2026-09-27 14:14:04] [autobuild] Caching disabled for Groovy DSL script compilation (init) because:
[2026-09-27 14:14:04] [build-stdout] [2026-09-27 14:14:04] [autobuild]   Build cache is disabled
[2026-09-27 14:14:04] [build-stdout] [2026-09-27 14:14:04] [autobuild]   Not worth caching.
[2026-09-27 14:14:04] [build-stdout] [2026-09-27 14:14:04] [autobuild] Compiling initialization script '/opt/homebrew/Caskroom/codeql/2.26.3/codeql/java/tools/setup-proxy.gradle' using BuildScriptTransformer.
[2026-09-27 14:14:04] [build-stdout] [2026-09-27 14:14:04] [autobuild] Caching disabled for Groovy DSL script compilation (cp_init) because:
[2026-09-27 14:14:04] [build-stdout] [2026-09-27 14:14:04] [autobuild]   Build cache is disabled
[2026-09-27 14:14:04] [build-stdout] [2026-09-27 14:14:04] [autobuild]   Not worth caching.
[2026-09-27 14:14:04] [build-stdout] [2026-09-27 14:14:04] [autobuild] Compiling initialization script '/opt/homebrew/Caskroom/codeql/2.26.3/codeql/java/tools/dep-graph.gradle' using SubsetScriptTransformer.
[2026-09-27 14:14:04] [build-stdout] [2026-09-27 14:14:04] [autobuild] Caching disabled for InstrumentationAnalysisTransform: /opt/homebrew/Caskroom/codeql/2.26.3/codeql/java/tools/depgraph-plugin-maven-repo/org/gradle/github-dependency-graph-gradle-plugin/1.4.2/github-dependency-graph-gradle-plugin-1.4.2.jar because:
[2026-09-27 14:14:04] [build-stdout] [2026-09-27 14:14:04] [autobuild]   Build cache is disabled
[2026-09-27 14:14:04] [build-stdout] [2026-09-27 14:14:04] [autobuild]   Caching not enabled.
[2026-09-27 14:14:04] [build-stdout] [2026-09-27 14:14:04] [autobuild] Caching disabled for MergeInstrumentationAnalysisTransform: /Users/macbook/.gradle/caches/9.4.1/transforms/d0af25dc76750aa19b8457b808b95ccf/transformed/.gradle-instrumented-classpath.marker because:
[2026-09-27 14:14:04] [build-stdout] [2026-09-27 14:14:04] [autobuild]   Build cache is disabled
[2026-09-27 14:14:04] [build-stdout] [2026-09-27 14:14:04] [autobuild]   Caching not enabled.
[2026-09-27 14:14:04] [build-stdout] [2026-09-27 14:14:04] [autobuild] Caching disabled for MergeInstrumentationAnalysisTransform: /Users/macbook/.gradle/caches/9.4.1/transforms/d0af25dc76750aa19b8457b808b95ccf/transformed/analysis/instrumentation-hierarchy.bin because:
[2026-09-27 14:14:04] [build-stdout] [2026-09-27 14:14:04] [autobuild]   Build cache is disabled
[2026-09-27 14:14:04] [build-stdout] [2026-09-27 14:14:04] [autobuild]   Caching not enabled.
[2026-09-27 14:14:04] [build-stdout] [2026-09-27 14:14:04] [autobuild] Caching disabled for MergeInstrumentationAnalysisTransform: /Users/macbook/.gradle/caches/9.4.1/transforms/d0af25dc76750aa19b8457b808b95ccf/transformed/analysis/instrumentation-dependencies.bin because:
[2026-09-27 14:14:04] [build-stdout] [2026-09-27 14:14:04] [autobuild]   Build cache is disabled
[2026-09-27 14:14:04] [build-stdout] [2026-09-27 14:14:04] [autobuild]   Caching not enabled.
[2026-09-27 14:14:04] [build-stdout] [2026-09-27 14:14:04] [autobuild] Caching disabled for MergeInstrumentationAnalysisTransform: /opt/homebrew/Caskroom/codeql/2.26.3/codeql/java/tools/depgraph-plugin-maven-repo/org/gradle/github-dependency-graph-gradle-plugin/1.4.2/github-dependency-graph-gradle-plugin-1.4.2.jar because:
[2026-09-27 14:14:04] [build-stdout] [2026-09-27 14:14:04] [autobuild]   Build cache is disabled
[2026-09-27 14:14:04] [build-stdout] [2026-09-27 14:14:04] [autobuild]   Caching not enabled.
[2026-09-27 14:14:04] [build-stdout] [2026-09-27 14:14:04] [autobuild] Caching disabled for ExternalDependencyInstrumentingArtifactTransform: /Users/macbook/.gradle/caches/9.4.1/transforms/a28f80cbc8731f0dbf726880b31ab43d/transformed/merge/instrumentation-dependencies.bin because:
[2026-09-27 14:14:04] [build-stdout] [2026-09-27 14:14:04] [autobuild]   Build cache is disabled
[2026-09-27 14:14:04] [build-stdout] [2026-09-27 14:14:04] [autobuild]   Caching not enabled.
[2026-09-27 14:14:05] [build-stdout] [2026-09-27 14:14:05] [autobuild] Caching disabled for ExternalDependencyInstrumentingArtifactTransform: /opt/homebrew/Caskroom/codeql/2.26.3/codeql/java/tools/depgraph-plugin-maven-repo/org/gradle/github-dependency-graph-gradle-plugin/1.4.2/github-dependency-graph-gradle-plugin-1.4.2.jar because:
[2026-09-27 14:14:05] [build-stdout] [2026-09-27 14:14:05] [autobuild]   Build cache is disabled
[2026-09-27 14:14:05] [build-stdout] [2026-09-27 14:14:05] [autobuild]   Caching not enabled.
[2026-09-27 14:14:05] [build-stdout] [2026-09-27 14:14:05] [autobuild] Caching disabled for Groovy DSL script compilation (init) because:
[2026-09-27 14:14:05] [build-stdout] [2026-09-27 14:14:05] [autobuild]   Build cache is disabled
[2026-09-27 14:14:05] [build-stdout] [2026-09-27 14:14:05] [autobuild]   Not worth caching.
[2026-09-27 14:14:05] [build-stdout] [2026-09-27 14:14:05] [autobuild] Compiling initialization script '/opt/homebrew/Caskroom/codeql/2.26.3/codeql/java/tools/dep-graph.gradle' using BuildScriptTransformer.
[2026-09-27 14:14:05] [build-stdout] [2026-09-27 14:14:05] [autobuild] Starting Build
[2026-09-27 14:14:05] [build-stdout] [2026-09-27 14:14:05] [autobuild] Resolved plugin [id: 'org.gradle.toolchains.foojay-resolver-convention', version: '1.0.0']
[2026-09-27 14:14:05] [build-stdout] [2026-09-27 14:14:05] [autobuild] Including resolved configuration in dependency graph: : - detachedConfiguration1
[2026-09-27 14:14:05] [build-stdout] [2026-09-27 14:14:05] [autobuild] Including resolved configuration in dependency graph: : - classpath
[2026-09-27 14:14:05] [build-stdout] [2026-09-27 14:14:05] [autobuild] Settings evaluated using settings file '/Users/macbook/Octo/settings.gradle.kts'.
[2026-09-27 14:14:05] [build-stdout] [2026-09-27 14:14:05] [autobuild] Using local directory build cache for the root build (location = /Users/macbook/.gradle/caches/build-cache-1, remove unused entries = after 7 days).
[2026-09-27 14:14:05] [build-stdout] [2026-09-27 14:14:05] [autobuild] Projects loaded. Root project using build file '/Users/macbook/Octo/build.gradle.kts'.
[2026-09-27 14:14:05] [build-stdout] [2026-09-27 14:14:05] [autobuild] Included projects: [root project 'octo', project ':modules', project ':modules:analytics', project ':modules:api', project ':modules:control-panel', project ':modules:deal-sourcing', project ':modules:ibor-core', project ':modules:ingestion', project ':modules:lookthrough', project ':modules:ontology', project ':modules:persistence', project ':modules:recon', project ':modules:workflow']
[2026-09-27 14:14:06] [build-stdout] [2026-09-27 14:14:06] [autobuild] Including resolved configuration in dependency graph: : - detachedConfiguration1
[2026-09-27 14:14:06] [build-stdout] [2026-09-27 14:14:06] [autobuild] Including resolved configuration in dependency graph: : - detachedConfiguration2
[2026-09-27 14:14:06] [build-stdout] [2026-09-27 14:14:06] [autobuild] Including resolved configuration in dependency graph: : - detachedConfiguration3
[2026-09-27 14:14:06] [build-stdout] [2026-09-27 14:14:06] [autobuild] Including resolved configuration in dependency graph: : - detachedConfiguration4
[2026-09-27 14:14:06] [build-stdout] [2026-09-27 14:14:06] [autobuild] Including resolved configuration in dependency graph: : - detachedConfiguration5
[2026-09-27 14:14:06] [build-stdout] [2026-09-27 14:14:06] [autobuild] Including resolved configuration in dependency graph: : - detachedConfiguration6
[2026-09-27 14:14:06] [build-stdout] [2026-09-27 14:14:06] [autobuild] Including resolved configuration in dependency graph: : - classpath
[2026-09-27 14:14:06] [build-stdout] [2026-09-27 14:14:06] [autobuild] > Configure project :
[2026-09-27 14:14:06] [build-stdout] [2026-09-27 14:14:06] [autobuild] Evaluating root project 'octo' using build file '/Users/macbook/Octo/build.gradle.kts'.
[2026-09-27 14:14:06] [build-stdout] [2026-09-27 14:14:06] [autobuild] Resolved plugin [id: 'org.jetbrains.kotlin.jvm', version: '2.2.21', apply: false]
[2026-09-27 14:14:06] [build-stdout] [2026-09-27 14:14:06] [autobuild] Resolved plugin [id: 'org.jetbrains.kotlin.plugin.spring', version: '2.2.21', apply: false]
[2026-09-27 14:14:06] [build-stdout] [2026-09-27 14:14:06] [autobuild] Resolved plugin [id: 'org.springframework.boot', version: '3.5.7', apply: false]
[2026-09-27 14:14:06] [build-stdout] [2026-09-27 14:14:06] [autobuild] Resolved plugin [id: 'io.spring.dependency-management', version: '1.1.7', apply: false]
[2026-09-27 14:14:06] [build-stdout] [2026-09-27 14:14:06] [autobuild] Resolved plugin [id: 'org.jlleitschuh.gradle.ktlint', version: '12.3.0', apply: false]
[2026-09-27 14:14:06] [build-stdout] [2026-09-27 14:14:06] [autobuild] Resolved plugin [id: 'org.jetbrains.kotlinx.kover', version: '0.9.1', apply: false]
[2026-09-27 14:14:06] [build-stdout] [2026-09-27 14:14:06] [autobuild] > Configure project :modules
[2026-09-27 14:14:06] [build-stdout] [2026-09-27 14:14:06] [autobuild] Evaluating project ':modules' using build file '/Users/macbook/Octo/modules/build.gradle'.
[2026-09-27 14:14:07] [build-stdout] [2026-09-27 14:14:07] [autobuild] > Configure project :modules:analytics
[2026-09-27 14:14:07] [build-stdout] [2026-09-27 14:14:07] [autobuild] Evaluating project ':modules:analytics' using build file '/Users/macbook/Octo/modules/analytics/build.gradle.kts'.
[2026-09-27 14:14:07] [build-stdout] [2026-09-27 14:14:07] [autobuild] Resolved plugin [id: 'org.jetbrains.kotlin.jvm', version: '2.2.21']
[2026-09-27 14:14:07] [build-stdout] [2026-09-27 14:14:07] [autobuild] Build 5c4fb335-ce58-4f9b-a80e-cdbe9a47e994 is started
[2026-09-27 14:14:07] [build-stdout] [2026-09-27 14:14:07] [autobuild] Using Kotlin Gradle Plugin gradle813 variant
[2026-09-27 14:14:07] [build-stdout] [2026-09-27 14:14:07] [autobuild] kotlin scripting plugin: created the scripting discovery configuration: kotlinScriptDef
[2026-09-27 14:14:07] [build-stdout] [2026-09-27 14:14:07] [autobuild] kotlin scripting plugin: created the scripting discovery configuration: testKotlinScriptDef
[2026-09-27 14:14:07] [build-stdout] [2026-09-27 14:14:07] [autobuild] > Configure project :modules:api
[2026-09-27 14:14:07] [build-stdout] [2026-09-27 14:14:07] [autobuild] Evaluating project ':modules:api' using build file '/Users/macbook/Octo/modules/api/build.gradle.kts'.
[2026-09-27 14:14:07] [build-stdout] [2026-09-27 14:14:07] [autobuild] Resolved plugin [id: 'org.jetbrains.kotlin.jvm', version: '2.2.21']
[2026-09-27 14:14:07] [build-stdout] [2026-09-27 14:14:07] [autobuild] Resolved plugin [id: 'org.jetbrains.kotlin.plugin.spring', version: '2.2.21']
[2026-09-27 14:14:07] [build-stdout] [2026-09-27 14:14:07] [autobuild] Resolved plugin [id: 'org.springframework.boot', version: '3.5.7']
[2026-09-27 14:14:07] [build-stdout] [2026-09-27 14:14:07] [autobuild] Resolved plugin [id: 'io.spring.dependency-management', version: '1.1.7']
[2026-09-27 14:14:07] [build-stdout] [2026-09-27 14:14:07] [autobuild] Using Kotlin Gradle Plugin gradle813 variant
[2026-09-27 14:14:07] [build-stdout] [2026-09-27 14:14:07] [autobuild] kotlin scripting plugin: created the scripting discovery configuration: kotlinScriptDef
[2026-09-27 14:14:07] [build-stdout] [2026-09-27 14:14:07] [autobuild] kotlin scripting plugin: created the scripting discovery configuration: testKotlinScriptDef
[2026-09-27 14:14:07] [build-stdout] [2026-09-27 14:14:07] [autobuild] Applying dependency management to configuration 'annotationProcessor' in project 'api'
[2026-09-27 14:14:07] [build-stdout] [2026-09-27 14:14:07] [autobuild] Applying dependency management to configuration 'api' in project 'api'
[2026-09-27 14:14:07] [build-stdout] [2026-09-27 14:14:07] [autobuild] Applying dependency management to configuration 'apiDependenciesMetadata' in project 'api'
[2026-09-27 14:14:07] [build-stdout] [2026-09-27 14:14:07] [autobuild] Applying dependency management to configuration 'apiElements' in project 'api'
[2026-09-27 14:14:07] [build-stdout] [2026-09-27 14:14:07] [autobuild] Applying dependency management to configuration 'archives' in project 'api'
[2026-09-27 14:14:07] [build-stdout] [2026-09-27 14:14:07] [autobuild] Applying dependency management to configuration 'bootArchives' in project 'api'
[2026-09-27 14:14:07] [build-stdout] [2026-09-27 14:14:07] [autobuild] Applying dependency management to configuration 'compileClasspath' in project 'api'
[2026-09-27 14:14:07] [build-stdout] [2026-09-27 14:14:07] [autobuild] Applying dependency management to configuration 'compileOnly' in project 'api'
[2026-09-27 14:14:07] [build-stdout] [2026-09-27 14:14:07] [autobuild] Applying dependency management to configuration 'compileOnlyDependenciesMetadata' in project 'api'
[2026-09-27 14:14:07] [build-stdout] [2026-09-27 14:14:07] [autobuild] Applying dependency management to configuration 'default' in project 'api'
[2026-09-27 14:14:07] [build-stdout] [2026-09-27 14:14:07] [autobuild] Applying dependency management to configuration 'developmentOnly' in project 'api'
[2026-09-27 14:14:07] [build-stdout] [2026-09-27 14:14:07] [autobuild] Applying dependency management to configuration 'implementation' in project 'api'
[2026-09-27 14:14:07] [build-stdout] [2026-09-27 14:14:07] [autobuild] Applying dependency management to configuration 'implementationDependenciesMetadata' in project 'api'
[2026-09-27 14:14:07] [build-stdout] [2026-09-27 14:14:07] [autobuild] Applying dependency management to configuration 'intransitiveDependenciesMetadata' in project 'api'
[2026-09-27 14:14:07] [build-stdout] [2026-09-27 14:14:07] [autobuild] Applying dependency management to configuration 'kotlinBouncyCastleConfiguration' in project 'api'
[2026-09-27 14:14:07] [build-stdout] [2026-09-27 14:14:07] [autobuild] Applying dependency management to configuration 'kotlinBuildToolsApiClasspath' in project 'api'
[2026-09-27 14:14:07] [build-stdout] [2026-09-27 14:14:07] [autobuild] Applying dependency management to configuration 'kotlinCompilerClasspath' in project 'api'
[2026-09-27 14:14:07] [build-stdout] [2026-09-27 14:14:07] [autobuild] Applying dependency management to configuration 'kotlinCompilerPluginClasspath' in project 'api'
[2026-09-27 14:14:07] [build-stdout] [2026-09-27 14:14:07] [autobuild] Applying dependency management to configuration 'kotlinCompilerPluginClasspathMain' in project 'api'
[2026-09-27 14:14:07] [build-stdout] [2026-09-27 14:14:07] [autobuild] Applying dependency management to configuration 'kotlinCompilerPluginClasspathTest' in project 'api'
[2026-09-27 14:14:07] [build-stdout] [2026-09-27 14:14:07] [autobuild] Applying dependency management to configuration 'kotlinInternalAbiValidation' in project 'api'
[2026-09-27 14:14:07] [build-stdout] [2026-09-27 14:14:07] [autobuild] Applying dependency management to configuration 'kotlinKlibCommonizerClasspath' in project 'api'
[2026-09-27 14:14:07] [build-stdout] [2026-09-27 14:14:07] [autobuild] Applying dependency management to configuration 'kotlinNativeCompilerPluginClasspath' in project 'api'
[2026-09-27 14:14:07] [build-stdout] [2026-09-27 14:14:07] [autobuild] Applying dependency management to configuration 'kotlinScriptDef' in project 'api'
[2026-09-27 14:14:07] [build-stdout] [2026-09-27 14:14:07] [autobuild] Applying dependency management to configuration 'kotlinScriptDefExtensions' in project 'api'
[2026-09-27 14:14:07] [build-stdout] [2026-09-27 14:14:07] [autobuild] Applying dependency management to configuration 'kover' in project 'api'
[2026-09-27 14:14:07] [build-stdout] [2026-09-27 14:14:07] [autobuild] Applying dependency management to configuration 'koverEmptyArtifact' in project 'api'
[2026-09-27 14:14:07] [build-stdout] [2026-09-27 14:14:07] [autobuild] Applying dependency management to configuration 'koverJvmAgent' in project 'api'
[2026-09-27 14:14:07] [build-stdout] [2026-09-27 14:14:07] [autobuild] Applying dependency management to configuration 'koverJvmReporter' in project 'api'
[2026-09-27 14:14:07] [build-stdout] [2026-09-27 14:14:07] [autobuild] Applying dependency management to configuration 'ktlint' in project 'api'
[2026-09-27 14:14:07] [build-stdout] [2026-09-27 14:14:07] [autobuild] Applying dependency management to configuration 'ktlintBaselineReporter' in project 'api'
[2026-09-27 14:14:07] [build-stdout] [2026-09-27 14:14:07] [autobuild] Applying dependency management to configuration 'ktlintReporter' in project 'api'
[2026-09-27 14:14:07] [build-stdout] [2026-09-27 14:14:07] [autobuild] Applying dependency management to configuration 'ktlintRuleset' in project 'api'
[2026-09-27 14:14:07] [build-stdout] [2026-09-27 14:14:07] [autobuild] Applying dependency management to configuration 'mainSourceElements' in project 'api'
[2026-09-27 14:14:07] [build-stdout] [2026-09-27 14:14:07] [autobuild] Applying dependency management to configuration 'productionRuntimeClasspath' in project 'api'
[2026-09-27 14:14:07] [build-stdout] [2026-09-27 14:14:07] [autobuild] Applying dependency management to configuration 'runtimeClasspath' in project 'api'
[2026-09-27 14:14:07] [build-stdout] [2026-09-27 14:14:07] [autobuild] Applying dependency management to configuration 'runtimeElements' in project 'api'
[2026-09-27 14:14:07] [build-stdout] [2026-09-27 14:14:07] [autobuild] Applying dependency management to configuration 'runtimeOnly' in project 'api'
[2026-09-27 14:14:07] [build-stdout] [2026-09-27 14:14:07] [autobuild] Applying dependency management to configuration 'swiftExportClasspath' in project 'api'
[2026-09-27 14:14:07] [build-stdout] [2026-09-27 14:14:07] [autobuild] Applying dependency management to configuration 'swiftExportClasspathResolvable' in project 'api'
[2026-09-27 14:14:07] [build-stdout] [2026-09-27 14:14:07] [autobuild] Applying dependency management to configuration 'testAndDevelopmentOnly' in project 'api'
[2026-09-27 14:14:07] [build-stdout] [2026-09-27 14:14:07] [autobuild] Applying dependency management to configuration 'testAnnotationProcessor' in project 'api'
[2026-09-27 14:14:07] [build-stdout] [2026-09-27 14:14:07] [autobuild] Applying dependency management to configuration 'testApi' in project 'api'
[2026-09-27 14:14:07] [build-stdout] [2026-09-27 14:14:07] [autobuild] Applying dependency management to configuration 'testApiDependenciesMetadata' in project 'api'
[2026-09-27 14:14:07] [build-stdout] [2026-09-27 14:14:07] [autobuild] Applying dependency management to configuration 'testCompileClasspath' in project 'api'
[2026-09-27 14:14:07] [build-stdout] [2026-09-27 14:14:07] [autobuild] Applying dependency management to configuration 'testCompileOnly' in project 'api'
[2026-09-27 14:14:07] [build-stdout] [2026-09-27 14:14:07] [autobuild] Applying dependency management to configuration 'testCompileOnlyDependenciesMetadata' in project 'api'
[2026-09-27 14:14:07] [build-stdout] [2026-09-27 14:14:07] [autobuild] Applying dependency management to configuration 'testImplementation' in project 'api'
[2026-09-27 14:14:07] [build-stdout] [2026-09-27 14:14:07] [autobuild] Applying dependency management to configuration 'testImplementationDependenciesMetadata' in project 'api'
[2026-09-27 14:14:07] [build-stdout] [2026-09-27 14:14:07] [autobuild] Applying dependency management to configuration 'testIntransitiveDependenciesMetadata' in project 'api'
[2026-09-27 14:14:07] [build-stdout] [2026-09-27 14:14:07] [autobuild] Applying dependency management to configuration 'testKotlinScriptDef' in project 'api'
[2026-09-27 14:14:07] [build-stdout] [2026-09-27 14:14:07] [autobuild] Applying dependency management to configuration 'testKotlinScriptDefExtensions' in project 'api'
[2026-09-27 14:14:07] [build-stdout] [2026-09-27 14:14:07] [autobuild] Applying dependency management to configuration 'testResultsElementsForTest' in project 'api'
[2026-09-27 14:14:07] [build-stdout] [2026-09-27 14:14:07] [autobuild] Applying dependency management to configuration 'testRuntimeClasspath' in project 'api'
[2026-09-27 14:14:07] [build-stdout] [2026-09-27 14:14:07] [autobuild] Applying dependency management to configuration 'testRuntimeOnly' in project 'api'
[2026-09-27 14:14:07] [build-stdout] [2026-09-27 14:14:07] [autobuild] Applying dependency management to configuration 'koverArtifactJvm' in project 'api'
[2026-09-27 14:14:07] [build-stdout] [2026-09-27 14:14:07] [autobuild] Applying dependency management to configuration 'koverExternalArtifactsJvm' in project 'api'
[2026-09-27 14:14:07] [build-stdout] [2026-09-27 14:14:07] [autobuild] Applying dependency management to configuration 'koverArtifact' in project 'api'
[2026-09-27 14:14:07] [build-stdout] [2026-09-27 14:14:07] [autobuild] Applying dependency management to configuration 'koverExternalArtifacts' in project 'api'
[2026-09-27 14:14:07] [build-stdout] [2026-09-27 14:14:07] [autobuild] Applying dependency management to configuration 'apiElements-published' in project 'api'
[2026-09-27 14:14:07] [build-stdout] [2026-09-27 14:14:07] [autobuild] Applying dependency management to configuration 'runtimeElements-published' in project 'api'
[2026-09-27 14:14:07] [build-stdout] [2026-09-27 14:14:07] [autobuild] > Configure project :modules:control-panel
[2026-09-27 14:14:07] [build-stdout] [2026-09-27 14:14:07] [autobuild] Evaluating project ':modules:control-panel' using build file '/Users/macbook/Octo/modules/control-panel/build.gradle.kts'.
[2026-09-27 14:14:07] [build-stdout] [2026-09-27 14:14:07] [autobuild] Resolved plugin [id: 'org.jetbrains.kotlin.jvm', version: '2.2.21']
[2026-09-27 14:14:07] [build-stdout] [2026-09-27 14:14:07] [autobuild] Using Kotlin Gradle Plugin gradle813 variant
[2026-09-27 14:14:07] [build-stdout] [2026-09-27 14:14:07] [autobuild] kotlin scripting plugin: created the scripting discovery configuration: kotlinScriptDef
[2026-09-27 14:14:07] [build-stdout] [2026-09-27 14:14:07] [autobuild] kotlin scripting plugin: created the scripting discovery configuration: testKotlinScriptDef
[2026-09-27 14:14:07] [build-stdout] [2026-09-27 14:14:07] [autobuild] > Configure project :modules:deal-sourcing
[2026-09-27 14:14:07] [build-stdout] [2026-09-27 14:14:07] [autobuild] Evaluating project ':modules:deal-sourcing' using build file '/Users/macbook/Octo/modules/deal-sourcing/build.gradle.kts'.
[2026-09-27 14:14:07] [build-stdout] [2026-09-27 14:14:07] [autobuild] Resolved plugin [id: 'org.jetbrains.kotlin.jvm', version: '2.2.21']
[2026-09-27 14:14:07] [build-stdout] [2026-09-27 14:14:07] [autobuild] Using Kotlin Gradle Plugin gradle813 variant
[2026-09-27 14:14:07] [build-stdout] [2026-09-27 14:14:07] [autobuild] kotlin scripting plugin: created the scripting discovery configuration: kotlinScriptDef
[2026-09-27 14:14:07] [build-stdout] [2026-09-27 14:14:07] [autobuild] kotlin scripting plugin: created the scripting discovery configuration: testKotlinScriptDef
[2026-09-27 14:14:07] [build-stdout] [2026-09-27 14:14:07] [autobuild] > Configure project :modules:ibor-core
[2026-09-27 14:14:07] [build-stdout] [2026-09-27 14:14:07] [autobuild] Evaluating project ':modules:ibor-core' using build file '/Users/macbook/Octo/modules/ibor-core/build.gradle.kts'.
[2026-09-27 14:14:07] [build-stdout] [2026-09-27 14:14:07] [autobuild] Resolved plugin [id: 'org.jetbrains.kotlin.jvm', version: '2.2.21']
[2026-09-27 14:14:07] [build-stdout] [2026-09-27 14:14:07] [autobuild] Using Kotlin Gradle Plugin gradle813 variant
[2026-09-27 14:14:07] [build-stdout] [2026-09-27 14:14:07] [autobuild] kotlin scripting plugin: created the scripting discovery configuration: kotlinScriptDef
[2026-09-27 14:14:07] [build-stdout] [2026-09-27 14:14:07] [autobuild] kotlin scripting plugin: created the scripting discovery configuration: testKotlinScriptDef
[2026-09-27 14:14:07] [build-stdout] [2026-09-27 14:14:07] [autobuild] > Configure project :modules:ingestion
[2026-09-27 14:14:07] [build-stdout] [2026-09-27 14:14:07] [autobuild] Evaluating project ':modules:ingestion' using build file '/Users/macbook/Octo/modules/ingestion/build.gradle.kts'.
[2026-09-27 14:14:07] [build-stdout] [2026-09-27 14:14:07] [autobuild] Resolved plugin [id: 'org.jetbrains.kotlin.jvm', version: '2.2.21']
[2026-09-27 14:14:07] [build-stdout] [2026-09-27 14:14:07] [autobuild] Using Kotlin Gradle Plugin gradle813 variant
[2026-09-27 14:14:07] [build-stdout] [2026-09-27 14:14:07] [autobuild] kotlin scripting plugin: created the scripting discovery configuration: kotlinScriptDef
[2026-09-27 14:14:07] [build-stdout] [2026-09-27 14:14:07] [autobuild] kotlin scripting plugin: created the scripting discovery configuration: testKotlinScriptDef
[2026-09-27 14:14:07] [build-stdout] [2026-09-27 14:14:07] [autobuild] > Configure project :modules:lookthrough
[2026-09-27 14:14:07] [build-stdout] [2026-09-27 14:14:07] [autobuild] Evaluating project ':modules:lookthrough' using build file '/Users/macbook/Octo/modules/lookthrough/build.gradle.kts'.
[2026-09-27 14:14:07] [build-stdout] [2026-09-27 14:14:07] [autobuild] Resolved plugin [id: 'org.jetbrains.kotlin.jvm', version: '2.2.21']
[2026-09-27 14:14:07] [build-stdout] [2026-09-27 14:14:07] [autobuild] Using Kotlin Gradle Plugin gradle813 variant
[2026-09-27 14:14:07] [build-stdout] [2026-09-27 14:14:07] [autobuild] kotlin scripting plugin: created the scripting discovery configuration: kotlinScriptDef
[2026-09-27 14:14:07] [build-stdout] [2026-09-27 14:14:07] [autobuild] kotlin scripting plugin: created the scripting discovery configuration: testKotlinScriptDef
[2026-09-27 14:14:07] [build-stdout] [2026-09-27 14:14:07] [autobuild] > Configure project :modules:ontology
[2026-09-27 14:14:07] [build-stdout] [2026-09-27 14:14:07] [autobuild] Evaluating project ':modules:ontology' using build file '/Users/macbook/Octo/modules/ontology/build.gradle.kts'.
[2026-09-27 14:14:07] [build-stdout] [2026-09-27 14:14:07] [autobuild] Resolved plugin [id: 'org.jetbrains.kotlin.jvm', version: '2.2.21']
[2026-09-27 14:14:07] [build-stdout] [2026-09-27 14:14:07] [autobuild] Using Kotlin Gradle Plugin gradle813 variant
[2026-09-27 14:14:07] [build-stdout] [2026-09-27 14:14:07] [autobuild] kotlin scripting plugin: created the scripting discovery configuration: kotlinScriptDef
[2026-09-27 14:14:07] [build-stdout] [2026-09-27 14:14:07] [autobuild] kotlin scripting plugin: created the scripting discovery configuration: testKotlinScriptDef
[2026-09-27 14:14:08] [build-stdout] [2026-09-27 14:14:08] [autobuild] > Configure project :modules:persistence
[2026-09-27 14:14:08] [build-stdout] [2026-09-27 14:14:08] [autobuild] Evaluating project ':modules:persistence' using build file '/Users/macbook/Octo/modules/persistence/build.gradle.kts'.
[2026-09-27 14:14:08] [build-stdout] [2026-09-27 14:14:08] [autobuild] Resolved plugin [id: 'org.jetbrains.kotlin.jvm', version: '2.2.21']
[2026-09-27 14:14:08] [build-stdout] [2026-09-27 14:14:08] [autobuild] Using Kotlin Gradle Plugin gradle813 variant
[2026-09-27 14:14:08] [build-stdout] [2026-09-27 14:14:08] [autobuild] kotlin scripting plugin: created the scripting discovery configuration: kotlinScriptDef
[2026-09-27 14:14:08] [build-stdout] [2026-09-27 14:14:08] [autobuild] kotlin scripting plugin: created the scripting discovery configuration: testKotlinScriptDef
[2026-09-27 14:14:08] [build-stdout] [2026-09-27 14:14:08] [autobuild] > Configure project :modules:recon
[2026-09-27 14:14:08] [build-stdout] [2026-09-27 14:14:08] [autobuild] Evaluating project ':modules:recon' using build file '/Users/macbook/Octo/modules/recon/build.gradle.kts'.
[2026-09-27 14:14:08] [build-stdout] [2026-09-27 14:14:08] [autobuild] Resolved plugin [id: 'org.jetbrains.kotlin.jvm', version: '2.2.21']
[2026-09-27 14:14:08] [build-stdout] [2026-09-27 14:14:08] [autobuild] Using Kotlin Gradle Plugin gradle813 variant
[2026-09-27 14:14:08] [build-stdout] [2026-09-27 14:14:08] [autobuild] kotlin scripting plugin: created the scripting discovery configuration: kotlinScriptDef
[2026-09-27 14:14:08] [build-stdout] [2026-09-27 14:14:08] [autobuild] kotlin scripting plugin: created the scripting discovery configuration: testKotlinScriptDef
[2026-09-27 14:14:08] [build-stdout] [2026-09-27 14:14:08] [autobuild] > Configure project :modules:workflow
[2026-09-27 14:14:08] [build-stdout] [2026-09-27 14:14:08] [autobuild] Evaluating project ':modules:workflow' using build file '/Users/macbook/Octo/modules/workflow/build.gradle.kts'.
[2026-09-27 14:14:08] [build-stdout] [2026-09-27 14:14:08] [autobuild] Resolved plugin [id: 'org.jetbrains.kotlin.jvm', version: '2.2.21']
[2026-09-27 14:14:08] [build-stdout] [2026-09-27 14:14:08] [autobuild] Using Kotlin Gradle Plugin gradle813 variant
[2026-09-27 14:14:08] [build-stdout] [2026-09-27 14:14:08] [autobuild] kotlin scripting plugin: created the scripting discovery configuration: kotlinScriptDef
[2026-09-27 14:14:08] [build-stdout] [2026-09-27 14:14:08] [autobuild] kotlin scripting plugin: created the scripting discovery configuration: testKotlinScriptDef
[2026-09-27 14:14:08] [build-stdout] [2026-09-27 14:14:08] [autobuild] All projects evaluated.
[2026-09-27 14:14:08] [build-stdout] [2026-09-27 14:14:08] [autobuild] Task name matched 'ForceDependencyResolutionPlugin_resolveAllDependencies'
[2026-09-27 14:14:08] [build-stdout] [2026-09-27 14:14:08] [autobuild] Selected primary task 'ForceDependencyResolutionPlugin_resolveAllDependencies' from project :
[2026-09-27 14:14:08] [build-stdout] [2026-09-27 14:14:08] [autobuild] Tasks to be executed: [task ':ForceDependencyResolutionPlugin_resolveProjectDependencies', task ':modules:ForceDependencyResolutionPlugin_resolveProjectDependencies', task ':modules:analytics:ForceDependencyResolutionPlugin_resolveProjectDependencies', task ':modules:api:ForceDependencyResolutionPlugin_resolveProjectDependencies', task ':modules:control-panel:ForceDependencyResolutionPlugin_resolveProjectDependencies', task ':modules:deal-sourcing:ForceDependencyResolutionPlugin_resolveProjectDependencies', task ':modules:ibor-core:ForceDependencyResolutionPlugin_resolveProjectDependencies', task ':modules:ingestion:ForceDependencyResolutionPlugin_resolveProjectDependencies', task ':modules:lookthrough:ForceDependencyResolutionPlugin_resolveProjectDependencies', task ':modules:ontology:ForceDependencyResolutionPlugin_resolveProjectDependencies', task ':modules:persistence:ForceDependencyResolutionPlugin_resolveProjectDependencies', task ':modules:recon:ForceDependencyResolutionPlugin_resolveProjectDependencies', task ':modules:workflow:ForceDependencyResolutionPlugin_resolveProjectDependencies', task ':ForceDependencyResolutionPlugin_resolveAllDependencies']
[2026-09-27 14:14:08] [build-stdout] [2026-09-27 14:14:08] [autobuild] Tasks that were excluded: []
[2026-09-27 14:14:08] [build-stdout] [2026-09-27 14:14:08] [autobuild] Resolve mutations for :ForceDependencyResolutionPlugin_resolveProjectDependencies (Thread[#78,Execution worker Thread 3,5,main]) started.
[2026-09-27 14:14:08] [build-stdout] [2026-09-27 14:14:08] [autobuild] Resolve mutations for :modules:ForceDependencyResolutionPlugin_resolveProjectDependencies (Thread[#76,Execution worker,5,main]) started.
[2026-09-27 14:14:08] [build-stdout] [2026-09-27 14:14:08] [autobuild] Resolve mutations for :modules:ibor-core:ForceDependencyResolutionPlugin_resolveProjectDependencies (Thread[#80,Execution worker Thread 5,5,main]) started.
[2026-09-27 14:14:08] [build-stdout] [2026-09-27 14:14:08] [autobuild] Resolve mutations for :modules:analytics:ForceDependencyResolutionPlugin_resolveProjectDependencies (Thread[#77,Execution worker Thread 2,5,main]) started.
[2026-09-27 14:14:08] [build-stdout] [2026-09-27 14:14:08] [autobuild] Resolve mutations for :modules:api:ForceDependencyResolutionPlugin_resolveProjectDependencies (Thread[#79,Execution worker Thread 4,5,main]) started.
[2026-09-27 14:14:08] [build-stdout] [2026-09-27 14:14:08] [autobuild] Resolve mutations for :modules:control-panel:ForceDependencyResolutionPlugin_resolveProjectDependencies (Thread[#81,Execution worker Thread 6,5,main]) started.
[2026-09-27 14:14:08] [build-stdout] [2026-09-27 14:14:08] [autobuild] Resolve mutations for :modules:deal-sourcing:ForceDependencyResolutionPlugin_resolveProjectDependencies (Thread[#82,Execution worker Thread 7,5,main]) started.
[2026-09-27 14:14:08] [build-stdout] [2026-09-27 14:14:08] [autobuild] Resolve mutations for :modules:ingestion:ForceDependencyResolutionPlugin_resolveProjectDependencies (Thread[#83,Execution worker Thread 8,5,main]) started.
[2026-09-27 14:14:08] [build-stdout] [2026-09-27 14:14:08] [autobuild] Resolve mutations for :modules:lookthrough:ForceDependencyResolutionPlugin_resolveProjectDependencies (Thread[#84,Execution worker Thread 9,5,main]) started.
[2026-09-27 14:14:08] [build-stdout] [2026-09-27 14:14:08] [autobuild] Resolve mutations for :modules:ontology:ForceDependencyResolutionPlugin_resolveProjectDependencies (Thread[#75,included builds,5,main]) started.
[2026-09-27 14:14:08] [build-stdout] [2026-09-27 14:14:08] [autobuild] :modules:ibor-core:ForceDependencyResolutionPlugin_resolveProjectDependencies (Thread[#80,Execution worker Thread 5,5,main]) started.
[2026-09-27 14:14:08] [build-stdout] [2026-09-27 14:14:08] [autobuild] :modules:analytics:ForceDependencyResolutionPlugin_resolveProjectDependencies (Thread[#77,Execution worker Thread 2,5,main]) started.
[2026-09-27 14:14:08] [build-stdout] [2026-09-27 14:14:08] [autobuild] :modules:api:ForceDependencyResolutionPlugin_resolveProjectDependencies (Thread[#79,Execution worker Thread 4,5,main]) started.
[2026-09-27 14:14:08] [build-stdout] [2026-09-27 14:14:08] [autobuild] :ForceDependencyResolutionPlugin_resolveProjectDependencies (Thread[#78,Execution worker Thread 3,5,main]) started.
[2026-09-27 14:14:08] [build-stdout] [2026-09-27 14:14:08] [autobuild] :modules:lookthrough:ForceDependencyResolutionPlugin_resolveProjectDependencies (Thread[#84,Execution worker Thread 9,5,main]) started.
[2026-09-27 14:14:08] [build-stdout] [2026-09-27 14:14:08] [autobuild] :modules:ingestion:ForceDependencyResolutionPlugin_resolveProjectDependencies (Thread[#83,Execution worker Thread 8,5,main]) started.
[2026-09-27 14:14:08] [build-stdout] [2026-09-27 14:14:08] [autobuild] :modules:control-panel:ForceDependencyResolutionPlugin_resolveProjectDependencies (Thread[#81,Execution worker Thread 6,5,main]) started.
[2026-09-27 14:14:08] [build-stdout] [2026-09-27 14:14:08] [autobuild] :modules:deal-sourcing:ForceDependencyResolutionPlugin_resolveProjectDependencies (Thread[#82,Execution worker Thread 7,5,main]) started.
[2026-09-27 14:14:08] [build-stdout] [2026-09-27 14:14:08] [autobuild] :modules:ontology:ForceDependencyResolutionPlugin_resolveProjectDependencies (Thread[#75,included builds,5,main]) started.
[2026-09-27 14:14:08] [build-stdout] [2026-09-27 14:14:08] [autobuild] :modules:ForceDependencyResolutionPlugin_resolveProjectDependencies (Thread[#76,Execution worker,5,main]) started.
[2026-09-27 14:14:08] [build-stdout] [2026-09-27 14:14:08] [autobuild] Including resolved configuration in dependency graph: :modules:lookthrough - apiDependenciesMetadata
[2026-09-27 14:14:08] [build-stdout] [2026-09-27 14:14:08] [autobuild] Including resolved configuration in dependency graph: :modules:control-panel - apiDependenciesMetadata
[2026-09-27 14:14:08] [build-stdout] [2026-09-27 14:14:08] [autobuild] Including resolved configuration in dependency graph: :modules:analytics - apiDependenciesMetadata
[2026-09-27 14:14:08] [build-stdout] [2026-09-27 14:14:08] [autobuild] Including resolved configuration in dependency graph: :modules:ontology - apiDependenciesMetadata
[2026-09-27 14:14:08] [build-stdout] [2026-09-27 14:14:08] [autobuild] Including resolved configuration in dependency graph: :modules:ibor-core - apiDependenciesMetadata
[2026-09-27 14:14:08] [build-stdout] [2026-09-27 14:14:08] [autobuild] Including resolved configuration in dependency graph: :modules:deal-sourcing - apiDependenciesMetadata
[2026-09-27 14:14:08] [build-stdout] [2026-09-27 14:14:08] [autobuild] Including resolved configuration in dependency graph: :modules:ingestion - apiDependenciesMetadata
[2026-09-27 14:14:08] [build-stdout] [2026-09-27 14:14:08] [autobuild] Including resolved configuration in dependency graph: : - detachedConfiguration9
[2026-09-27 14:14:08] [build-stdout] [2026-09-27 14:14:08] [autobuild] Starting process 'command '/usr/libexec/java_home''. Working directory: /Users/macbook/.gradle/daemon/9.4.1 Command: /usr/libexec/java_home -V
[2026-09-27 14:14:08] [build-stdout] [2026-09-27 14:14:08] [autobuild] Successfully started process 'command '/usr/libexec/java_home''
[2026-09-27 14:14:08] [build-stdout] [2026-09-27 14:14:08] [autobuild] > Task :modules:ForceDependencyResolutionPlugin_resolveProjectDependencies
[2026-09-27 14:14:08] [build-stdout] [2026-09-27 14:14:08] [autobuild] Custom actions are attached to task ':modules:ForceDependencyResolutionPlugin_resolveProjectDependencies'.
[2026-09-27 14:14:08] [build-stdout] [2026-09-27 14:14:08] [autobuild] Caching disabled for task ':modules:ForceDependencyResolutionPlugin_resolveProjectDependencies' because:
[2026-09-27 14:14:08] [build-stdout] [2026-09-27 14:14:08] [autobuild]   Not worth caching
[2026-09-27 14:14:08] [build-stdout] [2026-09-27 14:14:08] [autobuild] Task ':modules:ForceDependencyResolutionPlugin_resolveProjectDependencies' is not up-to-date because:
[2026-09-27 14:14:08] [build-stdout] [2026-09-27 14:14:08] [autobuild]   Task has not declared any outputs despite executing actions.
[2026-09-27 14:14:08] [build-stdout] [2026-09-27 14:14:08] [autobuild] > Task :ForceDependencyResolutionPlugin_resolveProjectDependencies
[2026-09-27 14:14:08] [build-stdout] [2026-09-27 14:14:08] [autobuild] Custom actions are attached to task ':ForceDependencyResolutionPlugin_resolveProjectDependencies'.
[2026-09-27 14:14:08] [build-stdout] [2026-09-27 14:14:08] [autobuild] Caching disabled for task ':ForceDependencyResolutionPlugin_resolveProjectDependencies' because:
[2026-09-27 14:14:08] [build-stdout] [2026-09-27 14:14:08] [autobuild]   Not worth caching
[2026-09-27 14:14:08] [build-stdout] [2026-09-27 14:14:08] [autobuild] Task ':ForceDependencyResolutionPlugin_resolveProjectDependencies' is not up-to-date because:
[2026-09-27 14:14:08] [build-stdout] [2026-09-27 14:14:08] [autobuild]   Task has not declared any outputs despite executing actions.
[2026-09-27 14:14:08] [build-stdout] [2026-09-27 14:14:08] [autobuild] Resolve mutations for :modules:persistence:ForceDependencyResolutionPlugin_resolveProjectDependencies (Thread[#76,Execution worker,5,main]) started.
[2026-09-27 14:14:08] [build-stdout] [2026-09-27 14:14:08] [autobuild] Resolve mutations for :modules:recon:ForceDependencyResolutionPlugin_resolveProjectDependencies (Thread[#78,Execution worker Thread 3,5,main]) started.
[2026-09-27 14:14:08] [build-stdout] [2026-09-27 14:14:08] [autobuild] :modules:persistence:ForceDependencyResolutionPlugin_resolveProjectDependencies (Thread[#76,Execution worker,5,main]) started.
[2026-09-27 14:14:08] [build-stdout] [2026-09-27 14:14:08] [autobuild] :modules:recon:ForceDependencyResolutionPlugin_resolveProjectDependencies (Thread[#78,Execution worker Thread 3,5,main]) started.
[2026-09-27 14:14:08] [build-stdout] [2026-09-27 14:14:08] [autobuild] Including resolved configuration in dependency graph: :modules:recon - apiDependenciesMetadata
[2026-09-27 14:14:08] [build-stdout] [2026-09-27 14:14:08] [autobuild] Including resolved configuration in dependency graph: :modules:persistence - apiDependenciesMetadata
[2026-09-27 14:14:08] [build-stdout] [2026-09-27 14:14:08] [autobuild] Including resolved configuration in dependency graph: : - detachedConfiguration10
[2026-09-27 14:14:08] [build-stdout] [2026-09-27 14:14:08] [autobuild] Including resolved configuration in dependency graph: : - detachedConfiguration11
[2026-09-27 14:14:08] [build-stdout] [2026-09-27 14:14:08] [autobuild] Including resolved configuration in dependency graph: : - detachedConfiguration12
[2026-09-27 14:14:08] [build-stdout] [2026-09-27 14:14:08] [autobuild] Including resolved configuration in dependency graph: : - detachedConfiguration13
[2026-09-27 14:14:08] [build-stdout] [2026-09-27 14:14:08] [autobuild] Including resolved configuration in dependency graph: : - detachedConfiguration14
[2026-09-27 14:14:08] [build-stdout] [2026-09-27 14:14:08] [autobuild] Including resolved configuration in dependency graph: : - detachedConfiguration15
[2026-09-27 14:14:08] [build-stdout] [2026-09-27 14:14:08] [autobuild] Including resolved configuration in dependency graph: : - detachedConfiguration16
[2026-09-27 14:14:08] [build-stdout] [2026-09-27 14:14:08] [autobuild] Including resolved configuration in dependency graph: : - detachedConfiguration17
[2026-09-27 14:14:08] [build-stdout] [2026-09-27 14:14:08] [autobuild] Including resolved configuration in dependency graph: : - detachedConfiguration18
[2026-09-27 14:14:08] [build-stdout] [2026-09-27 14:14:08] [autobuild] Including resolved configuration in dependency graph: : - detachedConfiguration19
[2026-09-27 14:14:08] [build-stdout] [2026-09-27 14:14:08] [autobuild] Including resolved configuration in dependency graph: : - detachedConfiguration20
[2026-09-27 14:14:08] [build-stdout] [2026-09-27 14:14:08] [autobuild] Including resolved configuration in dependency graph: : - detachedConfiguration21
[2026-09-27 14:14:08] [build-stdout] [2026-09-27 14:14:08] [autobuild] Including resolved configuration in dependency graph: : - detachedConfiguration22
[2026-09-27 14:14:08] [build-stdout] [2026-09-27 14:14:08] [autobuild] Including resolved configuration in dependency graph: : - detachedConfiguration23
[2026-09-27 14:14:08] [build-stdout] [2026-09-27 14:14:08] [autobuild] Including resolved configuration in dependency graph: : - detachedConfiguration24
[2026-09-27 14:14:08] [build-stdout] [2026-09-27 14:14:08] [autobuild] Including resolved configuration in dependency graph: : - detachedConfiguration25
[2026-09-27 14:14:08] [build-stdout] [2026-09-27 14:14:08] [autobuild] Including resolved configuration in dependency graph: : - detachedConfiguration26
[2026-09-27 14:14:08] [build-stdout] [2026-09-27 14:14:08] [autobuild] Including resolved configuration in dependency graph: : - detachedConfiguration27
[2026-09-27 14:14:08] [build-stdout] [2026-09-27 14:14:08] [autobuild] Including resolved configuration in dependency graph: : - detachedConfiguration28
[2026-09-27 14:14:08] [build-stdout] [2026-09-27 14:14:08] [autobuild] Including resolved configuration in dependency graph: : - detachedConfiguration29
[2026-09-27 14:14:08] [build-stdout] [2026-09-27 14:14:08] [autobuild] Including resolved configuration in dependency graph: : - detachedConfiguration30
[2026-09-27 14:14:08] [build-stdout] [2026-09-27 14:14:08] [autobuild] Including resolved configuration in dependency graph: : - detachedConfiguration31
[2026-09-27 14:14:08] [build-stdout] [2026-09-27 14:14:08] [autobuild] Including resolved configuration in dependency graph: :modules:lookthrough - compileClasspath
[2026-09-27 14:14:08] [build-stdout] [2026-09-27 14:14:08] [autobuild] Including resolved configuration in dependency graph: : - detachedConfiguration32
[2026-09-27 14:14:08] [build-stdout] [2026-09-27 14:14:08] [autobuild] Including resolved configuration in dependency graph: :modules:lookthrough - implementationDependenciesMetadata
[2026-09-27 14:14:08] [build-stdout] [2026-09-27 14:14:08] [autobuild] Including resolved configuration in dependency graph: :modules:persistence - compileClasspath
[2026-09-27 14:14:08] [build-stdout] [2026-09-27 14:14:08] [autobuild] Including resolved configuration in dependency graph: :modules:ibor-core - compileClasspath
[2026-09-27 14:14:08] [build-stdout] [2026-09-27 14:14:08] [autobuild] Including resolved configuration in dependency graph: :modules:persistence - implementationDependenciesMetadata
[2026-09-27 14:14:08] [build-stdout] [2026-09-27 14:14:08] [autobuild] Including resolved configuration in dependency graph: :modules:ibor-core - implementationDependenciesMetadata
[2026-09-27 14:14:08] [build-stdout] [2026-09-27 14:14:08] [autobuild] Including resolved configuration in dependency graph: : - detachedConfiguration33
[2026-09-27 14:14:08] [build-stdout] [2026-09-27 14:14:08] [autobuild] Including resolved configuration in dependency graph: :modules:control-panel - compileClasspath
[2026-09-27 14:14:08] [build-stdout] [2026-09-27 14:14:08] [autobuild] Including resolved configuration in dependency graph: : - detachedConfiguration34
[2026-09-27 14:14:08] [build-stdout] [2026-09-27 14:14:08] [autobuild] Including resolved configuration in dependency graph: :modules:control-panel - implementationDependenciesMetadata
[2026-09-27 14:14:08] [build-stdout] [2026-09-27 14:14:08] [autobuild] Including resolved configuration in dependency graph: :modules:deal-sourcing - compileClasspath
[2026-09-27 14:14:08] [build-stdout] [2026-09-27 14:14:08] [autobuild] Including resolved configuration in dependency graph: :modules:deal-sourcing - implementationDependenciesMetadata
[2026-09-27 14:14:08] [build-stdout] [2026-09-27 14:14:08] [autobuild] Including resolved configuration in dependency graph: :modules:analytics - compileClasspath
[2026-09-27 14:14:08] [build-stdout] [2026-09-27 14:14:08] [autobuild] Including resolved configuration in dependency graph: : - detachedConfiguration35
[2026-09-27 14:14:08] [build-stdout] [2026-09-27 14:14:08] [autobuild] Including resolved configuration in dependency graph: :modules:analytics - implementationDependenciesMetadata
[2026-09-27 14:14:08] [build-stdout] [2026-09-27 14:14:08] [autobuild] Including resolved configuration in dependency graph: :modules:ingestion - compileClasspath
[2026-09-27 14:14:08] [build-stdout] [2026-09-27 14:14:08] [autobuild] Including resolved configuration in dependency graph: : - detachedConfiguration36
[2026-09-27 14:14:08] [build-stdout] [2026-09-27 14:14:08] [autobuild] Including resolved configuration in dependency graph: :modules:recon - compileClasspath
[2026-09-27 14:14:08] [build-stdout] [2026-09-27 14:14:08] [autobuild] Including resolved configuration in dependency graph: :modules:ingestion - implementationDependenciesMetadata
[2026-09-27 14:14:08] [build-stdout] [2026-09-27 14:14:08] [autobuild] Including resolved configuration in dependency graph: :modules:recon - implementationDependenciesMetadata
[2026-09-27 14:14:08] [build-stdout] [2026-09-27 14:14:08] [autobuild] Including resolved configuration in dependency graph: : - detachedConfiguration37
[2026-09-27 14:14:08] [build-stdout] [2026-09-27 14:14:08] [autobuild] Including resolved configuration in dependency graph: :modules:ontology - compileClasspath
[2026-09-27 14:14:08] [build-stdout] [2026-09-27 14:14:08] [autobuild] Including resolved configuration in dependency graph: : - detachedConfiguration38
[2026-09-27 14:14:08] [build-stdout] [2026-09-27 14:14:08] [autobuild] Including resolved configuration in dependency graph: :modules:ontology - implementationDependenciesMetadata
[2026-09-27 14:14:08] [build-stdout] [2026-09-27 14:14:08] [autobuild] Including resolved configuration in dependency graph: : - detachedConfiguration39
[2026-09-27 14:14:08] [build-stdout] [2026-09-27 14:14:08] [autobuild] Including resolved configuration in dependency graph: : - detachedConfiguration40
[2026-09-27 14:14:08] [build-stdout] [2026-09-27 14:14:08] [autobuild] Including resolved configuration in dependency graph: : - detachedConfiguration41
[2026-09-27 14:14:08] [build-stdout] [2026-09-27 14:14:08] [autobuild] Including resolved configuration in dependency graph: : - detachedConfiguration42
[2026-09-27 14:14:08] [build-stdout] [2026-09-27 14:14:08] [autobuild] Including resolved configuration in dependency graph: : - detachedConfiguration43
[2026-09-27 14:14:08] [build-stdout] [2026-09-27 14:14:08] [autobuild] Including resolved configuration in dependency graph: : - detachedConfiguration44
[2026-09-27 14:14:08] [build-stdout] [2026-09-27 14:14:08] [autobuild] Including resolved configuration in dependency graph: : - detachedConfiguration45
[2026-09-27 14:14:08] [build-stdout] [2026-09-27 14:14:08] [autobuild] Including resolved configuration in dependency graph: : - detachedConfiguration46
[2026-09-27 14:14:08] [build-stdout] [2026-09-27 14:14:08] [autobuild] Including resolved configuration in dependency graph: : - detachedConfiguration47
[2026-09-27 14:14:08] [build-stdout] [2026-09-27 14:14:08] [autobuild] Including resolved configuration in dependency graph: : - detachedConfiguration48
[2026-09-27 14:14:08] [build-stdout] [2026-09-27 14:14:08] [autobuild] Including resolved configuration in dependency graph: : - detachedConfiguration49
[2026-09-27 14:14:08] [build-stdout] [2026-09-27 14:14:08] [autobuild] Including resolved configuration in dependency graph: : - detachedConfiguration50
[2026-09-27 14:14:08] [build-stdout] [2026-09-27 14:14:08] [autobuild] Including resolved configuration in dependency graph: : - detachedConfiguration51
[2026-09-27 14:14:08] [build-stdout] [2026-09-27 14:14:08] [autobuild] Including resolved configuration in dependency graph: : - detachedConfiguration52
[2026-09-27 14:14:08] [build-stdout] [2026-09-27 14:14:08] [autobuild] Including resolved configuration in dependency graph: : - detachedConfiguration53
[2026-09-27 14:14:08] [build-stdout] [2026-09-27 14:14:08] [autobuild] Including resolved configuration in dependency graph: : - detachedConfiguration54
[2026-09-27 14:14:08] [build-stdout] [2026-09-27 14:14:08] [autobuild] Including resolved configuration in dependency graph: : - detachedConfiguration55
[2026-09-27 14:14:08] [build-stdout] [2026-09-27 14:14:08] [autobuild] Including resolved configuration in dependency graph: : - detachedConfiguration56
[2026-09-27 14:14:08] [build-stdout] [2026-09-27 14:14:08] [autobuild] Including resolved configuration in dependency graph: : - detachedConfiguration57
[2026-09-27 14:14:08] [build-stdout] [2026-09-27 14:14:08] [autobuild] Including resolved configuration in dependency graph: : - detachedConfiguration58
[2026-09-27 14:14:08] [build-stdout] [2026-09-27 14:14:08] [autobuild] Including resolved configuration in dependency graph: : - detachedConfiguration59
[2026-09-27 14:14:08] [build-stdout] [2026-09-27 14:14:08] [autobuild] Including resolved configuration in dependency graph: : - detachedConfiguration60
[2026-09-27 14:14:08] [build-stdout] [2026-09-27 14:14:08] [autobuild] Including resolved configuration in dependency graph: : - detachedConfiguration61
[2026-09-27 14:14:08] [build-stdout] [2026-09-27 14:14:08] [autobuild] Including resolved configuration in dependency graph: : - detachedConfiguration62
[2026-09-27 14:14:08] [build-stdout] [2026-09-27 14:14:08] [autobuild] Including resolved configuration in dependency graph: : - detachedConfiguration63
[2026-09-27 14:14:08] [build-stdout] [2026-09-27 14:14:08] [autobuild] Including resolved configuration in dependency graph: : - detachedConfiguration64
[2026-09-27 14:14:08] [build-stdout] [2026-09-27 14:14:08] [autobuild] Including resolved configuration in dependency graph: :modules:api - apiDependenciesMetadata
[2026-09-27 14:14:08] [build-stdout] [2026-09-27 14:14:08] [autobuild] Including resolved configuration in dependency graph: : - detachedConfiguration67
[2026-09-27 14:14:08] [build-stdout] [2026-09-27 14:14:08] [autobuild] Including resolved configuration in dependency graph: : - detachedConfiguration68
[2026-09-27 14:14:08] [build-stdout] [2026-09-27 14:14:08] [autobuild] Including resolved configuration in dependency graph: : - detachedConfiguration69
[2026-09-27 14:14:08] [build-stdout] [2026-09-27 14:14:08] [autobuild] Including resolved configuration in dependency graph: : - detachedConfiguration70
[2026-09-27 14:14:08] [build-stdout] [2026-09-27 14:14:08] [autobuild] Including resolved configuration in dependency graph: : - detachedConfiguration71
[2026-09-27 14:14:08] [build-stdout] [2026-09-27 14:14:08] [autobuild] Including resolved configuration in dependency graph: : - detachedConfiguration72
[2026-09-27 14:14:08] [build-stdout] [2026-09-27 14:14:08] [autobuild] Including resolved configuration in dependency graph: : - detachedConfiguration73
[2026-09-27 14:14:08] [build-stdout] [2026-09-27 14:14:08] [autobuild] Including resolved configuration in dependency graph: : - detachedConfiguration74
[2026-09-27 14:14:08] [build-stdout] [2026-09-27 14:14:08] [autobuild] Including resolved configuration in dependency graph: : - detachedConfiguration75
[2026-09-27 14:14:08] [build-stdout] [2026-09-27 14:14:08] [autobuild] Including resolved configuration in dependency graph: : - detachedConfiguration76
[2026-09-27 14:14:08] [build-stdout] [2026-09-27 14:14:08] [autobuild] Including resolved configuration in dependency graph: : - detachedConfiguration77
[2026-09-27 14:14:08] [build-stdout] [2026-09-27 14:14:08] [autobuild] Including resolved configuration in dependency graph: : - detachedConfiguration78
[2026-09-27 14:14:08] [build-stdout] [2026-09-27 14:14:08] [autobuild] Including resolved configuration in dependency graph: : - detachedConfiguration79
[2026-09-27 14:14:08] [build-stdout] [2026-09-27 14:14:08] [autobuild] Including resolved configuration in dependency graph: : - detachedConfiguration80
[2026-09-27 14:14:08] [build-stdout] [2026-09-27 14:14:08] [autobuild] Including resolved configuration in dependency graph: : - detachedConfiguration81
[2026-09-27 14:14:08] [build-stdout] [2026-09-27 14:14:08] [autobuild] Including resolved configuration in dependency graph: : - detachedConfiguration82
[2026-09-27 14:14:08] [build-stdout] [2026-09-27 14:14:08] [autobuild] Including resolved configuration in dependency graph: : - detachedConfiguration83
[2026-09-27 14:14:08] [build-stdout] [2026-09-27 14:14:08] [autobuild] Including resolved configuration in dependency graph: : - detachedConfiguration84
[2026-09-27 14:14:08] [build-stdout] [2026-09-27 14:14:08] [autobuild] Including resolved configuration in dependency graph: : - detachedConfiguration85
[2026-09-27 14:14:08] [build-stdout] [2026-09-27 14:14:08] [autobuild] Including resolved configuration in dependency graph: : - detachedConfiguration86
[2026-09-27 14:14:08] [build-stdout] [2026-09-27 14:14:08] [autobuild] Including resolved configuration in dependency graph: : - detachedConfiguration87
[2026-09-27 14:14:08] [build-stdout] [2026-09-27 14:14:08] [autobuild] Including resolved configuration in dependency graph: : - detachedConfiguration88
[2026-09-27 14:14:08] [build-stdout] [2026-09-27 14:14:08] [autobuild] Including resolved configuration in dependency graph: : - detachedConfiguration89
[2026-09-27 14:14:08] [build-stdout] [2026-09-27 14:14:08] [autobuild] Including resolved configuration in dependency graph: : - detachedConfiguration90
[2026-09-27 14:14:08] [build-stdout] [2026-09-27 14:14:08] [autobuild] Including resolved configuration in dependency graph: : - detachedConfiguration91
[2026-09-27 14:14:08] [build-stdout] [2026-09-27 14:14:08] [autobuild] Including resolved configuration in dependency graph: : - detachedConfiguration92
[2026-09-27 14:14:08] [build-stdout] [2026-09-27 14:14:08] [autobuild] Including resolved configuration in dependency graph: :modules:api - compileClasspath
[2026-09-27 14:14:08] [build-stdout] [2026-09-27 14:14:08] [autobuild] Including resolved configuration in dependency graph: : - detachedConfiguration97
[2026-09-27 14:14:08] [build-stdout] [2026-09-27 14:14:08] [autobuild] Including resolved configuration in dependency graph: :modules:api - implementationDependenciesMetadata
[2026-09-27 14:14:09] [build-stdout] [2026-09-27 14:14:09] [autobuild] Including resolved configuration in dependency graph: :modules:lookthrough - kotlinBouncyCastleConfiguration
[2026-09-27 14:14:09] [build-stdout] [2026-09-27 14:14:09] [autobuild] Including resolved configuration in dependency graph: :modules:ingestion - kotlinBouncyCastleConfiguration
[2026-09-27 14:14:09] [build-stdout] [2026-09-27 14:14:09] [autobuild] Including resolved configuration in dependency graph: :modules:ibor-core - kotlinBouncyCastleConfiguration
[2026-09-27 14:14:09] [build-stdout] [2026-09-27 14:14:09] [autobuild] Including resolved configuration in dependency graph: :modules:control-panel - kotlinBouncyCastleConfiguration
[2026-09-27 14:14:09] [build-stdout] [2026-09-27 14:14:09] [autobuild] Including resolved configuration in dependency graph: :modules:persistence - kotlinBouncyCastleConfiguration
[2026-09-27 14:14:09] [build-stdout] [2026-09-27 14:14:09] [autobuild] Including resolved configuration in dependency graph: : - detachedConfiguration101
[2026-09-27 14:14:09] [build-stdout] [2026-09-27 14:14:09] [autobuild] Including resolved configuration in dependency graph: :modules:ontology - kotlinBouncyCastleConfiguration
[2026-09-27 14:14:09] [build-stdout] [2026-09-27 14:14:09] [autobuild] Including resolved configuration in dependency graph: :modules:deal-sourcing - kotlinBouncyCastleConfiguration
[2026-09-27 14:14:09] [build-stdout] [2026-09-27 14:14:09] [autobuild] Including resolved configuration in dependency graph: :modules:recon - kotlinBouncyCastleConfiguration
[2026-09-27 14:14:09] [build-stdout] [2026-09-27 14:14:09] [autobuild] Including resolved configuration in dependency graph: :modules:analytics - kotlinBouncyCastleConfiguration
[2026-09-27 14:14:09] [build-stdout] [2026-09-27 14:14:09] [autobuild] Including resolved configuration in dependency graph: : - detachedConfiguration102
[2026-09-27 14:14:09] [build-stdout] [2026-09-27 14:14:09] [autobuild] Including resolved configuration in dependency graph: :modules:analytics - kotlinBuildToolsApiClasspath
[2026-09-27 14:14:09] [build-stdout] [2026-09-27 14:14:09] [autobuild] Including resolved configuration in dependency graph: :modules:deal-sourcing - kotlinBuildToolsApiClasspath
[2026-09-27 14:14:09] [build-stdout] [2026-09-27 14:14:09] [autobuild] Including resolved configuration in dependency graph: :modules:control-panel - kotlinBuildToolsApiClasspath
[2026-09-27 14:14:09] [build-stdout] [2026-09-27 14:14:09] [autobuild] Including resolved configuration in dependency graph: :modules:ibor-core - kotlinBuildToolsApiClasspath
[2026-09-27 14:14:09] [build-stdout] [2026-09-27 14:14:09] [autobuild] Including resolved configuration in dependency graph: :modules:ontology - kotlinBuildToolsApiClasspath
[2026-09-27 14:14:09] [build-stdout] [2026-09-27 14:14:09] [autobuild] Including resolved configuration in dependency graph: :modules:ingestion - kotlinBuildToolsApiClasspath
[2026-09-27 14:14:09] [build-stdout] [2026-09-27 14:14:09] [autobuild] Including resolved configuration in dependency graph: :modules:lookthrough - kotlinBuildToolsApiClasspath
[2026-09-27 14:14:09] [build-stdout] [2026-09-27 14:14:09] [autobuild] Including resolved configuration in dependency graph: :modules:analytics - kotlinCompilerClasspath
[2026-09-27 14:14:09] [build-stdout] [2026-09-27 14:14:09] [autobuild] Including resolved configuration in dependency graph: :modules:deal-sourcing - kotlinCompilerClasspath
[2026-09-27 14:14:09] [build-stdout] [2026-09-27 14:14:09] [autobuild] Including resolved configuration in dependency graph: :modules:ontology - kotlinCompilerClasspath
[2026-09-27 14:14:09] [build-stdout] [2026-09-27 14:14:09] [autobuild] Including resolved configuration in dependency graph: :modules:ingestion - kotlinCompilerClasspath
[2026-09-27 14:14:09] [build-stdout] [2026-09-27 14:14:09] [autobuild] Including resolved configuration in dependency graph: :modules:lookthrough - kotlinCompilerClasspath
[2026-09-27 14:14:09] [build-stdout] [2026-09-27 14:14:09] [autobuild] Including resolved configuration in dependency graph: :modules:ibor-core - kotlinCompilerClasspath
[2026-09-27 14:14:09] [build-stdout] [2026-09-27 14:14:09] [autobuild] Including resolved configuration in dependency graph: :modules:recon - kotlinBuildToolsApiClasspath
[2026-09-27 14:14:09] [build-stdout] [2026-09-27 14:14:09] [autobuild] Including resolved configuration in dependency graph: :modules:control-panel - kotlinCompilerClasspath
[2026-09-27 14:14:09] [build-stdout] [2026-09-27 14:14:09] [autobuild] Including resolved configuration in dependency graph: :modules:persistence - kotlinBuildToolsApiClasspath
[2026-09-27 14:14:09] [build-stdout] [2026-09-27 14:14:09] [autobuild] Including resolved configuration in dependency graph: :modules:deal-sourcing - kotlinCompilerPluginClasspathMain
[2026-09-27 14:14:09] [build-stdout] [2026-09-27 14:14:09] [autobuild] Including resolved configuration in dependency graph: :modules:analytics - kotlinCompilerPluginClasspathMain
[2026-09-27 14:14:09] [build-stdout] [2026-09-27 14:14:09] [autobuild] Including resolved configuration in dependency graph: :modules:lookthrough - kotlinCompilerPluginClasspathMain
[2026-09-27 14:14:09] [build-stdout] [2026-09-27 14:14:09] [autobuild] Including resolved configuration in dependency graph: :modules:recon - kotlinCompilerClasspath
[2026-09-27 14:14:09] [build-stdout] [2026-09-27 14:14:09] [autobuild] Including resolved configuration in dependency graph: :modules:ontology - kotlinCompilerPluginClasspathMain
[2026-09-27 14:14:09] [build-stdout] [2026-09-27 14:14:09] [autobuild] Including resolved configuration in dependency graph: :modules:ingestion - kotlinCompilerPluginClasspathMain
[2026-09-27 14:14:09] [build-stdout] [2026-09-27 14:14:09] [autobuild] Including resolved configuration in dependency graph: :modules:deal-sourcing - kotlinCompilerPluginClasspathTest
[2026-09-27 14:14:09] [build-stdout] [2026-09-27 14:14:09] [autobuild] Including resolved configuration in dependency graph: :modules:persistence - kotlinCompilerClasspath
[2026-09-27 14:14:09] [build-stdout] [2026-09-27 14:14:09] [autobuild] Including resolved configuration in dependency graph: :modules:ibor-core - kotlinCompilerPluginClasspathMain
[2026-09-27 14:14:09] [build-stdout] [2026-09-27 14:14:09] [autobuild] Including resolved configuration in dependency graph: :modules:lookthrough - kotlinCompilerPluginClasspathTest
[2026-09-27 14:14:09] [build-stdout] [2026-09-27 14:14:09] [autobuild] Including resolved configuration in dependency graph: :modules:recon - kotlinCompilerPluginClasspathMain
[2026-09-27 14:14:09] [build-stdout] [2026-09-27 14:14:09] [autobuild] Including resolved configuration in dependency graph: :modules:analytics - kotlinCompilerPluginClasspathTest
[2026-09-27 14:14:09] [build-stdout] [2026-09-27 14:14:09] [autobuild] Including resolved configuration in dependency graph: :modules:ontology - kotlinCompilerPluginClasspathTest
[2026-09-27 14:14:09] [build-stdout] [2026-09-27 14:14:09] [autobuild] Including resolved configuration in dependency graph: :modules:control-panel - kotlinCompilerPluginClasspathMain
[2026-09-27 14:14:09] [build-stdout] [2026-09-27 14:14:09] [autobuild] Including resolved configuration in dependency graph: :modules:ibor-core - kotlinCompilerPluginClasspathTest
[2026-09-27 14:14:09] [build-stdout] [2026-09-27 14:14:09] [autobuild] Including resolved configuration in dependency graph: :modules:recon - kotlinCompilerPluginClasspathTest
[2026-09-27 14:14:09] [build-stdout] [2026-09-27 14:14:09] [autobuild] Including resolved configuration in dependency graph: :modules:persistence - kotlinCompilerPluginClasspathMain
[2026-09-27 14:14:09] [build-stdout] [2026-09-27 14:14:09] [autobuild] Including resolved configuration in dependency graph: :modules:ingestion - kotlinCompilerPluginClasspathTest
[2026-09-27 14:14:09] [build-stdout] [2026-09-27 14:14:09] [autobuild] Including resolved configuration in dependency graph: :modules:control-panel - kotlinCompilerPluginClasspathTest
[2026-09-27 14:14:09] [build-stdout] [2026-09-27 14:14:09] [autobuild] Including resolved configuration in dependency graph: :modules:persistence - kotlinCompilerPluginClasspathTest
[2026-09-27 14:14:09] [build-stdout] [2026-09-27 14:14:09] [autobuild] Including resolved configuration in dependency graph: :modules:api - kotlinBouncyCastleConfiguration
[2026-09-27 14:14:09] [build-stdout] [2026-09-27 14:14:09] [autobuild] Including resolved configuration in dependency graph: : - detachedConfiguration103
[2026-09-27 14:14:09] [build-stdout] [2026-09-27 14:14:09] [autobuild] Including resolved configuration in dependency graph: : - detachedConfiguration104
[2026-09-27 14:14:09] [build-stdout] [2026-09-27 14:14:09] [autobuild] Including resolved configuration in dependency graph: :modules:api - kotlinBuildToolsApiClasspath
[2026-09-27 14:14:09] [build-stdout] [2026-09-27 14:14:09] [autobuild] Including resolved configuration in dependency graph: : - detachedConfiguration105
[2026-09-27 14:14:09] [build-stdout] [2026-09-27 14:14:09] [autobuild] Including resolved configuration in dependency graph: :modules:api - kotlinCompilerClasspath
[2026-09-27 14:14:09] [build-stdout] [2026-09-27 14:14:09] [autobuild] Including resolved configuration in dependency graph: : - detachedConfiguration109
[2026-09-27 14:14:09] [build-stdout] [2026-09-27 14:14:09] [autobuild] Including resolved configuration in dependency graph: : - detachedConfiguration110
[2026-09-27 14:14:09] [build-stdout] [2026-09-27 14:14:09] [autobuild] Including resolved configuration in dependency graph: :modules:api - kotlinCompilerPluginClasspathMain
[2026-09-27 14:14:09] [build-stdout] [2026-09-27 14:14:09] [autobuild] Including resolved configuration in dependency graph: : - detachedConfiguration111
[2026-09-27 14:14:09] [build-stdout] [2026-09-27 14:14:09] [autobuild] Including resolved configuration in dependency graph: :modules:api - kotlinCompilerPluginClasspathTest
[2026-09-27 14:14:09] [build-stdout] [2026-09-27 14:14:09] [autobuild] Including resolved configuration in dependency graph: :modules:persistence - kotlinInternalAbiValidation
[2026-09-27 14:14:09] [build-stdout] [2026-09-27 14:14:09] [autobuild] Including resolved configuration in dependency graph: :modules:ingestion - kotlinInternalAbiValidation
[2026-09-27 14:14:09] [build-stdout] [2026-09-27 14:14:09] [autobuild] Including resolved configuration in dependency graph: :modules:recon - kotlinInternalAbiValidation
[2026-09-27 14:14:09] [build-stdout] [2026-09-27 14:14:09] [autobuild] Including resolved configuration in dependency graph: :modules:lookthrough - kotlinInternalAbiValidation
[2026-09-27 14:14:09] [build-stdout] [2026-09-27 14:14:09] [autobuild] Including resolved configuration in dependency graph: :modules:ibor-core - kotlinInternalAbiValidation
[2026-09-27 14:14:09] [build-stdout] [2026-09-27 14:14:09] [autobuild] Including resolved configuration in dependency graph: :modules:analytics - kotlinInternalAbiValidation
[2026-09-27 14:14:09] [build-stdout] [2026-09-27 14:14:09] [autobuild] Including resolved configuration in dependency graph: :modules:control-panel - kotlinInternalAbiValidation
[2026-09-27 14:14:09] [build-stdout] [2026-09-27 14:14:09] [autobuild] Including resolved configuration in dependency graph: :modules:deal-sourcing - kotlinInternalAbiValidation
[2026-09-27 14:14:09] [build-stdout] [2026-09-27 14:14:09] [autobuild] Including resolved configuration in dependency graph: : - detachedConfiguration113
[2026-09-27 14:14:09] [build-stdout] [2026-09-27 14:14:09] [autobuild] Including resolved configuration in dependency graph: :modules:ontology - kotlinInternalAbiValidation
[2026-09-27 14:14:09] [build-stdout] [2026-09-27 14:14:09] [autobuild] Including resolved configuration in dependency graph: : - detachedConfiguration114
[2026-09-27 14:14:09] [build-stdout] [2026-09-27 14:14:09] [autobuild] Including resolved configuration in dependency graph: : - detachedConfiguration115
[2026-09-27 14:14:09] [build-stdout] [2026-09-27 14:14:09] [autobuild] Including resolved configuration in dependency graph: :modules:api - kotlinInternalAbiValidation
[2026-09-27 14:14:09] [build-stdout] [2026-09-27 14:14:09] [autobuild] Including resolved configuration in dependency graph: :modules:ibor-core - kotlinKlibCommonizerClasspath
[2026-09-27 14:14:09] [build-stdout] [2026-09-27 14:14:09] [autobuild] Including resolved configuration in dependency graph: :modules:ontology - kotlinKlibCommonizerClasspath
[2026-09-27 14:14:09] [build-stdout] [2026-09-27 14:14:09] [autobuild] Including resolved configuration in dependency graph: :modules:persistence - kotlinKlibCommonizerClasspath
[2026-09-27 14:14:09] [build-stdout] [2026-09-27 14:14:09] [autobuild] Including resolved configuration in dependency graph: :modules:control-panel - kotlinKlibCommonizerClasspath
[2026-09-27 14:14:09] [build-stdout] [2026-09-27 14:14:09] [autobuild] Including resolved configuration in dependency graph: :modules:lookthrough - kotlinKlibCommonizerClasspath
[2026-09-27 14:14:09] [build-stdout] [2026-09-27 14:14:09] [autobuild] Including resolved configuration in dependency graph: :modules:deal-sourcing - kotlinKlibCommonizerClasspath
[2026-09-27 14:14:09] [build-stdout] [2026-09-27 14:14:09] [autobuild] Including resolved configuration in dependency graph: :modules:persistence - koverExternalArtifacts
[2026-09-27 14:14:09] [build-stdout] [2026-09-27 14:14:09] [autobuild] Including resolved configuration in dependency graph: :modules:analytics - kotlinKlibCommonizerClasspath
[2026-09-27 14:14:09] [build-stdout] [2026-09-27 14:14:09] [autobuild] Including resolved configuration in dependency graph: :modules:control-panel - koverExternalArtifacts
[2026-09-27 14:14:09] [build-stdout] [2026-09-27 14:14:09] [autobuild] Including resolved configuration in dependency graph: :modules:ingestion - kotlinKlibCommonizerClasspath
[2026-09-27 14:14:09] [build-stdout] [2026-09-27 14:14:09] [autobuild] Including resolved configuration in dependency graph: :modules:lookthrough - koverExternalArtifacts
[2026-09-27 14:14:09] [build-stdout] [2026-09-27 14:14:09] [autobuild] Including resolved configuration in dependency graph: :modules:deal-sourcing - koverExternalArtifacts
[2026-09-27 14:14:09] [build-stdout] [2026-09-27 14:14:09] [autobuild] Including resolved configuration in dependency graph: :modules:control-panel - koverExternalArtifactsJvm
[2026-09-27 14:14:09] [build-stdout] [2026-09-27 14:14:09] [autobuild] Including resolved configuration in dependency graph: :modules:lookthrough - koverExternalArtifactsJvm
[2026-09-27 14:14:09] [build-stdout] [2026-09-27 14:14:09] [autobuild] Including resolved configuration in dependency graph: :modules:deal-sourcing - koverExternalArtifactsJvm
[2026-09-27 14:14:09] [build-stdout] [2026-09-27 14:14:09] [autobuild] Including resolved configuration in dependency graph: :modules:persistence - koverExternalArtifactsJvm
[2026-09-27 14:14:09] [build-stdout] [2026-09-27 14:14:09] [autobuild] Including resolved configuration in dependency graph: :modules:ontology - koverExternalArtifacts
[2026-09-27 14:14:09] [build-stdout] [2026-09-27 14:14:09] [autobuild] Including resolved configuration in dependency graph: :modules:ingestion - koverExternalArtifacts
[2026-09-27 14:14:09] [build-stdout] [2026-09-27 14:14:09] [autobuild] Including resolved configuration in dependency graph: :modules:ibor-core - koverExternalArtifacts
[2026-09-27 14:14:09] [build-stdout] [2026-09-27 14:14:09] [autobuild] Including resolved configuration in dependency graph: :modules:analytics - koverExternalArtifacts
[2026-09-27 14:14:09] [build-stdout] [2026-09-27 14:14:09] [autobuild] Including resolved configuration in dependency graph: :modules:ontology - koverExternalArtifactsJvm
[2026-09-27 14:14:09] [build-stdout] [2026-09-27 14:14:09] [autobuild] Including resolved configuration in dependency graph: :modules:recon - kotlinKlibCommonizerClasspath
[2026-09-27 14:14:09] [build-stdout] [2026-09-27 14:14:09] [autobuild] Including resolved configuration in dependency graph: :modules:ingestion - koverExternalArtifactsJvm
[2026-09-27 14:14:09] [build-stdout] [2026-09-27 14:14:09] [autobuild] Including resolved configuration in dependency graph: :modules:analytics - koverExternalArtifactsJvm
[2026-09-27 14:14:09] [build-stdout] [2026-09-27 14:14:09] [autobuild] Including resolved configuration in dependency graph: :modules:ibor-core - koverExternalArtifactsJvm
[2026-09-27 14:14:09] [build-stdout] [2026-09-27 14:14:09] [autobuild] Including resolved configuration in dependency graph: : - detachedConfiguration116
[2026-09-27 14:14:09] [build-stdout] [2026-09-27 14:14:09] [autobuild] Including resolved configuration in dependency graph: :modules:recon - koverExternalArtifacts
[2026-09-27 14:14:09] [build-stdout] [2026-09-27 14:14:09] [autobuild] Including resolved configuration in dependency graph: : - detachedConfiguration117
[2026-09-27 14:14:09] [build-stdout] [2026-09-27 14:14:09] [autobuild] Including resolved configuration in dependency graph: :modules:recon - koverExternalArtifactsJvm
[2026-09-27 14:14:09] [build-stdout] [2026-09-27 14:14:09] [autobuild] Including resolved configuration in dependency graph: :modules:api - kotlinKlibCommonizerClasspath
[2026-09-27 14:14:09] [build-stdout] [2026-09-27 14:14:09] [autobuild] Including resolved configuration in dependency graph: :modules:control-panel - koverJvmAgent
[2026-09-27 14:14:09] [build-stdout] [2026-09-27 14:14:09] [autobuild] Including resolved configuration in dependency graph: :modules:recon - koverJvmAgent
[2026-09-27 14:14:09] [build-stdout] [2026-09-27 14:14:09] [autobuild] Including resolved configuration in dependency graph: :modules:ontology - koverJvmAgent
[2026-09-27 14:14:09] [build-stdout] [2026-09-27 14:14:09] [autobuild] Including resolved configuration in dependency graph: :modules:analytics - koverJvmAgent
[2026-09-27 14:14:09] [build-stdout] [2026-09-27 14:14:09] [autobuild] Including resolved configuration in dependency graph: :modules:lookthrough - koverJvmAgent
[2026-09-27 14:14:09] [build-stdout] [2026-09-27 14:14:09] [autobuild] Including resolved configuration in dependency graph: :modules:ingestion - koverJvmAgent
[2026-09-27 14:14:09] [build-stdout] [2026-09-27 14:14:09] [autobuild] Including resolved configuration in dependency graph: :modules:persistence - koverJvmAgent
[2026-09-27 14:14:09] [build-stdout] [2026-09-27 14:14:09] [autobuild] Including resolved configuration in dependency graph: :modules:control-panel - koverJvmReporter
[2026-09-27 14:14:09] [build-stdout] [2026-09-27 14:14:09] [autobuild] Including resolved configuration in dependency graph: :modules:ontology - koverJvmReporter
[2026-09-27 14:14:09] [build-stdout] [2026-09-27 14:14:09] [autobuild] Including resolved configuration in dependency graph: :modules:deal-sourcing - koverJvmAgent
[2026-09-27 14:14:09] [build-stdout] [2026-09-27 14:14:09] [autobuild] Including resolved configuration in dependency graph: :modules:ingestion - koverJvmReporter
[2026-09-27 14:14:09] [build-stdout] [2026-09-27 14:14:09] [autobuild] Including resolved configuration in dependency graph: :modules:persistence - koverJvmReporter
[2026-09-27 14:14:09] [build-stdout] [2026-09-27 14:14:09] [autobuild] Including resolved configuration in dependency graph: :modules:analytics - koverJvmReporter
[2026-09-27 14:14:09] [build-stdout] [2026-09-27 14:14:09] [autobuild] Including resolved configuration in dependency graph: :modules:recon - koverJvmReporter
[2026-09-27 14:14:09] [build-stdout] [2026-09-27 14:14:09] [autobuild] Including resolved configuration in dependency graph: :modules:ibor-core - koverJvmAgent
[2026-09-27 14:14:09] [build-stdout] [2026-09-27 14:14:09] [autobuild] Including resolved configuration in dependency graph: :modules:lookthrough - koverJvmReporter
[2026-09-27 14:14:09] [build-stdout] [2026-09-27 14:14:09] [autobuild] Including resolved configuration in dependency graph: :modules:deal-sourcing - koverJvmReporter
[2026-09-27 14:14:09] [build-stdout] [2026-09-27 14:14:09] [autobuild] Including resolved configuration in dependency graph: :modules:ibor-core - koverJvmReporter
[2026-09-27 14:14:09] [build-stdout] [2026-09-27 14:14:09] [autobuild] Including resolved configuration in dependency graph: : - detachedConfiguration120
[2026-09-27 14:14:09] [build-stdout] [2026-09-27 14:14:09] [autobuild] Including resolved configuration in dependency graph: :modules:analytics - ktlint
[2026-09-27 14:14:09] [build-stdout] [2026-09-27 14:14:09] [autobuild] Including resolved configuration in dependency graph: :modules:recon - ktlint
[2026-09-27 14:14:09] [build-stdout] [2026-09-27 14:14:09] [autobuild] Including resolved configuration in dependency graph: :modules:deal-sourcing - ktlint
[2026-09-27 14:14:09] [build-stdout] [2026-09-27 14:14:09] [autobuild] Including resolved configuration in dependency graph: :modules:ingestion - ktlint
[2026-09-27 14:14:09] [build-stdout] [2026-09-27 14:14:09] [autobuild] Including resolved configuration in dependency graph: : - detachedConfiguration123
[2026-09-27 14:14:09] [build-stdout] [2026-09-27 14:14:09] [autobuild] Including resolved configuration in dependency graph: :modules:ibor-core - ktlint
[2026-09-27 14:14:09] [build-stdout] [2026-09-27 14:14:09] [autobuild] Including resolved configuration in dependency graph: :modules:persistence - ktlint
[2026-09-27 14:14:09] [build-stdout] [2026-09-27 14:14:09] [autobuild] Including resolved configuration in dependency graph: :modules:ontology - ktlint
[2026-09-27 14:14:09] [build-stdout] [2026-09-27 14:14:09] [autobuild] Including resolved configuration in dependency graph: :modules:control-panel - ktlint
[2026-09-27 14:14:09] [build-stdout] [2026-09-27 14:14:09] [autobuild] Including resolved configuration in dependency graph: :modules:control-panel - ktlintBaselineReporter
[2026-09-27 14:14:09] [build-stdout] [2026-09-27 14:14:09] [autobuild] Including resolved configuration in dependency graph: :modules:persistence - ktlintBaselineReporter
[2026-09-27 14:14:09] [build-stdout] [2026-09-27 14:14:09] [autobuild] Including resolved configuration in dependency graph: :modules:ontology - ktlintBaselineReporter
[2026-09-27 14:14:09] [build-stdout] [2026-09-27 14:14:09] [autobuild] Including resolved configuration in dependency graph: :modules:lookthrough - ktlint
[2026-09-27 14:14:09] [build-stdout] [2026-09-27 14:14:09] [autobuild] Including resolved configuration in dependency graph: :modules:recon - ktlintBaselineReporter
[2026-09-27 14:14:09] [build-stdout] [2026-09-27 14:14:09] [autobuild] Including resolved configuration in dependency graph: :modules:deal-sourcing - ktlintBaselineReporter
[2026-09-27 14:14:09] [build-stdout] [2026-09-27 14:14:09] [autobuild] Including resolved configuration in dependency graph: :modules:analytics - ktlintBaselineReporter
[2026-09-27 14:14:09] [build-stdout] [2026-09-27 14:14:09] [autobuild] Including resolved configuration in dependency graph: :modules:ingestion - ktlintBaselineReporter
[2026-09-27 14:14:09] [build-stdout] [2026-09-27 14:14:09] [autobuild] Including resolved configuration in dependency graph: : - detachedConfiguration124
[2026-09-27 14:14:09] [build-stdout] [2026-09-27 14:14:09] [autobuild] Including resolved configuration in dependency graph: :modules:ibor-core - ktlintBaselineReporter
[2026-09-27 14:14:09] [build-stdout] [2026-09-27 14:14:09] [autobuild] Including resolved configuration in dependency graph: :modules:lookthrough - ktlintBaselineReporter
[2026-09-27 14:14:09] [build-stdout] [2026-09-27 14:14:09] [autobuild] Including resolved configuration in dependency graph: : - detachedConfiguration125
[2026-09-27 14:14:09] [build-stdout] [2026-09-27 14:14:09] [autobuild] Including resolved configuration in dependency graph: :modules:recon - ktlintReporter
[2026-09-27 14:14:09] [build-stdout] [2026-09-27 14:14:09] [autobuild] Including resolved configuration in dependency graph: :modules:lookthrough - ktlintReporter
[2026-09-27 14:14:09] [build-stdout] [2026-09-27 14:14:09] [autobuild] Including resolved configuration in dependency graph: :modules:ingestion - ktlintReporter
[2026-09-27 14:14:09] [build-stdout] [2026-09-27 14:14:09] [autobuild] Including resolved configuration in dependency graph: :modules:analytics - ktlintReporter
[2026-09-27 14:14:09] [build-stdout] [2026-09-27 14:14:09] [autobuild] Including resolved configuration in dependency graph: :modules:ibor-core - ktlintReporter
[2026-09-27 14:14:09] [build-stdout] [2026-09-27 14:14:09] [autobuild] Including resolved configuration in dependency graph: :modules:deal-sourcing - ktlintReporter
[2026-09-27 14:14:09] [build-stdout] [2026-09-27 14:14:09] [autobuild] Including resolved configuration in dependency graph: :modules:ingestion - ktlintRuleset
[2026-09-27 14:14:09] [build-stdout] [2026-09-27 14:14:09] [autobuild] Including resolved configuration in dependency graph: :modules:lookthrough - ktlintRuleset
[2026-09-27 14:14:09] [build-stdout] [2026-09-27 14:14:09] [autobuild] Including resolved configuration in dependency graph: :modules:recon - ktlintRuleset
[2026-09-27 14:14:09] [build-stdout] [2026-09-27 14:14:09] [autobuild] Including resolved configuration in dependency graph: :modules:ibor-core - ktlintRuleset
[2026-09-27 14:14:09] [build-stdout] [2026-09-27 14:14:09] [autobuild] Including resolved configuration in dependency graph: :modules:deal-sourcing - ktlintRuleset
[2026-09-27 14:14:09] [build-stdout] [2026-09-27 14:14:09] [autobuild] Including resolved configuration in dependency graph: :modules:ontology - ktlintReporter
[2026-09-27 14:14:09] [build-stdout] [2026-09-27 14:14:09] [autobuild] Including resolved configuration in dependency graph: :modules:ibor-core - runtimeClasspath
[2026-09-27 14:14:09] [build-stdout] [2026-09-27 14:14:09] [autobuild] Including resolved configuration in dependency graph: :modules:control-panel - ktlintReporter
[2026-09-27 14:14:09] [build-stdout] [2026-09-27 14:14:09] [autobuild] Including resolved configuration in dependency graph: :modules:deal-sourcing - runtimeClasspath
[2026-09-27 14:14:09] [build-stdout] [2026-09-27 14:14:09] [autobuild] Including resolved configuration in dependency graph: :modules:analytics - ktlintRuleset
[2026-09-27 14:14:09] [build-stdout] [2026-09-27 14:14:09] [autobuild] Including resolved configuration in dependency graph: :modules:ingestion - runtimeClasspath
[2026-09-27 14:14:09] [build-stdout] [2026-09-27 14:14:09] [autobuild] Including resolved configuration in dependency graph: : - detachedConfiguration126
[2026-09-27 14:14:09] [build-stdout] [2026-09-27 14:14:09] [autobuild] Including resolved configuration in dependency graph: :modules:ontology - ktlintRuleset
[2026-09-27 14:14:09] [build-stdout] [2026-09-27 14:14:09] [autobuild] Including resolved configuration in dependency graph: :modules:lookthrough - runtimeClasspath
[2026-09-27 14:14:09] [build-stdout] [2026-09-27 14:14:09] [autobuild] Including resolved configuration in dependency graph: :modules:recon - runtimeClasspath
[2026-09-27 14:14:09] [build-stdout] [2026-09-27 14:14:09] [autobuild] Including resolved configuration in dependency graph: :modules:persistence - ktlintReporter
[2026-09-27 14:14:09] [build-stdout] [2026-09-27 14:14:09] [autobuild] Including resolved configuration in dependency graph: :modules:analytics - runtimeClasspath
[2026-09-27 14:14:09] [build-stdout] [2026-09-27 14:14:09] [autobuild] Including resolved configuration in dependency graph: :modules:control-panel - ktlintRuleset
[2026-09-27 14:14:09] [build-stdout] [2026-09-27 14:14:09] [autobuild] Including resolved configuration in dependency graph: :modules:control-panel - runtimeClasspath
[2026-09-27 14:14:09] [build-stdout] [2026-09-27 14:14:09] [autobuild] Including resolved configuration in dependency graph: :modules:persistence - ktlintRuleset
[2026-09-27 14:14:09] [build-stdout] [2026-09-27 14:14:09] [autobuild] Including resolved configuration in dependency graph: :modules:ontology - runtimeClasspath
[2026-09-27 14:14:09] [build-stdout] [2026-09-27 14:14:09] [autobuild] Including resolved configuration in dependency graph: :modules:persistence - runtimeClasspath
[2026-09-27 14:14:09] [build-stdout] [2026-09-27 14:14:09] [autobuild] Including resolved configuration in dependency graph: : - detachedConfiguration127
[2026-09-27 14:14:09] [build-stdout] [2026-09-27 14:14:09] [autobuild] Including resolved configuration in dependency graph: : - detachedConfiguration128
[2026-09-27 14:14:09] [build-stdout] [2026-09-27 14:14:09] [autobuild] Including resolved configuration in dependency graph: : - detachedConfiguration129
[2026-09-27 14:14:09] [build-stdout] [2026-09-27 14:14:09] [autobuild] Including resolved configuration in dependency graph: : - detachedConfiguration130
[2026-09-27 14:14:09] [build-stdout] [2026-09-27 14:14:09] [autobuild] Including resolved configuration in dependency graph: :modules:api - koverExternalArtifacts
[2026-09-27 14:14:09] [build-stdout] [2026-09-27 14:14:09] [autobuild] Including resolved configuration in dependency graph: : - detachedConfiguration131
[2026-09-27 14:14:09] [build-stdout] [2026-09-27 14:14:09] [autobuild] Including resolved configuration in dependency graph: :modules:api - koverExternalArtifactsJvm
[2026-09-27 14:14:09] [build-stdout] [2026-09-27 14:14:09] [autobuild] Including resolved configuration in dependency graph: : - detachedConfiguration133
[2026-09-27 14:14:09] [build-stdout] [2026-09-27 14:14:09] [autobuild] Including resolved configuration in dependency graph: : - detachedConfiguration134
[2026-09-27 14:14:09] [build-stdout] [2026-09-27 14:14:09] [autobuild] Including resolved configuration in dependency graph: :modules:api - koverJvmAgent
[2026-09-27 14:14:09] [build-stdout] [2026-09-27 14:14:09] [autobuild] Including resolved configuration in dependency graph: : - detachedConfiguration135
[2026-09-27 14:14:09] [build-stdout] [2026-09-27 14:14:09] [autobuild] Including resolved configuration in dependency graph: :modules:api - koverJvmReporter
[2026-09-27 14:14:09] [build-stdout] [2026-09-27 14:14:09] [autobuild] Including resolved configuration in dependency graph: : - detachedConfiguration137
[2026-09-27 14:14:09] [build-stdout] [2026-09-27 14:14:09] [autobuild] Including resolved configuration in dependency graph: : - detachedConfiguration138
[2026-09-27 14:14:09] [build-stdout] [2026-09-27 14:14:09] [autobuild] Including resolved configuration in dependency graph: : - detachedConfiguration139
[2026-09-27 14:14:09] [build-stdout] [2026-09-27 14:14:09] [autobuild] Including resolved configuration in dependency graph: :modules:api - ktlint
[2026-09-27 14:14:09] [build-stdout] [2026-09-27 14:14:09] [autobuild] Including resolved configuration in dependency graph: : - detachedConfiguration140
[2026-09-27 14:14:09] [build-stdout] [2026-09-27 14:14:09] [autobuild] Including resolved configuration in dependency graph: :modules:api - ktlintBaselineReporter
[2026-09-27 14:14:09] [build-stdout] [2026-09-27 14:14:09] [autobuild] Including resolved configuration in dependency graph: : - detachedConfiguration142
[2026-09-27 14:14:09] [build-stdout] [2026-09-27 14:14:09] [autobuild] Including resolved configuration in dependency graph: : - detachedConfiguration143
[2026-09-27 14:14:09] [build-stdout] [2026-09-27 14:14:09] [autobuild] Including resolved configuration in dependency graph: :modules:api - ktlintReporter
[2026-09-27 14:14:09] [build-stdout] [2026-09-27 14:14:09] [autobuild] Including resolved configuration in dependency graph: : - detachedConfiguration144
[2026-09-27 14:14:09] [build-stdout] [2026-09-27 14:14:09] [autobuild] Including resolved configuration in dependency graph: :modules:api - ktlintRuleset
[2026-09-27 14:14:09] [build-stdout] [2026-09-27 14:14:09] [autobuild] Including resolved configuration in dependency graph: : - detachedConfiguration146
[2026-09-27 14:14:09] [build-stdout] [2026-09-27 14:14:09] [autobuild] Including resolved configuration in dependency graph: : - detachedConfiguration148
[2026-09-27 14:14:09] [build-stdout] [2026-09-27 14:14:09] [autobuild] Including resolved configuration in dependency graph: :modules:api - runtimeClasspath
[2026-09-27 14:14:09] [build-stdout] [2026-09-27 14:14:09] [autobuild] Including resolved configuration in dependency graph: :modules:api - productionRuntimeClasspath
[2026-09-27 14:14:10] [build-stdout] [2026-09-27 14:14:10] [autobuild] Including resolved configuration in dependency graph: :modules:api - swiftExportClasspathResolvable
[2026-09-27 14:14:10] [build-stdout] [2026-09-27 14:14:10] [autobuild] Including resolved configuration in dependency graph: :modules:deal-sourcing - swiftExportClasspathResolvable
[2026-09-27 14:14:10] [build-stdout] [2026-09-27 14:14:10] [autobuild] Including resolved configuration in dependency graph: :modules:ontology - swiftExportClasspathResolvable
[2026-09-27 14:14:10] [build-stdout] [2026-09-27 14:14:10] [autobuild] Including resolved configuration in dependency graph: :modules:analytics - swiftExportClasspathResolvable
[2026-09-27 14:14:10] [build-stdout] [2026-09-27 14:14:10] [autobuild] Including resolved configuration in dependency graph: :modules:ibor-core - swiftExportClasspathResolvable
[2026-09-27 14:14:10] [build-stdout] [2026-09-27 14:14:10] [autobuild] Including resolved configuration in dependency graph: :modules:control-panel - swiftExportClasspathResolvable
[2026-09-27 14:14:10] [build-stdout] [2026-09-27 14:14:10] [autobuild] Including resolved configuration in dependency graph: :modules:recon - swiftExportClasspathResolvable
[2026-09-27 14:14:10] [build-stdout] [2026-09-27 14:14:10] [autobuild] Including resolved configuration in dependency graph: :modules:ingestion - swiftExportClasspathResolvable
[2026-09-27 14:14:10] [build-stdout] [2026-09-27 14:14:10] [autobuild] Including resolved configuration in dependency graph: :modules:persistence - swiftExportClasspathResolvable
[2026-09-27 14:14:10] [build-stdout] [2026-09-27 14:14:10] [autobuild] Including resolved configuration in dependency graph: :modules:lookthrough - swiftExportClasspathResolvable
[2026-09-27 14:14:10] [build-stdout] [2026-09-27 14:14:10] [autobuild] Including resolved configuration in dependency graph: :modules:deal-sourcing - testCompileClasspath
[2026-09-27 14:14:10] [build-stdout] [2026-09-27 14:14:10] [autobuild] Including resolved configuration in dependency graph: :modules:ibor-core - testCompileClasspath
[2026-09-27 14:14:10] [build-stdout] [2026-09-27 14:14:10] [autobuild] Including resolved configuration in dependency graph: :modules:recon - testCompileClasspath
[2026-09-27 14:14:10] [build-stdout] [2026-09-27 14:14:10] [autobuild] Including resolved configuration in dependency graph: :modules:analytics - testCompileClasspath
[2026-09-27 14:14:10] [build-stdout] [2026-09-27 14:14:10] [autobuild] Including resolved configuration in dependency graph: :modules:control-panel - testCompileClasspath
[2026-09-27 14:14:10] [build-stdout] [2026-09-27 14:14:10] [autobuild] Including resolved configuration in dependency graph: :modules:persistence - testCompileClasspath
[2026-09-27 14:14:10] [build-stdout] [2026-09-27 14:14:10] [autobuild] Including resolved configuration in dependency graph: :modules:deal-sourcing - testImplementationDependenciesMetadata
[2026-09-27 14:14:10] [build-stdout] [2026-09-27 14:14:10] [autobuild] Including resolved configuration in dependency graph: :modules:ingestion - testCompileClasspath
[2026-09-27 14:14:10] [build-stdout] [2026-09-27 14:14:10] [autobuild] Including resolved configuration in dependency graph: :modules:analytics - testImplementationDependenciesMetadata
[2026-09-27 14:14:10] [build-stdout] [2026-09-27 14:14:10] [autobuild] Including resolved configuration in dependency graph: :modules:persistence - testImplementationDependenciesMetadata
[2026-09-27 14:14:10] [build-stdout] [2026-09-27 14:14:10] [autobuild] Including resolved configuration in dependency graph: :modules:lookthrough - testCompileClasspath
[2026-09-27 14:14:10] [build-stdout] [2026-09-27 14:14:10] [autobuild] Including resolved configuration in dependency graph: :modules:ibor-core - testImplementationDependenciesMetadata
[2026-09-27 14:14:10] [build-stdout] [2026-09-27 14:14:10] [autobuild] Including resolved configuration in dependency graph: :modules:control-panel - testImplementationDependenciesMetadata
[2026-09-27 14:14:10] [build-stdout] [2026-09-27 14:14:10] [autobuild] Including resolved configuration in dependency graph: :modules:ingestion - testImplementationDependenciesMetadata
[2026-09-27 14:14:10] [build-stdout] [2026-09-27 14:14:10] [autobuild] Including resolved configuration in dependency graph: :modules:recon - testImplementationDependenciesMetadata
[2026-09-27 14:14:10] [build-stdout] [2026-09-27 14:14:10] [autobuild] Including resolved configuration in dependency graph: :modules:lookthrough - testImplementationDependenciesMetadata
[2026-09-27 14:14:10] [build-stdout] [2026-09-27 14:14:10] [autobuild] Including resolved configuration in dependency graph: :modules:persistence - testRuntimeClasspath
[2026-09-27 14:14:10] [build-stdout] [2026-09-27 14:14:10] [autobuild] Including resolved configuration in dependency graph: :modules:control-panel - testRuntimeClasspath
[2026-09-27 14:14:10] [build-stdout] [2026-09-27 14:14:10] [autobuild] Including resolved configuration in dependency graph: :modules:deal-sourcing - testRuntimeClasspath
[2026-09-27 14:14:10] [build-stdout] [2026-09-27 14:14:10] [autobuild] Including resolved configuration in dependency graph: :modules:ingestion - testRuntimeClasspath
[2026-09-27 14:14:10] [build-stdout] [2026-09-27 14:14:10] [autobuild] Including resolved configuration in dependency graph: :modules:analytics - testRuntimeClasspath
[2026-09-27 14:14:10] [build-stdout] [2026-09-27 14:14:10] [autobuild] Including resolved configuration in dependency graph: :modules:ibor-core - testRuntimeClasspath
[2026-09-27 14:14:10] [build-stdout] [2026-09-27 14:14:10] [autobuild] Including resolved configuration in dependency graph: :modules:recon - testRuntimeClasspath
[2026-09-27 14:14:10] [build-stdout] [2026-09-27 14:14:10] [autobuild] Including resolved configuration in dependency graph: :modules:lookthrough - testRuntimeClasspath
[2026-09-27 14:14:10] [build-stdout] [2026-09-27 14:14:10] [autobuild] Including resolved configuration in dependency graph: :modules:ontology - testCompileClasspath
[2026-09-27 14:14:10] [build-stdout] [2026-09-27 14:14:10] [autobuild] > Task :modules:api:ForceDependencyResolutionPlugin_resolveProjectDependencies
[2026-09-27 14:14:10] [build-stdout] [2026-09-27 14:14:10] [autobuild] Custom actions are attached to task ':modules:api:ForceDependencyResolutionPlugin_resolveProjectDependencies'.
[2026-09-27 14:14:10] [build-stdout] [2026-09-27 14:14:10] [autobuild] Caching disabled for task ':modules:api:ForceDependencyResolutionPlugin_resolveProjectDependencies' because:
[2026-09-27 14:14:10] [build-stdout] [2026-09-27 14:14:10] [autobuild]   Not worth caching
[2026-09-27 14:14:10] [build-stdout] [2026-09-27 14:14:10] [autobuild] Task ':modules:api:ForceDependencyResolutionPlugin_resolveProjectDependencies' is not up-to-date because:
[2026-09-27 14:14:10] [build-stdout] [2026-09-27 14:14:10] [autobuild]   Task has not declared any outputs despite executing actions.
[2026-09-27 14:14:10] [build-stdout] [2026-09-27 14:14:10] [autobuild] Excluding []
[2026-09-27 14:14:10] [build-stdout] [2026-09-27 14:14:10] [autobuild] Resolving global dependency management for project 'api'
[2026-09-27 14:14:10] [build-stdout] [2026-09-27 14:14:10] [autobuild] Excluding []
[2026-09-27 14:14:10] [build-stdout] [2026-09-27 14:14:10] [autobuild] Excluding []
[2026-09-27 14:14:10] [build-stdout] [2026-09-27 14:14:10] [autobuild] Excluding []
[2026-09-27 14:14:10] [build-stdout] [2026-09-27 14:14:10] [autobuild] Excluding []
[2026-09-27 14:14:10] [build-stdout] [2026-09-27 14:14:10] [autobuild] Excluding []
[2026-09-27 14:14:10] [build-stdout] [2026-09-27 14:14:10] [autobuild] Excluding []
[2026-09-27 14:14:10] [build-stdout] [2026-09-27 14:14:10] [autobuild] Cached resource https://repo.maven.apache.org/maven2/org/bouncycastle/bcutil-jdk18on/1.80.2/bcutil-jdk18on-1.80.2.pom is up-to-date (lastModified: Fri May 15 14:38:12 WIB 2026).
[2026-09-27 14:14:10] [build-stdout] [2026-09-27 14:14:10] [autobuild] Cached resource https://repo.maven.apache.org/maven2/org/bouncycastle/bcprov-jdk18on/1.80.2/bcprov-jdk18on-1.80.2.pom is up-to-date (lastModified: Fri May 15 14:36:04 WIB 2026).
[2026-09-27 14:14:10] [build-stdout] [2026-09-27 14:14:10] [autobuild] Excluding []
[2026-09-27 14:14:10] [build-stdout] [2026-09-27 14:14:10] [autobuild] Excluding []
[2026-09-27 14:14:10] [build-stdout] [2026-09-27 14:14:10] [autobuild] Excluding []
[2026-09-27 14:14:10] [build-stdout] [2026-09-27 14:14:10] [autobuild] Excluding []
[2026-09-27 14:14:10] [build-stdout] [2026-09-27 14:14:10] [autobuild] Excluding []
[2026-09-27 14:14:10] [build-stdout] [2026-09-27 14:14:10] [autobuild] Excluding []
[2026-09-27 14:14:10] [build-stdout] [2026-09-27 14:14:10] [autobuild] Excluding []
[2026-09-27 14:14:10] [build-stdout] [2026-09-27 14:14:10] [autobuild] Excluding []
[2026-09-27 14:14:10] [build-stdout] [2026-09-27 14:14:10] [autobuild] Excluding []
[2026-09-27 14:14:10] [build-stdout] [2026-09-27 14:14:10] [autobuild] Excluding []
[2026-09-27 14:14:10] [build-stdout] [2026-09-27 14:14:10] [autobuild] Excluding []
[2026-09-27 14:14:10] [build-stdout] [2026-09-27 14:14:10] [autobuild] Excluding []
[2026-09-27 14:14:10] [build-stdout] [2026-09-27 14:14:10] [autobuild] Excluding []
[2026-09-27 14:14:10] [build-stdout] [2026-09-27 14:14:10] [autobuild] Excluding []
[2026-09-27 14:14:10] [build-stdout] [2026-09-27 14:14:10] [autobuild] Add dependencies: ktlint version 1.7.1
[2026-09-27 14:14:10] [build-stdout] [2026-09-27 14:14:10] [autobuild] Add dependencies: ktlint version 1.7.1
[2026-09-27 14:14:10] [build-stdout] [2026-09-27 14:14:10] [autobuild] Add dependencies: ktlint version 1.7.1
[2026-09-27 14:14:10] [build-stdout] [2026-09-27 14:14:10] [autobuild] Add dependencies: ktlint version 1.7.1
[2026-09-27 14:14:10] [build-stdout] [2026-09-27 14:14:10] [autobuild] Add dependencies: ktlint version 1.7.1
[2026-09-27 14:14:10] [build-stdout] [2026-09-27 14:14:10] [autobuild] Excluding []
[2026-09-27 14:14:10] [build-stdout] [2026-09-27 14:14:10] [autobuild] Excluding []
[2026-09-27 14:14:10] [build-stdout] [2026-09-27 14:14:10] [autobuild] Excluding []
[2026-09-27 14:14:10] [build-stdout] [2026-09-27 14:14:10] [autobuild] Excluding []
[2026-09-27 14:14:10] [build-stdout] [2026-09-27 14:14:10] [autobuild] Excluding []
[2026-09-27 14:14:10] [build-stdout] [2026-09-27 14:14:10] [autobuild] Excluding []
[2026-09-27 14:14:10] [build-stdout] [2026-09-27 14:14:10] [autobuild] Excluding []
[2026-09-27 14:14:10] [build-stdout] [2026-09-27 14:14:10] [autobuild] Downloading https://repo.maven.apache.org/maven2/com/github/ben-manes/caffeine/caffeine/3.2.2/caffeine-3.2.2.pom to /Users/macbook/.gradle/.tmp/gradle_download10770669238588795475bin
[2026-09-27 14:14:10] [build-stdout] [2026-09-27 14:14:10] [autobuild] Downloading https://repo.maven.apache.org/maven2/com/github/ben-manes/caffeine/caffeine/3.2.2/caffeine-3.2.2.module to /Users/macbook/.gradle/.tmp/gradle_download17422322984615992704bin
[2026-09-27 14:14:10] [build-stdout] [2026-09-27 14:14:10] [autobuild] Downloading https://repo.maven.apache.org/maven2/com/google/errorprone/error_prone_annotations/2.40.0/error_prone_annotations-2.40.0.pom to /Users/macbook/.gradle/.tmp/gradle_download8822142284285135291bin
[2026-09-27 14:14:10] [build-stdout] [2026-09-27 14:14:10] [autobuild] Downloading https://repo.maven.apache.org/maven2/com/google/errorprone/error_prone_parent/2.40.0/error_prone_parent-2.40.0.pom to /Users/macbook/.gradle/.tmp/gradle_download11140622601118834609bin
[2026-09-27 14:14:10] [build-stdout] [2026-09-27 14:14:10] [autobuild] Excluding []
[2026-09-27 14:14:10] [build-stdout] [2026-09-27 14:14:10] [autobuild] Excluding []
[2026-09-27 14:14:10] [build-stdout] [2026-09-27 14:14:10] [autobuild] Including resolved configuration in dependency graph: :modules:ontology - testImplementationDependenciesMetadata
[2026-09-27 14:14:10] [build-stdout] [2026-09-27 14:14:10] [autobuild] Including resolved configuration in dependency graph: :modules:ontology - testRuntimeClasspath
[2026-09-27 14:14:10] [build-stdout] [2026-09-27 14:14:10] [autobuild] Including resolved configuration in dependency graph: : - detachedConfiguration156
[2026-09-27 14:14:10] [build-stdout] [2026-09-27 14:14:10] [autobuild] Including resolved configuration in dependency graph: : - detachedConfiguration157
[2026-09-27 14:14:10] [build-stdout] [2026-09-27 14:14:10] [autobuild] Including resolved configuration in dependency graph: : - detachedConfiguration158
[2026-09-27 14:14:10] [build-stdout] [2026-09-27 14:14:10] [autobuild] Including resolved configuration in dependency graph: : - detachedConfiguration159
[2026-09-27 14:14:10] [build-stdout] [2026-09-27 14:14:10] [autobuild] Including resolved configuration in dependency graph: : - detachedConfiguration160
[2026-09-27 14:14:10] [build-stdout] [2026-09-27 14:14:10] [autobuild] Including resolved configuration in dependency graph: : - detachedConfiguration161
[2026-09-27 14:14:10] [build-stdout] [2026-09-27 14:14:10] [autobuild] Including resolved configuration in dependency graph: : - detachedConfiguration162
[2026-09-27 14:14:10] [build-stdout] [2026-09-27 14:14:10] [autobuild] Including resolved configuration in dependency graph: : - detachedConfiguration163
[2026-09-27 14:14:10] [build-stdout] [2026-09-27 14:14:10] [autobuild] Including resolved configuration in dependency graph: : - detachedConfiguration164
[2026-09-27 14:14:10] [build-stdout] [2026-09-27 14:14:10] [autobuild] Including resolved configuration in dependency graph: : - detachedConfiguration165
[2026-09-27 14:14:10] [build-stdout] [2026-09-27 14:14:10] [autobuild] Including resolved configuration in dependency graph: : - detachedConfiguration166
[2026-09-27 14:14:10] [build-stdout] [2026-09-27 14:14:10] [autobuild] Including resolved configuration in dependency graph: : - detachedConfiguration167
[2026-09-27 14:14:10] [build-stdout] [2026-09-27 14:14:10] [autobuild] Including resolved configuration in dependency graph: : - detachedConfiguration168
[2026-09-27 14:14:10] [build-stdout] [2026-09-27 14:14:10] [autobuild] > Task :modules:ibor-core:ForceDependencyResolutionPlugin_resolveProjectDependencies
[2026-09-27 14:14:10] [build-stdout] [2026-09-27 14:14:10] [autobuild] Custom actions are attached to task ':modules:ibor-core:ForceDependencyResolutionPlugin_resolveProjectDependencies'.
[2026-09-27 14:14:10] [build-stdout] [2026-09-27 14:14:10] [autobuild] Caching disabled for task ':modules:ibor-core:ForceDependencyResolutionPlugin_resolveProjectDependencies' because:
[2026-09-27 14:14:10] [build-stdout] [2026-09-27 14:14:10] [autobuild]   Not worth caching
[2026-09-27 14:14:10] [build-stdout] [2026-09-27 14:14:10] [autobuild] Task ':modules:ibor-core:ForceDependencyResolutionPlugin_resolveProjectDependencies' is not up-to-date because:
[2026-09-27 14:14:10] [build-stdout] [2026-09-27 14:14:10] [autobuild]   Task has not declared any outputs despite executing actions.
[2026-09-27 14:14:10] [build-stdout] [2026-09-27 14:14:10] [autobuild] Starting process 'command '/Library/Internet Plug-Ins/JavaAppletPlugin.plugin/Contents/Home/bin/java''. Working directory: /Users/macbook/.gradle/.tmp/tmp-jvm13656506721061006431probe Command: /Library/Internet Plug-Ins/JavaAppletPlugin.plugin/Contents/Home/bin/java -Xmx32m -Xms32m -cp . JavaProbe
[2026-09-27 14:14:10] [build-stdout] [2026-09-27 14:14:10] [autobuild] Invalid Java installation found at '/Library/Internet Plug-Ins/JavaAppletPlugin.plugin/Contents/Home' (MacOS java_home) auto-detected. It will be re-checked in the next build. This might have performance impact if it keeps failing. Run the 'javaToolchains' task for more details.
[2026-09-27 14:14:10] [build-stdout] [2026-09-27 14:14:10] [autobuild] Starting process 'command '/Users/macbook/.gradle/jdks/eclipse_adoptium-21-aarch64-os_x.2/jdk-21.0.12.1+1/Contents/Home/bin/java''. Working directory: /Users/macbook/.gradle/.tmp/tmp-jvm12026458008001878803probe Command: /Users/macbook/.gradle/jdks/eclipse_adoptium-21-aarch64-os_x.2/jdk-21.0.12.1+1/Contents/Home/bin/java -Xmx32m -Xms32m -cp . JavaProbe
[2026-09-27 14:14:10] [build-stdout] [2026-09-27 14:14:10] [autobuild] Successfully started process 'command '/Users/macbook/.gradle/jdks/eclipse_adoptium-21-aarch64-os_x.2/jdk-21.0.12.1+1/Contents/Home/bin/java''
[2026-09-27 14:14:10] [build-stdout] [2026-09-27 14:14:10] [autobuild] Received JVM installation metadata from '/Users/macbook/.gradle/jdks/eclipse_adoptium-21-aarch64-os_x.2/jdk-21.0.12.1+1/Contents/Home': {JAVA_HOME=/Users/macbook/.gradle/jdks/eclipse_adoptium-21-aarch64-os_x.2/jdk-21.0.12.1+1/Contents/Home, JAVA_VERSION=21.0.12.1, JAVA_VENDOR=Eclipse Adoptium, RUNTIME_NAME=OpenJDK Runtime Environment, RUNTIME_VERSION=21.0.12.1+1-LTS, VM_NAME=OpenJDK 64-Bit Server VM, VM_VERSION=21.0.12.1+1-LTS, VM_VENDOR=Eclipse Adoptium, OS_ARCH=aarch64}
[2026-09-27 14:14:10] [build-stdout] [2026-09-27 14:14:10] [autobuild] Downloading https://repo.maven.apache.org/maven2/org/jetbrains/kotlin/kotlin-klib-commonizer-embeddable/2.2.21/kotlin-klib-commonizer-embeddable-2.2.21.pom to /Users/macbook/.gradle/.tmp/gradle_download8867725439594003785bin
[2026-09-27 14:14:10] [build-stdout] [2026-09-27 14:14:10] [autobuild] Add dependencies: ktlint version 1.7.1
[2026-09-27 14:14:10] [build-stdout] [2026-09-27 14:14:10] [autobuild] Add dependencies: ktlint version 1.7.1
[2026-09-27 14:14:10] [build-stdout] [2026-09-27 14:14:10] [autobuild] Downloading https://repo.maven.apache.org/maven2/org/jetbrains/kotlin/kotlin-klib-commonizer-embeddable/2.2.21/kotlin-klib-commonizer-embeddable-2.2.21.jar to /Users/macbook/.gradle/.tmp/gradle_download3241276729287352073bin
[2026-09-27 14:14:10] [build-stdout] [2026-09-27 14:14:10] [autobuild] Including resolved configuration in dependency graph: :modules:api - testCompileClasspath
[2026-09-27 14:14:10] [build-stdout] [2026-09-27 14:14:10] [autobuild] Including resolved configuration in dependency graph: : - detachedConfiguration171
[2026-09-27 14:14:10] [build-stdout] [2026-09-27 14:14:10] [autobuild] Including resolved configuration in dependency graph: :modules:api - testImplementationDependenciesMetadata
[2026-09-27 14:14:10] [build-stdout] [2026-09-27 14:14:10] [autobuild] Including resolved configuration in dependency graph: : - detachedConfiguration177
[2026-09-27 14:14:10] [build-stdout] [2026-09-27 14:14:10] [autobuild] Including resolved configuration in dependency graph: :modules:api - testRuntimeClasspath
[2026-09-27 14:14:10] [build-stdout] [2026-09-27 14:14:10] [autobuild] > Task :modules:ingestion:ForceDependencyResolutionPlugin_resolveProjectDependencies
[2026-09-27 14:14:10] [build-stdout] [2026-09-27 14:14:10] [autobuild] Custom actions are attached to task ':modules:ingestion:ForceDependencyResolutionPlugin_resolveProjectDependencies'.
[2026-09-27 14:14:10] [build-stdout] [2026-09-27 14:14:10] [autobuild] Caching disabled for task ':modules:ingestion:ForceDependencyResolutionPlugin_resolveProjectDependencies' because:
[2026-09-27 14:14:10] [build-stdout] [2026-09-27 14:14:10] [autobuild]   Not worth caching
[2026-09-27 14:14:10] [build-stdout] [2026-09-27 14:14:10] [autobuild] Task ':modules:ingestion:ForceDependencyResolutionPlugin_resolveProjectDependencies' is not up-to-date because:
[2026-09-27 14:14:10] [build-stdout] [2026-09-27 14:14:10] [autobuild]   Task has not declared any outputs despite executing actions.
[2026-09-27 14:14:10] [build-stdout] [2026-09-27 14:14:10] [autobuild] Add dependencies: ktlint version 1.7.1
[2026-09-27 14:14:10] [build-stdout] [2026-09-27 14:14:10] [autobuild] Add dependencies: ktlint version 1.7.1
[2026-09-27 14:14:13] [build-stdout] [2026-09-27 14:14:13] [autobuild] > Task :modules:deal-sourcing:ForceDependencyResolutionPlugin_resolveProjectDependencies
[2026-09-27 14:14:13] [build-stdout] [2026-09-27 14:14:13] [autobuild] Custom actions are attached to task ':modules:deal-sourcing:ForceDependencyResolutionPlugin_resolveProjectDependencies'.
[2026-09-27 14:14:13] [build-stdout] [2026-09-27 14:14:13] [autobuild] Caching disabled for task ':modules:deal-sourcing:ForceDependencyResolutionPlugin_resolveProjectDependencies' because:
[2026-09-27 14:14:13] [build-stdout] [2026-09-27 14:14:13] [autobuild]   Not worth caching
[2026-09-27 14:14:13] [build-stdout] [2026-09-27 14:14:13] [autobuild] Task ':modules:deal-sourcing:ForceDependencyResolutionPlugin_resolveProjectDependencies' is not up-to-date because:
[2026-09-27 14:14:13] [build-stdout] [2026-09-27 14:14:13] [autobuild]   Task has not declared any outputs despite executing actions.
[2026-09-27 14:14:13] [build-stdout] [2026-09-27 14:14:13] [autobuild] Downloading https://repo.maven.apache.org/maven2/org/bouncycastle/bcprov-jdk18on/maven-metadata.xml to /Users/macbook/.gradle/.tmp/gradle_download2432089697902171410bin
[2026-09-27 14:14:13] [build-stdout] [2026-09-27 14:14:13] [autobuild] Downloading https://repo.maven.apache.org/maven2/org/jetbrains/kotlin/abi-tools/2.2.21/abi-tools-2.2.21.pom to /Users/macbook/.gradle/.tmp/gradle_download10128610119864273209bin
[2026-09-27 14:14:13] [build-stdout] [2026-09-27 14:14:13] [autobuild] Add dependencies: ktlint version 1.7.1
[2026-09-27 14:14:13] [build-stdout] [2026-09-27 14:14:13] [autobuild] Add dependencies: ktlint version 1.7.1
[2026-09-27 14:14:13] [build-stdout] [2026-09-27 14:14:13] [autobuild] Downloading https://repo.maven.apache.org/maven2/org/jetbrains/kotlin/swift-export-embeddable/2.2.21/swift-export-embeddable-2.2.21.pom to /Users/macbook/.gradle/.tmp/gradle_download12325541239807734983bin
[2026-09-27 14:14:13] [build-stdout] [2026-09-27 14:14:13] [autobuild] Downloading https://repo.maven.apache.org/maven2/io/opentelemetry/opentelemetry-context/1.41.0/opentelemetry-context-1.41.0.module to /Users/macbook/.gradle/.tmp/gradle_download10013223904214118822bin
[2026-09-27 14:14:13] [build-stdout] [2026-09-27 14:14:13] [autobuild] > Task :modules:analytics:ForceDependencyResolutionPlugin_resolveProjectDependencies
[2026-09-27 14:14:13] [build-stdout] [2026-09-27 14:14:13] [autobuild] Custom actions are attached to task ':modules:analytics:ForceDependencyResolutionPlugin_resolveProjectDependencies'.
[2026-09-27 14:14:13] [build-stdout] [2026-09-27 14:14:13] [autobuild] Caching disabled for task ':modules:analytics:ForceDependencyResolutionPlugin_resolveProjectDependencies' because:
[2026-09-27 14:14:13] [build-stdout] [2026-09-27 14:14:13] [autobuild]   Not worth caching
[2026-09-27 14:14:13] [build-stdout] [2026-09-27 14:14:13] [autobuild] Task ':modules:analytics:ForceDependencyResolutionPlugin_resolveProjectDependencies' is not up-to-date because:
[2026-09-27 14:14:13] [build-stdout] [2026-09-27 14:14:13] [autobuild]   Task has not declared any outputs despite executing actions.
[2026-09-27 14:14:13] [build-stdout] [2026-09-27 14:14:13] [autobuild] Add dependencies: ktlint version 1.7.1
[2026-09-27 14:14:13] [build-stdout] [2026-09-27 14:14:13] [autobuild] Add dependencies: ktlint version 1.7.1
[2026-09-27 14:14:13] [build-stdout] [2026-09-27 14:14:13] [autobuild] Downloading https://repo.maven.apache.org/maven2/io/opentelemetry/opentelemetry-api/1.41.0/opentelemetry-api-1.41.0.pom to /Users/macbook/.gradle/.tmp/gradle_download6219577552782962379bin
[2026-09-27 14:14:13] [build-stdout] [2026-09-27 14:14:13] [autobuild] Downloading https://repo.maven.apache.org/maven2/io/opentelemetry/opentelemetry-api/1.41.0/opentelemetry-api-1.41.0.module to /Users/macbook/.gradle/.tmp/gradle_download7169852985061865197bin
[2026-09-27 14:14:13] [build-stdout] [2026-09-27 14:14:13] [autobuild] Downloading https://repo.maven.apache.org/maven2/io/opentelemetry/opentelemetry-context/1.41.0/opentelemetry-context-1.41.0.pom to /Users/macbook/.gradle/.tmp/gradle_download17157299750028723054bin
[2026-09-27 14:14:13] [build-stdout] [2026-09-27 14:14:13] [autobuild] > Task :modules:ontology:ForceDependencyResolutionPlugin_resolveProjectDependencies
[2026-09-27 14:14:13] [build-stdout] [2026-09-27 14:14:13] [autobuild] Custom actions are attached to task ':modules:ontology:ForceDependencyResolutionPlugin_resolveProjectDependencies'.
[2026-09-27 14:14:13] [build-stdout] [2026-09-27 14:14:13] [autobuild] Caching disabled for task ':modules:ontology:ForceDependencyResolutionPlugin_resolveProjectDependencies' because:
[2026-09-27 14:14:13] [build-stdout] [2026-09-27 14:14:13] [autobuild]   Not worth caching
[2026-09-27 14:14:13] [build-stdout] [2026-09-27 14:14:13] [autobuild] Task ':modules:ontology:ForceDependencyResolutionPlugin_resolveProjectDependencies' is not up-to-date because:
[2026-09-27 14:14:13] [build-stdout] [2026-09-27 14:14:13] [autobuild]   Task has not declared any outputs despite executing actions.
[2026-09-27 14:14:13] [build-stdout] [2026-09-27 14:14:13] [autobuild] Add dependencies: ktlint version 1.7.1
[2026-09-27 14:14:13] [build-stdout] [2026-09-27 14:14:13] [autobuild] Add dependencies: ktlint version 1.7.1
[2026-09-27 14:14:13] [build-stdout] [2026-09-27 14:14:13] [autobuild] > Task :modules:persistence:ForceDependencyResolutionPlugin_resolveProjectDependencies
[2026-09-27 14:14:13] [build-stdout] [2026-09-27 14:14:13] [autobuild] Custom actions are attached to task ':modules:persistence:ForceDependencyResolutionPlugin_resolveProjectDependencies'.
[2026-09-27 14:14:13] [build-stdout] [2026-09-27 14:14:13] [autobuild] Caching disabled for task ':modules:persistence:ForceDependencyResolutionPlugin_resolveProjectDependencies' because:
[2026-09-27 14:14:13] [build-stdout] [2026-09-27 14:14:13] [autobuild]   Not worth caching
[2026-09-27 14:14:13] [build-stdout] [2026-09-27 14:14:13] [autobuild] Task ':modules:persistence:ForceDependencyResolutionPlugin_resolveProjectDependencies' is not up-to-date because:
[2026-09-27 14:14:13] [build-stdout] [2026-09-27 14:14:13] [autobuild]   Task has not declared any outputs despite executing actions.
[2026-09-27 14:14:13] [build-stdout] [2026-09-27 14:14:13] [autobuild] Found locally available resource with matching checksum: [https://repo.maven.apache.org/maven2/org/jetbrains/kotlin/abi-tools-api/2.2.21/abi-tools-api-2.2.21.pom, /Users/macbook/.gradle/caches/modules-2/files-2.1/org.jetbrains.kotlin/abi-tools-api/2.2.21/ec9fd6053ca5127f432dfc3ccaeb953164b3429/abi-tools-api-2.2.21.pom]
[2026-09-27 14:14:13] [build-stdout] [2026-09-27 14:14:13] [autobuild] Downloading https://repo.maven.apache.org/maven2/io/github/java-diff-utils/java-diff-utils/4.12/java-diff-utils-4.12.pom to /Users/macbook/.gradle/.tmp/gradle_download12770336946344998865bin
[2026-09-27 14:14:13] [build-stdout] [2026-09-27 14:14:13] [autobuild] Downloading https://repo.maven.apache.org/maven2/org/jetbrains/kotlin/kotlin-metadata-jvm/2.2.21/kotlin-metadata-jvm-2.2.21.pom to /Users/macbook/.gradle/.tmp/gradle_download11548488701092820555bin
[2026-09-27 14:14:13] [build-stdout] [2026-09-27 14:14:13] [autobuild] Downloading https://repo.maven.apache.org/maven2/io/github/java-diff-utils/java-diff-utils-parent/4.12/java-diff-utils-parent-4.12.pom to /Users/macbook/.gradle/.tmp/gradle_download14350178599443291162bin
[2026-09-27 14:14:13] [build-stdout] [2026-09-27 14:14:13] [autobuild] Add dependencies: ktlint version 1.7.1
[2026-09-27 14:14:13] [build-stdout] [2026-09-27 14:14:13] [autobuild] Add dependencies: ktlint version 1.7.1
[2026-09-27 14:14:13] [build-stdout] [2026-09-27 14:14:13] [autobuild] > Task :modules:control-panel:ForceDependencyResolutionPlugin_resolveProjectDependencies
[2026-09-27 14:14:13] [build-stdout] [2026-09-27 14:14:13] [autobuild] Custom actions are attached to task ':modules:control-panel:ForceDependencyResolutionPlugin_resolveProjectDependencies'.
[2026-09-27 14:14:13] [build-stdout] [2026-09-27 14:14:13] [autobuild] Caching disabled for task ':modules:control-panel:ForceDependencyResolutionPlugin_resolveProjectDependencies' because:
[2026-09-27 14:14:13] [build-stdout] [2026-09-27 14:14:13] [autobuild]   Not worth caching
[2026-09-27 14:14:13] [build-stdout] [2026-09-27 14:14:13] [autobuild] Task ':modules:control-panel:ForceDependencyResolutionPlugin_resolveProjectDependencies' is not up-to-date because:
[2026-09-27 14:14:13] [build-stdout] [2026-09-27 14:14:13] [autobuild]   Task has not declared any outputs despite executing actions.
[2026-09-27 14:14:13] [build-stdout] [2026-09-27 14:14:13] [autobuild] Downloading https://repo.maven.apache.org/maven2/org/bouncycastle/bcutil-jdk18on/maven-metadata.xml to /Users/macbook/.gradle/.tmp/gradle_download11216421536991803244bin
[2026-09-27 14:14:13] [build-stdout] [2026-09-27 14:14:13] [autobuild] Add dependencies: ktlint version 1.7.1
[2026-09-27 14:14:13] [build-stdout] [2026-09-27 14:14:13] [autobuild] Add dependencies: ktlint version 1.7.1
[2026-09-27 14:14:13] [build-stdout] [2026-09-27 14:14:13] [autobuild] > Task :modules:lookthrough:ForceDependencyResolutionPlugin_resolveProjectDependencies
[2026-09-27 14:14:13] [build-stdout] [2026-09-27 14:14:13] [autobuild] Custom actions are attached to task ':modules:lookthrough:ForceDependencyResolutionPlugin_resolveProjectDependencies'.
[2026-09-27 14:14:13] [build-stdout] [2026-09-27 14:14:13] [autobuild] Caching disabled for task ':modules:lookthrough:ForceDependencyResolutionPlugin_resolveProjectDependencies' because:
[2026-09-27 14:14:13] [build-stdout] [2026-09-27 14:14:13] [autobuild]   Not worth caching
[2026-09-27 14:14:13] [build-stdout] [2026-09-27 14:14:13] [autobuild] Task ':modules:lookthrough:ForceDependencyResolutionPlugin_resolveProjectDependencies' is not up-to-date because:
[2026-09-27 14:14:13] [build-stdout] [2026-09-27 14:14:13] [autobuild]   Task has not declared any outputs despite executing actions.
[2026-09-27 14:14:13] [build-stdout] [2026-09-27 14:14:13] [autobuild] Downloading https://repo.maven.apache.org/maven2/org/bouncycastle/bcpkix-jdk18on/1.80/bcpkix-jdk18on-1.80.pom to /Users/macbook/.gradle/.tmp/gradle_download2032266179894059808bin
[2026-09-27 14:14:13] [build-stdout] [2026-09-27 14:14:13] [autobuild] Downloading https://repo.maven.apache.org/maven2/org/bouncycastle/bcpg-jdk18on/1.80/bcpg-jdk18on-1.80.pom to /Users/macbook/.gradle/.tmp/gradle_download11237521552066749340bin
[2026-09-27 14:14:13] [build-stdout] [2026-09-27 14:14:13] [autobuild] Add dependencies: ktlint version 1.7.1
[2026-09-27 14:14:13] [build-stdout] [2026-09-27 14:14:13] [autobuild] Add dependencies: ktlint version 1.7.1
[2026-09-27 14:14:13] [build-stdout] [2026-09-27 14:14:13] [autobuild] Resolve mutations for :modules:workflow:ForceDependencyResolutionPlugin_resolveProjectDependencies (Thread[#77,Execution worker Thread 2,5,main]) started.
[2026-09-27 14:14:13] [build-stdout] [2026-09-27 14:14:13] [autobuild] :modules:workflow:ForceDependencyResolutionPlugin_resolveProjectDependencies (Thread[#77,Execution worker Thread 2,5,main]) started.
[2026-09-27 14:14:13] [build-stdout] [2026-09-27 14:14:13] [autobuild] Including resolved configuration in dependency graph: :modules:workflow - apiDependenciesMetadata
[2026-09-27 14:14:13] [build-stdout] [2026-09-27 14:14:13] [autobuild] Including resolved configuration in dependency graph: :modules:workflow - compileClasspath
[2026-09-27 14:14:13] [build-stdout] [2026-09-27 14:14:13] [autobuild] Including resolved configuration in dependency graph: :modules:workflow - implementationDependenciesMetadata
[2026-09-27 14:14:13] [build-stdout] [2026-09-27 14:14:13] [autobuild] Including resolved configuration in dependency graph: :modules:workflow - kotlinBouncyCastleConfiguration
[2026-09-27 14:14:13] [build-stdout] [2026-09-27 14:14:13] [autobuild] > Task :modules:recon:ForceDependencyResolutionPlugin_resolveProjectDependencies
[2026-09-27 14:14:13] [build-stdout] [2026-09-27 14:14:13] [autobuild] Custom actions are attached to task ':modules:recon:ForceDependencyResolutionPlugin_resolveProjectDependencies'.
[2026-09-27 14:14:13] [build-stdout] [2026-09-27 14:14:13] [autobuild] Caching disabled for task ':modules:recon:ForceDependencyResolutionPlugin_resolveProjectDependencies' because:
[2026-09-27 14:14:13] [build-stdout] [2026-09-27 14:14:13] [autobuild]   Not worth caching
[2026-09-27 14:14:13] [build-stdout] [2026-09-27 14:14:13] [autobuild] Task ':modules:recon:ForceDependencyResolutionPlugin_resolveProjectDependencies' is not up-to-date because:
[2026-09-27 14:14:13] [build-stdout] [2026-09-27 14:14:13] [autobuild]   Task has not declared any outputs despite executing actions.
[2026-09-27 14:14:13] [build-stdout] [2026-09-27 14:14:13] [autobuild] Add dependencies: ktlint version 1.7.1
[2026-09-27 14:14:13] [build-stdout] [2026-09-27 14:14:13] [autobuild] Add dependencies: ktlint version 1.7.1
[2026-09-27 14:14:13] [build-stdout] [2026-09-27 14:14:13] [autobuild] Downloading https://repo.maven.apache.org/maven2/com/github/ben-manes/caffeine/caffeine/2.9.3/caffeine-2.9.3.pom to /Users/macbook/.gradle/.tmp/gradle_download5592504928344416712bin
[2026-09-27 14:14:13] [build-stdout] [2026-09-27 14:14:13] [autobuild] Downloading https://repo.maven.apache.org/maven2/com/github/ben-manes/caffeine/caffeine/2.9.3/caffeine-2.9.3.module to /Users/macbook/.gradle/.tmp/gradle_download17359698171661649477bin
[2026-09-27 14:14:13] [build-stdout] [2026-09-27 14:14:13] [autobuild] Including resolved configuration in dependency graph: :modules:workflow - kotlinBuildToolsApiClasspath
[2026-09-27 14:14:13] [build-stdout] [2026-09-27 14:14:13] [autobuild] Including resolved configuration in dependency graph: :modules:workflow - kotlinCompilerClasspath
[2026-09-27 14:14:13] [build-stdout] [2026-09-27 14:14:13] [autobuild] Including resolved configuration in dependency graph: :modules:workflow - kotlinCompilerPluginClasspathMain
[2026-09-27 14:14:13] [build-stdout] [2026-09-27 14:14:13] [autobuild] Including resolved configuration in dependency graph: :modules:workflow - kotlinCompilerPluginClasspathTest
[2026-09-27 14:14:13] [build-stdout] [2026-09-27 14:14:13] [autobuild] Including resolved configuration in dependency graph: :modules:workflow - kotlinInternalAbiValidation
[2026-09-27 14:14:13] [build-stdout] [2026-09-27 14:14:13] [autobuild] Including resolved configuration in dependency graph: :modules:workflow - kotlinKlibCommonizerClasspath
[2026-09-27 14:14:13] [build-stdout] [2026-09-27 14:14:13] [autobuild] Including resolved configuration in dependency graph: :modules:workflow - koverExternalArtifacts
[2026-09-27 14:14:13] [build-stdout] [2026-09-27 14:14:13] [autobuild] Including resolved configuration in dependency graph: :modules:workflow - koverExternalArtifactsJvm
[2026-09-27 14:14:13] [build-stdout] [2026-09-27 14:14:13] [autobuild] Including resolved configuration in dependency graph: :modules:workflow - koverJvmAgent
[2026-09-27 14:14:13] [build-stdout] [2026-09-27 14:14:13] [autobuild] Including resolved configuration in dependency graph: :modules:workflow - koverJvmReporter
[2026-09-27 14:14:13] [build-stdout] [2026-09-27 14:14:13] [autobuild] Including resolved configuration in dependency graph: :modules:workflow - ktlint
[2026-09-27 14:14:13] [build-stdout] [2026-09-27 14:14:13] [autobuild] Including resolved configuration in dependency graph: :modules:workflow - ktlintBaselineReporter
[2026-09-27 14:14:13] [build-stdout] [2026-09-27 14:14:13] [autobuild] Including resolved configuration in dependency graph: :modules:workflow - ktlintReporter
[2026-09-27 14:14:13] [build-stdout] [2026-09-27 14:14:13] [autobuild] Including resolved configuration in dependency graph: :modules:workflow - ktlintRuleset
[2026-09-27 14:14:13] [build-stdout] [2026-09-27 14:14:13] [autobuild] Including resolved configuration in dependency graph: :modules:workflow - runtimeClasspath
[2026-09-27 14:14:13] [build-stdout] [2026-09-27 14:14:13] [autobuild] Including resolved configuration in dependency graph: :modules:workflow - swiftExportClasspathResolvable
[2026-09-27 14:14:13] [build-stdout] [2026-09-27 14:14:13] [autobuild] Including resolved configuration in dependency graph: :modules:workflow - testCompileClasspath
[2026-09-27 14:14:13] [build-stdout] [2026-09-27 14:14:13] [autobuild] Including resolved configuration in dependency graph: :modules:workflow - testImplementationDependenciesMetadata
[2026-09-27 14:14:13] [build-stdout] [2026-09-27 14:14:13] [autobuild] Including resolved configuration in dependency graph: :modules:workflow - testRuntimeClasspath
[2026-09-27 14:14:13] [build-stdout] [2026-09-27 14:14:13] [autobuild] > Task :modules:workflow:ForceDependencyResolutionPlugin_resolveProjectDependencies
[2026-09-27 14:14:13] [build-stdout] [2026-09-27 14:14:13] [autobuild] Custom actions are attached to task ':modules:workflow:ForceDependencyResolutionPlugin_resolveProjectDependencies'.
[2026-09-27 14:14:13] [build-stdout] [2026-09-27 14:14:13] [autobuild] Caching disabled for task ':modules:workflow:ForceDependencyResolutionPlugin_resolveProjectDependencies' because:
[2026-09-27 14:14:13] [build-stdout] [2026-09-27 14:14:13] [autobuild]   Not worth caching
[2026-09-27 14:14:13] [build-stdout] [2026-09-27 14:14:13] [autobuild] Task ':modules:workflow:ForceDependencyResolutionPlugin_resolveProjectDependencies' is not up-to-date because:
[2026-09-27 14:14:13] [build-stdout] [2026-09-27 14:14:13] [autobuild]   Task has not declared any outputs despite executing actions.
[2026-09-27 14:14:13] [build-stdout] [2026-09-27 14:14:13] [autobuild] Add dependencies: ktlint version 1.7.1
[2026-09-27 14:14:13] [build-stdout] [2026-09-27 14:14:13] [autobuild] Add dependencies: ktlint version 1.7.1
[2026-09-27 14:14:13] [build-stdout] [2026-09-27 14:14:13] [autobuild] > Task :modules:api:ForceDependencyResolutionPlugin_resolveProjectDependencies
[2026-09-27 14:14:13] [build-stdout] [2026-09-27 14:14:13] [autobuild] Excluding []
[2026-09-27 14:14:13] [build-stdout] [2026-09-27 14:14:13] [autobuild] Excluding []
[2026-09-27 14:14:13] [build-stdout] [2026-09-27 14:14:13] [autobuild] Excluding []
[2026-09-27 14:14:13] [build-stdout] [2026-09-27 14:14:13] [autobuild] Excluding []
[2026-09-27 14:14:13] [build-stdout] [2026-09-27 14:14:13] [autobuild] Excluding []
[2026-09-27 14:14:13] [build-stdout] [2026-09-27 14:14:13] [autobuild] Excluding []
[2026-09-27 14:14:13] [build-stdout] [2026-09-27 14:14:13] [autobuild] Resolve mutations for :ForceDependencyResolutionPlugin_resolveAllDependencies (Thread[#79,Execution worker Thread 4,5,main]) started.
[2026-09-27 14:14:13] [build-stdout] [2026-09-27 14:14:13] [autobuild] :ForceDependencyResolutionPlugin_resolveAllDependencies (Thread[#79,Execution worker Thread 4,5,main]) started.
[2026-09-27 14:14:13] [build-stdout] [2026-09-27 14:14:13] [autobuild] > Task :ForceDependencyResolutionPlugin_resolveAllDependencies
[2026-09-27 14:14:13] [build-stdout] [2026-09-27 14:14:13] [autobuild] Skipping task ':ForceDependencyResolutionPlugin_resolveAllDependencies' as it has no actions.
[2026-09-27 14:14:13] [build-stdout] [2026-09-27 14:14:13] [autobuild] Constructing renderer: org.gradle.github.dependencygraph.GitHubDependencyGraphRenderer
[2026-09-27 14:14:13] [build-stdout] [2026-09-27 14:14:13] [autobuild] Detected dependency 'org.gradle.toolchains:foojay-resolver:1.0.0': project = ':', configuration = 'classpath'
[2026-09-27 14:14:13] [build-stdout] [2026-09-27 14:14:13] [autobuild] Detected dependency 'org.jetbrains.kotlin:kotlin-gradle-plugin:2.2.21': project = ':', configuration = 'classpath'
[2026-09-27 14:14:13] [build-stdout] [2026-09-27 14:14:13] [autobuild] Detected dependency 'org.jetbrains.kotlin:kotlin-gradle-plugin-idea:2.2.21': project = ':', configuration = 'classpath'
[2026-09-27 14:14:13] [build-stdout] [2026-09-27 14:14:13] [autobuild] Detected dependency 'org.jetbrains.kotlin:kotlin-tooling-core:2.2.21': project = ':', configuration = 'classpath'
[2026-09-27 14:14:13] [build-stdout] [2026-09-27 14:14:13] [autobuild] Detected dependency 'org.jetbrains.kotlin:kotlin-gradle-plugin-annotations:2.2.21': project = ':', configuration = 'classpath'
[2026-09-27 14:14:13] [build-stdout] [2026-09-27 14:14:13] [autobuild] Detected dependency 'org.jetbrains.kotlin:kotlin-gradle-plugin-idea-proto:2.2.21': project = ':', configuration = 'classpath'
[2026-09-27 14:14:13] [build-stdout] [2026-09-27 14:14:13] [autobuild] Detected dependency 'org.jetbrains.kotlin:kotlin-klib-commonizer-api:2.2.21': project = ':', configuration = 'classpath'
[2026-09-27 14:14:13] [build-stdout] [2026-09-27 14:14:13] [autobuild] Detected dependency 'org.jetbrains.kotlin:kotlin-native-utils:2.2.21': project = ':', configuration = 'classpath'
[2026-09-27 14:14:13] [build-stdout] [2026-09-27 14:14:13] [autobuild] Detected dependency 'org.jetbrains.kotlin:kotlin-util-io:2.2.21': project = ':', configuration = 'classpath'
[2026-09-27 14:14:13] [build-stdout] [2026-09-27 14:14:13] [autobuild] Detected dependency 'org.jetbrains.kotlin:kotlin-util-klib:2.2.21': project = ':', configuration = 'classpath'
[2026-09-27 14:14:13] [build-stdout] [2026-09-27 14:14:13] [autobuild] Detected dependency 'org.jetbrains.kotlin:kotlin-build-statistics:2.2.21': project = ':', configuration = 'classpath'
[2026-09-27 14:14:13] [build-stdout] [2026-09-27 14:14:13] [autobuild] Detected dependency 'org.jetbrains.kotlin:kotlin-build-tools-api:2.2.21': project = ':', configuration = 'classpath'
[2026-09-27 14:14:13] [build-stdout] [2026-09-27 14:14:13] [autobuild] Detected dependency 'com.google.code.gson:gson:2.11.0': project = ':', configuration = 'classpath'
[2026-09-27 14:14:13] [build-stdout] [2026-09-27 14:14:13] [autobuild] Detected dependency 'com.google.errorprone:error_prone_annotations:2.27.0': project = ':', configuration = 'classpath'
[2026-09-27 14:14:13] [build-stdout] [2026-09-27 14:14:13] [autobuild] Detected dependency 'org.jetbrains.kotlin:kotlin-util-klib-metadata:2.2.21': project = ':', configuration = 'classpath'
[2026-09-27 14:14:13] [build-stdout] [2026-09-27 14:14:13] [autobuild] Detected dependency 'org.jetbrains.kotlin:abi-tools-api:2.2.21': project = ':', configuration = 'classpath'
[2026-09-27 14:14:13] [build-stdout] [2026-09-27 14:14:13] [autobuild] Detected dependency 'org.jetbrains.kotlin:kotlin-gradle-plugins-bom:2.2.21': project = ':', configuration = 'classpath'
[2026-09-27 14:14:13] [build-stdout] [2026-09-27 14:14:13] [autobuild] Detected dependency 'org.jetbrains.kotlin:kotlin-gradle-plugin-api:2.2.21': project = ':', configuration = 'classpath'
[2026-09-27 14:14:13] [build-stdout] [2026-09-27 14:14:13] [autobuild] Detected dependency 'org.jetbrains.kotlin:kotlin-gradle-plugin-model:2.2.21': project = ':', configuration = 'classpath'
[2026-09-27 14:14:13] [build-stdout] [2026-09-27 14:14:13] [autobuild] Detected dependency 'org.jetbrains.kotlin:fus-statistics-gradle-plugin:2.2.21': project = ':', configuration = 'classpath'
[2026-09-27 14:14:13] [build-stdout] [2026-09-27 14:14:13] [autobuild] Detected dependency 'org.jetbrains.kotlin:kotlin-allopen:2.2.21': project = ':', configuration = 'classpath'
[2026-09-27 14:14:13] [build-stdout] [2026-09-27 14:14:13] [autobuild] Detected dependency 'org.jetbrains.kotlin:kotlin-compiler-runner:2.2.21': project = ':', configuration = 'classpath'
[2026-09-27 14:14:13] [build-stdout] [2026-09-27 14:14:13] [autobuild] Detected dependency 'org.jetbrains.kotlin:kotlin-daemon-client:2.2.21': project = ':', configuration = 'classpath'
[2026-09-27 14:14:13] [build-stdout] [2026-09-27 14:14:13] [autobuild] Detected dependency 'org.jetbrains.kotlinx:kotlinx-coroutines-core-jvm:1.8.0': project = ':', configuration = 'classpath'
[2026-09-27 14:14:13] [build-stdout] [2026-09-27 14:14:13] [autobuild] Detected dependency 'org.jetbrains.kotlin:kotlin-allopen:2.2.21': project = ':', configuration = 'classpath'
[2026-09-27 14:14:13] [build-stdout] [2026-09-27 14:14:13] [autobuild] Detected dependency 'org.springframework.boot:spring-boot-gradle-plugin:3.5.7': project = ':', configuration = 'classpath'
[2026-09-27 14:14:13] [build-stdout] [2026-09-27 14:14:13] [autobuild] Detected dependency 'org.springframework.boot:spring-boot-buildpack-platform:3.5.7': project = ':', configuration = 'classpath'
[2026-09-27 14:14:13] [build-stdout] [2026-09-27 14:14:13] [autobuild] Detected dependency 'com.fasterxml.jackson.core:jackson-databind:2.19.2': project = ':', configuration = 'classpath'
[2026-09-27 14:14:13] [build-stdout] [2026-09-27 14:14:13] [autobuild] Detected dependency 'com.fasterxml.jackson.core:jackson-annotations:2.19.2': project = ':', configuration = 'classpath'
[2026-09-27 14:14:13] [build-stdout] [2026-09-27 14:14:13] [autobuild] Detected dependency 'com.fasterxml.jackson:jackson-bom:2.19.2': project = ':', configuration = 'classpath'
[2026-09-27 14:14:13] [build-stdout] [2026-09-27 14:14:13] [autobuild] Detected dependency 'com.fasterxml.jackson.core:jackson-core:2.19.2': project = ':', configuration = 'classpath'
[2026-09-27 14:14:13] [build-stdout] [2026-09-27 14:14:13] [autobuild] Detected dependency 'com.fasterxml.jackson.module:jackson-module-parameter-names:2.19.2': project = ':', configuration = 'classpath'
[2026-09-27 14:14:13] [build-stdout] [2026-09-27 14:14:13] [autobuild] Detected dependency 'net.java.dev.jna:jna-platform:5.17.0': project = ':', configuration = 'classpath'
[2026-09-27 14:14:13] [build-stdout] [2026-09-27 14:14:13] [autobuild] Detected dependency 'net.java.dev.jna:jna:5.17.0': project = ':', configuration = 'classpath'
[2026-09-27 14:14:13] [build-stdout] [2026-09-27 14:14:13] [autobuild] Detected dependency 'org.apache.commons:commons-compress:1.27.1': project = ':', configuration = 'classpath'
[2026-09-27 14:14:13] [build-stdout] [2026-09-27 14:14:13] [autobuild] Detected dependency 'commons-codec:commons-codec:1.17.1': project = ':', configuration = 'classpath'
[2026-09-27 14:14:13] [build-stdout] [2026-09-27 14:14:13] [autobuild] Detected dependency 'commons-io:commons-io:2.17.0': project = ':', configuration = 'classpath'
[2026-09-27 14:14:13] [build-stdout] [2026-09-27 14:14:13] [autobuild] Detected dependency 'org.apache.commons:commons-lang3:3.16.0': project = ':', configuration = 'classpath'
[2026-09-27 14:14:13] [build-stdout] [2026-09-27 14:14:13] [autobuild] Detected dependency 'org.apache.httpcomponents.client5:httpclient5:5.5.1': project = ':', configuration = 'classpath'
[2026-09-27 14:14:13] [build-stdout] [2026-09-27 14:14:13] [autobuild] Detected dependency 'org.apache.httpcomponents.core5:httpcore5:5.3.6': project = ':', configuration = 'classpath'
[2026-09-27 14:14:13] [build-stdout] [2026-09-27 14:14:13] [autobuild] Detected dependency 'org.apache.httpcomponents.core5:httpcore5-h2:5.3.6': project = ':', configuration = 'classpath'
[2026-09-27 14:14:13] [build-stdout] [2026-09-27 14:14:13] [autobuild] Detected dependency 'org.slf4j:slf4j-api:1.7.36': project = ':', configuration = 'classpath'
[2026-09-27 14:14:13] [build-stdout] [2026-09-27 14:14:13] [autobuild] Detected dependency 'org.springframework:spring-core:6.2.12': project = ':', configuration = 'classpath'
[2026-09-27 14:14:13] [build-stdout] [2026-09-27 14:14:13] [autobuild] Detected dependency 'org.springframework:spring-jcl:6.2.12': project = ':', configuration = 'classpath'
[2026-09-27 14:14:13] [build-stdout] [2026-09-27 14:14:13] [autobuild] Detected dependency 'org.tomlj:tomlj:1.0.0': project = ':', configuration = 'classpath'
[2026-09-27 14:14:13] [build-stdout] [2026-09-27 14:14:13] [autobuild] Detected dependency 'org.antlr:antlr4-runtime:4.7.2': project = ':', configuration = 'classpath'
[2026-09-27 14:14:13] [build-stdout] [2026-09-27 14:14:13] [autobuild] Detected dependency 'com.google.code.findbugs:jsr305:3.0.2': project = ':', configuration = 'classpath'
[2026-09-27 14:14:13] [build-stdout] [2026-09-27 14:14:13] [autobuild] Detected dependency 'org.springframework.boot:spring-boot-loader-tools:3.5.7': project = ':', configuration = 'classpath'
[2026-09-27 14:14:13] [build-stdout] [2026-09-27 14:14:13] [autobuild] Detected dependency 'io.spring.gradle:dependency-management-plugin:1.1.7': project = ':', configuration = 'classpath'
[2026-09-27 14:14:13] [build-stdout] [2026-09-27 14:14:13] [autobuild] Detected dependency 'io.spring.gradle:dependency-management-plugin:1.1.7': project = ':', configuration = 'classpath'
[2026-09-27 14:14:13] [build-stdout] [2026-09-27 14:14:13] [autobuild] Detected dependency 'org.jlleitschuh.gradle:ktlint-gradle:12.3.0': project = ':', configuration = 'classpath'
[2026-09-27 14:14:13] [build-stdout] [2026-09-27 14:14:13] [autobuild] Detected dependency 'net.swiftzer.semver:semver:1.1.1': project = ':', configuration = 'classpath'
[2026-09-27 14:14:13] [build-stdout] [2026-09-27 14:14:13] [autobuild] Detected dependency 'org.jetbrains.kotlinx:kover-gradle-plugin:0.9.1': project = ':', configuration = 'classpath'
[2026-09-27 14:14:13] [build-stdout] [2026-09-27 14:14:13] [autobuild] Detected dependency 'org.jetbrains.kotlinx:kover-features-jvm:0.9.1': project = ':', configuration = 'classpath'
[2026-09-27 14:14:13] [build-stdout] [2026-09-27 14:14:13] [autobuild] Detected dependency 'org.jetbrains.intellij.deps:intellij-coverage-reporter:1.0.765': project = ':', configuration = 'classpath'
[2026-09-27 14:14:13] [build-stdout] [2026-09-27 14:14:13] [autobuild] Detected dependency 'org.jetbrains.intellij.deps:coverage-report:1.0.25': project = ':', configuration = 'classpath'
[2026-09-27 14:14:13] [build-stdout] [2026-09-27 14:14:13] [autobuild] Detected dependency 'org.freemarker:freemarker:2.3.32': project = ':', configuration = 'classpath'
[2026-09-27 14:14:13] [build-stdout] [2026-09-27 14:14:13] [autobuild] Detected dependency 'org.jetbrains:annotations:13.0': project = ':', configuration = 'classpath'
[2026-09-27 14:14:13] [build-stdout] [2026-09-27 14:14:13] [autobuild] Detected dependency 'org.jetbrains.intellij.deps:intellij-coverage-agent:1.0.765': project = ':', configuration = 'classpath'
[2026-09-27 14:14:13] [build-stdout] [2026-09-27 14:14:13] [autobuild] Detected dependency 'org.jetbrains.kotlin:kotlin-stdlib:2.3.0': project = ':', configuration = 'classpath'
[2026-09-27 14:14:13] [build-stdout] [2026-09-27 14:14:13] [autobuild] Detected dependency 'org.jetbrains.kotlinx:kover-jvm-agent:0.9.1': project = ':', configuration = 'classpath'
[2026-09-27 14:14:13] [build-stdout] [2026-09-27 14:14:13] [autobuild] Detected dependency 'org.jetbrains.kotlin:kotlin-stdlib:2.3.0': project = ':', configuration = 'classpath'
[2026-09-27 14:14:13] [build-stdout] [2026-09-27 14:14:13] [autobuild] Detected dependency 'org.jetbrains:annotations:13.0': project = ':', configuration = 'classpath'
[2026-09-27 14:14:13] [build-stdout] [2026-09-27 14:14:13] [autobuild] Detected dependency 'org.jetbrains.kotlin:kotlin-stdlib:2.2.21': project = ':modules:lookthrough', configuration = 'apiDependenciesMetadata'
[2026-09-27 14:14:13] [build-stdout] [2026-09-27 14:14:13] [autobuild] Detected dependency 'org.jetbrains.kotlin:kotlin-stdlib:2.2.21': project = ':modules:control-panel', configuration = 'apiDependenciesMetadata'
[2026-09-27 14:14:13] [build-stdout] [2026-09-27 14:14:13] [autobuild] Detected dependency 'org.jetbrains.kotlin:kotlin-stdlib:2.2.21': project = ':modules:analytics', configuration = 'apiDependenciesMetadata'
[2026-09-27 14:14:13] [build-stdout] [2026-09-27 14:14:13] [autobuild] Detected dependency 'org.jetbrains.kotlin:kotlin-stdlib:2.2.21': project = ':modules:ontology', configuration = 'apiDependenciesMetadata'
[2026-09-27 14:14:13] [build-stdout] [2026-09-27 14:14:13] [autobuild] Detected dependency 'org.jetbrains.kotlin:kotlin-stdlib:2.2.21': project = ':modules:ibor-core', configuration = 'apiDependenciesMetadata'
[2026-09-27 14:14:13] [build-stdout] [2026-09-27 14:14:13] [autobuild] Detected dependency 'org.jetbrains.kotlin:kotlin-stdlib:2.2.21': project = ':modules:deal-sourcing', configuration = 'apiDependenciesMetadata'
[2026-09-27 14:14:13] [build-stdout] [2026-09-27 14:14:13] [autobuild] Detected dependency 'org.jetbrains.kotlin:kotlin-stdlib:2.2.21': project = ':modules:ingestion', configuration = 'apiDependenciesMetadata'
[2026-09-27 14:14:13] [build-stdout] [2026-09-27 14:14:13] [autobuild] Detected dependency 'org.springframework.boot:spring-boot-dependencies:3.5.7': project = ':', configuration = 'detachedConfiguration9'
[2026-09-27 14:14:13] [build-stdout] [2026-09-27 14:14:13] [autobuild] Detected dependency 'org.jetbrains.kotlin:kotlin-stdlib:2.2.21': project = ':modules:recon', configuration = 'apiDependenciesMetadata'
[2026-09-27 14:14:13] [build-stdout] [2026-09-27 14:14:13] [autobuild] Detected dependency 'org.jetbrains.kotlin:kotlin-stdlib:2.2.21': project = ':modules:persistence', configuration = 'apiDependenciesMetadata'
[2026-09-27 14:14:13] [build-stdout] [2026-09-27 14:14:13] [autobuild] Detected dependency 'org.apache.activemq:activemq-bom:6.1.8': project = ':', configuration = 'detachedConfiguration10'
[2026-09-27 14:14:13] [build-stdout] [2026-09-27 14:14:13] [autobuild] Detected dependency 'org.apache.activemq:artemis-bom:2.40.0': project = ':', configuration = 'detachedConfiguration11'
[2026-09-27 14:14:13] [build-stdout] [2026-09-27 14:14:13] [autobuild] Detected dependency 'org.apache.activemq:artemis-project:2.40.0': project = ':', configuration = 'detachedConfiguration12'
[2026-09-27 14:14:13] [build-stdout] [2026-09-27 14:14:13] [autobuild] Detected dependency 'org.apache:apache:33': project = ':', configuration = 'detachedConfiguration13'
[2026-09-27 14:14:13] [build-stdout] [2026-09-27 14:14:13] [autobuild] Detected dependency 'org.assertj:assertj-bom:3.27.6': project = ':', configuration = 'detachedConfiguration14'
[2026-09-27 14:14:13] [build-stdout] [2026-09-27 14:14:13] [autobuild] Detected dependency 'io.zipkin.reporter2:zipkin-reporter-bom:3.5.1': project = ':', configuration = 'detachedConfiguration15'
[2026-09-27 14:14:13] [build-stdout] [2026-09-27 14:14:13] [autobuild] Detected dependency 'io.zipkin.brave:brave-bom:6.1.0': project = ':', configuration = 'detachedConfiguration16'
[2026-09-27 14:14:13] [build-stdout] [2026-09-27 14:14:13] [autobuild] Detected dependency 'org.apache.cassandra:java-driver-bom:4.19.1': project = ':', configuration = 'detachedConfiguration17'
[2026-09-27 14:14:13] [build-stdout] [2026-09-27 14:14:13] [autobuild] Detected dependency 'org.glassfish.jaxb:jaxb-bom:4.0.6': project = ':', configuration = 'detachedConfiguration18'
[2026-09-27 14:14:13] [build-stdout] [2026-09-27 14:14:13] [autobuild] Detected dependency 'org.eclipse.ee4j:project:1.0.9': project = ':', configuration = 'detachedConfiguration19'
[2026-09-27 14:14:13] [build-stdout] [2026-09-27 14:14:13] [autobuild] Detected dependency 'org.apache.groovy:groovy-bom:4.0.29': project = ':', configuration = 'detachedConfiguration20'
[2026-09-27 14:14:13] [build-stdout] [2026-09-27 14:14:13] [autobuild] Detected dependency 'org.infinispan:infinispan-bom:15.2.6.Final': project = ':', configuration = 'detachedConfiguration21'
[2026-09-27 14:14:13] [build-stdout] [2026-09-27 14:14:13] [autobuild] Detected dependency 'org.infinispan:infinispan-build-configuration-parent:15.2.6.Final': project = ':', configuration = 'detachedConfiguration22'
[2026-09-27 14:14:13] [build-stdout] [2026-09-27 14:14:13] [autobuild] Detected dependency 'com.fasterxml.jackson:jackson-bom:2.19.2': project = ':', configuration = 'detachedConfiguration23'
[2026-09-27 14:14:13] [build-stdout] [2026-09-27 14:14:13] [autobuild] Detected dependency 'com.fasterxml.jackson:jackson-parent:2.19.3': project = ':', configuration = 'detachedConfiguration24'
[2026-09-27 14:14:13] [build-stdout] [2026-09-27 14:14:13] [autobuild] Detected dependency 'com.fasterxml:oss-parent:69': project = ':', configuration = 'detachedConfiguration25'
[2026-09-27 14:14:13] [build-stdout] [2026-09-27 14:14:13] [autobuild] Detected dependency 'org.glassfish.jersey:jersey-bom:3.1.11': project = ':', configuration = 'detachedConfiguration26'
[2026-09-27 14:14:13] [build-stdout] [2026-09-27 14:14:13] [autobuild] Detected dependency 'org.eclipse.jetty.ee10:jetty-ee10-bom:12.0.29': project = ':', configuration = 'detachedConfiguration27'
[2026-09-27 14:14:13] [build-stdout] [2026-09-27 14:14:13] [autobuild] Detected dependency 'org.eclipse.jetty:jetty-bom:12.0.29': project = ':', configuration = 'detachedConfiguration28'
[2026-09-27 14:14:13] [build-stdout] [2026-09-27 14:14:13] [autobuild] Detected dependency 'org.junit:junit-bom:5.12.2': project = ':', configuration = 'detachedConfiguration29'
[2026-09-27 14:14:13] [build-stdout] [2026-09-27 14:14:13] [autobuild] Detected dependency 'org.jetbrains.kotlin:kotlin-bom:2.2.21': project = ':', configuration = 'detachedConfiguration30'
[2026-09-27 14:14:13] [build-stdout] [2026-09-27 14:14:13] [autobuild] Detected dependency 'org.jetbrains.kotlinx:kotlinx-coroutines-bom:1.8.1': project = ':', configuration = 'detachedConfiguration31'
[2026-09-27 14:14:13] [build-stdout] [2026-09-27 14:14:13] [autobuild] Detected dependency 'org.jetbrains.kotlin:kotlin-stdlib:2.2.21': project = ':modules:lookthrough', configuration = 'compileClasspath'
[2026-09-27 14:14:13] [build-stdout] [2026-09-27 14:14:13] [autobuild] Detected dependency 'org.jetbrains:annotations:13.0': project = ':modules:lookthrough', configuration = 'compileClasspath'
[2026-09-27 14:14:13] [build-stdout] [2026-09-27 14:14:13] [autobuild] Detected dependency 'org.jetbrains.kotlinx:kotlinx-serialization-bom:1.6.3': project = ':', configuration = 'detachedConfiguration32'
[2026-09-27 14:14:13] [build-stdout] [2026-09-27 14:14:13] [autobuild] Detected dependency 'org.jetbrains.kotlin:kotlin-stdlib:2.2.21': project = ':modules:lookthrough', configuration = 'implementationDependenciesMetadata'
[2026-09-27 14:14:13] [build-stdout] [2026-09-27 14:14:13] [autobuild] Detected dependency 'org.jetbrains.kotlin:kotlin-stdlib:2.2.21': project = ':modules:persistence', configuration = 'compileClasspath'
[2026-09-27 14:14:13] [build-stdout] [2026-09-27 14:14:13] [autobuild] Detected dependency 'org.jetbrains:annotations:13.0': project = ':modules:persistence', configuration = 'compileClasspath'
[2026-09-27 14:14:13] [build-stdout] [2026-09-27 14:14:13] [autobuild] Detected dependency 'org.jetbrains.kotlin:kotlin-stdlib:2.2.21': project = ':modules:ibor-core', configuration = 'compileClasspath'
[2026-09-27 14:14:13] [build-stdout] [2026-09-27 14:14:13] [autobuild] Detected dependency 'org.jetbrains:annotations:13.0': project = ':modules:ibor-core', configuration = 'compileClasspath'
[2026-09-27 14:14:13] [build-stdout] [2026-09-27 14:14:13] [autobuild] Detected dependency 'org.jetbrains.kotlin:kotlin-stdlib:2.2.21': project = ':modules:persistence', configuration = 'implementationDependenciesMetadata'
[2026-09-27 14:14:13] [build-stdout] [2026-09-27 14:14:13] [autobuild] Detected dependency 'org.jetbrains.kotlin:kotlin-stdlib:2.2.21': project = ':modules:ibor-core', configuration = 'implementationDependenciesMetadata'
[2026-09-27 14:14:13] [build-stdout] [2026-09-27 14:14:13] [autobuild] Detected dependency 'org.apache.logging.log4j:log4j-bom:2.24.3': project = ':', configuration = 'detachedConfiguration33'
[2026-09-27 14:14:13] [build-stdout] [2026-09-27 14:14:13] [autobuild] Detected dependency 'org.jetbrains.kotlin:kotlin-stdlib:2.2.21': project = ':modules:control-panel', configuration = 'compileClasspath'
[2026-09-27 14:14:13] [build-stdout] [2026-09-27 14:14:13] [autobuild] Detected dependency 'org.jetbrains:annotations:13.0': project = ':modules:control-panel', configuration = 'compileClasspath'
[2026-09-27 14:14:13] [build-stdout] [2026-09-27 14:14:13] [autobuild] Detected dependency 'com.fasterxml.jackson.core:jackson-databind:2.19.2': project = ':modules:control-panel', configuration = 'compileClasspath'
[2026-09-27 14:14:13] [build-stdout] [2026-09-27 14:14:13] [autobuild] Detected dependency 'com.fasterxml.jackson.core:jackson-annotations:2.19.2': project = ':modules:control-panel', configuration = 'compileClasspath'
[2026-09-27 14:14:13] [build-stdout] [2026-09-27 14:14:13] [autobuild] Detected dependency 'com.fasterxml.jackson:jackson-bom:2.19.2': project = ':modules:control-panel', configuration = 'compileClasspath'
[2026-09-27 14:14:13] [build-stdout] [2026-09-27 14:14:13] [autobuild] Detected dependency 'com.fasterxml.jackson.core:jackson-core:2.19.2': project = ':modules:control-panel', configuration = 'compileClasspath'
[2026-09-27 14:14:13] [build-stdout] [2026-09-27 14:14:13] [autobuild] Detected dependency 'com.fasterxml.jackson.module:jackson-module-kotlin:2.19.2': project = ':modules:control-panel', configuration = 'compileClasspath'
[2026-09-27 14:14:13] [build-stdout] [2026-09-27 14:14:13] [autobuild] Detected dependency 'org.jetbrains.kotlin:kotlin-reflect:1.9.25': project = ':modules:control-panel', configuration = 'compileClasspath'
[2026-09-27 14:14:13] [build-stdout] [2026-09-27 14:14:13] [autobuild] Detected dependency 'com.fasterxml.jackson.module:jackson-module-kotlin:2.19.2': project = ':modules:control-panel', configuration = 'compileClasspath'
[2026-09-27 14:14:13] [build-stdout] [2026-09-27 14:14:13] [autobuild] Detected dependency 'org.apache.logging:logging-parent:11.3.0': project = ':', configuration = 'detachedConfiguration34'
[2026-09-27 14:14:13] [build-stdout] [2026-09-27 14:14:13] [autobuild] Detected dependency 'org.jetbrains.kotlin:kotlin-stdlib:2.2.21': project = ':modules:control-panel', configuration = 'implementationDependenciesMetadata'
[2026-09-27 14:14:13] [build-stdout] [2026-09-27 14:14:13] [autobuild] Detected dependency 'com.fasterxml.jackson.core:jackson-databind:2.19.2': project = ':modules:control-panel', configuration = 'implementationDependenciesMetadata'
[2026-09-27 14:14:13] [build-stdout] [2026-09-27 14:14:13] [autobuild] Detected dependency 'com.fasterxml.jackson.core:jackson-annotations:2.19.2': project = ':modules:control-panel', configuration = 'implementationDependenciesMetadata'
[2026-09-27 14:14:13] [build-stdout] [2026-09-27 14:14:13] [autobuild] Detected dependency 'com.fasterxml.jackson:jackson-bom:2.19.2': project = ':modules:control-panel', configuration = 'implementationDependenciesMetadata'
[2026-09-27 14:14:13] [build-stdout] [2026-09-27 14:14:13] [autobuild] Detected dependency 'com.fasterxml.jackson.core:jackson-core:2.19.2': project = ':modules:control-panel', configuration = 'implementationDependenciesMetadata'
[2026-09-27 14:14:13] [build-stdout] [2026-09-27 14:14:13] [autobuild] Detected dependency 'com.fasterxml.jackson.module:jackson-module-kotlin:2.19.2': project = ':modules:control-panel', configuration = 'implementationDependenciesMetadata'
[2026-09-27 14:14:13] [build-stdout] [2026-09-27 14:14:13] [autobuild] Detected dependency 'org.jetbrains.kotlin:kotlin-reflect:1.9.25': project = ':modules:control-panel', configuration = 'implementationDependenciesMetadata'
[2026-09-27 14:14:13] [build-stdout] [2026-09-27 14:14:13] [autobuild] Detected dependency 'com.fasterxml.jackson.module:jackson-module-kotlin:2.19.2': project = ':modules:control-panel', configuration = 'implementationDependenciesMetadata'
[2026-09-27 14:14:13] [build-stdout] [2026-09-27 14:14:13] [autobuild] Detected dependency 'org.jetbrains.kotlin:kotlin-stdlib:2.2.21': project = ':modules:deal-sourcing', configuration = 'compileClasspath'
[2026-09-27 14:14:13] [build-stdout] [2026-09-27 14:14:13] [autobuild] Detected dependency 'org.jetbrains:annotations:13.0': project = ':modules:deal-sourcing', configuration = 'compileClasspath'
[2026-09-27 14:14:13] [build-stdout] [2026-09-27 14:14:13] [autobuild] Detected dependency 'project :modules:persistence': project = ':modules:deal-sourcing', configuration = 'compileClasspath'
[2026-09-27 14:14:13] [build-stdout] [2026-09-27 14:14:13] [autobuild] Detected dependency 'org.jetbrains.kotlin:kotlin-stdlib:2.2.21': project = ':modules:deal-sourcing', configuration = 'implementationDependenciesMetadata'
[2026-09-27 14:14:13] [build-stdout] [2026-09-27 14:14:13] [autobuild] Detected dependency 'project :modules:persistence': project = ':modules:deal-sourcing', configuration = 'implementationDependenciesMetadata'
[2026-09-27 14:14:13] [build-stdout] [2026-09-27 14:14:13] [autobuild] Detected dependency 'org.jetbrains.kotlin:kotlin-stdlib:2.2.21': project = ':modules:analytics', configuration = 'compileClasspath'
[2026-09-27 14:14:13] [build-stdout] [2026-09-27 14:14:13] [autobuild] Detected dependency 'org.jetbrains:annotations:13.0': project = ':modules:analytics', configuration = 'compileClasspath'
[2026-09-27 14:14:13] [build-stdout] [2026-09-27 14:14:13] [autobuild] Detected dependency 'project :modules:persistence': project = ':modules:analytics', configuration = 'compileClasspath'
[2026-09-27 14:14:13] [build-stdout] [2026-09-27 14:14:13] [autobuild] Detected dependency 'io.micrometer:micrometer-bom:1.15.5': project = ':', configuration = 'detachedConfiguration35'
[2026-09-27 14:14:13] [build-stdout] [2026-09-27 14:14:13] [autobuild] Detected dependency 'org.jetbrains.kotlin:kotlin-stdlib:2.2.21': project = ':modules:analytics', configuration = 'implementationDependenciesMetadata'
[2026-09-27 14:14:13] [build-stdout] [2026-09-27 14:14:13] [autobuild] Detected dependency 'project :modules:persistence': project = ':modules:analytics', configuration = 'implementationDependenciesMetadata'
[2026-09-27 14:14:13] [build-stdout] [2026-09-27 14:14:13] [autobuild] Detected dependency 'org.jetbrains.kotlin:kotlin-stdlib:2.2.21': project = ':modules:ingestion', configuration = 'compileClasspath'
[2026-09-27 14:14:13] [build-stdout] [2026-09-27 14:14:13] [autobuild] Detected dependency 'org.jetbrains:annotations:13.0': project = ':modules:ingestion', configuration = 'compileClasspath'
[2026-09-27 14:14:13] [build-stdout] [2026-09-27 14:14:13] [autobuild] Detected dependency 'project :modules:control-panel': project = ':modules:ingestion', configuration = 'compileClasspath'
[2026-09-27 14:14:13] [build-stdout] [2026-09-27 14:14:13] [autobuild] Detected dependency 'project :modules:persistence': project = ':modules:ingestion', configuration = 'compileClasspath'
[2026-09-27 14:14:13] [build-stdout] [2026-09-27 14:14:13] [autobuild] Detected dependency 'com.fasterxml.jackson.core:jackson-databind:2.19.2': project = ':modules:ingestion', configuration = 'compileClasspath'
[2026-09-27 14:14:13] [build-stdout] [2026-09-27 14:14:13] [autobuild] Detected dependency 'com.fasterxml.jackson.core:jackson-annotations:2.19.2': project = ':modules:ingestion', configuration = 'compileClasspath'
[2026-09-27 14:14:13] [build-stdout] [2026-09-27 14:14:13] [autobuild] Detected dependency 'com.fasterxml.jackson:jackson-bom:2.19.2': project = ':modules:ingestion', configuration = 'compileClasspath'
[2026-09-27 14:14:13] [build-stdout] [2026-09-27 14:14:13] [autobuild] Detected dependency 'com.fasterxml.jackson.core:jackson-core:2.19.2': project = ':modules:ingestion', configuration = 'compileClasspath'
[2026-09-27 14:14:13] [build-stdout] [2026-09-27 14:14:13] [autobuild] Detected dependency 'io.micrometer:micrometer-tracing-bom:1.5.5': project = ':', configuration = 'detachedConfiguration36'
[2026-09-27 14:14:13] [build-stdout] [2026-09-27 14:14:13] [autobuild] Detected dependency 'org.jetbrains.kotlin:kotlin-stdlib:2.2.21': project = ':modules:recon', configuration = 'compileClasspath'
[2026-09-27 14:14:13] [build-stdout] [2026-09-27 14:14:13] [autobuild] Detected dependency 'org.jetbrains:annotations:13.0': project = ':modules:recon', configuration = 'compileClasspath'
[2026-09-27 14:14:13] [build-stdout] [2026-09-27 14:14:13] [autobuild] Detected dependency 'project :modules:ibor-core': project = ':modules:recon', configuration = 'compileClasspath'
[2026-09-27 14:14:13] [build-stdout] [2026-09-27 14:14:13] [autobuild] Detected dependency 'project :modules:analytics': project = ':modules:recon', configuration = 'compileClasspath'
[2026-09-27 14:14:13] [build-stdout] [2026-09-27 14:14:13] [autobuild] Detected dependency 'project :modules:lookthrough': project = ':modules:recon', configuration = 'compileClasspath'
[2026-09-27 14:14:13] [build-stdout] [2026-09-27 14:14:13] [autobuild] Detected dependency 'project :modules:persistence': project = ':modules:recon', configuration = 'compileClasspath'
[2026-09-27 14:14:13] [build-stdout] [2026-09-27 14:14:13] [autobuild] Detected dependency 'com.fasterxml.jackson.core:jackson-databind:2.19.2': project = ':modules:recon', configuration = 'compileClasspath'
[2026-09-27 14:14:13] [build-stdout] [2026-09-27 14:14:13] [autobuild] Detected dependency 'com.fasterxml.jackson.core:jackson-annotations:2.19.2': project = ':modules:recon', configuration = 'compileClasspath'
[2026-09-27 14:14:13] [build-stdout] [2026-09-27 14:14:13] [autobuild] Detected dependency 'com.fasterxml.jackson:jackson-bom:2.19.2': project = ':modules:recon', configuration = 'compileClasspath'
[2026-09-27 14:14:13] [build-stdout] [2026-09-27 14:14:13] [autobuild] Detected dependency 'com.fasterxml.jackson.core:jackson-core:2.19.2': project = ':modules:recon', configuration = 'compileClasspath'
[2026-09-27 14:14:13] [build-stdout] [2026-09-27 14:14:13] [autobuild] Detected dependency 'org.jetbrains.kotlin:kotlin-stdlib:2.2.21': project = ':modules:ingestion', configuration = 'implementationDependenciesMetadata'
[2026-09-27 14:14:13] [build-stdout] [2026-09-27 14:14:13] [autobuild] Detected dependency 'project :modules:control-panel': project = ':modules:ingestion', configuration = 'implementationDependenciesMetadata'
[2026-09-27 14:14:13] [build-stdout] [2026-09-27 14:14:13] [autobuild] Detected dependency 'project :modules:persistence': project = ':modules:ingestion', configuration = 'implementationDependenciesMetadata'
[2026-09-27 14:14:13] [build-stdout] [2026-09-27 14:14:13] [autobuild] Detected dependency 'com.fasterxml.jackson.core:jackson-databind:2.19.2': project = ':modules:ingestion', configuration = 'implementationDependenciesMetadata'
[2026-09-27 14:14:13] [build-stdout] [2026-09-27 14:14:13] [autobuild] Detected dependency 'com.fasterxml.jackson.core:jackson-annotations:2.19.2': project = ':modules:ingestion', configuration = 'implementationDependenciesMetadata'
[2026-09-27 14:14:13] [build-stdout] [2026-09-27 14:14:13] [autobuild] Detected dependency 'com.fasterxml.jackson:jackson-bom:2.19.2': project = ':modules:ingestion', configuration = 'implementationDependenciesMetadata'
[2026-09-27 14:14:13] [build-stdout] [2026-09-27 14:14:13] [autobuild] Detected dependency 'com.fasterxml.jackson.core:jackson-core:2.19.2': project = ':modules:ingestion', configuration = 'implementationDependenciesMetadata'
[2026-09-27 14:14:13] [build-stdout] [2026-09-27 14:14:13] [autobuild] Detected dependency 'org.jetbrains.kotlin:kotlin-stdlib:2.2.21': project = ':modules:recon', configuration = 'implementationDependenciesMetadata'
[2026-09-27 14:14:13] [build-stdout] [2026-09-27 14:14:13] [autobuild] Detected dependency 'project :modules:ibor-core': project = ':modules:recon', configuration = 'implementationDependenciesMetadata'
[2026-09-27 14:14:13] [build-stdout] [2026-09-27 14:14:13] [autobuild] Detected dependency 'project :modules:analytics': project = ':modules:recon', configuration = 'implementationDependenciesMetadata'
[2026-09-27 14:14:13] [build-stdout] [2026-09-27 14:14:13] [autobuild] Detected dependency 'project :modules:lookthrough': project = ':modules:recon', configuration = 'implementationDependenciesMetadata'
[2026-09-27 14:14:13] [build-stdout] [2026-09-27 14:14:13] [autobuild] Detected dependency 'project :modules:persistence': project = ':modules:recon', configuration = 'implementationDependenciesMetadata'
[2026-09-27 14:14:13] [build-stdout] [2026-09-27 14:14:13] [autobuild] Detected dependency 'com.fasterxml.jackson.core:jackson-databind:2.19.2': project = ':modules:recon', configuration = 'implementationDependenciesMetadata'
[2026-09-27 14:14:13] [build-stdout] [2026-09-27 14:14:13] [autobuild] Detected dependency 'com.fasterxml.jackson.core:jackson-annotations:2.19.2': project = ':modules:recon', configuration = 'implementationDependenciesMetadata'
[2026-09-27 14:14:13] [build-stdout] [2026-09-27 14:14:13] [autobuild] Detected dependency 'com.fasterxml.jackson:jackson-bom:2.19.2': project = ':modules:recon', configuration = 'implementationDependenciesMetadata'
[2026-09-27 14:14:13] [build-stdout] [2026-09-27 14:14:13] [autobuild] Detected dependency 'com.fasterxml.jackson.core:jackson-core:2.19.2': project = ':modules:recon', configuration = 'implementationDependenciesMetadata'
[2026-09-27 14:14:13] [build-stdout] [2026-09-27 14:14:13] [autobuild] Detected dependency 'org.mockito:mockito-bom:5.17.0': project = ':', configuration = 'detachedConfiguration37'
[2026-09-27 14:14:13] [build-stdout] [2026-09-27 14:14:13] [autobuild] Detected dependency 'org.jetbrains.kotlin:kotlin-stdlib:2.2.21': project = ':modules:ontology', configuration = 'compileClasspath'
[2026-09-27 14:14:13] [build-stdout] [2026-09-27 14:14:13] [autobuild] Detected dependency 'org.jetbrains:annotations:13.0': project = ':modules:ontology', configuration = 'compileClasspath'
[2026-09-27 14:14:13] [build-stdout] [2026-09-27 14:14:13] [autobuild] Detected dependency 'org.apache.jena:jena-shacl:6.1.0': project = ':modules:ontology', configuration = 'compileClasspath'
[2026-09-27 14:14:13] [build-stdout] [2026-09-27 14:14:13] [autobuild] Detected dependency 'org.apache.jena:jena-arq:6.1.0': project = ':modules:ontology', configuration = 'compileClasspath'
[2026-09-27 14:14:13] [build-stdout] [2026-09-27 14:14:13] [autobuild] Detected dependency 'org.apache.jena:jena-core:6.1.0': project = ':modules:ontology', configuration = 'compileClasspath'
[2026-09-27 14:14:13] [build-stdout] [2026-09-27 14:14:13] [autobuild] Detected dependency 'org.apache.jena:jena-base:6.1.0': project = ':modules:ontology', configuration = 'compileClasspath'
[2026-09-27 14:14:13] [build-stdout] [2026-09-27 14:14:13] [autobuild] Detected dependency 'org.slf4j:slf4j-api:2.0.17': project = ':modules:ontology', configuration = 'compileClasspath'
[2026-09-27 14:14:13] [build-stdout] [2026-09-27 14:14:13] [autobuild] Detected dependency 'org.apache.commons:commons-csv:1.14.1': project = ':modules:ontology', configuration = 'compileClasspath'
[2026-09-27 14:14:13] [build-stdout] [2026-09-27 14:14:13] [autobuild] Detected dependency 'commons-io:commons-io:2.22.0': project = ':modules:ontology', configuration = 'compileClasspath'
[2026-09-27 14:14:13] [build-stdout] [2026-09-27 14:14:13] [autobuild] Detected dependency 'commons-codec:commons-codec:1.22.0': project = ':modules:ontology', configuration = 'compileClasspath'
[2026-09-27 14:14:13] [build-stdout] [2026-09-27 14:14:13] [autobuild] Detected dependency 'org.apache.commons:commons-lang3:3.20.0': project = ':modules:ontology', configuration = 'compileClasspath'
[2026-09-27 14:14:13] [build-stdout] [2026-09-27 14:14:13] [autobuild] Detected dependency 'org.apache.commons:commons-compress:1.28.0': project = ':modules:ontology', configuration = 'compileClasspath'
[2026-09-27 14:14:13] [build-stdout] [2026-09-27 14:14:13] [autobuild] Detected dependency 'org.apache.commons:commons-collections4:4.5.0': project = ':modules:ontology', configuration = 'compileClasspath'
[2026-09-27 14:14:13] [build-stdout] [2026-09-27 14:14:13] [autobuild] Detected dependency 'com.github.ben-manes.caffeine:caffeine:3.2.3': project = ':modules:ontology', configuration = 'compileClasspath'
[2026-09-27 14:14:13] [build-stdout] [2026-09-27 14:14:13] [autobuild] Detected dependency 'org.jspecify:jspecify:1.0.0': project = ':modules:ontology', configuration = 'compileClasspath'
[2026-09-27 14:14:13] [build-stdout] [2026-09-27 14:14:13] [autobuild] Detected dependency 'com.github.andrewoma.dexx:collection:0.7': project = ':modules:ontology', configuration = 'compileClasspath'
[2026-09-27 14:14:13] [build-stdout] [2026-09-27 14:14:13] [autobuild] Detected dependency 'org.apache.jena:jena-iri3986:6.1.0': project = ':modules:ontology', configuration = 'compileClasspath'
[2026-09-27 14:14:13] [build-stdout] [2026-09-27 14:14:13] [autobuild] Detected dependency 'org.apache.jena:jena-langtag:6.1.0': project = ':modules:ontology', configuration = 'compileClasspath'
[2026-09-27 14:14:13] [build-stdout] [2026-09-27 14:14:13] [autobuild] Detected dependency 'org.roaringbitmap:RoaringBitmap:1.6.14': project = ':modules:ontology', configuration = 'compileClasspath'
[2026-09-27 14:14:13] [build-stdout] [2026-09-27 14:14:13] [autobuild] Detected dependency 'com.google.code.gson:gson:2.13.2': project = ':modules:ontology', configuration = 'compileClasspath'
[2026-09-27 14:14:13] [build-stdout] [2026-09-27 14:14:13] [autobuild] Detected dependency 'com.google.errorprone:error_prone_annotations:2.41.0': project = ':modules:ontology', configuration = 'compileClasspath'
[2026-09-27 14:14:13] [build-stdout] [2026-09-27 14:14:13] [autobuild] Detected dependency 'org.slf4j:jcl-over-slf4j:2.0.17': project = ':modules:ontology', configuration = 'compileClasspath'
[2026-09-27 14:14:13] [build-stdout] [2026-09-27 14:14:13] [autobuild] Detected dependency 'com.apicatalog:titanium-json-ld:1.7.0': project = ':modules:ontology', configuration = 'compileClasspath'
[2026-09-27 14:14:13] [build-stdout] [2026-09-27 14:14:13] [autobuild] Detected dependency 'com.apicatalog:titanium-jcs:1.1.1': project = ':modules:ontology', configuration = 'compileClasspath'
[2026-09-27 14:14:13] [build-stdout] [2026-09-27 14:14:13] [autobuild] Detected dependency 'com.apicatalog:titanium-rdf-api:1.0.0': project = ':modules:ontology', configuration = 'compileClasspath'
[2026-09-27 14:14:13] [build-stdout] [2026-09-27 14:14:13] [autobuild] Detected dependency 'com.apicatalog:titanium-rdf-n-quads:1.0.2': project = ':modules:ontology', configuration = 'compileClasspath'
[2026-09-27 14:14:13] [build-stdout] [2026-09-27 14:14:13] [autobuild] Detected dependency 'org.glassfish:jakarta.json:2.0.1': project = ':modules:ontology', configuration = 'compileClasspath'
[2026-09-27 14:14:13] [build-stdout] [2026-09-27 14:14:13] [autobuild] Detected dependency 'com.google.protobuf:protobuf-java:4.34.1': project = ':modules:ontology', configuration = 'compileClasspath'
[2026-09-27 14:14:13] [build-stdout] [2026-09-27 14:14:13] [autobuild] Detected dependency 'org.apache.thrift:libthrift:0.22.0': project = ':modules:ontology', configuration = 'compileClasspath'
[2026-09-27 14:14:13] [build-stdout] [2026-09-27 14:14:13] [autobuild] Detected dependency 'org.apache.jena:jena-arq:6.1.0': project = ':modules:ontology', configuration = 'compileClasspath'
[2026-09-27 14:14:13] [build-stdout] [2026-09-27 14:14:13] [autobuild] Detected dependency 'org.mongodb:mongodb-driver-bom:5.5.2': project = ':', configuration = 'detachedConfiguration38'
[2026-09-27 14:14:13] [build-stdout] [2026-09-27 14:14:13] [autobuild] Detected dependency 'org.jetbrains.kotlin:kotlin-stdlib:2.2.21': project = ':modules:ontology', configuration = 'implementationDependenciesMetadata'
[2026-09-27 14:14:13] [build-stdout] [2026-09-27 14:14:13] [autobuild] Detected dependency 'org.apache.jena:jena-shacl:6.1.0': project = ':modules:ontology', configuration = 'implementationDependenciesMetadata'
[2026-09-27 14:14:13] [build-stdout] [2026-09-27 14:14:13] [autobuild] Detected dependency 'org.apache.jena:jena-arq:6.1.0': project = ':modules:ontology', configuration = 'implementationDependenciesMetadata'
[2026-09-27 14:14:13] [build-stdout] [2026-09-27 14:14:13] [autobuild] Detected dependency 'org.apache.jena:jena-core:6.1.0': project = ':modules:ontology', configuration = 'implementationDependenciesMetadata'
[2026-09-27 14:14:13] [build-stdout] [2026-09-27 14:14:13] [autobuild] Detected dependency 'org.apache.jena:jena-base:6.1.0': project = ':modules:ontology', configuration = 'implementationDependenciesMetadata'
[2026-09-27 14:14:13] [build-stdout] [2026-09-27 14:14:13] [autobuild] Detected dependency 'org.slf4j:slf4j-api:2.0.17': project = ':modules:ontology', configuration = 'implementationDependenciesMetadata'
[2026-09-27 14:14:13] [build-stdout] [2026-09-27 14:14:13] [autobuild] Detected dependency 'org.apache.commons:commons-csv:1.14.1': project = ':modules:ontology', configuration = 'implementationDependenciesMetadata'
[2026-09-27 14:14:13] [build-stdout] [2026-09-27 14:14:13] [autobuild] Detected dependency 'commons-io:commons-io:2.22.0': project = ':modules:ontology', configuration = 'implementationDependenciesMetadata'
[2026-09-27 14:14:13] [build-stdout] [2026-09-27 14:14:13] [autobuild] Detected dependency 'commons-codec:commons-codec:1.22.0': project = ':modules:ontology', configuration = 'implementationDependenciesMetadata'
[2026-09-27 14:14:13] [build-stdout] [2026-09-27 14:14:13] [autobuild] Detected dependency 'org.apache.commons:commons-lang3:3.20.0': project = ':modules:ontology', configuration = 'implementationDependenciesMetadata'
[2026-09-27 14:14:13] [build-stdout] [2026-09-27 14:14:13] [autobuild] Detected dependency 'org.apache.commons:commons-compress:1.28.0': project = ':modules:ontology', configuration = 'implementationDependenciesMetadata'
[2026-09-27 14:14:13] [build-stdout] [2026-09-27 14:14:13] [autobuild] Detected dependency 'org.apache.commons:commons-collections4:4.5.0': project = ':modules:ontology', configuration = 'implementationDependenciesMetadata'
[2026-09-27 14:14:13] [build-stdout] [2026-09-27 14:14:13] [autobuild] Detected dependency 'com.github.ben-manes.caffeine:caffeine:3.2.3': project = ':modules:ontology', configuration = 'implementationDependenciesMetadata'
[2026-09-27 14:14:13] [build-stdout] [2026-09-27 14:14:13] [autobuild] Detected dependency 'org.jspecify:jspecify:1.0.0': project = ':modules:ontology', configuration = 'implementationDependenciesMetadata'
[2026-09-27 14:14:13] [build-stdout] [2026-09-27 14:14:13] [autobuild] Detected dependency 'com.github.andrewoma.dexx:collection:0.7': project = ':modules:ontology', configuration = 'implementationDependenciesMetadata'
[2026-09-27 14:14:13] [build-stdout] [2026-09-27 14:14:13] [autobuild] Detected dependency 'org.apache.jena:jena-iri3986:6.1.0': project = ':modules:ontology', configuration = 'implementationDependenciesMetadata'
[2026-09-27 14:14:13] [build-stdout] [2026-09-27 14:14:13] [autobuild] Detected dependency 'org.apache.jena:jena-langtag:6.1.0': project = ':modules:ontology', configuration = 'implementationDependenciesMetadata'
[2026-09-27 14:14:13] [build-stdout] [2026-09-27 14:14:13] [autobuild] Detected dependency 'org.roaringbitmap:RoaringBitmap:1.6.14': project = ':modules:ontology', configuration = 'implementationDependenciesMetadata'
[2026-09-27 14:14:13] [build-stdout] [2026-09-27 14:14:13] [autobuild] Detected dependency 'com.google.code.gson:gson:2.13.2': project = ':modules:ontology', configuration = 'implementationDependenciesMetadata'
[2026-09-27 14:14:13] [build-stdout] [2026-09-27 14:14:13] [autobuild] Detected dependency 'com.google.errorprone:error_prone_annotations:2.41.0': project = ':modules:ontology', configuration = 'implementationDependenciesMetadata'
[2026-09-27 14:14:13] [build-stdout] [2026-09-27 14:14:13] [autobuild] Detected dependency 'org.slf4j:jcl-over-slf4j:2.0.17': project = ':modules:ontology', configuration = 'implementationDependenciesMetadata'
[2026-09-27 14:14:13] [build-stdout] [2026-09-27 14:14:13] [autobuild] Detected dependency 'com.apicatalog:titanium-json-ld:1.7.0': project = ':modules:ontology', configuration = 'implementationDependenciesMetadata'
[2026-09-27 14:14:13] [build-stdout] [2026-09-27 14:14:13] [autobuild] Detected dependency 'com.apicatalog:titanium-jcs:1.1.1': project = ':modules:ontology', configuration = 'implementationDependenciesMetadata'
[2026-09-27 14:14:13] [build-stdout] [2026-09-27 14:14:13] [autobuild] Detected dependency 'com.apicatalog:titanium-rdf-api:1.0.0': project = ':modules:ontology', configuration = 'implementationDependenciesMetadata'
[2026-09-27 14:14:13] [build-stdout] [2026-09-27 14:14:13] [autobuild] Detected dependency 'com.apicatalog:titanium-rdf-n-quads:1.0.2': project = ':modules:ontology', configuration = 'implementationDependenciesMetadata'
[2026-09-27 14:14:13] [build-stdout] [2026-09-27 14:14:13] [autobuild] Detected dependency 'org.glassfish:jakarta.json:2.0.1': project = ':modules:ontology', configuration = 'implementationDependenciesMetadata'
[2026-09-27 14:14:13] [build-stdout] [2026-09-27 14:14:13] [autobuild] Detected dependency 'com.google.protobuf:protobuf-java:4.34.1': project = ':modules:ontology', configuration = 'implementationDependenciesMetadata'
[2026-09-27 14:14:13] [build-stdout] [2026-09-27 14:14:13] [autobuild] Detected dependency 'org.apache.thrift:libthrift:0.22.0': project = ':modules:ontology', configuration = 'implementationDependenciesMetadata'
[2026-09-27 14:14:13] [build-stdout] [2026-09-27 14:14:13] [autobuild] Detected dependency 'org.apache.jena:jena-arq:6.1.0': project = ':modules:ontology', configuration = 'implementationDependenciesMetadata'
[2026-09-27 14:14:13] [build-stdout] [2026-09-27 14:14:13] [autobuild] Detected dependency 'io.netty:netty-bom:4.1.128.Final': project = ':', configuration = 'detachedConfiguration39'
[2026-09-27 14:14:13] [build-stdout] [2026-09-27 14:14:13] [autobuild] Detected dependency 'org.sonatype.oss:oss-parent:7': project = ':', configuration = 'detachedConfiguration40'
[2026-09-27 14:14:13] [build-stdout] [2026-09-27 14:14:13] [autobuild] Detected dependency 'io.opentelemetry:opentelemetry-bom:1.49.0': project = ':', configuration = 'detachedConfiguration41'
[2026-09-27 14:14:13] [build-stdout] [2026-09-27 14:14:13] [autobuild] Detected dependency 'io.prometheus:prometheus-metrics-bom:1.3.10': project = ':', configuration = 'detachedConfiguration42'
[2026-09-27 14:14:13] [build-stdout] [2026-09-27 14:14:13] [autobuild] Detected dependency 'io.prometheus:client_java_parent:1.3.10': project = ':', configuration = 'detachedConfiguration43'
[2026-09-27 14:14:13] [build-stdout] [2026-09-27 14:14:13] [autobuild] Detected dependency 'io.prometheus:simpleclient_bom:0.16.0': project = ':', configuration = 'detachedConfiguration44'
[2026-09-27 14:14:13] [build-stdout] [2026-09-27 14:14:13] [autobuild] Detected dependency 'io.prometheus:parent:0.16.0': project = ':', configuration = 'detachedConfiguration45'
[2026-09-27 14:14:13] [build-stdout] [2026-09-27 14:14:13] [autobuild] Detected dependency 'org.apache.pulsar:pulsar-bom:4.0.7': project = ':', configuration = 'detachedConfiguration46'
[2026-09-27 14:14:13] [build-stdout] [2026-09-27 14:14:13] [autobuild] Detected dependency 'org.apache:apache:35': project = ':', configuration = 'detachedConfiguration47'
[2026-09-27 14:14:13] [build-stdout] [2026-09-27 14:14:13] [autobuild] Detected dependency 'org.apache.pulsar:pulsar-client-reactive-bom:0.6.0': project = ':', configuration = 'detachedConfiguration48'
[2026-09-27 14:14:13] [build-stdout] [2026-09-27 14:14:13] [autobuild] Detected dependency 'com.querydsl:querydsl-bom:5.1.0': project = ':', configuration = 'detachedConfiguration49'
[2026-09-27 14:14:13] [build-stdout] [2026-09-27 14:14:13] [autobuild] Detected dependency 'io.projectreactor:reactor-bom:2024.0.11': project = ':', configuration = 'detachedConfiguration50'
[2026-09-27 14:14:13] [build-stdout] [2026-09-27 14:14:13] [autobuild] Detected dependency 'io.rest-assured:rest-assured-bom:5.5.6': project = ':', configuration = 'detachedConfiguration51'
[2026-09-27 14:14:13] [build-stdout] [2026-09-27 14:14:13] [autobuild] Detected dependency 'io.rsocket:rsocket-bom:1.1.5': project = ':', configuration = 'detachedConfiguration52'
[2026-09-27 14:14:13] [build-stdout] [2026-09-27 14:14:13] [autobuild] Detected dependency 'org.seleniumhq.selenium:selenium-bom:4.31.0': project = ':', configuration = 'detachedConfiguration53'
[2026-09-27 14:14:13] [build-stdout] [2026-09-27 14:14:13] [autobuild] Detected dependency 'org.springframework.amqp:spring-amqp-bom:3.2.8': project = ':', configuration = 'detachedConfiguration54'
[2026-09-27 14:14:13] [build-stdout] [2026-09-27 14:14:13] [autobuild] Detected dependency 'org.springframework.batch:spring-batch-bom:5.2.4': project = ':', configuration = 'detachedConfiguration55'
[2026-09-27 14:14:13] [build-stdout] [2026-09-27 14:14:13] [autobuild] Detected dependency 'org.springframework.data:spring-data-bom:2025.0.5': project = ':', configuration = 'detachedConfiguration56'
[2026-09-27 14:14:13] [build-stdout] [2026-09-27 14:14:13] [autobuild] Detected dependency 'org.springframework:spring-framework-bom:6.2.12': project = ':', configuration = 'detachedConfiguration57'
[2026-09-27 14:14:13] [build-stdout] [2026-09-27 14:14:13] [autobuild] Detected dependency 'org.springframework.integration:spring-integration-bom:6.5.3': project = ':', configuration = 'detachedConfiguration58'
[2026-09-27 14:14:13] [build-stdout] [2026-09-27 14:14:13] [autobuild] Detected dependency 'org.springframework.pulsar:spring-pulsar-bom:1.2.11': project = ':', configuration = 'detachedConfiguration59'
[2026-09-27 14:14:13] [build-stdout] [2026-09-27 14:14:13] [autobuild] Detected dependency 'org.springframework.restdocs:spring-restdocs-bom:3.0.5': project = ':', configuration = 'detachedConfiguration60'
[2026-09-27 14:14:13] [build-stdout] [2026-09-27 14:14:13] [autobuild] Detected dependency 'org.springframework.security:spring-security-bom:6.5.6': project = ':', configuration = 'detachedConfiguration61'
[2026-09-27 14:14:13] [build-stdout] [2026-09-27 14:14:13] [autobuild] Detected dependency 'org.springframework.session:spring-session-bom:3.5.3': project = ':', configuration = 'detachedConfiguration62'
[2026-09-27 14:14:13] [build-stdout] [2026-09-27 14:14:13] [autobuild] Detected dependency 'org.springframework.ws:spring-ws-bom:4.1.2': project = ':', configuration = 'detachedConfiguration63'
[2026-09-27 14:14:13] [build-stdout] [2026-09-27 14:14:13] [autobuild] Detected dependency 'org.testcontainers:testcontainers-bom:1.21.3': project = ':', configuration = 'detachedConfiguration64'
[2026-09-27 14:14:13] [build-stdout] [2026-09-27 14:14:13] [autobuild] Detected dependency 'org.jetbrains.kotlin:kotlin-stdlib:2.2.21': project = ':modules:api', configuration = 'apiDependenciesMetadata'
[2026-09-27 14:14:13] [build-stdout] [2026-09-27 14:14:13] [autobuild] Detected dependency 'project :modules:analytics': project = ':', configuration = 'detachedConfiguration67'
[2026-09-27 14:14:13] [build-stdout] [2026-09-27 14:14:13] [autobuild] Detected dependency 'org.jetbrains.kotlin:kotlin-stdlib:2.2.21': project = ':', configuration = 'detachedConfiguration67'
[2026-09-27 14:14:13] [build-stdout] [2026-09-27 14:14:13] [autobuild] Detected dependency 'org.jetbrains:annotations:13.0': project = ':', configuration = 'detachedConfiguration67'
[2026-09-27 14:14:13] [build-stdout] [2026-09-27 14:14:13] [autobuild] Detected dependency 'project :modules:persistence': project = ':', configuration = 'detachedConfiguration67'
[2026-09-27 14:14:13] [build-stdout] [2026-09-27 14:14:13] [autobuild] Detected dependency 'project :modules:control-panel': project = ':', configuration = 'detachedConfiguration67'
[2026-09-27 14:14:13] [build-stdout] [2026-09-27 14:14:13] [autobuild] Detected dependency 'com.fasterxml.jackson.core:jackson-databind:2.19.2': project = ':', configuration = 'detachedConfiguration67'
[2026-09-27 14:14:13] [build-stdout] [2026-09-27 14:14:13] [autobuild] Detected dependency 'com.fasterxml.jackson.core:jackson-annotations:2.19.2': project = ':', configuration = 'detachedConfiguration67'
[2026-09-27 14:14:13] [build-stdout] [2026-09-27 14:14:13] [autobuild] Detected dependency 'com.fasterxml.jackson:jackson-bom:2.19.2': project = ':', configuration = 'detachedConfiguration67'
[2026-09-27 14:14:13] [build-stdout] [2026-09-27 14:14:13] [autobuild] Detected dependency 'com.fasterxml.jackson.core:jackson-core:2.19.2': project = ':', configuration = 'detachedConfiguration67'
[2026-09-27 14:14:13] [build-stdout] [2026-09-27 14:14:13] [autobuild] Detected dependency 'com.fasterxml.jackson.dataformat:jackson-dataformat-toml:2.19.2': project = ':', configuration = 'detachedConfiguration67'
[2026-09-27 14:14:13] [build-stdout] [2026-09-27 14:14:13] [autobuild] Detected dependency 'com.fasterxml.jackson.datatype:jackson-datatype-jdk8:2.19.2': project = ':', configuration = 'detachedConfiguration67'
[2026-09-27 14:14:13] [build-stdout] [2026-09-27 14:14:13] [autobuild] Detected dependency 'com.fasterxml.jackson.datatype:jackson-datatype-jsr310:2.19.2': project = ':', configuration = 'detachedConfiguration67'
[2026-09-27 14:14:13] [build-stdout] [2026-09-27 14:14:13] [autobuild] Detected dependency 'com.fasterxml.jackson.module:jackson-module-kotlin:2.19.2': project = ':', configuration = 'detachedConfiguration67'
[2026-09-27 14:14:13] [build-stdout] [2026-09-27 14:14:13] [autobuild] Detected dependency 'org.jetbrains.kotlin:kotlin-reflect:2.2.21': project = ':', configuration = 'detachedConfiguration67'
[2026-09-27 14:14:13] [build-stdout] [2026-09-27 14:14:13] [autobuild] Detected dependency 'com.fasterxml.jackson.module:jackson-module-parameter-names:2.19.2': project = ':', configuration = 'detachedConfiguration67'
[2026-09-27 14:14:13] [build-stdout] [2026-09-27 14:14:13] [autobuild] Detected dependency 'project :modules:deal-sourcing': project = ':', configuration = 'detachedConfiguration67'
[2026-09-27 14:14:13] [build-stdout] [2026-09-27 14:14:13] [autobuild] Detected dependency 'project :modules:ibor-core': project = ':', configuration = 'detachedConfiguration67'
[2026-09-27 14:14:13] [build-stdout] [2026-09-27 14:14:13] [autobuild] Detected dependency 'project :modules:ingestion': project = ':', configuration = 'detachedConfiguration67'
[2026-09-27 14:14:13] [build-stdout] [2026-09-27 14:14:13] [autobuild] Detected dependency 'project :modules:lookthrough': project = ':', configuration = 'detachedConfiguration67'
[2026-09-27 14:14:13] [build-stdout] [2026-09-27 14:14:13] [autobuild] Detected dependency 'project :modules:persistence': project = ':', configuration = 'detachedConfiguration67'
[2026-09-27 14:14:13] [build-stdout] [2026-09-27 14:14:13] [autobuild] Detected dependency 'project :modules:recon': project = ':', configuration = 'detachedConfiguration67'
[2026-09-27 14:14:13] [build-stdout] [2026-09-27 14:14:13] [autobuild] Detected dependency 'project :modules:workflow': project = ':', configuration = 'detachedConfiguration67'
[2026-09-27 14:14:13] [build-stdout] [2026-09-27 14:14:13] [autobuild] Detected dependency 'org.springframework.boot:spring-boot-starter-web:3.5.7': project = ':', configuration = 'detachedConfiguration67'
[2026-09-27 14:14:13] [build-stdout] [2026-09-27 14:14:13] [autobuild] Detected dependency 'org.springframework.boot:spring-boot-starter:3.5.7': project = ':', configuration = 'detachedConfiguration67'
[2026-09-27 14:14:13] [build-stdout] [2026-09-27 14:14:13] [autobuild] Detected dependency 'org.springframework.boot:spring-boot:3.5.7': project = ':', configuration = 'detachedConfiguration67'
[2026-09-27 14:14:13] [build-stdout] [2026-09-27 14:14:13] [autobuild] Detected dependency 'org.springframework:spring-core:6.2.12': project = ':', configuration = 'detachedConfiguration67'
[2026-09-27 14:14:13] [build-stdout] [2026-09-27 14:14:13] [autobuild] Detected dependency 'org.springframework:spring-jcl:6.2.12': project = ':', configuration = 'detachedConfiguration67'
[2026-09-27 14:14:13] [build-stdout] [2026-09-27 14:14:13] [autobuild] Detected dependency 'org.springframework:spring-context:6.2.12': project = ':', configuration = 'detachedConfiguration67'
[2026-09-27 14:14:13] [build-stdout] [2026-09-27 14:14:13] [autobuild] Detected dependency 'org.springframework:spring-aop:6.2.12': project = ':', configuration = 'detachedConfiguration67'
[2026-09-27 14:14:13] [build-stdout] [2026-09-27 14:14:13] [autobuild] Detected dependency 'org.springframework:spring-beans:6.2.12': project = ':', configuration = 'detachedConfiguration67'
[2026-09-27 14:14:13] [build-stdout] [2026-09-27 14:14:13] [autobuild] Detected dependency 'org.springframework:spring-expression:6.2.12': project = ':', configuration = 'detachedConfiguration67'
[2026-09-27 14:14:13] [build-stdout] [2026-09-27 14:14:13] [autobuild] Detected dependency 'io.micrometer:micrometer-observation:1.15.5': project = ':', configuration = 'detachedConfiguration67'
[2026-09-27 14:14:13] [build-stdout] [2026-09-27 14:14:13] [autobuild] Detected dependency 'io.micrometer:micrometer-commons:1.15.5': project = ':', configuration = 'detachedConfiguration67'
[2026-09-27 14:14:13] [build-stdout] [2026-09-27 14:14:13] [autobuild] Detected dependency 'org.springframework.boot:spring-boot-autoconfigure:3.5.7': project = ':', configuration = 'detachedConfiguration67'
[2026-09-27 14:14:13] [build-stdout] [2026-09-27 14:14:13] [autobuild] Detected dependency 'org.springframework.boot:spring-boot-starter-logging:3.5.7': project = ':', configuration = 'detachedConfiguration67'
[2026-09-27 14:14:13] [build-stdout] [2026-09-27 14:14:13] [autobuild] Detected dependency 'ch.qos.logback:logback-classic:1.5.20': project = ':', configuration = 'detachedConfiguration67'
[2026-09-27 14:14:13] [build-stdout] [2026-09-27 14:14:13] [autobuild] Detected dependency 'ch.qos.logback:logback-core:1.5.20': project = ':', configuration = 'detachedConfiguration67'
[2026-09-27 14:14:13] [build-stdout] [2026-09-27 14:14:13] [autobuild] Detected dependency 'org.slf4j:slf4j-api:2.0.17': project = ':', configuration = 'detachedConfiguration67'
[2026-09-27 14:14:13] [build-stdout] [2026-09-27 14:14:13] [autobuild] Detected dependency 'org.apache.logging.log4j:log4j-to-slf4j:2.24.3': project = ':', configuration = 'detachedConfiguration67'
[2026-09-27 14:14:13] [build-stdout] [2026-09-27 14:14:13] [autobuild] Detected dependency 'org.apache.logging.log4j:log4j-api:2.24.3': project = ':', configuration = 'detachedConfiguration67'
[2026-09-27 14:14:13] [build-stdout] [2026-09-27 14:14:13] [autobuild] Detected dependency 'org.slf4j:jul-to-slf4j:2.0.17': project = ':', configuration = 'detachedConfiguration67'
[2026-09-27 14:14:13] [build-stdout] [2026-09-27 14:14:13] [autobuild] Detected dependency 'jakarta.annotation:jakarta.annotation-api:2.1.1': project = ':', configuration = 'detachedConfiguration67'
[2026-09-27 14:14:13] [build-stdout] [2026-09-27 14:14:13] [autobuild] Detected dependency 'org.yaml:snakeyaml:2.4': project = ':', configuration = 'detachedConfiguration67'
[2026-09-27 14:14:13] [build-stdout] [2026-09-27 14:14:13] [autobuild] Detected dependency 'org.springframework.boot:spring-boot-starter-json:3.5.7': project = ':', configuration = 'detachedConfiguration67'
[2026-09-27 14:14:13] [build-stdout] [2026-09-27 14:14:13] [autobuild] Detected dependency 'org.springframework:spring-web:6.2.12': project = ':', configuration = 'detachedConfiguration67'
[2026-09-27 14:14:13] [build-stdout] [2026-09-27 14:14:13] [autobuild] Detected dependency 'org.springframework.boot:spring-boot-starter-tomcat:3.5.7': project = ':', configuration = 'detachedConfiguration67'
[2026-09-27 14:14:13] [build-stdout] [2026-09-27 14:14:13] [autobuild] Detected dependency 'org.apache.tomcat.embed:tomcat-embed-core:10.1.48': project = ':', configuration = 'detachedConfiguration67'
[2026-09-27 14:14:13] [build-stdout] [2026-09-27 14:14:13] [autobuild] Detected dependency 'org.apache.tomcat.embed:tomcat-embed-el:10.1.48': project = ':', configuration = 'detachedConfiguration67'
[2026-09-27 14:14:13] [build-stdout] [2026-09-27 14:14:13] [autobuild] Detected dependency 'org.apache.tomcat.embed:tomcat-embed-websocket:10.1.48': project = ':', configuration = 'detachedConfiguration67'
[2026-09-27 14:14:13] [build-stdout] [2026-09-27 14:14:13] [autobuild] Detected dependency 'org.springframework:spring-webmvc:6.2.12': project = ':', configuration = 'detachedConfiguration67'
[2026-09-27 14:14:13] [build-stdout] [2026-09-27 14:14:13] [autobuild] Detected dependency 'org.springframework.boot:spring-boot-starter-jdbc:3.5.7': project = ':', configuration = 'detachedConfiguration67'
[2026-09-27 14:14:13] [build-stdout] [2026-09-27 14:14:13] [autobuild] Detected dependency 'com.zaxxer:HikariCP:6.3.3': project = ':', configuration = 'detachedConfiguration67'
[2026-09-27 14:14:13] [build-stdout] [2026-09-27 14:14:13] [autobuild] Detected dependency 'org.springframework:spring-jdbc:6.2.12': project = ':', configuration = 'detachedConfiguration67'
[2026-09-27 14:14:13] [build-stdout] [2026-09-27 14:14:13] [autobuild] Detected dependency 'org.springframework:spring-tx:6.2.12': project = ':', configuration = 'detachedConfiguration67'
[2026-09-27 14:14:13] [build-stdout] [2026-09-27 14:14:13] [autobuild] Detected dependency 'org.springframework.boot:spring-boot-starter-actuator:3.5.7': project = ':', configuration = 'detachedConfiguration67'
[2026-09-27 14:14:13] [build-stdout] [2026-09-27 14:14:13] [autobuild] Detected dependency 'org.springframework.boot:spring-boot-actuator-autoconfigure:3.5.7': project = ':', configuration = 'detachedConfiguration67'
[2026-09-27 14:14:13] [build-stdout] [2026-09-27 14:14:13] [autobuild] Detected dependency 'org.springframework.boot:spring-boot-actuator:3.5.7': project = ':', configuration = 'detachedConfiguration67'
[2026-09-27 14:14:13] [build-stdout] [2026-09-27 14:14:13] [autobuild] Detected dependency 'io.micrometer:micrometer-jakarta9:1.15.5': project = ':', configuration = 'detachedConfiguration67'
[2026-09-27 14:14:13] [build-stdout] [2026-09-27 14:14:13] [autobuild] Detected dependency 'io.micrometer:micrometer-core:1.15.5': project = ':', configuration = 'detachedConfiguration67'
[2026-09-27 14:14:13] [build-stdout] [2026-09-27 14:14:13] [autobuild] Detected dependency 'org.hdrhistogram:HdrHistogram:2.2.2': project = ':', configuration = 'detachedConfiguration67'
[2026-09-27 14:14:13] [build-stdout] [2026-09-27 14:14:13] [autobuild] Detected dependency 'org.latencyutils:LatencyUtils:2.0.3': project = ':', configuration = 'detachedConfiguration67'
[2026-09-27 14:14:13] [build-stdout] [2026-09-27 14:14:13] [autobuild] Detected dependency 'org.springframework.boot:spring-boot-starter-validation:3.5.7': project = ':', configuration = 'detachedConfiguration67'
[2026-09-27 14:14:13] [build-stdout] [2026-09-27 14:14:13] [autobuild] Detected dependency 'org.hibernate.validator:hibernate-validator:8.0.3.Final': project = ':', configuration = 'detachedConfiguration67'
[2026-09-27 14:14:13] [build-stdout] [2026-09-27 14:14:13] [autobuild] Detected dependency 'jakarta.validation:jakarta.validation-api:3.0.2': project = ':', configuration = 'detachedConfiguration67'
[2026-09-27 14:14:13] [build-stdout] [2026-09-27 14:14:13] [autobuild] Detected dependency 'org.jboss.logging:jboss-logging:3.6.1.Final': project = ':', configuration = 'detachedConfiguration67'
[2026-09-27 14:14:13] [build-stdout] [2026-09-27 14:14:13] [autobuild] Detected dependency 'com.fasterxml:classmate:1.7.1': project = ':', configuration = 'detachedConfiguration67'
[2026-09-27 14:14:13] [build-stdout] [2026-09-27 14:14:13] [autobuild] Detected dependency 'org.springframework.boot:spring-boot-starter-security:3.5.7': project = ':', configuration = 'detachedConfiguration67'
[2026-09-27 14:14:13] [build-stdout] [2026-09-27 14:14:13] [autobuild] Detected dependency 'org.springframework.security:spring-security-config:6.5.6': project = ':', configuration = 'detachedConfiguration67'
[2026-09-27 14:14:13] [build-stdout] [2026-09-27 14:14:13] [autobuild] Detected dependency 'org.springframework.security:spring-security-core:6.5.6': project = ':', configuration = 'detachedConfiguration67'
[2026-09-27 14:14:13] [build-stdout] [2026-09-27 14:14:13] [autobuild] Detected dependency 'org.springframework.security:spring-security-crypto:6.5.6': project = ':', configuration = 'detachedConfiguration67'
[2026-09-27 14:14:13] [build-stdout] [2026-09-27 14:14:13] [autobuild] Detected dependency 'org.springframework.security:spring-security-web:6.5.6': project = ':', configuration = 'detachedConfiguration67'
[2026-09-27 14:14:13] [build-stdout] [2026-09-27 14:14:13] [autobuild] Detected dependency 'org.springframework.boot:spring-boot-starter-oauth2-resource-server:3.5.7': project = ':', configuration = 'detachedConfiguration67'
[2026-09-27 14:14:13] [build-stdout] [2026-09-27 14:14:13] [autobuild] Detected dependency 'org.springframework.security:spring-security-oauth2-resource-server:6.5.6': project = ':', configuration = 'detachedConfiguration67'
[2026-09-27 14:14:13] [build-stdout] [2026-09-27 14:14:13] [autobuild] Detected dependency 'org.springframework.security:spring-security-oauth2-core:6.5.6': project = ':', configuration = 'detachedConfiguration67'
[2026-09-27 14:14:13] [build-stdout] [2026-09-27 14:14:13] [autobuild] Detected dependency 'org.springframework.security:spring-security-oauth2-jose:6.5.6': project = ':', configuration = 'detachedConfiguration67'
[2026-09-27 14:14:13] [build-stdout] [2026-09-27 14:14:13] [autobuild] Detected dependency 'com.nimbusds:nimbus-jose-jwt:9.37.4': project = ':', configuration = 'detachedConfiguration67'
[2026-09-27 14:14:13] [build-stdout] [2026-09-27 14:14:13] [autobuild] Detected dependency 'com.github.stephenc.jcip:jcip-annotations:1.0-1': project = ':', configuration = 'detachedConfiguration67'
[2026-09-27 14:14:13] [build-stdout] [2026-09-27 14:14:13] [autobuild] Detected dependency 'com.fasterxml.jackson.module:jackson-module-kotlin:2.19.2': project = ':', configuration = 'detachedConfiguration67'
[2026-09-27 14:14:13] [build-stdout] [2026-09-27 14:14:13] [autobuild] Detected dependency 'org.jetbrains.kotlin:kotlin-reflect:2.2.21': project = ':', configuration = 'detachedConfiguration67'
[2026-09-27 14:14:13] [build-stdout] [2026-09-27 14:14:13] [autobuild] Detected dependency 'org.flywaydb:flyway-core:11.7.2': project = ':', configuration = 'detachedConfiguration67'
[2026-09-27 14:14:13] [build-stdout] [2026-09-27 14:14:13] [autobuild] Detected dependency 'org.flywaydb:flyway-database-postgresql:11.7.2': project = ':', configuration = 'detachedConfiguration67'
[2026-09-27 14:14:13] [build-stdout] [2026-09-27 14:14:13] [autobuild] Detected dependency 'org.jetbrains.kotlin:kotlin-stdlib:2.2.21': project = ':', configuration = 'detachedConfiguration67'
[2026-09-27 14:14:13] [build-stdout] [2026-09-27 14:14:13] [autobuild] Detected dependency 'org.jetbrains.kotlin:kotlin-stdlib:2.2.21': project = ':', configuration = 'detachedConfiguration68'
[2026-09-27 14:14:13] [build-stdout] [2026-09-27 14:14:13] [autobuild] Detected dependency 'org.jetbrains:annotations:13.0': project = ':', configuration = 'detachedConfiguration68'
[2026-09-27 14:14:13] [build-stdout] [2026-09-27 14:14:13] [autobuild] Detected dependency 'com.fasterxml.jackson.core:jackson-databind:2.19.2': project = ':', configuration = 'detachedConfiguration68'
[2026-09-27 14:14:13] [build-stdout] [2026-09-27 14:14:13] [autobuild] Detected dependency 'com.fasterxml.jackson.core:jackson-annotations:2.19.2': project = ':', configuration = 'detachedConfiguration68'
[2026-09-27 14:14:13] [build-stdout] [2026-09-27 14:14:13] [autobuild] Detected dependency 'com.fasterxml.jackson:jackson-bom:2.19.2': project = ':', configuration = 'detachedConfiguration68'
[2026-09-27 14:14:13] [build-stdout] [2026-09-27 14:14:13] [autobuild] Detected dependency 'com.fasterxml.jackson.core:jackson-core:2.19.2': project = ':', configuration = 'detachedConfiguration68'
[2026-09-27 14:14:13] [build-stdout] [2026-09-27 14:14:13] [autobuild] Detected dependency 'com.fasterxml.jackson.dataformat:jackson-dataformat-toml:2.19.2': project = ':', configuration = 'detachedConfiguration68'
[2026-09-27 14:14:13] [build-stdout] [2026-09-27 14:14:13] [autobuild] Detected dependency 'com.fasterxml.jackson.datatype:jackson-datatype-jdk8:2.19.2': project = ':', configuration = 'detachedConfiguration68'
[2026-09-27 14:14:13] [build-stdout] [2026-09-27 14:14:13] [autobuild] Detected dependency 'com.fasterxml.jackson.datatype:jackson-datatype-jsr310:2.19.2': project = ':', configuration = 'detachedConfiguration68'
[2026-09-27 14:14:13] [build-stdout] [2026-09-27 14:14:13] [autobuild] Detected dependency 'com.fasterxml.jackson.module:jackson-module-kotlin:2.19.2': project = ':', configuration = 'detachedConfiguration68'
[2026-09-27 14:14:13] [build-stdout] [2026-09-27 14:14:13] [autobuild] Detected dependency 'org.jetbrains.kotlin:kotlin-reflect:2.2.21': project = ':', configuration = 'detachedConfiguration68'
[2026-09-27 14:14:13] [build-stdout] [2026-09-27 14:14:13] [autobuild] Detected dependency 'com.fasterxml.jackson.module:jackson-module-parameter-names:2.19.2': project = ':', configuration = 'detachedConfiguration68'
[2026-09-27 14:14:13] [build-stdout] [2026-09-27 14:14:13] [autobuild] Detected dependency 'org.springframework.boot:spring-boot-starter-web:3.5.7': project = ':', configuration = 'detachedConfiguration68'
[2026-09-27 14:14:13] [build-stdout] [2026-09-27 14:14:13] [autobuild] Detected dependency 'org.springframework.boot:spring-boot-starter:3.5.7': project = ':', configuration = 'detachedConfiguration68'
[2026-09-27 14:14:13] [build-stdout] [2026-09-27 14:14:13] [autobuild] Detected dependency 'org.springframework.boot:spring-boot:3.5.7': project = ':', configuration = 'detachedConfiguration68'
[2026-09-27 14:14:13] [build-stdout] [2026-09-27 14:14:13] [autobuild] Detected dependency 'org.springframework:spring-core:6.2.12': project = ':', configuration = 'detachedConfiguration68'
[2026-09-27 14:14:13] [build-stdout] [2026-09-27 14:14:13] [autobuild] Detected dependency 'org.springframework:spring-jcl:6.2.12': project = ':', configuration = 'detachedConfiguration68'
[2026-09-27 14:14:13] [build-stdout] [2026-09-27 14:14:13] [autobuild] Detected dependency 'org.springframework:spring-context:6.2.12': project = ':', configuration = 'detachedConfiguration68'
[2026-09-27 14:14:13] [build-stdout] [2026-09-27 14:14:13] [autobuild] Detected dependency 'org.springframework:spring-aop:6.2.12': project = ':', configuration = 'detachedConfiguration68'
[2026-09-27 14:14:13] [build-stdout] [2026-09-27 14:14:13] [autobuild] Detected dependency 'org.springframework:spring-beans:6.2.12': project = ':', configuration = 'detachedConfiguration68'
[2026-09-27 14:14:13] [build-stdout] [2026-09-27 14:14:13] [autobuild] Detected dependency 'org.springframework:spring-expression:6.2.12': project = ':', configuration = 'detachedConfiguration68'
[2026-09-27 14:14:13] [build-stdout] [2026-09-27 14:14:13] [autobuild] Detected dependency 'io.micrometer:micrometer-observation:1.15.5': project = ':', configuration = 'detachedConfiguration68'
[2026-09-27 14:14:13] [build-stdout] [2026-09-27 14:14:13] [autobuild] Detected dependency 'io.micrometer:micrometer-commons:1.15.5': project = ':', configuration = 'detachedConfiguration68'
[2026-09-27 14:14:13] [build-stdout] [2026-09-27 14:14:13] [autobuild] Detected dependency 'org.springframework.boot:spring-boot-autoconfigure:3.5.7': project = ':', configuration = 'detachedConfiguration68'
[2026-09-27 14:14:13] [build-stdout] [2026-09-27 14:14:13] [autobuild] Detected dependency 'org.springframework.boot:spring-boot-starter-logging:3.5.7': project = ':', configuration = 'detachedConfiguration68'
[2026-09-27 14:14:13] [build-stdout] [2026-09-27 14:14:13] [autobuild] Detected dependency 'ch.qos.logback:logback-classic:1.5.20': project = ':', configuration = 'detachedConfiguration68'
[2026-09-27 14:14:13] [build-stdout] [2026-09-27 14:14:13] [autobuild] Detected dependency 'ch.qos.logback:logback-core:1.5.20': project = ':', configuration = 'detachedConfiguration68'
[2026-09-27 14:14:13] [build-stdout] [2026-09-27 14:14:13] [autobuild] Detected dependency 'org.slf4j:slf4j-api:2.0.17': project = ':', configuration = 'detachedConfiguration68'
[2026-09-27 14:14:13] [build-stdout] [2026-09-27 14:14:13] [autobuild] Detected dependency 'org.apache.logging.log4j:log4j-to-slf4j:2.24.3': project = ':', configuration = 'detachedConfiguration68'
[2026-09-27 14:14:13] [build-stdout] [2026-09-27 14:14:13] [autobuild] Detected dependency 'org.apache.logging.log4j:log4j-api:2.24.3': project = ':', configuration = 'detachedConfiguration68'
[2026-09-27 14:14:13] [build-stdout] [2026-09-27 14:14:13] [autobuild] Detected dependency 'org.slf4j:jul-to-slf4j:2.0.17': project = ':', configuration = 'detachedConfiguration68'
[2026-09-27 14:14:13] [build-stdout] [2026-09-27 14:14:13] [autobuild] Detected dependency 'jakarta.annotation:jakarta.annotation-api:2.1.1': project = ':', configuration = 'detachedConfiguration68'
[2026-09-27 14:14:13] [build-stdout] [2026-09-27 14:14:13] [autobuild] Detected dependency 'org.yaml:snakeyaml:2.4': project = ':', configuration = 'detachedConfiguration68'
[2026-09-27 14:14:13] [build-stdout] [2026-09-27 14:14:13] [autobuild] Detected dependency 'org.springframework.boot:spring-boot-starter-json:3.5.7': project = ':', configuration = 'detachedConfiguration68'
[2026-09-27 14:14:13] [build-stdout] [2026-09-27 14:14:13] [autobuild] Detected dependency 'org.springframework:spring-web:6.2.12': project = ':', configuration = 'detachedConfiguration68'
[2026-09-27 14:14:13] [build-stdout] [2026-09-27 14:14:13] [autobuild] Detected dependency 'org.springframework.boot:spring-boot-starter-tomcat:3.5.7': project = ':', configuration = 'detachedConfiguration68'
[2026-09-27 14:14:13] [build-stdout] [2026-09-27 14:14:13] [autobuild] Detected dependency 'org.apache.tomcat.embed:tomcat-embed-core:10.1.48': project = ':', configuration = 'detachedConfiguration68'
[2026-09-27 14:14:13] [build-stdout] [2026-09-27 14:14:13] [autobuild] Detected dependency 'org.apache.tomcat.embed:tomcat-embed-el:10.1.48': project = ':', configuration = 'detachedConfiguration68'
[2026-09-27 14:14:13] [build-stdout] [2026-09-27 14:14:13] [autobuild] Detected dependency 'org.apache.tomcat.embed:tomcat-embed-websocket:10.1.48': project = ':', configuration = 'detachedConfiguration68'
[2026-09-27 14:14:13] [build-stdout] [2026-09-27 14:14:13] [autobuild] Detected dependency 'org.springframework:spring-webmvc:6.2.12': project = ':', configuration = 'detachedConfiguration68'
[2026-09-27 14:14:13] [build-stdout] [2026-09-27 14:14:13] [autobuild] Detected dependency 'org.springframework.boot:spring-boot-starter-jdbc:3.5.7': project = ':', configuration = 'detachedConfiguration68'
[2026-09-27 14:14:13] [build-stdout] [2026-09-27 14:14:13] [autobuild] Detected dependency 'com.zaxxer:HikariCP:6.3.3': project = ':', configuration = 'detachedConfiguration68'
[2026-09-27 14:14:13] [build-stdout] [2026-09-27 14:14:13] [autobuild] Detected dependency 'org.springframework:spring-jdbc:6.2.12': project = ':', configuration = 'detachedConfiguration68'
[2026-09-27 14:14:13] [build-stdout] [2026-09-27 14:14:13] [autobuild] Detected dependency 'org.springframework:spring-tx:6.2.12': project = ':', configuration = 'detachedConfiguration68'
[2026-09-27 14:14:13] [build-stdout] [2026-09-27 14:14:13] [autobuild] Detected dependency 'org.springframework.boot:spring-boot-starter-actuator:3.5.7': project = ':', configuration = 'detachedConfiguration68'
[2026-09-27 14:14:13] [build-stdout] [2026-09-27 14:14:13] [autobuild] Detected dependency 'org.springframework.boot:spring-boot-actuator-autoconfigure:3.5.7': project = ':', configuration = 'detachedConfiguration68'
[2026-09-27 14:14:13] [build-stdout] [2026-09-27 14:14:13] [autobuild] Detected dependency 'org.springframework.boot:spring-boot-actuator:3.5.7': project = ':', configuration = 'detachedConfiguration68'
[2026-09-27 14:14:13] [build-stdout] [2026-09-27 14:14:13] [autobuild] Detected dependency 'io.micrometer:micrometer-jakarta9:1.15.5': project = ':', configuration = 'detachedConfiguration68'
[2026-09-27 14:14:13] [build-stdout] [2026-09-27 14:14:13] [autobuild] Detected dependency 'io.micrometer:micrometer-core:1.15.5': project = ':', configuration = 'detachedConfiguration68'
[2026-09-27 14:14:13] [build-stdout] [2026-09-27 14:14:13] [autobuild] Detected dependency 'org.hdrhistogram:HdrHistogram:2.2.2': project = ':', configuration = 'detachedConfiguration68'
[2026-09-27 14:14:13] [build-stdout] [2026-09-27 14:14:13] [autobuild] Detected dependency 'org.latencyutils:LatencyUtils:2.0.3': project = ':', configuration = 'detachedConfiguration68'
[2026-09-27 14:14:13] [build-stdout] [2026-09-27 14:14:13] [autobuild] Detected dependency 'org.springframework.boot:spring-boot-starter-validation:3.5.7': project = ':', configuration = 'detachedConfiguration68'
[2026-09-27 14:14:13] [build-stdout] [2026-09-27 14:14:13] [autobuild] Detected dependency 'org.hibernate.validator:hibernate-validator:8.0.3.Final': project = ':', configuration = 'detachedConfiguration68'
[2026-09-27 14:14:13] [build-stdout] [2026-09-27 14:14:13] [autobuild] Detected dependency 'jakarta.validation:jakarta.validation-api:3.0.2': project = ':', configuration = 'detachedConfiguration68'
[2026-09-27 14:14:13] [build-stdout] [2026-09-27 14:14:13] [autobuild] Detected dependency 'org.jboss.logging:jboss-logging:3.6.1.Final': project = ':', configuration = 'detachedConfiguration68'
[2026-09-27 14:14:13] [build-stdout] [2026-09-27 14:14:13] [autobuild] Detected dependency 'com.fasterxml:classmate:1.7.1': project = ':', configuration = 'detachedConfiguration68'
[2026-09-27 14:14:13] [build-stdout] [2026-09-27 14:14:13] [autobuild] Detected dependency 'org.springframework.boot:spring-boot-starter-security:3.5.7': project = ':', configuration = 'detachedConfiguration68'
[2026-09-27 14:14:13] [build-stdout] [2026-09-27 14:14:13] [autobuild] Detected dependency 'org.springframework.security:spring-security-config:6.5.6': project = ':', configuration = 'detachedConfiguration68'
[2026-09-27 14:14:13] [build-stdout] [2026-09-27 14:14:13] [autobuild] Detected dependency 'org.springframework.security:spring-security-core:6.5.6': project = ':', configuration = 'detachedConfiguration68'
[2026-09-27 14:14:13] [build-stdout] [2026-09-27 14:14:13] [autobuild] Detected dependency 'org.springframework.security:spring-security-crypto:6.5.6': project = ':', configuration = 'detachedConfiguration68'
[2026-09-27 14:14:13] [build-stdout] [2026-09-27 14:14:13] [autobuild] Detected dependency 'org.springframework.security:spring-security-web:6.5.6': project = ':', configuration = 'detachedConfiguration68'
[2026-09-27 14:14:13] [build-stdout] [2026-09-27 14:14:13] [autobuild] Detected dependency 'org.springframework.boot:spring-boot-starter-oauth2-resource-server:3.5.7': project = ':', configuration = 'detachedConfiguration68'
[2026-09-27 14:14:13] [build-stdout] [2026-09-27 14:14:13] [autobuild] Detected dependency 'org.springframework.security:spring-security-oauth2-resource-server:6.5.6': project = ':', configuration = 'detachedConfiguration68'
[2026-09-27 14:14:13] [build-stdout] [2026-09-27 14:14:13] [autobuild] Detected dependency 'org.springframework.security:spring-security-oauth2-core:6.5.6': project = ':', configuration = 'detachedConfiguration68'
[2026-09-27 14:14:13] [build-stdout] [2026-09-27 14:14:13] [autobuild] Detected dependency 'org.springframework.security:spring-security-oauth2-jose:6.5.6': project = ':', configuration = 'detachedConfiguration68'
[2026-09-27 14:14:13] [build-stdout] [2026-09-27 14:14:13] [autobuild] Detected dependency 'com.nimbusds:nimbus-jose-jwt:9.37.4': project = ':', configuration = 'detachedConfiguration68'
[2026-09-27 14:14:13] [build-stdout] [2026-09-27 14:14:13] [autobuild] Detected dependency 'com.github.stephenc.jcip:jcip-annotations:1.0-1': project = ':', configuration = 'detachedConfiguration68'
[2026-09-27 14:14:13] [build-stdout] [2026-09-27 14:14:13] [autobuild] Detected dependency 'org.flywaydb:flyway-core:11.7.2': project = ':', configuration = 'detachedConfiguration68'
[2026-09-27 14:14:13] [build-stdout] [2026-09-27 14:14:13] [autobuild] Detected dependency 'org.flywaydb:flyway-database-postgresql:11.7.2': project = ':', configuration = 'detachedConfiguration68'
[2026-09-27 14:14:13] [build-stdout] [2026-09-27 14:14:13] [autobuild] Detected dependency 'com.fasterxml.jackson:jackson-base:2.19.2': project = ':', configuration = 'detachedConfiguration69'
[2026-09-27 14:14:13] [build-stdout] [2026-09-27 14:14:13] [autobuild] Detected dependency 'org.junit:junit-bom:5.11.4': project = ':', configuration = 'detachedConfiguration70'
[2026-09-27 14:14:13] [build-stdout] [2026-09-27 14:14:13] [autobuild] Detected dependency 'com.fasterxml.jackson.dataformat:jackson-dataformats-text:2.19.2': project = ':', configuration = 'detachedConfiguration71'
[2026-09-27 14:14:13] [build-stdout] [2026-09-27 14:14:13] [autobuild] Detected dependency 'com.fasterxml.jackson.module:jackson-modules-java8:2.19.2': project = ':', configuration = 'detachedConfiguration72'
[2026-09-27 14:14:13] [build-stdout] [2026-09-27 14:14:13] [autobuild] Detected dependency 'ch.qos.logback:logback-parent:1.5.20': project = ':', configuration = 'detachedConfiguration73'
[2026-09-27 14:14:13] [build-stdout] [2026-09-27 14:14:13] [autobuild] Detected dependency 'org.slf4j:slf4j-parent:2.0.17': project = ':', configuration = 'detachedConfiguration74'
[2026-09-27 14:14:13] [build-stdout] [2026-09-27 14:14:13] [autobuild] Detected dependency 'org.slf4j:slf4j-bom:2.0.17': project = ':', configuration = 'detachedConfiguration75'
[2026-09-27 14:14:13] [build-stdout] [2026-09-27 14:14:13] [autobuild] Detected dependency 'org.apache.logging.log4j:log4j:2.24.3': project = ':', configuration = 'detachedConfiguration76'
[2026-09-27 14:14:13] [build-stdout] [2026-09-27 14:14:13] [autobuild] Detected dependency 'org.apache.groovy:groovy-bom:4.0.22': project = ':', configuration = 'detachedConfiguration77'
[2026-09-27 14:14:13] [build-stdout] [2026-09-27 14:14:13] [autobuild] Detected dependency 'com.fasterxml.jackson:jackson-bom:2.17.2': project = ':', configuration = 'detachedConfiguration78'
[2026-09-27 14:14:13] [build-stdout] [2026-09-27 14:14:13] [autobuild] Detected dependency 'com.fasterxml.jackson:jackson-parent:2.17': project = ':', configuration = 'detachedConfiguration79'
[2026-09-27 14:14:13] [build-stdout] [2026-09-27 14:14:13] [autobuild] Detected dependency 'com.fasterxml:oss-parent:58': project = ':', configuration = 'detachedConfiguration80'
[2026-09-27 14:14:13] [build-stdout] [2026-09-27 14:14:13] [autobuild] Detected dependency 'jakarta.platform:jakarta.jakartaee-bom:9.1.0': project = ':', configuration = 'detachedConfiguration81'
[2026-09-27 14:14:13] [build-stdout] [2026-09-27 14:14:13] [autobuild] Detected dependency 'jakarta.platform:jakartaee-api-parent:9.1.0': project = ':', configuration = 'detachedConfiguration82'
[2026-09-27 14:14:13] [build-stdout] [2026-09-27 14:14:13] [autobuild] Detected dependency 'org.eclipse.ee4j:project:1.0.7': project = ':', configuration = 'detachedConfiguration83'
[2026-09-27 14:14:13] [build-stdout] [2026-09-27 14:14:13] [autobuild] Detected dependency 'org.junit:junit-bom:5.10.3': project = ':', configuration = 'detachedConfiguration84'
[2026-09-27 14:14:13] [build-stdout] [2026-09-27 14:14:13] [autobuild] Detected dependency 'org.mockito:mockito-bom:4.11.0': project = ':', configuration = 'detachedConfiguration85'
[2026-09-27 14:14:13] [build-stdout] [2026-09-27 14:14:13] [autobuild] Detected dependency 'org.springframework:spring-framework-bom:5.3.39': project = ':', configuration = 'detachedConfiguration86'
[2026-09-27 14:14:13] [build-stdout] [2026-09-27 14:14:13] [autobuild] Detected dependency 'org.eclipse.ee4j:project:1.0.6': project = ':', configuration = 'detachedConfiguration87'
[2026-09-27 14:14:13] [build-stdout] [2026-09-27 14:14:13] [autobuild] Detected dependency 'org.jboss.logging:logging-parent:1.0.3.Final': project = ':', configuration = 'detachedConfiguration88'
[2026-09-27 14:14:13] [build-stdout] [2026-09-27 14:14:13] [autobuild] Detected dependency 'org.jboss:jboss-parent:42': project = ':', configuration = 'detachedConfiguration89'
[2026-09-27 14:14:13] [build-stdout] [2026-09-27 14:14:13] [autobuild] Detected dependency 'org.junit:junit-bom:5.11.0': project = ':', configuration = 'detachedConfiguration90'
[2026-09-27 14:14:13] [build-stdout] [2026-09-27 14:14:13] [autobuild] Detected dependency 'com.fasterxml:oss-parent:68': project = ':', configuration = 'detachedConfiguration91'
[2026-09-27 14:14:13] [build-stdout] [2026-09-27 14:14:13] [autobuild] Detected dependency 'org.flywaydb:flyway-parent:11.7.2': project = ':', configuration = 'detachedConfiguration92'
[2026-09-27 14:14:13] [build-stdout] [2026-09-27 14:14:13] [autobuild] Detected dependency 'org.jetbrains.kotlin:kotlin-stdlib:2.2.21': project = ':modules:api', configuration = 'compileClasspath'
[2026-09-27 14:14:13] [build-stdout] [2026-09-27 14:14:13] [autobuild] Detected dependency 'org.jetbrains:annotations:13.0': project = ':modules:api', configuration = 'compileClasspath'
[2026-09-27 14:14:13] [build-stdout] [2026-09-27 14:14:13] [autobuild] Detected dependency 'project :modules:analytics': project = ':modules:api', configuration = 'compileClasspath'
[2026-09-27 14:14:13] [build-stdout] [2026-09-27 14:14:13] [autobuild] Detected dependency 'project :modules:control-panel': project = ':modules:api', configuration = 'compileClasspath'
[2026-09-27 14:14:13] [build-stdout] [2026-09-27 14:14:13] [autobuild] Detected dependency 'project :modules:deal-sourcing': project = ':modules:api', configuration = 'compileClasspath'
[2026-09-27 14:14:13] [build-stdout] [2026-09-27 14:14:13] [autobuild] Detected dependency 'project :modules:ibor-core': project = ':modules:api', configuration = 'compileClasspath'
[2026-09-27 14:14:13] [build-stdout] [2026-09-27 14:14:13] [autobuild] Detected dependency 'project :modules:ingestion': project = ':modules:api', configuration = 'compileClasspath'
[2026-09-27 14:14:13] [build-stdout] [2026-09-27 14:14:13] [autobuild] Detected dependency 'project :modules:lookthrough': project = ':modules:api', configuration = 'compileClasspath'
[2026-09-27 14:14:13] [build-stdout] [2026-09-27 14:14:13] [autobuild] Detected dependency 'project :modules:persistence': project = ':modules:api', configuration = 'compileClasspath'
[2026-09-27 14:14:13] [build-stdout] [2026-09-27 14:14:13] [autobuild] Detected dependency 'project :modules:recon': project = ':modules:api', configuration = 'compileClasspath'
[2026-09-27 14:14:13] [build-stdout] [2026-09-27 14:14:13] [autobuild] Detected dependency 'project :modules:workflow': project = ':modules:api', configuration = 'compileClasspath'
[2026-09-27 14:14:13] [build-stdout] [2026-09-27 14:14:13] [autobuild] Detected dependency 'org.springframework.boot:spring-boot-starter-web:3.5.7': project = ':modules:api', configuration = 'compileClasspath'
[2026-09-27 14:14:13] [build-stdout] [2026-09-27 14:14:13] [autobuild] Detected dependency 'org.springframework.boot:spring-boot-starter:3.5.7': project = ':modules:api', configuration = 'compileClasspath'
[2026-09-27 14:14:13] [build-stdout] [2026-09-27 14:14:13] [autobuild] Detected dependency 'org.springframework.boot:spring-boot:3.5.7': project = ':modules:api', configuration = 'compileClasspath'
[2026-09-27 14:14:13] [build-stdout] [2026-09-27 14:14:13] [autobuild] Detected dependency 'org.springframework:spring-core:6.2.12': project = ':modules:api', configuration = 'compileClasspath'
[2026-09-27 14:14:13] [build-stdout] [2026-09-27 14:14:13] [autobuild] Detected dependency 'org.springframework:spring-jcl:6.2.12': project = ':modules:api', configuration = 'compileClasspath'
[2026-09-27 14:14:13] [build-stdout] [2026-09-27 14:14:13] [autobuild] Detected dependency 'org.springframework:spring-context:6.2.12': project = ':modules:api', configuration = 'compileClasspath'
[2026-09-27 14:14:13] [build-stdout] [2026-09-27 14:14:13] [autobuild] Detected dependency 'org.springframework:spring-aop:6.2.12': project = ':modules:api', configuration = 'compileClasspath'
[2026-09-27 14:14:13] [build-stdout] [2026-09-27 14:14:13] [autobuild] Detected dependency 'org.springframework:spring-beans:6.2.12': project = ':modules:api', configuration = 'compileClasspath'
[2026-09-27 14:14:13] [build-stdout] [2026-09-27 14:14:13] [autobuild] Detected dependency 'org.springframework:spring-expression:6.2.12': project = ':modules:api', configuration = 'compileClasspath'
[2026-09-27 14:14:13] [build-stdout] [2026-09-27 14:14:13] [autobuild] Detected dependency 'io.micrometer:micrometer-observation:1.15.5': project = ':modules:api', configuration = 'compileClasspath'
[2026-09-27 14:14:13] [build-stdout] [2026-09-27 14:14:13] [autobuild] Detected dependency 'io.micrometer:micrometer-commons:1.15.5': project = ':modules:api', configuration = 'compileClasspath'
[2026-09-27 14:14:13] [build-stdout] [2026-09-27 14:14:13] [autobuild] Detected dependency 'org.springframework.boot:spring-boot-autoconfigure:3.5.7': project = ':modules:api', configuration = 'compileClasspath'
[2026-09-27 14:14:13] [build-stdout] [2026-09-27 14:14:13] [autobuild] Detected dependency 'org.springframework.boot:spring-boot-starter-logging:3.5.7': project = ':modules:api', configuration = 'compileClasspath'
[2026-09-27 14:14:13] [build-stdout] [2026-09-27 14:14:13] [autobuild] Detected dependency 'ch.qos.logback:logback-classic:1.5.20': project = ':modules:api', configuration = 'compileClasspath'
[2026-09-27 14:14:13] [build-stdout] [2026-09-27 14:14:13] [autobuild] Detected dependency 'ch.qos.logback:logback-core:1.5.20': project = ':modules:api', configuration = 'compileClasspath'
[2026-09-27 14:14:13] [build-stdout] [2026-09-27 14:14:13] [autobuild] Detected dependency 'org.slf4j:slf4j-api:2.0.17': project = ':modules:api', configuration = 'compileClasspath'
[2026-09-27 14:14:13] [build-stdout] [2026-09-27 14:14:13] [autobuild] Detected dependency 'org.apache.logging.log4j:log4j-to-slf4j:2.24.3': project = ':modules:api', configuration = 'compileClasspath'
[2026-09-27 14:14:13] [build-stdout] [2026-09-27 14:14:13] [autobuild] Detected dependency 'org.apache.logging.log4j:log4j-api:2.24.3': project = ':modules:api', configuration = 'compileClasspath'
[2026-09-27 14:14:13] [build-stdout] [2026-09-27 14:14:13] [autobuild] Detected dependency 'org.slf4j:jul-to-slf4j:2.0.17': project = ':modules:api', configuration = 'compileClasspath'
[2026-09-27 14:14:13] [build-stdout] [2026-09-27 14:14:13] [autobuild] Detected dependency 'jakarta.annotation:jakarta.annotation-api:2.1.1': project = ':modules:api', configuration = 'compileClasspath'
[2026-09-27 14:14:13] [build-stdout] [2026-09-27 14:14:13] [autobuild] Detected dependency 'org.yaml:snakeyaml:2.4': project = ':modules:api', configuration = 'compileClasspath'
[2026-09-27 14:14:13] [build-stdout] [2026-09-27 14:14:13] [autobuild] Detected dependency 'org.springframework.boot:spring-boot-starter-json:3.5.7': project = ':modules:api', configuration = 'compileClasspath'
[2026-09-27 14:14:13] [build-stdout] [2026-09-27 14:14:13] [autobuild] Detected dependency 'org.springframework:spring-web:6.2.12': project = ':modules:api', configuration = 'compileClasspath'
[2026-09-27 14:14:13] [build-stdout] [2026-09-27 14:14:13] [autobuild] Detected dependency 'com.fasterxml.jackson.core:jackson-databind:2.19.2': project = ':modules:api', configuration = 'compileClasspath'
[2026-09-27 14:14:13] [build-stdout] [2026-09-27 14:14:13] [autobuild] Detected dependency 'com.fasterxml.jackson.core:jackson-annotations:2.19.2': project = ':modules:api', configuration = 'compileClasspath'
[2026-09-27 14:14:13] [build-stdout] [2026-09-27 14:14:13] [autobuild] Detected dependency 'com.fasterxml.jackson:jackson-bom:2.19.2': project = ':modules:api', configuration = 'compileClasspath'
[2026-09-27 14:14:13] [build-stdout] [2026-09-27 14:14:13] [autobuild] Detected dependency 'com.fasterxml.jackson.core:jackson-core:2.19.2': project = ':modules:api', configuration = 'compileClasspath'
[2026-09-27 14:14:13] [build-stdout] [2026-09-27 14:14:13] [autobuild] Detected dependency 'com.fasterxml.jackson.dataformat:jackson-dataformat-toml:2.19.2': project = ':modules:api', configuration = 'compileClasspath'
[2026-09-27 14:14:13] [build-stdout] [2026-09-27 14:14:13] [autobuild] Detected dependency 'com.fasterxml.jackson.datatype:jackson-datatype-jdk8:2.19.2': project = ':modules:api', configuration = 'compileClasspath'
[2026-09-27 14:14:13] [build-stdout] [2026-09-27 14:14:13] [autobuild] Detected dependency 'com.fasterxml.jackson.datatype:jackson-datatype-jsr310:2.19.2': project = ':modules:api', configuration = 'compileClasspath'
[2026-09-27 14:14:13] [build-stdout] [2026-09-27 14:14:13] [autobuild] Detected dependency 'com.fasterxml.jackson.module:jackson-module-kotlin:2.19.2': project = ':modules:api', configuration = 'compileClasspath'
[2026-09-27 14:14:13] [build-stdout] [2026-09-27 14:14:13] [autobuild] Detected dependency 'org.jetbrains.kotlin:kotlin-reflect:2.2.21': project = ':modules:api', configuration = 'compileClasspath'
[2026-09-27 14:14:13] [build-stdout] [2026-09-27 14:14:13] [autobuild] Detected dependency 'com.fasterxml.jackson.module:jackson-module-parameter-names:2.19.2': project = ':modules:api', configuration = 'compileClasspath'
[2026-09-27 14:14:13] [build-stdout] [2026-09-27 14:14:13] [autobuild] Detected dependency 'org.springframework.boot:spring-boot-starter-tomcat:3.5.7': project = ':modules:api', configuration = 'compileClasspath'
[2026-09-27 14:14:13] [build-stdout] [2026-09-27 14:14:13] [autobuild] Detected dependency 'org.apache.tomcat.embed:tomcat-embed-core:10.1.48': project = ':modules:api', configuration = 'compileClasspath'
[2026-09-27 14:14:13] [build-stdout] [2026-09-27 14:14:13] [autobuild] Detected dependency 'org.apache.tomcat.embed:tomcat-embed-el:10.1.48': project = ':modules:api', configuration = 'compileClasspath'
[2026-09-27 14:14:13] [build-stdout] [2026-09-27 14:14:13] [autobuild] Detected dependency 'org.apache.tomcat.embed:tomcat-embed-websocket:10.1.48': project = ':modules:api', configuration = 'compileClasspath'
[2026-09-27 14:14:13] [build-stdout] [2026-09-27 14:14:13] [autobuild] Detected dependency 'org.springframework:spring-webmvc:6.2.12': project = ':modules:api', configuration = 'compileClasspath'
[2026-09-27 14:14:13] [build-stdout] [2026-09-27 14:14:13] [autobuild] Detected dependency 'org.springframework.boot:spring-boot-starter-jdbc:3.5.7': project = ':modules:api', configuration = 'compileClasspath'
[2026-09-27 14:14:13] [build-stdout] [2026-09-27 14:14:13] [autobuild] Detected dependency 'com.zaxxer:HikariCP:6.3.3': project = ':modules:api', configuration = 'compileClasspath'
[2026-09-27 14:14:13] [build-stdout] [2026-09-27 14:14:13] [autobuild] Detected dependency 'org.springframework:spring-jdbc:6.2.12': project = ':modules:api', configuration = 'compileClasspath'
[2026-09-27 14:14:13] [build-stdout] [2026-09-27 14:14:13] [autobuild] Detected dependency 'org.springframework:spring-tx:6.2.12': project = ':modules:api', configuration = 'compileClasspath'
[2026-09-27 14:14:13] [build-stdout] [2026-09-27 14:14:13] [autobuild] Detected dependency 'org.springframework.boot:spring-boot-starter-actuator:3.5.7': project = ':modules:api', configuration = 'compileClasspath'
[2026-09-27 14:14:13] [build-stdout] [2026-09-27 14:14:13] [autobuild] Detected dependency 'org.springframework.boot:spring-boot-actuator-autoconfigure:3.5.7': project = ':modules:api', configuration = 'compileClasspath'
[2026-09-27 14:14:13] [build-stdout] [2026-09-27 14:14:13] [autobuild] Detected dependency 'org.springframework.boot:spring-boot-actuator:3.5.7': project = ':modules:api', configuration = 'compileClasspath'
[2026-09-27 14:14:13] [build-stdout] [2026-09-27 14:14:13] [autobuild] Detected dependency 'io.micrometer:micrometer-jakarta9:1.15.5': project = ':modules:api', configuration = 'compileClasspath'
[2026-09-27 14:14:13] [build-stdout] [2026-09-27 14:14:13] [autobuild] Detected dependency 'io.micrometer:micrometer-core:1.15.5': project = ':modules:api', configuration = 'compileClasspath'
[2026-09-27 14:14:13] [build-stdout] [2026-09-27 14:14:13] [autobuild] Detected dependency 'org.springframework.boot:spring-boot-starter-validation:3.5.7': project = ':modules:api', configuration = 'compileClasspath'
[2026-09-27 14:14:13] [build-stdout] [2026-09-27 14:14:13] [autobuild] Detected dependency 'org.hibernate.validator:hibernate-validator:8.0.3.Final': project = ':modules:api', configuration = 'compileClasspath'
[2026-09-27 14:14:13] [build-stdout] [2026-09-27 14:14:13] [autobuild] Detected dependency 'jakarta.validation:jakarta.validation-api:3.0.2': project = ':modules:api', configuration = 'compileClasspath'
[2026-09-27 14:14:13] [build-stdout] [2026-09-27 14:14:13] [autobuild] Detected dependency 'org.jboss.logging:jboss-logging:3.6.1.Final': project = ':modules:api', configuration = 'compileClasspath'
[2026-09-27 14:14:13] [build-stdout] [2026-09-27 14:14:13] [autobuild] Detected dependency 'com.fasterxml:classmate:1.7.1': project = ':modules:api', configuration = 'compileClasspath'
[2026-09-27 14:14:13] [build-stdout] [2026-09-27 14:14:13] [autobuild] Detected dependency 'org.springframework.boot:spring-boot-starter-security:3.5.7': project = ':modules:api', configuration = 'compileClasspath'
[2026-09-27 14:14:13] [build-stdout] [2026-09-27 14:14:13] [autobuild] Detected dependency 'org.springframework.security:spring-security-config:6.5.6': project = ':modules:api', configuration = 'compileClasspath'
[2026-09-27 14:14:13] [build-stdout] [2026-09-27 14:14:13] [autobuild] Detected dependency 'org.springframework.security:spring-security-core:6.5.6': project = ':modules:api', configuration = 'compileClasspath'
[2026-09-27 14:14:13] [build-stdout] [2026-09-27 14:14:13] [autobuild] Detected dependency 'org.springframework.security:spring-security-crypto:6.5.6': project = ':modules:api', configuration = 'compileClasspath'
[2026-09-27 14:14:13] [build-stdout] [2026-09-27 14:14:13] [autobuild] Detected dependency 'org.springframework.security:spring-security-web:6.5.6': project = ':modules:api', configuration = 'compileClasspath'
[2026-09-27 14:14:13] [build-stdout] [2026-09-27 14:14:13] [autobuild] Detected dependency 'org.springframework.boot:spring-boot-starter-oauth2-resource-server:3.5.7': project = ':modules:api', configuration = 'compileClasspath'
[2026-09-27 14:14:13] [build-stdout] [2026-09-27 14:14:13] [autobuild] Detected dependency 'org.springframework.security:spring-security-oauth2-resource-server:6.5.6': project = ':modules:api', configuration = 'compileClasspath'
[2026-09-27 14:14:13] [build-stdout] [2026-09-27 14:14:13] [autobuild] Detected dependency 'org.springframework.security:spring-security-oauth2-core:6.5.6': project = ':modules:api', configuration = 'compileClasspath'
[2026-09-27 14:14:13] [build-stdout] [2026-09-27 14:14:13] [autobuild] Detected dependency 'org.springframework.security:spring-security-oauth2-jose:6.5.6': project = ':modules:api', configuration = 'compileClasspath'
[2026-09-27 14:14:13] [build-stdout] [2026-09-27 14:14:13] [autobuild] Detected dependency 'com.nimbusds:nimbus-jose-jwt:9.37.4': project = ':modules:api', configuration = 'compileClasspath'
[2026-09-27 14:14:13] [build-stdout] [2026-09-27 14:14:13] [autobuild] Detected dependency 'com.github.stephenc.jcip:jcip-annotations:1.0-1': project = ':modules:api', configuration = 'compileClasspath'
[2026-09-27 14:14:13] [build-stdout] [2026-09-27 14:14:13] [autobuild] Detected dependency 'com.fasterxml.jackson.module:jackson-module-kotlin:2.19.2': project = ':modules:api', configuration = 'compileClasspath'
[2026-09-27 14:14:13] [build-stdout] [2026-09-27 14:14:13] [autobuild] Detected dependency 'org.jetbrains.kotlin:kotlin-reflect:2.2.21': project = ':modules:api', configuration = 'compileClasspath'
[2026-09-27 14:14:13] [build-stdout] [2026-09-27 14:14:13] [autobuild] Detected dependency 'org.flywaydb:flyway-core:11.7.2': project = ':modules:api', configuration = 'compileClasspath'
[2026-09-27 14:14:13] [build-stdout] [2026-09-27 14:14:13] [autobuild] Detected dependency 'org.flywaydb:flyway-database-postgresql:11.7.2': project = ':modules:api', configuration = 'compileClasspath'
[2026-09-27 14:14:13] [build-stdout] [2026-09-27 14:14:13] [autobuild] Detected dependency 'org.jetbrains.kotlin:kotlin-reflect:2.2.21': project = ':modules:api', configuration = 'compileClasspath'
[2026-09-27 14:14:13] [build-stdout] [2026-09-27 14:14:13] [autobuild] Detected dependency 'project :modules:analytics': project = ':', configuration = 'detachedConfiguration97'
[2026-09-27 14:14:13] [build-stdout] [2026-09-27 14:14:13] [autobuild] Detected dependency 'org.jetbrains.kotlin:kotlin-stdlib:2.2.21': project = ':', configuration = 'detachedConfiguration97'
[2026-09-27 14:14:13] [build-stdout] [2026-09-27 14:14:13] [autobuild] Detected dependency 'org.jetbrains:annotations:13.0': project = ':', configuration = 'detachedConfiguration97'
[2026-09-27 14:14:13] [build-stdout] [2026-09-27 14:14:13] [autobuild] Detected dependency 'project :modules:persistence': project = ':', configuration = 'detachedConfiguration97'
[2026-09-27 14:14:13] [build-stdout] [2026-09-27 14:14:13] [autobuild] Detected dependency 'project :modules:control-panel': project = ':', configuration = 'detachedConfiguration97'
[2026-09-27 14:14:13] [build-stdout] [2026-09-27 14:14:13] [autobuild] Detected dependency 'com.fasterxml.jackson.core:jackson-databind:2.19.2': project = ':', configuration = 'detachedConfiguration97'
[2026-09-27 14:14:13] [build-stdout] [2026-09-27 14:14:13] [autobuild] Detected dependency 'com.fasterxml.jackson.core:jackson-annotations:2.19.2': project = ':', configuration = 'detachedConfiguration97'
[2026-09-27 14:14:13] [build-stdout] [2026-09-27 14:14:13] [autobuild] Detected dependency 'com.fasterxml.jackson:jackson-bom:2.19.2': project = ':', configuration = 'detachedConfiguration97'
[2026-09-27 14:14:13] [build-stdout] [2026-09-27 14:14:13] [autobuild] Detected dependency 'com.fasterxml.jackson.core:jackson-core:2.19.2': project = ':', configuration = 'detachedConfiguration97'
[2026-09-27 14:14:13] [build-stdout] [2026-09-27 14:14:13] [autobuild] Detected dependency 'com.fasterxml.jackson.dataformat:jackson-dataformat-toml:2.19.2': project = ':', configuration = 'detachedConfiguration97'
[2026-09-27 14:14:13] [build-stdout] [2026-09-27 14:14:13] [autobuild] Detected dependency 'com.fasterxml.jackson.datatype:jackson-datatype-jdk8:2.19.2': project = ':', configuration = 'detachedConfiguration97'
[2026-09-27 14:14:13] [build-stdout] [2026-09-27 14:14:13] [autobuild] Detected dependency 'com.fasterxml.jackson.datatype:jackson-datatype-jsr310:2.19.2': project = ':', configuration = 'detachedConfiguration97'
[2026-09-27 14:14:13] [build-stdout] [2026-09-27 14:14:13] [autobuild] Detected dependency 'com.fasterxml.jackson.module:jackson-module-kotlin:2.19.2': project = ':', configuration = 'detachedConfiguration97'
[2026-09-27 14:14:13] [build-stdout] [2026-09-27 14:14:13] [autobuild] Detected dependency 'org.jetbrains.kotlin:kotlin-reflect:2.2.21': project = ':', configuration = 'detachedConfiguration97'
[2026-09-27 14:14:13] [build-stdout] [2026-09-27 14:14:13] [autobuild] Detected dependency 'com.fasterxml.jackson.module:jackson-module-parameter-names:2.19.2': project = ':', configuration = 'detachedConfiguration97'
[2026-09-27 14:14:13] [build-stdout] [2026-09-27 14:14:13] [autobuild] Detected dependency 'project :modules:deal-sourcing': project = ':', configuration = 'detachedConfiguration97'
[2026-09-27 14:14:13] [build-stdout] [2026-09-27 14:14:13] [autobuild] Detected dependency 'project :modules:ibor-core': project = ':', configuration = 'detachedConfiguration97'
[2026-09-27 14:14:13] [build-stdout] [2026-09-27 14:14:13] [autobuild] Detected dependency 'project :modules:ingestion': project = ':', configuration = 'detachedConfiguration97'
[2026-09-27 14:14:13] [build-stdout] [2026-09-27 14:14:13] [autobuild] Detected dependency 'project :modules:lookthrough': project = ':', configuration = 'detachedConfiguration97'
[2026-09-27 14:14:13] [build-stdout] [2026-09-27 14:14:13] [autobuild] Detected dependency 'project :modules:persistence': project = ':', configuration = 'detachedConfiguration97'
[2026-09-27 14:14:13] [build-stdout] [2026-09-27 14:14:13] [autobuild] Detected dependency 'project :modules:recon': project = ':', configuration = 'detachedConfiguration97'
[2026-09-27 14:14:13] [build-stdout] [2026-09-27 14:14:13] [autobuild] Detected dependency 'project :modules:workflow': project = ':', configuration = 'detachedConfiguration97'
[2026-09-27 14:14:13] [build-stdout] [2026-09-27 14:14:13] [autobuild] Detected dependency 'org.springframework.boot:spring-boot-starter-web:3.5.7': project = ':', configuration = 'detachedConfiguration97'
[2026-09-27 14:14:13] [build-stdout] [2026-09-27 14:14:13] [autobuild] Detected dependency 'org.springframework.boot:spring-boot-starter:3.5.7': project = ':', configuration = 'detachedConfiguration97'
[2026-09-27 14:14:13] [build-stdout] [2026-09-27 14:14:13] [autobuild] Detected dependency 'org.springframework.boot:spring-boot:3.5.7': project = ':', configuration = 'detachedConfiguration97'
[2026-09-27 14:14:13] [build-stdout] [2026-09-27 14:14:13] [autobuild] Detected dependency 'org.springframework:spring-core:6.2.12': project = ':', configuration = 'detachedConfiguration97'
[2026-09-27 14:14:13] [build-stdout] [2026-09-27 14:14:13] [autobuild] Detected dependency 'org.springframework:spring-jcl:6.2.12': project = ':', configuration = 'detachedConfiguration97'
[2026-09-27 14:14:13] [build-stdout] [2026-09-27 14:14:13] [autobuild] Detected dependency 'org.springframework:spring-context:6.2.12': project = ':', configuration = 'detachedConfiguration97'
[2026-09-27 14:14:13] [build-stdout] [2026-09-27 14:14:13] [autobuild] Detected dependency 'org.springframework:spring-aop:6.2.12': project = ':', configuration = 'detachedConfiguration97'
[2026-09-27 14:14:13] [build-stdout] [2026-09-27 14:14:13] [autobuild] Detected dependency 'org.springframework:spring-beans:6.2.12': project = ':', configuration = 'detachedConfiguration97'
[2026-09-27 14:14:13] [build-stdout] [2026-09-27 14:14:13] [autobuild] Detected dependency 'org.springframework:spring-expression:6.2.12': project = ':', configuration = 'detachedConfiguration97'
[2026-09-27 14:14:13] [build-stdout] [2026-09-27 14:14:13] [autobuild] Detected dependency 'io.micrometer:micrometer-observation:1.15.5': project = ':', configuration = 'detachedConfiguration97'
[2026-09-27 14:14:13] [build-stdout] [2026-09-27 14:14:13] [autobuild] Detected dependency 'io.micrometer:micrometer-commons:1.15.5': project = ':', configuration = 'detachedConfiguration97'
[2026-09-27 14:14:13] [build-stdout] [2026-09-27 14:14:13] [autobuild] Detected dependency 'org.springframework.boot:spring-boot-autoconfigure:3.5.7': project = ':', configuration = 'detachedConfiguration97'
[2026-09-27 14:14:13] [build-stdout] [2026-09-27 14:14:13] [autobuild] Detected dependency 'org.springframework.boot:spring-boot-starter-logging:3.5.7': project = ':', configuration = 'detachedConfiguration97'
[2026-09-27 14:14:13] [build-stdout] [2026-09-27 14:14:13] [autobuild] Detected dependency 'ch.qos.logback:logback-classic:1.5.20': project = ':', configuration = 'detachedConfiguration97'
[2026-09-27 14:14:13] [build-stdout] [2026-09-27 14:14:13] [autobuild] Detected dependency 'ch.qos.logback:logback-core:1.5.20': project = ':', configuration = 'detachedConfiguration97'
[2026-09-27 14:14:13] [build-stdout] [2026-09-27 14:14:13] [autobuild] Detected dependency 'org.slf4j:slf4j-api:2.0.17': project = ':', configuration = 'detachedConfiguration97'
[2026-09-27 14:14:13] [build-stdout] [2026-09-27 14:14:13] [autobuild] Detected dependency 'org.apache.logging.log4j:log4j-to-slf4j:2.24.3': project = ':', configuration = 'detachedConfiguration97'
[2026-09-27 14:14:13] [build-stdout] [2026-09-27 14:14:13] [autobuild] Detected dependency 'org.apache.logging.log4j:log4j-api:2.24.3': project = ':', configuration = 'detachedConfiguration97'
[2026-09-27 14:14:13] [build-stdout] [2026-09-27 14:14:13] [autobuild] Detected dependency 'org.slf4j:jul-to-slf4j:2.0.17': project = ':', configuration = 'detachedConfiguration97'
[2026-09-27 14:14:13] [build-stdout] [2026-09-27 14:14:13] [autobuild] Detected dependency 'jakarta.annotation:jakarta.annotation-api:2.1.1': project = ':', configuration = 'detachedConfiguration97'
[2026-09-27 14:14:13] [build-stdout] [2026-09-27 14:14:13] [autobuild] Detected dependency 'org.yaml:snakeyaml:2.4': project = ':', configuration = 'detachedConfiguration97'
[2026-09-27 14:14:13] [build-stdout] [2026-09-27 14:14:13] [autobuild] Detected dependency 'org.springframework.boot:spring-boot-starter-json:3.5.7': project = ':', configuration = 'detachedConfiguration97'
[2026-09-27 14:14:13] [build-stdout] [2026-09-27 14:14:13] [autobuild] Detected dependency 'org.springframework:spring-web:6.2.12': project = ':', configuration = 'detachedConfiguration97'
[2026-09-27 14:14:13] [build-stdout] [2026-09-27 14:14:13] [autobuild] Detected dependency 'org.springframework.boot:spring-boot-starter-tomcat:3.5.7': project = ':', configuration = 'detachedConfiguration97'
[2026-09-27 14:14:13] [build-stdout] [2026-09-27 14:14:13] [autobuild] Detected dependency 'org.apache.tomcat.embed:tomcat-embed-core:10.1.48': project = ':', configuration = 'detachedConfiguration97'
[2026-09-27 14:14:13] [build-stdout] [2026-09-27 14:14:13] [autobuild] Detected dependency 'org.apache.tomcat.embed:tomcat-embed-el:10.1.48': project = ':', configuration = 'detachedConfiguration97'
[2026-09-27 14:14:13] [build-stdout] [2026-09-27 14:14:13] [autobuild] Detected dependency 'org.apache.tomcat.embed:tomcat-embed-websocket:10.1.48': project = ':', configuration = 'detachedConfiguration97'
[2026-09-27 14:14:13] [build-stdout] [2026-09-27 14:14:13] [autobuild] Detected dependency 'org.springframework:spring-webmvc:6.2.12': project = ':', configuration = 'detachedConfiguration97'
[2026-09-27 14:14:13] [build-stdout] [2026-09-27 14:14:13] [autobuild] Detected dependency 'org.springframework.boot:spring-boot-starter-jdbc:3.5.7': project = ':', configuration = 'detachedConfiguration97'
[2026-09-27 14:14:13] [build-stdout] [2026-09-27 14:14:13] [autobuild] Detected dependency 'com.zaxxer:HikariCP:6.3.3': project = ':', configuration = 'detachedConfiguration97'
[2026-09-27 14:14:13] [build-stdout] [2026-09-27 14:14:13] [autobuild] Detected dependency 'org.springframework:spring-jdbc:6.2.12': project = ':', configuration = 'detachedConfiguration97'
[2026-09-27 14:14:13] [build-stdout] [2026-09-27 14:14:13] [autobuild] Detected dependency 'org.springframework:spring-tx:6.2.12': project = ':', configuration = 'detachedConfiguration97'
[2026-09-27 14:14:13] [build-stdout] [2026-09-27 14:14:13] [autobuild] Detected dependency 'org.springframework.boot:spring-boot-starter-actuator:3.5.7': project = ':', configuration = 'detachedConfiguration97'
[2026-09-27 14:14:13] [build-stdout] [2026-09-27 14:14:13] [autobuild] Detected dependency 'org.springframework.boot:spring-boot-actuator-autoconfigure:3.5.7': project = ':', configuration = 'detachedConfiguration97'
[2026-09-27 14:14:13] [build-stdout] [2026-09-27 14:14:13] [autobuild] Detected dependency 'org.springframework.boot:spring-boot-actuator:3.5.7': project = ':', configuration = 'detachedConfiguration97'
[2026-09-27 14:14:13] [build-stdout] [2026-09-27 14:14:13] [autobuild] Detected dependency 'io.micrometer:micrometer-jakarta9:1.15.5': project = ':', configuration = 'detachedConfiguration97'
[2026-09-27 14:14:13] [build-stdout] [2026-09-27 14:14:13] [autobuild] Detected dependency 'io.micrometer:micrometer-core:1.15.5': project = ':', configuration = 'detachedConfiguration97'
[2026-09-27 14:14:13] [build-stdout] [2026-09-27 14:14:13] [autobuild] Detected dependency 'org.hdrhistogram:HdrHistogram:2.2.2': project = ':', configuration = 'detachedConfiguration97'
[2026-09-27 14:14:13] [build-stdout] [2026-09-27 14:14:13] [autobuild] Detected dependency 'org.latencyutils:LatencyUtils:2.0.3': project = ':', configuration = 'detachedConfiguration97'
[2026-09-27 14:14:13] [build-stdout] [2026-09-27 14:14:13] [autobuild] Detected dependency 'org.springframework.boot:spring-boot-starter-validation:3.5.7': project = ':', configuration = 'detachedConfiguration97'
[2026-09-27 14:14:13] [build-stdout] [2026-09-27 14:14:13] [autobuild] Detected dependency 'org.hibernate.validator:hibernate-validator:8.0.3.Final': project = ':', configuration = 'detachedConfiguration97'
[2026-09-27 14:14:13] [build-stdout] [2026-09-27 14:14:13] [autobuild] Detected dependency 'jakarta.validation:jakarta.validation-api:3.0.2': project = ':', configuration = 'detachedConfiguration97'
[2026-09-27 14:14:13] [build-stdout] [2026-09-27 14:14:13] [autobuild] Detected dependency 'org.jboss.logging:jboss-logging:3.6.1.Final': project = ':', configuration = 'detachedConfiguration97'
[2026-09-27 14:14:13] [build-stdout] [2026-09-27 14:14:13] [autobuild] Detected dependency 'org.jetbrains.kotlin:kotlin-build-tools-api:2.2.21': project = ':modules:analytics', configuration = 'kotlinBuildToolsApiClasspath'
[2026-09-27 14:14:13] [build-stdout] [2026-09-27 14:14:13] [autobuild] Detected dependency 'org.jetbrains.kotlin:kotlin-stdlib:2.2.21': project = ':modules:analytics', configuration = 'kotlinBuildToolsApiClasspath'
[2026-09-27 14:14:13] [build-stdout] [2026-09-27 14:14:13] [autobuild] Detected dependency 'org.jetbrains:annotations:13.0': project = ':modules:analytics', configuration = 'kotlinBuildToolsApiClasspath'
[2026-09-27 14:14:13] [build-stdout] [2026-09-27 14:14:13] [autobuild] Detected dependency 'org.jetbrains.kotlin:kotlin-compiler-embeddable:2.2.21': project = ':modules:analytics', configuration = 'kotlinBuildToolsApiClasspath'
[2026-09-27 14:14:13] [build-stdout] [2026-09-27 14:14:13] [autobuild] Detected dependency 'org.jetbrains.kotlin:kotlin-script-runtime:2.2.21': project = ':modules:analytics', configuration = 'kotlinBuildToolsApiClasspath'
[2026-09-27 14:14:13] [build-stdout] [2026-09-27 14:14:13] [autobuild] Detected dependency 'org.jetbrains.kotlin:kotlin-reflect:1.6.10': project = ':modules:analytics', configuration = 'kotlinBuildToolsApiClasspath'
[2026-09-27 14:14:13] [build-stdout] [2026-09-27 14:14:13] [autobuild] Detected dependency 'org.jetbrains.kotlin:kotlin-daemon-embeddable:2.2.21': project = ':modules:analytics', configuration = 'kotlinBuildToolsApiClasspath'
[2026-09-27 14:14:13] [build-stdout] [2026-09-27 14:14:13] [autobuild] Detected dependency 'org.jetbrains.kotlinx:kotlinx-coroutines-core-jvm:1.8.0': project = ':modules:analytics', configuration = 'kotlinBuildToolsApiClasspath'
[2026-09-27 14:14:13] [build-stdout] [2026-09-27 14:14:13] [autobuild] Detected dependency 'org.jetbrains.kotlin:kotlin-compiler-runner:2.2.21': project = ':modules:analytics', configuration = 'kotlinBuildToolsApiClasspath'
[2026-09-27 14:14:13] [build-stdout] [2026-09-27 14:14:13] [autobuild] Detected dependency 'org.jetbrains.kotlin:kotlin-daemon-client:2.2.21': project = ':modules:analytics', configuration = 'kotlinBuildToolsApiClasspath'
[2026-09-27 14:14:13] [build-stdout] [2026-09-27 14:14:13] [autobuild] Detected dependency 'org.jetbrains.kotlin:kotlin-scripting-compiler-embeddable:2.2.21': project = ':modules:analytics', configuration = 'kotlinBuildToolsApiClasspath'
[2026-09-27 14:14:13] [build-stdout] [2026-09-27 14:14:13] [autobuild] Detected dependency 'org.jetbrains.kotlin:kotlin-scripting-common:2.2.21': project = ':modules:analytics', configuration = 'kotlinBuildToolsApiClasspath'
[2026-09-27 14:14:13] [build-stdout] [2026-09-27 14:14:13] [autobuild] Detected dependency 'org.jetbrains.kotlin:kotlin-scripting-jvm:2.2.21': project = ':modules:analytics', configuration = 'kotlinBuildToolsApiClasspath'
[2026-09-27 14:14:13] [build-stdout] [2026-09-27 14:14:13] [autobuild] Detected dependency 'org.jetbrains.kotlin:kotlin-scripting-compiler-impl-embeddable:2.2.21': project = ':modules:analytics', configuration = 'kotlinBuildToolsApiClasspath'
[2026-09-27 14:14:13] [build-stdout] [2026-09-27 14:14:13] [autobuild] Detected dependency 'org.jetbrains.kotlin:kotlin-build-tools-impl:2.2.21': project = ':modules:deal-sourcing', configuration = 'kotlinBuildToolsApiClasspath'
[2026-09-27 14:14:13] [build-stdout] [2026-09-27 14:14:13] [autobuild] Detected dependency 'org.jetbrains.kotlin:kotlin-build-tools-api:2.2.21': project = ':modules:deal-sourcing', configuration = 'kotlinBuildToolsApiClasspath'
[2026-09-27 14:14:13] [build-stdout] [2026-09-27 14:14:13] [autobuild] Detected dependency 'org.jetbrains.kotlin:kotlin-stdlib:2.2.21': project = ':modules:deal-sourcing', configuration = 'kotlinBuildToolsApiClasspath'
[2026-09-27 14:14:13] [build-stdout] [2026-09-27 14:14:13] [autobuild] Detected dependency 'org.jetbrains:annotations:13.0': project = ':modules:deal-sourcing', configuration = 'kotlinBuildToolsApiClasspath'
[2026-09-27 14:14:13] [build-stdout] [2026-09-27 14:14:13] [autobuild] Detected dependency 'org.jetbrains.kotlin:kotlin-compiler-embeddable:2.2.21': project = ':modules:deal-sourcing', configuration = 'kotlinBuildToolsApiClasspath'
[2026-09-27 14:14:13] [build-stdout] [2026-09-27 14:14:13] [autobuild] Detected dependency 'org.jetbrains.kotlin:kotlin-script-runtime:2.2.21': project = ':modules:deal-sourcing', configuration = 'kotlinBuildToolsApiClasspath'
[2026-09-27 14:14:13] [build-stdout] [2026-09-27 14:14:13] [autobuild] Detected dependency 'org.jetbrains.kotlin:kotlin-reflect:1.6.10': project = ':modules:deal-sourcing', configuration = 'kotlinBuildToolsApiClasspath'
[2026-09-27 14:14:13] [build-stdout] [2026-09-27 14:14:13] [autobuild] Detected dependency 'org.jetbrains.kotlin:kotlin-daemon-embeddable:2.2.21': project = ':modules:deal-sourcing', configuration = 'kotlinBuildToolsApiClasspath'
[2026-09-27 14:14:13] [build-stdout] [2026-09-27 14:14:13] [autobuild] Detected dependency 'org.jetbrains.kotlinx:kotlinx-coroutines-core-jvm:1.8.0': project = ':modules:deal-sourcing', configuration = 'kotlinBuildToolsApiClasspath'
[2026-09-27 14:14:13] [build-stdout] [2026-09-27 14:14:13] [autobuild] Detected dependency 'org.jetbrains.kotlin:kotlin-compiler-runner:2.2.21': project = ':modules:deal-sourcing', configuration = 'kotlinBuildToolsApiClasspath'
[2026-09-27 14:14:13] [build-stdout] [2026-09-27 14:14:13] [autobuild] Detected dependency 'org.jetbrains.kotlin:kotlin-daemon-client:2.2.21': project = ':modules:deal-sourcing', configuration = 'kotlinBuildToolsApiClasspath'
[2026-09-27 14:14:13] [build-stdout] [2026-09-27 14:14:13] [autobuild] Detected dependency 'org.jetbrains.kotlin:kotlin-scripting-compiler-embeddable:2.2.21': project = ':modules:deal-sourcing', configuration = 'kotlinBuildToolsApiClasspath'
[2026-09-27 14:14:13] [build-stdout] [2026-09-27 14:14:13] [autobuild] Detected dependency 'org.jetbrains.kotlin:kotlin-scripting-common:2.2.21': project = ':modules:deal-sourcing', configuration = 'kotlinBuildToolsApiClasspath'
[2026-09-27 14:14:13] [build-stdout] [2026-09-27 14:14:13] [autobuild] Detected dependency 'org.jetbrains.kotlin:kotlin-scripting-jvm:2.2.21': project = ':modules:deal-sourcing', configuration = 'kotlinBuildToolsApiClasspath'
[2026-09-27 14:14:13] [build-stdout] [2026-09-27 14:14:13] [autobuild] Detected dependency 'org.jetbrains.kotlin:kotlin-scripting-compiler-impl-embeddable:2.2.21': project = ':modules:deal-sourcing', configuration = 'kotlinBuildToolsApiClasspath'
[2026-09-27 14:14:13] [build-stdout] [2026-09-27 14:14:13] [autobuild] Detected dependency 'org.jetbrains.kotlin:kotlin-build-tools-impl:2.2.21': project = ':modules:control-panel', configuration = 'kotlinBuildToolsApiClasspath'
[2026-09-27 14:14:13] [build-stdout] [2026-09-27 14:14:13] [autobuild] Detected dependency 'org.jetbrains.kotlin:kotlin-build-tools-api:2.2.21': project = ':modules:control-panel', configuration = 'kotlinBuildToolsApiClasspath'
[2026-09-27 14:14:13] [build-stdout] [2026-09-27 14:14:13] [autobuild] Detected dependency 'org.jetbrains.kotlin:kotlin-stdlib:2.2.21': project = ':modules:control-panel', configuration = 'kotlinBuildToolsApiClasspath'
[2026-09-27 14:14:13] [build-stdout] [2026-09-27 14:14:13] [autobuild] Detected dependency 'org.jetbrains:annotations:13.0': project = ':modules:control-panel', configuration = 'kotlinBuildToolsApiClasspath'
[2026-09-27 14:14:13] [build-stdout] [2026-09-27 14:14:13] [autobuild] Detected dependency 'org.jetbrains.kotlin:kotlin-compiler-embeddable:2.2.21': project = ':modules:control-panel', configuration = 'kotlinBuildToolsApiClasspath'
[2026-09-27 14:14:13] [build-stdout] [2026-09-27 14:14:13] [autobuild] Detected dependency 'org.jetbrains.kotlin:kotlin-script-runtime:2.2.21': project = ':modules:control-panel', configuration = 'kotlinBuildToolsApiClasspath'
[2026-09-27 14:14:13] [build-stdout] [2026-09-27 14:14:13] [autobuild] Detected dependency 'org.jetbrains.kotlin:kotlin-reflect:1.6.10': project = ':modules:control-panel', configuration = 'kotlinBuildToolsApiClasspath'
[2026-09-27 14:14:13] [build-stdout] [2026-09-27 14:14:13] [autobuild] Detected dependency 'org.jetbrains.kotlin:kotlin-daemon-embeddable:2.2.21': project = ':modules:control-panel', configuration = 'kotlinBuildToolsApiClasspath'
[2026-09-27 14:14:13] [build-stdout] [2026-09-27 14:14:13] [autobuild] Detected dependency 'org.jetbrains.kotlinx:kotlinx-coroutines-core-jvm:1.8.0': project = ':modules:control-panel', configuration = 'kotlinBuildToolsApiClasspath'
[2026-09-27 14:14:13] [build-stdout] [2026-09-27 14:14:13] [autobuild] Detected dependency 'org.jetbrains.kotlin:kotlin-compiler-runner:2.2.21': project = ':modules:control-panel', configuration = 'kotlinBuildToolsApiClasspath'
[2026-09-27 14:14:13] [build-stdout] [2026-09-27 14:14:13] [autobuild] Detected dependency 'org.jetbrains.kotlin:kotlin-daemon-client:2.2.21': project = ':modules:control-panel', configuration = 'kotlinBuildToolsApiClasspath'
[2026-09-27 14:14:13] [build-stdout] [2026-09-27 14:14:13] [autobuild] Detected dependency 'org.jetbrains.kotlin:kotlin-scripting-compiler-embeddable:2.2.21': project = ':modules:control-panel', configuration = 'kotlinBuildToolsApiClasspath'
[2026-09-27 14:14:13] [build-stdout] [2026-09-27 14:14:13] [autobuild] Detected dependency 'org.jetbrains.kotlin:kotlin-scripting-common:2.2.21': project = ':modules:control-panel', configuration = 'kotlinBuildToolsApiClasspath'
[2026-09-27 14:14:13] [build-stdout] [2026-09-27 14:14:13] [autobuild] Detected dependency 'org.jetbrains.kotlin:kotlin-scripting-jvm:2.2.21': project = ':modules:control-panel', configuration = 'kotlinBuildToolsApiClasspath'
[2026-09-27 14:14:13] [build-stdout] [2026-09-27 14:14:13] [autobuild] Detected dependency 'org.jetbrains.kotlin:kotlin-scripting-compiler-impl-embeddable:2.2.21': project = ':modules:control-panel', configuration = 'kotlinBuildToolsApiClasspath'
[2026-09-27 14:14:13] [build-stdout] [2026-09-27 14:14:13] [autobuild] Detected dependency 'org.jetbrains.kotlin:kotlin-build-tools-impl:2.2.21': project = ':modules:ibor-core', configuration = 'kotlinBuildToolsApiClasspath'
[2026-09-27 14:14:13] [build-stdout] [2026-09-27 14:14:13] [autobuild] Detected dependency 'org.jetbrains.kotlin:kotlin-build-tools-api:2.2.21': project = ':modules:ibor-core', configuration = 'kotlinBuildToolsApiClasspath'
[2026-09-27 14:14:13] [build-stdout] [2026-09-27 14:14:13] [autobuild] Detected dependency 'org.jetbrains.kotlin:kotlin-stdlib:2.2.21': project = ':modules:ibor-core', configuration = 'kotlinBuildToolsApiClasspath'
[2026-09-27 14:14:13] [build-stdout] [2026-09-27 14:14:13] [autobuild] Detected dependency 'org.jetbrains:annotations:13.0': project = ':modules:ibor-core', configuration = 'kotlinBuildToolsApiClasspath'
[2026-09-27 14:14:13] [build-stdout] [2026-09-27 14:14:13] [autobuild] Detected dependency 'org.jetbrains.kotlin:kotlin-compiler-embeddable:2.2.21': project = ':modules:ibor-core', configuration = 'kotlinBuildToolsApiClasspath'
[2026-09-27 14:14:13] [build-stdout] [2026-09-27 14:14:13] [autobuild] Detected dependency 'org.jetbrains.kotlin:kotlin-script-runtime:2.2.21': project = ':modules:ibor-core', configuration = 'kotlinBuildToolsApiClasspath'
[2026-09-27 14:14:13] [build-stdout] [2026-09-27 14:14:13] [autobuild] Detected dependency 'org.jetbrains.kotlin:kotlin-reflect:1.6.10': project = ':modules:ibor-core', configuration = 'kotlinBuildToolsApiClasspath'
[2026-09-27 14:14:13] [build-stdout] [2026-09-27 14:14:13] [autobuild] Detected dependency 'org.jetbrains.kotlin:kotlin-daemon-embeddable:2.2.21': project = ':modules:ibor-core', configuration = 'kotlinBuildToolsApiClasspath'
[2026-09-27 14:14:13] [build-stdout] [2026-09-27 14:14:13] [autobuild] Detected dependency 'org.jetbrains.kotlinx:kotlinx-coroutines-core-jvm:1.8.0': project = ':modules:ibor-core', configuration = 'kotlinBuildToolsApiClasspath'
[2026-09-27 14:14:13] [build-stdout] [2026-09-27 14:14:13] [autobuild] Detected dependency 'org.jetbrains.kotlin:kotlin-compiler-runner:2.2.21': project = ':modules:ibor-core', configuration = 'kotlinBuildToolsApiClasspath'
[2026-09-27 14:14:13] [build-stdout] [2026-09-27 14:14:13] [autobuild] Detected dependency 'org.jetbrains.kotlin:kotlin-daemon-client:2.2.21': project = ':modules:ibor-core', configuration = 'kotlinBuildToolsApiClasspath'
[2026-09-27 14:14:13] [build-stdout] [2026-09-27 14:14:13] [autobuild] Detected dependency 'org.jetbrains.kotlin:kotlin-scripting-compiler-embeddable:2.2.21': project = ':modules:ibor-core', configuration = 'kotlinBuildToolsApiClasspath'
[2026-09-27 14:14:13] [build-stdout] [2026-09-27 14:14:13] [autobuild] Detected dependency 'org.jetbrains.kotlin:kotlin-scripting-common:2.2.21': project = ':modules:ibor-core', configuration = 'kotlinBuildToolsApiClasspath'
[2026-09-27 14:14:13] [build-stdout] [2026-09-27 14:14:13] [autobuild] Detected dependency 'org.jetbrains.kotlin:kotlin-scripting-jvm:2.2.21': project = ':modules:ibor-core', configuration = 'kotlinBuildToolsApiClasspath'
[2026-09-27 14:14:13] [build-stdout] [2026-09-27 14:14:13] [autobuild] Detected dependency 'org.jetbrains.kotlin:kotlin-scripting-compiler-impl-embeddable:2.2.21': project = ':modules:ibor-core', configuration = 'kotlinBuildToolsApiClasspath'
[2026-09-27 14:14:13] [build-stdout] [2026-09-27 14:14:13] [autobuild] Detected dependency 'org.jetbrains.kotlin:kotlin-build-tools-impl:2.2.21': project = ':modules:ontology', configuration = 'kotlinBuildToolsApiClasspath'
[2026-09-27 14:14:13] [build-stdout] [2026-09-27 14:14:13] [autobuild] Detected dependency 'org.jetbrains.kotlin:kotlin-build-tools-api:2.2.21': project = ':modules:ontology', configuration = 'kotlinBuildToolsApiClasspath'
[2026-09-27 14:14:13] [build-stdout] [2026-09-27 14:14:13] [autobuild] Detected dependency 'org.jetbrains.kotlin:kotlin-stdlib:2.2.21': project = ':modules:ontology', configuration = 'kotlinBuildToolsApiClasspath'
[2026-09-27 14:14:13] [build-stdout] [2026-09-27 14:14:13] [autobuild] Detected dependency 'org.jetbrains:annotations:13.0': project = ':modules:ontology', configuration = 'kotlinBuildToolsApiClasspath'
[2026-09-27 14:14:13] [build-stdout] [2026-09-27 14:14:13] [autobuild] Detected dependency 'org.jetbrains.kotlin:kotlin-compiler-embeddable:2.2.21': project = ':modules:ontology', configuration = 'kotlinBuildToolsApiClasspath'
[2026-09-27 14:14:13] [build-stdout] [2026-09-27 14:14:13] [autobuild] Detected dependency 'org.jetbrains.kotlin:kotlin-script-runtime:2.2.21': project = ':modules:ontology', configuration = 'kotlinBuildToolsApiClasspath'
[2026-09-27 14:14:13] [build-stdout] [2026-09-27 14:14:13] [autobuild] Detected dependency 'org.jetbrains.kotlin:kotlin-reflect:1.6.10': project = ':modules:ontology', configuration = 'kotlinBuildToolsApiClasspath'
[2026-09-27 14:14:13] [build-stdout] [2026-09-27 14:14:13] [autobuild] Detected dependency 'org.jetbrains.kotlin:kotlin-daemon-embeddable:2.2.21': project = ':modules:ontology', configuration = 'kotlinBuildToolsApiClasspath'
[2026-09-27 14:14:13] [build-stdout] [2026-09-27 14:14:13] [autobuild] Detected dependency 'org.jetbrains.kotlinx:kotlinx-coroutines-core-jvm:1.8.0': project = ':modules:ontology', configuration = 'kotlinBuildToolsApiClasspath'
[2026-09-27 14:14:13] [build-stdout] [2026-09-27 14:14:13] [autobuild] Detected dependency 'org.jetbrains.kotlin:kotlin-compiler-runner:2.2.21': project = ':modules:ontology', configuration = 'kotlinBuildToolsApiClasspath'
[2026-09-27 14:14:13] [build-stdout] [2026-09-27 14:14:13] [autobuild] Detected dependency 'org.jetbrains.kotlin:kotlin-daemon-client:2.2.21': project = ':modules:ontology', configuration = 'kotlinBuildToolsApiClasspath'
[2026-09-27 14:14:13] [build-stdout] [2026-09-27 14:14:13] [autobuild] Detected dependency 'org.jetbrains.kotlin:kotlin-scripting-compiler-embeddable:2.2.21': project = ':modules:ontology', configuration = 'kotlinBuildToolsApiClasspath'
[2026-09-27 14:14:13] [build-stdout] [2026-09-27 14:14:13] [autobuild] Detected dependency 'org.jetbrains.kotlin:kotlin-scripting-common:2.2.21': project = ':modules:ontology', configuration = 'kotlinBuildToolsApiClasspath'
[2026-09-27 14:14:13] [build-stdout] [2026-09-27 14:14:13] [autobuild] Detected dependency 'org.jetbrains.kotlin:kotlin-scripting-jvm:2.2.21': project = ':modules:ontology', configuration = 'kotlinBuildToolsApiClasspath'
[2026-09-27 14:14:13] [build-stdout] [2026-09-27 14:14:13] [autobuild] Detected dependency 'org.jetbrains.kotlin:kotlin-scripting-compiler-impl-embeddable:2.2.21': project = ':modules:ontology', configuration = 'kotlinBuildToolsApiClasspath'
[2026-09-27 14:14:13] [build-stdout] [2026-09-27 14:14:13] [autobuild] Detected dependency 'org.jetbrains.kotlin:kotlin-build-tools-impl:2.2.21': project = ':modules:ingestion', configuration = 'kotlinBuildToolsApiClasspath'
[2026-09-27 14:14:13] [build-stdout] [2026-09-27 14:14:13] [autobuild] Detected dependency 'org.jetbrains.kotlin:kotlin-build-tools-api:2.2.21': project = ':modules:ingestion', configuration = 'kotlinBuildToolsApiClasspath'
[2026-09-27 14:14:13] [build-stdout] [2026-09-27 14:14:13] [autobuild] Detected dependency 'org.jetbrains.kotlin:kotlin-stdlib:2.2.21': project = ':modules:ingestion', configuration = 'kotlinBuildToolsApiClasspath'
[2026-09-27 14:14:13] [build-stdout] [2026-09-27 14:14:13] [autobuild] Detected dependency 'org.jetbrains:annotations:13.0': project = ':modules:ingestion', configuration = 'kotlinBuildToolsApiClasspath'
[2026-09-27 14:14:13] [build-stdout] [2026-09-27 14:14:13] [autobuild] Detected dependency 'org.jetbrains.kotlin:kotlin-compiler-embeddable:2.2.21': project = ':modules:ingestion', configuration = 'kotlinBuildToolsApiClasspath'
[2026-09-27 14:14:13] [build-stdout] [2026-09-27 14:14:13] [autobuild] Detected dependency 'org.jetbrains.kotlin:kotlin-script-runtime:2.2.21': project = ':modules:ingestion', configuration = 'kotlinBuildToolsApiClasspath'
[2026-09-27 14:14:13] [build-stdout] [2026-09-27 14:14:13] [autobuild] Detected dependency 'org.jetbrains.kotlin:kotlin-reflect:1.6.10': project = ':modules:ingestion', configuration = 'kotlinBuildToolsApiClasspath'
[2026-09-27 14:14:13] [build-stdout] [2026-09-27 14:14:13] [autobuild] Detected dependency 'org.jetbrains.kotlin:kotlin-daemon-embeddable:2.2.21': project = ':modules:ingestion', configuration = 'kotlinBuildToolsApiClasspath'
[2026-09-27 14:14:13] [build-stdout] [2026-09-27 14:14:13] [autobuild] Detected dependency 'org.jetbrains.kotlinx:kotlinx-coroutines-core-jvm:1.8.0': project = ':modules:ingestion', configuration = 'kotlinBuildToolsApiClasspath'
[2026-09-27 14:14:13] [build-stdout] [2026-09-27 14:14:13] [autobuild] Detected dependency 'org.jetbrains.kotlin:kotlin-compiler-runner:2.2.21': project = ':modules:ingestion', configuration = 'kotlinBuildToolsApiClasspath'
[2026-09-27 14:14:13] [build-stdout] [2026-09-27 14:14:13] [autobuild] Detected dependency 'org.jetbrains.kotlin:kotlin-daemon-client:2.2.21': project = ':modules:ingestion', configuration = 'kotlinBuildToolsApiClasspath'
[2026-09-27 14:14:13] [build-stdout] [2026-09-27 14:14:13] [autobuild] Detected dependency 'org.jetbrains.kotlin:kotlin-scripting-compiler-embeddable:2.2.21': project = ':modules:ingestion', configuration = 'kotlinBuildToolsApiClasspath'
[2026-09-27 14:14:13] [build-stdout] [2026-09-27 14:14:13] [autobuild] Detected dependency 'org.jetbrains.kotlin:kotlin-scripting-common:2.2.21': project = ':modules:ingestion', configuration = 'kotlinBuildToolsApiClasspath'
[2026-09-27 14:14:13] [build-stdout] [2026-09-27 14:14:13] [autobuild] Detected dependency 'org.jetbrains.kotlin:kotlin-scripting-jvm:2.2.21': project = ':modules:ingestion', configuration = 'kotlinBuildToolsApiClasspath'
[2026-09-27 14:14:13] [build-stdout] [2026-09-27 14:14:13] [autobuild] Detected dependency 'org.jetbrains.kotlin:kotlin-scripting-compiler-impl-embeddable:2.2.21': project = ':modules:ingestion', configuration = 'kotlinBuildToolsApiClasspath'
[2026-09-27 14:14:13] [build-stdout] [2026-09-27 14:14:13] [autobuild] Detected dependency 'org.jetbrains.kotlin:kotlin-build-tools-impl:2.2.21': project = ':modules:lookthrough', configuration = 'kotlinBuildToolsApiClasspath'
[2026-09-27 14:14:13] [build-stdout] [2026-09-27 14:14:13] [autobuild] Detected dependency 'org.jetbrains.kotlin:kotlin-build-tools-api:2.2.21': project = ':modules:lookthrough', configuration = 'kotlinBuildToolsApiClasspath'
[2026-09-27 14:14:13] [build-stdout] [2026-09-27 14:14:13] [autobuild] Detected dependency 'org.jetbrains.kotlin:kotlin-stdlib:2.2.21': project = ':modules:lookthrough', configuration = 'kotlinBuildToolsApiClasspath'
[2026-09-27 14:14:13] [build-stdout] [2026-09-27 14:14:13] [autobuild] Detected dependency 'org.jetbrains:annotations:13.0': project = ':modules:lookthrough', configuration = 'kotlinBuildToolsApiClasspath'
[2026-09-27 14:14:13] [build-stdout] [2026-09-27 14:14:13] [autobuild] Detected dependency 'org.jetbrains.kotlin:kotlin-compiler-embeddable:2.2.21': project = ':modules:lookthrough', configuration = 'kotlinBuildToolsApiClasspath'
[2026-09-27 14:14:13] [build-stdout] [2026-09-27 14:14:13] [autobuild] Detected dependency 'org.jetbrains.kotlin:kotlin-script-runtime:2.2.21': project = ':modules:lookthrough', configuration = 'kotlinBuildToolsApiClasspath'
[2026-09-27 14:14:13] [build-stdout] [2026-09-27 14:14:13] [autobuild] Detected dependency 'org.jetbrains.kotlin:kotlin-reflect:1.6.10': project = ':modules:lookthrough', configuration = 'kotlinBuildToolsApiClasspath'
[2026-09-27 14:14:13] [build-stdout] [2026-09-27 14:14:13] [autobuild] Detected dependency 'org.jetbrains.kotlin:kotlin-daemon-embeddable:2.2.21': project = ':modules:lookthrough', configuration = 'kotlinBuildToolsApiClasspath'
[2026-09-27 14:14:13] [build-stdout] [2026-09-27 14:14:13] [autobuild] Detected dependency 'org.jetbrains.kotlinx:kotlinx-coroutines-core-jvm:1.8.0': project = ':modules:lookthrough', configuration = 'kotlinBuildToolsApiClasspath'
[2026-09-27 14:14:13] [build-stdout] [2026-09-27 14:14:13] [autobuild] Detected dependency 'org.jetbrains.kotlin:kotlin-compiler-runner:2.2.21': project = ':modules:lookthrough', configuration = 'kotlinBuildToolsApiClasspath'
[2026-09-27 14:14:13] [build-stdout] [2026-09-27 14:14:13] [autobuild] Detected dependency 'org.jetbrains.kotlin:kotlin-daemon-client:2.2.21': project = ':modules:lookthrough', configuration = 'kotlinBuildToolsApiClasspath'
[2026-09-27 14:14:13] [build-stdout] [2026-09-27 14:14:13] [autobuild] Detected dependency 'org.jetbrains.kotlin:kotlin-scripting-compiler-embeddable:2.2.21': project = ':modules:lookthrough', configuration = 'kotlinBuildToolsApiClasspath'
[2026-09-27 14:14:13] [build-stdout] [2026-09-27 14:14:13] [autobuild] Detected dependency 'org.jetbrains.kotlin:kotlin-scripting-common:2.2.21': project = ':modules:lookthrough', configuration = 'kotlinBuildToolsApiClasspath'
[2026-09-27 14:14:13] [build-stdout] [2026-09-27 14:14:13] [autobuild] Detected dependency 'org.jetbrains.kotlin:kotlin-scripting-jvm:2.2.21': project = ':modules:lookthrough', configuration = 'kotlinBuildToolsApiClasspath'
[2026-09-27 14:14:13] [build-stdout] [2026-09-27 14:14:13] [autobuild] Detected dependency 'org.jetbrains.kotlin:kotlin-scripting-compiler-impl-embeddable:2.2.21': project = ':modules:lookthrough', configuration = 'kotlinBuildToolsApiClasspath'
[2026-09-27 14:14:13] [build-stdout] [2026-09-27 14:14:13] [autobuild] Detected dependency 'org.jetbrains.kotlin:kotlin-compiler-embeddable:2.2.21': project = ':modules:analytics', configuration = 'kotlinCompilerClasspath'
[2026-09-27 14:14:13] [build-stdout] [2026-09-27 14:14:13] [autobuild] Detected dependency 'org.jetbrains.kotlin:kotlin-stdlib:2.2.21': project = ':modules:analytics', configuration = 'kotlinCompilerClasspath'
[2026-09-27 14:14:13] [build-stdout] [2026-09-27 14:14:13] [autobuild] Detected dependency 'org.jetbrains:annotations:13.0': project = ':modules:analytics', configuration = 'kotlinCompilerClasspath'
[2026-09-27 14:14:13] [build-stdout] [2026-09-27 14:14:13] [autobuild] Detected dependency 'org.jetbrains.kotlin:kotlin-script-runtime:2.2.21': project = ':modules:analytics', configuration = 'kotlinCompilerClasspath'
[2026-09-27 14:14:13] [build-stdout] [2026-09-27 14:14:13] [autobuild] Detected dependency 'org.jetbrains.kotlin:kotlin-reflect:1.6.10': project = ':modules:analytics', configuration = 'kotlinCompilerClasspath'
[2026-09-27 14:14:13] [build-stdout] [2026-09-27 14:14:13] [autobuild] Detected dependency 'org.jetbrains.kotlin:kotlin-daemon-embeddable:2.2.21': project = ':modules:analytics', configuration = 'kotlinCompilerClasspath'
[2026-09-27 14:14:13] [build-stdout] [2026-09-27 14:14:13] [autobuild] Detected dependency 'org.jetbrains.kotlinx:kotlinx-coroutines-core-jvm:1.8.0': project = ':modules:analytics', configuration = 'kotlinCompilerClasspath'
[2026-09-27 14:14:13] [build-stdout] [2026-09-27 14:14:13] [autobuild] Detected dependency 'org.jetbrains.kotlin:kotlin-compiler-embeddable:2.2.21': project = ':modules:deal-sourcing', configuration = 'kotlinCompilerClasspath'
[2026-09-27 14:14:13] [build-stdout] [2026-09-27 14:14:13] [autobuild] Detected dependency 'org.jetbrains.kotlin:kotlin-stdlib:2.2.21': project = ':modules:deal-sourcing', configuration = 'kotlinCompilerClasspath'
[2026-09-27 14:14:13] [build-stdout] [2026-09-27 14:14:13] [autobuild] Detected dependency 'org.jetbrains:annotations:13.0': project = ':modules:deal-sourcing', configuration = 'kotlinCompilerClasspath'
[2026-09-27 14:14:13] [build-stdout] [2026-09-27 14:14:13] [autobuild] Detected dependency 'org.jetbrains.kotlin:kotlin-script-runtime:2.2.21': project = ':modules:deal-sourcing', configuration = 'kotlinCompilerClasspath'
[2026-09-27 14:14:13] [build-stdout] [2026-09-27 14:14:13] [autobuild] Detected dependency 'org.jetbrains.kotlin:kotlin-reflect:1.6.10': project = ':modules:deal-sourcing', configuration = 'kotlinCompilerClasspath'
[2026-09-27 14:14:13] [build-stdout] [2026-09-27 14:14:13] [autobuild] Detected dependency 'org.jetbrains.kotlin:kotlin-daemon-embeddable:2.2.21': project = ':modules:deal-sourcing', configuration = 'kotlinCompilerClasspath'
[2026-09-27 14:14:13] [build-stdout] [2026-09-27 14:14:13] [autobuild] Detected dependency 'org.jetbrains.kotlinx:kotlinx-coroutines-core-jvm:1.8.0': project = ':modules:deal-sourcing', configuration = 'kotlinCompilerClasspath'
[2026-09-27 14:14:13] [build-stdout] [2026-09-27 14:14:13] [autobuild] Detected dependency 'org.jetbrains.kotlin:kotlin-compiler-embeddable:2.2.21': project = ':modules:ontology', configuration = 'kotlinCompilerClasspath'
[2026-09-27 14:14:13] [build-stdout] [2026-09-27 14:14:13] [autobuild] Detected dependency 'org.jetbrains.kotlin:kotlin-stdlib:2.2.21': project = ':modules:ontology', configuration = 'kotlinCompilerClasspath'
[2026-09-27 14:14:13] [build-stdout] [2026-09-27 14:14:13] [autobuild] Detected dependency 'org.jetbrains:annotations:13.0': project = ':modules:ontology', configuration = 'kotlinCompilerClasspath'
[2026-09-27 14:14:13] [build-stdout] [2026-09-27 14:14:13] [autobuild] Detected dependency 'org.jetbrains.kotlin:kotlin-script-runtime:2.2.21': project = ':modules:ontology', configuration = 'kotlinCompilerClasspath'
[2026-09-27 14:14:13] [build-stdout] [2026-09-27 14:14:13] [autobuild] Detected dependency 'org.jetbrains.kotlin:kotlin-reflect:1.6.10': project = ':modules:ontology', configuration = 'kotlinCompilerClasspath'
[2026-09-27 14:14:13] [build-stdout] [2026-09-27 14:14:13] [autobuild] Detected dependency 'org.jetbrains.kotlin:kotlin-daemon-embeddable:2.2.21': project = ':modules:ontology', configuration = 'kotlinCompilerClasspath'
[2026-09-27 14:14:13] [build-stdout] [2026-09-27 14:14:13] [autobuild] Detected dependency 'org.jetbrains.kotlinx:kotlinx-coroutines-core-jvm:1.8.0': project = ':modules:ontology', configuration = 'kotlinCompilerClasspath'
[2026-09-27 14:14:13] [build-stdout] [2026-09-27 14:14:13] [autobuild] Detected dependency 'org.jetbrains.kotlin:kotlin-compiler-embeddable:2.2.21': project = ':modules:ingestion', configuration = 'kotlinCompilerClasspath'
[2026-09-27 14:14:13] [build-stdout] [2026-09-27 14:14:13] [autobuild] Detected dependency 'org.jetbrains.kotlin:kotlin-stdlib:2.2.21': project = ':modules:ingestion', configuration = 'kotlinCompilerClasspath'
[2026-09-27 14:14:13] [build-stdout] [2026-09-27 14:14:13] [autobuild] Detected dependency 'org.jetbrains:annotations:13.0': project = ':modules:ingestion', configuration = 'kotlinCompilerClasspath'
[2026-09-27 14:14:13] [build-stdout] [2026-09-27 14:14:13] [autobuild] Detected dependency 'org.jetbrains.kotlin:kotlin-script-runtime:2.2.21': project = ':modules:ingestion', configuration = 'kotlinCompilerClasspath'
[2026-09-27 14:14:13] [build-stdout] [2026-09-27 14:14:13] [autobuild] Detected dependency 'org.jetbrains.kotlin:kotlin-reflect:1.6.10': project = ':modules:ingestion', configuration = 'kotlinCompilerClasspath'
[2026-09-27 14:14:13] [build-stdout] [2026-09-27 14:14:13] [autobuild] Detected dependency 'org.jetbrains.kotlin:kotlin-daemon-embeddable:2.2.21': project = ':modules:ingestion', configuration = 'kotlinCompilerClasspath'
[2026-09-27 14:14:13] [build-stdout] [2026-09-27 14:14:13] [autobuild] Detected dependency 'org.jetbrains.kotlinx:kotlinx-coroutines-core-jvm:1.8.0': project = ':modules:ingestion', configuration = 'kotlinCompilerClasspath'
[2026-09-27 14:14:13] [build-stdout] [2026-09-27 14:14:13] [autobuild] Detected dependency 'org.jetbrains.kotlin:kotlin-compiler-embeddable:2.2.21': project = ':modules:lookthrough', configuration = 'kotlinCompilerClasspath'
[2026-09-27 14:14:13] [build-stdout] [2026-09-27 14:14:13] [autobuild] Detected dependency 'org.jetbrains.kotlin:kotlin-stdlib:2.2.21': project = ':modules:lookthrough', configuration = 'kotlinCompilerClasspath'
[2026-09-27 14:14:13] [build-stdout] [2026-09-27 14:14:13] [autobuild] Detected dependency 'org.jetbrains:annotations:13.0': project = ':modules:lookthrough', configuration = 'kotlinCompilerClasspath'
[2026-09-27 14:14:13] [build-stdout] [2026-09-27 14:14:13] [autobuild] Detected dependency 'org.jetbrains.kotlin:kotlin-script-runtime:2.2.21': project = ':modules:lookthrough', configuration = 'kotlinCompilerClasspath'
[2026-09-27 14:14:13] [build-stdout] [2026-09-27 14:14:13] [autobuild] Detected dependency 'org.jetbrains.kotlin:kotlin-reflect:1.6.10': project = ':modules:lookthrough', configuration = 'kotlinCompilerClasspath'
[2026-09-27 14:14:13] [build-stdout] [2026-09-27 14:14:13] [autobuild] Detected dependency 'org.jetbrains.kotlin:kotlin-daemon-embeddable:2.2.21': project = ':modules:lookthrough', configuration = 'kotlinCompilerClasspath'
[2026-09-27 14:14:13] [build-stdout] [2026-09-27 14:14:13] [autobuild] Detected dependency 'org.jetbrains.kotlinx:kotlinx-coroutines-core-jvm:1.8.0': project = ':modules:lookthrough', configuration = 'kotlinCompilerClasspath'
[2026-09-27 14:14:13] [build-stdout] [2026-09-27 14:14:13] [autobuild] Detected dependency 'org.jetbrains.kotlin:kotlin-compiler-embeddable:2.2.21': project = ':modules:ibor-core', configuration = 'kotlinCompilerClasspath'
[2026-09-27 14:14:13] [build-stdout] [2026-09-27 14:14:13] [autobuild] Detected dependency 'org.jetbrains.kotlin:kotlin-stdlib:2.2.21': project = ':modules:ibor-core', configuration = 'kotlinCompilerClasspath'
[2026-09-27 14:14:13] [build-stdout] [2026-09-27 14:14:13] [autobuild] Detected dependency 'org.jetbrains:annotations:13.0': project = ':modules:ibor-core', configuration = 'kotlinCompilerClasspath'
[2026-09-27 14:14:13] [build-stdout] [2026-09-27 14:14:13] [autobuild] Detected dependency 'org.jetbrains.kotlin:kotlin-script-runtime:2.2.21': project = ':modules:ibor-core', configuration = 'kotlinCompilerClasspath'
[2026-09-27 14:14:13] [build-stdout] [2026-09-27 14:14:13] [autobuild] Detected dependency 'org.jetbrains.kotlin:kotlin-reflect:1.6.10': project = ':modules:ibor-core', configuration = 'kotlinCompilerClasspath'
[2026-09-27 14:14:13] [build-stdout] [2026-09-27 14:14:13] [autobuild] Detected dependency 'org.jetbrains.kotlin:kotlin-daemon-embeddable:2.2.21': project = ':modules:ibor-core', configuration = 'kotlinCompilerClasspath'
[2026-09-27 14:14:13] [build-stdout] [2026-09-27 14:14:13] [autobuild] Detected dependency 'org.jetbrains.kotlinx:kotlinx-coroutines-core-jvm:1.8.0': project = ':modules:ibor-core', configuration = 'kotlinCompilerClasspath'
[2026-09-27 14:14:13] [build-stdout] [2026-09-27 14:14:13] [autobuild] Detected dependency 'org.jetbrains.kotlin:kotlin-build-tools-impl:2.2.21': project = ':modules:recon', configuration = 'kotlinBuildToolsApiClasspath'
[2026-09-27 14:14:13] [build-stdout] [2026-09-27 14:14:13] [autobuild] Detected dependency 'org.jetbrains.kotlin:kotlin-build-tools-api:2.2.21': project = ':modules:recon', configuration = 'kotlinBuildToolsApiClasspath'
[2026-09-27 14:14:13] [build-stdout] [2026-09-27 14:14:13] [autobuild] Detected dependency 'org.jetbrains.kotlin:kotlin-stdlib:2.2.21': project = ':modules:recon', configuration = 'kotlinBuildToolsApiClasspath'
[2026-09-27 14:14:13] [build-stdout] [2026-09-27 14:14:13] [autobuild] Detected dependency 'org.jetbrains:annotations:13.0': project = ':modules:recon', configuration = 'kotlinBuildToolsApiClasspath'
[2026-09-27 14:14:13] [build-stdout] [2026-09-27 14:14:13] [autobuild] Detected dependency 'org.jetbrains.kotlin:kotlin-compiler-embeddable:2.2.21': project = ':modules:recon', configuration = 'kotlinBuildToolsApiClasspath'
[2026-09-27 14:14:13] [build-stdout] [2026-09-27 14:14:13] [autobuild] Detected dependency 'org.jetbrains.kotlin:kotlin-script-runtime:2.2.21': project = ':modules:recon', configuration = 'kotlinBuildToolsApiClasspath'
[2026-09-27 14:14:13] [build-stdout] [2026-09-27 14:14:13] [autobuild] Detected dependency 'org.jetbrains.kotlin:kotlin-reflect:1.6.10': project = ':modules:recon', configuration = 'kotlinBuildToolsApiClasspath'
[2026-09-27 14:14:13] [build-stdout] [2026-09-27 14:14:13] [autobuild] Detected dependency 'org.jetbrains.kotlin:kotlin-daemon-embeddable:2.2.21': project = ':modules:recon', configuration = 'kotlinBuildToolsApiClasspath'
[2026-09-27 14:14:13] [build-stdout] [2026-09-27 14:14:13] [autobuild] Detected dependency 'org.jetbrains.kotlinx:kotlinx-coroutines-core-jvm:1.8.0': project = ':modules:recon', configuration = 'kotlinBuildToolsApiClasspath'
[2026-09-27 14:14:13] [build-stdout] [2026-09-27 14:14:13] [autobuild] Detected dependency 'org.jetbrains.kotlin:kotlin-compiler-runner:2.2.21': project = ':modules:recon', configuration = 'kotlinBuildToolsApiClasspath'
[2026-09-27 14:14:13] [build-stdout] [2026-09-27 14:14:13] [autobuild] Detected dependency 'org.jetbrains.kotlin:kotlin-daemon-client:2.2.21': project = ':modules:recon', configuration = 'kotlinBuildToolsApiClasspath'
[2026-09-27 14:14:13] [build-stdout] [2026-09-27 14:14:13] [autobuild] Detected dependency 'org.jetbrains.kotlin:kotlin-scripting-compiler-embeddable:2.2.21': project = ':modules:recon', configuration = 'kotlinBuildToolsApiClasspath'
[2026-09-27 14:14:13] [build-stdout] [2026-09-27 14:14:13] [autobuild] Detected dependency 'org.jetbrains.kotlin:kotlin-scripting-common:2.2.21': project = ':modules:recon', configuration = 'kotlinBuildToolsApiClasspath'
[2026-09-27 14:14:13] [build-stdout] [2026-09-27 14:14:13] [autobuild] Detected dependency 'org.jetbrains.kotlin:kotlin-scripting-jvm:2.2.21': project = ':modules:recon', configuration = 'kotlinBuildToolsApiClasspath'
[2026-09-27 14:14:13] [build-stdout] [2026-09-27 14:14:13] [autobuild] Detected dependency 'org.jetbrains.kotlin:kotlin-scripting-compiler-impl-embeddable:2.2.21': project = ':modules:recon', configuration = 'kotlinBuildToolsApiClasspath'
[2026-09-27 14:14:13] [build-stdout] [2026-09-27 14:14:13] [autobuild] Detected dependency 'org.jetbrains.kotlin:kotlin-compiler-embeddable:2.2.21': project = ':modules:control-panel', configuration = 'kotlinCompilerClasspath'
[2026-09-27 14:14:13] [build-stdout] [2026-09-27 14:14:13] [autobuild] Detected dependency 'org.jetbrains.kotlin:kotlin-stdlib:2.2.21': project = ':modules:control-panel', configuration = 'kotlinCompilerClasspath'
[2026-09-27 14:14:13] [build-stdout] [2026-09-27 14:14:13] [autobuild] Detected dependency 'org.jetbrains:annotations:13.0': project = ':modules:control-panel', configuration = 'kotlinCompilerClasspath'
[2026-09-27 14:14:13] [build-stdout] [2026-09-27 14:14:13] [autobuild] Detected dependency 'org.jetbrains.kotlin:kotlin-script-runtime:2.2.21': project = ':modules:control-panel', configuration = 'kotlinCompilerClasspath'
[2026-09-27 14:14:13] [build-stdout] [2026-09-27 14:14:13] [autobuild] Detected dependency 'org.jetbrains.kotlin:kotlin-reflect:1.6.10': project = ':modules:control-panel', configuration = 'kotlinCompilerClasspath'
[2026-09-27 14:14:13] [build-stdout] [2026-09-27 14:14:13] [autobuild] Detected dependency 'org.jetbrains.kotlin:kotlin-daemon-embeddable:2.2.21': project = ':modules:control-panel', configuration = 'kotlinCompilerClasspath'
[2026-09-27 14:14:13] [build-stdout] [2026-09-27 14:14:13] [autobuild] Detected dependency 'org.jetbrains.kotlinx:kotlinx-coroutines-core-jvm:1.8.0': project = ':modules:control-panel', configuration = 'kotlinCompilerClasspath'
[2026-09-27 14:14:13] [build-stdout] [2026-09-27 14:14:13] [autobuild] Detected dependency 'org.jetbrains.kotlin:kotlin-build-tools-impl:2.2.21': project = ':modules:persistence', configuration = 'kotlinBuildToolsApiClasspath'
[2026-09-27 14:14:13] [build-stdout] [2026-09-27 14:14:13] [autobuild] Detected dependency 'org.jetbrains.kotlin:kotlin-build-tools-api:2.2.21': project = ':modules:persistence', configuration = 'kotlinBuildToolsApiClasspath'
[2026-09-27 14:14:13] [build-stdout] [2026-09-27 14:14:13] [autobuild] Detected dependency 'org.jetbrains.kotlin:kotlin-stdlib:2.2.21': project = ':modules:persistence', configuration = 'kotlinBuildToolsApiClasspath'
[2026-09-27 14:14:13] [build-stdout] [2026-09-27 14:14:13] [autobuild] Detected dependency 'org.jetbrains:annotations:13.0': project = ':modules:persistence', configuration = 'kotlinBuildToolsApiClasspath'
[2026-09-27 14:14:13] [build-stdout] [2026-09-27 14:14:13] [autobuild] Detected dependency 'org.jetbrains.kotlin:kotlin-compiler-embeddable:2.2.21': project = ':modules:persistence', configuration = 'kotlinBuildToolsApiClasspath'
[2026-09-27 14:14:13] [build-stdout] [2026-09-27 14:14:13] [autobuild] Detected dependency 'org.jetbrains.kotlin:kotlin-script-runtime:2.2.21': project = ':modules:persistence', configuration = 'kotlinBuildToolsApiClasspath'
[2026-09-27 14:14:13] [build-stdout] [2026-09-27 14:14:13] [autobuild] Detected dependency 'org.jetbrains.kotlin:kotlin-reflect:1.6.10': project = ':modules:persistence', configuration = 'kotlinBuildToolsApiClasspath'
[2026-09-27 14:14:13] [build-stdout] [2026-09-27 14:14:13] [autobuild] Detected dependency 'org.jetbrains.kotlin:kotlin-daemon-embeddable:2.2.21': project = ':modules:persistence', configuration = 'kotlinBuildToolsApiClasspath'
[2026-09-27 14:14:13] [build-stdout] [2026-09-27 14:14:13] [autobuild] Detected dependency 'org.jetbrains.kotlinx:kotlinx-coroutines-core-jvm:1.8.0': project = ':modules:persistence', configuration = 'kotlinBuildToolsApiClasspath'
[2026-09-27 14:14:13] [build-stdout] [2026-09-27 14:14:13] [autobuild] Detected dependency 'org.jetbrains.kotlin:kotlin-compiler-runner:2.2.21': project = ':modules:persistence', configuration = 'kotlinBuildToolsApiClasspath'
[2026-09-27 14:14:13] [build-stdout] [2026-09-27 14:14:13] [autobuild] Detected dependency 'org.jetbrains.kotlin:kotlin-daemon-client:2.2.21': project = ':modules:persistence', configuration = 'kotlinBuildToolsApiClasspath'
[2026-09-27 14:14:13] [build-stdout] [2026-09-27 14:14:13] [autobuild] Detected dependency 'org.jetbrains.kotlin:kotlin-scripting-compiler-embeddable:2.2.21': project = ':modules:persistence', configuration = 'kotlinBuildToolsApiClasspath'
[2026-09-27 14:14:13] [build-stdout] [2026-09-27 14:14:13] [autobuild] Detected dependency 'org.jetbrains.kotlin:kotlin-scripting-common:2.2.21': project = ':modules:persistence', configuration = 'kotlinBuildToolsApiClasspath'
[2026-09-27 14:14:13] [build-stdout] [2026-09-27 14:14:13] [autobuild] Detected dependency 'org.jetbrains.kotlin:kotlin-scripting-jvm:2.2.21': project = ':modules:persistence', configuration = 'kotlinBuildToolsApiClasspath'
[2026-09-27 14:14:13] [build-stdout] [2026-09-27 14:14:13] [autobuild] Detected dependency 'org.jetbrains.kotlin:kotlin-scripting-compiler-impl-embeddable:2.2.21': project = ':modules:persistence', configuration = 'kotlinBuildToolsApiClasspath'
[2026-09-27 14:14:13] [build-stdout] [2026-09-27 14:14:13] [autobuild] Detected dependency 'org.jetbrains.kotlin:kotlin-scripting-compiler-embeddable:2.2.21': project = ':modules:deal-sourcing', configuration = 'kotlinCompilerPluginClasspathMain'
[2026-09-27 14:14:13] [build-stdout] [2026-09-27 14:14:13] [autobuild] Detected dependency 'org.jetbrains.kotlin:kotlin-scripting-common:2.2.21': project = ':modules:deal-sourcing', configuration = 'kotlinCompilerPluginClasspathMain'
[2026-09-27 14:14:13] [build-stdout] [2026-09-27 14:14:13] [autobuild] Detected dependency 'org.jetbrains.kotlin:kotlin-stdlib:2.2.21': project = ':modules:deal-sourcing', configuration = 'kotlinCompilerPluginClasspathMain'
[2026-09-27 14:14:13] [build-stdout] [2026-09-27 14:14:13] [autobuild] Detected dependency 'org.jetbrains:annotations:13.0': project = ':modules:deal-sourcing', configuration = 'kotlinCompilerPluginClasspathMain'
[2026-09-27 14:14:13] [build-stdout] [2026-09-27 14:14:13] [autobuild] Detected dependency 'org.jetbrains.kotlin:kotlin-scripting-jvm:2.2.21': project = ':modules:deal-sourcing', configuration = 'kotlinCompilerPluginClasspathMain'
[2026-09-27 14:14:13] [build-stdout] [2026-09-27 14:14:13] [autobuild] Detected dependency 'org.jetbrains.kotlin:kotlin-script-runtime:2.2.21': project = ':modules:deal-sourcing', configuration = 'kotlinCompilerPluginClasspathMain'
[2026-09-27 14:14:13] [build-stdout] [2026-09-27 14:14:13] [autobuild] Detected dependency 'org.jetbrains.kotlin:kotlin-scripting-compiler-impl-embeddable:2.2.21': project = ':modules:deal-sourcing', configuration = 'kotlinCompilerPluginClasspathMain'
[2026-09-27 14:14:13] [build-stdout] [2026-09-27 14:14:13] [autobuild] Detected dependency 'org.jetbrains.kotlin:kotlin-scripting-compiler-embeddable:2.2.21': project = ':modules:analytics', configuration = 'kotlinCompilerPluginClasspathMain'
[2026-09-27 14:14:13] [build-stdout] [2026-09-27 14:14:13] [autobuild] Detected dependency 'org.jetbrains.kotlin:kotlin-scripting-common:2.2.21': project = ':modules:analytics', configuration = 'kotlinCompilerPluginClasspathMain'
[2026-09-27 14:14:13] [build-stdout] [2026-09-27 14:14:13] [autobuild] Detected dependency 'org.jetbrains.kotlin:kotlin-stdlib:2.2.21': project = ':modules:analytics', configuration = 'kotlinCompilerPluginClasspathMain'
[2026-09-27 14:14:13] [build-stdout] [2026-09-27 14:14:13] [autobuild] Detected dependency 'org.jetbrains:annotations:13.0': project = ':modules:analytics', configuration = 'kotlinCompilerPluginClasspathMain'
[2026-09-27 14:14:13] [build-stdout] [2026-09-27 14:14:13] [autobuild] Detected dependency 'org.jetbrains.kotlin:kotlin-scripting-jvm:2.2.21': project = ':modules:analytics', configuration = 'kotlinCompilerPluginClasspathMain'
[2026-09-27 14:14:13] [build-stdout] [2026-09-27 14:14:13] [autobuild] Detected dependency 'org.jetbrains.kotlin:kotlin-script-runtime:2.2.21': project = ':modules:analytics', configuration = 'kotlinCompilerPluginClasspathMain'
[2026-09-27 14:14:13] [build-stdout] [2026-09-27 14:14:13] [autobuild] Detected dependency 'org.jetbrains.kotlin:kotlin-scripting-compiler-impl-embeddable:2.2.21': project = ':modules:analytics', configuration = 'kotlinCompilerPluginClasspathMain'
[2026-09-27 14:14:13] [build-stdout] [2026-09-27 14:14:13] [autobuild] Detected dependency 'org.jetbrains.kotlin:kotlin-scripting-compiler-embeddable:2.2.21': project = ':modules:lookthrough', configuration = 'kotlinCompilerPluginClasspathMain'
[2026-09-27 14:14:13] [build-stdout] [2026-09-27 14:14:13] [autobuild] Detected dependency 'org.jetbrains.kotlin:kotlin-scripting-common:2.2.21': project = ':modules:lookthrough', configuration = 'kotlinCompilerPluginClasspathMain'
[2026-09-27 14:14:13] [build-stdout] [2026-09-27 14:14:13] [autobuild] Detected dependency 'org.jetbrains.kotlin:kotlin-stdlib:2.2.21': project = ':modules:lookthrough', configuration = 'kotlinCompilerPluginClasspathMain'
[2026-09-27 14:14:13] [build-stdout] [2026-09-27 14:14:13] [autobuild] Detected dependency 'org.jetbrains:annotations:13.0': project = ':modules:lookthrough', configuration = 'kotlinCompilerPluginClasspathMain'
[2026-09-27 14:14:13] [build-stdout] [2026-09-27 14:14:13] [autobuild] Detected dependency 'org.jetbrains.kotlin:kotlin-scripting-jvm:2.2.21': project = ':modules:lookthrough', configuration = 'kotlinCompilerPluginClasspathMain'
[2026-09-27 14:14:13] [build-stdout] [2026-09-27 14:14:13] [autobuild] Detected dependency 'org.jetbrains.kotlin:kotlin-script-runtime:2.2.21': project = ':modules:lookthrough', configuration = 'kotlinCompilerPluginClasspathMain'
[2026-09-27 14:14:13] [build-stdout] [2026-09-27 14:14:13] [autobuild] Detected dependency 'org.jetbrains.kotlin:kotlin-scripting-compiler-impl-embeddable:2.2.21': project = ':modules:lookthrough', configuration = 'kotlinCompilerPluginClasspathMain'
[2026-09-27 14:14:13] [build-stdout] [2026-09-27 14:14:13] [autobuild] Detected dependency 'org.jetbrains.kotlin:kotlin-compiler-embeddable:2.2.21': project = ':modules:recon', configuration = 'kotlinCompilerClasspath'
[2026-09-27 14:14:13] [build-stdout] [2026-09-27 14:14:13] [autobuild] Detected dependency 'org.jetbrains.kotlin:kotlin-stdlib:2.2.21': project = ':modules:recon', configuration = 'kotlinCompilerClasspath'
[2026-09-27 14:14:13] [build-stdout] [2026-09-27 14:14:13] [autobuild] Detected dependency 'org.jetbrains.kotlin:kotlin-script-runtime:2.2.21': project = ':modules:control-panel', configuration = 'kotlinInternalAbiValidation'
[2026-09-27 14:14:13] [build-stdout] [2026-09-27 14:14:13] [autobuild] Detected dependency 'org.jetbrains.kotlin:kotlin-reflect:1.6.10': project = ':modules:control-panel', configuration = 'kotlinInternalAbiValidation'
[2026-09-27 14:14:13] [build-stdout] [2026-09-27 14:14:13] [autobuild] Detected dependency 'org.jetbrains.kotlin:kotlin-daemon-embeddable:2.2.21': project = ':modules:control-panel', configuration = 'kotlinInternalAbiValidation'
[2026-09-27 14:14:13] [build-stdout] [2026-09-27 14:14:13] [autobuild] Detected dependency 'org.jetbrains.kotlinx:kotlinx-coroutines-core-jvm:1.8.0': project = ':modules:control-panel', configuration = 'kotlinInternalAbiValidation'
[2026-09-27 14:14:13] [build-stdout] [2026-09-27 14:14:13] [autobuild] Detected dependency 'io.github.java-diff-utils:java-diff-utils:4.12': project = ':modules:control-panel', configuration = 'kotlinInternalAbiValidation'
[2026-09-27 14:14:13] [build-stdout] [2026-09-27 14:14:13] [autobuild] Detected dependency 'org.jetbrains.kotlin:abi-tools:2.2.21': project = ':modules:deal-sourcing', configuration = 'kotlinInternalAbiValidation'
[2026-09-27 14:14:13] [build-stdout] [2026-09-27 14:14:13] [autobuild] Detected dependency 'org.jetbrains.kotlin:abi-tools-api:2.2.21': project = ':modules:deal-sourcing', configuration = 'kotlinInternalAbiValidation'
[2026-09-27 14:14:13] [build-stdout] [2026-09-27 14:14:13] [autobuild] Detected dependency 'org.jetbrains.kotlin:kotlin-metadata-jvm:2.2.21': project = ':modules:deal-sourcing', configuration = 'kotlinInternalAbiValidation'
[2026-09-27 14:14:13] [build-stdout] [2026-09-27 14:14:13] [autobuild] Detected dependency 'org.jetbrains.kotlin:kotlin-stdlib:2.2.21': project = ':modules:deal-sourcing', configuration = 'kotlinInternalAbiValidation'
[2026-09-27 14:14:13] [build-stdout] [2026-09-27 14:14:13] [autobuild] Detected dependency 'org.jetbrains:annotations:13.0': project = ':modules:deal-sourcing', configuration = 'kotlinInternalAbiValidation'
[2026-09-27 14:14:13] [build-stdout] [2026-09-27 14:14:13] [autobuild] Detected dependency 'org.jetbrains.kotlin:kotlin-compiler-embeddable:2.2.21': project = ':modules:deal-sourcing', configuration = 'kotlinInternalAbiValidation'
[2026-09-27 14:14:13] [build-stdout] [2026-09-27 14:14:13] [autobuild] Detected dependency 'org.jetbrains.kotlin:kotlin-script-runtime:2.2.21': project = ':modules:deal-sourcing', configuration = 'kotlinInternalAbiValidation'
[2026-09-27 14:14:13] [build-stdout] [2026-09-27 14:14:13] [autobuild] Detected dependency 'org.jetbrains.kotlin:kotlin-reflect:1.6.10': project = ':modules:deal-sourcing', configuration = 'kotlinInternalAbiValidation'
[2026-09-27 14:14:13] [build-stdout] [2026-09-27 14:14:13] [autobuild] Detected dependency 'org.jetbrains.kotlin:kotlin-daemon-embeddable:2.2.21': project = ':modules:deal-sourcing', configuration = 'kotlinInternalAbiValidation'
[2026-09-27 14:14:13] [build-stdout] [2026-09-27 14:14:13] [autobuild] Detected dependency 'org.jetbrains.kotlinx:kotlinx-coroutines-core-jvm:1.8.0': project = ':modules:deal-sourcing', configuration = 'kotlinInternalAbiValidation'
[2026-09-27 14:14:13] [build-stdout] [2026-09-27 14:14:13] [autobuild] Detected dependency 'io.github.java-diff-utils:java-diff-utils:4.12': project = ':modules:deal-sourcing', configuration = 'kotlinInternalAbiValidation'
[2026-09-27 14:14:13] [build-stdout] [2026-09-27 14:14:13] [autobuild] Detected dependency 'org.jetbrains.kotlin:abi-tools:2.2.21': project = ':', configuration = 'detachedConfiguration113'
[2026-09-27 14:14:13] [build-stdout] [2026-09-27 14:14:13] [autobuild] Detected dependency 'org.jetbrains.kotlin:abi-tools-api:2.2.21': project = ':', configuration = 'detachedConfiguration113'
[2026-09-27 14:14:13] [build-stdout] [2026-09-27 14:14:13] [autobuild] Detected dependency 'org.jetbrains.kotlin:kotlin-metadata-jvm:2.2.21': project = ':', configuration = 'detachedConfiguration113'
[2026-09-27 14:14:13] [build-stdout] [2026-09-27 14:14:13] [autobuild] Detected dependency 'org.jetbrains.kotlin:kotlin-stdlib:2.2.21': project = ':', configuration = 'detachedConfiguration113'
[2026-09-27 14:14:13] [build-stdout] [2026-09-27 14:14:13] [autobuild] Detected dependency 'org.jetbrains:annotations:13.0': project = ':', configuration = 'detachedConfiguration113'
[2026-09-27 14:14:13] [build-stdout] [2026-09-27 14:14:13] [autobuild] Detected dependency 'org.jetbrains.kotlin:kotlin-compiler-embeddable:2.2.21': project = ':', configuration = 'detachedConfiguration113'
[2026-09-27 14:14:13] [build-stdout] [2026-09-27 14:14:13] [autobuild] Detected dependency 'org.jetbrains.kotlin:kotlin-script-runtime:2.2.21': project = ':', configuration = 'detachedConfiguration113'
[2026-09-27 14:14:13] [build-stdout] [2026-09-27 14:14:13] [autobuild] Detected dependency 'org.jetbrains.kotlin:kotlin-reflect:2.2.21': project = ':', configuration = 'detachedConfiguration113'
[2026-09-27 14:14:13] [build-stdout] [2026-09-27 14:14:13] [autobuild] Detected dependency 'org.jetbrains.kotlin:kotlin-daemon-embeddable:2.2.21': project = ':', configuration = 'detachedConfiguration113'
[2026-09-27 14:14:13] [build-stdout] [2026-09-27 14:14:13] [autobuild] Detected dependency 'org.jetbrains.kotlinx:kotlinx-coroutines-core-jvm:1.8.1': project = ':', configuration = 'detachedConfiguration113'
[2026-09-27 14:14:13] [build-stdout] [2026-09-27 14:14:13] [autobuild] Detected dependency 'io.github.java-diff-utils:java-diff-utils:4.12': project = ':', configuration = 'detachedConfiguration113'
[2026-09-27 14:14:13] [build-stdout] [2026-09-27 14:14:13] [autobuild] Detected dependency 'org.jetbrains.kotlin:abi-tools:2.2.21': project = ':modules:ontology', configuration = 'kotlinInternalAbiValidation'
[2026-09-27 14:14:13] [build-stdout] [2026-09-27 14:14:13] [autobuild] Detected dependency 'org.jetbrains.kotlin:abi-tools-api:2.2.21': project = ':modules:ontology', configuration = 'kotlinInternalAbiValidation'
[2026-09-27 14:14:13] [build-stdout] [2026-09-27 14:14:13] [autobuild] Detected dependency 'org.jetbrains.kotlin:kotlin-metadata-jvm:2.2.21': project = ':modules:ontology', configuration = 'kotlinInternalAbiValidation'
[2026-09-27 14:14:13] [build-stdout] [2026-09-27 14:14:13] [autobuild] Detected dependency 'org.jetbrains.kotlin:kotlin-stdlib:2.2.21': project = ':modules:ontology', configuration = 'kotlinInternalAbiValidation'
[2026-09-27 14:14:13] [build-stdout] [2026-09-27 14:14:13] [autobuild] Detected dependency 'org.jetbrains:annotations:13.0': project = ':modules:ontology', configuration = 'kotlinInternalAbiValidation'
[2026-09-27 14:14:13] [build-stdout] [2026-09-27 14:14:13] [autobuild] Detected dependency 'org.jetbrains.kotlin:kotlin-compiler-embeddable:2.2.21': project = ':modules:ontology', configuration = 'kotlinInternalAbiValidation'
[2026-09-27 14:14:13] [build-stdout] [2026-09-27 14:14:13] [autobuild] Detected dependency 'org.jetbrains.kotlin:kotlin-script-runtime:2.2.21': project = ':modules:ontology', configuration = 'kotlinInternalAbiValidation'
[2026-09-27 14:14:13] [build-stdout] [2026-09-27 14:14:13] [autobuild] Detected dependency 'org.jetbrains.kotlin:kotlin-reflect:1.6.10': project = ':modules:ontology', configuration = 'kotlinInternalAbiValidation'
[2026-09-27 14:14:13] [build-stdout] [2026-09-27 14:14:13] [autobuild] Detected dependency 'org.jetbrains.kotlin:kotlin-daemon-embeddable:2.2.21': project = ':modules:ontology', configuration = 'kotlinInternalAbiValidation'
[2026-09-27 14:14:13] [build-stdout] [2026-09-27 14:14:13] [autobuild] Detected dependency 'org.jetbrains.kotlinx:kotlinx-coroutines-core-jvm:1.8.0': project = ':modules:ontology', configuration = 'kotlinInternalAbiValidation'
[2026-09-27 14:14:13] [build-stdout] [2026-09-27 14:14:13] [autobuild] Detected dependency 'io.github.java-diff-utils:java-diff-utils:4.12': project = ':modules:ontology', configuration = 'kotlinInternalAbiValidation'
[2026-09-27 14:14:13] [build-stdout] [2026-09-27 14:14:13] [autobuild] Detected dependency 'org.jetbrains.kotlin:abi-tools:2.2.21': project = ':', configuration = 'detachedConfiguration114'
[2026-09-27 14:14:13] [build-stdout] [2026-09-27 14:14:13] [autobuild] Detected dependency 'org.jetbrains.kotlin:abi-tools-api:2.2.21': project = ':', configuration = 'detachedConfiguration114'
[2026-09-27 14:14:13] [build-stdout] [2026-09-27 14:14:13] [autobuild] Detected dependency 'org.jetbrains.kotlin:kotlin-metadata-jvm:2.2.21': project = ':', configuration = 'detachedConfiguration114'
[2026-09-27 14:14:13] [build-stdout] [2026-09-27 14:14:13] [autobuild] Detected dependency 'io.github.java-diff-utils:java-diff-utils:4.12': project = ':', configuration = 'detachedConfiguration114'
[2026-09-27 14:14:13] [build-stdout] [2026-09-27 14:14:13] [autobuild] Detected dependency 'io.github.java-diff-utils:java-diff-utils-parent:4.12': project = ':', configuration = 'detachedConfiguration115'
[2026-09-27 14:14:13] [build-stdout] [2026-09-27 14:14:13] [autobuild] Detected dependency 'org.jetbrains.kotlin:abi-tools:2.2.21': project = ':modules:api', configuration = 'kotlinInternalAbiValidation'
[2026-09-27 14:14:13] [build-stdout] [2026-09-27 14:14:13] [autobuild] Detected dependency 'org.jetbrains.kotlin:abi-tools-api:2.2.21': project = ':modules:api', configuration = 'kotlinInternalAbiValidation'
[2026-09-27 14:14:13] [build-stdout] [2026-09-27 14:14:13] [autobuild] Detected dependency 'org.jetbrains.kotlin:kotlin-metadata-jvm:2.2.21': project = ':modules:api', configuration = 'kotlinInternalAbiValidation'
[2026-09-27 14:14:13] [build-stdout] [2026-09-27 14:14:13] [autobuild] Detected dependency 'org.jetbrains.kotlin:kotlin-stdlib:2.2.21': project = ':modules:api', configuration = 'kotlinInternalAbiValidation'
[2026-09-27 14:14:13] [build-stdout] [2026-09-27 14:14:13] [autobuild] Detected dependency 'org.jetbrains:annotations:13.0': project = ':modules:api', configuration = 'kotlinInternalAbiValidation'
[2026-09-27 14:14:13] [build-stdout] [2026-09-27 14:14:13] [autobuild] Detected dependency 'org.jetbrains.kotlin:kotlin-compiler-embeddable:2.2.21': project = ':modules:api', configuration = 'kotlinInternalAbiValidation'
[2026-09-27 14:14:13] [build-stdout] [2026-09-27 14:14:13] [autobuild] Detected dependency 'org.jetbrains.kotlin:kotlin-script-runtime:2.2.21': project = ':modules:api', configuration = 'kotlinInternalAbiValidation'
[2026-09-27 14:14:13] [build-stdout] [2026-09-27 14:14:13] [autobuild] Detected dependency 'org.jetbrains.kotlin:kotlin-reflect:2.2.21': project = ':modules:api', configuration = 'kotlinInternalAbiValidation'
[2026-09-27 14:14:13] [build-stdout] [2026-09-27 14:14:13] [autobuild] Detected dependency 'org.jetbrains.kotlin:kotlin-daemon-embeddable:2.2.21': project = ':modules:api', configuration = 'kotlinInternalAbiValidation'
[2026-09-27 14:14:13] [build-stdout] [2026-09-27 14:14:13] [autobuild] Detected dependency 'org.jetbrains.kotlinx:kotlinx-coroutines-core-jvm:1.8.1': project = ':modules:api', configuration = 'kotlinInternalAbiValidation'
[2026-09-27 14:14:13] [build-stdout] [2026-09-27 14:14:13] [autobuild] Detected dependency 'io.github.java-diff-utils:java-diff-utils:4.12': project = ':modules:api', configuration = 'kotlinInternalAbiValidation'
[2026-09-27 14:14:13] [build-stdout] [2026-09-27 14:14:13] [autobuild] Detected dependency 'org.jetbrains.kotlin:kotlin-klib-commonizer-embeddable:2.2.21': project = ':modules:ibor-core', configuration = 'kotlinKlibCommonizerClasspath'
[2026-09-27 14:14:13] [build-stdout] [2026-09-27 14:14:13] [autobuild] Detected dependency 'org.jetbrains.kotlin:kotlin-stdlib:2.2.21': project = ':modules:ibor-core', configuration = 'kotlinKlibCommonizerClasspath'
[2026-09-27 14:14:13] [build-stdout] [2026-09-27 14:14:13] [autobuild] Detected dependency 'org.jetbrains:annotations:13.0': project = ':modules:ibor-core', configuration = 'kotlinKlibCommonizerClasspath'
[2026-09-27 14:14:13] [build-stdout] [2026-09-27 14:14:13] [autobuild] Detected dependency 'org.jetbrains.kotlin:kotlin-compiler-embeddable:2.2.21': project = ':modules:ibor-core', configuration = 'kotlinKlibCommonizerClasspath'
[2026-09-27 14:14:13] [build-stdout] [2026-09-27 14:14:13] [autobuild] Detected dependency 'org.jetbrains.kotlin:kotlin-script-runtime:2.2.21': project = ':modules:ibor-core', configuration = 'kotlinKlibCommonizerClasspath'
[2026-09-27 14:14:13] [build-stdout] [2026-09-27 14:14:13] [autobuild] Detected dependency 'org.jetbrains.kotlin:kotlin-reflect:1.6.10': project = ':modules:ibor-core', configuration = 'kotlinKlibCommonizerClasspath'
[2026-09-27 14:14:13] [build-stdout] [2026-09-27 14:14:13] [autobuild] Detected dependency 'org.jetbrains.kotlin:kotlin-daemon-embeddable:2.2.21': project = ':modules:ibor-core', configuration = 'kotlinKlibCommonizerClasspath'
[2026-09-27 14:14:13] [build-stdout] [2026-09-27 14:14:13] [autobuild] Detected dependency 'org.jetbrains.kotlinx:kotlinx-coroutines-core-jvm:1.8.0': project = ':modules:ibor-core', configuration = 'kotlinKlibCommonizerClasspath'
[2026-09-27 14:14:13] [build-stdout] [2026-09-27 14:14:13] [autobuild] Detected dependency 'org.jetbrains.kotlin:kotlin-klib-commonizer-embeddable:2.2.21': project = ':modules:ontology', configuration = 'kotlinKlibCommonizerClasspath'
[2026-09-27 14:14:13] [build-stdout] [2026-09-27 14:14:13] [autobuild] Detected dependency 'org.jetbrains.kotlin:kotlin-stdlib:2.2.21': project = ':modules:ontology', configuration = 'kotlinKlibCommonizerClasspath'
[2026-09-27 14:14:13] [build-stdout] [2026-09-27 14:14:13] [autobuild] Detected dependency 'org.jetbrains:annotations:13.0': project = ':modules:ontology', configuration = 'kotlinKlibCommonizerClasspath'
[2026-09-27 14:14:13] [build-stdout] [2026-09-27 14:14:13] [autobuild] Detected dependency 'org.jetbrains.kotlin:kotlin-compiler-embeddable:2.2.21': project = ':modules:ontology', configuration = 'kotlinKlibCommonizerClasspath'
[2026-09-27 14:14:13] [build-stdout] [2026-09-27 14:14:13] [autobuild] Detected dependency 'org.jetbrains.kotlin:kotlin-script-runtime:2.2.21': project = ':modules:ontology', configuration = 'kotlinKlibCommonizerClasspath'
[2026-09-27 14:14:13] [build-stdout] [2026-09-27 14:14:13] [autobuild] Detected dependency 'org.jetbrains.kotlin:kotlin-reflect:1.6.10': project = ':modules:ontology', configuration = 'kotlinKlibCommonizerClasspath'
[2026-09-27 14:14:13] [build-stdout] [2026-09-27 14:14:13] [autobuild] Detected dependency 'org.jetbrains.kotlin:kotlin-daemon-embeddable:2.2.21': project = ':modules:ontology', configuration = 'kotlinKlibCommonizerClasspath'
[2026-09-27 14:14:13] [build-stdout] [2026-09-27 14:14:13] [autobuild] Detected dependency 'org.jetbrains.kotlinx:kotlinx-coroutines-core-jvm:1.8.0': project = ':modules:ontology', configuration = 'kotlinKlibCommonizerClasspath'
[2026-09-27 14:14:13] [build-stdout] [2026-09-27 14:14:13] [autobuild] Detected dependency 'org.jetbrains.kotlin:kotlin-klib-commonizer-embeddable:2.2.21': project = ':modules:persistence', configuration = 'kotlinKlibCommonizerClasspath'
[2026-09-27 14:14:13] [build-stdout] [2026-09-27 14:14:13] [autobuild] Detected dependency 'org.jetbrains.kotlin:kotlin-stdlib:2.2.21': project = ':modules:persistence', configuration = 'kotlinKlibCommonizerClasspath'
[2026-09-27 14:14:13] [build-stdout] [2026-09-27 14:14:13] [autobuild] Detected dependency 'org.jetbrains:annotations:13.0': project = ':modules:persistence', configuration = 'kotlinKlibCommonizerClasspath'
[2026-09-27 14:14:13] [build-stdout] [2026-09-27 14:14:13] [autobuild] Detected dependency 'org.jetbrains.kotlin:kotlin-compiler-embeddable:2.2.21': project = ':modules:persistence', configuration = 'kotlinKlibCommonizerClasspath'
[2026-09-27 14:14:13] [build-stdout] [2026-09-27 14:14:13] [autobuild] Detected dependency 'org.jetbrains.kotlin:kotlin-script-runtime:2.2.21': project = ':modules:persistence', configuration = 'kotlinKlibCommonizerClasspath'
[2026-09-27 14:14:13] [build-stdout] [2026-09-27 14:14:13] [autobuild] Detected dependency 'org.jetbrains.kotlin:kotlin-reflect:1.6.10': project = ':modules:persistence', configuration = 'kotlinKlibCommonizerClasspath'
[2026-09-27 14:14:13] [build-stdout] [2026-09-27 14:14:13] [autobuild] Detected dependency 'org.jetbrains.kotlin:kotlin-daemon-embeddable:2.2.21': project = ':modules:persistence', configuration = 'kotlinKlibCommonizerClasspath'
[2026-09-27 14:14:13] [build-stdout] [2026-09-27 14:14:13] [autobuild] Detected dependency 'org.jetbrains.kotlinx:kotlinx-coroutines-core-jvm:1.8.0': project = ':modules:persistence', configuration = 'kotlinKlibCommonizerClasspath'
[2026-09-27 14:14:13] [build-stdout] [2026-09-27 14:14:13] [autobuild] Detected dependency 'org.jetbrains.kotlin:kotlin-klib-commonizer-embeddable:2.2.21': project = ':modules:control-panel', configuration = 'kotlinKlibCommonizerClasspath'
[2026-09-27 14:14:13] [build-stdout] [2026-09-27 14:14:13] [autobuild] Detected dependency 'org.jetbrains.kotlin:kotlin-stdlib:2.2.21': project = ':modules:control-panel', configuration = 'kotlinKlibCommonizerClasspath'
[2026-09-27 14:14:13] [build-stdout] [2026-09-27 14:14:13] [autobuild] Detected dependency 'org.jetbrains:annotations:13.0': project = ':modules:control-panel', configuration = 'kotlinKlibCommonizerClasspath'
[2026-09-27 14:14:13] [build-stdout] [2026-09-27 14:14:13] [autobuild] Detected dependency 'org.jetbrains.kotlin:kotlin-compiler-embeddable:2.2.21': project = ':modules:control-panel', configuration = 'kotlinKlibCommonizerClasspath'
[2026-09-27 14:14:13] [build-stdout] [2026-09-27 14:14:13] [autobuild] Detected dependency 'org.jetbrains.kotlin:kotlin-script-runtime:2.2.21': project = ':modules:control-panel', configuration = 'kotlinKlibCommonizerClasspath'
[2026-09-27 14:14:13] [build-stdout] [2026-09-27 14:14:13] [autobuild] Detected dependency 'org.jetbrains.kotlin:kotlin-reflect:1.6.10': project = ':modules:control-panel', configuration = 'kotlinKlibCommonizerClasspath'
[2026-09-27 14:14:13] [build-stdout] [2026-09-27 14:14:13] [autobuild] Detected dependency 'org.jetbrains.kotlin:kotlin-daemon-embeddable:2.2.21': project = ':modules:control-panel', configuration = 'kotlinKlibCommonizerClasspath'
[2026-09-27 14:14:13] [build-stdout] [2026-09-27 14:14:13] [autobuild] Detected dependency 'org.jetbrains.kotlinx:kotlinx-coroutines-core-jvm:1.8.0': project = ':modules:control-panel', configuration = 'kotlinKlibCommonizerClasspath'
[2026-09-27 14:14:13] [build-stdout] [2026-09-27 14:14:13] [autobuild] Detected dependency 'org.jetbrains.kotlin:kotlin-klib-commonizer-embeddable:2.2.21': project = ':modules:lookthrough', configuration = 'kotlinKlibCommonizerClasspath'
[2026-09-27 14:14:13] [build-stdout] [2026-09-27 14:14:13] [autobuild] Detected dependency 'org.jetbrains.kotlin:kotlin-stdlib:2.2.21': project = ':modules:lookthrough', configuration = 'kotlinKlibCommonizerClasspath'
[2026-09-27 14:14:13] [build-stdout] [2026-09-27 14:14:13] [autobuild] Detected dependency 'org.jetbrains:annotations:13.0': project = ':modules:lookthrough', configuration = 'kotlinKlibCommonizerClasspath'
[2026-09-27 14:14:13] [build-stdout] [2026-09-27 14:14:13] [autobuild] Detected dependency 'org.jetbrains.kotlin:kotlin-compiler-embeddable:2.2.21': project = ':modules:lookthrough', configuration = 'kotlinKlibCommonizerClasspath'
[2026-09-27 14:14:13] [build-stdout] [2026-09-27 14:14:13] [autobuild] Detected dependency 'org.jetbrains.kotlin:kotlin-script-runtime:2.2.21': project = ':modules:lookthrough', configuration = 'kotlinKlibCommonizerClasspath'
[2026-09-27 14:14:13] [build-stdout] [2026-09-27 14:14:13] [autobuild] Detected dependency 'org.jetbrains.kotlin:kotlin-reflect:1.6.10': project = ':modules:lookthrough', configuration = 'kotlinKlibCommonizerClasspath'
[2026-09-27 14:14:13] [build-stdout] [2026-09-27 14:14:13] [autobuild] Detected dependency 'org.jetbrains.kotlin:kotlin-daemon-embeddable:2.2.21': project = ':modules:lookthrough', configuration = 'kotlinKlibCommonizerClasspath'
[2026-09-27 14:14:13] [build-stdout] [2026-09-27 14:14:13] [autobuild] Detected dependency 'org.jetbrains.kotlinx:kotlinx-coroutines-core-jvm:1.8.0': project = ':modules:lookthrough', configuration = 'kotlinKlibCommonizerClasspath'
[2026-09-27 14:14:13] [build-stdout] [2026-09-27 14:14:13] [autobuild] Detected dependency 'org.jetbrains.kotlin:kotlin-klib-commonizer-embeddable:2.2.21': project = ':modules:deal-sourcing', configuration = 'kotlinKlibCommonizerClasspath'
[2026-09-27 14:14:13] [build-stdout] [2026-09-27 14:14:13] [autobuild] Detected dependency 'org.jetbrains.kotlin:kotlin-stdlib:2.2.21': project = ':modules:deal-sourcing', configuration = 'kotlinKlibCommonizerClasspath'
[2026-09-27 14:14:13] [build-stdout] [2026-09-27 14:14:13] [autobuild] Detected dependency 'org.jetbrains:annotations:13.0': project = ':modules:deal-sourcing', configuration = 'kotlinKlibCommonizerClasspath'
[2026-09-27 14:14:13] [build-stdout] [2026-09-27 14:14:13] [autobuild] Detected dependency 'org.jetbrains.kotlin:kotlin-compiler-embeddable:2.2.21': project = ':modules:deal-sourcing', configuration = 'kotlinKlibCommonizerClasspath'
[2026-09-27 14:14:13] [build-stdout] [2026-09-27 14:14:13] [autobuild] Detected dependency 'org.jetbrains.kotlin:kotlin-script-runtime:2.2.21': project = ':modules:deal-sourcing', configuration = 'kotlinKlibCommonizerClasspath'
[2026-09-27 14:14:13] [build-stdout] [2026-09-27 14:14:13] [autobuild] Detected dependency 'org.jetbrains.kotlin:kotlin-reflect:1.6.10': project = ':modules:deal-sourcing', configuration = 'kotlinKlibCommonizerClasspath'
[2026-09-27 14:14:13] [build-stdout] [2026-09-27 14:14:13] [autobuild] Detected dependency 'org.jetbrains.kotlin:kotlin-daemon-embeddable:2.2.21': project = ':modules:deal-sourcing', configuration = 'kotlinKlibCommonizerClasspath'
[2026-09-27 14:14:13] [build-stdout] [2026-09-27 14:14:13] [autobuild] Detected dependency 'org.jetbrains.kotlinx:kotlinx-coroutines-core-jvm:1.8.0': project = ':modules:deal-sourcing', configuration = 'kotlinKlibCommonizerClasspath'
[2026-09-27 14:14:13] [build-stdout] [2026-09-27 14:14:13] [autobuild] Detected dependency 'org.jetbrains.kotlin:kotlin-klib-commonizer-embeddable:2.2.21': project = ':modules:analytics', configuration = 'kotlinKlibCommonizerClasspath'
[2026-09-27 14:14:13] [build-stdout] [2026-09-27 14:14:13] [autobuild] Detected dependency 'org.jetbrains.kotlin:kotlin-stdlib:2.2.21': project = ':modules:analytics', configuration = 'kotlinKlibCommonizerClasspath'
[2026-09-27 14:14:13] [build-stdout] [2026-09-27 14:14:13] [autobuild] Detected dependency 'org.jetbrains:annotations:13.0': project = ':modules:analytics', configuration = 'kotlinKlibCommonizerClasspath'
[2026-09-27 14:14:13] [build-stdout] [2026-09-27 14:14:13] [autobuild] Detected dependency 'org.jetbrains.kotlin:kotlin-compiler-embeddable:2.2.21': project = ':modules:analytics', configuration = 'kotlinKlibCommonizerClasspath'
[2026-09-27 14:14:13] [build-stdout] [2026-09-27 14:14:13] [autobuild] Detected dependency 'org.jetbrains.kotlin:kotlin-script-runtime:2.2.21': project = ':modules:analytics', configuration = 'kotlinKlibCommonizerClasspath'
[2026-09-27 14:14:13] [build-stdout] [2026-09-27 14:14:13] [autobuild] Detected dependency 'org.jetbrains.kotlin:kotlin-reflect:1.6.10': project = ':modules:analytics', configuration = 'kotlinKlibCommonizerClasspath'
[2026-09-27 14:14:13] [build-stdout] [2026-09-27 14:14:13] [autobuild] Detected dependency 'org.jetbrains.kotlin:kotlin-daemon-embeddable:2.2.21': project = ':modules:analytics', configuration = 'kotlinKlibCommonizerClasspath'
[2026-09-27 14:14:13] [build-stdout] [2026-09-27 14:14:13] [autobuild] Detected dependency 'org.jetbrains.kotlinx:kotlinx-coroutines-core-jvm:1.8.0': project = ':modules:analytics', configuration = 'kotlinKlibCommonizerClasspath'
[2026-09-27 14:14:13] [build-stdout] [2026-09-27 14:14:13] [autobuild] Detected dependency 'org.jetbrains.kotlin:kotlin-klib-commonizer-embeddable:2.2.21': project = ':modules:ingestion', configuration = 'kotlinKlibCommonizerClasspath'
[2026-09-27 14:14:13] [build-stdout] [2026-09-27 14:14:13] [autobuild] Detected dependency 'org.jetbrains.kotlin:kotlin-stdlib:2.2.21': project = ':modules:ingestion', configuration = 'kotlinKlibCommonizerClasspath'
[2026-09-27 14:14:13] [build-stdout] [2026-09-27 14:14:13] [autobuild] Detected dependency 'org.jetbrains:annotations:13.0': project = ':modules:ingestion', configuration = 'kotlinKlibCommonizerClasspath'
[2026-09-27 14:14:13] [build-stdout] [2026-09-27 14:14:13] [autobuild] Detected dependency 'org.jetbrains.kotlin:kotlin-compiler-embeddable:2.2.21': project = ':modules:ingestion', configuration = 'kotlinKlibCommonizerClasspath'
[2026-09-27 14:14:13] [build-stdout] [2026-09-27 14:14:13] [autobuild] Detected dependency 'org.jetbrains.kotlin:kotlin-script-runtime:2.2.21': project = ':modules:ingestion', configuration = 'kotlinKlibCommonizerClasspath'
[2026-09-27 14:14:13] [build-stdout] [2026-09-27 14:14:13] [autobuild] Detected dependency 'org.jetbrains.kotlin:kotlin-reflect:1.6.10': project = ':modules:ingestion', configuration = 'kotlinKlibCommonizerClasspath'
[2026-09-27 14:14:13] [build-stdout] [2026-09-27 14:14:13] [autobuild] Detected dependency 'org.jetbrains.kotlin:kotlin-daemon-embeddable:2.2.21': project = ':modules:ingestion', configuration = 'kotlinKlibCommonizerClasspath'
[2026-09-27 14:14:13] [build-stdout] [2026-09-27 14:14:13] [autobuild] Detected dependency 'org.jetbrains.kotlinx:kotlinx-coroutines-core-jvm:1.8.0': project = ':modules:ingestion', configuration = 'kotlinKlibCommonizerClasspath'
[2026-09-27 14:14:13] [build-stdout] [2026-09-27 14:14:13] [autobuild] Detected dependency 'org.jetbrains.kotlin:kotlin-klib-commonizer-embeddable:2.2.21': project = ':modules:recon', configuration = 'kotlinKlibCommonizerClasspath'
[2026-09-27 14:14:13] [build-stdout] [2026-09-27 14:14:13] [autobuild] Detected dependency 'org.jetbrains.kotlin:kotlin-stdlib:2.2.21': project = ':modules:recon', configuration = 'kotlinKlibCommonizerClasspath'
[2026-09-27 14:14:13] [build-stdout] [2026-09-27 14:14:13] [autobuild] Detected dependency 'org.jetbrains:annotations:13.0': project = ':modules:recon', configuration = 'kotlinKlibCommonizerClasspath'
[2026-09-27 14:14:13] [build-stdout] [2026-09-27 14:14:13] [autobuild] Detected dependency 'org.jetbrains.kotlin:kotlin-compiler-embeddable:2.2.21': project = ':modules:recon', configuration = 'kotlinKlibCommonizerClasspath'
[2026-09-27 14:14:13] [build-stdout] [2026-09-27 14:14:13] [autobuild] Detected dependency 'org.jetbrains.kotlin:kotlin-script-runtime:2.2.21': project = ':modules:recon', configuration = 'kotlinKlibCommonizerClasspath'
[2026-09-27 14:14:13] [build-stdout] [2026-09-27 14:14:13] [autobuild] Detected dependency 'org.jetbrains.kotlin:kotlin-reflect:1.6.10': project = ':modules:recon', configuration = 'kotlinKlibCommonizerClasspath'
[2026-09-27 14:14:13] [build-stdout] [2026-09-27 14:14:13] [autobuild] Detected dependency 'org.jetbrains.kotlin:kotlin-daemon-embeddable:2.2.21': project = ':modules:recon', configuration = 'kotlinKlibCommonizerClasspath'
[2026-09-27 14:14:13] [build-stdout] [2026-09-27 14:14:13] [autobuild] Detected dependency 'org.jetbrains.kotlinx:kotlinx-coroutines-core-jvm:1.8.0': project = ':modules:recon', configuration = 'kotlinKlibCommonizerClasspath'
[2026-09-27 14:14:13] [build-stdout] [2026-09-27 14:14:13] [autobuild] Detected dependency 'org.jetbrains.kotlin:kotlin-klib-commonizer-embeddable:2.2.21': project = ':', configuration = 'detachedConfiguration116'
[2026-09-27 14:14:13] [build-stdout] [2026-09-27 14:14:13] [autobuild] Detected dependency 'org.jetbrains.kotlin:kotlin-stdlib:2.2.21': project = ':', configuration = 'detachedConfiguration116'
[2026-09-27 14:14:13] [build-stdout] [2026-09-27 14:14:13] [autobuild] Detected dependency 'org.jetbrains:annotations:13.0': project = ':', configuration = 'detachedConfiguration116'
[2026-09-27 14:14:13] [build-stdout] [2026-09-27 14:14:13] [autobuild] Detected dependency 'org.jetbrains.kotlin:kotlin-compiler-embeddable:2.2.21': project = ':', configuration = 'detachedConfiguration116'
[2026-09-27 14:14:13] [build-stdout] [2026-09-27 14:14:13] [autobuild] Detected dependency 'org.jetbrains.kotlin:kotlin-script-runtime:2.2.21': project = ':', configuration = 'detachedConfiguration116'
[2026-09-27 14:14:13] [build-stdout] [2026-09-27 14:14:13] [autobuild] Detected dependency 'org.jetbrains.kotlin:kotlin-reflect:2.2.21': project = ':', configuration = 'detachedConfiguration116'
[2026-09-27 14:14:13] [build-stdout] [2026-09-27 14:14:13] [autobuild] Detected dependency 'org.jetbrains.kotlin:kotlin-daemon-embeddable:2.2.21': project = ':', configuration = 'detachedConfiguration116'
[2026-09-27 14:14:13] [build-stdout] [2026-09-27 14:14:13] [autobuild] Detected dependency 'org.jetbrains.kotlinx:kotlinx-coroutines-core-jvm:1.8.1': project = ':', configuration = 'detachedConfiguration116'
[2026-09-27 14:14:13] [build-stdout] [2026-09-27 14:14:13] [autobuild] Detected dependency 'org.jetbrains.kotlin:kotlin-klib-commonizer-embeddable:2.2.21': project = ':', configuration = 'detachedConfiguration117'
[2026-09-27 14:14:13] [build-stdout] [2026-09-27 14:14:13] [autobuild] Detected dependency 'org.jetbrains.kotlin:kotlin-klib-commonizer-embeddable:2.2.21': project = ':modules:api', configuration = 'kotlinKlibCommonizerClasspath'
[2026-09-27 14:14:13] [build-stdout] [2026-09-27 14:14:13] [autobuild] Detected dependency 'org.jetbrains.kotlin:kotlin-stdlib:2.2.21': project = ':modules:api', configuration = 'kotlinKlibCommonizerClasspath'
[2026-09-27 14:14:13] [build-stdout] [2026-09-27 14:14:13] [autobuild] Detected dependency 'org.jetbrains:annotations:13.0': project = ':modules:api', configuration = 'kotlinKlibCommonizerClasspath'
[2026-09-27 14:14:13] [build-stdout] [2026-09-27 14:14:13] [autobuild] Detected dependency 'org.jetbrains.kotlin:kotlin-compiler-embeddable:2.2.21': project = ':modules:api', configuration = 'kotlinKlibCommonizerClasspath'
[2026-09-27 14:14:13] [build-stdout] [2026-09-27 14:14:13] [autobuild] Detected dependency 'org.jetbrains.kotlin:kotlin-script-runtime:2.2.21': project = ':modules:api', configuration = 'kotlinKlibCommonizerClasspath'
[2026-09-27 14:14:13] [build-stdout] [2026-09-27 14:14:13] [autobuild] Detected dependency 'org.jetbrains.kotlin:kotlin-reflect:2.2.21': project = ':modules:api', configuration = 'kotlinKlibCommonizerClasspath'
[2026-09-27 14:14:13] [build-stdout] [2026-09-27 14:14:13] [autobuild] Detected dependency 'org.jetbrains.kotlin:kotlin-daemon-embeddable:2.2.21': project = ':modules:api', configuration = 'kotlinKlibCommonizerClasspath'
[2026-09-27 14:14:13] [build-stdout] [2026-09-27 14:14:13] [autobuild] Detected dependency 'org.jetbrains.kotlinx:kotlinx-coroutines-core-jvm:1.8.1': project = ':modules:api', configuration = 'kotlinKlibCommonizerClasspath'
[2026-09-27 14:14:13] [build-stdout] [2026-09-27 14:14:13] [autobuild] Detected dependency 'org.jetbrains.kotlinx:kover-jvm-agent:0.9.1': project = ':modules:control-panel', configuration = 'koverJvmAgent'
[2026-09-27 14:14:13] [build-stdout] [2026-09-27 14:14:13] [autobuild] Detected dependency 'org.jetbrains.kotlinx:kover-jvm-agent:0.9.1': project = ':modules:recon', configuration = 'koverJvmAgent'
[2026-09-27 14:14:13] [build-stdout] [2026-09-27 14:14:13] [autobuild] Detected dependency 'org.jetbrains.kotlinx:kover-jvm-agent:0.9.1': project = ':modules:ontology', configuration = 'koverJvmAgent'
[2026-09-27 14:14:13] [build-stdout] [2026-09-27 14:14:13] [autobuild] Detected dependency 'org.jetbrains.kotlinx:kover-jvm-agent:0.9.1': project = ':modules:analytics', configuration = 'koverJvmAgent'
[2026-09-27 14:14:13] [build-stdout] [2026-09-27 14:14:13] [autobuild] Detected dependency 'org.jetbrains.kotlinx:kover-jvm-agent:0.9.1': project = ':modules:lookthrough', configuration = 'koverJvmAgent'
[2026-09-27 14:14:13] [build-stdout] [2026-09-27 14:14:13] [autobuild] Detected dependency 'org.jetbrains.kotlinx:kover-jvm-agent:0.9.1': project = ':modules:ingestion', configuration = 'koverJvmAgent'
[2026-09-27 14:14:13] [build-stdout] [2026-09-27 14:14:13] [autobuild] Detected dependency 'org.jetbrains.kotlinx:kover-jvm-agent:0.9.1': project = ':modules:persistence', configuration = 'koverJvmAgent'
[2026-09-27 14:14:13] [build-stdout] [2026-09-27 14:14:13] [autobuild] Detected dependency 'org.jetbrains.kotlinx:kover-jvm-agent:0.9.1': project = ':modules:control-panel', configuration = 'koverJvmReporter'
[2026-09-27 14:14:13] [build-stdout] [2026-09-27 14:14:13] [autobuild] Detected dependency 'org.jetbrains.kotlinx:kover-jvm-agent:0.9.1': project = ':modules:ontology', configuration = 'koverJvmReporter'
[2026-09-27 14:14:13] [build-stdout] [2026-09-27 14:14:13] [autobuild] Detected dependency 'org.jetbrains.kotlinx:kover-jvm-agent:0.9.1': project = ':modules:deal-sourcing', configuration = 'koverJvmAgent'
[2026-09-27 14:14:13] [build-stdout] [2026-09-27 14:14:13] [autobuild] Detected dependency 'org.jetbrains.kotlinx:kover-jvm-agent:0.9.1': project = ':modules:ingestion', configuration = 'koverJvmReporter'
[2026-09-27 14:14:13] [build-stdout] [2026-09-27 14:14:13] [autobuild] Detected dependency 'org.jetbrains.kotlinx:kover-jvm-agent:0.9.1': project = ':modules:persistence', configuration = 'koverJvmReporter'
[2026-09-27 14:14:13] [build-stdout] [2026-09-27 14:14:13] [autobuild] Detected dependency 'org.jetbrains.kotlinx:kover-jvm-agent:0.9.1': project = ':modules:analytics', configuration = 'koverJvmReporter'
[2026-09-27 14:14:13] [build-stdout] [2026-09-27 14:14:13] [autobuild] Detected dependency 'org.jetbrains.kotlinx:kover-jvm-agent:0.9.1': project = ':modules:recon', configuration = 'koverJvmReporter'
[2026-09-27 14:14:13] [build-stdout] [2026-09-27 14:14:13] [autobuild] Detected dependency 'org.jetbrains.kotlinx:kover-jvm-agent:0.9.1': project = ':modules:ibor-core', configuration = 'koverJvmAgent'
[2026-09-27 14:14:13] [build-stdout] [2026-09-27 14:14:13] [autobuild] Detected dependency 'org.jetbrains.kotlinx:kover-jvm-agent:0.9.1': project = ':modules:lookthrough', configuration = 'koverJvmReporter'
[2026-09-27 14:14:13] [build-stdout] [2026-09-27 14:14:13] [autobuild] Detected dependency 'org.jetbrains.kotlinx:kover-jvm-agent:0.9.1': project = ':modules:deal-sourcing', configuration = 'koverJvmReporter'
[2026-09-27 14:14:13] [build-stdout] [2026-09-27 14:14:13] [autobuild] Detected dependency 'org.jetbrains.kotlinx:kover-jvm-agent:0.9.1': project = ':modules:ibor-core', configuration = 'koverJvmReporter'
[2026-09-27 14:14:13] [build-stdout] [2026-09-27 14:14:13] [autobuild] Detected dependency 'project :modules:api': project = ':', configuration = 'detachedConfiguration120'
[2026-09-27 14:14:13] [build-stdout] [2026-09-27 14:14:13] [autobuild] Detected dependency 'org.jetbrains.kotlin:kotlin-stdlib:2.2.21': project = ':', configuration = 'detachedConfiguration120'
[2026-09-27 14:14:13] [build-stdout] [2026-09-27 14:14:13] [autobuild] Detected dependency 'org.jetbrains:annotations:13.0': project = ':', configuration = 'detachedConfiguration120'
[2026-09-27 14:14:13] [build-stdout] [2026-09-27 14:14:13] [autobuild] Detected dependency 'project :modules:analytics': project = ':', configuration = 'detachedConfiguration120'
[2026-09-27 14:14:13] [build-stdout] [2026-09-27 14:14:13] [autobuild] Detected dependency 'project :modules:persistence': project = ':', configuration = 'detachedConfiguration120'
[2026-09-27 14:14:13] [build-stdout] [2026-09-27 14:14:13] [autobuild] Detected dependency 'project :modules:control-panel': project = ':', configuration = 'detachedConfiguration120'
[2026-09-27 14:14:13] [build-stdout] [2026-09-27 14:14:13] [autobuild] Detected dependency 'com.fasterxml.jackson.core:jackson-databind:2.19.2': project = ':', configuration = 'detachedConfiguration120'
[2026-09-27 14:14:13] [build-stdout] [2026-09-27 14:14:13] [autobuild] Detected dependency 'com.fasterxml.jackson.core:jackson-annotations:2.19.2': project = ':', configuration = 'detachedConfiguration120'
[2026-09-27 14:14:13] [build-stdout] [2026-09-27 14:14:13] [autobuild] Detected dependency 'com.fasterxml.jackson:jackson-bom:2.19.2': project = ':', configuration = 'detachedConfiguration120'
[2026-09-27 14:14:13] [build-stdout] [2026-09-27 14:14:13] [autobuild] Detected dependency 'com.fasterxml.jackson.core:jackson-core:2.19.2': project = ':', configuration = 'detachedConfiguration120'
[2026-09-27 14:14:13] [build-stdout] [2026-09-27 14:14:13] [autobuild] Detected dependency 'com.fasterxml.jackson.dataformat:jackson-dataformat-toml:2.19.2': project = ':', configuration = 'detachedConfiguration120'
[2026-09-27 14:14:13] [build-stdout] [2026-09-27 14:14:13] [autobuild] Detected dependency 'com.fasterxml.jackson.datatype:jackson-datatype-jdk8:2.19.2': project = ':', configuration = 'detachedConfiguration120'
[2026-09-27 14:14:13] [build-stdout] [2026-09-27 14:14:13] [autobuild] Detected dependency 'com.fasterxml.jackson.datatype:jackson-datatype-jsr310:2.19.2': project = ':', configuration = 'detachedConfiguration120'
[2026-09-27 14:14:13] [build-stdout] [2026-09-27 14:14:13] [autobuild] Detected dependency 'com.fasterxml.jackson.module:jackson-module-kotlin:2.19.2': project = ':', configuration = 'detachedConfiguration120'
[2026-09-27 14:14:13] [build-stdout] [2026-09-27 14:14:13] [autobuild] Detected dependency 'org.jetbrains.kotlin:kotlin-reflect:2.2.21': project = ':', configuration = 'detachedConfiguration120'
[2026-09-27 14:14:13] [build-stdout] [2026-09-27 14:14:13] [autobuild] Detected dependency 'com.fasterxml.jackson.module:jackson-module-parameter-names:2.19.2': project = ':', configuration = 'detachedConfiguration120'
[2026-09-27 14:14:13] [build-stdout] [2026-09-27 14:14:13] [autobuild] Detected dependency 'project :modules:deal-sourcing': project = ':', configuration = 'detachedConfiguration120'
[2026-09-27 14:14:13] [build-stdout] [2026-09-27 14:14:13] [autobuild] Detected dependency 'project :modules:ibor-core': project = ':', configuration = 'detachedConfiguration120'
[2026-09-27 14:14:13] [build-stdout] [2026-09-27 14:14:13] [autobuild] Detected dependency 'project :modules:ingestion': project = ':', configuration = 'detachedConfiguration120'
[2026-09-27 14:14:13] [build-stdout] [2026-09-27 14:14:13] [autobuild] Detected dependency 'project :modules:lookthrough': project = ':', configuration = 'detachedConfiguration120'
[2026-09-27 14:14:13] [build-stdout] [2026-09-27 14:14:13] [autobuild] Detected dependency 'project :modules:recon': project = ':', configuration = 'detachedConfiguration120'
[2026-09-27 14:14:13] [build-stdout] [2026-09-27 14:14:13] [autobuild] Detected dependency 'project :modules:workflow': project = ':', configuration = 'detachedConfiguration120'
[2026-09-27 14:14:13] [build-stdout] [2026-09-27 14:14:13] [autobuild] Detected dependency 'org.springframework.boot:spring-boot-starter-web:3.5.7': project = ':', configuration = 'detachedConfiguration120'
[2026-09-27 14:14:13] [build-stdout] [2026-09-27 14:14:13] [autobuild] Detected dependency 'org.springframework.boot:spring-boot-starter:3.5.7': project = ':', configuration = 'detachedConfiguration120'
[2026-09-27 14:14:13] [build-stdout] [2026-09-27 14:14:13] [autobuild] Detected dependency 'org.springframework.boot:spring-boot:3.5.7': project = ':', configuration = 'detachedConfiguration120'
[2026-09-27 14:14:13] [build-stdout] [2026-09-27 14:14:13] [autobuild] Detected dependency 'org.springframework:spring-core:6.2.12': project = ':', configuration = 'detachedConfiguration120'
[2026-09-27 14:14:13] [build-stdout] [2026-09-27 14:14:13] [autobuild] Detected dependency 'org.springframework:spring-jcl:6.2.12': project = ':', configuration = 'detachedConfiguration120'
[2026-09-27 14:14:13] [build-stdout] [2026-09-27 14:14:13] [autobuild] Detected dependency 'org.springframework:spring-context:6.2.12': project = ':', configuration = 'detachedConfiguration120'
[2026-09-27 14:14:13] [build-stdout] [2026-09-27 14:14:13] [autobuild] Detected dependency 'org.springframework:spring-aop:6.2.12': project = ':', configuration = 'detachedConfiguration120'
[2026-09-27 14:14:13] [build-stdout] [2026-09-27 14:14:13] [autobuild] Detected dependency 'org.springframework:spring-beans:6.2.12': project = ':', configuration = 'detachedConfiguration120'
[2026-09-27 14:14:13] [build-stdout] [2026-09-27 14:14:13] [autobuild] Detected dependency 'org.springframework:spring-expression:6.2.12': project = ':', configuration = 'detachedConfiguration120'
[2026-09-27 14:14:13] [build-stdout] [2026-09-27 14:14:13] [autobuild] Detected dependency 'io.micrometer:micrometer-observation:1.15.5': project = ':', configuration = 'detachedConfiguration120'
[2026-09-27 14:14:13] [build-stdout] [2026-09-27 14:14:13] [autobuild] Detected dependency 'io.micrometer:micrometer-commons:1.15.5': project = ':', configuration = 'detachedConfiguration120'
[2026-09-27 14:14:13] [build-stdout] [2026-09-27 14:14:13] [autobuild] Detected dependency 'org.springframework.boot:spring-boot-autoconfigure:3.5.7': project = ':', configuration = 'detachedConfiguration120'
[2026-09-27 14:14:13] [build-stdout] [2026-09-27 14:14:13] [autobuild] Detected dependency 'org.springframework.boot:spring-boot-starter-logging:3.5.7': project = ':', configuration = 'detachedConfiguration120'
[2026-09-27 14:14:13] [build-stdout] [2026-09-27 14:14:13] [autobuild] Detected dependency 'ch.qos.logback:logback-classic:1.5.20': project = ':', configuration = 'detachedConfiguration120'
[2026-09-27 14:14:13] [build-stdout] [2026-09-27 14:14:13] [autobuild] Detected dependency 'ch.qos.logback:logback-core:1.5.20': project = ':', configuration = 'detachedConfiguration120'
[2026-09-27 14:14:13] [build-stdout] [2026-09-27 14:14:13] [autobuild] Detected dependency 'org.slf4j:slf4j-api:2.0.17': project = ':', configuration = 'detachedConfiguration120'
[2026-09-27 14:14:13] [build-stdout] [2026-09-27 14:14:13] [autobuild] Detected dependency 'org.apache.logging.log4j:log4j-to-slf4j:2.24.3': project = ':', configuration = 'detachedConfiguration120'
[2026-09-27 14:14:13] [build-stdout] [2026-09-27 14:14:13] [autobuild] Detected dependency 'org.apache.logging.log4j:log4j-api:2.24.3': project = ':', configuration = 'detachedConfiguration120'
[2026-09-27 14:14:13] [build-stdout] [2026-09-27 14:14:13] [autobuild] Detected dependency 'org.slf4j:jul-to-slf4j:2.0.17': project = ':', configuration = 'detachedConfiguration120'
[2026-09-27 14:14:13] [build-stdout] [2026-09-27 14:14:13] [autobuild] Detected dependency 'jakarta.annotation:jakarta.annotation-api:2.1.1': project = ':', configuration = 'detachedConfiguration120'
[2026-09-27 14:14:13] [build-stdout] [2026-09-27 14:14:13] [autobuild] Detected dependency 'org.yaml:snakeyaml:2.4': project = ':', configuration = 'detachedConfiguration120'
[2026-09-27 14:14:13] [build-stdout] [2026-09-27 14:14:13] [autobuild] Detected dependency 'org.springframework.boot:spring-boot-starter-json:3.5.7': project = ':', configuration = 'detachedConfiguration120'
[2026-09-27 14:14:13] [build-stdout] [2026-09-27 14:14:13] [autobuild] Detected dependency 'org.springframework:spring-web:6.2.12': project = ':', configuration = 'detachedConfiguration120'
[2026-09-27 14:14:13] [build-stdout] [2026-09-27 14:14:13] [autobuild] Detected dependency 'com.pinterest.ktlint:ktlint-cli-reporter-format:1.7.1': project = ':modules:lookthrough', configuration = 'ktlint'
[2026-09-27 14:14:13] [build-stdout] [2026-09-27 14:14:13] [autobuild] Detected dependency 'com.pinterest.ktlint:ktlint-cli-reporter-html:1.7.1': project = ':modules:lookthrough', configuration = 'ktlint'
[2026-09-27 14:14:13] [build-stdout] [2026-09-27 14:14:13] [autobuild] Detected dependency 'com.pinterest.ktlint:ktlint-cli-reporter-plain-summary:1.7.1': project = ':modules:lookthrough', configuration = 'ktlint'
[2026-09-27 14:14:13] [build-stdout] [2026-09-27 14:14:13] [autobuild] Detected dependency 'com.pinterest.ktlint:ktlint-cli-reporter-sarif:1.7.1': project = ':modules:lookthrough', configuration = 'ktlint'
[2026-09-27 14:14:13] [build-stdout] [2026-09-27 14:14:13] [autobuild] Detected dependency 'io.github.detekt.sarif4k:sarif4k:0.6.0': project = ':modules:lookthrough', configuration = 'ktlint'
[2026-09-27 14:14:13] [build-stdout] [2026-09-27 14:14:13] [autobuild] Detected dependency 'io.github.detekt.sarif4k:sarif4k-jvm:0.6.0': project = ':modules:lookthrough', configuration = 'ktlint'
[2026-09-27 14:14:13] [build-stdout] [2026-09-27 14:14:13] [autobuild] Detected dependency 'io.github.oshai:kotlin-logging:5.1.0': project = ':modules:lookthrough', configuration = 'ktlint'
[2026-09-27 14:14:13] [build-stdout] [2026-09-27 14:14:13] [autobuild] Detected dependency 'io.github.detekt.sarif4k:sarif4k:0.6.0': project = ':modules:lookthrough', configuration = 'ktlint'
[2026-09-27 14:14:13] [build-stdout] [2026-09-27 14:14:13] [autobuild] Detected dependency 'com.pinterest.ktlint:ktlint-cli-reporter-baseline:1.7.1': project = ':modules:recon', configuration = 'ktlintBaselineReporter'
[2026-09-27 14:14:13] [build-stdout] [2026-09-27 14:14:13] [autobuild] Detected dependency 'com.pinterest.ktlint:ktlint-logger:1.7.1': project = ':modules:recon', configuration = 'ktlintBaselineReporter'
[2026-09-27 14:14:13] [build-stdout] [2026-09-27 14:14:13] [autobuild] Detected dependency 'dev.drewhamilton.poko:poko-annotations:0.19.1': project = ':modules:recon', configuration = 'ktlintBaselineReporter'
[2026-09-27 14:14:13] [build-stdout] [2026-09-27 14:14:13] [autobuild] Detected dependency 'dev.drewhamilton.poko:poko-annotations-jvm:0.19.1': project = ':modules:recon', configuration = 'ktlintBaselineReporter'
[2026-09-27 14:14:13] [build-stdout] [2026-09-27 14:14:13] [autobuild] Detected dependency 'org.jetbrains.kotlin:kotlin-stdlib:2.2.0': project = ':modules:recon', configuration = 'ktlintBaselineReporter'
[2026-09-27 14:14:13] [build-stdout] [2026-09-27 14:14:13] [autobuild] Detected dependency 'org.jetbrains:annotations:13.0': project = ':modules:recon', configuration = 'ktlintBaselineReporter'
[2026-09-27 14:14:13] [build-stdout] [2026-09-27 14:14:13] [autobuild] Detected dependency 'io.github.oshai:kotlin-logging-jvm:7.0.7': project = ':modules:recon', configuration = 'ktlintBaselineReporter'
[2026-09-27 14:14:13] [build-stdout] [2026-09-27 14:14:13] [autobuild] Detected dependency 'com.pinterest.ktlint:ktlint-rule-engine-core:1.7.1': project = ':modules:recon', configuration = 'ktlintBaselineReporter'
[2026-09-27 14:14:13] [build-stdout] [2026-09-27 14:14:13] [autobuild] Detected dependency 'org.jetbrains.kotlin:kotlin-compiler-embeddable:2.2.0': project = ':modules:recon', configuration = 'ktlintBaselineReporter'
[2026-09-27 14:14:13] [build-stdout] [2026-09-27 14:14:13] [autobuild] Detected dependency 'org.jetbrains.kotlin:kotlin-script-runtime:2.2.0': project = ':modules:recon', configuration = 'ktlintBaselineReporter'
[2026-09-27 14:14:13] [build-stdout] [2026-09-27 14:14:13] [autobuild] Detected dependency 'org.jetbrains.kotlin:kotlin-reflect:1.6.10': project = ':modules:recon', configuration = 'ktlintBaselineReporter'
[2026-09-27 14:14:13] [build-stdout] [2026-09-27 14:14:13] [autobuild] Detected dependency 'org.jetbrains.kotlin:kotlin-daemon-embeddable:2.2.0': project = ':modules:recon', configuration = 'ktlintBaselineReporter'
[2026-09-27 14:14:13] [build-stdout] [2026-09-27 14:14:13] [autobuild] Detected dependency 'org.jetbrains.kotlinx:kotlinx-coroutines-core-jvm:1.8.0': project = ':modules:recon', configuration = 'ktlintBaselineReporter'
[2026-09-27 14:14:13] [build-stdout] [2026-09-27 14:14:13] [autobuild] Detected dependency 'org.ec4j.core:ec4j-core:1.1.1': project = ':modules:recon', configuration = 'ktlintBaselineReporter'
[2026-09-27 14:14:13] [build-stdout] [2026-09-27 14:14:13] [autobuild] Detected dependency 'com.pinterest.ktlint:ktlint-cli-reporter-core:1.7.1': project = ':modules:recon', configuration = 'ktlintBaselineReporter'
[2026-09-27 14:14:13] [build-stdout] [2026-09-27 14:14:13] [autobuild] Detected dependency 'io.github.oshai:kotlin-logging:5.1.0': project = ':modules:recon', configuration = 'ktlintBaselineReporter'
[2026-09-27 14:14:13] [build-stdout] [2026-09-27 14:14:13] [autobuild] Detected dependency 'com.pinterest.ktlint:ktlint-cli-reporter-baseline:1.7.1': project = ':modules:recon', configuration = 'ktlintBaselineReporter'
[2026-09-27 14:14:13] [build-stdout] [2026-09-27 14:14:13] [autobuild] Detected dependency 'io.github.oshai:kotlin-logging:5.1.0': project = ':modules:recon', configuration = 'ktlintBaselineReporter'
[2026-09-27 14:14:13] [build-stdout] [2026-09-27 14:14:13] [autobuild] Detected dependency 'com.pinterest.ktlint:ktlint-logger:1.7.1': project = ':modules:recon', configuration = 'ktlintBaselineReporter'
[2026-09-27 14:14:13] [build-stdout] [2026-09-27 14:14:13] [autobuild] Detected dependency 'com.pinterest.ktlint:ktlint-rule-engine-core:1.7.1': project = ':modules:recon', configuration = 'ktlintBaselineReporter'
[2026-09-27 14:14:13] [build-stdout] [2026-09-27 14:14:13] [autobuild] Detected dependency 'com.pinterest.ktlint:ktlint-cli-reporter-core:1.7.1': project = ':modules:recon', configuration = 'ktlintBaselineReporter'
[2026-09-27 14:14:13] [build-stdout] [2026-09-27 14:14:13] [autobuild] Detected dependency 'dev.drewhamilton.poko:poko-annotations:0.19.1': project = ':modules:recon', configuration = 'ktlintBaselineReporter'
[2026-09-27 14:14:13] [build-stdout] [2026-09-27 14:14:13] [autobuild] Detected dependency 'org.jetbrains.kotlin:kotlin-stdlib:2.2.0': project = ':modules:recon', configuration = 'ktlintBaselineReporter'
[2026-09-27 14:14:13] [build-stdout] [2026-09-27 14:14:13] [autobuild] Detected dependency 'io.github.oshai:kotlin-logging-jvm:7.0.7': project = ':modules:recon', configuration = 'ktlintBaselineReporter'
[2026-09-27 14:14:13] [build-stdout] [2026-09-27 14:14:13] [autobuild] Detected dependency 'org.jetbrains.kotlin:kotlin-compiler-embeddable:2.2.0': project = ':modules:recon', configuration = 'ktlintBaselineReporter'
[2026-09-27 14:14:13] [build-stdout] [2026-09-27 14:14:13] [autobuild] Detected dependency 'org.ec4j.core:ec4j-core:1.1.1': project = ':modules:recon', configuration = 'ktlintBaselineReporter'
[2026-09-27 14:14:13] [build-stdout] [2026-09-27 14:14:13] [autobuild] Detected dependency 'dev.drewhamilton.poko:poko-annotations-jvm:0.19.1': project = ':modules:recon', configuration = 'ktlintBaselineReporter'
[2026-09-27 14:14:13] [build-stdout] [2026-09-27 14:14:13] [autobuild] Detected dependency 'org.jetbrains:annotations:13.0': project = ':modules:recon', configuration = 'ktlintBaselineReporter'
[2026-09-27 14:14:13] [build-stdout] [2026-09-27 14:14:13] [autobuild] Detected dependency 'org.jetbrains.kotlin:kotlin-script-runtime:2.2.0': project = ':modules:recon', configuration = 'ktlintBaselineReporter'
[2026-09-27 14:14:13] [build-stdout] [2026-09-27 14:14:13] [autobuild] Detected dependency 'org.jetbrains.kotlin:kotlin-reflect:1.6.10': project = ':modules:recon', configuration = 'ktlintBaselineReporter'
[2026-09-27 14:14:13] [build-stdout] [2026-09-27 14:14:13] [autobuild] Detected dependency 'org.jetbrains.kotlin:kotlin-daemon-embeddable:2.2.0': project = ':modules:recon', configuration = 'ktlintBaselineReporter'
[2026-09-27 14:14:13] [build-stdout] [2026-09-27 14:14:13] [autobuild] Detected dependency 'org.jetbrains.kotlinx:kotlinx-coroutines-core-jvm:1.8.0': project = ':modules:recon', configuration = 'ktlintBaselineReporter'
[2026-09-27 14:14:13] [build-stdout] [2026-09-27 14:14:13] [autobuild] Detected dependency 'com.pinterest.ktlint:ktlint-cli-reporter-baseline:1.7.1': project = ':modules:deal-sourcing', configuration = 'ktlintBaselineReporter'
[2026-09-27 14:14:13] [build-stdout] [2026-09-27 14:14:13] [autobuild] Detected dependency 'com.pinterest.ktlint:ktlint-logger:1.7.1': project = ':modules:deal-sourcing', configuration = 'ktlintBaselineReporter'
[2026-09-27 14:14:13] [build-stdout] [2026-09-27 14:14:13] [autobuild] Detected dependency 'dev.drewhamilton.poko:poko-annotations:0.19.1': project = ':modules:deal-sourcing', configuration = 'ktlintBaselineReporter'
[2026-09-27 14:14:13] [build-stdout] [2026-09-27 14:14:13] [autobuild] Detected dependency 'dev.drewhamilton.poko:poko-annotations-jvm:0.19.1': project = ':modules:deal-sourcing', configuration = 'ktlintBaselineReporter'
[2026-09-27 14:14:13] [build-stdout] [2026-09-27 14:14:13] [autobuild] Detected dependency 'org.jetbrains.kotlin:kotlin-stdlib:2.2.0': project = ':modules:deal-sourcing', configuration = 'ktlintBaselineReporter'
[2026-09-27 14:14:13] [build-stdout] [2026-09-27 14:14:13] [autobuild] Detected dependency 'org.jetbrains:annotations:13.0': project = ':modules:deal-sourcing', configuration = 'ktlintBaselineReporter'
[2026-09-27 14:14:13] [build-stdout] [2026-09-27 14:14:13] [autobuild] Detected dependency 'io.github.oshai:kotlin-logging-jvm:7.0.7': project = ':modules:deal-sourcing', configuration = 'ktlintBaselineReporter'
[2026-09-27 14:14:13] [build-stdout] [2026-09-27 14:14:13] [autobuild] Detected dependency 'com.pinterest.ktlint:ktlint-rule-engine-core:1.7.1': project = ':modules:deal-sourcing', configuration = 'ktlintBaselineReporter'
[2026-09-27 14:14:13] [build-stdout] [2026-09-27 14:14:13] [autobuild] Detected dependency 'org.jetbrains.kotlin:kotlin-compiler-embeddable:2.2.0': project = ':modules:deal-sourcing', configuration = 'ktlintBaselineReporter'
[2026-09-27 14:14:13] [build-stdout] [2026-09-27 14:14:13] [autobuild] Detected dependency 'org.jetbrains.kotlin:kotlin-script-runtime:2.2.0': project = ':modules:deal-sourcing', configuration = 'ktlintBaselineReporter'
[2026-09-27 14:14:13] [build-stdout] [2026-09-27 14:14:13] [autobuild] Detected dependency 'org.jetbrains.kotlin:kotlin-reflect:1.6.10': project = ':modules:deal-sourcing', configuration = 'ktlintBaselineReporter'
[2026-09-27 14:14:13] [build-stdout] [2026-09-27 14:14:13] [autobuild] Detected dependency 'org.jetbrains.kotlin:kotlin-daemon-embeddable:2.2.0': project = ':modules:deal-sourcing', configuration = 'ktlintBaselineReporter'
[2026-09-27 14:14:13] [build-stdout] [2026-09-27 14:14:13] [autobuild] Detected dependency 'org.jetbrains.kotlinx:kotlinx-coroutines-core-jvm:1.8.0': project = ':modules:deal-sourcing', configuration = 'ktlintBaselineReporter'
[2026-09-27 14:14:13] [build-stdout] [2026-09-27 14:14:13] [autobuild] Detected dependency 'org.ec4j.core:ec4j-core:1.1.1': project = ':modules:deal-sourcing', configuration = 'ktlintBaselineReporter'
[2026-09-27 14:14:13] [build-stdout] [2026-09-27 14:14:13] [autobuild] Detected dependency 'com.pinterest.ktlint:ktlint-cli-reporter-core:1.7.1': project = ':modules:deal-sourcing', configuration = 'ktlintBaselineReporter'
[2026-09-27 14:14:13] [build-stdout] [2026-09-27 14:14:13] [autobuild] Detected dependency 'io.github.oshai:kotlin-logging:5.1.0': project = ':modules:deal-sourcing', configuration = 'ktlintBaselineReporter'
[2026-09-27 14:14:13] [build-stdout] [2026-09-27 14:14:13] [autobuild] Detected dependency 'com.pinterest.ktlint:ktlint-cli-reporter-baseline:1.7.1': project = ':modules:deal-sourcing', configuration = 'ktlintBaselineReporter'
[2026-09-27 14:14:13] [build-stdout] [2026-09-27 14:14:13] [autobuild] Detected dependency 'io.github.oshai:kotlin-logging:5.1.0': project = ':modules:deal-sourcing', configuration = 'ktlintBaselineReporter'
[2026-09-27 14:14:13] [build-stdout] [2026-09-27 14:14:13] [autobuild] Detected dependency 'com.pinterest.ktlint:ktlint-logger:1.7.1': project = ':modules:deal-sourcing', configuration = 'ktlintBaselineReporter'
[2026-09-27 14:14:13] [build-stdout] [2026-09-27 14:14:13] [autobuild] Detected dependency 'com.pinterest.ktlint:ktlint-rule-engine-core:1.7.1': project = ':modules:deal-sourcing', configuration = 'ktlintBaselineReporter'
[2026-09-27 14:14:13] [build-stdout] [2026-09-27 14:14:13] [autobuild] Detected dependency 'com.pinterest.ktlint:ktlint-cli-reporter-core:1.7.1': project = ':modules:deal-sourcing', configuration = 'ktlintBaselineReporter'
[2026-09-27 14:14:13] [build-stdout] [2026-09-27 14:14:13] [autobuild] Detected dependency 'dev.drewhamilton.poko:poko-annotations:0.19.1': project = ':modules:deal-sourcing', configuration = 'ktlintBaselineReporter'
[2026-09-27 14:14:13] [build-stdout] [2026-09-27 14:14:13] [autobuild] Detected dependency 'org.jetbrains.kotlin:kotlin-stdlib:2.2.0': project = ':modules:deal-sourcing', configuration = 'ktlintBaselineReporter'
[2026-09-27 14:14:13] [build-stdout] [2026-09-27 14:14:13] [autobuild] Detected dependency 'io.github.oshai:kotlin-logging-jvm:7.0.7': project = ':modules:deal-sourcing', configuration = 'ktlintBaselineReporter'
[2026-09-27 14:14:13] [build-stdout] [2026-09-27 14:14:13] [autobuild] Detected dependency 'org.jetbrains.kotlin:kotlin-compiler-embeddable:2.2.0': project = ':modules:deal-sourcing', configuration = 'ktlintBaselineReporter'
[2026-09-27 14:14:13] [build-stdout] [2026-09-27 14:14:13] [autobuild] Detected dependency 'org.ec4j.core:ec4j-core:1.1.1': project = ':modules:deal-sourcing', configuration = 'ktlintBaselineReporter'
[2026-09-27 14:14:13] [build-stdout] [2026-09-27 14:14:13] [autobuild] Detected dependency 'dev.drewhamilton.poko:poko-annotations-jvm:0.19.1': project = ':modules:deal-sourcing', configuration = 'ktlintBaselineReporter'
[2026-09-27 14:14:13] [build-stdout] [2026-09-27 14:14:13] [autobuild] Detected dependency 'org.jetbrains:annotations:13.0': project = ':modules:deal-sourcing', configuration = 'ktlintBaselineReporter'
[2026-09-27 14:14:13] [build-stdout] [2026-09-27 14:14:13] [autobuild] Detected dependency 'org.jetbrains.kotlin:kotlin-script-runtime:2.2.0': project = ':modules:deal-sourcing', configuration = 'ktlintBaselineReporter'
[2026-09-27 14:14:13] [build-stdout] [2026-09-27 14:14:13] [autobuild] Detected dependency 'org.jetbrains.kotlin:kotlin-reflect:1.6.10': project = ':modules:deal-sourcing', configuration = 'ktlintBaselineReporter'
[2026-09-27 14:14:13] [build-stdout] [2026-09-27 14:14:13] [autobuild] Detected dependency 'org.jetbrains.kotlin:kotlin-daemon-embeddable:2.2.0': project = ':modules:deal-sourcing', configuration = 'ktlintBaselineReporter'
[2026-09-27 14:14:13] [build-stdout] [2026-09-27 14:14:13] [autobuild] Detected dependency 'org.jetbrains.kotlinx:kotlinx-coroutines-core-jvm:1.8.0': project = ':modules:deal-sourcing', configuration = 'ktlintBaselineReporter'
[2026-09-27 14:14:13] [build-stdout] [2026-09-27 14:14:13] [autobuild] Detected dependency 'com.pinterest.ktlint:ktlint-cli-reporter-baseline:1.7.1': project = ':modules:analytics', configuration = 'ktlintBaselineReporter'
[2026-09-27 14:14:13] [build-stdout] [2026-09-27 14:14:13] [autobuild] Detected dependency 'com.pinterest.ktlint:ktlint-logger:1.7.1': project = ':modules:analytics', configuration = 'ktlintBaselineReporter'
[2026-09-27 14:14:13] [build-stdout] [2026-09-27 14:14:13] [autobuild] Detected dependency 'dev.drewhamilton.poko:poko-annotations:0.19.1': project = ':modules:analytics', configuration = 'ktlintBaselineReporter'
[2026-09-27 14:14:13] [build-stdout] [2026-09-27 14:14:13] [autobuild] Detected dependency 'dev.drewhamilton.poko:poko-annotations-jvm:0.19.1': project = ':modules:analytics', configuration = 'ktlintBaselineReporter'
[2026-09-27 14:14:13] [build-stdout] [2026-09-27 14:14:13] [autobuild] Detected dependency 'org.jetbrains.kotlin:kotlin-stdlib:2.2.0': project = ':modules:analytics', configuration = 'ktlintBaselineReporter'
[2026-09-27 14:14:13] [build-stdout] [2026-09-27 14:14:13] [autobuild] Detected dependency 'org.jetbrains:annotations:13.0': project = ':modules:analytics', configuration = 'ktlintBaselineReporter'
[2026-09-27 14:14:13] [build-stdout] [2026-09-27 14:14:13] [autobuild] Detected dependency 'io.github.oshai:kotlin-logging-jvm:7.0.7': project = ':modules:analytics', configuration = 'ktlintBaselineReporter'
[2026-09-27 14:14:13] [build-stdout] [2026-09-27 14:14:13] [autobuild] Detected dependency 'com.pinterest.ktlint:ktlint-rule-engine-core:1.7.1': project = ':modules:analytics', configuration = 'ktlintBaselineReporter'
[2026-09-27 14:14:13] [build-stdout] [2026-09-27 14:14:13] [autobuild] Detected dependency 'org.jetbrains.kotlin:kotlin-compiler-embeddable:2.2.0': project = ':modules:analytics', configuration = 'ktlintBaselineReporter'
[2026-09-27 14:14:13] [build-stdout] [2026-09-27 14:14:13] [autobuild] Detected dependency 'org.jetbrains.kotlin:kotlin-script-runtime:2.2.0': project = ':modules:analytics', configuration = 'ktlintBaselineReporter'
[2026-09-27 14:14:13] [build-stdout] [2026-09-27 14:14:13] [autobuild] Detected dependency 'org.jetbrains.kotlin:kotlin-reflect:1.6.10': project = ':modules:analytics', configuration = 'ktlintBaselineReporter'
[2026-09-27 14:14:13] [build-stdout] [2026-09-27 14:14:13] [autobuild] Detected dependency 'org.jetbrains.kotlin:kotlin-daemon-embeddable:2.2.0': project = ':modules:analytics', configuration = 'ktlintBaselineReporter'
[2026-09-27 14:14:13] [build-stdout] [2026-09-27 14:14:13] [autobuild] Detected dependency 'org.jetbrains.kotlinx:kotlinx-coroutines-core-jvm:1.8.0': project = ':modules:analytics', configuration = 'ktlintBaselineReporter'
[2026-09-27 14:14:13] [build-stdout] [2026-09-27 14:14:13] [autobuild] Detected dependency 'org.ec4j.core:ec4j-core:1.1.1': project = ':modules:analytics', configuration = 'ktlintBaselineReporter'
[2026-09-27 14:14:13] [build-stdout] [2026-09-27 14:14:13] [autobuild] Detected dependency 'com.pinterest.ktlint:ktlint-cli-reporter-core:1.7.1': project = ':modules:analytics', configuration = 'ktlintBaselineReporter'
[2026-09-27 14:14:13] [build-stdout] [2026-09-27 14:14:13] [autobuild] Detected dependency 'io.github.oshai:kotlin-logging:5.1.0': project = ':modules:analytics', configuration = 'ktlintBaselineReporter'
[2026-09-27 14:14:13] [build-stdout] [2026-09-27 14:14:13] [autobuild] Detected dependency 'com.pinterest.ktlint:ktlint-cli-reporter-baseline:1.7.1': project = ':modules:analytics', configuration = 'ktlintBaselineReporter'
[2026-09-27 14:14:13] [build-stdout] [2026-09-27 14:14:13] [autobuild] Detected dependency 'io.github.oshai:kotlin-logging:5.1.0': project = ':modules:analytics', configuration = 'ktlintBaselineReporter'
[2026-09-27 14:14:13] [build-stdout] [2026-09-27 14:14:13] [autobuild] Detected dependency 'com.pinterest.ktlint:ktlint-logger:1.7.1': project = ':modules:analytics', configuration = 'ktlintBaselineReporter'
[2026-09-27 14:14:13] [build-stdout] [2026-09-27 14:14:13] [autobuild] Detected dependency 'com.pinterest.ktlint:ktlint-rule-engine-core:1.7.1': project = ':modules:analytics', configuration = 'ktlintBaselineReporter'
[2026-09-27 14:14:13] [build-stdout] [2026-09-27 14:14:13] [autobuild] Detected dependency 'com.pinterest.ktlint:ktlint-cli-reporter-core:1.7.1': project = ':modules:analytics', configuration = 'ktlintBaselineReporter'
[2026-09-27 14:14:13] [build-stdout] [2026-09-27 14:14:13] [autobuild] Detected dependency 'dev.drewhamilton.poko:poko-annotations:0.19.1': project = ':modules:analytics', configuration = 'ktlintBaselineReporter'
[2026-09-27 14:14:13] [build-stdout] [2026-09-27 14:14:13] [autobuild] Detected dependency 'org.jetbrains.kotlin:kotlin-stdlib:2.2.0': project = ':modules:analytics', configuration = 'ktlintBaselineReporter'
[2026-09-27 14:14:13] [build-stdout] [2026-09-27 14:14:13] [autobuild] Detected dependency 'io.github.oshai:kotlin-logging-jvm:7.0.7': project = ':modules:analytics', configuration = 'ktlintBaselineReporter'
[2026-09-27 14:14:13] [build-stdout] [2026-09-27 14:14:13] [autobuild] Detected dependency 'org.jetbrains.kotlin:kotlin-compiler-embeddable:2.2.0': project = ':modules:analytics', configuration = 'ktlintBaselineReporter'
[2026-09-27 14:14:13] [build-stdout] [2026-09-27 14:14:13] [autobuild] Detected dependency 'org.ec4j.core:ec4j-core:1.1.1': project = ':modules:analytics', configuration = 'ktlintBaselineReporter'
[2026-09-27 14:14:13] [build-stdout] [2026-09-27 14:14:13] [autobuild] Detected dependency 'dev.drewhamilton.poko:poko-annotations-jvm:0.19.1': project = ':modules:analytics', configuration = 'ktlintBaselineReporter'
[2026-09-27 14:14:13] [build-stdout] [2026-09-27 14:14:13] [autobuild] Detected dependency 'org.jetbrains:annotations:13.0': project = ':modules:analytics', configuration = 'ktlintBaselineReporter'
[2026-09-27 14:14:13] [build-stdout] [2026-09-27 14:14:13] [autobuild] Detected dependency 'org.jetbrains.kotlin:kotlin-script-runtime:2.2.0': project = ':modules:analytics', configuration = 'ktlintBaselineReporter'
[2026-09-27 14:14:13] [build-stdout] [2026-09-27 14:14:13] [autobuild] Detected dependency 'org.jetbrains.kotlin:kotlin-reflect:1.6.10': project = ':modules:analytics', configuration = 'ktlintBaselineReporter'
[2026-09-27 14:14:13] [build-stdout] [2026-09-27 14:14:13] [autobuild] Detected dependency 'org.jetbrains.kotlin:kotlin-daemon-embeddable:2.2.0': project = ':modules:analytics', configuration = 'ktlintBaselineReporter'
[2026-09-27 14:14:13] [build-stdout] [2026-09-27 14:14:13] [autobuild] Detected dependency 'org.jetbrains.kotlinx:kotlinx-coroutines-core-jvm:1.8.0': project = ':modules:analytics', configuration = 'ktlintBaselineReporter'
[2026-09-27 14:14:13] [build-stdout] [2026-09-27 14:14:13] [autobuild] Detected dependency 'com.pinterest.ktlint:ktlint-cli-reporter-baseline:1.7.1': project = ':modules:ingestion', configuration = 'ktlintBaselineReporter'
[2026-09-27 14:14:13] [build-stdout] [2026-09-27 14:14:13] [autobuild] Detected dependency 'com.pinterest.ktlint:ktlint-logger:1.7.1': project = ':modules:ingestion', configuration = 'ktlintBaselineReporter'
[2026-09-27 14:14:13] [build-stdout] [2026-09-27 14:14:13] [autobuild] Detected dependency 'dev.drewhamilton.poko:poko-annotations:0.19.1': project = ':modules:ingestion', configuration = 'ktlintBaselineReporter'
[2026-09-27 14:14:13] [build-stdout] [2026-09-27 14:14:13] [autobuild] Detected dependency 'dev.drewhamilton.poko:poko-annotations-jvm:0.19.1': project = ':modules:ingestion', configuration = 'ktlintBaselineReporter'
[2026-09-27 14:14:13] [build-stdout] [2026-09-27 14:14:13] [autobuild] Detected dependency 'org.jetbrains.kotlin:kotlin-stdlib:2.2.0': project = ':modules:ingestion', configuration = 'ktlintBaselineReporter'
[2026-09-27 14:14:13] [build-stdout] [2026-09-27 14:14:13] [autobuild] Detected dependency 'org.jetbrains:annotations:13.0': project = ':modules:ingestion', configuration = 'ktlintBaselineReporter'
[2026-09-27 14:14:13] [build-stdout] [2026-09-27 14:14:13] [autobuild] Detected dependency 'io.github.oshai:kotlin-logging-jvm:7.0.7': project = ':modules:ingestion', configuration = 'ktlintBaselineReporter'
[2026-09-27 14:14:13] [build-stdout] [2026-09-27 14:14:13] [autobuild] Detected dependency 'com.pinterest.ktlint:ktlint-rule-engine-core:1.7.1': project = ':modules:ingestion', configuration = 'ktlintBaselineReporter'
[2026-09-27 14:14:13] [build-stdout] [2026-09-27 14:14:13] [autobuild] Detected dependency 'org.jetbrains.kotlin:kotlin-compiler-embeddable:2.2.0': project = ':modules:ingestion', configuration = 'ktlintBaselineReporter'
[2026-09-27 14:14:13] [build-stdout] [2026-09-27 14:14:13] [autobuild] Detected dependency 'org.jetbrains.kotlin:kotlin-script-runtime:2.2.0': project = ':modules:ingestion', configuration = 'ktlintBaselineReporter'
[2026-09-27 14:14:13] [build-stdout] [2026-09-27 14:14:13] [autobuild] Detected dependency 'org.jetbrains.kotlin:kotlin-reflect:1.6.10': project = ':modules:ingestion', configuration = 'ktlintBaselineReporter'
[2026-09-27 14:14:13] [build-stdout] [2026-09-27 14:14:13] [autobuild] Detected dependency 'org.jetbrains.kotlin:kotlin-daemon-embeddable:2.2.0': project = ':modules:ingestion', configuration = 'ktlintBaselineReporter'
[2026-09-27 14:14:13] [build-stdout] [2026-09-27 14:14:13] [autobuild] Detected dependency 'org.jetbrains.kotlinx:kotlinx-coroutines-core-jvm:1.8.0': project = ':modules:ingestion', configuration = 'ktlintBaselineReporter'
[2026-09-27 14:14:13] [build-stdout] [2026-09-27 14:14:13] [autobuild] Detected dependency 'org.ec4j.core:ec4j-core:1.1.1': project = ':modules:ingestion', configuration = 'ktlintBaselineReporter'
[2026-09-27 14:14:13] [build-stdout] [2026-09-27 14:14:13] [autobuild] Detected dependency 'com.pinterest.ktlint:ktlint-cli-reporter-core:1.7.1': project = ':modules:ingestion', configuration = 'ktlintBaselineReporter'
[2026-09-27 14:14:13] [build-stdout] [2026-09-27 14:14:13] [autobuild] Detected dependency 'io.github.oshai:kotlin-logging:5.1.0': project = ':modules:ingestion', configuration = 'ktlintBaselineReporter'
[2026-09-27 14:14:13] [build-stdout] [2026-09-27 14:14:13] [autobuild] Detected dependency 'com.pinterest.ktlint:ktlint-cli-reporter-baseline:1.7.1': project = ':modules:ingestion', configuration = 'ktlintBaselineReporter'
[2026-09-27 14:14:13] [build-stdout] [2026-09-27 14:14:13] [autobuild] Detected dependency 'io.github.oshai:kotlin-logging:5.1.0': project = ':modules:ingestion', configuration = 'ktlintBaselineReporter'
[2026-09-27 14:14:13] [build-stdout] [2026-09-27 14:14:13] [autobuild] Detected dependency 'com.pinterest.ktlint:ktlint-logger:1.7.1': project = ':modules:ingestion', configuration = 'ktlintBaselineReporter'
[2026-09-27 14:14:13] [build-stdout] [2026-09-27 14:14:13] [autobuild] Detected dependency 'com.pinterest.ktlint:ktlint-rule-engine-core:1.7.1': project = ':modules:ingestion', configuration = 'ktlintBaselineReporter'
[2026-09-27 14:14:13] [build-stdout] [2026-09-27 14:14:13] [autobuild] Detected dependency 'com.pinterest.ktlint:ktlint-cli-reporter-core:1.7.1': project = ':modules:ingestion', configuration = 'ktlintBaselineReporter'
[2026-09-27 14:14:13] [build-stdout] [2026-09-27 14:14:13] [autobuild] Detected dependency 'dev.drewhamilton.poko:poko-annotations:0.19.1': project = ':modules:ingestion', configuration = 'ktlintBaselineReporter'
[2026-09-27 14:14:13] [build-stdout] [2026-09-27 14:14:13] [autobuild] Detected dependency 'org.jetbrains.kotlin:kotlin-stdlib:2.2.0': project = ':modules:ingestion', configuration = 'ktlintBaselineReporter'
[2026-09-27 14:14:13] [build-stdout] [2026-09-27 14:14:13] [autobuild] Detected dependency 'io.github.oshai:kotlin-logging-jvm:7.0.7': project = ':modules:ingestion', configuration = 'ktlintBaselineReporter'
[2026-09-27 14:14:13] [build-stdout] [2026-09-27 14:14:13] [autobuild] Detected dependency 'org.jetbrains.kotlin:kotlin-compiler-embeddable:2.2.0': project = ':modules:ingestion', configuration = 'ktlintBaselineReporter'
[2026-09-27 14:14:13] [build-stdout] [2026-09-27 14:14:13] [autobuild] Detected dependency 'org.ec4j.core:ec4j-core:1.1.1': project = ':modules:ingestion', configuration = 'ktlintBaselineReporter'
[2026-09-27 14:14:13] [build-stdout] [2026-09-27 14:14:13] [autobuild] Detected dependency 'dev.drewhamilton.poko:poko-annotations-jvm:0.19.1': project = ':modules:ingestion', configuration = 'ktlintBaselineReporter'
[2026-09-27 14:14:13] [build-stdout] [2026-09-27 14:14:13] [autobuild] Detected dependency 'org.jetbrains:annotations:13.0': project = ':modules:ingestion', configuration = 'ktlintBaselineReporter'
[2026-09-27 14:14:13] [build-stdout] [2026-09-27 14:14:13] [autobuild] Detected dependency 'org.jetbrains.kotlin:kotlin-script-runtime:2.2.0': project = ':modules:ingestion', configuration = 'ktlintBaselineReporter'
[2026-09-27 14:14:13] [build-stdout] [2026-09-27 14:14:13] [autobuild] Detected dependency 'org.jetbrains.kotlin:kotlin-reflect:1.6.10': project = ':modules:ingestion', configuration = 'ktlintBaselineReporter'
[2026-09-27 14:14:13] [build-stdout] [2026-09-27 14:14:13] [autobuild] Detected dependency 'org.jetbrains.kotlin:kotlin-daemon-embeddable:2.2.0': project = ':modules:ingestion', configuration = 'ktlintBaselineReporter'
[2026-09-27 14:14:13] [build-stdout] [2026-09-27 14:14:13] [autobuild] Detected dependency 'org.jetbrains.kotlinx:kotlinx-coroutines-core-jvm:1.8.0': project = ':modules:ingestion', configuration = 'ktlintBaselineReporter'
[2026-09-27 14:14:13] [build-stdout] [2026-09-27 14:14:13] [autobuild] Detected dependency 'io.prometheus:client_java:1.3.10': project = ':', configuration = 'detachedConfiguration124'
[2026-09-27 14:14:13] [build-stdout] [2026-09-27 14:14:13] [autobuild] Detected dependency 'com.pinterest.ktlint:ktlint-cli-reporter-baseline:1.7.1': project = ':modules:ibor-core', configuration = 'ktlintBaselineReporter'
[2026-09-27 14:14:13] [build-stdout] [2026-09-27 14:14:13] [autobuild] Detected dependency 'com.pinterest.ktlint:ktlint-logger:1.7.1': project = ':modules:ibor-core', configuration = 'ktlintBaselineReporter'
[2026-09-27 14:14:13] [build-stdout] [2026-09-27 14:14:13] [autobuild] Detected dependency 'dev.drewhamilton.poko:poko-annotations:0.19.1': project = ':modules:ibor-core', configuration = 'ktlintBaselineReporter'
[2026-09-27 14:14:13] [build-stdout] [2026-09-27 14:14:13] [autobuild] Detected dependency 'dev.drewhamilton.poko:poko-annotations-jvm:0.19.1': project = ':modules:ibor-core', configuration = 'ktlintBaselineReporter'
[2026-09-27 14:14:13] [build-stdout] [2026-09-27 14:14:13] [autobuild] Detected dependency 'org.jetbrains.kotlin:kotlin-stdlib:2.2.0': project = ':modules:ibor-core', configuration = 'ktlintBaselineReporter'
[2026-09-27 14:14:13] [build-stdout] [2026-09-27 14:14:13] [autobuild] Detected dependency 'org.jetbrains:annotations:13.0': project = ':modules:ibor-core', configuration = 'ktlintBaselineReporter'
[2026-09-27 14:14:13] [build-stdout] [2026-09-27 14:14:13] [autobuild] Detected dependency 'io.github.oshai:kotlin-logging-jvm:7.0.7': project = ':modules:ibor-core', configuration = 'ktlintBaselineReporter'
[2026-09-27 14:14:13] [build-stdout] [2026-09-27 14:14:13] [autobuild] Detected dependency 'com.pinterest.ktlint:ktlint-rule-engine-core:1.7.1': project = ':modules:ibor-core', configuration = 'ktlintBaselineReporter'
[2026-09-27 14:14:13] [build-stdout] [2026-09-27 14:14:13] [autobuild] Detected dependency 'org.jetbrains.kotlin:kotlin-compiler-embeddable:2.2.0': project = ':modules:ibor-core', configuration = 'ktlintBaselineReporter'
[2026-09-27 14:14:13] [build-stdout] [2026-09-27 14:14:13] [autobuild] Detected dependency 'org.jetbrains.kotlin:kotlin-script-runtime:2.2.0': project = ':modules:ibor-core', configuration = 'ktlintBaselineReporter'
[2026-09-27 14:14:13] [build-stdout] [2026-09-27 14:14:13] [autobuild] Detected dependency 'org.jetbrains.kotlin:kotlin-reflect:1.6.10': project = ':modules:ibor-core', configuration = 'ktlintBaselineReporter'
[2026-09-27 14:14:13] [build-stdout] [2026-09-27 14:14:13] [autobuild] Detected dependency 'org.jetbrains.kotlin:kotlin-daemon-embeddable:2.2.0': project = ':modules:ibor-core', configuration = 'ktlintBaselineReporter'
[2026-09-27 14:14:13] [build-stdout] [2026-09-27 14:14:13] [autobuild] Detected dependency 'org.jetbrains.kotlinx:kotlinx-coroutines-core-jvm:1.8.0': project = ':modules:ibor-core', configuration = 'ktlintBaselineReporter'
[2026-09-27 14:14:13] [build-stdout] [2026-09-27 14:14:13] [autobuild] Detected dependency 'org.ec4j.core:ec4j-core:1.1.1': project = ':modules:ibor-core', configuration = 'ktlintBaselineReporter'
[2026-09-27 14:14:13] [build-stdout] [2026-09-27 14:14:13] [autobuild] Detected dependency 'com.pinterest.ktlint:ktlint-cli-reporter-core:1.7.1': project = ':modules:ibor-core', configuration = 'ktlintBaselineReporter'
[2026-09-27 14:14:13] [build-stdout] [2026-09-27 14:14:13] [autobuild] Detected dependency 'io.github.oshai:kotlin-logging:5.1.0': project = ':modules:ibor-core', configuration = 'ktlintBaselineReporter'
[2026-09-27 14:14:13] [build-stdout] [2026-09-27 14:14:13] [autobuild] Detected dependency 'com.pinterest.ktlint:ktlint-cli-reporter-baseline:1.7.1': project = ':modules:ibor-core', configuration = 'ktlintBaselineReporter'
[2026-09-27 14:14:13] [build-stdout] [2026-09-27 14:14:13] [autobuild] Detected dependency 'io.github.oshai:kotlin-logging:5.1.0': project = ':modules:ibor-core', configuration = 'ktlintBaselineReporter'
[2026-09-27 14:14:13] [build-stdout] [2026-09-27 14:14:13] [autobuild] Detected dependency 'com.pinterest.ktlint:ktlint-logger:1.7.1': project = ':modules:ibor-core', configuration = 'ktlintBaselineReporter'
[2026-09-27 14:14:13] [build-stdout] [2026-09-27 14:14:13] [autobuild] Detected dependency 'com.pinterest.ktlint:ktlint-rule-engine-core:1.7.1': project = ':modules:ibor-core', configuration = 'ktlintBaselineReporter'
[2026-09-27 14:14:13] [build-stdout] [2026-09-27 14:14:13] [autobuild] Detected dependency 'com.pinterest.ktlint:ktlint-cli-reporter-core:1.7.1': project = ':modules:ibor-core', configuration = 'ktlintBaselineReporter'
[2026-09-27 14:14:13] [build-stdout] [2026-09-27 14:14:13] [autobuild] Detected dependency 'dev.drewhamilton.poko:poko-annotations:0.19.1': project = ':modules:ibor-core', configuration = 'ktlintBaselineReporter'
[2026-09-27 14:14:13] [build-stdout] [2026-09-27 14:14:13] [autobuild] Detected dependency 'org.jetbrains.kotlin:kotlin-stdlib:2.2.0': project = ':modules:ibor-core', configuration = 'ktlintBaselineReporter'
[2026-09-27 14:14:13] [build-stdout] [2026-09-27 14:14:13] [autobuild] Detected dependency 'io.github.oshai:kotlin-logging-jvm:7.0.7': project = ':modules:ibor-core', configuration = 'ktlintBaselineReporter'
[2026-09-27 14:14:13] [build-stdout] [2026-09-27 14:14:13] [autobuild] Detected dependency 'org.jetbrains.kotlin:kotlin-compiler-embeddable:2.2.0': project = ':modules:ibor-core', configuration = 'ktlintBaselineReporter'
[2026-09-27 14:14:13] [build-stdout] [2026-09-27 14:14:13] [autobuild] Detected dependency 'org.ec4j.core:ec4j-core:1.1.1': project = ':modules:ibor-core', configuration = 'ktlintBaselineReporter'
[2026-09-27 14:14:13] [build-stdout] [2026-09-27 14:14:13] [autobuild] Detected dependency 'dev.drewhamilton.poko:poko-annotations-jvm:0.19.1': project = ':modules:ibor-core', configuration = 'ktlintBaselineReporter'
[2026-09-27 14:14:13] [build-stdout] [2026-09-27 14:14:13] [autobuild] Detected dependency 'org.jetbrains:annotations:13.0': project = ':modules:ibor-core', configuration = 'ktlintBaselineReporter'
[2026-09-27 14:14:13] [build-stdout] [2026-09-27 14:14:13] [autobuild] Detected dependency 'org.jetbrains.kotlin:kotlin-script-runtime:2.2.0': project = ':modules:ibor-core', configuration = 'ktlintBaselineReporter'
[2026-09-27 14:14:13] [build-stdout] [2026-09-27 14:14:13] [autobuild] Detected dependency 'org.jetbrains.kotlin:kotlin-reflect:1.6.10': project = ':modules:ibor-core', configuration = 'ktlintBaselineReporter'
[2026-09-27 14:14:13] [build-stdout] [2026-09-27 14:14:13] [autobuild] Detected dependency 'org.jetbrains.kotlin:kotlin-daemon-embeddable:2.2.0': project = ':modules:ibor-core', configuration = 'ktlintBaselineReporter'
[2026-09-27 14:14:13] [build-stdout] [2026-09-27 14:14:13] [autobuild] Detected dependency 'org.jetbrains.kotlinx:kotlinx-coroutines-core-jvm:1.8.0': project = ':modules:ibor-core', configuration = 'ktlintBaselineReporter'
[2026-09-27 14:14:13] [build-stdout] [2026-09-27 14:14:13] [autobuild] Detected dependency 'com.pinterest.ktlint:ktlint-cli-reporter-baseline:1.7.1': project = ':modules:lookthrough', configuration = 'ktlintBaselineReporter'
[2026-09-27 14:14:13] [build-stdout] [2026-09-27 14:14:13] [autobuild] Detected dependency 'com.pinterest.ktlint:ktlint-logger:1.7.1': project = ':modules:lookthrough', configuration = 'ktlintBaselineReporter'
[2026-09-27 14:14:13] [build-stdout] [2026-09-27 14:14:13] [autobuild] Detected dependency 'dev.drewhamilton.poko:poko-annotations:0.19.1': project = ':modules:lookthrough', configuration = 'ktlintBaselineReporter'
[2026-09-27 14:14:13] [build-stdout] [2026-09-27 14:14:13] [autobuild] Detected dependency 'dev.drewhamilton.poko:poko-annotations-jvm:0.19.1': project = ':modules:lookthrough', configuration = 'ktlintBaselineReporter'
[2026-09-27 14:14:13] [build-stdout] [2026-09-27 14:14:13] [autobuild] Detected dependency 'org.jetbrains.kotlin:kotlin-stdlib:2.2.0': project = ':modules:lookthrough', configuration = 'ktlintBaselineReporter'
[2026-09-27 14:14:13] [build-stdout] [2026-09-27 14:14:13] [autobuild] Detected dependency 'org.jetbrains:annotations:13.0': project = ':modules:lookthrough', configuration = 'ktlintBaselineReporter'
[2026-09-27 14:14:13] [build-stdout] [2026-09-27 14:14:13] [autobuild] Detected dependency 'io.github.oshai:kotlin-logging-jvm:7.0.7': project = ':modules:lookthrough', configuration = 'ktlintBaselineReporter'
[2026-09-27 14:14:13] [build-stdout] [2026-09-27 14:14:13] [autobuild] Detected dependency 'com.pinterest.ktlint:ktlint-rule-engine-core:1.7.1': project = ':modules:lookthrough', configuration = 'ktlintBaselineReporter'
[2026-09-27 14:14:13] [build-stdout] [2026-09-27 14:14:13] [autobuild] Detected dependency 'org.jetbrains.kotlin:kotlin-compiler-embeddable:2.2.0': project = ':modules:lookthrough', configuration = 'ktlintBaselineReporter'
[2026-09-27 14:14:13] [build-stdout] [2026-09-27 14:14:13] [autobuild] Detected dependency 'org.jetbrains.kotlin:kotlin-script-runtime:2.2.0': project = ':modules:lookthrough', configuration = 'ktlintBaselineReporter'
[2026-09-27 14:14:13] [build-stdout] [2026-09-27 14:14:13] [autobuild] Detected dependency 'org.jetbrains.kotlin:kotlin-reflect:1.6.10': project = ':modules:lookthrough', configuration = 'ktlintBaselineReporter'
[2026-09-27 14:14:13] [build-stdout] [2026-09-27 14:14:13] [autobuild] Detected dependency 'org.jetbrains.kotlin:kotlin-daemon-embeddable:2.2.0': project = ':modules:lookthrough', configuration = 'ktlintBaselineReporter'
[2026-09-27 14:14:13] [build-stdout] [2026-09-27 14:14:13] [autobuild] Detected dependency 'org.jetbrains.kotlinx:kotlinx-coroutines-core-jvm:1.8.0': project = ':modules:lookthrough', configuration = 'ktlintBaselineReporter'
[2026-09-27 14:14:13] [build-stdout] [2026-09-27 14:14:13] [autobuild] Detected dependency 'org.ec4j.core:ec4j-core:1.1.1': project = ':modules:lookthrough', configuration = 'ktlintBaselineReporter'
[2026-09-27 14:14:13] [build-stdout] [2026-09-27 14:14:13] [autobuild] Detected dependency 'com.pinterest.ktlint:ktlint-cli-reporter-core:1.7.1': project = ':modules:lookthrough', configuration = 'ktlintBaselineReporter'
[2026-09-27 14:14:13] [build-stdout] [2026-09-27 14:14:13] [autobuild] Detected dependency 'io.github.oshai:kotlin-logging:5.1.0': project = ':modules:lookthrough', configuration = 'ktlintBaselineReporter'
[2026-09-27 14:14:13] [build-stdout] [2026-09-27 14:14:13] [autobuild] Detected dependency 'com.pinterest.ktlint:ktlint-cli-reporter-baseline:1.7.1': project = ':modules:lookthrough', configuration = 'ktlintBaselineReporter'
[2026-09-27 14:14:13] [build-stdout] [2026-09-27 14:14:13] [autobuild] Detected dependency 'io.github.oshai:kotlin-logging:5.1.0': project = ':modules:lookthrough', configuration = 'ktlintBaselineReporter'
[2026-09-27 14:14:13] [build-stdout] [2026-09-27 14:14:13] [autobuild] Detected dependency 'com.pinterest.ktlint:ktlint-logger:1.7.1': project = ':modules:lookthrough', configuration = 'ktlintBaselineReporter'
[2026-09-27 14:14:13] [build-stdout] [2026-09-27 14:14:13] [autobuild] Detected dependency 'com.pinterest.ktlint:ktlint-rule-engine-core:1.7.1': project = ':modules:lookthrough', configuration = 'ktlintBaselineReporter'
[2026-09-27 14:14:13] [build-stdout] [2026-09-27 14:14:13] [autobuild] Detected dependency 'com.pinterest.ktlint:ktlint-cli-reporter-core:1.7.1': project = ':modules:lookthrough', configuration = 'ktlintBaselineReporter'
[2026-09-27 14:14:13] [build-stdout] [2026-09-27 14:14:13] [autobuild] Detected dependency 'dev.drewhamilton.poko:poko-annotations:0.19.1': project = ':modules:lookthrough', configuration = 'ktlintBaselineReporter'
[2026-09-27 14:14:13] [build-stdout] [2026-09-27 14:14:13] [autobuild] Detected dependency 'org.jetbrains.kotlin:kotlin-stdlib:2.2.0': project = ':modules:lookthrough', configuration = 'ktlintBaselineReporter'
[2026-09-27 14:14:13] [build-stdout] [2026-09-27 14:14:13] [autobuild] Detected dependency 'io.github.oshai:kotlin-logging-jvm:7.0.7': project = ':modules:lookthrough', configuration = 'ktlintBaselineReporter'
[2026-09-27 14:14:13] [build-stdout] [2026-09-27 14:14:13] [autobuild] Detected dependency 'org.jetbrains.kotlin:kotlin-compiler-embeddable:2.2.0': project = ':modules:lookthrough', configuration = 'ktlintBaselineReporter'
[2026-09-27 14:14:13] [build-stdout] [2026-09-27 14:14:13] [autobuild] Detected dependency 'org.ec4j.core:ec4j-core:1.1.1': project = ':modules:lookthrough', configuration = 'ktlintBaselineReporter'
[2026-09-27 14:14:13] [build-stdout] [2026-09-27 14:14:13] [autobuild] Detected dependency 'dev.drewhamilton.poko:poko-annotations-jvm:0.19.1': project = ':modules:lookthrough', configuration = 'ktlintBaselineReporter'
[2026-09-27 14:14:13] [build-stdout] [2026-09-27 14:14:13] [autobuild] Detected dependency 'org.jetbrains:annotations:13.0': project = ':modules:lookthrough', configuration = 'ktlintBaselineReporter'
[2026-09-27 14:14:13] [build-stdout] [2026-09-27 14:14:13] [autobuild] Detected dependency 'org.jetbrains.kotlin:kotlin-script-runtime:2.2.0': project = ':modules:lookthrough', configuration = 'ktlintBaselineReporter'
[2026-09-27 14:14:13] [build-stdout] [2026-09-27 14:14:13] [autobuild] Detected dependency 'org.jetbrains.kotlin:kotlin-reflect:1.6.10': project = ':modules:lookthrough', configuration = 'ktlintBaselineReporter'
[2026-09-27 14:14:13] [build-stdout] [2026-09-27 14:14:13] [autobuild] Detected dependency 'org.jetbrains.kotlin:kotlin-daemon-embeddable:2.2.0': project = ':modules:lookthrough', configuration = 'ktlintBaselineReporter'
[2026-09-27 14:14:13] [build-stdout] [2026-09-27 14:14:13] [autobuild] Detected dependency 'org.jetbrains.kotlinx:kotlinx-coroutines-core-jvm:1.8.0': project = ':modules:lookthrough', configuration = 'ktlintBaselineReporter'
[2026-09-27 14:14:13] [build-stdout] [2026-09-27 14:14:13] [autobuild] Detected dependency 'org.junit:junit-bom:5.13.3': project = ':', configuration = 'detachedConfiguration125'
[2026-09-27 14:14:13] [build-stdout] [2026-09-27 14:14:13] [autobuild] Detected dependency 'io.github.oshai:kotlin-logging:5.1.0': project = ':modules:recon', configuration = 'ktlintReporter'
[2026-09-27 14:14:13] [build-stdout] [2026-09-27 14:14:13] [autobuild] Detected dependency 'io.github.oshai:kotlin-logging-jvm:7.0.7': project = ':modules:recon', configuration = 'ktlintReporter'
[2026-09-27 14:14:13] [build-stdout] [2026-09-27 14:14:13] [autobuild] Detected dependency 'org.jetbrains.kotlin:kotlin-stdlib:2.2.0': project = ':modules:recon', configuration = 'ktlintReporter'
[2026-09-27 14:14:13] [build-stdout] [2026-09-27 14:14:13] [autobuild] Detected dependency 'org.jetbrains:annotations:13.0': project = ':modules:recon', configuration = 'ktlintReporter'
[2026-09-27 14:14:13] [build-stdout] [2026-09-27 14:14:13] [autobuild] Detected dependency 'org.jetbrains.kotlin:kotlin-stdlib-common:2.2.0': project = ':modules:recon', configuration = 'ktlintReporter'
[2026-09-27 14:14:13] [build-stdout] [2026-09-27 14:14:13] [autobuild] Detected dependency 'org.jetbrains.kotlin:kotlin-stdlib-jdk8:1.8.0': project = ':modules:recon', configuration = 'ktlintReporter'
[2026-09-27 14:14:13] [build-stdout] [2026-09-27 14:14:13] [autobuild] Detected dependency 'org.jetbrains.kotlin:kotlin-stdlib-jdk7:1.8.0': project = ':modules:recon', configuration = 'ktlintReporter'
[2026-09-27 14:14:13] [build-stdout] [2026-09-27 14:14:13] [autobuild] Detected dependency 'io.github.detekt.sarif4k:sarif4k:0.6.0': project = ':modules:recon', configuration = 'ktlintReporter'
[2026-09-27 14:14:13] [build-stdout] [2026-09-27 14:14:13] [autobuild] Detected dependency 'io.github.detekt.sarif4k:sarif4k-jvm:0.6.0': project = ':modules:recon', configuration = 'ktlintReporter'
[2026-09-27 14:14:13] [build-stdout] [2026-09-27 14:14:13] [autobuild] Detected dependency 'org.jetbrains.kotlinx:kotlinx-serialization-json:1.4.1': project = ':modules:recon', configuration = 'ktlintReporter'
[2026-09-27 14:14:13] [build-stdout] [2026-09-27 14:14:13] [autobuild] Detected dependency 'org.jetbrains.kotlinx:kotlinx-serialization-json-jvm:1.4.1': project = ':modules:recon', configuration = 'ktlintReporter'
[2026-09-27 14:14:13] [build-stdout] [2026-09-27 14:14:13] [autobuild] Detected dependency 'org.jetbrains.kotlinx:kotlinx-serialization-core:1.4.1': project = ':modules:recon', configuration = 'ktlintReporter'
[2026-09-27 14:14:13] [build-stdout] [2026-09-27 14:14:13] [autobuild] Detected dependency 'org.jetbrains.kotlinx:kotlinx-serialization-core-jvm:1.4.1': project = ':modules:recon', configuration = 'ktlintReporter'
[2026-09-27 14:14:13] [build-stdout] [2026-09-27 14:14:13] [autobuild] Detected dependency 'io.github.detekt.sarif4k:sarif4k:0.6.0': project = ':modules:recon', configuration = 'ktlintReporter'
[2026-09-27 14:14:13] [build-stdout] [2026-09-27 14:14:13] [autobuild] Detected dependency 'io.github.oshai:kotlin-logging:5.1.0': project = ':modules:recon', configuration = 'ktlintReporter'
[2026-09-27 14:14:13] [build-stdout] [2026-09-27 14:14:13] [autobuild] Detected dependency 'io.github.oshai:kotlin-logging-jvm:7.0.7': project = ':modules:recon', configuration = 'ktlintReporter'
[2026-09-27 14:14:13] [build-stdout] [2026-09-27 14:14:13] [autobuild] Detected dependency 'io.github.detekt.sarif4k:sarif4k-jvm:0.6.0': project = ':modules:recon', configuration = 'ktlintReporter'
[2026-09-27 14:14:13] [build-stdout] [2026-09-27 14:14:13] [autobuild] Detected dependency 'org.jetbrains.kotlin:kotlin-stdlib:2.2.0': project = ':modules:recon', configuration = 'ktlintReporter'
[2026-09-27 14:14:13] [build-stdout] [2026-09-27 14:14:13] [autobuild] Detected dependency 'org.jetbrains:annotations:13.0': project = ':modules:recon', configuration = 'ktlintReporter'
[2026-09-27 14:14:13] [build-stdout] [2026-09-27 14:14:13] [autobuild] Detected dependency 'io.github.oshai:kotlin-logging:5.1.0': project = ':modules:lookthrough', configuration = 'ktlintReporter'
[2026-09-27 14:14:13] [build-stdout] [2026-09-27 14:14:13] [autobuild] Detected dependency 'io.github.oshai:kotlin-logging-jvm:7.0.7': project = ':modules:lookthrough', configuration = 'ktlintReporter'
[2026-09-27 14:14:13] [build-stdout] [2026-09-27 14:14:13] [autobuild] Detected dependency 'org.jetbrains.kotlin:kotlin-stdlib:2.2.0': project = ':modules:lookthrough', configuration = 'ktlintReporter'
[2026-09-27 14:14:13] [build-stdout] [2026-09-27 14:14:13] [autobuild] Detected dependency 'org.jetbrains:annotations:13.0': project = ':modules:lookthrough', configuration = 'ktlintReporter'
[2026-09-27 14:14:13] [build-stdout] [2026-09-27 14:14:13] [autobuild] Detected dependency 'org.jetbrains.kotlin:kotlin-stdlib-common:2.2.0': project = ':modules:lookthrough', configuration = 'ktlintReporter'
[2026-09-27 14:14:13] [build-stdout] [2026-09-27 14:14:13] [autobuild] Detected dependency 'org.jetbrains.kotlin:kotlin-stdlib-jdk8:1.8.0': project = ':modules:lookthrough', configuration = 'ktlintReporter'
[2026-09-27 14:14:13] [build-stdout] [2026-09-27 14:14:13] [autobuild] Detected dependency 'org.jetbrains.kotlin:kotlin-stdlib-jdk7:1.8.0': project = ':modules:lookthrough', configuration = 'ktlintReporter'
[2026-09-27 14:14:13] [build-stdout] [2026-09-27 14:14:13] [autobuild] Detected dependency 'io.github.detekt.sarif4k:sarif4k:0.6.0': project = ':modules:lookthrough', configuration = 'ktlintReporter'
[2026-09-27 14:14:13] [build-stdout] [2026-09-27 14:14:13] [autobuild] Detected dependency 'io.github.detekt.sarif4k:sarif4k-jvm:0.6.0': project = ':modules:lookthrough', configuration = 'ktlintReporter'
[2026-09-27 14:14:13] [build-stdout] [2026-09-27 14:14:13] [autobuild] Detected dependency 'org.jetbrains.kotlinx:kotlinx-serialization-json:1.4.1': project = ':modules:lookthrough', configuration = 'ktlintReporter'
[2026-09-27 14:14:13] [build-stdout] [2026-09-27 14:14:13] [autobuild] Detected dependency 'org.jetbrains.kotlinx:kotlinx-serialization-json-jvm:1.4.1': project = ':modules:lookthrough', configuration = 'ktlintReporter'
[2026-09-27 14:14:13] [build-stdout] [2026-09-27 14:14:13] [autobuild] Detected dependency 'org.jetbrains.kotlinx:kotlinx-serialization-core:1.4.1': project = ':modules:lookthrough', configuration = 'ktlintReporter'
[2026-09-27 14:14:13] [build-stdout] [2026-09-27 14:14:13] [autobuild] Detected dependency 'org.jetbrains.kotlinx:kotlinx-serialization-core-jvm:1.4.1': project = ':modules:lookthrough', configuration = 'ktlintReporter'
[2026-09-27 14:14:13] [build-stdout] [2026-09-27 14:14:13] [autobuild] Detected dependency 'io.github.detekt.sarif4k:sarif4k:0.6.0': project = ':modules:lookthrough', configuration = 'ktlintReporter'
[2026-09-27 14:14:13] [build-stdout] [2026-09-27 14:14:13] [autobuild] Detected dependency 'io.github.oshai:kotlin-logging:5.1.0': project = ':modules:lookthrough', configuration = 'ktlintReporter'
[2026-09-27 14:14:13] [build-stdout] [2026-09-27 14:14:13] [autobuild] Detected dependency 'io.github.oshai:kotlin-logging-jvm:7.0.7': project = ':modules:lookthrough', configuration = 'ktlintReporter'
[2026-09-27 14:14:13] [build-stdout] [2026-09-27 14:14:13] [autobuild] Detected dependency 'io.github.detekt.sarif4k:sarif4k-jvm:0.6.0': project = ':modules:lookthrough', configuration = 'ktlintReporter'
[2026-09-27 14:14:13] [build-stdout] [2026-09-27 14:14:13] [autobuild] Detected dependency 'org.jetbrains.kotlin:kotlin-stdlib:2.2.0': project = ':modules:lookthrough', configuration = 'ktlintReporter'
[2026-09-27 14:14:13] [build-stdout] [2026-09-27 14:14:13] [autobuild] Detected dependency 'org.jetbrains:annotations:13.0': project = ':modules:lookthrough', configuration = 'ktlintReporter'
[2026-09-27 14:14:13] [build-stdout] [2026-09-27 14:14:13] [autobuild] Detected dependency 'io.github.oshai:kotlin-logging:5.1.0': project = ':modules:ingestion', configuration = 'ktlintReporter'
[2026-09-27 14:14:13] [build-stdout] [2026-09-27 14:14:13] [autobuild] Detected dependency 'io.github.oshai:kotlin-logging-jvm:7.0.7': project = ':modules:ingestion', configuration = 'ktlintReporter'
[2026-09-27 14:14:13] [build-stdout] [2026-09-27 14:14:13] [autobuild] Detected dependency 'org.jetbrains.kotlin:kotlin-stdlib:2.2.0': project = ':modules:ingestion', configuration = 'ktlintReporter'
[2026-09-27 14:14:13] [build-stdout] [2026-09-27 14:14:13] [autobuild] Detected dependency 'org.jetbrains:annotations:13.0': project = ':modules:ingestion', configuration = 'ktlintReporter'
[2026-09-27 14:14:13] [build-stdout] [2026-09-27 14:14:13] [autobuild] Detected dependency 'org.jetbrains.kotlin:kotlin-stdlib-common:2.2.0': project = ':modules:ingestion', configuration = 'ktlintReporter'
[2026-09-27 14:14:13] [build-stdout] [2026-09-27 14:14:13] [autobuild] Detected dependency 'org.jetbrains.kotlin:kotlin-stdlib-jdk8:1.8.0': project = ':modules:ingestion', configuration = 'ktlintReporter'
[2026-09-27 14:14:13] [build-stdout] [2026-09-27 14:14:13] [autobuild] Detected dependency 'org.jetbrains.kotlin:kotlin-stdlib-jdk7:1.8.0': project = ':modules:ingestion', configuration = 'ktlintReporter'
[2026-09-27 14:14:13] [build-stdout] [2026-09-27 14:14:13] [autobuild] Detected dependency 'io.github.detekt.sarif4k:sarif4k:0.6.0': project = ':modules:ingestion', configuration = 'ktlintReporter'
[2026-09-27 14:14:13] [build-stdout] [2026-09-27 14:14:13] [autobuild] Detected dependency 'io.github.detekt.sarif4k:sarif4k-jvm:0.6.0': project = ':modules:ingestion', configuration = 'ktlintReporter'
[2026-09-27 14:14:13] [build-stdout] [2026-09-27 14:14:13] [autobuild] Detected dependency 'org.jetbrains.kotlinx:kotlinx-serialization-json:1.4.1': project = ':modules:ingestion', configuration = 'ktlintReporter'
[2026-09-27 14:14:13] [build-stdout] [2026-09-27 14:14:13] [autobuild] Detected dependency 'org.jetbrains.kotlinx:kotlinx-serialization-json-jvm:1.4.1': project = ':modules:ingestion', configuration = 'ktlintReporter'
[2026-09-27 14:14:13] [build-stdout] [2026-09-27 14:14:13] [autobuild] Detected dependency 'org.jetbrains.kotlinx:kotlinx-serialization-core:1.4.1': project = ':modules:ingestion', configuration = 'ktlintReporter'
[2026-09-27 14:14:13] [build-stdout] [2026-09-27 14:14:13] [autobuild] Detected dependency 'org.jetbrains.kotlinx:kotlinx-serialization-core-jvm:1.4.1': project = ':modules:ingestion', configuration = 'ktlintReporter'
[2026-09-27 14:14:13] [build-stdout] [2026-09-27 14:14:13] [autobuild] Detected dependency 'io.github.detekt.sarif4k:sarif4k:0.6.0': project = ':modules:ingestion', configuration = 'ktlintReporter'
[2026-09-27 14:14:13] [build-stdout] [2026-09-27 14:14:13] [autobuild] Detected dependency 'io.github.oshai:kotlin-logging:5.1.0': project = ':modules:ingestion', configuration = 'ktlintReporter'
[2026-09-27 14:14:13] [build-stdout] [2026-09-27 14:14:13] [autobuild] Detected dependency 'io.github.oshai:kotlin-logging-jvm:7.0.7': project = ':modules:ingestion', configuration = 'ktlintReporter'
[2026-09-27 14:14:13] [build-stdout] [2026-09-27 14:14:13] [autobuild] Detected dependency 'io.github.detekt.sarif4k:sarif4k-jvm:0.6.0': project = ':modules:ingestion', configuration = 'ktlintReporter'
[2026-09-27 14:14:13] [build-stdout] [2026-09-27 14:14:13] [autobuild] Detected dependency 'org.jetbrains.kotlin:kotlin-stdlib:2.2.0': project = ':modules:ingestion', configuration = 'ktlintReporter'
[2026-09-27 14:14:13] [build-stdout] [2026-09-27 14:14:13] [autobuild] Detected dependency 'org.jetbrains:annotations:13.0': project = ':modules:ingestion', configuration = 'ktlintReporter'
[2026-09-27 14:14:13] [build-stdout] [2026-09-27 14:14:13] [autobuild] Detected dependency 'io.github.oshai:kotlin-logging:5.1.0': project = ':modules:analytics', configuration = 'ktlintReporter'
[2026-09-27 14:14:13] [build-stdout] [2026-09-27 14:14:13] [autobuild] Detected dependency 'io.github.oshai:kotlin-logging-jvm:7.0.7': project = ':modules:analytics', configuration = 'ktlintReporter'
[2026-09-27 14:14:13] [build-stdout] [2026-09-27 14:14:13] [autobuild] Detected dependency 'org.jetbrains.kotlin:kotlin-stdlib:2.2.0': project = ':modules:analytics', configuration = 'ktlintReporter'
[2026-09-27 14:14:13] [build-stdout] [2026-09-27 14:14:13] [autobuild] Detected dependency 'org.jetbrains:annotations:13.0': project = ':modules:analytics', configuration = 'ktlintReporter'
[2026-09-27 14:14:13] [build-stdout] [2026-09-27 14:14:13] [autobuild] Detected dependency 'org.jetbrains.kotlin:kotlin-stdlib-common:2.2.0': project = ':modules:analytics', configuration = 'ktlintReporter'
[2026-09-27 14:14:13] [build-stdout] [2026-09-27 14:14:13] [autobuild] Detected dependency 'org.jetbrains.kotlin:kotlin-stdlib-jdk8:1.8.0': project = ':modules:analytics', configuration = 'ktlintReporter'
[2026-09-27 14:14:13] [build-stdout] [2026-09-27 14:14:13] [autobuild] Detected dependency 'org.jetbrains.kotlin:kotlin-stdlib-jdk7:1.8.0': project = ':modules:analytics', configuration = 'ktlintReporter'
[2026-09-27 14:14:13] [build-stdout] [2026-09-27 14:14:13] [autobuild] Detected dependency 'io.github.detekt.sarif4k:sarif4k:0.6.0': project = ':modules:analytics', configuration = 'ktlintReporter'
[2026-09-27 14:14:13] [build-stdout] [2026-09-27 14:14:13] [autobuild] Detected dependency 'io.github.detekt.sarif4k:sarif4k-jvm:0.6.0': project = ':modules:analytics', configuration = 'ktlintReporter'
[2026-09-27 14:14:13] [build-stdout] [2026-09-27 14:14:13] [autobuild] Detected dependency 'org.jetbrains.kotlinx:kotlinx-serialization-json:1.4.1': project = ':modules:analytics', configuration = 'ktlintReporter'
[2026-09-27 14:14:13] [build-stdout] [2026-09-27 14:14:13] [autobuild] Detected dependency 'org.jetbrains.kotlinx:kotlinx-serialization-json-jvm:1.4.1': project = ':modules:analytics', configuration = 'ktlintReporter'
[2026-09-27 14:14:13] [build-stdout] [2026-09-27 14:14:13] [autobuild] Detected dependency 'org.jetbrains.kotlinx:kotlinx-serialization-core:1.4.1': project = ':modules:analytics', configuration = 'ktlintReporter'
[2026-09-27 14:14:13] [build-stdout] [2026-09-27 14:14:13] [autobuild] Detected dependency 'org.jetbrains.kotlinx:kotlinx-serialization-core-jvm:1.4.1': project = ':modules:analytics', configuration = 'ktlintReporter'
[2026-09-27 14:14:13] [build-stdout] [2026-09-27 14:14:13] [autobuild] Detected dependency 'io.github.detekt.sarif4k:sarif4k:0.6.0': project = ':modules:analytics', configuration = 'ktlintReporter'
[2026-09-27 14:14:13] [build-stdout] [2026-09-27 14:14:13] [autobuild] Detected dependency 'io.github.oshai:kotlin-logging:5.1.0': project = ':modules:analytics', configuration = 'ktlintReporter'
[2026-09-27 14:14:13] [build-stdout] [2026-09-27 14:14:13] [autobuild] Detected dependency 'io.github.oshai:kotlin-logging-jvm:7.0.7': project = ':modules:analytics', configuration = 'ktlintReporter'
[2026-09-27 14:14:13] [build-stdout] [2026-09-27 14:14:13] [autobuild] Detected dependency 'io.github.detekt.sarif4k:sarif4k-jvm:0.6.0': project = ':modules:analytics', configuration = 'ktlintReporter'
[2026-09-27 14:14:13] [build-stdout] [2026-09-27 14:14:13] [autobuild] Detected dependency 'org.jetbrains.kotlin:kotlin-stdlib:2.2.0': project = ':modules:analytics', configuration = 'ktlintReporter'
[2026-09-27 14:14:13] [build-stdout] [2026-09-27 14:14:13] [autobuild] Detected dependency 'org.jetbrains:annotations:13.0': project = ':modules:analytics', configuration = 'ktlintReporter'
[2026-09-27 14:14:13] [build-stdout] [2026-09-27 14:14:13] [autobuild] Detected dependency 'io.github.oshai:kotlin-logging:5.1.0': project = ':modules:ibor-core', configuration = 'ktlintReporter'
[2026-09-27 14:14:13] [build-stdout] [2026-09-27 14:14:13] [autobuild] Detected dependency 'io.github.oshai:kotlin-logging-jvm:7.0.7': project = ':modules:ibor-core', configuration = 'ktlintReporter'
[2026-09-27 14:14:13] [build-stdout] [2026-09-27 14:14:13] [autobuild] Detected dependency 'org.jetbrains.kotlin:kotlin-stdlib:2.2.0': project = ':modules:ibor-core', configuration = 'ktlintReporter'
[2026-09-27 14:14:13] [build-stdout] [2026-09-27 14:14:13] [autobuild] Detected dependency 'org.jetbrains:annotations:13.0': project = ':modules:ibor-core', configuration = 'ktlintReporter'
[2026-09-27 14:14:13] [build-stdout] [2026-09-27 14:14:13] [autobuild] Detected dependency 'org.jetbrains.kotlin:kotlin-stdlib-common:2.2.0': project = ':modules:ibor-core', configuration = 'ktlintReporter'
[2026-09-27 14:14:13] [build-stdout] [2026-09-27 14:14:13] [autobuild] Detected dependency 'org.jetbrains.kotlin:kotlin-stdlib-jdk8:1.8.0': project = ':modules:ibor-core', configuration = 'ktlintReporter'
[2026-09-27 14:14:13] [build-stdout] [2026-09-27 14:14:13] [autobuild] Detected dependency 'org.jetbrains.kotlin:kotlin-stdlib-jdk7:1.8.0': project = ':modules:ibor-core', configuration = 'ktlintReporter'
[2026-09-27 14:14:13] [build-stdout] [2026-09-27 14:14:13] [autobuild] Detected dependency 'io.github.detekt.sarif4k:sarif4k:0.6.0': project = ':modules:ibor-core', configuration = 'ktlintReporter'
[2026-09-27 14:14:13] [build-stdout] [2026-09-27 14:14:13] [autobuild] Detected dependency 'io.github.detekt.sarif4k:sarif4k-jvm:0.6.0': project = ':modules:ibor-core', configuration = 'ktlintReporter'
[2026-09-27 14:14:13] [build-stdout] [2026-09-27 14:14:13] [autobuild] Detected dependency 'org.jetbrains.kotlinx:kotlinx-serialization-json:1.4.1': project = ':modules:ibor-core', configuration = 'ktlintReporter'
[2026-09-27 14:14:13] [build-stdout] [2026-09-27 14:14:13] [autobuild] Detected dependency 'org.jetbrains.kotlinx:kotlinx-serialization-json-jvm:1.4.1': project = ':modules:ibor-core', configuration = 'ktlintReporter'
[2026-09-27 14:14:13] [build-stdout] [2026-09-27 14:14:13] [autobuild] Detected dependency 'org.jetbrains.kotlinx:kotlinx-serialization-core:1.4.1': project = ':modules:ibor-core', configuration = 'ktlintReporter'
[2026-09-27 14:14:13] [build-stdout] [2026-09-27 14:14:13] [autobuild] Detected dependency 'org.jetbrains.kotlinx:kotlinx-serialization-core-jvm:1.4.1': project = ':modules:ibor-core', configuration = 'ktlintReporter'
[2026-09-27 14:14:13] [build-stdout] [2026-09-27 14:14:13] [autobuild] Detected dependency 'io.github.detekt.sarif4k:sarif4k:0.6.0': project = ':modules:ibor-core', configuration = 'ktlintReporter'
[2026-09-27 14:14:13] [build-stdout] [2026-09-27 14:14:13] [autobuild] Detected dependency 'io.github.oshai:kotlin-logging:5.1.0': project = ':modules:ibor-core', configuration = 'ktlintReporter'
[2026-09-27 14:14:13] [build-stdout] [2026-09-27 14:14:13] [autobuild] Detected dependency 'io.github.oshai:kotlin-logging-jvm:7.0.7': project = ':modules:ibor-core', configuration = 'ktlintReporter'
[2026-09-27 14:14:13] [build-stdout] [2026-09-27 14:14:13] [autobuild] Detected dependency 'io.github.detekt.sarif4k:sarif4k-jvm:0.6.0': project = ':modules:ibor-core', configuration = 'ktlintReporter'
[2026-09-27 14:14:13] [build-stdout] [2026-09-27 14:14:13] [autobuild] Detected dependency 'org.jetbrains.kotlin:kotlin-stdlib:2.2.0': project = ':modules:ibor-core', configuration = 'ktlintReporter'
[2026-09-27 14:14:13] [build-stdout] [2026-09-27 14:14:13] [autobuild] Detected dependency 'org.jetbrains:annotations:13.0': project = ':modules:ibor-core', configuration = 'ktlintReporter'
[2026-09-27 14:14:13] [build-stdout] [2026-09-27 14:14:13] [autobuild] Detected dependency 'io.github.oshai:kotlin-logging:5.1.0': project = ':modules:deal-sourcing', configuration = 'ktlintReporter'
[2026-09-27 14:14:13] [build-stdout] [2026-09-27 14:14:13] [autobuild] Detected dependency 'io.github.oshai:kotlin-logging-jvm:7.0.7': project = ':modules:deal-sourcing', configuration = 'ktlintReporter'
[2026-09-27 14:14:13] [build-stdout] [2026-09-27 14:14:13] [autobuild] Detected dependency 'org.jetbrains.kotlin:kotlin-stdlib:2.2.0': project = ':modules:deal-sourcing', configuration = 'ktlintReporter'
[2026-09-27 14:14:13] [build-stdout] [2026-09-27 14:14:13] [autobuild] Detected dependency 'org.jetbrains:annotations:13.0': project = ':modules:deal-sourcing', configuration = 'ktlintReporter'
[2026-09-27 14:14:13] [build-stdout] [2026-09-27 14:14:13] [autobuild] Detected dependency 'org.jetbrains.kotlin:kotlin-stdlib-common:2.2.0': project = ':modules:deal-sourcing', configuration = 'ktlintReporter'
[2026-09-27 14:14:13] [build-stdout] [2026-09-27 14:14:13] [autobuild] Detected dependency 'org.jetbrains.kotlin:kotlin-stdlib-jdk8:1.8.0': project = ':modules:deal-sourcing', configuration = 'ktlintReporter'
[2026-09-27 14:14:13] [build-stdout] [2026-09-27 14:14:13] [autobuild] Detected dependency 'org.jetbrains.kotlin:kotlin-stdlib-jdk7:1.8.0': project = ':modules:deal-sourcing', configuration = 'ktlintReporter'
[2026-09-27 14:14:13] [build-stdout] [2026-09-27 14:14:13] [autobuild] Detected dependency 'io.github.detekt.sarif4k:sarif4k:0.6.0': project = ':modules:deal-sourcing', configuration = 'ktlintReporter'
[2026-09-27 14:14:13] [build-stdout] [2026-09-27 14:14:13] [autobuild] Detected dependency 'io.github.detekt.sarif4k:sarif4k-jvm:0.6.0': project = ':modules:deal-sourcing', configuration = 'ktlintReporter'
[2026-09-27 14:14:13] [build-stdout] [2026-09-27 14:14:13] [autobuild] Detected dependency 'org.jetbrains.kotlinx:kotlinx-serialization-json:1.4.1': project = ':modules:deal-sourcing', configuration = 'ktlintReporter'
[2026-09-27 14:14:13] [build-stdout] [2026-09-27 14:14:13] [autobuild] Detected dependency 'org.jetbrains.kotlinx:kotlinx-serialization-json-jvm:1.4.1': project = ':modules:deal-sourcing', configuration = 'ktlintReporter'
[2026-09-27 14:14:13] [build-stdout] [2026-09-27 14:14:13] [autobuild] Detected dependency 'org.jetbrains.kotlinx:kotlinx-serialization-core:1.4.1': project = ':modules:deal-sourcing', configuration = 'ktlintReporter'
[2026-09-27 14:14:13] [build-stdout] [2026-09-27 14:14:13] [autobuild] Detected dependency 'org.jetbrains.kotlinx:kotlinx-serialization-core-jvm:1.4.1': project = ':modules:deal-sourcing', configuration = 'ktlintReporter'
[2026-09-27 14:14:13] [build-stdout] [2026-09-27 14:14:13] [autobuild] Detected dependency 'io.github.detekt.sarif4k:sarif4k:0.6.0': project = ':modules:deal-sourcing', configuration = 'ktlintReporter'
[2026-09-27 14:14:13] [build-stdout] [2026-09-27 14:14:13] [autobuild] Detected dependency 'io.github.oshai:kotlin-logging:5.1.0': project = ':modules:deal-sourcing', configuration = 'ktlintReporter'
[2026-09-27 14:14:13] [build-stdout] [2026-09-27 14:14:13] [autobuild] Detected dependency 'io.github.oshai:kotlin-logging-jvm:7.0.7': project = ':modules:deal-sourcing', configuration = 'ktlintReporter'
[2026-09-27 14:14:13] [build-stdout] [2026-09-27 14:14:13] [autobuild] Detected dependency 'io.github.detekt.sarif4k:sarif4k-jvm:0.6.0': project = ':modules:deal-sourcing', configuration = 'ktlintReporter'
[2026-09-27 14:14:13] [build-stdout] [2026-09-27 14:14:13] [autobuild] Detected dependency 'org.jetbrains.kotlin:kotlin-stdlib:2.2.0': project = ':modules:deal-sourcing', configuration = 'ktlintReporter'
[2026-09-27 14:14:13] [build-stdout] [2026-09-27 14:14:13] [autobuild] Detected dependency 'org.jetbrains:annotations:13.0': project = ':modules:deal-sourcing', configuration = 'ktlintReporter'
[2026-09-27 14:14:13] [build-stdout] [2026-09-27 14:14:13] [autobuild] Detected dependency 'com.pinterest.ktlint:ktlint-ruleset-standard:1.7.1': project = ':modules:ingestion', configuration = 'ktlintRuleset'
[2026-09-27 14:14:13] [build-stdout] [2026-09-27 14:14:13] [autobuild] Detected dependency 'com.pinterest.ktlint:ktlint-logger:1.7.1': project = ':modules:ingestion', configuration = 'ktlintRuleset'
[2026-09-27 14:14:13] [build-stdout] [2026-09-27 14:14:13] [autobuild] Detected dependency 'dev.drewhamilton.poko:poko-annotations:0.19.1': project = ':modules:ingestion', configuration = 'ktlintRuleset'
[2026-09-27 14:14:13] [build-stdout] [2026-09-27 14:14:13] [autobuild] Detected dependency 'dev.drewhamilton.poko:poko-annotations-jvm:0.19.1': project = ':modules:ingestion', configuration = 'ktlintRuleset'
[2026-09-27 14:14:13] [build-stdout] [2026-09-27 14:14:13] [autobuild] Detected dependency 'org.jetbrains.kotlin:kotlin-stdlib:2.2.0': project = ':modules:ingestion', configuration = 'ktlintRuleset'
[2026-09-27 14:14:13] [build-stdout] [2026-09-27 14:14:13] [autobuild] Detected dependency 'org.jetbrains:annotations:13.0': project = ':modules:ingestion', configuration = 'ktlintRuleset'
[2026-09-27 14:14:13] [build-stdout] [2026-09-27 14:14:13] [autobuild] Detected dependency 'io.github.oshai:kotlin-logging-jvm:7.0.7': project = ':modules:ingestion', configuration = 'ktlintRuleset'
[2026-09-27 14:14:13] [build-stdout] [2026-09-27 14:14:13] [autobuild] Detected dependency 'com.pinterest.ktlint:ktlint-cli-ruleset-core:1.7.1': project = ':modules:ingestion', configuration = 'ktlintRuleset'
[2026-09-27 14:14:13] [build-stdout] [2026-09-27 14:14:13] [autobuild] Detected dependency 'com.pinterest.ktlint:ktlint-rule-engine-core:1.7.1': project = ':modules:ingestion', configuration = 'ktlintRuleset'
[2026-09-27 14:14:13] [build-stdout] [2026-09-27 14:14:13] [autobuild] Detected dependency 'org.jetbrains.kotlin:kotlin-compiler-embeddable:2.2.0': project = ':modules:ingestion', configuration = 'ktlintRuleset'
[2026-09-27 14:14:13] [build-stdout] [2026-09-27 14:14:13] [autobuild] Detected dependency 'org.jetbrains.kotlin:kotlin-script-runtime:2.2.0': project = ':modules:ingestion', configuration = 'ktlintRuleset'
[2026-09-27 14:14:13] [build-stdout] [2026-09-27 14:14:13] [autobuild] Detected dependency 'org.jetbrains.kotlin:kotlin-reflect:1.6.10': project = ':modules:ingestion', configuration = 'ktlintRuleset'
[2026-09-27 14:14:13] [build-stdout] [2026-09-27 14:14:13] [autobuild] Detected dependency 'org.jetbrains.kotlin:kotlin-daemon-embeddable:2.2.0': project = ':modules:ingestion', configuration = 'ktlintRuleset'
[2026-09-27 14:14:13] [build-stdout] [2026-09-27 14:14:13] [autobuild] Detected dependency 'org.jetbrains.kotlinx:kotlinx-coroutines-core-jvm:1.8.0': project = ':modules:ingestion', configuration = 'ktlintRuleset'
[2026-09-27 14:14:13] [build-stdout] [2026-09-27 14:14:13] [autobuild] Detected dependency 'org.ec4j.core:ec4j-core:1.1.1': project = ':modules:ingestion', configuration = 'ktlintRuleset'
[2026-09-27 14:14:13] [build-stdout] [2026-09-27 14:14:13] [autobuild] Detected dependency 'com.pinterest.ktlint:ktlint-ruleset-standard:1.7.1': project = ':modules:ingestion', configuration = 'ktlintRuleset'
[2026-09-27 14:14:13] [build-stdout] [2026-09-27 14:14:13] [autobuild] Detected dependency 'com.pinterest.ktlint:ktlint-logger:1.7.1': project = ':modules:ingestion', configuration = 'ktlintRuleset'
[2026-09-27 14:14:13] [build-stdout] [2026-09-27 14:14:13] [autobuild] Detected dependency 'dev.drewhamilton.poko:poko-annotations:0.19.1': project = ':modules:ingestion', configuration = 'ktlintRuleset'
[2026-09-27 14:14:13] [build-stdout] [2026-09-27 14:14:13] [autobuild] Detected dependency 'com.pinterest.ktlint:ktlint-cli-ruleset-core:1.7.1': project = ':modules:ingestion', configuration = 'ktlintRuleset'
[2026-09-27 14:14:13] [build-stdout] [2026-09-27 14:14:13] [autobuild] Detected dependency 'com.pinterest.ktlint:ktlint-rule-engine-core:1.7.1': project = ':modules:ingestion', configuration = 'ktlintRuleset'
[2026-09-27 14:14:13] [build-stdout] [2026-09-27 14:14:13] [autobuild] Detected dependency 'org.jetbrains.kotlin:kotlin-stdlib:2.2.0': project = ':modules:ingestion', configuration = 'ktlintRuleset'
[2026-09-27 14:14:13] [build-stdout] [2026-09-27 14:14:13] [autobuild] Detected dependency 'io.github.oshai:kotlin-logging-jvm:7.0.7': project = ':modules:ingestion', configuration = 'ktlintRuleset'
[2026-09-27 14:14:13] [build-stdout] [2026-09-27 14:14:13] [autobuild] Detected dependency 'dev.drewhamilton.poko:poko-annotations-jvm:0.19.1': project = ':modules:ingestion', configuration = 'ktlintRuleset'
[2026-09-27 14:14:13] [build-stdout] [2026-09-27 14:14:13] [autobuild] Detected dependency 'org.jetbrains.kotlin:kotlin-compiler-embeddable:2.2.0': project = ':modules:ingestion', configuration = 'ktlintRuleset'
[2026-09-27 14:14:13] [build-stdout] [2026-09-27 14:14:13] [autobuild] Detected dependency 'org.ec4j.core:ec4j-core:1.1.1': project = ':modules:ingestion', configuration = 'ktlintRuleset'
[2026-09-27 14:14:13] [build-stdout] [2026-09-27 14:14:13] [autobuild] Detected dependency 'org.jetbrains:annotations:13.0': project = ':modules:ingestion', configuration = 'ktlintRuleset'
[2026-09-27 14:14:13] [build-stdout] [2026-09-27 14:14:13] [autobuild] Detected dependency 'org.jetbrains.kotlin:kotlin-script-runtime:2.2.0': project = ':modules:ingestion', configuration = 'ktlintRuleset'
[2026-09-27 14:14:13] [build-stdout] [2026-09-27 14:14:13] [autobuild] Detected dependency 'org.jetbrains.kotlin:kotlin-reflect:1.6.10': project = ':modules:ingestion', configuration = 'ktlintRuleset'
[2026-09-27 14:14:13] [build-stdout] [2026-09-27 14:14:13] [autobuild] Detected dependency 'org.jetbrains.kotlin:kotlin-daemon-embeddable:2.2.0': project = ':modules:ingestion', configuration = 'ktlintRuleset'
[2026-09-27 14:14:13] [build-stdout] [2026-09-27 14:14:13] [autobuild] Detected dependency 'org.jetbrains.kotlinx:kotlinx-coroutines-core-jvm:1.8.0': project = ':modules:ingestion', configuration = 'ktlintRuleset'
[2026-09-27 14:14:13] [build-stdout] [2026-09-27 14:14:13] [autobuild] Detected dependency 'com.pinterest.ktlint:ktlint-ruleset-standard:1.7.1': project = ':modules:lookthrough', configuration = 'ktlintRuleset'
[2026-09-27 14:14:13] [build-stdout] [2026-09-27 14:14:13] [autobuild] Detected dependency 'com.pinterest.ktlint:ktlint-logger:1.7.1': project = ':modules:lookthrough', configuration = 'ktlintRuleset'
[2026-09-27 14:14:13] [build-stdout] [2026-09-27 14:14:13] [autobuild] Detected dependency 'dev.drewhamilton.poko:poko-annotations:0.19.1': project = ':modules:lookthrough', configuration = 'ktlintRuleset'
[2026-09-27 14:14:13] [build-stdout] [2026-09-27 14:14:13] [autobuild] Detected dependency 'dev.drewhamilton.poko:poko-annotations-jvm:0.19.1': project = ':modules:lookthrough', configuration = 'ktlintRuleset'
[2026-09-27 14:14:13] [build-stdout] [2026-09-27 14:14:13] [autobuild] Detected dependency 'org.jetbrains.kotlin:kotlin-stdlib:2.2.0': project = ':modules:lookthrough', configuration = 'ktlintRuleset'
[2026-09-27 14:14:13] [build-stdout] [2026-09-27 14:14:13] [autobuild] Detected dependency 'org.jetbrains:annotations:13.0': project = ':modules:lookthrough', configuration = 'ktlintRuleset'
[2026-09-27 14:14:13] [build-stdout] [2026-09-27 14:14:13] [autobuild] Detected dependency 'io.github.oshai:kotlin-logging-jvm:7.0.7': project = ':modules:lookthrough', configuration = 'ktlintRuleset'
[2026-09-27 14:14:13] [build-stdout] [2026-09-27 14:14:13] [autobuild] Detected dependency 'com.pinterest.ktlint:ktlint-cli-ruleset-core:1.7.1': project = ':modules:lookthrough', configuration = 'ktlintRuleset'
[2026-09-27 14:14:13] [build-stdout] [2026-09-27 14:14:13] [autobuild] Detected dependency 'com.pinterest.ktlint:ktlint-rule-engine-core:1.7.1': project = ':modules:lookthrough', configuration = 'ktlintRuleset'
[2026-09-27 14:14:13] [build-stdout] [2026-09-27 14:14:13] [autobuild] Detected dependency 'org.jetbrains.kotlin:kotlin-compiler-embeddable:2.2.0': project = ':modules:lookthrough', configuration = 'ktlintRuleset'
[2026-09-27 14:14:13] [build-stdout] [2026-09-27 14:14:13] [autobuild] Detected dependency 'org.jetbrains.kotlin:kotlin-script-runtime:2.2.0': project = ':modules:lookthrough', configuration = 'ktlintRuleset'
[2026-09-27 14:14:13] [build-stdout] [2026-09-27 14:14:13] [autobuild] Detected dependency 'org.jetbrains.kotlin:kotlin-reflect:1.6.10': project = ':modules:lookthrough', configuration = 'ktlintRuleset'
[2026-09-27 14:14:13] [build-stdout] [2026-09-27 14:14:13] [autobuild] Detected dependency 'org.jetbrains.kotlin:kotlin-daemon-embeddable:2.2.0': project = ':modules:lookthrough', configuration = 'ktlintRuleset'
[2026-09-27 14:14:13] [build-stdout] [2026-09-27 14:14:13] [autobuild] Detected dependency 'org.jetbrains.kotlinx:kotlinx-coroutines-core-jvm:1.8.0': project = ':modules:lookthrough', configuration = 'ktlintRuleset'
[2026-09-27 14:14:13] [build-stdout] [2026-09-27 14:14:13] [autobuild] Detected dependency 'org.ec4j.core:ec4j-core:1.1.1': project = ':modules:lookthrough', configuration = 'ktlintRuleset'
[2026-09-27 14:14:13] [build-stdout] [2026-09-27 14:14:13] [autobuild] Detected dependency 'com.pinterest.ktlint:ktlint-ruleset-standard:1.7.1': project = ':modules:lookthrough', configuration = 'ktlintRuleset'
[2026-09-27 14:14:13] [build-stdout] [2026-09-27 14:14:13] [autobuild] Detected dependency 'com.pinterest.ktlint:ktlint-logger:1.7.1': project = ':modules:lookthrough', configuration = 'ktlintRuleset'
[2026-09-27 14:14:13] [build-stdout] [2026-09-27 14:14:13] [autobuild] Detected dependency 'dev.drewhamilton.poko:poko-annotations:0.19.1': project = ':modules:lookthrough', configuration = 'ktlintRuleset'
[2026-09-27 14:14:13] [build-stdout] [2026-09-27 14:14:13] [autobuild] Detected dependency 'com.pinterest.ktlint:ktlint-cli-ruleset-core:1.7.1': project = ':modules:lookthrough', configuration = 'ktlintRuleset'
[2026-09-27 14:14:13] [build-stdout] [2026-09-27 14:14:13] [autobuild] Detected dependency 'com.pinterest.ktlint:ktlint-rule-engine-core:1.7.1': project = ':modules:lookthrough', configuration = 'ktlintRuleset'
[2026-09-27 14:14:13] [build-stdout] [2026-09-27 14:14:13] [autobuild] Detected dependency 'org.jetbrains.kotlin:kotlin-stdlib:2.2.0': project = ':modules:lookthrough', configuration = 'ktlintRuleset'
[2026-09-27 14:14:13] [build-stdout] [2026-09-27 14:14:13] [autobuild] Detected dependency 'io.github.oshai:kotlin-logging-jvm:7.0.7': project = ':modules:lookthrough', configuration = 'ktlintRuleset'
[2026-09-27 14:14:13] [build-stdout] [2026-09-27 14:14:13] [autobuild] Detected dependency 'dev.drewhamilton.poko:poko-annotations-jvm:0.19.1': project = ':modules:lookthrough', configuration = 'ktlintRuleset'
[2026-09-27 14:14:13] [build-stdout] [2026-09-27 14:14:13] [autobuild] Detected dependency 'org.jetbrains.kotlin:kotlin-compiler-embeddable:2.2.0': project = ':modules:lookthrough', configuration = 'ktlintRuleset'
[2026-09-27 14:14:13] [build-stdout] [2026-09-27 14:14:13] [autobuild] Detected dependency 'org.ec4j.core:ec4j-core:1.1.1': project = ':modules:lookthrough', configuration = 'ktlintRuleset'
[2026-09-27 14:14:13] [build-stdout] [2026-09-27 14:14:13] [autobuild] Detected dependency 'org.jetbrains:annotations:13.0': project = ':modules:lookthrough', configuration = 'ktlintRuleset'
[2026-09-27 14:14:13] [build-stdout] [2026-09-27 14:14:13] [autobuild] Detected dependency 'org.jetbrains.kotlin:kotlin-script-runtime:2.2.0': project = ':modules:lookthrough', configuration = 'ktlintRuleset'
[2026-09-27 14:14:13] [build-stdout] [2026-09-27 14:14:13] [autobuild] Detected dependency 'org.jetbrains.kotlin:kotlin-reflect:1.6.10': project = ':modules:lookthrough', configuration = 'ktlintRuleset'
[2026-09-27 14:14:13] [build-stdout] [2026-09-27 14:14:13] [autobuild] Detected dependency 'org.jetbrains.kotlin:kotlin-daemon-embeddable:2.2.0': project = ':modules:lookthrough', configuration = 'ktlintRuleset'
[2026-09-27 14:14:13] [build-stdout] [2026-09-27 14:14:13] [autobuild] Detected dependency 'org.jetbrains.kotlinx:kotlinx-coroutines-core-jvm:1.8.0': project = ':modules:lookthrough', configuration = 'ktlintRuleset'
[2026-09-27 14:14:13] [build-stdout] [2026-09-27 14:14:13] [autobuild] Detected dependency 'com.pinterest.ktlint:ktlint-ruleset-standard:1.7.1': project = ':modules:recon', configuration = 'ktlintRuleset'
[2026-09-27 14:14:13] [build-stdout] [2026-09-27 14:14:13] [autobuild] Detected dependency 'com.pinterest.ktlint:ktlint-logger:1.7.1': project = ':modules:recon', configuration = 'ktlintRuleset'
[2026-09-27 14:14:13] [build-stdout] [2026-09-27 14:14:13] [autobuild] Detected dependency 'dev.drewhamilton.poko:poko-annotations:0.19.1': project = ':modules:recon', configuration = 'ktlintRuleset'
[2026-09-27 14:14:13] [build-stdout] [2026-09-27 14:14:13] [autobuild] Detected dependency 'dev.drewhamilton.poko:poko-annotations-jvm:0.19.1': project = ':modules:recon', configuration = 'ktlintRuleset'
[2026-09-27 14:14:13] [build-stdout] [2026-09-27 14:14:13] [autobuild] Detected dependency 'org.jetbrains.kotlin:kotlin-stdlib:2.2.0': project = ':modules:recon', configuration = 'ktlintRuleset'
[2026-09-27 14:14:13] [build-stdout] [2026-09-27 14:14:13] [autobuild] Detected dependency 'org.jetbrains:annotations:13.0': project = ':modules:recon', configuration = 'ktlintRuleset'
[2026-09-27 14:14:13] [build-stdout] [2026-09-27 14:14:13] [autobuild] Detected dependency 'io.github.oshai:kotlin-logging-jvm:7.0.7': project = ':modules:recon', configuration = 'ktlintRuleset'
[2026-09-27 14:14:13] [build-stdout] [2026-09-27 14:14:13] [autobuild] Detected dependency 'com.pinterest.ktlint:ktlint-cli-ruleset-core:1.7.1': project = ':modules:recon', configuration = 'ktlintRuleset'
[2026-09-27 14:14:13] [build-stdout] [2026-09-27 14:14:13] [autobuild] Detected dependency 'com.pinterest.ktlint:ktlint-rule-engine-core:1.7.1': project = ':modules:recon', configuration = 'ktlintRuleset'
[2026-09-27 14:14:13] [build-stdout] [2026-09-27 14:14:13] [autobuild] Detected dependency 'org.jetbrains.kotlin:kotlin-compiler-embeddable:2.2.0': project = ':modules:recon', configuration = 'ktlintRuleset'
[2026-09-27 14:14:13] [build-stdout] [2026-09-27 14:14:13] [autobuild] Detected dependency 'org.jetbrains.kotlin:kotlin-script-runtime:2.2.0': project = ':modules:recon', configuration = 'ktlintRuleset'
[2026-09-27 14:14:13] [build-stdout] [2026-09-27 14:14:13] [autobuild] Detected dependency 'org.jetbrains.kotlin:kotlin-reflect:1.6.10': project = ':modules:recon', configuration = 'ktlintRuleset'
[2026-09-27 14:14:13] [build-stdout] [2026-09-27 14:14:13] [autobuild] Detected dependency 'org.jetbrains.kotlin:kotlin-daemon-embeddable:2.2.0': project = ':modules:recon', configuration = 'ktlintRuleset'
[2026-09-27 14:14:13] [build-stdout] [2026-09-27 14:14:13] [autobuild] Detected dependency 'org.jetbrains.kotlinx:kotlinx-coroutines-core-jvm:1.8.0': project = ':modules:recon', configuration = 'ktlintRuleset'
[2026-09-27 14:14:13] [build-stdout] [2026-09-27 14:14:13] [autobuild] Detected dependency 'org.ec4j.core:ec4j-core:1.1.1': project = ':modules:recon', configuration = 'ktlintRuleset'
[2026-09-27 14:14:13] [build-stdout] [2026-09-27 14:14:13] [autobuild] Detected dependency 'com.pinterest.ktlint:ktlint-ruleset-standard:1.7.1': project = ':modules:recon', configuration = 'ktlintRuleset'
[2026-09-27 14:14:13] [build-stdout] [2026-09-27 14:14:13] [autobuild] Detected dependency 'com.pinterest.ktlint:ktlint-logger:1.7.1': project = ':modules:recon', configuration = 'ktlintRuleset'
[2026-09-27 14:14:13] [build-stdout] [2026-09-27 14:14:13] [autobuild] Detected dependency 'dev.drewhamilton.poko:poko-annotations:0.19.1': project = ':modules:recon', configuration = 'ktlintRuleset'
[2026-09-27 14:14:13] [build-stdout] [2026-09-27 14:14:13] [autobuild] Detected dependency 'com.pinterest.ktlint:ktlint-cli-ruleset-core:1.7.1': project = ':modules:recon', configuration = 'ktlintRuleset'
[2026-09-27 14:14:13] [build-stdout] [2026-09-27 14:14:13] [autobuild] Detected dependency 'com.pinterest.ktlint:ktlint-rule-engine-core:1.7.1': project = ':modules:recon', configuration = 'ktlintRuleset'
[2026-09-27 14:14:13] [build-stdout] [2026-09-27 14:14:13] [autobuild] Detected dependency 'org.jetbrains.kotlin:kotlin-stdlib:2.2.0': project = ':modules:recon', configuration = 'ktlintRuleset'
[2026-09-27 14:14:13] [build-stdout] [2026-09-27 14:14:13] [autobuild] Detected dependency 'io.github.oshai:kotlin-logging-jvm:7.0.7': project = ':modules:recon', configuration = 'ktlintRuleset'
[2026-09-27 14:14:13] [build-stdout] [2026-09-27 14:14:13] [autobuild] Detected dependency 'dev.drewhamilton.poko:poko-annotations-jvm:0.19.1': project = ':modules:recon', configuration = 'ktlintRuleset'
[2026-09-27 14:14:13] [build-stdout] [2026-09-27 14:14:13] [autobuild] Detected dependency 'org.jetbrains.kotlin:kotlin-compiler-embeddable:2.2.0': project = ':modules:recon', configuration = 'ktlintRuleset'
[2026-09-27 14:14:13] [build-stdout] [2026-09-27 14:14:13] [autobuild] Detected dependency 'org.ec4j.core:ec4j-core:1.1.1': project = ':modules:recon', configuration = 'ktlintRuleset'
[2026-09-27 14:14:13] [build-stdout] [2026-09-27 14:14:13] [autobuild] Detected dependency 'org.jetbrains:annotations:13.0': project = ':modules:recon', configuration = 'ktlintRuleset'
[2026-09-27 14:14:13] [build-stdout] [2026-09-27 14:14:13] [autobuild] Detected dependency 'org.jetbrains.kotlin:kotlin-script-runtime:2.2.0': project = ':modules:recon', configuration = 'ktlintRuleset'
[2026-09-27 14:14:13] [build-stdout] [2026-09-27 14:14:13] [autobuild] Detected dependency 'org.jetbrains.kotlin:kotlin-reflect:1.6.10': project = ':modules:recon', configuration = 'ktlintRuleset'
[2026-09-27 14:14:13] [build-stdout] [2026-09-27 14:14:13] [autobuild] Detected dependency 'org.jetbrains.kotlin:kotlin-daemon-embeddable:2.2.0': project = ':modules:recon', configuration = 'ktlintRuleset'
[2026-09-27 14:14:13] [build-stdout] [2026-09-27 14:14:13] [autobuild] Detected dependency 'org.jetbrains.kotlinx:kotlinx-coroutines-core-jvm:1.8.0': project = ':modules:recon', configuration = 'ktlintRuleset'
[2026-09-27 14:14:13] [build-stdout] [2026-09-27 14:14:13] [autobuild] Detected dependency 'com.pinterest.ktlint:ktlint-ruleset-standard:1.7.1': project = ':modules:ibor-core', configuration = 'ktlintRuleset'
[2026-09-27 14:14:13] [build-stdout] [2026-09-27 14:14:13] [autobuild] Detected dependency 'com.pinterest.ktlint:ktlint-logger:1.7.1': project = ':modules:ibor-core', configuration = 'ktlintRuleset'
[2026-09-27 14:14:13] [build-stdout] [2026-09-27 14:14:13] [autobuild] Detected dependency 'dev.drewhamilton.poko:poko-annotations:0.19.1': project = ':modules:ibor-core', configuration = 'ktlintRuleset'
[2026-09-27 14:14:13] [build-stdout] [2026-09-27 14:14:13] [autobuild] Detected dependency 'dev.drewhamilton.poko:poko-annotations-jvm:0.19.1': project = ':modules:ibor-core', configuration = 'ktlintRuleset'
[2026-09-27 14:14:13] [build-stdout] [2026-09-27 14:14:13] [autobuild] Detected dependency 'org.jetbrains.kotlin:kotlin-stdlib:2.2.0': project = ':modules:ibor-core', configuration = 'ktlintRuleset'
[2026-09-27 14:14:13] [build-stdout] [2026-09-27 14:14:13] [autobuild] Detected dependency 'org.jetbrains:annotations:13.0': project = ':modules:ibor-core', configuration = 'ktlintRuleset'
[2026-09-27 14:14:13] [build-stdout] [2026-09-27 14:14:13] [autobuild] Detected dependency 'io.github.oshai:kotlin-logging-jvm:7.0.7': project = ':modules:ibor-core', configuration = 'ktlintRuleset'
[2026-09-27 14:14:13] [build-stdout] [2026-09-27 14:14:13] [autobuild] Detected dependency 'com.pinterest.ktlint:ktlint-cli-ruleset-core:1.7.1': project = ':modules:ibor-core', configuration = 'ktlintRuleset'
[2026-09-27 14:14:13] [build-stdout] [2026-09-27 14:14:13] [autobuild] Detected dependency 'com.pinterest.ktlint:ktlint-rule-engine-core:1.7.1': project = ':modules:ibor-core', configuration = 'ktlintRuleset'
[2026-09-27 14:14:13] [build-stdout] [2026-09-27 14:14:13] [autobuild] Detected dependency 'org.jetbrains.kotlin:kotlin-compiler-embeddable:2.2.0': project = ':modules:ibor-core', configuration = 'ktlintRuleset'
[2026-09-27 14:14:13] [build-stdout] [2026-09-27 14:14:13] [autobuild] Detected dependency 'org.jetbrains.kotlin:kotlin-script-runtime:2.2.0': project = ':modules:ibor-core', configuration = 'ktlintRuleset'
[2026-09-27 14:14:13] [build-stdout] [2026-09-27 14:14:13] [autobuild] Detected dependency 'org.jetbrains.kotlin:kotlin-reflect:1.6.10': project = ':modules:ibor-core', configuration = 'ktlintRuleset'
[2026-09-27 14:14:13] [build-stdout] [2026-09-27 14:14:13] [autobuild] Detected dependency 'org.jetbrains.kotlin:kotlin-daemon-embeddable:2.2.0': project = ':modules:ibor-core', configuration = 'ktlintRuleset'
[2026-09-27 14:14:13] [build-stdout] [2026-09-27 14:14:13] [autobuild] Detected dependency 'org.jetbrains.kotlinx:kotlinx-coroutines-core-jvm:1.8.0': project = ':modules:ibor-core', configuration = 'ktlintRuleset'
[2026-09-27 14:14:13] [build-stdout] [2026-09-27 14:14:13] [autobuild] Detected dependency 'org.ec4j.core:ec4j-core:1.1.1': project = ':modules:ibor-core', configuration = 'ktlintRuleset'
[2026-09-27 14:14:13] [build-stdout] [2026-09-27 14:14:13] [autobuild] Detected dependency 'com.pinterest.ktlint:ktlint-ruleset-standard:1.7.1': project = ':modules:ibor-core', configuration = 'ktlintRuleset'
[2026-09-27 14:14:13] [build-stdout] [2026-09-27 14:14:13] [autobuild] Detected dependency 'com.pinterest.ktlint:ktlint-logger:1.7.1': project = ':modules:ibor-core', configuration = 'ktlintRuleset'
[2026-09-27 14:14:13] [build-stdout] [2026-09-27 14:14:13] [autobuild] Detected dependency 'dev.drewhamilton.poko:poko-annotations:0.19.1': project = ':modules:ibor-core', configuration = 'ktlintRuleset'
[2026-09-27 14:14:13] [build-stdout] [2026-09-27 14:14:13] [autobuild] Detected dependency 'com.pinterest.ktlint:ktlint-cli-ruleset-core:1.7.1': project = ':modules:ibor-core', configuration = 'ktlintRuleset'
[2026-09-27 14:14:13] [build-stdout] [2026-09-27 14:14:13] [autobuild] Detected dependency 'com.pinterest.ktlint:ktlint-rule-engine-core:1.7.1': project = ':modules:ibor-core', configuration = 'ktlintRuleset'
[2026-09-27 14:14:13] [build-stdout] [2026-09-27 14:14:13] [autobuild] Detected dependency 'org.jetbrains.kotlin:kotlin-stdlib:2.2.0': project = ':modules:ibor-core', configuration = 'ktlintRuleset'
[2026-09-27 14:14:13] [build-stdout] [2026-09-27 14:14:13] [autobuild] Detected dependency 'io.github.oshai:kotlin-logging-jvm:7.0.7': project = ':modules:ibor-core', configuration = 'ktlintRuleset'
[2026-09-27 14:14:13] [build-stdout] [2026-09-27 14:14:13] [autobuild] Detected dependency 'dev.drewhamilton.poko:poko-annotations-jvm:0.19.1': project = ':modules:ibor-core', configuration = 'ktlintRuleset'
[2026-09-27 14:14:13] [build-stdout] [2026-09-27 14:14:13] [autobuild] Detected dependency 'org.jetbrains.kotlin:kotlin-compiler-embeddable:2.2.0': project = ':modules:ibor-core', configuration = 'ktlintRuleset'
[2026-09-27 14:14:13] [build-stdout] [2026-09-27 14:14:13] [autobuild] Detected dependency 'org.ec4j.core:ec4j-core:1.1.1': project = ':modules:ibor-core', configuration = 'ktlintRuleset'
[2026-09-27 14:14:13] [build-stdout] [2026-09-27 14:14:13] [autobuild] Detected dependency 'org.jetbrains:annotations:13.0': project = ':modules:ibor-core', configuration = 'ktlintRuleset'
[2026-09-27 14:14:13] [build-stdout] [2026-09-27 14:14:13] [autobuild] Detected dependency 'org.jetbrains.kotlin:kotlin-script-runtime:2.2.0': project = ':modules:ibor-core', configuration = 'ktlintRuleset'
[2026-09-27 14:14:13] [build-stdout] [2026-09-27 14:14:13] [autobuild] Detected dependency 'org.jetbrains.kotlin:kotlin-reflect:1.6.10': project = ':modules:ibor-core', configuration = 'ktlintRuleset'
[2026-09-27 14:14:13] [build-stdout] [2026-09-27 14:14:13] [autobuild] Detected dependency 'org.jetbrains.kotlin:kotlin-daemon-embeddable:2.2.0': project = ':modules:ibor-core', configuration = 'ktlintRuleset'
[2026-09-27 14:14:13] [build-stdout] [2026-09-27 14:14:13] [autobuild] Detected dependency 'org.jetbrains.kotlinx:kotlinx-coroutines-core-jvm:1.8.0': project = ':modules:ibor-core', configuration = 'ktlintRuleset'
[2026-09-27 14:14:13] [build-stdout] [2026-09-27 14:14:13] [autobuild] Detected dependency 'com.pinterest.ktlint:ktlint-ruleset-standard:1.7.1': project = ':modules:deal-sourcing', configuration = 'ktlintRuleset'
[2026-09-27 14:14:13] [build-stdout] [2026-09-27 14:14:13] [autobuild] Detected dependency 'com.pinterest.ktlint:ktlint-logger:1.7.1': project = ':modules:deal-sourcing', configuration = 'ktlintRuleset'
[2026-09-27 14:14:13] [build-stdout] [2026-09-27 14:14:13] [autobuild] Detected dependency 'dev.drewhamilton.poko:poko-annotations:0.19.1': project = ':modules:deal-sourcing', configuration = 'ktlintRuleset'
[2026-09-27 14:14:13] [build-stdout] [2026-09-27 14:14:13] [autobuild] Detected dependency 'dev.drewhamilton.poko:poko-annotations-jvm:0.19.1': project = ':modules:deal-sourcing', configuration = 'ktlintRuleset'
[2026-09-27 14:14:13] [build-stdout] [2026-09-27 14:14:13] [autobuild] Detected dependency 'org.jetbrains.kotlin:kotlin-stdlib:2.2.0': project = ':modules:deal-sourcing', configuration = 'ktlintRuleset'
[2026-09-27 14:14:13] [build-stdout] [2026-09-27 14:14:13] [autobuild] Detected dependency 'org.jetbrains:annotations:13.0': project = ':modules:deal-sourcing', configuration = 'ktlintRuleset'
[2026-09-27 14:14:13] [build-stdout] [2026-09-27 14:14:13] [autobuild] Detected dependency 'io.github.oshai:kotlin-logging-jvm:7.0.7': project = ':modules:deal-sourcing', configuration = 'ktlintRuleset'
[2026-09-27 14:14:13] [build-stdout] [2026-09-27 14:14:13] [autobuild] Detected dependency 'com.pinterest.ktlint:ktlint-cli-ruleset-core:1.7.1': project = ':modules:deal-sourcing', configuration = 'ktlintRuleset'
[2026-09-27 14:14:13] [build-stdout] [2026-09-27 14:14:13] [autobuild] Detected dependency 'com.pinterest.ktlint:ktlint-rule-engine-core:1.7.1': project = ':modules:deal-sourcing', configuration = 'ktlintRuleset'
[2026-09-27 14:14:13] [build-stdout] [2026-09-27 14:14:13] [autobuild] Detected dependency 'org.jetbrains.kotlin:kotlin-compiler-embeddable:2.2.0': project = ':modules:deal-sourcing', configuration = 'ktlintRuleset'
[2026-09-27 14:14:13] [build-stdout] [2026-09-27 14:14:13] [autobuild] Detected dependency 'org.jetbrains.kotlin:kotlin-script-runtime:2.2.0': project = ':modules:deal-sourcing', configuration = 'ktlintRuleset'
[2026-09-27 14:14:13] [build-stdout] [2026-09-27 14:14:13] [autobuild] Detected dependency 'org.jetbrains.kotlin:kotlin-reflect:1.6.10': project = ':modules:deal-sourcing', configuration = 'ktlintRuleset'
[2026-09-27 14:14:13] [build-stdout] [2026-09-27 14:14:13] [autobuild] Detected dependency 'org.jetbrains.kotlin:kotlin-daemon-embeddable:2.2.0': project = ':modules:deal-sourcing', configuration = 'ktlintRuleset'
[2026-09-27 14:14:13] [build-stdout] [2026-09-27 14:14:13] [autobuild] Detected dependency 'org.jetbrains.kotlinx:kotlinx-coroutines-core-jvm:1.8.0': project = ':modules:deal-sourcing', configuration = 'ktlintRuleset'
[2026-09-27 14:14:13] [build-stdout] [2026-09-27 14:14:13] [autobuild] Detected dependency 'org.ec4j.core:ec4j-core:1.1.1': project = ':modules:deal-sourcing', configuration = 'ktlintRuleset'
[2026-09-27 14:14:13] [build-stdout] [2026-09-27 14:14:13] [autobuild] Detected dependency 'com.pinterest.ktlint:ktlint-ruleset-standard:1.7.1': project = ':modules:deal-sourcing', configuration = 'ktlintRuleset'
[2026-09-27 14:14:13] [build-stdout] [2026-09-27 14:14:13] [autobuild] Detected dependency 'com.pinterest.ktlint:ktlint-logger:1.7.1': project = ':modules:deal-sourcing', configuration = 'ktlintRuleset'
[2026-09-27 14:14:13] [build-stdout] [2026-09-27 14:14:13] [autobuild] Detected dependency 'dev.drewhamilton.poko:poko-annotations:0.19.1': project = ':modules:deal-sourcing', configuration = 'ktlintRuleset'
[2026-09-27 14:14:13] [build-stdout] [2026-09-27 14:14:13] [autobuild] Detected dependency 'com.pinterest.ktlint:ktlint-cli-ruleset-core:1.7.1': project = ':modules:deal-sourcing', configuration = 'ktlintRuleset'
[2026-09-27 14:14:13] [build-stdout] [2026-09-27 14:14:13] [autobuild] Detected dependency 'com.pinterest.ktlint:ktlint-rule-engine-core:1.7.1': project = ':modules:deal-sourcing', configuration = 'ktlintRuleset'
[2026-09-27 14:14:13] [build-stdout] [2026-09-27 14:14:13] [autobuild] Detected dependency 'org.jetbrains.kotlin:kotlin-stdlib:2.2.0': project = ':modules:deal-sourcing', configuration = 'ktlintRuleset'
[2026-09-27 14:14:13] [build-stdout] [2026-09-27 14:14:13] [autobuild] Detected dependency 'io.github.oshai:kotlin-logging-jvm:7.0.7': project = ':modules:deal-sourcing', configuration = 'ktlintRuleset'
[2026-09-27 14:14:13] [build-stdout] [2026-09-27 14:14:13] [autobuild] Detected dependency 'dev.drewhamilton.poko:poko-annotations-jvm:0.19.1': project = ':modules:deal-sourcing', configuration = 'ktlintRuleset'
[2026-09-27 14:14:13] [build-stdout] [2026-09-27 14:14:13] [autobuild] Detected dependency 'org.jetbrains.kotlin:kotlin-compiler-embeddable:2.2.0': project = ':modules:deal-sourcing', configuration = 'ktlintRuleset'
[2026-09-27 14:14:13] [build-stdout] [2026-09-27 14:14:13] [autobuild] Detected dependency 'org.ec4j.core:ec4j-core:1.1.1': project = ':modules:deal-sourcing', configuration = 'ktlintRuleset'
[2026-09-27 14:14:13] [build-stdout] [2026-09-27 14:14:13] [autobuild] Detected dependency 'org.jetbrains:annotations:13.0': project = ':modules:deal-sourcing', configuration = 'ktlintRuleset'
[2026-09-27 14:14:13] [build-stdout] [2026-09-27 14:14:13] [autobuild] Detected dependency 'org.jetbrains.kotlin:kotlin-script-runtime:2.2.0': project = ':modules:deal-sourcing', configuration = 'ktlintRuleset'
[2026-09-27 14:14:13] [build-stdout] [2026-09-27 14:14:13] [autobuild] Detected dependency 'org.jetbrains.kotlin:kotlin-reflect:1.6.10': project = ':modules:deal-sourcing', configuration = 'ktlintRuleset'
[2026-09-27 14:14:13] [build-stdout] [2026-09-27 14:14:13] [autobuild] Detected dependency 'org.jetbrains.kotlin:kotlin-daemon-embeddable:2.2.0': project = ':modules:deal-sourcing', configuration = 'ktlintRuleset'
[2026-09-27 14:14:13] [build-stdout] [2026-09-27 14:14:13] [autobuild] Detected dependency 'org.jetbrains.kotlinx:kotlinx-coroutines-core-jvm:1.8.0': project = ':modules:deal-sourcing', configuration = 'ktlintRuleset'
[2026-09-27 14:14:13] [build-stdout] [2026-09-27 14:14:13] [autobuild] Detected dependency 'io.github.oshai:kotlin-logging:5.1.0': project = ':modules:ontology', configuration = 'ktlintReporter'
[2026-09-27 14:14:13] [build-stdout] [2026-09-27 14:14:13] [autobuild] Detected dependency 'io.github.oshai:kotlin-logging-jvm:7.0.7': project = ':modules:ontology', configuration = 'ktlintReporter'
[2026-09-27 14:14:13] [build-stdout] [2026-09-27 14:14:13] [autobuild] Detected dependency 'org.jetbrains.kotlin:kotlin-stdlib:2.2.0': project = ':modules:ontology', configuration = 'ktlintReporter'
[2026-09-27 14:14:13] [build-stdout] [2026-09-27 14:14:13] [autobuild] Detected dependency 'org.jetbrains:annotations:13.0': project = ':modules:ontology', configuration = 'ktlintReporter'
[2026-09-27 14:14:13] [build-stdout] [2026-09-27 14:14:13] [autobuild] Detected dependency 'org.jetbrains.kotlin:kotlin-stdlib-common:2.2.0': project = ':modules:ontology', configuration = 'ktlintReporter'
[2026-09-27 14:14:13] [build-stdout] [2026-09-27 14:14:13] [autobuild] Detected dependency 'org.jetbrains.kotlin:kotlin-stdlib-jdk8:1.8.0': project = ':modules:ontology', configuration = 'ktlintReporter'
[2026-09-27 14:14:13] [build-stdout] [2026-09-27 14:14:13] [autobuild] Detected dependency 'org.jetbrains.kotlin:kotlin-stdlib-jdk7:1.8.0': project = ':modules:ontology', configuration = 'ktlintReporter'
[2026-09-27 14:14:13] [build-stdout] [2026-09-27 14:14:13] [autobuild] Detected dependency 'io.github.detekt.sarif4k:sarif4k:0.6.0': project = ':modules:ontology', configuration = 'ktlintReporter'
[2026-09-27 14:14:13] [build-stdout] [2026-09-27 14:14:13] [autobuild] Detected dependency 'io.github.detekt.sarif4k:sarif4k-jvm:0.6.0': project = ':modules:ontology', configuration = 'ktlintReporter'
[2026-09-27 14:14:13] [build-stdout] [2026-09-27 14:14:13] [autobuild] Detected dependency 'org.jetbrains.kotlinx:kotlinx-serialization-json:1.4.1': project = ':modules:ontology', configuration = 'ktlintReporter'
[2026-09-27 14:14:13] [build-stdout] [2026-09-27 14:14:13] [autobuild] Detected dependency 'org.jetbrains.kotlinx:kotlinx-serialization-json-jvm:1.4.1': project = ':modules:ontology', configuration = 'ktlintReporter'
[2026-09-27 14:14:13] [build-stdout] [2026-09-27 14:14:13] [autobuild] Detected dependency 'org.jetbrains.kotlinx:kotlinx-serialization-core:1.4.1': project = ':modules:ontology', configuration = 'ktlintReporter'
[2026-09-27 14:14:13] [build-stdout] [2026-09-27 14:14:13] [autobuild] Detected dependency 'org.jetbrains.kotlinx:kotlinx-serialization-core-jvm:1.4.1': project = ':modules:ontology', configuration = 'ktlintReporter'
[2026-09-27 14:14:13] [build-stdout] [2026-09-27 14:14:13] [autobuild] Detected dependency 'io.github.detekt.sarif4k:sarif4k:0.6.0': project = ':modules:ontology', configuration = 'ktlintReporter'
[2026-09-27 14:14:13] [build-stdout] [2026-09-27 14:14:13] [autobuild] Detected dependency 'io.github.oshai:kotlin-logging:5.1.0': project = ':modules:ontology', configuration = 'ktlintReporter'
[2026-09-27 14:14:13] [build-stdout] [2026-09-27 14:14:13] [autobuild] Detected dependency 'io.github.oshai:kotlin-logging-jvm:7.0.7': project = ':modules:ontology', configuration = 'ktlintReporter'
[2026-09-27 14:14:13] [build-stdout] [2026-09-27 14:14:13] [autobuild] Detected dependency 'io.github.detekt.sarif4k:sarif4k-jvm:0.6.0': project = ':modules:ontology', configuration = 'ktlintReporter'
[2026-09-27 14:14:13] [build-stdout] [2026-09-27 14:14:13] [autobuild] Detected dependency 'org.jetbrains.kotlin:kotlin-stdlib:2.2.0': project = ':modules:ontology', configuration = 'ktlintReporter'
[2026-09-27 14:14:13] [build-stdout] [2026-09-27 14:14:13] [autobuild] Detected dependency 'org.jetbrains:annotations:13.0': project = ':modules:ontology', configuration = 'ktlintReporter'
[2026-09-27 14:14:13] [build-stdout] [2026-09-27 14:14:13] [autobuild] Detected dependency 'org.jetbrains.kotlin:kotlin-stdlib:2.2.21': project = ':modules:ibor-core', configuration = 'runtimeClasspath'
[2026-09-27 14:14:13] [build-stdout] [2026-09-27 14:14:13] [autobuild] Detected dependency 'org.jetbrains:annotations:13.0': project = ':modules:ibor-core', configuration = 'runtimeClasspath'
[2026-09-27 14:14:13] [build-stdout] [2026-09-27 14:14:13] [autobuild] Detected dependency 'io.github.oshai:kotlin-logging:5.1.0': project = ':modules:control-panel', configuration = 'ktlintReporter'
[2026-09-27 14:14:13] [build-stdout] [2026-09-27 14:14:13] [autobuild] Detected dependency 'io.github.oshai:kotlin-logging-jvm:7.0.7': project = ':modules:control-panel', configuration = 'ktlintReporter'
[2026-09-27 14:14:13] [build-stdout] [2026-09-27 14:14:13] [autobuild] Detected dependency 'org.jetbrains.kotlin:kotlin-stdlib:2.2.0': project = ':modules:control-panel', configuration = 'ktlintReporter'
[2026-09-27 14:14:13] [build-stdout] [2026-09-27 14:14:13] [autobuild] Detected dependency 'org.jetbrains:annotations:13.0': project = ':modules:control-panel', configuration = 'ktlintReporter'
[2026-09-27 14:14:13] [build-stdout] [2026-09-27 14:14:13] [autobuild] Detected dependency 'org.jetbrains.kotlin:kotlin-stdlib-common:2.2.0': project = ':modules:control-panel', configuration = 'ktlintReporter'
[2026-09-27 14:14:13] [build-stdout] [2026-09-27 14:14:13] [autobuild] Detected dependency 'org.jetbrains.kotlin:kotlin-stdlib-jdk8:1.8.0': project = ':modules:control-panel', configuration = 'ktlintReporter'
[2026-09-27 14:14:13] [build-stdout] [2026-09-27 14:14:13] [autobuild] Detected dependency 'org.jetbrains.kotlin:kotlin-stdlib-jdk7:1.8.0': project = ':modules:control-panel', configuration = 'ktlintReporter'
[2026-09-27 14:14:13] [build-stdout] [2026-09-27 14:14:13] [autobuild] Detected dependency 'io.github.detekt.sarif4k:sarif4k:0.6.0': project = ':modules:control-panel', configuration = 'ktlintReporter'
[2026-09-27 14:14:13] [build-stdout] [2026-09-27 14:14:13] [autobuild] Detected dependency 'io.github.detekt.sarif4k:sarif4k-jvm:0.6.0': project = ':modules:control-panel', configuration = 'ktlintReporter'
[2026-09-27 14:14:13] [build-stdout] [2026-09-27 14:14:13] [autobuild] Detected dependency 'org.jetbrains.kotlinx:kotlinx-serialization-json:1.4.1': project = ':modules:control-panel', configuration = 'ktlintReporter'
[2026-09-27 14:14:13] [build-stdout] [2026-09-27 14:14:13] [autobuild] Detected dependency 'org.jetbrains.kotlinx:kotlinx-serialization-json-jvm:1.4.1': project = ':modules:control-panel', configuration = 'ktlintReporter'
[2026-09-27 14:14:13] [build-stdout] [2026-09-27 14:14:13] [autobuild] Detected dependency 'org.jetbrains.kotlinx:kotlinx-serialization-core:1.4.1': project = ':modules:control-panel', configuration = 'ktlintReporter'
[2026-09-27 14:14:13] [build-stdout] [2026-09-27 14:14:13] [autobuild] Detected dependency 'org.jetbrains.kotlinx:kotlinx-serialization-core-jvm:1.4.1': project = ':modules:control-panel', configuration = 'ktlintReporter'
[2026-09-27 14:14:13] [build-stdout] [2026-09-27 14:14:13] [autobuild] Detected dependency 'io.github.detekt.sarif4k:sarif4k:0.6.0': project = ':modules:control-panel', configuration = 'ktlintReporter'
[2026-09-27 14:14:13] [build-stdout] [2026-09-27 14:14:13] [autobuild] Detected dependency 'io.github.oshai:kotlin-logging:5.1.0': project = ':modules:control-panel', configuration = 'ktlintReporter'
[2026-09-27 14:14:13] [build-stdout] [2026-09-27 14:14:13] [autobuild] Detected dependency 'io.github.oshai:kotlin-logging-jvm:7.0.7': project = ':modules:control-panel', configuration = 'ktlintReporter'
[2026-09-27 14:14:13] [build-stdout] [2026-09-27 14:14:13] [autobuild] Detected dependency 'io.github.detekt.sarif4k:sarif4k-jvm:0.6.0': project = ':modules:control-panel', configuration = 'ktlintReporter'
[2026-09-27 14:14:13] [build-stdout] [2026-09-27 14:14:13] [autobuild] Detected dependency 'org.jetbrains.kotlin:kotlin-stdlib:2.2.0': project = ':modules:control-panel', configuration = 'ktlintReporter'
[2026-09-27 14:14:13] [build-stdout] [2026-09-27 14:14:13] [autobuild] Detected dependency 'org.jetbrains:annotations:13.0': project = ':modules:control-panel', configuration = 'ktlintReporter'
[2026-09-27 14:14:13] [build-stdout] [2026-09-27 14:14:13] [autobuild] Detected dependency 'org.jetbrains.kotlin:kotlin-stdlib:2.2.21': project = ':modules:deal-sourcing', configuration = 'runtimeClasspath'
[2026-09-27 14:14:13] [build-stdout] [2026-09-27 14:14:13] [autobuild] Detected dependency 'org.jetbrains:annotations:13.0': project = ':modules:deal-sourcing', configuration = 'runtimeClasspath'
[2026-09-27 14:14:13] [build-stdout] [2026-09-27 14:14:13] [autobuild] Detected dependency 'project :modules:persistence': project = ':modules:deal-sourcing', configuration = 'runtimeClasspath'
[2026-09-27 14:14:13] [build-stdout] [2026-09-27 14:14:13] [autobuild] Detected dependency 'com.pinterest.ktlint:ktlint-ruleset-standard:1.7.1': project = ':modules:analytics', configuration = 'ktlintRuleset'
[2026-09-27 14:14:13] [build-stdout] [2026-09-27 14:14:13] [autobuild] Detected dependency 'com.pinterest.ktlint:ktlint-logger:1.7.1': project = ':modules:analytics', configuration = 'ktlintRuleset'
[2026-09-27 14:14:13] [build-stdout] [2026-09-27 14:14:13] [autobuild] Detected dependency 'dev.drewhamilton.poko:poko-annotations:0.19.1': project = ':modules:analytics', configuration = 'ktlintRuleset'
[2026-09-27 14:14:13] [build-stdout] [2026-09-27 14:14:13] [autobuild] Detected dependency 'dev.drewhamilton.poko:poko-annotations-jvm:0.19.1': project = ':modules:analytics', configuration = 'ktlintRuleset'
[2026-09-27 14:14:13] [build-stdout] [2026-09-27 14:14:13] [autobuild] Detected dependency 'org.jetbrains.kotlin:kotlin-stdlib:2.2.0': project = ':modules:analytics', configuration = 'ktlintRuleset'
[2026-09-27 14:14:13] [build-stdout] [2026-09-27 14:14:13] [autobuild] Detected dependency 'org.jetbrains:annotations:13.0': project = ':modules:analytics', configuration = 'ktlintRuleset'
[2026-09-27 14:14:13] [build-stdout] [2026-09-27 14:14:13] [autobuild] Detected dependency 'io.github.oshai:kotlin-logging-jvm:7.0.7': project = ':modules:analytics', configuration = 'ktlintRuleset'
[2026-09-27 14:14:13] [build-stdout] [2026-09-27 14:14:13] [autobuild] Detected dependency 'com.pinterest.ktlint:ktlint-cli-ruleset-core:1.7.1': project = ':modules:analytics', configuration = 'ktlintRuleset'
[2026-09-27 14:14:13] [build-stdout] [2026-09-27 14:14:13] [autobuild] Detected dependency 'com.pinterest.ktlint:ktlint-rule-engine-core:1.7.1': project = ':modules:analytics', configuration = 'ktlintRuleset'
[2026-09-27 14:14:13] [build-stdout] [2026-09-27 14:14:13] [autobuild] Detected dependency 'org.jetbrains.kotlin:kotlin-compiler-embeddable:2.2.0': project = ':modules:analytics', configuration = 'ktlintRuleset'
[2026-09-27 14:14:13] [build-stdout] [2026-09-27 14:14:13] [autobuild] Detected dependency 'org.jetbrains.kotlin:kotlin-script-runtime:2.2.0': project = ':modules:analytics', configuration = 'ktlintRuleset'
[2026-09-27 14:14:13] [build-stdout] [2026-09-27 14:14:13] [autobuild] Detected dependency 'org.jetbrains.kotlin:kotlin-reflect:1.6.10': project = ':modules:analytics', configuration = 'ktlintRuleset'
[2026-09-27 14:14:13] [build-stdout] [2026-09-27 14:14:13] [autobuild] Detected dependency 'org.jetbrains.kotlin:kotlin-daemon-embeddable:2.2.0': project = ':modules:analytics', configuration = 'ktlintRuleset'
[2026-09-27 14:14:13] [build-stdout] [2026-09-27 14:14:13] [autobuild] Detected dependency 'com.pinterest.ktlint:ktlint-ruleset-standard:1.7.1': project = ':modules:ontology', configuration = 'ktlintRuleset'
[2026-09-27 14:14:13] [build-stdout] [2026-09-27 14:14:13] [autobuild] Detected dependency 'com.pinterest.ktlint:ktlint-logger:1.7.1': project = ':modules:ontology', configuration = 'ktlintRuleset'
[2026-09-27 14:14:13] [build-stdout] [2026-09-27 14:14:13] [autobuild] Detected dependency 'dev.drewhamilton.poko:poko-annotations:0.19.1': project = ':modules:ontology', configuration = 'ktlintRuleset'
[2026-09-27 14:14:13] [build-stdout] [2026-09-27 14:14:13] [autobuild] Detected dependency 'com.pinterest.ktlint:ktlint-cli-ruleset-core:1.7.1': project = ':modules:ontology', configuration = 'ktlintRuleset'
[2026-09-27 14:14:13] [build-stdout] [2026-09-27 14:14:13] [autobuild] Detected dependency 'com.pinterest.ktlint:ktlint-rule-engine-core:1.7.1': project = ':modules:ontology', configuration = 'ktlintRuleset'
[2026-09-27 14:14:13] [build-stdout] [2026-09-27 14:14:13] [autobuild] Detected dependency 'org.jetbrains.kotlin:kotlin-stdlib:2.2.0': project = ':modules:ontology', configuration = 'ktlintRuleset'
[2026-09-27 14:14:13] [build-stdout] [2026-09-27 14:14:13] [autobuild] Detected dependency 'io.github.oshai:kotlin-logging-jvm:7.0.7': project = ':modules:ontology', configuration = 'ktlintRuleset'
[2026-09-27 14:14:13] [build-stdout] [2026-09-27 14:14:13] [autobuild] Detected dependency 'dev.drewhamilton.poko:poko-annotations-jvm:0.19.1': project = ':modules:ontology', configuration = 'ktlintRuleset'
[2026-09-27 14:14:13] [build-stdout] [2026-09-27 14:14:13] [autobuild] Detected dependency 'org.jetbrains.kotlin:kotlin-compiler-embeddable:2.2.0': project = ':modules:ontology', configuration = 'ktlintRuleset'
[2026-09-27 14:14:13] [build-stdout] [2026-09-27 14:14:13] [autobuild] Detected dependency 'org.ec4j.core:ec4j-core:1.1.1': project = ':modules:ontology', configuration = 'ktlintRuleset'
[2026-09-27 14:14:13] [build-stdout] [2026-09-27 14:14:13] [autobuild] Detected dependency 'org.jetbrains:annotations:13.0': project = ':modules:ontology', configuration = 'ktlintRuleset'
[2026-09-27 14:14:13] [build-stdout] [2026-09-27 14:14:13] [autobuild] Detected dependency 'org.jetbrains.kotlin:kotlin-script-runtime:2.2.0': project = ':modules:ontology', configuration = 'ktlintRuleset'
[2026-09-27 14:14:13] [build-stdout] [2026-09-27 14:14:13] [autobuild] Detected dependency 'org.jetbrains.kotlin:kotlin-reflect:1.6.10': project = ':modules:ontology', configuration = 'ktlintRuleset'
[2026-09-27 14:14:13] [build-stdout] [2026-09-27 14:14:13] [autobuild] Detected dependency 'org.jetbrains.kotlin:kotlin-daemon-embeddable:2.2.0': project = ':modules:ontology', configuration = 'ktlintRuleset'
[2026-09-27 14:14:13] [build-stdout] [2026-09-27 14:14:13] [autobuild] Detected dependency 'org.jetbrains.kotlinx:kotlinx-coroutines-core-jvm:1.8.0': project = ':modules:ontology', configuration = 'ktlintRuleset'
[2026-09-27 14:14:13] [build-stdout] [2026-09-27 14:14:13] [autobuild] Detected dependency 'org.jetbrains.kotlin:kotlin-stdlib:2.2.21': project = ':modules:lookthrough', configuration = 'runtimeClasspath'
[2026-09-27 14:14:13] [build-stdout] [2026-09-27 14:14:13] [autobuild] Detected dependency 'org.jetbrains:annotations:13.0': project = ':modules:lookthrough', configuration = 'runtimeClasspath'
[2026-09-27 14:14:13] [build-stdout] [2026-09-27 14:14:13] [autobuild] Detected dependency 'org.jetbrains.kotlin:kotlin-stdlib:2.2.21': project = ':modules:recon', configuration = 'runtimeClasspath'
[2026-09-27 14:14:13] [build-stdout] [2026-09-27 14:14:13] [autobuild] Detected dependency 'org.jetbrains:annotations:13.0': project = ':modules:recon', configuration = 'runtimeClasspath'
[2026-09-27 14:14:13] [build-stdout] [2026-09-27 14:14:13] [autobuild] Detected dependency 'project :modules:ibor-core': project = ':modules:recon', configuration = 'runtimeClasspath'
[2026-09-27 14:14:13] [build-stdout] [2026-09-27 14:14:13] [autobuild] Detected dependency 'project :modules:analytics': project = ':modules:recon', configuration = 'runtimeClasspath'
[2026-09-27 14:14:13] [build-stdout] [2026-09-27 14:14:13] [autobuild] Detected dependency 'project :modules:persistence': project = ':modules:recon', configuration = 'runtimeClasspath'
[2026-09-27 14:14:13] [build-stdout] [2026-09-27 14:14:13] [autobuild] Detected dependency 'project :modules:lookthrough': project = ':modules:recon', configuration = 'runtimeClasspath'
[2026-09-27 14:14:13] [build-stdout] [2026-09-27 14:14:13] [autobuild] Detected dependency 'project :modules:persistence': project = ':modules:recon', configuration = 'runtimeClasspath'
[2026-09-27 14:14:13] [build-stdout] [2026-09-27 14:14:13] [autobuild] Detected dependency 'com.fasterxml.jackson.core:jackson-databind:2.19.2': project = ':modules:recon', configuration = 'runtimeClasspath'
[2026-09-27 14:14:13] [build-stdout] [2026-09-27 14:14:13] [autobuild] Detected dependency 'com.fasterxml.jackson.core:jackson-annotations:2.19.2': project = ':modules:recon', configuration = 'runtimeClasspath'
[2026-09-27 14:14:13] [build-stdout] [2026-09-27 14:14:13] [autobuild] Detected dependency 'com.fasterxml.jackson:jackson-bom:2.19.2': project = ':modules:recon', configuration = 'runtimeClasspath'
[2026-09-27 14:14:13] [build-stdout] [2026-09-27 14:14:13] [autobuild] Detected dependency 'com.fasterxml.jackson.core:jackson-core:2.19.2': project = ':modules:recon', configuration = 'runtimeClasspath'
[2026-09-27 14:14:13] [build-stdout] [2026-09-27 14:14:13] [autobuild] Detected dependency 'io.github.oshai:kotlin-logging:5.1.0': project = ':modules:persistence', configuration = 'ktlintReporter'
[2026-09-27 14:14:13] [build-stdout] [2026-09-27 14:14:13] [autobuild] Detected dependency 'io.github.oshai:kotlin-logging-jvm:7.0.7': project = ':modules:persistence', configuration = 'ktlintReporter'
[2026-09-27 14:14:13] [build-stdout] [2026-09-27 14:14:13] [autobuild] Detected dependency 'org.jetbrains.kotlin:kotlin-stdlib:2.2.0': project = ':modules:persistence', configuration = 'ktlintReporter'
[2026-09-27 14:14:13] [build-stdout] [2026-09-27 14:14:13] [autobuild] Detected dependency 'org.jetbrains:annotations:13.0': project = ':modules:persistence', configuration = 'ktlintReporter'
[2026-09-27 14:14:13] [build-stdout] [2026-09-27 14:14:13] [autobuild] Detected dependency 'org.jetbrains.kotlin:kotlin-stdlib-common:2.2.0': project = ':modules:persistence', configuration = 'ktlintReporter'
[2026-09-27 14:14:13] [build-stdout] [2026-09-27 14:14:13] [autobuild] Detected dependency 'org.jetbrains.kotlin:kotlin-stdlib-jdk8:1.8.0': project = ':modules:persistence', configuration = 'ktlintReporter'
[2026-09-27 14:14:13] [build-stdout] [2026-09-27 14:14:13] [autobuild] Detected dependency 'org.jetbrains.kotlin:kotlin-stdlib-jdk7:1.8.0': project = ':modules:persistence', configuration = 'ktlintReporter'
[2026-09-27 14:14:13] [build-stdout] [2026-09-27 14:14:13] [autobuild] Detected dependency 'io.github.detekt.sarif4k:sarif4k:0.6.0': project = ':modules:persistence', configuration = 'ktlintReporter'
[2026-09-27 14:14:13] [build-stdout] [2026-09-27 14:14:13] [autobuild] Detected dependency 'io.github.detekt.sarif4k:sarif4k-jvm:0.6.0': project = ':modules:persistence', configuration = 'ktlintReporter'
[2026-09-27 14:14:13] [build-stdout] [2026-09-27 14:14:13] [autobuild] Detected dependency 'org.jetbrains.kotlinx:kotlinx-serialization-json:1.4.1': project = ':modules:persistence', configuration = 'ktlintReporter'
[2026-09-27 14:14:13] [build-stdout] [2026-09-27 14:14:13] [autobuild] Detected dependency 'org.jetbrains.kotlinx:kotlinx-serialization-json-jvm:1.4.1': project = ':modules:persistence', configuration = 'ktlintReporter'
[2026-09-27 14:14:13] [build-stdout] [2026-09-27 14:14:13] [autobuild] Detected dependency 'org.jetbrains.kotlinx:kotlinx-serialization-core:1.4.1': project = ':modules:persistence', configuration = 'ktlintReporter'
[2026-09-27 14:14:13] [build-stdout] [2026-09-27 14:14:13] [autobuild] Detected dependency 'org.jetbrains.kotlinx:kotlinx-serialization-core-jvm:1.4.1': project = ':modules:persistence', configuration = 'ktlintReporter'
[2026-09-27 14:14:13] [build-stdout] [2026-09-27 14:14:13] [autobuild] Detected dependency 'io.github.detekt.sarif4k:sarif4k:0.6.0': project = ':modules:persistence', configuration = 'ktlintReporter'
[2026-09-27 14:14:13] [build-stdout] [2026-09-27 14:14:13] [autobuild] Detected dependency 'io.github.oshai:kotlin-logging:5.1.0': project = ':modules:persistence', configuration = 'ktlintReporter'
[2026-09-27 14:14:13] [build-stdout] [2026-09-27 14:14:13] [autobuild] Detected dependency 'io.github.oshai:kotlin-logging-jvm:7.0.7': project = ':modules:persistence', configuration = 'ktlintReporter'
[2026-09-27 14:14:13] [build-stdout] [2026-09-27 14:14:13] [autobuild] Detected dependency 'io.github.detekt.sarif4k:sarif4k-jvm:0.6.0': project = ':modules:persistence', configuration = 'ktlintReporter'
[2026-09-27 14:14:13] [build-stdout] [2026-09-27 14:14:13] [autobuild] Detected dependency 'org.jetbrains.kotlin:kotlin-stdlib:2.2.0': project = ':modules:persistence', configuration = 'ktlintReporter'
[2026-09-27 14:14:13] [build-stdout] [2026-09-27 14:14:13] [autobuild] Detected dependency 'org.jetbrains:annotations:13.0': project = ':modules:persistence', configuration = 'ktlintReporter'
[2026-09-27 14:14:13] [build-stdout] [2026-09-27 14:14:13] [autobuild] Detected dependency 'org.jetbrains.kotlin:kotlin-stdlib:2.2.21': project = ':modules:analytics', configuration = 'runtimeClasspath'
[2026-09-27 14:14:13] [build-stdout] [2026-09-27 14:14:13] [autobuild] Detected dependency 'org.jetbrains:annotations:13.0': project = ':modules:analytics', configuration = 'runtimeClasspath'
[2026-09-27 14:14:13] [build-stdout] [2026-09-27 14:14:13] [autobuild] Detected dependency 'project :modules:persistence': project = ':modules:analytics', configuration = 'runtimeClasspath'
[2026-09-27 14:14:13] [build-stdout] [2026-09-27 14:14:13] [autobuild] Detected dependency 'com.pinterest.ktlint:ktlint-ruleset-standard:1.7.1': project = ':modules:control-panel', configuration = 'ktlintRuleset'
[2026-09-27 14:14:13] [build-stdout] [2026-09-27 14:14:13] [autobuild] Detected dependency 'com.pinterest.ktlint:ktlint-logger:1.7.1': project = ':modules:control-panel', configuration = 'ktlintRuleset'
[2026-09-27 14:14:13] [build-stdout] [2026-09-27 14:14:13] [autobuild] Detected dependency 'dev.drewhamilton.poko:poko-annotations:0.19.1': project = ':modules:control-panel', configuration = 'ktlintRuleset'
[2026-09-27 14:14:13] [build-stdout] [2026-09-27 14:14:13] [autobuild] Detected dependency 'dev.drewhamilton.poko:poko-annotations-jvm:0.19.1': project = ':modules:control-panel', configuration = 'ktlintRuleset'
[2026-09-27 14:14:13] [build-stdout] [2026-09-27 14:14:13] [autobuild] Detected dependency 'org.jetbrains.kotlin:kotlin-stdlib:2.2.0': project = ':modules:control-panel', configuration = 'ktlintRuleset'
[2026-09-27 14:14:13] [build-stdout] [2026-09-27 14:14:13] [autobuild] Detected dependency 'org.jetbrains:annotations:13.0': project = ':modules:control-panel', configuration = 'ktlintRuleset'
[2026-09-27 14:14:13] [build-stdout] [2026-09-27 14:14:13] [autobuild] Detected dependency 'io.github.oshai:kotlin-logging-jvm:7.0.7': project = ':modules:control-panel', configuration = 'ktlintRuleset'
[2026-09-27 14:14:13] [build-stdout] [2026-09-27 14:14:13] [autobuild] Detected dependency 'com.pinterest.ktlint:ktlint-cli-ruleset-core:1.7.1': project = ':modules:control-panel', configuration = 'ktlintRuleset'
[2026-09-27 14:14:13] [build-stdout] [2026-09-27 14:14:13] [autobuild] Detected dependency 'com.pinterest.ktlint:ktlint-rule-engine-core:1.7.1': project = ':modules:control-panel', configuration = 'ktlintRuleset'
[2026-09-27 14:14:13] [build-stdout] [2026-09-27 14:14:13] [autobuild] Detected dependency 'org.jetbrains.kotlin:kotlin-compiler-embeddable:2.2.0': project = ':modules:control-panel', configuration = 'ktlintRuleset'
[2026-09-27 14:14:13] [build-stdout] [2026-09-27 14:14:13] [autobuild] Detected dependency 'org.jetbrains.kotlin:kotlin-script-runtime:2.2.0': project = ':modules:control-panel', configuration = 'ktlintRuleset'
[2026-09-27 14:14:13] [build-stdout] [2026-09-27 14:14:13] [autobuild] Detected dependency 'org.jetbrains.kotlin:kotlin-reflect:1.6.10': project = ':modules:control-panel', configuration = 'ktlintRuleset'
[2026-09-27 14:14:13] [build-stdout] [2026-09-27 14:14:13] [autobuild] Detected dependency 'org.jetbrains.kotlin:kotlin-daemon-embeddable:2.2.0': project = ':modules:control-panel', configuration = 'ktlintRuleset'
[2026-09-27 14:14:13] [build-stdout] [2026-09-27 14:14:13] [autobuild] Detected dependency 'org.jetbrains.kotlinx:kotlinx-coroutines-core-jvm:1.8.0': project = ':modules:control-panel', configuration = 'ktlintRuleset'
[2026-09-27 14:14:13] [build-stdout] [2026-09-27 14:14:13] [autobuild] Detected dependency 'org.ec4j.core:ec4j-core:1.1.1': project = ':modules:control-panel', configuration = 'ktlintRuleset'
[2026-09-27 14:14:13] [build-stdout] [2026-09-27 14:14:13] [autobuild] Detected dependency 'com.pinterest.ktlint:ktlint-ruleset-standard:1.7.1': project = ':modules:control-panel', configuration = 'ktlintRuleset'
[2026-09-27 14:14:13] [build-stdout] [2026-09-27 14:14:13] [autobuild] Detected dependency 'com.pinterest.ktlint:ktlint-logger:1.7.1': project = ':modules:control-panel', configuration = 'ktlintRuleset'
[2026-09-27 14:14:13] [build-stdout] [2026-09-27 14:14:13] [autobuild] Detected dependency 'dev.drewhamilton.poko:poko-annotations:0.19.1': project = ':modules:control-panel', configuration = 'ktlintRuleset'
[2026-09-27 14:14:13] [build-stdout] [2026-09-27 14:14:13] [autobuild] Detected dependency 'com.pinterest.ktlint:ktlint-cli-ruleset-core:1.7.1': project = ':modules:control-panel', configuration = 'ktlintRuleset'
[2026-09-27 14:14:13] [build-stdout] [2026-09-27 14:14:13] [autobuild] Detected dependency 'com.pinterest.ktlint:ktlint-rule-engine-core:1.7.1': project = ':modules:control-panel', configuration = 'ktlintRuleset'
[2026-09-27 14:14:13] [build-stdout] [2026-09-27 14:14:13] [autobuild] Detected dependency 'org.jetbrains.kotlin:kotlin-stdlib:2.2.0': project = ':modules:control-panel', configuration = 'ktlintRuleset'
[2026-09-27 14:14:13] [build-stdout] [2026-09-27 14:14:13] [autobuild] Detected dependency 'io.github.oshai:kotlin-logging-jvm:7.0.7': project = ':modules:control-panel', configuration = 'ktlintRuleset'
[2026-09-27 14:14:13] [build-stdout] [2026-09-27 14:14:13] [autobuild] Detected dependency 'dev.drewhamilton.poko:poko-annotations-jvm:0.19.1': project = ':modules:control-panel', configuration = 'ktlintRuleset'
[2026-09-27 14:14:13] [build-stdout] [2026-09-27 14:14:13] [autobuild] Detected dependency 'org.jetbrains.kotlin:kotlin-compiler-embeddable:2.2.0': project = ':modules:control-panel', configuration = 'ktlintRuleset'
[2026-09-27 14:14:13] [build-stdout] [2026-09-27 14:14:13] [autobuild] Detected dependency 'org.ec4j.core:ec4j-core:1.1.1': project = ':modules:control-panel', configuration = 'ktlintRuleset'
[2026-09-27 14:14:13] [build-stdout] [2026-09-27 14:14:13] [autobuild] Detected dependency 'org.jetbrains:annotations:13.0': project = ':modules:control-panel', configuration = 'ktlintRuleset'
[2026-09-27 14:14:13] [build-stdout] [2026-09-27 14:14:13] [autobuild] Detected dependency 'org.jetbrains.kotlin:kotlin-script-runtime:2.2.0': project = ':modules:control-panel', configuration = 'ktlintRuleset'
[2026-09-27 14:14:13] [build-stdout] [2026-09-27 14:14:13] [autobuild] Detected dependency 'org.jetbrains.kotlin:kotlin-reflect:1.6.10': project = ':modules:control-panel', configuration = 'ktlintRuleset'
[2026-09-27 14:14:13] [build-stdout] [2026-09-27 14:14:13] [autobuild] Detected dependency 'org.jetbrains.kotlin:kotlin-daemon-embeddable:2.2.0': project = ':modules:control-panel', configuration = 'ktlintRuleset'
[2026-09-27 14:14:13] [build-stdout] [2026-09-27 14:14:13] [autobuild] Detected dependency 'org.jetbrains.kotlinx:kotlinx-coroutines-core-jvm:1.8.0': project = ':modules:control-panel', configuration = 'ktlintRuleset'
[2026-09-27 14:14:13] [build-stdout] [2026-09-27 14:14:13] [autobuild] Detected dependency 'org.jetbrains.kotlin:kotlin-stdlib:2.2.21': project = ':modules:control-panel', configuration = 'runtimeClasspath'
[2026-09-27 14:14:13] [build-stdout] [2026-09-27 14:14:13] [autobuild] Detected dependency 'org.jetbrains:annotations:13.0': project = ':modules:control-panel', configuration = 'runtimeClasspath'
[2026-09-27 14:14:13] [build-stdout] [2026-09-27 14:14:13] [autobuild] Detected dependency 'com.fasterxml.jackson.core:jackson-databind:2.19.2': project = ':modules:control-panel', configuration = 'runtimeClasspath'
[2026-09-27 14:14:13] [build-stdout] [2026-09-27 14:14:13] [autobuild] Detected dependency 'com.fasterxml.jackson.core:jackson-annotations:2.19.2': project = ':modules:control-panel', configuration = 'runtimeClasspath'
[2026-09-27 14:14:13] [build-stdout] [2026-09-27 14:14:13] [autobuild] Detected dependency 'com.fasterxml.jackson:jackson-bom:2.19.2': project = ':modules:control-panel', configuration = 'runtimeClasspath'
[2026-09-27 14:14:13] [build-stdout] [2026-09-27 14:14:13] [autobuild] Detected dependency 'com.fasterxml.jackson.core:jackson-core:2.19.2': project = ':modules:control-panel', configuration = 'runtimeClasspath'
[2026-09-27 14:14:13] [build-stdout] [2026-09-27 14:14:13] [autobuild] Detected dependency 'com.fasterxml.jackson.module:jackson-module-kotlin:2.19.2': project = ':modules:control-panel', configuration = 'runtimeClasspath'
[2026-09-27 14:14:13] [build-stdout] [2026-09-27 14:14:13] [autobuild] Detected dependency 'org.jetbrains.kotlin:kotlin-reflect:1.9.25': project = ':modules:control-panel', configuration = 'runtimeClasspath'
[2026-09-27 14:14:13] [build-stdout] [2026-09-27 14:14:13] [autobuild] Detected dependency 'com.fasterxml.jackson.module:jackson-module-kotlin:2.19.2': project = ':modules:control-panel', configuration = 'runtimeClasspath'
[2026-09-27 14:14:13] [build-stdout] [2026-09-27 14:14:13] [autobuild] Detected dependency 'com.pinterest.ktlint:ktlint-ruleset-standard:1.7.1': project = ':modules:persistence', configuration = 'ktlintRuleset'
[2026-09-27 14:14:13] [build-stdout] [2026-09-27 14:14:13] [autobuild] Detected dependency 'com.pinterest.ktlint:ktlint-logger:1.7.1': project = ':modules:persistence', configuration = 'ktlintRuleset'
[2026-09-27 14:14:13] [build-stdout] [2026-09-27 14:14:13] [autobuild] Detected dependency 'dev.drewhamilton.poko:poko-annotations:0.19.1': project = ':modules:persistence', configuration = 'ktlintRuleset'
[2026-09-27 14:14:13] [build-stdout] [2026-09-27 14:14:13] [autobuild] Detected dependency 'dev.drewhamilton.poko:poko-annotations-jvm:0.19.1': project = ':modules:persistence', configuration = 'ktlintRuleset'
[2026-09-27 14:14:13] [build-stdout] [2026-09-27 14:14:13] [autobuild] Detected dependency 'org.jetbrains.kotlin:kotlin-stdlib:2.2.0': project = ':modules:persistence', configuration = 'ktlintRuleset'
[2026-09-27 14:14:13] [build-stdout] [2026-09-27 14:14:13] [autobuild] Detected dependency 'org.jetbrains:annotations:13.0': project = ':modules:persistence', configuration = 'ktlintRuleset'
[2026-09-27 14:14:13] [build-stdout] [2026-09-27 14:14:13] [autobuild] Detected dependency 'io.github.oshai:kotlin-logging-jvm:7.0.7': project = ':modules:persistence', configuration = 'ktlintRuleset'
[2026-09-27 14:14:13] [build-stdout] [2026-09-27 14:14:13] [autobuild] Detected dependency 'com.pinterest.ktlint:ktlint-cli-ruleset-core:1.7.1': project = ':modules:persistence', configuration = 'ktlintRuleset'
[2026-09-27 14:14:13] [build-stdout] [2026-09-27 14:14:13] [autobuild] Detected dependency 'com.pinterest.ktlint:ktlint-rule-engine-core:1.7.1': project = ':modules:persistence', configuration = 'ktlintRuleset'
[2026-09-27 14:14:13] [build-stdout] [2026-09-27 14:14:13] [autobuild] Detected dependency 'org.jetbrains.kotlin:kotlin-compiler-embeddable:2.2.0': project = ':modules:persistence', configuration = 'ktlintRuleset'
[2026-09-27 14:14:13] [build-stdout] [2026-09-27 14:14:13] [autobuild] Detected dependency 'org.jetbrains.kotlin:kotlin-script-runtime:2.2.0': project = ':modules:persistence', configuration = 'ktlintRuleset'
[2026-09-27 14:14:13] [build-stdout] [2026-09-27 14:14:13] [autobuild] Detected dependency 'org.jetbrains.kotlin:kotlin-reflect:1.6.10': project = ':modules:persistence', configuration = 'ktlintRuleset'
[2026-09-27 14:14:13] [build-stdout] [2026-09-27 14:14:13] [autobuild] Detected dependency 'org.jetbrains.kotlin:kotlin-daemon-embeddable:2.2.0': project = ':modules:persistence', configuration = 'ktlintRuleset'
[2026-09-27 14:14:13] [build-stdout] [2026-09-27 14:14:13] [autobuild] Detected dependency 'org.jetbrains.kotlinx:kotlinx-coroutines-core-jvm:1.8.0': project = ':modules:persistence', configuration = 'ktlintRuleset'
[2026-09-27 14:14:13] [build-stdout] [2026-09-27 14:14:13] [autobuild] Detected dependency 'org.ec4j.core:ec4j-core:1.1.1': project = ':modules:persistence', configuration = 'ktlintRuleset'
[2026-09-27 14:14:13] [build-stdout] [2026-09-27 14:14:13] [autobuild] Detected dependency 'com.pinterest.ktlint:ktlint-ruleset-standard:1.7.1': project = ':modules:persistence', configuration = 'ktlintRuleset'
[2026-09-27 14:14:13] [build-stdout] [2026-09-27 14:14:13] [autobuild] Detected dependency 'com.pinterest.ktlint:ktlint-logger:1.7.1': project = ':modules:persistence', configuration = 'ktlintRuleset'
[2026-09-27 14:14:13] [build-stdout] [2026-09-27 14:14:13] [autobuild] Detected dependency 'dev.drewhamilton.poko:poko-annotations:0.19.1': project = ':modules:persistence', configuration = 'ktlintRuleset'
[2026-09-27 14:14:13] [build-stdout] [2026-09-27 14:14:13] [autobuild] Detected dependency 'com.pinterest.ktlint:ktlint-cli-ruleset-core:1.7.1': project = ':modules:persistence', configuration = 'ktlintRuleset'
[2026-09-27 14:14:13] [build-stdout] [2026-09-27 14:14:13] [autobuild] Detected dependency 'com.pinterest.ktlint:ktlint-rule-engine-core:1.7.1': project = ':modules:persistence', configuration = 'ktlintRuleset'
[2026-09-27 14:14:13] [build-stdout] [2026-09-27 14:14:13] [autobuild] Detected dependency 'org.jetbrains.kotlin:kotlin-stdlib:2.2.0': project = ':modules:persistence', configuration = 'ktlintRuleset'
[2026-09-27 14:14:13] [build-stdout] [2026-09-27 14:14:13] [autobuild] Detected dependency 'io.github.oshai:kotlin-logging-jvm:7.0.7': project = ':modules:persistence', configuration = 'ktlintRuleset'
[2026-09-27 14:14:13] [build-stdout] [2026-09-27 14:14:13] [autobuild] Detected dependency 'dev.drewhamilton.poko:poko-annotations-jvm:0.19.1': project = ':modules:persistence', configuration = 'ktlintRuleset'
[2026-09-27 14:14:13] [build-stdout] [2026-09-27 14:14:13] [autobuild] Detected dependency 'org.jetbrains.kotlin:kotlin-compiler-embeddable:2.2.0': project = ':modules:persistence', configuration = 'ktlintRuleset'
[2026-09-27 14:14:13] [build-stdout] [2026-09-27 14:14:13] [autobuild] Detected dependency 'org.ec4j.core:ec4j-core:1.1.1': project = ':modules:persistence', configuration = 'ktlintRuleset'
[2026-09-27 14:14:13] [build-stdout] [2026-09-27 14:14:13] [autobuild] Detected dependency 'org.jetbrains:annotations:13.0': project = ':modules:persistence', configuration = 'ktlintRuleset'
[2026-09-27 14:14:13] [build-stdout] [2026-09-27 14:14:13] [autobuild] Detected dependency 'org.jetbrains.kotlin:kotlin-script-runtime:2.2.0': project = ':modules:persistence', configuration = 'ktlintRuleset'
[2026-09-27 14:14:13] [build-stdout] [2026-09-27 14:14:13] [autobuild] Detected dependency 'org.jetbrains.kotlin:kotlin-reflect:1.6.10': project = ':modules:persistence', configuration = 'ktlintRuleset'
[2026-09-27 14:14:13] [build-stdout] [2026-09-27 14:14:13] [autobuild] Detected dependency 'org.jetbrains.kotlin:kotlin-daemon-embeddable:2.2.0': project = ':modules:persistence', configuration = 'ktlintRuleset'
[2026-09-27 14:14:13] [build-stdout] [2026-09-27 14:14:13] [autobuild] Detected dependency 'org.jetbrains.kotlinx:kotlinx-coroutines-core-jvm:1.8.0': project = ':modules:persistence', configuration = 'ktlintRuleset'
[2026-09-27 14:14:13] [build-stdout] [2026-09-27 14:14:13] [autobuild] Detected dependency 'org.jetbrains.kotlin:kotlin-stdlib:2.2.21': project = ':modules:ontology', configuration = 'runtimeClasspath'
[2026-09-27 14:14:13] [build-stdout] [2026-09-27 14:14:13] [autobuild] Detected dependency 'org.jetbrains:annotations:13.0': project = ':modules:ontology', configuration = 'runtimeClasspath'
[2026-09-27 14:14:13] [build-stdout] [2026-09-27 14:14:13] [autobuild] Detected dependency 'org.apache.jena:jena-shacl:6.1.0': project = ':modules:ontology', configuration = 'runtimeClasspath'
[2026-09-27 14:14:13] [build-stdout] [2026-09-27 14:14:13] [autobuild] Detected dependency 'org.apache.jena:jena-arq:6.1.0': project = ':modules:ontology', configuration = 'runtimeClasspath'
[2026-09-27 14:14:13] [build-stdout] [2026-09-27 14:14:13] [autobuild] Detected dependency 'org.apache.jena:jena-core:6.1.0': project = ':modules:ontology', configuration = 'runtimeClasspath'
[2026-09-27 14:14:13] [build-stdout] [2026-09-27 14:14:13] [autobuild] Detected dependency 'org.apache.jena:jena-base:6.1.0': project = ':modules:ontology', configuration = 'runtimeClasspath'
[2026-09-27 14:14:13] [build-stdout] [2026-09-27 14:14:13] [autobuild] Detected dependency 'org.slf4j:slf4j-api:2.0.17': project = ':modules:ontology', configuration = 'runtimeClasspath'
[2026-09-27 14:14:13] [build-stdout] [2026-09-27 14:14:13] [autobuild] Detected dependency 'org.apache.commons:commons-csv:1.14.1': project = ':modules:ontology', configuration = 'runtimeClasspath'
[2026-09-27 14:14:13] [build-stdout] [2026-09-27 14:14:13] [autobuild] Detected dependency 'commons-io:commons-io:2.22.0': project = ':modules:ontology', configuration = 'runtimeClasspath'
[2026-09-27 14:14:13] [build-stdout] [2026-09-27 14:14:13] [autobuild] Detected dependency 'commons-codec:commons-codec:1.22.0': project = ':modules:ontology', configuration = 'runtimeClasspath'
[2026-09-27 14:14:13] [build-stdout] [2026-09-27 14:14:13] [autobuild] Detected dependency 'org.apache.commons:commons-lang3:3.20.0': project = ':modules:ontology', configuration = 'runtimeClasspath'
[2026-09-27 14:14:13] [build-stdout] [2026-09-27 14:14:13] [autobuild] Detected dependency 'org.apache.commons:commons-compress:1.28.0': project = ':modules:ontology', configuration = 'runtimeClasspath'
[2026-09-27 14:14:13] [build-stdout] [2026-09-27 14:14:13] [autobuild] Detected dependency 'org.apache.commons:commons-collections4:4.5.0': project = ':modules:ontology', configuration = 'runtimeClasspath'
[2026-09-27 14:14:13] [build-stdout] [2026-09-27 14:14:13] [autobuild] Detected dependency 'com.github.ben-manes.caffeine:caffeine:3.2.3': project = ':modules:ontology', configuration = 'runtimeClasspath'
[2026-09-27 14:14:13] [build-stdout] [2026-09-27 14:14:13] [autobuild] Detected dependency 'org.jspecify:jspecify:1.0.0': project = ':modules:ontology', configuration = 'runtimeClasspath'
[2026-09-27 14:14:13] [build-stdout] [2026-09-27 14:14:13] [autobuild] Detected dependency 'com.github.andrewoma.dexx:collection:0.7': project = ':modules:ontology', configuration = 'runtimeClasspath'
[2026-09-27 14:14:13] [build-stdout] [2026-09-27 14:14:13] [autobuild] Detected dependency 'org.apache.jena:jena-iri3986:6.1.0': project = ':modules:ontology', configuration = 'runtimeClasspath'
[2026-09-27 14:14:13] [build-stdout] [2026-09-27 14:14:13] [autobuild] Detected dependency 'org.apache.jena:jena-langtag:6.1.0': project = ':modules:ontology', configuration = 'runtimeClasspath'
[2026-09-27 14:14:13] [build-stdout] [2026-09-27 14:14:13] [autobuild] Detected dependency 'org.roaringbitmap:RoaringBitmap:1.6.14': project = ':modules:ontology', configuration = 'runtimeClasspath'
[2026-09-27 14:14:13] [build-stdout] [2026-09-27 14:14:13] [autobuild] Detected dependency 'com.google.code.gson:gson:2.13.2': project = ':modules:ontology', configuration = 'runtimeClasspath'
[2026-09-27 14:14:13] [build-stdout] [2026-09-27 14:14:13] [autobuild] Detected dependency 'com.google.errorprone:error_prone_annotations:2.41.0': project = ':modules:ontology', configuration = 'runtimeClasspath'
[2026-09-27 14:14:13] [build-stdout] [2026-09-27 14:14:13] [autobuild] Detected dependency 'org.slf4j:jcl-over-slf4j:2.0.17': project = ':modules:ontology', configuration = 'runtimeClasspath'
[2026-09-27 14:14:13] [build-stdout] [2026-09-27 14:14:13] [autobuild] Detected dependency 'com.apicatalog:titanium-json-ld:1.7.0': project = ':modules:ontology', configuration = 'runtimeClasspath'
[2026-09-27 14:14:13] [build-stdout] [2026-09-27 14:14:13] [autobuild] Detected dependency 'com.apicatalog:titanium-jcs:1.1.1': project = ':modules:ontology', configuration = 'runtimeClasspath'
[2026-09-27 14:14:13] [build-stdout] [2026-09-27 14:14:13] [autobuild] Detected dependency 'com.apicatalog:titanium-rdf-api:1.0.0': project = ':modules:ontology', configuration = 'runtimeClasspath'
[2026-09-27 14:14:13] [build-stdout] [2026-09-27 14:14:13] [autobuild] Detected dependency 'com.apicatalog:titanium-rdf-n-quads:1.0.2': project = ':modules:ontology', configuration = 'runtimeClasspath'
[2026-09-27 14:14:13] [build-stdout] [2026-09-27 14:14:13] [autobuild] Detected dependency 'org.glassfish:jakarta.json:2.0.1': project = ':modules:ontology', configuration = 'runtimeClasspath'
[2026-09-27 14:14:13] [build-stdout] [2026-09-27 14:14:13] [autobuild] Detected dependency 'com.google.protobuf:protobuf-java:4.34.1': project = ':modules:ontology', configuration = 'runtimeClasspath'
[2026-09-27 14:14:13] [build-stdout] [2026-09-27 14:14:13] [autobuild] Detected dependency 'org.apache.thrift:libthrift:0.22.0': project = ':modules:ontology', configuration = 'runtimeClasspath'
[2026-09-27 14:14:13] [build-stdout] [2026-09-27 14:14:13] [autobuild] Detected dependency 'org.apache.jena:jena-arq:6.1.0': project = ':modules:ontology', configuration = 'runtimeClasspath'
[2026-09-27 14:14:13] [build-stdout] [2026-09-27 14:14:13] [autobuild] Detected dependency 'org.jetbrains.kotlin:kotlin-stdlib:2.2.21': project = ':modules:persistence', configuration = 'runtimeClasspath'
[2026-09-27 14:14:13] [build-stdout] [2026-09-27 14:14:13] [autobuild] Detected dependency 'org.jetbrains:annotations:13.0': project = ':modules:persistence', configuration = 'runtimeClasspath'
[2026-09-27 14:14:13] [build-stdout] [2026-09-27 14:14:13] [autobuild] Detected dependency 'io.opentelemetry:opentelemetry-bom:1.50.0': project = ':', configuration = 'detachedConfiguration127'
[2026-09-27 14:14:13] [build-stdout] [2026-09-27 14:14:13] [autobuild] Detected dependency 'io.opentelemetry:opentelemetry-bom-alpha:1.50.0-alpha': project = ':', configuration = 'detachedConfiguration128'
[2026-09-27 14:14:13] [build-stdout] [2026-09-27 14:14:13] [autobuild] Detected dependency 'io.opentelemetry.instrumentation:opentelemetry-instrumentation-bom:2.16.0': project = ':', configuration = 'detachedConfiguration129'
[2026-09-27 14:14:13] [build-stdout] [2026-09-27 14:14:13] [autobuild] Detected dependency 'io.prometheus:prometheus-metrics-tracer:1.3.10': project = ':', configuration = 'detachedConfiguration130'
[2026-09-27 14:14:13] [build-stdout] [2026-09-27 14:14:13] [autobuild] Detected dependency 'project :modules:api': project = ':', configuration = 'detachedConfiguration131'
[2026-09-27 14:14:13] [build-stdout] [2026-09-27 14:14:13] [autobuild] Detected dependency 'org.jetbrains.kotlin:kotlin-stdlib:2.2.21': project = ':', configuration = 'detachedConfiguration131'
[2026-09-27 14:14:13] [build-stdout] [2026-09-27 14:14:13] [autobuild] Detected dependency 'org.jetbrains:annotations:13.0': project = ':', configuration = 'detachedConfiguration131'
[2026-09-27 14:14:13] [build-stdout] [2026-09-27 14:14:13] [autobuild] Detected dependency 'project :modules:analytics': project = ':', configuration = 'detachedConfiguration131'
[2026-09-27 14:14:13] [build-stdout] [2026-09-27 14:14:13] [autobuild] Detected dependency 'project :modules:persistence': project = ':', configuration = 'detachedConfiguration131'
[2026-09-27 14:14:13] [build-stdout] [2026-09-27 14:14:13] [autobuild] Detected dependency 'project :modules:control-panel': project = ':', configuration = 'detachedConfiguration131'
[2026-09-27 14:14:13] [build-stdout] [2026-09-27 14:14:13] [autobuild] Detected dependency 'com.fasterxml.jackson.core:jackson-databind:2.19.2': project = ':', configuration = 'detachedConfiguration131'
[2026-09-27 14:14:13] [build-stdout] [2026-09-27 14:14:13] [autobuild] Detected dependency 'com.fasterxml.jackson.core:jackson-annotations:2.19.2': project = ':', configuration = 'detachedConfiguration131'
[2026-09-27 14:14:13] [build-stdout] [2026-09-27 14:14:13] [autobuild] Detected dependency 'com.fasterxml.jackson:jackson-bom:2.19.2': project = ':', configuration = 'detachedConfiguration131'
[2026-09-27 14:14:13] [build-stdout] [2026-09-27 14:14:13] [autobuild] Detected dependency 'com.fasterxml.jackson.core:jackson-core:2.19.2': project = ':', configuration = 'detachedConfiguration131'
[2026-09-27 14:14:13] [build-stdout] [2026-09-27 14:14:13] [autobuild] Detected dependency 'com.fasterxml.jackson.dataformat:jackson-dataformat-toml:2.19.2': project = ':', configuration = 'detachedConfiguration131'
[2026-09-27 14:14:13] [build-stdout] [2026-09-27 14:14:13] [autobuild] Detected dependency 'com.fasterxml.jackson.datatype:jackson-datatype-jdk8:2.19.2': project = ':', configuration = 'detachedConfiguration131'
[2026-09-27 14:14:13] [build-stdout] [2026-09-27 14:14:13] [autobuild] Detected dependency 'com.fasterxml.jackson.datatype:jackson-datatype-jsr310:2.19.2': project = ':', configuration = 'detachedConfiguration131'
[2026-09-27 14:14:13] [build-stdout] [2026-09-27 14:14:13] [autobuild] Detected dependency 'com.fasterxml.jackson.module:jackson-module-kotlin:2.19.2': project = ':', configuration = 'detachedConfiguration131'
[2026-09-27 14:14:13] [build-stdout] [2026-09-27 14:14:13] [autobuild] Detected dependency 'org.jetbrains.kotlin:kotlin-reflect:2.2.21': project = ':', configuration = 'detachedConfiguration131'
[2026-09-27 14:14:13] [build-stdout] [2026-09-27 14:14:13] [autobuild] Detected dependency 'com.fasterxml.jackson.module:jackson-module-parameter-names:2.19.2': project = ':', configuration = 'detachedConfiguration131'
[2026-09-27 14:14:13] [build-stdout] [2026-09-27 14:14:13] [autobuild] Detected dependency 'project :modules:deal-sourcing': project = ':', configuration = 'detachedConfiguration131'
[2026-09-27 14:14:13] [build-stdout] [2026-09-27 14:14:13] [autobuild] Detected dependency 'project :modules:ibor-core': project = ':', configuration = 'detachedConfiguration131'
[2026-09-27 14:14:13] [build-stdout] [2026-09-27 14:14:13] [autobuild] Detected dependency 'project :modules:ingestion': project = ':', configuration = 'detachedConfiguration131'
[2026-09-27 14:14:13] [build-stdout] [2026-09-27 14:14:13] [autobuild] Detected dependency 'project :modules:lookthrough': project = ':', configuration = 'detachedConfiguration131'
[2026-09-27 14:14:13] [build-stdout] [2026-09-27 14:14:13] [autobuild] Detected dependency 'project :modules:recon': project = ':', configuration = 'detachedConfiguration131'
[2026-09-27 14:14:13] [build-stdout] [2026-09-27 14:14:13] [autobuild] Detected dependency 'project :modules:workflow': project = ':', configuration = 'detachedConfiguration131'
[2026-09-27 14:14:13] [build-stdout] [2026-09-27 14:14:13] [autobuild] Detected dependency 'org.springframework.boot:spring-boot-starter-web:3.5.7': project = ':', configuration = 'detachedConfiguration131'
[2026-09-27 14:14:13] [build-stdout] [2026-09-27 14:14:13] [autobuild] Detected dependency 'org.springframework.boot:spring-boot-starter:3.5.7': project = ':', configuration = 'detachedConfiguration131'
[2026-09-27 14:14:13] [build-stdout] [2026-09-27 14:14:13] [autobuild] Detected dependency 'org.springframework.boot:spring-boot:3.5.7': project = ':', configuration = 'detachedConfiguration131'
[2026-09-27 14:14:13] [build-stdout] [2026-09-27 14:14:13] [autobuild] Detected dependency 'org.springframework:spring-core:6.2.12': project = ':', configuration = 'detachedConfiguration131'
[2026-09-27 14:14:13] [build-stdout] [2026-09-27 14:14:13] [autobuild] Detected dependency 'org.springframework:spring-jcl:6.2.12': project = ':', configuration = 'detachedConfiguration131'
[2026-09-27 14:14:13] [build-stdout] [2026-09-27 14:14:13] [autobuild] Detected dependency 'org.springframework:spring-context:6.2.12': project = ':', configuration = 'detachedConfiguration131'
[2026-09-27 14:14:13] [build-stdout] [2026-09-27 14:14:13] [autobuild] Detected dependency 'org.springframework:spring-aop:6.2.12': project = ':', configuration = 'detachedConfiguration131'
[2026-09-27 14:14:13] [build-stdout] [2026-09-27 14:14:13] [autobuild] Detected dependency 'org.springframework:spring-beans:6.2.12': project = ':', configuration = 'detachedConfiguration131'
[2026-09-27 14:14:13] [build-stdout] [2026-09-27 14:14:13] [autobuild] Detected dependency 'org.springframework:spring-expression:6.2.12': project = ':', configuration = 'detachedConfiguration131'
[2026-09-27 14:14:13] [build-stdout] [2026-09-27 14:14:13] [autobuild] Detected dependency 'io.micrometer:micrometer-observation:1.15.5': project = ':', configuration = 'detachedConfiguration131'
[2026-09-27 14:14:13] [build-stdout] [2026-09-27 14:14:13] [autobuild] Detected dependency 'io.micrometer:micrometer-commons:1.15.5': project = ':', configuration = 'detachedConfiguration131'
[2026-09-27 14:14:13] [build-stdout] [2026-09-27 14:14:13] [autobuild] Detected dependency 'org.springframework.boot:spring-boot-autoconfigure:3.5.7': project = ':', configuration = 'detachedConfiguration131'
[2026-09-27 14:14:13] [build-stdout] [2026-09-27 14:14:13] [autobuild] Detected dependency 'org.springframework.boot:spring-boot-starter-logging:3.5.7': project = ':', configuration = 'detachedConfiguration131'
[2026-09-27 14:14:13] [build-stdout] [2026-09-27 14:14:13] [autobuild] Detected dependency 'ch.qos.logback:logback-classic:1.5.20': project = ':', configuration = 'detachedConfiguration131'
[2026-09-27 14:14:13] [build-stdout] [2026-09-27 14:14:13] [autobuild] Detected dependency 'ch.qos.logback:logback-core:1.5.20': project = ':', configuration = 'detachedConfiguration131'
[2026-09-27 14:14:13] [build-stdout] [2026-09-27 14:14:13] [autobuild] Detected dependency 'org.slf4j:slf4j-api:2.0.17': project = ':', configuration = 'detachedConfiguration131'
[2026-09-27 14:14:13] [build-stdout] [2026-09-27 14:14:13] [autobuild] Detected dependency 'org.apache.logging.log4j:log4j-to-slf4j:2.24.3': project = ':', configuration = 'detachedConfiguration131'
[2026-09-27 14:14:13] [build-stdout] [2026-09-27 14:14:13] [autobuild] Detected dependency 'org.apache.logging.log4j:log4j-api:2.24.3': project = ':', configuration = 'detachedConfiguration131'
[2026-09-27 14:14:13] [build-stdout] [2026-09-27 14:14:13] [autobuild] Detected dependency 'org.slf4j:jul-to-slf4j:2.0.17': project = ':', configuration = 'detachedConfiguration131'
[2026-09-27 14:14:13] [build-stdout] [2026-09-27 14:14:13] [autobuild] Detected dependency 'jakarta.annotation:jakarta.annotation-api:2.1.1': project = ':', configuration = 'detachedConfiguration131'
[2026-09-27 14:14:13] [build-stdout] [2026-09-27 14:14:13] [autobuild] Detected dependency 'org.yaml:snakeyaml:2.4': project = ':', configuration = 'detachedConfiguration131'
[2026-09-27 14:14:13] [build-stdout] [2026-09-27 14:14:13] [autobuild] Detected dependency 'org.springframework.boot:spring-boot-starter-json:3.5.7': project = ':', configuration = 'detachedConfiguration131'
[2026-09-27 14:14:13] [build-stdout] [2026-09-27 14:14:13] [autobuild] Detected dependency 'org.springframework:spring-web:6.2.12': project = ':', configuration = 'detachedConfiguration131'
[2026-09-27 14:14:13] [build-stdout] [2026-09-27 14:14:13] [autobuild] Detected dependency 'org.springframework.boot:spring-boot-starter-tomcat:3.5.7': project = ':', configuration = 'detachedConfiguration131'
[2026-09-27 14:14:13] [build-stdout] [2026-09-27 14:14:13] [autobuild] Detected dependency 'org.apache.tomcat.embed:tomcat-embed-core:10.1.48': project = ':', configuration = 'detachedConfiguration131'
[2026-09-27 14:14:13] [build-stdout] [2026-09-27 14:14:13] [autobuild] Detected dependency 'org.apache.tomcat.embed:tomcat-embed-el:10.1.48': project = ':', configuration = 'detachedConfiguration131'
[2026-09-27 14:14:13] [build-stdout] [2026-09-27 14:14:13] [autobuild] Detected dependency 'org.apache.tomcat.embed:tomcat-embed-websocket:10.1.48': project = ':', configuration = 'detachedConfiguration131'
[2026-09-27 14:14:13] [build-stdout] [2026-09-27 14:14:13] [autobuild] Detected dependency 'org.springframework:spring-webmvc:6.2.12': project = ':', configuration = 'detachedConfiguration131'
[2026-09-27 14:14:13] [build-stdout] [2026-09-27 14:14:13] [autobuild] Detected dependency 'org.springframework.boot:spring-boot-starter-jdbc:3.5.7': project = ':', configuration = 'detachedConfiguration131'
[2026-09-27 14:14:13] [build-stdout] [2026-09-27 14:14:13] [autobuild] Detected dependency 'io.github.detekt.sarif4k:sarif4k:0.6.0': project = ':', configuration = 'detachedConfiguration137'
[2026-09-27 14:14:13] [build-stdout] [2026-09-27 14:14:13] [autobuild] Detected dependency 'com.pinterest.ktlint:ktlint-cli:1.7.1': project = ':', configuration = 'detachedConfiguration138'
[2026-09-27 14:14:13] [build-stdout] [2026-09-27 14:14:13] [autobuild] Detected dependency 'com.pinterest.ktlint:ktlint-logger:1.7.1': project = ':', configuration = 'detachedConfiguration138'
[2026-09-27 14:14:13] [build-stdout] [2026-09-27 14:14:13] [autobuild] Detected dependency 'dev.drewhamilton.poko:poko-annotations:0.19.1': project = ':', configuration = 'detachedConfiguration138'
[2026-09-27 14:14:13] [build-stdout] [2026-09-27 14:14:13] [autobuild] Detected dependency 'dev.drewhamilton.poko:poko-annotations-jvm:0.19.1': project = ':', configuration = 'detachedConfiguration138'
[2026-09-27 14:14:13] [build-stdout] [2026-09-27 14:14:13] [autobuild] Detected dependency 'org.jetbrains.kotlin:kotlin-stdlib-common:2.2.21': project = ':', configuration = 'detachedConfiguration138'
[2026-09-27 14:14:13] [build-stdout] [2026-09-27 14:14:13] [autobuild] Detected dependency 'io.github.oshai:kotlin-logging-jvm:7.0.7': project = ':', configuration = 'detachedConfiguration138'
[2026-09-27 14:14:13] [build-stdout] [2026-09-27 14:14:13] [autobuild] Detected dependency 'com.pinterest.ktlint:ktlint-cli-reporter-baseline:1.7.1': project = ':', configuration = 'detachedConfiguration138'
[2026-09-27 14:14:13] [build-stdout] [2026-09-27 14:14:13] [autobuild] Detected dependency 'com.pinterest.ktlint:ktlint-rule-engine-core:1.7.1': project = ':', configuration = 'detachedConfiguration138'
[2026-09-27 14:14:13] [build-stdout] [2026-09-27 14:14:13] [autobuild] Detected dependency 'org.ec4j.core:ec4j-core:1.1.1': project = ':', configuration = 'detachedConfiguration138'
[2026-09-27 14:14:13] [build-stdout] [2026-09-27 14:14:13] [autobuild] Detected dependency 'com.pinterest.ktlint:ktlint-cli-reporter-core:1.7.1': project = ':', configuration = 'detachedConfiguration138'
[2026-09-27 14:14:13] [build-stdout] [2026-09-27 14:14:13] [autobuild] Detected dependency 'com.pinterest.ktlint:ktlint-cli-reporter-plain:1.7.1': project = ':', configuration = 'detachedConfiguration138'
[2026-09-27 14:14:13] [build-stdout] [2026-09-27 14:14:13] [autobuild] Detected dependency 'com.pinterest.ktlint:ktlint-rule-engine:1.7.1': project = ':', configuration = 'detachedConfiguration138'
[2026-09-27 14:14:13] [build-stdout] [2026-09-27 14:14:13] [autobuild] Detected dependency 'com.pinterest.ktlint:ktlint-ruleset-standard:1.7.1': project = ':', configuration = 'detachedConfiguration138'
[2026-09-27 14:14:13] [build-stdout] [2026-09-27 14:14:13] [autobuild] Detected dependency 'com.pinterest.ktlint:ktlint-cli-ruleset-core:1.7.1': project = ':', configuration = 'detachedConfiguration138'
[2026-09-27 14:14:13] [build-stdout] [2026-09-27 14:14:13] [autobuild] Detected dependency 'com.github.ajalt.clikt:clikt:5.0.3': project = ':', configuration = 'detachedConfiguration138'
[2026-09-27 14:14:13] [build-stdout] [2026-09-27 14:14:13] [autobuild] Detected dependency 'com.github.ajalt.clikt:clikt-jvm:5.0.3': project = ':', configuration = 'detachedConfiguration138'
[2026-09-27 14:14:13] [build-stdout] [2026-09-27 14:14:13] [autobuild] Detected dependency 'com.github.ajalt.clikt:clikt-core:5.0.3': project = ':', configuration = 'detachedConfiguration138'
[2026-09-27 14:14:13] [build-stdout] [2026-09-27 14:14:13] [autobuild] Detected dependency 'com.github.ajalt.clikt:clikt-core-jvm:5.0.3': project = ':', configuration = 'detachedConfiguration138'
[2026-09-27 14:14:13] [build-stdout] [2026-09-27 14:14:13] [autobuild] Detected dependency 'com.github.ajalt.mordant:mordant:3.0.1': project = ':', configuration = 'detachedConfiguration138'
[2026-09-27 14:14:13] [build-stdout] [2026-09-27 14:14:13] [autobuild] Detected dependency 'com.github.ajalt.mordant:mordant-jvm:3.0.1': project = ':', configuration = 'detachedConfiguration138'
[2026-09-27 14:14:13] [build-stdout] [2026-09-27 14:14:13] [autobuild] Detected dependency 'com.github.ajalt.mordant:mordant-core:3.0.1': project = ':', configuration = 'detachedConfiguration138'
[2026-09-27 14:14:13] [build-stdout] [2026-09-27 14:14:13] [autobuild] Detected dependency 'com.github.ajalt.mordant:mordant-core-jvm:3.0.1': project = ':', configuration = 'detachedConfiguration138'
[2026-09-27 14:14:13] [build-stdout] [2026-09-27 14:14:13] [autobuild] Detected dependency 'com.github.ajalt.colormath:colormath:3.6.0': project = ':', configuration = 'detachedConfiguration138'
[2026-09-27 14:14:13] [build-stdout] [2026-09-27 14:14:13] [autobuild] Detected dependency 'com.github.ajalt.colormath:colormath-jvm:3.6.0': project = ':', configuration = 'detachedConfiguration138'
[2026-09-27 14:14:13] [build-stdout] [2026-09-27 14:14:13] [autobuild] Detected dependency 'com.github.ajalt.mordant:mordant-jvm-jna:3.0.1': project = ':', configuration = 'detachedConfiguration138'
[2026-09-27 14:14:13] [build-stdout] [2026-09-27 14:14:13] [autobuild] Detected dependency 'com.github.ajalt.mordant:mordant-jvm-jna-jvm:3.0.1': project = ':', configuration = 'detachedConfiguration138'
[2026-09-27 14:14:13] [build-stdout] [2026-09-27 14:14:13] [autobuild] Detected dependency 'net.java.dev.jna:jna:5.14.0': project = ':', configuration = 'detachedConfiguration138'
[2026-09-27 14:14:13] [build-stdout] [2026-09-27 14:14:13] [autobuild] Detected dependency 'com.github.ajalt.mordant:mordant-jvm-ffm:3.0.1': project = ':', configuration = 'detachedConfiguration138'
[2026-09-27 14:14:13] [build-stdout] [2026-09-27 14:14:13] [autobuild] Detected dependency 'com.github.ajalt.mordant:mordant-jvm-ffm-jvm:3.0.1': project = ':', configuration = 'detachedConfiguration138'
[2026-09-27 14:14:13] [build-stdout] [2026-09-27 14:14:13] [autobuild] Detected dependency 'com.github.ajalt.mordant:mordant-jvm-graal-ffi:3.0.1': project = ':', configuration = 'detachedConfiguration138'
[2026-09-27 14:14:13] [build-stdout] [2026-09-27 14:14:13] [autobuild] Detected dependency 'com.github.ajalt.mordant:mordant-jvm-graal-ffi-jvm:3.0.1': project = ':', configuration = 'detachedConfiguration138'
[2026-09-27 14:14:13] [build-stdout] [2026-09-27 14:14:13] [autobuild] Detected dependency 'com.pinterest.ktlint:ktlint-cli-reporter-checkstyle:1.7.1': project = ':', configuration = 'detachedConfiguration138'
[2026-09-27 14:14:13] [build-stdout] [2026-09-27 14:14:13] [autobuild] Detected dependency 'com.pinterest.ktlint:ktlint-cli-reporter-json:1.7.1': project = ':', configuration = 'detachedConfiguration138'
[2026-09-27 14:14:13] [build-stdout] [2026-09-27 14:14:13] [autobuild] Detected dependency 'com.pinterest.ktlint:ktlint-cli-reporter-format:1.7.1': project = ':', configuration = 'detachedConfiguration138'
[2026-09-27 14:14:13] [build-stdout] [2026-09-27 14:14:13] [autobuild] Detected dependency 'com.pinterest.ktlint:ktlint-cli-reporter-html:1.7.1': project = ':', configuration = 'detachedConfiguration138'
[2026-09-27 14:14:13] [build-stdout] [2026-09-27 14:14:13] [autobuild] Detected dependency 'com.pinterest.ktlint:ktlint-cli-reporter-plain-summary:1.7.1': project = ':', configuration = 'detachedConfiguration138'
[2026-09-27 14:14:13] [build-stdout] [2026-09-27 14:14:13] [autobuild] Detected dependency 'com.pinterest.ktlint:ktlint-cli-reporter-sarif:1.7.1': project = ':', configuration = 'detachedConfiguration138'
[2026-09-27 14:14:13] [build-stdout] [2026-09-27 14:14:13] [autobuild] Detected dependency 'io.github.detekt.sarif4k:sarif4k:0.6.0': project = ':', configuration = 'detachedConfiguration138'
[2026-09-27 14:14:13] [build-stdout] [2026-09-27 14:14:13] [autobuild] Detected dependency 'io.github.detekt.sarif4k:sarif4k-jvm:0.6.0': project = ':', configuration = 'detachedConfiguration138'
[2026-09-27 14:14:13] [build-stdout] [2026-09-27 14:14:13] [autobuild] Detected dependency 'org.jetbrains.kotlinx:kotlinx-serialization-json:1.6.3': project = ':', configuration = 'detachedConfiguration138'
[2026-09-27 14:14:13] [build-stdout] [2026-09-27 14:14:13] [autobuild] Detected dependency 'org.jetbrains.kotlinx:kotlinx-serialization-json-jvm:1.6.3': project = ':', configuration = 'detachedConfiguration138'
[2026-09-27 14:14:13] [build-stdout] [2026-09-27 14:14:13] [autobuild] Detected dependency 'org.jetbrains.kotlinx:kotlinx-serialization-bom:1.6.3': project = ':', configuration = 'detachedConfiguration138'
[2026-09-27 14:14:13] [build-stdout] [2026-09-27 14:14:13] [autobuild] Detected dependency 'org.jetbrains.kotlinx:kotlinx-serialization-core:1.6.3': project = ':', configuration = 'detachedConfiguration138'
[2026-09-27 14:14:13] [build-stdout] [2026-09-27 14:14:13] [autobuild] Detected dependency 'org.jetbrains.kotlinx:kotlinx-serialization-core-jvm:1.6.3': project = ':', configuration = 'detachedConfiguration138'
[2026-09-27 14:14:13] [build-stdout] [2026-09-27 14:14:13] [autobuild] Detected dependency 'io.github.oshai:kotlin-logging:5.1.0': project = ':', configuration = 'detachedConfiguration138'
[2026-09-27 14:14:13] [build-stdout] [2026-09-27 14:14:13] [autobuild] Detected dependency 'org.ec4j.core:ec4j-core-parent:1.1.1': project = ':', configuration = 'detachedConfiguration139'
[2026-09-27 14:14:13] [build-stdout] [2026-09-27 14:14:13] [autobuild] Detected dependency 'com.pinterest.ktlint:ktlint-cli:1.7.1': project = ':modules:api', configuration = 'ktlint'
[2026-09-27 14:14:13] [build-stdout] [2026-09-27 14:14:13] [autobuild] Detected dependency 'com.pinterest.ktlint:ktlint-logger:1.7.1': project = ':modules:api', configuration = 'ktlint'
[2026-09-27 14:14:13] [build-stdout] [2026-09-27 14:14:13] [autobuild] Detected dependency 'dev.drewhamilton.poko:poko-annotations:0.19.1': project = ':modules:api', configuration = 'ktlint'
[2026-09-27 14:14:13] [build-stdout] [2026-09-27 14:14:13] [autobuild] Detected dependency 'dev.drewhamilton.poko:poko-annotations-jvm:0.19.1': project = ':modules:api', configuration = 'ktlint'
[2026-09-27 14:14:13] [build-stdout] [2026-09-27 14:14:13] [autobuild] Detected dependency 'io.github.oshai:kotlin-logging-jvm:7.0.7': project = ':modules:api', configuration = 'ktlint'
[2026-09-27 14:14:13] [build-stdout] [2026-09-27 14:14:13] [autobuild] Detected dependency 'org.jetbrains.kotlin:kotlin-stdlib:2.2.21': project = ':modules:api', configuration = 'ktlint'
[2026-09-27 14:14:13] [build-stdout] [2026-09-27 14:14:13] [autobuild] Detected dependency 'org.jetbrains:annotations:13.0': project = ':modules:api', configuration = 'ktlint'
[2026-09-27 14:14:13] [build-stdout] [2026-09-27 14:14:13] [autobuild] Detected dependency 'com.pinterest.ktlint:ktlint-cli-reporter-baseline:1.7.1': project = ':modules:api', configuration = 'ktlint'
[2026-09-27 14:14:13] [build-stdout] [2026-09-27 14:14:13] [autobuild] Detected dependency 'com.pinterest.ktlint:ktlint-rule-engine-core:1.7.1': project = ':modules:api', configuration = 'ktlint'
[2026-09-27 14:14:13] [build-stdout] [2026-09-27 14:14:13] [autobuild] Detected dependency 'org.jetbrains.kotlin:kotlin-compiler-embeddable:2.2.21': project = ':modules:api', configuration = 'ktlint'
[2026-09-27 14:14:13] [build-stdout] [2026-09-27 14:14:13] [autobuild] Detected dependency 'org.jetbrains.kotlin:kotlin-script-runtime:2.2.21': project = ':modules:api', configuration = 'ktlint'
[2026-09-27 14:14:13] [build-stdout] [2026-09-27 14:14:13] [autobuild] Detected dependency 'org.jetbrains.kotlin:kotlin-reflect:2.2.21': project = ':modules:api', configuration = 'ktlint'
[2026-09-27 14:14:13] [build-stdout] [2026-09-27 14:14:13] [autobuild] Detected dependency 'org.jetbrains.kotlin:kotlin-daemon-embeddable:2.2.21': project = ':modules:api', configuration = 'ktlint'
[2026-09-27 14:14:13] [build-stdout] [2026-09-27 14:14:13] [autobuild] Detected dependency 'org.jetbrains.kotlinx:kotlinx-coroutines-core-jvm:1.8.1': project = ':modules:api', configuration = 'ktlint'
[2026-09-27 14:14:13] [build-stdout] [2026-09-27 14:14:13] [autobuild] Detected dependency 'org.ec4j.core:ec4j-core:1.1.1': project = ':modules:api', configuration = 'ktlint'
[2026-09-27 14:14:13] [build-stdout] [2026-09-27 14:14:13] [autobuild] Detected dependency 'com.pinterest.ktlint:ktlint-cli-reporter-core:1.7.1': project = ':modules:api', configuration = 'ktlint'
[2026-09-27 14:14:13] [build-stdout] [2026-09-27 14:14:13] [autobuild] Detected dependency 'com.pinterest.ktlint:ktlint-cli-reporter-plain:1.7.1': project = ':modules:api', configuration = 'ktlint'
[2026-09-27 14:14:13] [build-stdout] [2026-09-27 14:14:13] [autobuild] Detected dependency 'com.pinterest.ktlint:ktlint-rule-engine:1.7.1': project = ':modules:api', configuration = 'ktlint'
[2026-09-27 14:14:13] [build-stdout] [2026-09-27 14:14:13] [autobuild] Detected dependency 'com.pinterest.ktlint:ktlint-ruleset-standard:1.7.1': project = ':modules:api', configuration = 'ktlint'
[2026-09-27 14:14:13] [build-stdout] [2026-09-27 14:14:13] [autobuild] Detected dependency 'com.pinterest.ktlint:ktlint-cli-ruleset-core:1.7.1': project = ':modules:api', configuration = 'ktlint'
[2026-09-27 14:14:13] [build-stdout] [2026-09-27 14:14:13] [autobuild] Detected dependency 'com.github.ajalt.clikt:clikt:5.0.3': project = ':modules:api', configuration = 'ktlint'
[2026-09-27 14:14:13] [build-stdout] [2026-09-27 14:14:13] [autobuild] Detected dependency 'com.github.ajalt.clikt:clikt-jvm:5.0.3': project = ':modules:api', configuration = 'ktlint'
[2026-09-27 14:14:13] [build-stdout] [2026-09-27 14:14:13] [autobuild] Detected dependency 'ch.qos.logback:logback-classic:1.5.20': project = ':modules:api', configuration = 'ktlint'
[2026-09-27 14:14:13] [build-stdout] [2026-09-27 14:14:13] [autobuild] Detected dependency 'ch.qos.logback:logback-core:1.5.20': project = ':modules:api', configuration = 'ktlint'
[2026-09-27 14:14:13] [build-stdout] [2026-09-27 14:14:13] [autobuild] Detected dependency 'org.slf4j:slf4j-api:2.0.17': project = ':modules:api', configuration = 'ktlint'
[2026-09-27 14:14:13] [build-stdout] [2026-09-27 14:14:13] [autobuild] Detected dependency 'com.pinterest.ktlint:ktlint-cli-reporter-checkstyle:1.7.1': project = ':modules:api', configuration = 'ktlint'
[2026-09-27 14:14:13] [build-stdout] [2026-09-27 14:14:13] [autobuild] Detected dependency 'com.pinterest.ktlint:ktlint-cli-reporter-json:1.7.1': project = ':modules:api', configuration = 'ktlint'
[2026-09-27 14:14:13] [build-stdout] [2026-09-27 14:14:13] [autobuild] Detected dependency 'com.pinterest.ktlint:ktlint-cli-reporter-format:1.7.1': project = ':modules:api', configuration = 'ktlint'
[2026-09-27 14:14:13] [build-stdout] [2026-09-27 14:14:13] [autobuild] Detected dependency 'com.pinterest.ktlint:ktlint-cli-reporter-html:1.7.1': project = ':modules:api', configuration = 'ktlint'
[2026-09-27 14:14:13] [build-stdout] [2026-09-27 14:14:13] [autobuild] Detected dependency 'com.pinterest.ktlint:ktlint-cli-reporter-plain-summary:1.7.1': project = ':modules:api', configuration = 'ktlint'
[2026-09-27 14:14:13] [build-stdout] [2026-09-27 14:14:13] [autobuild] Detected dependency 'com.pinterest.ktlint:ktlint-cli-reporter-sarif:1.7.1': project = ':modules:api', configuration = 'ktlint'
[2026-09-27 14:14:13] [build-stdout] [2026-09-27 14:14:13] [autobuild] Detected dependency 'io.github.detekt.sarif4k:sarif4k:0.5.0': project = ':modules:api', configuration = 'ktlint'
[2026-09-27 14:14:13] [build-stdout] [2026-09-27 14:14:13] [autobuild] Detected dependency 'io.github.detekt.sarif4k:sarif4k-jvm:0.5.0': project = ':modules:api', configuration = 'ktlint'
[2026-09-27 14:14:13] [build-stdout] [2026-09-27 14:14:13] [autobuild] Detected dependency 'io.github.oshai:kotlin-logging:5.1.0': project = ':modules:api', configuration = 'ktlint'
[2026-09-27 14:14:13] [build-stdout] [2026-09-27 14:14:13] [autobuild] Detected dependency 'io.github.detekt.sarif4k:sarif4k:0.5.0': project = ':modules:api', configuration = 'ktlint'
[2026-09-27 14:14:13] [build-stdout] [2026-09-27 14:14:13] [autobuild] Detected dependency 'com.pinterest.ktlint:ktlint-cli-reporter-baseline:1.7.1': project = ':', configuration = 'detachedConfiguration140'
[2026-09-27 14:14:13] [build-stdout] [2026-09-27 14:14:13] [autobuild] Detected dependency 'com.pinterest.ktlint:ktlint-logger:1.7.1': project = ':', configuration = 'detachedConfiguration140'
[2026-09-27 14:14:13] [build-stdout] [2026-09-27 14:14:13] [autobuild] Detected dependency 'dev.drewhamilton.poko:poko-annotations:0.19.1': project = ':', configuration = 'detachedConfiguration140'
[2026-09-27 14:14:13] [build-stdout] [2026-09-27 14:14:13] [autobuild] Detected dependency 'dev.drewhamilton.poko:poko-annotations-jvm:0.19.1': project = ':', configuration = 'detachedConfiguration140'
[2026-09-27 14:14:13] [build-stdout] [2026-09-27 14:14:13] [autobuild] Detected dependency 'org.jetbrains.kotlin:kotlin-stdlib:2.2.21': project = ':', configuration = 'detachedConfiguration140'
[2026-09-27 14:14:13] [build-stdout] [2026-09-27 14:14:13] [autobuild] Detected dependency 'org.jetbrains:annotations:13.0': project = ':', configuration = 'detachedConfiguration140'
[2026-09-27 14:14:13] [build-stdout] [2026-09-27 14:14:13] [autobuild] Detected dependency 'io.github.oshai:kotlin-logging-jvm:7.0.7': project = ':', configuration = 'detachedConfiguration140'
[2026-09-27 14:14:13] [build-stdout] [2026-09-27 14:14:13] [autobuild] Detected dependency 'com.pinterest.ktlint:ktlint-rule-engine-core:1.7.1': project = ':', configuration = 'detachedConfiguration140'
[2026-09-27 14:14:13] [build-stdout] [2026-09-27 14:14:13] [autobuild] Detected dependency 'org.jetbrains.kotlin:kotlin-compiler-embeddable:2.2.21': project = ':', configuration = 'detachedConfiguration140'
[2026-09-27 14:14:13] [build-stdout] [2026-09-27 14:14:13] [autobuild] Detected dependency 'org.jetbrains.kotlin:kotlin-script-runtime:2.2.21': project = ':', configuration = 'detachedConfiguration140'
[2026-09-27 14:14:13] [build-stdout] [2026-09-27 14:14:13] [autobuild] Detected dependency 'org.jetbrains.kotlin:kotlin-reflect:2.2.21': project = ':', configuration = 'detachedConfiguration140'
[2026-09-27 14:14:13] [build-stdout] [2026-09-27 14:14:13] [autobuild] Detected dependency 'org.jetbrains.kotlin:kotlin-daemon-embeddable:2.2.21': project = ':', configuration = 'detachedConfiguration140'
[2026-09-27 14:14:13] [build-stdout] [2026-09-27 14:14:13] [autobuild] Detected dependency 'org.jetbrains.kotlinx:kotlinx-coroutines-core-jvm:1.8.1': project = ':', configuration = 'detachedConfiguration140'
[2026-09-27 14:14:13] [build-stdout] [2026-09-27 14:14:13] [autobuild] Detected dependency 'org.ec4j.core:ec4j-core:1.1.1': project = ':', configuration = 'detachedConfiguration140'
[2026-09-27 14:14:13] [build-stdout] [2026-09-27 14:14:13] [autobuild] Detected dependency 'com.pinterest.ktlint:ktlint-cli-reporter-core:1.7.1': project = ':', configuration = 'detachedConfiguration140'
[2026-09-27 14:14:13] [build-stdout] [2026-09-27 14:14:13] [autobuild] Detected dependency 'io.github.oshai:kotlin-logging:5.1.0': project = ':', configuration = 'detachedConfiguration140'
[2026-09-27 14:14:13] [build-stdout] [2026-09-27 14:14:13] [autobuild] Detected dependency 'com.pinterest.ktlint:ktlint-cli-reporter-baseline:1.7.1': project = ':modules:api', configuration = 'ktlintBaselineReporter'
[2026-09-27 14:14:13] [build-stdout] [2026-09-27 14:14:13] [autobuild] Detected dependency 'com.pinterest.ktlint:ktlint-logger:1.7.1': project = ':modules:api', configuration = 'ktlintBaselineReporter'
[2026-09-27 14:14:13] [build-stdout] [2026-09-27 14:14:13] [autobuild] Detected dependency 'dev.drewhamilton.poko:poko-annotations:0.19.1': project = ':modules:api', configuration = 'ktlintBaselineReporter'
[2026-09-27 14:14:13] [build-stdout] [2026-09-27 14:14:13] [autobuild] Detected dependency 'dev.drewhamilton.poko:poko-annotations-jvm:0.19.1': project = ':modules:api', configuration = 'ktlintBaselineReporter'
[2026-09-27 14:14:13] [build-stdout] [2026-09-27 14:14:13] [autobuild] Detected dependency 'org.jetbrains.kotlin:kotlin-stdlib:2.2.21': project = ':modules:api', configuration = 'ktlintBaselineReporter'
[2026-09-27 14:14:13] [build-stdout] [2026-09-27 14:14:13] [autobuild] Detected dependency 'org.jetbrains:annotations:13.0': project = ':modules:api', configuration = 'ktlintBaselineReporter'
[2026-09-27 14:14:13] [build-stdout] [2026-09-27 14:14:13] [autobuild] Detected dependency 'io.github.oshai:kotlin-logging-jvm:7.0.7': project = ':modules:api', configuration = 'ktlintBaselineReporter'
[2026-09-27 14:14:13] [build-stdout] [2026-09-27 14:14:13] [autobuild] Detected dependency 'com.pinterest.ktlint:ktlint-rule-engine-core:1.7.1': project = ':modules:api', configuration = 'ktlintBaselineReporter'
[2026-09-27 14:14:13] [build-stdout] [2026-09-27 14:14:13] [autobuild] Detected dependency 'org.jetbrains.kotlin:kotlin-compiler-embeddable:2.2.21': project = ':modules:api', configuration = 'ktlintBaselineReporter'
[2026-09-27 14:14:13] [build-stdout] [2026-09-27 14:14:13] [autobuild] Detected dependency 'org.jetbrains.kotlin:kotlin-script-runtime:2.2.21': project = ':modules:api', configuration = 'ktlintBaselineReporter'
[2026-09-27 14:14:13] [build-stdout] [2026-09-27 14:14:13] [autobuild] Detected dependency 'org.jetbrains.kotlin:kotlin-reflect:2.2.21': project = ':modules:api', configuration = 'ktlintBaselineReporter'
[2026-09-27 14:14:13] [build-stdout] [2026-09-27 14:14:13] [autobuild] Detected dependency 'org.jetbrains.kotlin:kotlin-daemon-embeddable:2.2.21': project = ':modules:api', configuration = 'ktlintBaselineReporter'
[2026-09-27 14:14:13] [build-stdout] [2026-09-27 14:14:13] [autobuild] Detected dependency 'org.jetbrains.kotlinx:kotlinx-coroutines-core-jvm:1.8.1': project = ':modules:api', configuration = 'ktlintBaselineReporter'
[2026-09-27 14:14:13] [build-stdout] [2026-09-27 14:14:13] [autobuild] Detected dependency 'org.ec4j.core:ec4j-core:1.1.1': project = ':modules:api', configuration = 'ktlintBaselineReporter'
[2026-09-27 14:14:13] [build-stdout] [2026-09-27 14:14:13] [autobuild] Detected dependency 'com.pinterest.ktlint:ktlint-cli-reporter-core:1.7.1': project = ':modules:api', configuration = 'ktlintBaselineReporter'
[2026-09-27 14:14:13] [build-stdout] [2026-09-27 14:14:13] [autobuild] Detected dependency 'io.github.oshai:kotlin-logging:5.1.0': project = ':modules:api', configuration = 'ktlintBaselineReporter'
[2026-09-27 14:14:13] [build-stdout] [2026-09-27 14:14:13] [autobuild] Detected dependency 'com.pinterest.ktlint:ktlint-cli-reporter-baseline:1.7.1': project = ':modules:api', configuration = 'ktlintBaselineReporter'
[2026-09-27 14:14:13] [build-stdout] [2026-09-27 14:14:13] [autobuild] Detected dependency 'io.github.oshai:kotlin-logging:5.1.0': project = ':modules:api', configuration = 'ktlintBaselineReporter'
[2026-09-27 14:14:13] [build-stdout] [2026-09-27 14:14:13] [autobuild] Detected dependency 'com.pinterest.ktlint:ktlint-logger:1.7.1': project = ':modules:api', configuration = 'ktlintBaselineReporter'
[2026-09-27 14:14:13] [build-stdout] [2026-09-27 14:14:13] [autobuild] Detected dependency 'com.pinterest.ktlint:ktlint-rule-engine-core:1.7.1': project = ':modules:api', configuration = 'ktlintBaselineReporter'
[2026-09-27 14:14:13] [build-stdout] [2026-09-27 14:14:13] [autobuild] Detected dependency 'com.pinterest.ktlint:ktlint-cli-reporter-core:1.7.1': project = ':modules:api', configuration = 'ktlintBaselineReporter'
[2026-09-27 14:14:13] [build-stdout] [2026-09-27 14:14:13] [autobuild] Detected dependency 'dev.drewhamilton.poko:poko-annotations:0.19.1': project = ':modules:api', configuration = 'ktlintBaselineReporter'
[2026-09-27 14:14:13] [build-stdout] [2026-09-27 14:14:13] [autobuild] Detected dependency 'org.jetbrains.kotlin:kotlin-stdlib:2.2.21': project = ':modules:api', configuration = 'ktlintBaselineReporter'
[2026-09-27 14:14:13] [build-stdout] [2026-09-27 14:14:13] [autobuild] Detected dependency 'io.github.oshai:kotlin-logging-jvm:7.0.7': project = ':modules:api', configuration = 'ktlintBaselineReporter'
[2026-09-27 14:14:13] [build-stdout] [2026-09-27 14:14:13] [autobuild] Detected dependency 'org.jetbrains.kotlin:kotlin-compiler-embeddable:2.2.21': project = ':modules:api', configuration = 'ktlintBaselineReporter'
[2026-09-27 14:14:13] [build-stdout] [2026-09-27 14:14:13] [autobuild] Detected dependency 'org.ec4j.core:ec4j-core:1.1.1': project = ':modules:api', configuration = 'ktlintBaselineReporter'
[2026-09-27 14:14:13] [build-stdout] [2026-09-27 14:14:13] [autobuild] Detected dependency 'dev.drewhamilton.poko:poko-annotations-jvm:0.19.1': project = ':modules:api', configuration = 'ktlintBaselineReporter'
[2026-09-27 14:14:13] [build-stdout] [2026-09-27 14:14:13] [autobuild] Detected dependency 'org.jetbrains:annotations:13.0': project = ':modules:api', configuration = 'ktlintBaselineReporter'
[2026-09-27 14:14:13] [build-stdout] [2026-09-27 14:14:13] [autobuild] Detected dependency 'org.jetbrains.kotlin:kotlin-script-runtime:2.2.21': project = ':modules:api', configuration = 'ktlintBaselineReporter'
[2026-09-27 14:14:13] [build-stdout] [2026-09-27 14:14:13] [autobuild] Detected dependency 'org.jetbrains.kotlin:kotlin-reflect:2.2.21': project = ':modules:api', configuration = 'ktlintBaselineReporter'
[2026-09-27 14:14:13] [build-stdout] [2026-09-27 14:14:13] [autobuild] Detected dependency 'org.jetbrains.kotlin:kotlin-daemon-embeddable:2.2.21': project = ':modules:api', configuration = 'ktlintBaselineReporter'
[2026-09-27 14:14:13] [build-stdout] [2026-09-27 14:14:13] [autobuild] Detected dependency 'org.jetbrains.kotlinx:kotlinx-coroutines-core-jvm:1.8.1': project = ':modules:api', configuration = 'ktlintBaselineReporter'
[2026-09-27 14:14:13] [build-stdout] [2026-09-27 14:14:13] [autobuild] Detected dependency 'io.github.oshai:kotlin-logging:5.1.0': project = ':', configuration = 'detachedConfiguration142'
[2026-09-27 14:14:13] [build-stdout] [2026-09-27 14:14:13] [autobuild] Detected dependency 'io.github.oshai:kotlin-logging-jvm:5.1.0': project = ':', configuration = 'detachedConfiguration142'
[2026-09-27 14:14:13] [build-stdout] [2026-09-27 14:14:13] [autobuild] Detected dependency 'org.jetbrains.kotlin:kotlin-stdlib-jdk8:2.2.21': project = ':', configuration = 'detachedConfiguration142'
[2026-09-27 14:14:13] [build-stdout] [2026-09-27 14:14:13] [autobuild] Detected dependency 'org.jetbrains.kotlin:kotlin-stdlib:2.2.21': project = ':', configuration = 'detachedConfiguration142'
[2026-09-27 14:14:13] [build-stdout] [2026-09-27 14:14:13] [autobuild] Detected dependency 'org.jetbrains:annotations:13.0': project = ':', configuration = 'detachedConfiguration142'
[2026-09-27 14:14:13] [build-stdout] [2026-09-27 14:14:13] [autobuild] Detected dependency 'org.jetbrains.kotlin:kotlin-stdlib-common:2.2.21': project = ':', configuration = 'detachedConfiguration142'
[2026-09-27 14:14:13] [build-stdout] [2026-09-27 14:14:13] [autobuild] Detected dependency 'org.jetbrains.kotlin:kotlin-stdlib-jdk7:2.2.21': project = ':', configuration = 'detachedConfiguration142'
[2026-09-27 14:14:13] [build-stdout] [2026-09-27 14:14:13] [autobuild] Detected dependency 'io.github.detekt.sarif4k:sarif4k:0.5.0': project = ':', configuration = 'detachedConfiguration142'
[2026-09-27 14:14:13] [build-stdout] [2026-09-27 14:14:13] [autobuild] Detected dependency 'io.github.detekt.sarif4k:sarif4k-jvm:0.5.0': project = ':', configuration = 'detachedConfiguration142'
[2026-09-27 14:14:13] [build-stdout] [2026-09-27 14:14:13] [autobuild] Detected dependency 'org.jetbrains.kotlinx:kotlinx-serialization-json:1.6.3': project = ':', configuration = 'detachedConfiguration142'
[2026-09-27 14:14:13] [build-stdout] [2026-09-27 14:14:13] [autobuild] Detected dependency 'org.jetbrains.kotlinx:kotlinx-serialization-json-jvm:1.6.3': project = ':', configuration = 'detachedConfiguration142'
[2026-09-27 14:14:13] [build-stdout] [2026-09-27 14:14:13] [autobuild] Detected dependency 'org.jetbrains.kotlinx:kotlinx-serialization-bom:1.6.3': project = ':', configuration = 'detachedConfiguration142'
[2026-09-27 14:14:13] [build-stdout] [2026-09-27 14:14:13] [autobuild] Detected dependency 'org.jetbrains.kotlinx:kotlinx-serialization-core:1.6.3': project = ':', configuration = 'detachedConfiguration142'
[2026-09-27 14:14:13] [build-stdout] [2026-09-27 14:14:13] [autobuild] Detected dependency 'org.jetbrains.kotlinx:kotlinx-serialization-core-jvm:1.6.3': project = ':', configuration = 'detachedConfiguration142'
[2026-09-27 14:14:13] [build-stdout] [2026-09-27 14:14:13] [autobuild] Detected dependency 'org.jetbrains.kotlin:kotlin-stdlib-jdk8:2.2.21': project = ':', configuration = 'detachedConfiguration143'
[2026-09-27 14:14:13] [build-stdout] [2026-09-27 14:14:13] [autobuild] Detected dependency 'org.jetbrains.kotlin:kotlin-stdlib-jdk7:2.2.21': project = ':', configuration = 'detachedConfiguration143'
[2026-09-27 14:14:13] [build-stdout] [2026-09-27 14:14:13] [autobuild] Detected dependency 'io.github.oshai:kotlin-logging:5.1.0': project = ':modules:api', configuration = 'ktlintReporter'
[2026-09-27 14:14:13] [build-stdout] [2026-09-27 14:14:13] [autobuild] Detected dependency 'io.github.oshai:kotlin-logging-jvm:7.0.7': project = ':modules:api', configuration = 'ktlintReporter'
[2026-09-27 14:14:13] [build-stdout] [2026-09-27 14:14:13] [autobuild] Detected dependency 'org.jetbrains.kotlin:kotlin-stdlib:2.2.21': project = ':modules:api', configuration = 'ktlintReporter'
[2026-09-27 14:14:13] [build-stdout] [2026-09-27 14:14:13] [autobuild] Detected dependency 'org.jetbrains:annotations:13.0': project = ':modules:api', configuration = 'ktlintReporter'
[2026-09-27 14:14:13] [build-stdout] [2026-09-27 14:14:13] [autobuild] Detected dependency 'org.jetbrains.kotlin:kotlin-stdlib-common:2.2.21': project = ':modules:api', configuration = 'ktlintReporter'
[2026-09-27 14:14:13] [build-stdout] [2026-09-27 14:14:13] [autobuild] Detected dependency 'org.jetbrains.kotlin:kotlin-stdlib-jdk8:2.2.21': project = ':modules:api', configuration = 'ktlintReporter'
[2026-09-27 14:14:13] [build-stdout] [2026-09-27 14:14:13] [autobuild] Detected dependency 'org.jetbrains.kotlin:kotlin-stdlib-jdk7:2.2.21': project = ':modules:api', configuration = 'ktlintReporter'
[2026-09-27 14:14:13] [build-stdout] [2026-09-27 14:14:13] [autobuild] Detected dependency 'io.github.detekt.sarif4k:sarif4k:0.5.0': project = ':modules:api', configuration = 'ktlintReporter'
[2026-09-27 14:14:13] [build-stdout] [2026-09-27 14:14:13] [autobuild] Detected dependency 'io.github.detekt.sarif4k:sarif4k-jvm:0.5.0': project = ':modules:api', configuration = 'ktlintReporter'
[2026-09-27 14:14:13] [build-stdout] [2026-09-27 14:14:13] [autobuild] Detected dependency 'org.jetbrains.kotlinx:kotlinx-serialization-json:1.6.3': project = ':modules:api', configuration = 'ktlintReporter'
[2026-09-27 14:14:13] [build-stdout] [2026-09-27 14:14:13] [autobuild] Detected dependency 'org.jetbrains.kotlinx:kotlinx-serialization-json-jvm:1.6.3': project = ':modules:api', configuration = 'ktlintReporter'
[2026-09-27 14:14:13] [build-stdout] [2026-09-27 14:14:13] [autobuild] Detected dependency 'org.jetbrains.kotlinx:kotlinx-serialization-bom:1.6.3': project = ':modules:api', configuration = 'ktlintReporter'
[2026-09-27 14:14:13] [build-stdout] [2026-09-27 14:14:13] [autobuild] Detected dependency 'org.jetbrains.kotlinx:kotlinx-serialization-core:1.6.3': project = ':modules:api', configuration = 'ktlintReporter'
[2026-09-27 14:14:13] [build-stdout] [2026-09-27 14:14:13] [autobuild] Detected dependency 'org.jetbrains.kotlinx:kotlinx-serialization-core-jvm:1.6.3': project = ':modules:api', configuration = 'ktlintReporter'
[2026-09-27 14:14:13] [build-stdout] [2026-09-27 14:14:13] [autobuild] Detected dependency 'io.github.detekt.sarif4k:sarif4k:0.5.0': project = ':modules:api', configuration = 'ktlintReporter'
[2026-09-27 14:14:13] [build-stdout] [2026-09-27 14:14:13] [autobuild] Detected dependency 'io.github.oshai:kotlin-logging:5.1.0': project = ':modules:api', configuration = 'ktlintReporter'
[2026-09-27 14:14:13] [build-stdout] [2026-09-27 14:14:13] [autobuild] Detected dependency 'io.github.oshai:kotlin-logging-jvm:7.0.7': project = ':modules:api', configuration = 'ktlintReporter'
[2026-09-27 14:14:13] [build-stdout] [2026-09-27 14:14:13] [autobuild] Detected dependency 'io.github.detekt.sarif4k:sarif4k-jvm:0.5.0': project = ':modules:api', configuration = 'ktlintReporter'
[2026-09-27 14:14:13] [build-stdout] [2026-09-27 14:14:13] [autobuild] Detected dependency 'org.jetbrains.kotlin:kotlin-stdlib:2.2.21': project = ':modules:api', configuration = 'ktlintReporter'
[2026-09-27 14:14:13] [build-stdout] [2026-09-27 14:14:13] [autobuild] Detected dependency 'org.jetbrains:annotations:13.0': project = ':modules:api', configuration = 'ktlintReporter'
[2026-09-27 14:14:13] [build-stdout] [2026-09-27 14:14:13] [autobuild] Detected dependency 'com.pinterest.ktlint:ktlint-ruleset-standard:1.7.1': project = ':', configuration = 'detachedConfiguration144'
[2026-09-27 14:14:13] [build-stdout] [2026-09-27 14:14:13] [autobuild] Detected dependency 'com.pinterest.ktlint:ktlint-logger:1.7.1': project = ':', configuration = 'detachedConfiguration144'
[2026-09-27 14:14:13] [build-stdout] [2026-09-27 14:14:13] [autobuild] Detected dependency 'dev.drewhamilton.poko:poko-annotations:0.19.1': project = ':', configuration = 'detachedConfiguration144'
[2026-09-27 14:14:13] [build-stdout] [2026-09-27 14:14:13] [autobuild] Detected dependency 'dev.drewhamilton.poko:poko-annotations-jvm:0.19.1': project = ':', configuration = 'detachedConfiguration144'
[2026-09-27 14:14:13] [build-stdout] [2026-09-27 14:14:13] [autobuild] Detected dependency 'org.jetbrains.kotlin:kotlin-stdlib:2.2.21': project = ':', configuration = 'detachedConfiguration144'
[2026-09-27 14:14:13] [build-stdout] [2026-09-27 14:14:13] [autobuild] Detected dependency 'org.jetbrains:annotations:13.0': project = ':', configuration = 'detachedConfiguration144'
[2026-09-27 14:14:13] [build-stdout] [2026-09-27 14:14:13] [autobuild] Detected dependency 'io.github.oshai:kotlin-logging-jvm:7.0.7': project = ':', configuration = 'detachedConfiguration144'
[2026-09-27 14:14:13] [build-stdout] [2026-09-27 14:14:13] [autobuild] Detected dependency 'com.pinterest.ktlint:ktlint-cli-ruleset-core:1.7.1': project = ':', configuration = 'detachedConfiguration144'
[2026-09-27 14:14:13] [build-stdout] [2026-09-27 14:14:13] [autobuild] Detected dependency 'com.pinterest.ktlint:ktlint-rule-engine-core:1.7.1': project = ':', configuration = 'detachedConfiguration144'
[2026-09-27 14:14:13] [build-stdout] [2026-09-27 14:14:13] [autobuild] Detected dependency 'org.jetbrains.kotlin:kotlin-compiler-embeddable:2.2.21': project = ':', configuration = 'detachedConfiguration144'
[2026-09-27 14:14:13] [build-stdout] [2026-09-27 14:14:13] [autobuild] Detected dependency 'org.jetbrains.kotlin:kotlin-script-runtime:2.2.21': project = ':', configuration = 'detachedConfiguration144'
[2026-09-27 14:14:13] [build-stdout] [2026-09-27 14:14:13] [autobuild] Detected dependency 'org.jetbrains.kotlin:kotlin-reflect:2.2.21': project = ':', configuration = 'detachedConfiguration144'
[2026-09-27 14:14:13] [build-stdout] [2026-09-27 14:14:13] [autobuild] Detected dependency 'org.jetbrains.kotlin:kotlin-daemon-embeddable:2.2.21': project = ':', configuration = 'detachedConfiguration144'
[2026-09-27 14:14:13] [build-stdout] [2026-09-27 14:14:13] [autobuild] Detected dependency 'org.jetbrains.kotlinx:kotlinx-coroutines-core-jvm:1.8.1': project = ':', configuration = 'detachedConfiguration144'
[2026-09-27 14:14:13] [build-stdout] [2026-09-27 14:14:13] [autobuild] Detected dependency 'org.ec4j.core:ec4j-core:1.1.1': project = ':', configuration = 'detachedConfiguration144'
[2026-09-27 14:14:13] [build-stdout] [2026-09-27 14:14:13] [autobuild] Detected dependency 'com.pinterest.ktlint:ktlint-ruleset-standard:1.7.1': project = ':modules:api', configuration = 'ktlintRuleset'
[2026-09-27 14:14:13] [build-stdout] [2026-09-27 14:14:13] [autobuild] Detected dependency 'com.pinterest.ktlint:ktlint-logger:1.7.1': project = ':modules:api', configuration = 'ktlintRuleset'
[2026-09-27 14:14:13] [build-stdout] [2026-09-27 14:14:13] [autobuild] Detected dependency 'dev.drewhamilton.poko:poko-annotations:0.19.1': project = ':modules:api', configuration = 'ktlintRuleset'
[2026-09-27 14:14:13] [build-stdout] [2026-09-27 14:14:13] [autobuild] Detected dependency 'dev.drewhamilton.poko:poko-annotations-jvm:0.19.1': project = ':modules:api', configuration = 'ktlintRuleset'
[2026-09-27 14:14:13] [build-stdout] [2026-09-27 14:14:13] [autobuild] Detected dependency 'org.jetbrains.kotlin:kotlin-stdlib:2.2.21': project = ':modules:api', configuration = 'ktlintRuleset'
[2026-09-27 14:14:13] [build-stdout] [2026-09-27 14:14:13] [autobuild] Detected dependency 'org.jetbrains:annotations:13.0': project = ':modules:api', configuration = 'ktlintRuleset'
[2026-09-27 14:14:13] [build-stdout] [2026-09-27 14:14:13] [autobuild] Detected dependency 'io.github.oshai:kotlin-logging-jvm:7.0.7': project = ':modules:api', configuration = 'ktlintRuleset'
[2026-09-27 14:14:13] [build-stdout] [2026-09-27 14:14:13] [autobuild] Detected dependency 'com.pinterest.ktlint:ktlint-cli-ruleset-core:1.7.1': project = ':modules:api', configuration = 'ktlintRuleset'
[2026-09-27 14:14:13] [build-stdout] [2026-09-27 14:14:13] [autobuild] Detected dependency 'com.pinterest.ktlint:ktlint-rule-engine-core:1.7.1': project = ':modules:api', configuration = 'ktlintRuleset'
[2026-09-27 14:14:13] [build-stdout] [2026-09-27 14:14:13] [autobuild] Detected dependency 'org.jetbrains.kotlin:kotlin-compiler-embeddable:2.2.21': project = ':modules:api', configuration = 'ktlintRuleset'
[2026-09-27 14:14:13] [build-stdout] [2026-09-27 14:14:13] [autobuild] Detected dependency 'org.jetbrains.kotlin:kotlin-script-runtime:2.2.21': project = ':modules:api', configuration = 'ktlintRuleset'
[2026-09-27 14:14:13] [build-stdout] [2026-09-27 14:14:13] [autobuild] Detected dependency 'org.jetbrains.kotlin:kotlin-reflect:2.2.21': project = ':modules:api', configuration = 'ktlintRuleset'
[2026-09-27 14:14:13] [build-stdout] [2026-09-27 14:14:13] [autobuild] Detected dependency 'org.jetbrains.kotlin:kotlin-daemon-embeddable:2.2.21': project = ':modules:api', configuration = 'ktlintRuleset'
[2026-09-27 14:14:13] [build-stdout] [2026-09-27 14:14:13] [autobuild] Detected dependency 'org.jetbrains.kotlinx:kotlinx-coroutines-core-jvm:1.8.1': project = ':modules:api', configuration = 'ktlintRuleset'
[2026-09-27 14:14:13] [build-stdout] [2026-09-27 14:14:13] [autobuild] Detected dependency 'org.ec4j.core:ec4j-core:1.1.1': project = ':modules:api', configuration = 'ktlintRuleset'
[2026-09-27 14:14:13] [build-stdout] [2026-09-27 14:14:13] [autobuild] Detected dependency 'com.pinterest.ktlint:ktlint-ruleset-standard:1.7.1': project = ':modules:api', configuration = 'ktlintRuleset'
[2026-09-27 14:14:13] [build-stdout] [2026-09-27 14:14:13] [autobuild] Detected dependency 'com.pinterest.ktlint:ktlint-logger:1.7.1': project = ':modules:api', configuration = 'ktlintRuleset'
[2026-09-27 14:14:13] [build-stdout] [2026-09-27 14:14:13] [autobuild] Detected dependency 'dev.drewhamilton.poko:poko-annotations:0.19.1': project = ':modules:api', configuration = 'ktlintRuleset'
[2026-09-27 14:14:13] [build-stdout] [2026-09-27 14:14:13] [autobuild] Detected dependency 'com.pinterest.ktlint:ktlint-cli-ruleset-core:1.7.1': project = ':modules:api', configuration = 'ktlintRuleset'
[2026-09-27 14:14:13] [build-stdout] [2026-09-27 14:14:13] [autobuild] Detected dependency 'com.pinterest.ktlint:ktlint-rule-engine-core:1.7.1': project = ':modules:api', configuration = 'ktlintRuleset'
[2026-09-27 14:14:13] [build-stdout] [2026-09-27 14:14:13] [autobuild] Detected dependency 'org.jetbrains.kotlin:kotlin-stdlib:2.2.21': project = ':modules:api', configuration = 'ktlintRuleset'
[2026-09-27 14:14:13] [build-stdout] [2026-09-27 14:14:13] [autobuild] Detected dependency 'io.github.oshai:kotlin-logging-jvm:7.0.7': project = ':modules:api', configuration = 'ktlintRuleset'
[2026-09-27 14:14:13] [build-stdout] [2026-09-27 14:14:13] [autobuild] Detected dependency 'dev.drewhamilton.poko:poko-annotations-jvm:0.19.1': project = ':modules:api', configuration = 'ktlintRuleset'
[2026-09-27 14:14:13] [build-stdout] [2026-09-27 14:14:13] [autobuild] Detected dependency 'org.jetbrains.kotlin:kotlin-compiler-embeddable:2.2.21': project = ':modules:api', configuration = 'ktlintRuleset'
[2026-09-27 14:14:13] [build-stdout] [2026-09-27 14:14:13] [autobuild] Detected dependency 'org.ec4j.core:ec4j-core:1.1.1': project = ':modules:api', configuration = 'ktlintRuleset'
[2026-09-27 14:14:13] [build-stdout] [2026-09-27 14:14:13] [autobuild] Detected dependency 'org.jetbrains:annotations:13.0': project = ':modules:api', configuration = 'ktlintRuleset'
[2026-09-27 14:14:13] [build-stdout] [2026-09-27 14:14:13] [autobuild] Detected dependency 'org.jetbrains.kotlin:kotlin-script-runtime:2.2.21': project = ':modules:api', configuration = 'ktlintRuleset'
[2026-09-27 14:14:13] [build-stdout] [2026-09-27 14:14:13] [autobuild] Detected dependency 'org.jetbrains.kotlin:kotlin-reflect:2.2.21': project = ':modules:api', configuration = 'ktlintRuleset'
[2026-09-27 14:14:13] [build-stdout] [2026-09-27 14:14:13] [autobuild] Detected dependency 'org.jetbrains.kotlin:kotlin-daemon-embeddable:2.2.21': project = ':modules:api', configuration = 'ktlintRuleset'
[2026-09-27 14:14:13] [build-stdout] [2026-09-27 14:14:13] [autobuild] Detected dependency 'org.jetbrains.kotlinx:kotlinx-coroutines-core-jvm:1.8.1': project = ':modules:api', configuration = 'ktlintRuleset'
[2026-09-27 14:14:13] [build-stdout] [2026-09-27 14:14:13] [autobuild] Detected dependency 'io.micrometer:micrometer-registry-prometheus:1.15.5': project = ':', configuration = 'detachedConfiguration146'
[2026-09-27 14:14:13] [build-stdout] [2026-09-27 14:14:13] [autobuild] Detected dependency 'io.micrometer:micrometer-core:1.15.5': project = ':', configuration = 'detachedConfiguration146'
[2026-09-27 14:14:13] [build-stdout] [2026-09-27 14:14:13] [autobuild] Detected dependency 'io.micrometer:micrometer-commons:1.15.5': project = ':', configuration = 'detachedConfiguration146'
[2026-09-27 14:14:13] [build-stdout] [2026-09-27 14:14:13] [autobuild] Detected dependency 'io.micrometer:micrometer-observation:1.15.5': project = ':', configuration = 'detachedConfiguration146'
[2026-09-27 14:14:13] [build-stdout] [2026-09-27 14:14:13] [autobuild] Detected dependency 'org.hdrhistogram:HdrHistogram:2.2.2': project = ':', configuration = 'detachedConfiguration146'
[2026-09-27 14:14:13] [build-stdout] [2026-09-27 14:14:13] [autobuild] Detected dependency 'org.latencyutils:LatencyUtils:2.0.3': project = ':', configuration = 'detachedConfiguration146'
[2026-09-27 14:14:13] [build-stdout] [2026-09-27 14:14:13] [autobuild] Detected dependency 'io.prometheus:prometheus-metrics-core:1.3.10': project = ':', configuration = 'detachedConfiguration146'
[2026-09-27 14:14:13] [build-stdout] [2026-09-27 14:14:13] [autobuild] Detected dependency 'io.prometheus:prometheus-metrics-model:1.3.10': project = ':', configuration = 'detachedConfiguration146'
[2026-09-27 14:14:13] [build-stdout] [2026-09-27 14:14:13] [autobuild] Detected dependency 'io.prometheus:prometheus-metrics-config:1.3.10': project = ':', configuration = 'detachedConfiguration146'
[2026-09-27 14:14:13] [build-stdout] [2026-09-27 14:14:13] [autobuild] Detected dependency 'io.prometheus:prometheus-metrics-tracer-common:1.3.10': project = ':', configuration = 'detachedConfiguration146'
[2026-09-27 14:14:13] [build-stdout] [2026-09-27 14:14:13] [autobuild] Detected dependency 'io.prometheus:prometheus-metrics-exposition-formats:1.3.10': project = ':', configuration = 'detachedConfiguration146'
[2026-09-27 14:14:13] [build-stdout] [2026-09-27 14:14:13] [autobuild] Detected dependency 'io.prometheus:prometheus-metrics-exposition-textformats:1.3.10': project = ':', configuration = 'detachedConfiguration146'
[2026-09-27 14:14:13] [build-stdout] [2026-09-27 14:14:13] [autobuild] Detected dependency 'org.postgresql:postgresql:42.7.8': project = ':', configuration = 'detachedConfiguration146'
[2026-09-27 14:14:13] [build-stdout] [2026-09-27 14:14:13] [autobuild] Detected dependency 'org.checkerframework:checker-qual:3.49.5': project = ':', configuration = 'detachedConfiguration146'
[2026-09-27 14:14:13] [build-stdout] [2026-09-27 14:14:13] [autobuild] Detected dependency 'project :modules:analytics': project = ':', configuration = 'detachedConfiguration146'
[2026-09-27 14:14:13] [build-stdout] [2026-09-27 14:14:13] [autobuild] Detected dependency 'org.jetbrains.kotlin:kotlin-stdlib:2.2.21': project = ':', configuration = 'detachedConfiguration146'
[2026-09-27 14:14:13] [build-stdout] [2026-09-27 14:14:13] [autobuild] Detected dependency 'org.jetbrains:annotations:13.0': project = ':', configuration = 'detachedConfiguration146'
[2026-09-27 14:14:13] [build-stdout] [2026-09-27 14:14:13] [autobuild] Detected dependency 'project :modules:persistence': project = ':', configuration = 'detachedConfiguration146'
[2026-09-27 14:14:13] [build-stdout] [2026-09-27 14:14:13] [autobuild] Detected dependency 'project :modules:control-panel': project = ':', configuration = 'detachedConfiguration146'
[2026-09-27 14:14:13] [build-stdout] [2026-09-27 14:14:13] [autobuild] Detected dependency 'com.fasterxml.jackson.core:jackson-databind:2.19.2': project = ':', configuration = 'detachedConfiguration146'
[2026-09-27 14:14:13] [build-stdout] [2026-09-27 14:14:13] [autobuild] Detected dependency 'com.fasterxml.jackson.core:jackson-annotations:2.19.2': project = ':', configuration = 'detachedConfiguration146'
[2026-09-27 14:14:13] [build-stdout] [2026-09-27 14:14:13] [autobuild] Detected dependency 'com.fasterxml.jackson:jackson-bom:2.19.2': project = ':', configuration = 'detachedConfiguration146'
[2026-09-27 14:14:13] [build-stdout] [2026-09-27 14:14:13] [autobuild] Detected dependency 'com.fasterxml.jackson.core:jackson-core:2.19.2': project = ':', configuration = 'detachedConfiguration146'
[2026-09-27 14:14:13] [build-stdout] [2026-09-27 14:14:13] [autobuild] Detected dependency 'com.fasterxml.jackson.dataformat:jackson-dataformat-toml:2.19.2': project = ':', configuration = 'detachedConfiguration146'
[2026-09-27 14:14:13] [build-stdout] [2026-09-27 14:14:13] [autobuild] Detected dependency 'com.fasterxml.jackson.datatype:jackson-datatype-jdk8:2.19.2': project = ':', configuration = 'detachedConfiguration146'
[2026-09-27 14:14:13] [build-stdout] [2026-09-27 14:14:13] [autobuild] Detected dependency 'com.fasterxml.jackson.datatype:jackson-datatype-jsr310:2.19.2': project = ':', configuration = 'detachedConfiguration146'
[2026-09-27 14:14:13] [build-stdout] [2026-09-27 14:14:13] [autobuild] Detected dependency 'com.fasterxml.jackson.module:jackson-module-kotlin:2.19.2': project = ':', configuration = 'detachedConfiguration146'
[2026-09-27 14:14:13] [build-stdout] [2026-09-27 14:14:13] [autobuild] Detected dependency 'org.jetbrains.kotlin:kotlin-reflect:2.2.21': project = ':', configuration = 'detachedConfiguration146'
[2026-09-27 14:14:13] [build-stdout] [2026-09-27 14:14:13] [autobuild] Detected dependency 'com.fasterxml.jackson.module:jackson-module-parameter-names:2.19.2': project = ':', configuration = 'detachedConfiguration146'
[2026-09-27 14:14:13] [build-stdout] [2026-09-27 14:14:13] [autobuild] Detected dependency 'project :modules:deal-sourcing': project = ':', configuration = 'detachedConfiguration146'
[2026-09-27 14:14:13] [build-stdout] [2026-09-27 14:14:13] [autobuild] Detected dependency 'project :modules:ibor-core': project = ':', configuration = 'detachedConfiguration146'
[2026-09-27 14:14:13] [build-stdout] [2026-09-27 14:14:13] [autobuild] Detected dependency 'project :modules:ingestion': project = ':', configuration = 'detachedConfiguration146'
[2026-09-27 14:14:13] [build-stdout] [2026-09-27 14:14:13] [autobuild] Detected dependency 'project :modules:lookthrough': project = ':', configuration = 'detachedConfiguration146'
[2026-09-27 14:14:13] [build-stdout] [2026-09-27 14:14:13] [autobuild] Detected dependency 'project :modules:persistence': project = ':', configuration = 'detachedConfiguration146'
[2026-09-27 14:14:13] [build-stdout] [2026-09-27 14:14:13] [autobuild] Detected dependency 'project :modules:recon': project = ':', configuration = 'detachedConfiguration146'
[2026-09-27 14:14:13] [build-stdout] [2026-09-27 14:14:13] [autobuild] Detected dependency 'project :modules:workflow': project = ':', configuration = 'detachedConfiguration146'
[2026-09-27 14:14:13] [build-stdout] [2026-09-27 14:14:13] [autobuild] Detected dependency 'org.springframework.boot:spring-boot-starter-web:3.5.7': project = ':', configuration = 'detachedConfiguration146'
[2026-09-27 14:14:13] [build-stdout] [2026-09-27 14:14:13] [autobuild] Detected dependency 'org.springframework.boot:spring-boot-starter:3.5.7': project = ':', configuration = 'detachedConfiguration146'
[2026-09-27 14:14:13] [build-stdout] [2026-09-27 14:14:13] [autobuild] Detected dependency 'org.springframework.boot:spring-boot:3.5.7': project = ':', configuration = 'detachedConfiguration146'
[2026-09-27 14:14:13] [build-stdout] [2026-09-27 14:14:13] [autobuild] Detected dependency 'org.springframework:spring-core:6.2.12': project = ':', configuration = 'detachedConfiguration146'
[2026-09-27 14:14:13] [build-stdout] [2026-09-27 14:14:13] [autobuild] Detected dependency 'org.springframework:spring-jcl:6.2.12': project = ':', configuration = 'detachedConfiguration146'
[2026-09-27 14:14:13] [build-stdout] [2026-09-27 14:14:13] [autobuild] Detected dependency 'org.springframework:spring-context:6.2.12': project = ':', configuration = 'detachedConfiguration146'
[2026-09-27 14:14:13] [build-stdout] [2026-09-27 14:14:13] [autobuild] Detected dependency 'org.springframework:spring-aop:6.2.12': project = ':', configuration = 'detachedConfiguration146'
[2026-09-27 14:14:13] [build-stdout] [2026-09-27 14:14:13] [autobuild] Detected dependency 'org.springframework:spring-beans:6.2.12': project = ':', configuration = 'detachedConfiguration146'
[2026-09-27 14:14:13] [build-stdout] [2026-09-27 14:14:13] [autobuild] Detected dependency 'org.springframework:spring-expression:6.2.12': project = ':', configuration = 'detachedConfiguration146'
[2026-09-27 14:14:13] [build-stdout] [2026-09-27 14:14:13] [autobuild] Detected dependency 'org.springframework.boot:spring-boot-autoconfigure:3.5.7': project = ':', configuration = 'detachedConfiguration146'
[2026-09-27 14:14:13] [build-stdout] [2026-09-27 14:14:13] [autobuild] Detected dependency 'org.springframework.boot:spring-boot-starter-logging:3.5.7': project = ':', configuration = 'detachedConfiguration146'
[2026-09-27 14:14:13] [build-stdout] [2026-09-27 14:14:13] [autobuild] Detected dependency 'ch.qos.logback:logback-classic:1.5.20': project = ':', configuration = 'detachedConfiguration146'
[2026-09-27 14:14:13] [build-stdout] [2026-09-27 14:14:13] [autobuild] Detected dependency 'ch.qos.logback:logback-core:1.5.20': project = ':', configuration = 'detachedConfiguration146'
[2026-09-27 14:14:13] [build-stdout] [2026-09-27 14:14:13] [autobuild] Detected dependency 'org.slf4j:slf4j-api:2.0.17': project = ':', configuration = 'detachedConfiguration146'
[2026-09-27 14:14:13] [build-stdout] [2026-09-27 14:14:13] [autobuild] Detected dependency 'org.apache.logging.log4j:log4j-to-slf4j:2.24.3': project = ':', configuration = 'detachedConfiguration146'
[2026-09-27 14:14:13] [build-stdout] [2026-09-27 14:14:13] [autobuild] Detected dependency 'org.apache.logging.log4j:log4j-api:2.24.3': project = ':', configuration = 'detachedConfiguration146'
[2026-09-27 14:14:13] [build-stdout] [2026-09-27 14:14:13] [autobuild] Detected dependency 'org.slf4j:jul-to-slf4j:2.0.17': project = ':', configuration = 'detachedConfiguration146'
[2026-09-27 14:14:13] [build-stdout] [2026-09-27 14:14:13] [autobuild] Detected dependency 'jakarta.annotation:jakarta.annotation-api:2.1.1': project = ':', configuration = 'detachedConfiguration146'
[2026-09-27 14:14:13] [build-stdout] [2026-09-27 14:14:13] [autobuild] Detected dependency 'org.yaml:snakeyaml:2.4': project = ':', configuration = 'detachedConfiguration146'
[2026-09-27 14:14:13] [build-stdout] [2026-09-27 14:14:13] [autobuild] Detected dependency 'org.springframework.boot:spring-boot-starter-json:3.5.7': project = ':', configuration = 'detachedConfiguration146'
[2026-09-27 14:14:13] [build-stdout] [2026-09-27 14:14:13] [autobuild] Detected dependency 'org.springframework:spring-web:6.2.12': project = ':', configuration = 'detachedConfiguration146'
[2026-09-27 14:14:13] [build-stdout] [2026-09-27 14:14:13] [autobuild] Detected dependency 'org.springframework.boot:spring-boot-starter-tomcat:3.5.7': project = ':', configuration = 'detachedConfiguration146'
[2026-09-27 14:14:13] [build-stdout] [2026-09-27 14:14:13] [autobuild] Detected dependency 'org.apache.tomcat.embed:tomcat-embed-core:10.1.48': project = ':', configuration = 'detachedConfiguration146'
[2026-09-27 14:14:13] [build-stdout] [2026-09-27 14:14:13] [autobuild] Detected dependency 'org.apache.tomcat.embed:tomcat-embed-el:10.1.48': project = ':', configuration = 'detachedConfiguration146'
[2026-09-27 14:14:13] [build-stdout] [2026-09-27 14:14:13] [autobuild] Detected dependency 'org.apache.tomcat.embed:tomcat-embed-websocket:10.1.48': project = ':', configuration = 'detachedConfiguration146'
[2026-09-27 14:14:13] [build-stdout] [2026-09-27 14:14:13] [autobuild] Detected dependency 'org.springframework:spring-webmvc:6.2.12': project = ':', configuration = 'detachedConfiguration146'
[2026-09-27 14:14:13] [build-stdout] [2026-09-27 14:14:13] [autobuild] Detected dependency 'org.springframework.boot:spring-boot-starter-jdbc:3.5.7': project = ':', configuration = 'detachedConfiguration146'
[2026-09-27 14:14:13] [build-stdout] [2026-09-27 14:14:13] [autobuild] Detected dependency 'com.zaxxer:HikariCP:6.3.3': project = ':', configuration = 'detachedConfiguration146'
[2026-09-27 14:14:13] [build-stdout] [2026-09-27 14:14:13] [autobuild] Detected dependency 'org.springframework:spring-jdbc:6.2.12': project = ':', configuration = 'detachedConfiguration146'
[2026-09-27 14:14:13] [build-stdout] [2026-09-27 14:14:13] [autobuild] Detected dependency 'org.springframework:spring-tx:6.2.12': project = ':', configuration = 'detachedConfiguration146'
[2026-09-27 14:14:13] [build-stdout] [2026-09-27 14:14:13] [autobuild] Detected dependency 'org.springframework.boot:spring-boot-starter-actuator:3.5.7': project = ':', configuration = 'detachedConfiguration146'
[2026-09-27 14:14:13] [build-stdout] [2026-09-27 14:14:13] [autobuild] Detected dependency 'org.springframework.boot:spring-boot-actuator-autoconfigure:3.5.7': project = ':', configuration = 'detachedConfiguration146'
[2026-09-27 14:14:13] [build-stdout] [2026-09-27 14:14:13] [autobuild] Detected dependency 'org.springframework.boot:spring-boot-actuator:3.5.7': project = ':', configuration = 'detachedConfiguration146'
[2026-09-27 14:14:13] [build-stdout] [2026-09-27 14:14:13] [autobuild] Detected dependency 'io.micrometer:micrometer-jakarta9:1.15.5': project = ':', configuration = 'detachedConfiguration146'
[2026-09-27 14:14:13] [build-stdout] [2026-09-27 14:14:13] [autobuild] Detected dependency 'org.springframework.boot:spring-boot-starter-validation:3.5.7': project = ':', configuration = 'detachedConfiguration146'
[2026-09-27 14:14:13] [build-stdout] [2026-09-27 14:14:13] [autobuild] Detected dependency 'org.hibernate.validator:hibernate-validator:8.0.3.Final': project = ':', configuration = 'detachedConfiguration146'
[2026-09-27 14:14:13] [build-stdout] [2026-09-27 14:14:13] [autobuild] Detected dependency 'jakarta.validation:jakarta.validation-api:3.0.2': project = ':', configuration = 'detachedConfiguration146'
[2026-09-27 14:14:13] [build-stdout] [2026-09-27 14:14:13] [autobuild] Detected dependency 'org.jboss.logging:jboss-logging:3.6.1.Final': project = ':', configuration = 'detachedConfiguration146'
[2026-09-27 14:14:13] [build-stdout] [2026-09-27 14:14:13] [autobuild] Detected dependency 'com.fasterxml:classmate:1.7.1': project = ':', configuration = 'detachedConfiguration146'
[2026-09-27 14:14:13] [build-stdout] [2026-09-27 14:14:13] [autobuild] Detected dependency 'org.springframework.boot:spring-boot-starter-security:3.5.7': project = ':', configuration = 'detachedConfiguration146'
[2026-09-27 14:14:13] [build-stdout] [2026-09-27 14:14:13] [autobuild] Detected dependency 'org.springframework.security:spring-security-config:6.5.6': project = ':', configuration = 'detachedConfiguration146'
[2026-09-27 14:14:13] [build-stdout] [2026-09-27 14:14:13] [autobuild] Detected dependency 'org.springframework.security:spring-security-core:6.5.6': project = ':', configuration = 'detachedConfiguration146'
[2026-09-27 14:14:13] [build-stdout] [2026-09-27 14:14:13] [autobuild] Detected dependency 'org.springframework.security:spring-security-crypto:6.5.6': project = ':', configuration = 'detachedConfiguration146'
[2026-09-27 14:14:13] [build-stdout] [2026-09-27 14:14:13] [autobuild] Detected dependency 'org.springframework.security:spring-security-web:6.5.6': project = ':', configuration = 'detachedConfiguration146'
[2026-09-27 14:14:13] [build-stdout] [2026-09-27 14:14:13] [autobuild] Detected dependency 'org.springframework.boot:spring-boot-starter-oauth2-resource-server:3.5.7': project = ':', configuration = 'detachedConfiguration146'
[2026-09-27 14:14:13] [build-stdout] [2026-09-27 14:14:13] [autobuild] Detected dependency 'org.springframework.security:spring-security-oauth2-resource-server:6.5.6': project = ':', configuration = 'detachedConfiguration146'
[2026-09-27 14:14:13] [build-stdout] [2026-09-27 14:14:13] [autobuild] Detected dependency 'org.springframework.security:spring-security-oauth2-core:6.5.6': project = ':', configuration = 'detachedConfiguration146'
[2026-09-27 14:14:13] [build-stdout] [2026-09-27 14:14:13] [autobuild] Detected dependency 'org.springframework.security:spring-security-oauth2-jose:6.5.6': project = ':', configuration = 'detachedConfiguration146'
[2026-09-27 14:14:13] [build-stdout] [2026-09-27 14:14:13] [autobuild] Detected dependency 'com.nimbusds:nimbus-jose-jwt:9.37.4': project = ':', configuration = 'detachedConfiguration146'
[2026-09-27 14:14:13] [build-stdout] [2026-09-27 14:14:13] [autobuild] Detected dependency 'com.github.stephenc.jcip:jcip-annotations:1.0-1': project = ':', configuration = 'detachedConfiguration146'
[2026-09-27 14:14:13] [build-stdout] [2026-09-27 14:14:13] [autobuild] Detected dependency 'com.fasterxml.jackson.module:jackson-module-kotlin:2.19.2': project = ':', configuration = 'detachedConfiguration146'
[2026-09-27 14:14:13] [build-stdout] [2026-09-27 14:14:13] [autobuild] Detected dependency 'org.jetbrains.kotlin:kotlin-reflect:2.2.21': project = ':', configuration = 'detachedConfiguration146'
[2026-09-27 14:14:13] [build-stdout] [2026-09-27 14:14:13] [autobuild] Detected dependency 'org.flywaydb:flyway-core:11.7.2': project = ':', configuration = 'detachedConfiguration146'
[2026-09-27 14:14:13] [build-stdout] [2026-09-27 14:14:13] [autobuild] Detected dependency 'org.flywaydb:flyway-database-postgresql:11.7.2': project = ':', configuration = 'detachedConfiguration146'
[2026-09-27 14:14:13] [build-stdout] [2026-09-27 14:14:13] [autobuild] Detected dependency 'org.jetbrains.kotlin:kotlin-stdlib:2.2.21': project = ':', configuration = 'detachedConfiguration146'
[2026-09-27 14:14:13] [build-stdout] [2026-09-27 14:14:13] [autobuild] Detected dependency 'org.jetbrains.kotlin:kotlin-reflect:2.2.21': project = ':', configuration = 'detachedConfiguration146'
[2026-09-27 14:14:13] [build-stdout] [2026-09-27 14:14:13] [autobuild] Detected dependency 'io.micrometer:micrometer-registry-prometheus:1.15.5': project = ':', configuration = 'detachedConfiguration148'
[2026-09-27 14:14:13] [build-stdout] [2026-09-27 14:14:13] [autobuild] Detected dependency 'io.micrometer:micrometer-core:1.15.5': project = ':', configuration = 'detachedConfiguration148'
[2026-09-27 14:14:13] [build-stdout] [2026-09-27 14:14:13] [autobuild] Detected dependency 'io.micrometer:micrometer-commons:1.15.5': project = ':', configuration = 'detachedConfiguration148'
[2026-09-27 14:14:13] [build-stdout] [2026-09-27 14:14:13] [autobuild] Detected dependency 'io.micrometer:micrometer-observation:1.15.5': project = ':', configuration = 'detachedConfiguration148'
[2026-09-27 14:14:13] [build-stdout] [2026-09-27 14:14:13] [autobuild] Detected dependency 'org.hdrhistogram:HdrHistogram:2.2.2': project = ':', configuration = 'detachedConfiguration148'
[2026-09-27 14:14:13] [build-stdout] [2026-09-27 14:14:13] [autobuild] Detected dependency 'org.latencyutils:LatencyUtils:2.0.3': project = ':', configuration = 'detachedConfiguration148'
[2026-09-27 14:14:13] [build-stdout] [2026-09-27 14:14:13] [autobuild] Detected dependency 'io.prometheus:prometheus-metrics-core:1.3.10': project = ':', configuration = 'detachedConfiguration148'
[2026-09-27 14:14:13] [build-stdout] [2026-09-27 14:14:13] [autobuild] Detected dependency 'io.prometheus:prometheus-metrics-model:1.3.10': project = ':', configuration = 'detachedConfiguration148'
[2026-09-27 14:14:13] [build-stdout] [2026-09-27 14:14:13] [autobuild] Detected dependency 'io.prometheus:prometheus-metrics-config:1.3.10': project = ':', configuration = 'detachedConfiguration148'
[2026-09-27 14:14:13] [build-stdout] [2026-09-27 14:14:13] [autobuild] Detected dependency 'io.prometheus:prometheus-metrics-tracer-common:1.3.10': project = ':', configuration = 'detachedConfiguration148'
[2026-09-27 14:14:13] [build-stdout] [2026-09-27 14:14:13] [autobuild] Detected dependency 'io.prometheus:prometheus-metrics-exposition-formats:1.3.10': project = ':', configuration = 'detachedConfiguration148'
[2026-09-27 14:14:13] [build-stdout] [2026-09-27 14:14:13] [autobuild] Detected dependency 'io.prometheus:prometheus-metrics-exposition-textformats:1.3.10': project = ':', configuration = 'detachedConfiguration148'
[2026-09-27 14:14:13] [build-stdout] [2026-09-27 14:14:13] [autobuild] Detected dependency 'org.postgresql:postgresql:42.7.8': project = ':', configuration = 'detachedConfiguration148'
[2026-09-27 14:14:13] [build-stdout] [2026-09-27 14:14:13] [autobuild] Detected dependency 'org.checkerframework:checker-qual:3.49.5': project = ':', configuration = 'detachedConfiguration148'
[2026-09-27 14:14:13] [build-stdout] [2026-09-27 14:14:13] [autobuild] Detected dependency 'project :modules:analytics': project = ':', configuration = 'detachedConfiguration148'
[2026-09-27 14:14:13] [build-stdout] [2026-09-27 14:14:13] [autobuild] Detected dependency 'org.jetbrains.kotlin:kotlin-stdlib:2.2.21': project = ':', configuration = 'detachedConfiguration148'
[2026-09-27 14:14:13] [build-stdout] [2026-09-27 14:14:13] [autobuild] Detected dependency 'org.jetbrains:annotations:13.0': project = ':', configuration = 'detachedConfiguration148'
[2026-09-27 14:14:13] [build-stdout] [2026-09-27 14:14:13] [autobuild] Detected dependency 'project :modules:persistence': project = ':', configuration = 'detachedConfiguration148'
[2026-09-27 14:14:13] [build-stdout] [2026-09-27 14:14:13] [autobuild] Detected dependency 'project :modules:control-panel': project = ':', configuration = 'detachedConfiguration148'
[2026-09-27 14:14:13] [build-stdout] [2026-09-27 14:14:13] [autobuild] Detected dependency 'com.fasterxml.jackson.core:jackson-databind:2.19.2': project = ':', configuration = 'detachedConfiguration148'
[2026-09-27 14:14:13] [build-stdout] [2026-09-27 14:14:13] [autobuild] Detected dependency 'com.fasterxml.jackson.core:jackson-annotations:2.19.2': project = ':', configuration = 'detachedConfiguration148'
[2026-09-27 14:14:13] [build-stdout] [2026-09-27 14:14:13] [autobuild] Detected dependency 'com.fasterxml.jackson:jackson-bom:2.19.2': project = ':', configuration = 'detachedConfiguration148'
[2026-09-27 14:14:13] [build-stdout] [2026-09-27 14:14:13] [autobuild] Detected dependency 'com.fasterxml.jackson.core:jackson-core:2.19.2': project = ':', configuration = 'detachedConfiguration148'
[2026-09-27 14:14:13] [build-stdout] [2026-09-27 14:14:13] [autobuild] Detected dependency 'com.fasterxml.jackson.dataformat:jackson-dataformat-toml:2.19.2': project = ':', configuration = 'detachedConfiguration148'
[2026-09-27 14:14:13] [build-stdout] [2026-09-27 14:14:13] [autobuild] Detected dependency 'com.fasterxml.jackson.datatype:jackson-datatype-jdk8:2.19.2': project = ':', configuration = 'detachedConfiguration148'
[2026-09-27 14:14:13] [build-stdout] [2026-09-27 14:14:13] [autobuild] Detected dependency 'com.fasterxml.jackson.datatype:jackson-datatype-jsr310:2.19.2': project = ':', configuration = 'detachedConfiguration148'
[2026-09-27 14:14:13] [build-stdout] [2026-09-27 14:14:13] [autobuild] Detected dependency 'com.fasterxml.jackson.module:jackson-module-kotlin:2.19.2': project = ':', configuration = 'detachedConfiguration148'
[2026-09-27 14:14:13] [build-stdout] [2026-09-27 14:14:13] [autobuild] Detected dependency 'org.jetbrains.kotlin:kotlin-reflect:2.2.21': project = ':', configuration = 'detachedConfiguration148'
[2026-09-27 14:14:13] [build-stdout] [2026-09-27 14:14:13] [autobuild] Detected dependency 'com.fasterxml.jackson.module:jackson-module-parameter-names:2.19.2': project = ':', configuration = 'detachedConfiguration148'
[2026-09-27 14:14:13] [build-stdout] [2026-09-27 14:14:13] [autobuild] Detected dependency 'project :modules:deal-sourcing': project = ':', configuration = 'detachedConfiguration148'
[2026-09-27 14:14:13] [build-stdout] [2026-09-27 14:14:13] [autobuild] Detected dependency 'project :modules:ibor-core': project = ':', configuration = 'detachedConfiguration148'
[2026-09-27 14:14:13] [build-stdout] [2026-09-27 14:14:13] [autobuild] Detected dependency 'project :modules:ingestion': project = ':', configuration = 'detachedConfiguration148'
[2026-09-27 14:14:13] [build-stdout] [2026-09-27 14:14:13] [autobuild] Detected dependency 'project :modules:lookthrough': project = ':', configuration = 'detachedConfiguration148'
[2026-09-27 14:14:13] [build-stdout] [2026-09-27 14:14:13] [autobuild] Detected dependency 'project :modules:persistence': project = ':', configuration = 'detachedConfiguration148'
[2026-09-27 14:14:13] [build-stdout] [2026-09-27 14:14:13] [autobuild] Detected dependency 'project :modules:recon': project = ':', configuration = 'detachedConfiguration148'
[2026-09-27 14:14:13] [build-stdout] [2026-09-27 14:14:13] [autobuild] Detected dependency 'project :modules:workflow': project = ':', configuration = 'detachedConfiguration148'
[2026-09-27 14:14:13] [build-stdout] [2026-09-27 14:14:13] [autobuild] Detected dependency 'org.springframework.boot:spring-boot-starter-web:3.5.7': project = ':', configuration = 'detachedConfiguration148'
[2026-09-27 14:14:13] [build-stdout] [2026-09-27 14:14:13] [autobuild] Detected dependency 'org.springframework.boot:spring-boot-starter:3.5.7': project = ':', configuration = 'detachedConfiguration148'
[2026-09-27 14:14:13] [build-stdout] [2026-09-27 14:14:13] [autobuild] Detected dependency 'org.springframework.boot:spring-boot:3.5.7': project = ':', configuration = 'detachedConfiguration148'
[2026-09-27 14:14:13] [build-stdout] [2026-09-27 14:14:13] [autobuild] Detected dependency 'org.springframework:spring-core:6.2.12': project = ':', configuration = 'detachedConfiguration148'
[2026-09-27 14:14:13] [build-stdout] [2026-09-27 14:14:13] [autobuild] Detected dependency 'org.springframework:spring-jcl:6.2.12': project = ':', configuration = 'detachedConfiguration148'
[2026-09-27 14:14:13] [build-stdout] [2026-09-27 14:14:13] [autobuild] Detected dependency 'org.springframework:spring-context:6.2.12': project = ':', configuration = 'detachedConfiguration148'
[2026-09-27 14:14:13] [build-stdout] [2026-09-27 14:14:13] [autobuild] Detected dependency 'org.springframework:spring-aop:6.2.12': project = ':', configuration = 'detachedConfiguration148'
[2026-09-27 14:14:13] [build-stdout] [2026-09-27 14:14:13] [autobuild] Detected dependency 'org.springframework:spring-beans:6.2.12': project = ':', configuration = 'detachedConfiguration148'
[2026-09-27 14:14:13] [build-stdout] [2026-09-27 14:14:13] [autobuild] Detected dependency 'org.springframework:spring-expression:6.2.12': project = ':', configuration = 'detachedConfiguration148'
[2026-09-27 14:14:13] [build-stdout] [2026-09-27 14:14:13] [autobuild] Detected dependency 'org.springframework.boot:spring-boot-autoconfigure:3.5.7': project = ':', configuration = 'detachedConfiguration148'
[2026-09-27 14:14:13] [build-stdout] [2026-09-27 14:14:13] [autobuild] Detected dependency 'org.springframework.boot:spring-boot-starter-logging:3.5.7': project = ':', configuration = 'detachedConfiguration148'
[2026-09-27 14:14:13] [build-stdout] [2026-09-27 14:14:13] [autobuild] Detected dependency 'ch.qos.logback:logback-classic:1.5.20': project = ':', configuration = 'detachedConfiguration148'
[2026-09-27 14:14:13] [build-stdout] [2026-09-27 14:14:13] [autobuild] Detected dependency 'ch.qos.logback:logback-core:1.5.20': project = ':', configuration = 'detachedConfiguration148'
[2026-09-27 14:14:13] [build-stdout] [2026-09-27 14:14:13] [autobuild] Detected dependency 'org.slf4j:slf4j-api:2.0.17': project = ':', configuration = 'detachedConfiguration148'
[2026-09-27 14:14:13] [build-stdout] [2026-09-27 14:14:13] [autobuild] Detected dependency 'org.apache.logging.log4j:log4j-to-slf4j:2.24.3': project = ':', configuration = 'detachedConfiguration148'
[2026-09-27 14:14:13] [build-stdout] [2026-09-27 14:14:13] [autobuild] Detected dependency 'org.apache.logging.log4j:log4j-api:2.24.3': project = ':', configuration = 'detachedConfiguration148'
[2026-09-27 14:14:13] [build-stdout] [2026-09-27 14:14:13] [autobuild] Detected dependency 'org.slf4j:jul-to-slf4j:2.0.17': project = ':', configuration = 'detachedConfiguration148'
[2026-09-27 14:14:13] [build-stdout] [2026-09-27 14:14:13] [autobuild] Detected dependency 'jakarta.annotation:jakarta.annotation-api:2.1.1': project = ':', configuration = 'detachedConfiguration148'
[2026-09-27 14:14:13] [build-stdout] [2026-09-27 14:14:13] [autobuild] Detected dependency 'org.yaml:snakeyaml:2.4': project = ':', configuration = 'detachedConfiguration148'
[2026-09-27 14:14:13] [build-stdout] [2026-09-27 14:14:13] [autobuild] Detected dependency 'org.springframework.boot:spring-boot-starter-json:3.5.7': project = ':', configuration = 'detachedConfiguration148'
[2026-09-27 14:14:13] [build-stdout] [2026-09-27 14:14:13] [autobuild] Detected dependency 'org.springframework:spring-web:6.2.12': project = ':', configuration = 'detachedConfiguration148'
[2026-09-27 14:14:13] [build-stdout] [2026-09-27 14:14:13] [autobuild] Detected dependency 'org.springframework.boot:spring-boot-starter-tomcat:3.5.7': project = ':', configuration = 'detachedConfiguration148'
[2026-09-27 14:14:13] [build-stdout] [2026-09-27 14:14:13] [autobuild] Detected dependency 'org.apache.tomcat.embed:tomcat-embed-core:10.1.48': project = ':', configuration = 'detachedConfiguration148'
[2026-09-27 14:14:13] [build-stdout] [2026-09-27 14:14:13] [autobuild] Detected dependency 'org.apache.tomcat.embed:tomcat-embed-el:10.1.48': project = ':', configuration = 'detachedConfiguration148'
[2026-09-27 14:14:13] [build-stdout] [2026-09-27 14:14:13] [autobuild] Detected dependency 'org.apache.tomcat.embed:tomcat-embed-websocket:10.1.48': project = ':', configuration = 'detachedConfiguration148'
[2026-09-27 14:14:13] [build-stdout] [2026-09-27 14:14:13] [autobuild] Detected dependency 'org.springframework:spring-webmvc:6.2.12': project = ':', configuration = 'detachedConfiguration148'
[2026-09-27 14:14:13] [build-stdout] [2026-09-27 14:14:13] [autobuild] Detected dependency 'org.springframework.boot:spring-boot-starter-jdbc:3.5.7': project = ':', configuration = 'detachedConfiguration148'
[2026-09-27 14:14:13] [build-stdout] [2026-09-27 14:14:13] [autobuild] Detected dependency 'com.zaxxer:HikariCP:6.3.3': project = ':', configuration = 'detachedConfiguration148'
[2026-09-27 14:14:13] [build-stdout] [2026-09-27 14:14:13] [autobuild] Detected dependency 'org.springframework:spring-jdbc:6.2.12': project = ':', configuration = 'detachedConfiguration148'
[2026-09-27 14:14:13] [build-stdout] [2026-09-27 14:14:13] [autobuild] Detected dependency 'org.springframework:spring-tx:6.2.12': project = ':', configuration = 'detachedConfiguration148'
[2026-09-27 14:14:13] [build-stdout] [2026-09-27 14:14:13] [autobuild] Detected dependency 'org.springframework.boot:spring-boot-starter-actuator:3.5.7': project = ':', configuration = 'detachedConfiguration148'
[2026-09-27 14:14:13] [build-stdout] [2026-09-27 14:14:13] [autobuild] Detected dependency 'org.springframework.boot:spring-boot-actuator-autoconfigure:3.5.7': project = ':', configuration = 'detachedConfiguration148'
[2026-09-27 14:14:13] [build-stdout] [2026-09-27 14:14:13] [autobuild] Detected dependency 'org.springframework.boot:spring-boot-actuator:3.5.7': project = ':', configuration = 'detachedConfiguration148'
[2026-09-27 14:14:13] [build-stdout] [2026-09-27 14:14:13] [autobuild] Detected dependency 'io.micrometer:micrometer-jakarta9:1.15.5': project = ':', configuration = 'detachedConfiguration148'
[2026-09-27 14:14:13] [build-stdout] [2026-09-27 14:14:13] [autobuild] Detected dependency 'org.springframework.boot:spring-boot-starter-validation:3.5.7': project = ':', configuration = 'detachedConfiguration148'
[2026-09-27 14:14:13] [build-stdout] [2026-09-27 14:14:13] [autobuild] Detected dependency 'org.hibernate.validator:hibernate-validator:8.0.3.Final': project = ':', configuration = 'detachedConfiguration148'
[2026-09-27 14:14:13] [build-stdout] [2026-09-27 14:14:13] [autobuild] Detected dependency 'jakarta.validation:jakarta.validation-api:3.0.2': project = ':', configuration = 'detachedConfiguration148'
[2026-09-27 14:14:13] [build-stdout] [2026-09-27 14:14:13] [autobuild] Detected dependency 'org.jboss.logging:jboss-logging:3.6.1.Final': project = ':', configuration = 'detachedConfiguration148'
[2026-09-27 14:14:13] [build-stdout] [2026-09-27 14:14:13] [autobuild] Detected dependency 'com.fasterxml:classmate:1.7.1': project = ':', configuration = 'detachedConfiguration148'
[2026-09-27 14:14:13] [build-stdout] [2026-09-27 14:14:13] [autobuild] Detected dependency 'org.springframework.boot:spring-boot-starter-security:3.5.7': project = ':', configuration = 'detachedConfiguration148'
[2026-09-27 14:14:13] [build-stdout] [2026-09-27 14:14:13] [autobuild] Detected dependency 'org.springframework.security:spring-security-config:6.5.6': project = ':', configuration = 'detachedConfiguration148'
[2026-09-27 14:14:13] [build-stdout] [2026-09-27 14:14:13] [autobuild] Detected dependency 'org.springframework.security:spring-security-core:6.5.6': project = ':', configuration = 'detachedConfiguration148'
[2026-09-27 14:14:13] [build-stdout] [2026-09-27 14:14:13] [autobuild] Detected dependency 'org.springframework.security:spring-security-crypto:6.5.6': project = ':', configuration = 'detachedConfiguration148'
[2026-09-27 14:14:13] [build-stdout] [2026-09-27 14:14:13] [autobuild] Detected dependency 'org.springframework.security:spring-security-web:6.5.6': project = ':', configuration = 'detachedConfiguration148'
[2026-09-27 14:14:13] [build-stdout] [2026-09-27 14:14:13] [autobuild] Detected dependency 'org.springframework.boot:spring-boot-starter-oauth2-resource-server:3.5.7': project = ':', configuration = 'detachedConfiguration148'
[2026-09-27 14:14:13] [build-stdout] [2026-09-27 14:14:13] [autobuild] Detected dependency 'org.springframework.security:spring-security-oauth2-resource-server:6.5.6': project = ':', configuration = 'detachedConfiguration148'
[2026-09-27 14:14:13] [build-stdout] [2026-09-27 14:14:13] [autobuild] Detected dependency 'org.springframework.security:spring-security-oauth2-core:6.5.6': project = ':', configuration = 'detachedConfiguration148'
[2026-09-27 14:14:13] [build-stdout] [2026-09-27 14:14:13] [autobuild] Detected dependency 'io.prometheus:prometheus-metrics-exposition-textformats:1.3.10': project = ':', configuration = 'detachedConfiguration177'
[2026-09-27 14:14:13] [build-stdout] [2026-09-27 14:14:13] [autobuild] Detected dependency 'org.postgresql:postgresql:42.7.8': project = ':', configuration = 'detachedConfiguration177'
[2026-09-27 14:14:13] [build-stdout] [2026-09-27 14:14:13] [autobuild] Detected dependency 'org.checkerframework:checker-qual:3.49.5': project = ':', configuration = 'detachedConfiguration177'
[2026-09-27 14:14:13] [build-stdout] [2026-09-27 14:14:13] [autobuild] Detected dependency 'org.springframework.boot:spring-boot-starter-test:3.5.7': project = ':', configuration = 'detachedConfiguration177'
[2026-09-27 14:14:13] [build-stdout] [2026-09-27 14:14:13] [autobuild] Detected dependency 'org.springframework.boot:spring-boot-starter:3.5.7': project = ':', configuration = 'detachedConfiguration177'
[2026-09-27 14:14:13] [build-stdout] [2026-09-27 14:14:13] [autobuild] Detected dependency 'org.springframework.boot:spring-boot:3.5.7': project = ':', configuration = 'detachedConfiguration177'
[2026-09-27 14:14:13] [build-stdout] [2026-09-27 14:14:13] [autobuild] Detected dependency 'org.springframework:spring-core:6.2.12': project = ':', configuration = 'detachedConfiguration177'
[2026-09-27 14:14:13] [build-stdout] [2026-09-27 14:14:13] [autobuild] Detected dependency 'org.springframework:spring-jcl:6.2.12': project = ':', configuration = 'detachedConfiguration177'
[2026-09-27 14:14:13] [build-stdout] [2026-09-27 14:14:13] [autobuild] Detected dependency 'org.springframework:spring-context:6.2.12': project = ':', configuration = 'detachedConfiguration177'
[2026-09-27 14:14:13] [build-stdout] [2026-09-27 14:14:13] [autobuild] Detected dependency 'org.springframework:spring-aop:6.2.12': project = ':', configuration = 'detachedConfiguration177'
[2026-09-27 14:14:13] [build-stdout] [2026-09-27 14:14:13] [autobuild] Detected dependency 'org.springframework:spring-beans:6.2.12': project = ':', configuration = 'detachedConfiguration177'
[2026-09-27 14:14:13] [build-stdout] [2026-09-27 14:14:13] [autobuild] Detected dependency 'org.springframework:spring-expression:6.2.12': project = ':', configuration = 'detachedConfiguration177'
[2026-09-27 14:14:13] [build-stdout] [2026-09-27 14:14:13] [autobuild] Detected dependency 'org.springframework.boot:spring-boot-autoconfigure:3.5.7': project = ':', configuration = 'detachedConfiguration177'
[2026-09-27 14:14:13] [build-stdout] [2026-09-27 14:14:13] [autobuild] Detected dependency 'org.springframework.boot:spring-boot-starter-logging:3.5.7': project = ':', configuration = 'detachedConfiguration177'
[2026-09-27 14:14:13] [build-stdout] [2026-09-27 14:14:13] [autobuild] Detected dependency 'ch.qos.logback:logback-classic:1.5.20': project = ':', configuration = 'detachedConfiguration177'
[2026-09-27 14:14:13] [build-stdout] [2026-09-27 14:14:13] [autobuild] Detected dependency 'ch.qos.logback:logback-core:1.5.20': project = ':', configuration = 'detachedConfiguration177'
[2026-09-27 14:14:13] [build-stdout] [2026-09-27 14:14:13] [autobuild] Detected dependency 'org.slf4j:slf4j-api:2.0.17': project = ':', configuration = 'detachedConfiguration177'
[2026-09-27 14:14:13] [build-stdout] [2026-09-27 14:14:13] [autobuild] Detected dependency 'org.apache.logging.log4j:log4j-to-slf4j:2.24.3': project = ':', configuration = 'detachedConfiguration177'
[2026-09-27 14:14:13] [build-stdout] [2026-09-27 14:14:13] [autobuild] Detected dependency 'org.apache.logging.log4j:log4j-api:2.24.3': project = ':', configuration = 'detachedConfiguration177'
[2026-09-27 14:14:13] [build-stdout] [2026-09-27 14:14:13] [autobuild] Detected dependency 'org.slf4j:jul-to-slf4j:2.0.17': project = ':', configuration = 'detachedConfiguration177'
[2026-09-27 14:14:13] [build-stdout] [2026-09-27 14:14:13] [autobuild] Detected dependency 'jakarta.annotation:jakarta.annotation-api:2.1.1': project = ':', configuration = 'detachedConfiguration177'
[2026-09-27 14:14:13] [build-stdout] [2026-09-27 14:14:13] [autobuild] Detected dependency 'org.yaml:snakeyaml:2.4': project = ':', configuration = 'detachedConfiguration177'
[2026-09-27 14:14:13] [build-stdout] [2026-09-27 14:14:13] [autobuild] Detected dependency 'org.springframework.boot:spring-boot-test:3.5.7': project = ':', configuration = 'detachedConfiguration177'
[2026-09-27 14:14:13] [build-stdout] [2026-09-27 14:14:13] [autobuild] Detected dependency 'org.springframework:spring-test:6.2.12': project = ':', configuration = 'detachedConfiguration177'
[2026-09-27 14:14:13] [build-stdout] [2026-09-27 14:14:13] [autobuild] Detected dependency 'org.springframework.boot:spring-boot-test-autoconfigure:3.5.7': project = ':', configuration = 'detachedConfiguration177'
[2026-09-27 14:14:13] [build-stdout] [2026-09-27 14:14:13] [autobuild] Detected dependency 'com.jayway.jsonpath:json-path:2.9.0': project = ':', configuration = 'detachedConfiguration177'
[2026-09-27 14:14:13] [build-stdout] [2026-09-27 14:14:13] [autobuild] Detected dependency 'net.minidev:json-smart:2.5.2': project = ':', configuration = 'detachedConfiguration177'
[2026-09-27 14:14:13] [build-stdout] [2026-09-27 14:14:13] [autobuild] Detected dependency 'net.minidev:accessors-smart:2.5.2': project = ':', configuration = 'detachedConfiguration177'
[2026-09-27 14:14:13] [build-stdout] [2026-09-27 14:14:13] [autobuild] Detected dependency 'org.ow2.asm:asm:9.7.1': project = ':', configuration = 'detachedConfiguration177'
[2026-09-27 14:14:13] [build-stdout] [2026-09-27 14:14:13] [autobuild] Detected dependency 'jakarta.xml.bind:jakarta.xml.bind-api:4.0.4': project = ':', configuration = 'detachedConfiguration177'
[2026-09-27 14:14:13] [build-stdout] [2026-09-27 14:14:13] [autobuild] Detected dependency 'jakarta.activation:jakarta.activation-api:2.1.4': project = ':', configuration = 'detachedConfiguration177'
[2026-09-27 14:14:13] [build-stdout] [2026-09-27 14:14:13] [autobuild] Detected dependency 'org.assertj:assertj-core:3.27.6': project = ':', configuration = 'detachedConfiguration177'
[2026-09-27 14:14:13] [build-stdout] [2026-09-27 14:14:13] [autobuild] Detected dependency 'net.bytebuddy:byte-buddy:1.17.8': project = ':', configuration = 'detachedConfiguration177'
[2026-09-27 14:14:13] [build-stdout] [2026-09-27 14:14:13] [autobuild] Detected dependency 'org.awaitility:awaitility:4.2.2': project = ':', configuration = 'detachedConfiguration177'
[2026-09-27 14:14:13] [build-stdout] [2026-09-27 14:14:13] [autobuild] Detected dependency 'org.hamcrest:hamcrest:3.0': project = ':', configuration = 'detachedConfiguration177'
[2026-09-27 14:14:13] [build-stdout] [2026-09-27 14:14:13] [autobuild] Detected dependency 'org.junit.jupiter:junit-jupiter:5.12.2': project = ':', configuration = 'detachedConfiguration177'
[2026-09-27 14:14:13] [build-stdout] [2026-09-27 14:14:13] [autobuild] Detected dependency 'org.junit:junit-bom:5.12.2': project = ':', configuration = 'detachedConfiguration177'
[2026-09-27 14:14:13] [build-stdout] [2026-09-27 14:14:13] [autobuild] Detected dependency 'org.junit.jupiter:junit-jupiter-api:5.12.2': project = ':', configuration = 'detachedConfiguration177'
[2026-09-27 14:14:13] [build-stdout] [2026-09-27 14:14:13] [autobuild] Detected dependency 'org.opentest4j:opentest4j:1.3.0': project = ':', configuration = 'detachedConfiguration177'
[2026-09-27 14:14:13] [build-stdout] [2026-09-27 14:14:13] [autobuild] Detected dependency 'org.junit.platform:junit-platform-commons:1.12.2': project = ':', configuration = 'detachedConfiguration177'
[2026-09-27 14:14:13] [build-stdout] [2026-09-27 14:14:13] [autobuild] Detected dependency 'org.junit.jupiter:junit-jupiter-engine:5.12.2': project = ':', configuration = 'detachedConfiguration177'
[2026-09-27 14:14:13] [build-stdout] [2026-09-27 14:14:13] [autobuild] Detected dependency 'org.junit.platform:junit-platform-engine:1.12.2': project = ':', configuration = 'detachedConfiguration177'
[2026-09-27 14:14:13] [build-stdout] [2026-09-27 14:14:13] [autobuild] Detected dependency 'org.junit.jupiter:junit-jupiter-params:5.12.2': project = ':', configuration = 'detachedConfiguration177'
[2026-09-27 14:14:13] [build-stdout] [2026-09-27 14:14:13] [autobuild] Detected dependency 'org.junit.platform:junit-platform-launcher:1.12.2': project = ':', configuration = 'detachedConfiguration177'
[2026-09-27 14:14:13] [build-stdout] [2026-09-27 14:14:13] [autobuild] Detected dependency 'org.mockito:mockito-core:5.17.0': project = ':', configuration = 'detachedConfiguration177'
[2026-09-27 14:14:13] [build-stdout] [2026-09-27 14:14:13] [autobuild] Detected dependency 'net.bytebuddy:byte-buddy-agent:1.17.8': project = ':', configuration = 'detachedConfiguration177'
[2026-09-27 14:14:13] [build-stdout] [2026-09-27 14:14:13] [autobuild] Detected dependency 'org.objenesis:objenesis:3.3': project = ':', configuration = 'detachedConfiguration177'
[2026-09-27 14:14:13] [build-stdout] [2026-09-27 14:14:13] [autobuild] Detected dependency 'org.mockito:mockito-junit-jupiter:5.17.0': project = ':', configuration = 'detachedConfiguration177'
[2026-09-27 14:14:13] [build-stdout] [2026-09-27 14:14:13] [autobuild] Detected dependency 'org.skyscreamer:jsonassert:1.5.3': project = ':', configuration = 'detachedConfiguration177'
[2026-09-27 14:14:13] [build-stdout] [2026-09-27 14:14:13] [autobuild] Detected dependency 'com.vaadin.external.google:android-json:0.0.20131108.vaadin1': project = ':', configuration = 'detachedConfiguration177'
[2026-09-27 14:14:13] [build-stdout] [2026-09-27 14:14:13] [autobuild] Detected dependency 'org.xmlunit:xmlunit-core:2.10.4': project = ':', configuration = 'detachedConfiguration177'
[2026-09-27 14:14:13] [build-stdout] [2026-09-27 14:14:13] [autobuild] Detected dependency 'org.springframework.security:spring-security-test:6.5.6': project = ':', configuration = 'detachedConfiguration177'
[2026-09-27 14:14:13] [build-stdout] [2026-09-27 14:14:13] [autobuild] Detected dependency 'org.springframework.security:spring-security-core:6.5.6': project = ':', configuration = 'detachedConfiguration177'
[2026-09-27 14:14:13] [build-stdout] [2026-09-27 14:14:13] [autobuild] Detected dependency 'org.springframework.security:spring-security-crypto:6.5.6': project = ':', configuration = 'detachedConfiguration177'
[2026-09-27 14:14:13] [build-stdout] [2026-09-27 14:14:13] [autobuild] Detected dependency 'org.springframework.security:spring-security-web:6.5.6': project = ':', configuration = 'detachedConfiguration177'
[2026-09-27 14:14:13] [build-stdout] [2026-09-27 14:14:13] [autobuild] Detected dependency 'org.springframework:spring-web:6.2.12': project = ':', configuration = 'detachedConfiguration177'
[2026-09-27 14:14:13] [build-stdout] [2026-09-27 14:14:13] [autobuild] Detected dependency 'org.testcontainers:junit-jupiter:1.21.3': project = ':', configuration = 'detachedConfiguration177'
[2026-09-27 14:14:13] [build-stdout] [2026-09-27 14:14:13] [autobuild] Detected dependency 'org.testcontainers:testcontainers:1.21.3': project = ':', configuration = 'detachedConfiguration177'
[2026-09-27 14:14:13] [build-stdout] [2026-09-27 14:14:13] [autobuild] Detected dependency 'junit:junit:4.13.2': project = ':', configuration = 'detachedConfiguration177'
[2026-09-27 14:14:13] [build-stdout] [2026-09-27 14:14:13] [autobuild] Detected dependency 'org.hamcrest:hamcrest-core:3.0': project = ':', configuration = 'detachedConfiguration177'
[2026-09-27 14:14:13] [build-stdout] [2026-09-27 14:14:13] [autobuild] Detected dependency 'org.apache.commons:commons-compress:1.24.0': project = ':', configuration = 'detachedConfiguration177'
[2026-09-27 14:14:13] [build-stdout] [2026-09-27 14:14:13] [autobuild] Detected dependency 'org.rnorth.duct-tape:duct-tape:1.0.8': project = ':', configuration = 'detachedConfiguration177'
[2026-09-27 14:14:13] [build-stdout] [2026-09-27 14:14:13] [autobuild] Detected dependency 'org.jetbrains:annotations:17.0.0': project = ':', configuration = 'detachedConfiguration177'
[2026-09-27 14:14:13] [build-stdout] [2026-09-27 14:14:13] [autobuild] Detected dependency 'com.github.docker-java:docker-java-api:3.4.2': project = ':', configuration = 'detachedConfiguration177'
[2026-09-27 14:14:13] [build-stdout] [2026-09-27 14:14:13] [autobuild] Detected dependency 'com.fasterxml.jackson.core:jackson-annotations:2.19.2': project = ':', configuration = 'detachedConfiguration177'
[2026-09-27 14:14:13] [build-stdout] [2026-09-27 14:14:13] [autobuild] Detected dependency 'com.fasterxml.jackson:jackson-bom:2.19.2': project = ':', configuration = 'detachedConfiguration177'
[2026-09-27 14:14:13] [build-stdout] [2026-09-27 14:14:13] [autobuild] Detected dependency 'com.fasterxml.jackson.core:jackson-core:2.19.2': project = ':', configuration = 'detachedConfiguration177'
[2026-09-27 14:14:13] [build-stdout] [2026-09-27 14:14:13] [autobuild] Detected dependency 'com.fasterxml.jackson.core:jackson-databind:2.19.2': project = ':', configuration = 'detachedConfiguration177'
[2026-09-27 14:14:13] [build-stdout] [2026-09-27 14:14:13] [autobuild] Detected dependency 'com.fasterxml.jackson.dataformat:jackson-dataformat-toml:2.19.2': project = ':', configuration = 'detachedConfiguration177'
[2026-09-27 14:14:13] [build-stdout] [2026-09-27 14:14:13] [autobuild] Detected dependency 'com.fasterxml.jackson.datatype:jackson-datatype-jdk8:2.19.2': project = ':', configuration = 'detachedConfiguration177'
[2026-09-27 14:14:13] [build-stdout] [2026-09-27 14:14:13] [autobuild] Detected dependency 'com.fasterxml.jackson.datatype:jackson-datatype-jsr310:2.19.2': project = ':', configuration = 'detachedConfiguration177'
[2026-09-27 14:14:13] [build-stdout] [2026-09-27 14:14:13] [autobuild] Detected dependency 'com.fasterxml.jackson.module:jackson-module-kotlin:2.19.2': project = ':', configuration = 'detachedConfiguration177'
[2026-09-27 14:14:13] [build-stdout] [2026-09-27 14:14:13] [autobuild] Detected dependency 'org.jetbrains.kotlin:kotlin-reflect:2.2.21': project = ':', configuration = 'detachedConfiguration177'
[2026-09-27 14:14:13] [build-stdout] [2026-09-27 14:14:13] [autobuild] Detected dependency 'org.jetbrains.kotlin:kotlin-stdlib:2.2.21': project = ':', configuration = 'detachedConfiguration177'
[2026-09-27 14:14:13] [build-stdout] [2026-09-27 14:14:13] [autobuild] Detected dependency 'com.fasterxml.jackson.module:jackson-module-parameter-names:2.19.2': project = ':', configuration = 'detachedConfiguration177'
[2026-09-27 14:14:13] [build-stdout] [2026-09-27 14:14:13] [autobuild] Detected dependency 'com.github.docker-java:docker-java-transport-zerodep:3.4.2': project = ':', configuration = 'detachedConfiguration177'
[2026-09-27 14:14:13] [build-stdout] [2026-09-27 14:14:13] [autobuild] Detected dependency 'com.github.docker-java:docker-java-transport:3.4.2': project = ':', configuration = 'detachedConfiguration177'
[2026-09-27 14:14:13] [build-stdout] [2026-09-27 14:14:13] [autobuild] Detected dependency 'net.java.dev.jna:jna:5.13.0': project = ':', configuration = 'detachedConfiguration177'
[2026-09-27 14:14:13] [build-stdout] [2026-09-27 14:14:13] [autobuild] Detected dependency 'org.testcontainers:postgresql:1.21.3': project = ':', configuration = 'detachedConfiguration177'
[2026-09-27 14:14:13] [build-stdout] [2026-09-27 14:14:13] [autobuild] Detected dependency 'org.testcontainers:jdbc:1.21.3': project = ':', configuration = 'detachedConfiguration177'
[2026-09-27 14:14:13] [build-stdout] [2026-09-27 14:14:13] [autobuild] Detected dependency 'org.testcontainers:database-commons:1.21.3': project = ':', configuration = 'detachedConfiguration177'
[2026-09-27 14:14:13] [build-stdout] [2026-09-27 14:14:13] [autobuild] Detected dependency 'com.tngtech.archunit:archunit-junit5:1.4.1': project = ':', configuration = 'detachedConfiguration177'
[2026-09-27 14:14:13] [build-stdout] [2026-09-27 14:14:13] [autobuild] Detected dependency 'com.tngtech.archunit:archunit-junit5-api:1.4.1': project = ':', configuration = 'detachedConfiguration177'
[2026-09-27 14:14:13] [build-stdout] [2026-09-27 14:14:13] [autobuild] Detected dependency 'com.tngtech.archunit:archunit:1.4.1': project = ':', configuration = 'detachedConfiguration177'
[2026-09-27 14:14:13] [build-stdout] [2026-09-27 14:14:13] [autobuild] Detected dependency 'com.tngtech.archunit:archunit-junit5-engine:1.4.1': project = ':', configuration = 'detachedConfiguration177'
[2026-09-27 14:14:13] [build-stdout] [2026-09-27 14:14:13] [autobuild] Detected dependency 'com.tngtech.archunit:archunit-junit5-engine-api:1.4.1': project = ':', configuration = 'detachedConfiguration177'
[2026-09-27 14:14:13] [build-stdout] [2026-09-27 14:14:13] [autobuild] Detected dependency 'project :modules:analytics': project = ':', configuration = 'detachedConfiguration177'
[2026-09-27 14:14:13] [build-stdout] [2026-09-27 14:14:13] [autobuild] Detected dependency 'project :modules:persistence': project = ':', configuration = 'detachedConfiguration177'
[2026-09-27 14:14:13] [build-stdout] [2026-09-27 14:14:13] [autobuild] Detected dependency 'project :modules:control-panel': project = ':', configuration = 'detachedConfiguration177'
[2026-09-27 14:14:13] [build-stdout] [2026-09-27 14:14:13] [autobuild] Detected dependency 'project :modules:deal-sourcing': project = ':', configuration = 'detachedConfiguration177'
[2026-09-27 14:14:13] [build-stdout] [2026-09-27 14:14:13] [autobuild] Detected dependency 'project :modules:ibor-core': project = ':', configuration = 'detachedConfiguration177'
[2026-09-27 14:14:13] [build-stdout] [2026-09-27 14:14:13] [autobuild] Detected dependency 'project :modules:ingestion': project = ':', configuration = 'detachedConfiguration177'
[2026-09-27 14:14:13] [build-stdout] [2026-09-27 14:14:13] [autobuild] Detected dependency 'project :modules:lookthrough': project = ':', configuration = 'detachedConfiguration177'
[2026-09-27 14:14:13] [build-stdout] [2026-09-27 14:14:13] [autobuild] Detected dependency 'project :modules:persistence': project = ':', configuration = 'detachedConfiguration177'
[2026-09-27 14:14:13] [build-stdout] [2026-09-27 14:14:13] [autobuild] Detected dependency 'project :modules:recon': project = ':', configuration = 'detachedConfiguration177'
[2026-09-27 14:14:13] [build-stdout] [2026-09-27 14:14:13] [autobuild] Detected dependency 'project :modules:workflow': project = ':', configuration = 'detachedConfiguration177'
[2026-09-27 14:14:13] [build-stdout] [2026-09-27 14:14:13] [autobuild] Detected dependency 'org.springframework.boot:spring-boot-starter-web:3.5.7': project = ':', configuration = 'detachedConfiguration177'
[2026-09-27 14:14:13] [build-stdout] [2026-09-27 14:14:13] [autobuild] Detected dependency 'org.springframework.boot:spring-boot-starter-json:3.5.7': project = ':', configuration = 'detachedConfiguration177'
[2026-09-27 14:14:13] [build-stdout] [2026-09-27 14:14:13] [autobuild] Detected dependency 'org.springframework.boot:spring-boot-starter-tomcat:3.5.7': project = ':', configuration = 'detachedConfiguration177'
[2026-09-27 14:14:13] [build-stdout] [2026-09-27 14:14:13] [autobuild] Detected dependency 'org.apache.tomcat.embed:tomcat-embed-core:10.1.48': project = ':', configuration = 'detachedConfiguration177'
[2026-09-27 14:14:13] [build-stdout] [2026-09-27 14:14:13] [autobuild] Detected dependency 'org.apache.tomcat.embed:tomcat-embed-el:10.1.48': project = ':', configuration = 'detachedConfiguration177'
[2026-09-27 14:14:13] [build-stdout] [2026-09-27 14:14:13] [autobuild] Detected dependency 'org.apache.tomcat.embed:tomcat-embed-websocket:10.1.48': project = ':', configuration = 'detachedConfiguration177'
[2026-09-27 14:14:13] [build-stdout] [2026-09-27 14:14:13] [autobuild] Detected dependency 'org.springframework:spring-webmvc:6.2.12': project = ':', configuration = 'detachedConfiguration177'
[2026-09-27 14:14:13] [build-stdout] [2026-09-27 14:14:13] [autobuild] Detected dependency 'org.springframework.boot:spring-boot-starter-jdbc:3.5.7': project = ':', configuration = 'detachedConfiguration177'
[2026-09-27 14:14:13] [build-stdout] [2026-09-27 14:14:13] [autobuild] Detected dependency 'com.zaxxer:HikariCP:6.3.3': project = ':', configuration = 'detachedConfiguration177'
[2026-09-27 14:14:13] [build-stdout] [2026-09-27 14:14:13] [autobuild] Detected dependency 'org.springframework:spring-jdbc:6.2.12': project = ':', configuration = 'detachedConfiguration177'
[2026-09-27 14:14:13] [build-stdout] [2026-09-27 14:14:13] [autobuild] Detected dependency 'org.springframework:spring-tx:6.2.12': project = ':', configuration = 'detachedConfiguration177'
[2026-09-27 14:14:13] [build-stdout] [2026-09-27 14:14:13] [autobuild] Detected dependency 'org.springframework.boot:spring-boot-starter-actuator:3.5.7': project = ':', configuration = 'detachedConfiguration177'
[2026-09-27 14:14:13] [build-stdout] [2026-09-27 14:14:13] [autobuild] Detected dependency 'org.springframework.boot:spring-boot-actuator-autoconfigure:3.5.7': project = ':', configuration = 'detachedConfiguration177'
[2026-09-27 14:14:13] [build-stdout] [2026-09-27 14:14:13] [autobuild] Detected dependency 'org.springframework.boot:spring-boot-actuator:3.5.7': project = ':', configuration = 'detachedConfiguration177'
[2026-09-27 14:14:13] [build-stdout] [2026-09-27 14:14:13] [autobuild] Detected dependency 'io.micrometer:micrometer-jakarta9:1.15.5': project = ':', configuration = 'detachedConfiguration177'
[2026-09-27 14:14:13] [build-stdout] [2026-09-27 14:14:13] [autobuild] Detected dependency 'org.springframework.boot:spring-boot-starter-validation:3.5.7': project = ':', configuration = 'detachedConfiguration177'
[2026-09-27 14:14:13] [build-stdout] [2026-09-27 14:14:13] [autobuild] Detected dependency 'org.hibernate.validator:hibernate-validator:8.0.3.Final': project = ':', configuration = 'detachedConfiguration177'
[2026-09-27 14:14:13] [build-stdout] [2026-09-27 14:14:13] [autobuild] Detected dependency 'jakarta.validation:jakarta.validation-api:3.0.2': project = ':', configuration = 'detachedConfiguration177'
[2026-09-27 14:14:13] [build-stdout] [2026-09-27 14:14:13] [autobuild] Detected dependency 'org.jboss.logging:jboss-logging:3.6.1.Final': project = ':', configuration = 'detachedConfiguration177'
[2026-09-27 14:14:13] [build-stdout] [2026-09-27 14:14:13] [autobuild] Detected dependency 'com.fasterxml:classmate:1.7.1': project = ':', configuration = 'detachedConfiguration177'
[2026-09-27 14:14:13] [build-stdout] [2026-09-27 14:14:13] [autobuild] Detected dependency 'org.springframework.boot:spring-boot-starter-security:3.5.7': project = ':', configuration = 'detachedConfiguration177'
[2026-09-27 14:14:13] [build-stdout] [2026-09-27 14:14:13] [autobuild] Detected dependency 'org.springframework.security:spring-security-config:6.5.6': project = ':', configuration = 'detachedConfiguration177'
[2026-09-27 14:14:13] [build-stdout] [2026-09-27 14:14:13] [autobuild] Detected dependency 'org.springframework.boot:spring-boot-starter-oauth2-resource-server:3.5.7': project = ':', configuration = 'detachedConfiguration177'
[2026-09-27 14:14:13] [build-stdout] [2026-09-27 14:14:13] [autobuild] Detected dependency 'org.springframework.security:spring-security-oauth2-resource-server:6.5.6': project = ':', configuration = 'detachedConfiguration177'
[2026-09-27 14:14:13] [build-stdout] [2026-09-27 14:14:13] [autobuild] Detected dependency 'org.springframework.security:spring-security-oauth2-core:6.5.6': project = ':', configuration = 'detachedConfiguration177'
[2026-09-27 14:14:13] [build-stdout] [2026-09-27 14:14:13] [autobuild] Detected dependency 'org.springframework.security:spring-security-oauth2-jose:6.5.6': project = ':', configuration = 'detachedConfiguration177'
[2026-09-27 14:14:13] [build-stdout] [2026-09-27 14:14:13] [autobuild] Detected dependency 'com.nimbusds:nimbus-jose-jwt:9.37.4': project = ':', configuration = 'detachedConfiguration177'
[2026-09-27 14:14:13] [build-stdout] [2026-09-27 14:14:13] [autobuild] Detected dependency 'com.github.stephenc.jcip:jcip-annotations:1.0-1': project = ':', configuration = 'detachedConfiguration177'
[2026-09-27 14:14:13] [build-stdout] [2026-09-27 14:14:13] [autobuild] Detected dependency 'com.fasterxml.jackson.module:jackson-module-kotlin:2.19.2': project = ':', configuration = 'detachedConfiguration177'
[2026-09-27 14:14:13] [build-stdout] [2026-09-27 14:14:13] [autobuild] Detected dependency 'org.jetbrains.kotlin:kotlin-reflect:2.2.21': project = ':', configuration = 'detachedConfiguration177'
[2026-09-27 14:14:13] [build-stdout] [2026-09-27 14:14:13] [autobuild] Detected dependency 'org.flywaydb:flyway-core:11.7.2': project = ':', configuration = 'detachedConfiguration177'
[2026-09-27 14:14:13] [build-stdout] [2026-09-27 14:14:13] [autobuild] Detected dependency 'org.flywaydb:flyway-database-postgresql:11.7.2': project = ':', configuration = 'detachedConfiguration177'
[2026-09-27 14:14:13] [build-stdout] [2026-09-27 14:14:13] [autobuild] Detected dependency 'org.jetbrains.kotlin:kotlin-stdlib:2.2.21': project = ':', configuration = 'detachedConfiguration177'
[2026-09-27 14:14:13] [build-stdout] [2026-09-27 14:14:13] [autobuild] Detected dependency 'org.jetbrains.kotlin:kotlin-reflect:2.2.21': project = ':', configuration = 'detachedConfiguration177'
[2026-09-27 14:14:13] [build-stdout] [2026-09-27 14:14:13] [autobuild] Detected dependency 'org.jetbrains.kotlin:kotlin-stdlib:2.2.21': project = ':modules:api', configuration = 'testRuntimeClasspath'
[2026-09-27 14:14:13] [build-stdout] [2026-09-27 14:14:13] [autobuild] Detected dependency 'org.jetbrains:annotations:17.0.0': project = ':modules:api', configuration = 'testRuntimeClasspath'
[2026-09-27 14:14:13] [build-stdout] [2026-09-27 14:14:13] [autobuild] Detected dependency 'project :modules:analytics': project = ':modules:api', configuration = 'testRuntimeClasspath'
[2026-09-27 14:14:13] [build-stdout] [2026-09-27 14:14:13] [autobuild] Detected dependency 'project :modules:persistence': project = ':modules:api', configuration = 'testRuntimeClasspath'
[2026-09-27 14:14:13] [build-stdout] [2026-09-27 14:14:13] [autobuild] Detected dependency 'project :modules:control-panel': project = ':modules:api', configuration = 'testRuntimeClasspath'
[2026-09-27 14:14:13] [build-stdout] [2026-09-27 14:14:13] [autobuild] Detected dependency 'com.fasterxml.jackson.core:jackson-databind:2.19.2': project = ':modules:api', configuration = 'testRuntimeClasspath'
[2026-09-27 14:14:13] [build-stdout] [2026-09-27 14:14:13] [autobuild] Detected dependency 'com.fasterxml.jackson.core:jackson-annotations:2.19.2': project = ':modules:api', configuration = 'testRuntimeClasspath'
[2026-09-27 14:14:13] [build-stdout] [2026-09-27 14:14:13] [autobuild] Detected dependency 'com.fasterxml.jackson:jackson-bom:2.19.2': project = ':modules:api', configuration = 'testRuntimeClasspath'
[2026-09-27 14:14:13] [build-stdout] [2026-09-27 14:14:13] [autobuild] Detected dependency 'com.fasterxml.jackson.core:jackson-core:2.19.2': project = ':modules:api', configuration = 'testRuntimeClasspath'
[2026-09-27 14:14:13] [build-stdout] [2026-09-27 14:14:13] [autobuild] Detected dependency 'com.fasterxml.jackson.dataformat:jackson-dataformat-toml:2.19.2': project = ':modules:api', configuration = 'testRuntimeClasspath'
[2026-09-27 14:14:13] [build-stdout] [2026-09-27 14:14:13] [autobuild] Detected dependency 'com.fasterxml.jackson.datatype:jackson-datatype-jdk8:2.19.2': project = ':modules:api', configuration = 'testRuntimeClasspath'
[2026-09-27 14:14:13] [build-stdout] [2026-09-27 14:14:13] [autobuild] Detected dependency 'com.fasterxml.jackson.datatype:jackson-datatype-jsr310:2.19.2': project = ':modules:api', configuration = 'testRuntimeClasspath'
[2026-09-27 14:14:13] [build-stdout] [2026-09-27 14:14:13] [autobuild] Detected dependency 'com.fasterxml.jackson.module:jackson-module-kotlin:2.19.2': project = ':modules:api', configuration = 'testRuntimeClasspath'
[2026-09-27 14:14:13] [build-stdout] [2026-09-27 14:14:13] [autobuild] Detected dependency 'org.jetbrains.kotlin:kotlin-reflect:2.2.21': project = ':modules:api', configuration = 'testRuntimeClasspath'
[2026-09-27 14:14:13] [build-stdout] [2026-09-27 14:14:13] [autobuild] Detected dependency 'com.fasterxml.jackson.module:jackson-module-parameter-names:2.19.2': project = ':modules:api', configuration = 'testRuntimeClasspath'
[2026-09-27 14:14:13] [build-stdout] [2026-09-27 14:14:13] [autobuild] Detected dependency 'project :modules:deal-sourcing': project = ':modules:api', configuration = 'testRuntimeClasspath'
[2026-09-27 14:14:13] [build-stdout] [2026-09-27 14:14:13] [autobuild] Detected dependency 'project :modules:ibor-core': project = ':modules:api', configuration = 'testRuntimeClasspath'
[2026-09-27 14:14:13] [build-stdout] [2026-09-27 14:14:13] [autobuild] Detected dependency 'project :modules:ingestion': project = ':modules:api', configuration = 'testRuntimeClasspath'
[2026-09-27 14:14:13] [build-stdout] [2026-09-27 14:14:13] [autobuild] Detected dependency 'project :modules:lookthrough': project = ':modules:api', configuration = 'testRuntimeClasspath'
[2026-09-27 14:14:13] [build-stdout] [2026-09-27 14:14:13] [autobuild] Detected dependency 'project :modules:persistence': project = ':modules:api', configuration = 'testRuntimeClasspath'
[2026-09-27 14:14:13] [build-stdout] [2026-09-27 14:14:13] [autobuild] Detected dependency 'project :modules:recon': project = ':modules:api', configuration = 'testRuntimeClasspath'
[2026-09-27 14:14:13] [build-stdout] [2026-09-27 14:14:13] [autobuild] Detected dependency 'project :modules:workflow': project = ':modules:api', configuration = 'testRuntimeClasspath'
[2026-09-27 14:14:13] [build-stdout] [2026-09-27 14:14:13] [autobuild] Detected dependency 'org.springframework.boot:spring-boot-starter-web:3.5.7': project = ':modules:api', configuration = 'testRuntimeClasspath'
[2026-09-27 14:14:13] [build-stdout] [2026-09-27 14:14:13] [autobuild] Detected dependency 'org.springframework.boot:spring-boot-starter:3.5.7': project = ':modules:api', configuration = 'testRuntimeClasspath'
[2026-09-27 14:14:13] [build-stdout] [2026-09-27 14:14:13] [autobuild] Detected dependency 'org.springframework.boot:spring-boot:3.5.7': project = ':modules:api', configuration = 'testRuntimeClasspath'
[2026-09-27 14:14:13] [build-stdout] [2026-09-27 14:14:13] [autobuild] Detected dependency 'org.springframework:spring-core:6.2.12': project = ':modules:api', configuration = 'testRuntimeClasspath'
[2026-09-27 14:14:13] [build-stdout] [2026-09-27 14:14:13] [autobuild] Detected dependency 'org.springframework:spring-jcl:6.2.12': project = ':modules:api', configuration = 'testRuntimeClasspath'
[2026-09-27 14:14:13] [build-stdout] [2026-09-27 14:14:13] [autobuild] Detected dependency 'org.springframework:spring-context:6.2.12': project = ':modules:api', configuration = 'testRuntimeClasspath'
[2026-09-27 14:14:13] [build-stdout] [2026-09-27 14:14:13] [autobuild] Detected dependency 'org.springframework:spring-aop:6.2.12': project = ':modules:api', configuration = 'testRuntimeClasspath'
[2026-09-27 14:14:13] [build-stdout] [2026-09-27 14:14:13] [autobuild] Detected dependency 'org.springframework:spring-beans:6.2.12': project = ':modules:api', configuration = 'testRuntimeClasspath'
[2026-09-27 14:14:13] [build-stdout] [2026-09-27 14:14:13] [autobuild] Detected dependency 'org.springframework:spring-expression:6.2.12': project = ':modules:api', configuration = 'testRuntimeClasspath'
[2026-09-27 14:14:13] [build-stdout] [2026-09-27 14:14:13] [autobuild] Detected dependency 'io.micrometer:micrometer-observation:1.15.5': project = ':modules:api', configuration = 'testRuntimeClasspath'
[2026-09-27 14:14:13] [build-stdout] [2026-09-27 14:14:13] [autobuild] Detected dependency 'io.micrometer:micrometer-commons:1.15.5': project = ':modules:api', configuration = 'testRuntimeClasspath'
[2026-09-27 14:14:13] [build-stdout] [2026-09-27 14:14:13] [autobuild] Detected dependency 'org.springframework.boot:spring-boot-autoconfigure:3.5.7': project = ':modules:api', configuration = 'testRuntimeClasspath'
[2026-09-27 14:14:13] [build-stdout] [2026-09-27 14:14:13] [autobuild] Detected dependency 'org.springframework.boot:spring-boot-starter-logging:3.5.7': project = ':modules:api', configuration = 'testRuntimeClasspath'
[2026-09-27 14:14:13] [build-stdout] [2026-09-27 14:14:13] [autobuild] Detected dependency 'ch.qos.logback:logback-classic:1.5.20': project = ':modules:api', configuration = 'testRuntimeClasspath'
[2026-09-27 14:14:13] [build-stdout] [2026-09-27 14:14:13] [autobuild] Detected dependency 'ch.qos.logback:logback-core:1.5.20': project = ':modules:api', configuration = 'testRuntimeClasspath'
[2026-09-27 14:14:13] [build-stdout] [2026-09-27 14:14:13] [autobuild] Detected dependency 'org.slf4j:slf4j-api:2.0.17': project = ':modules:api', configuration = 'testRuntimeClasspath'
[2026-09-27 14:14:13] [build-stdout] [2026-09-27 14:14:13] [autobuild] Detected dependency 'org.apache.logging.log4j:log4j-to-slf4j:2.24.3': project = ':modules:api', configuration = 'testRuntimeClasspath'
[2026-09-27 14:14:13] [build-stdout] [2026-09-27 14:14:13] [autobuild] Detected dependency 'org.apache.logging.log4j:log4j-api:2.24.3': project = ':modules:api', configuration = 'testRuntimeClasspath'
[2026-09-27 14:14:13] [build-stdout] [2026-09-27 14:14:13] [autobuild] Detected dependency 'org.slf4j:jul-to-slf4j:2.0.17': project = ':modules:api', configuration = 'testRuntimeClasspath'
[2026-09-27 14:14:13] [build-stdout] [2026-09-27 14:14:13] [autobuild] Detected dependency 'jakarta.annotation:jakarta.annotation-api:2.1.1': project = ':modules:api', configuration = 'testRuntimeClasspath'
[2026-09-27 14:14:13] [build-stdout] [2026-09-27 14:14:13] [autobuild] Detected dependency 'org.yaml:snakeyaml:2.4': project = ':modules:api', configuration = 'testRuntimeClasspath'
[2026-09-27 14:14:13] [build-stdout] [2026-09-27 14:14:13] [autobuild] Detected dependency 'org.springframework.boot:spring-boot-starter-json:3.5.7': project = ':modules:api', configuration = 'testRuntimeClasspath'
[2026-09-27 14:14:13] [build-stdout] [2026-09-27 14:14:13] [autobuild] Detected dependency 'org.springframework:spring-web:6.2.12': project = ':modules:api', configuration = 'testRuntimeClasspath'
[2026-09-27 14:14:13] [build-stdout] [2026-09-27 14:14:13] [autobuild] Detected dependency 'org.springframework.boot:spring-boot-starter-tomcat:3.5.7': project = ':modules:api', configuration = 'testRuntimeClasspath'
[2026-09-27 14:14:13] [build-stdout] [2026-09-27 14:14:13] [autobuild] Detected dependency 'org.apache.tomcat.embed:tomcat-embed-core:10.1.48': project = ':modules:api', configuration = 'testRuntimeClasspath'
[2026-09-27 14:14:13] [build-stdout] [2026-09-27 14:14:13] [autobuild] Detected dependency 'org.apache.tomcat.embed:tomcat-embed-el:10.1.48': project = ':modules:api', configuration = 'testRuntimeClasspath'
[2026-09-27 14:14:13] [build-stdout] [2026-09-27 14:14:13] [autobuild] Detected dependency 'org.apache.tomcat.embed:tomcat-embed-websocket:10.1.48': project = ':modules:api', configuration = 'testRuntimeClasspath'
[2026-09-27 14:14:13] [build-stdout] [2026-09-27 14:14:13] [autobuild] Detected dependency 'org.springframework:spring-webmvc:6.2.12': project = ':modules:api', configuration = 'testRuntimeClasspath'
[2026-09-27 14:14:13] [build-stdout] [2026-09-27 14:14:13] [autobuild] Detected dependency 'org.springframework.boot:spring-boot-starter-jdbc:3.5.7': project = ':modules:api', configuration = 'testRuntimeClasspath'
[2026-09-27 14:14:13] [build-stdout] [2026-09-27 14:14:13] [autobuild] Detected dependency 'com.zaxxer:HikariCP:6.3.3': project = ':modules:api', configuration = 'testRuntimeClasspath'
[2026-09-27 14:14:13] [build-stdout] [2026-09-27 14:14:13] [autobuild] Detected dependency 'org.springframework:spring-jdbc:6.2.12': project = ':modules:api', configuration = 'testRuntimeClasspath'
[2026-09-27 14:14:13] [build-stdout] [2026-09-27 14:14:13] [autobuild] Detected dependency 'org.springframework:spring-tx:6.2.12': project = ':modules:api', configuration = 'testRuntimeClasspath'
[2026-09-27 14:14:13] [build-stdout] [2026-09-27 14:14:13] [autobuild] Detected dependency 'org.springframework.boot:spring-boot-starter-actuator:3.5.7': project = ':modules:api', configuration = 'testRuntimeClasspath'
[2026-09-27 14:14:13] [build-stdout] [2026-09-27 14:14:13] [autobuild] Detected dependency 'org.springframework.boot:spring-boot-actuator-autoconfigure:3.5.7': project = ':modules:api', configuration = 'testRuntimeClasspath'
[2026-09-27 14:14:13] [build-stdout] [2026-09-27 14:14:13] [autobuild] Detected dependency 'org.springframework.boot:spring-boot-actuator:3.5.7': project = ':modules:api', configuration = 'testRuntimeClasspath'
[2026-09-27 14:14:13] [build-stdout] [2026-09-27 14:14:13] [autobuild] Detected dependency 'io.micrometer:micrometer-jakarta9:1.15.5': project = ':modules:api', configuration = 'testRuntimeClasspath'
[2026-09-27 14:14:13] [build-stdout] [2026-09-27 14:14:13] [autobuild] Detected dependency 'io.micrometer:micrometer-core:1.15.5': project = ':modules:api', configuration = 'testRuntimeClasspath'
[2026-09-27 14:14:13] [build-stdout] [2026-09-27 14:14:13] [autobuild] Detected dependency 'org.hdrhistogram:HdrHistogram:2.2.2': project = ':modules:api', configuration = 'testRuntimeClasspath'
[2026-09-27 14:14:13] [build-stdout] [2026-09-27 14:14:13] [autobuild] Detected dependency 'org.latencyutils:LatencyUtils:2.0.3': project = ':modules:api', configuration = 'testRuntimeClasspath'
[2026-09-27 14:14:13] [build-stdout] [2026-09-27 14:14:13] [autobuild] Detected dependency 'org.springframework.boot:spring-boot-starter-validation:3.5.7': project = ':modules:api', configuration = 'testRuntimeClasspath'
[2026-09-27 14:14:13] [build-stdout] [2026-09-27 14:14:13] [autobuild] Detected dependency 'org.hibernate.validator:hibernate-validator:8.0.3.Final': project = ':modules:api', configuration = 'testRuntimeClasspath'
[2026-09-27 14:14:13] [build-stdout] [2026-09-27 14:14:13] [autobuild] Detected dependency 'jakarta.validation:jakarta.validation-api:3.0.2': project = ':modules:api', configuration = 'testRuntimeClasspath'
[2026-09-27 14:14:13] [build-stdout] [2026-09-27 14:14:13] [autobuild] Detected dependency 'org.jboss.logging:jboss-logging:3.6.1.Final': project = ':modules:api', configuration = 'testRuntimeClasspath'
[2026-09-27 14:14:13] [build-stdout] [2026-09-27 14:14:13] [autobuild] Detected dependency 'com.fasterxml:classmate:1.7.1': project = ':modules:api', configuration = 'testRuntimeClasspath'
[2026-09-27 14:14:13] [build-stdout] [2026-09-27 14:14:13] [autobuild] Detected dependency 'org.springframework.boot:spring-boot-starter-security:3.5.7': project = ':modules:api', configuration = 'testRuntimeClasspath'
[2026-09-27 14:14:13] [build-stdout] [2026-09-27 14:14:13] [autobuild] Detected dependency 'org.springframework.security:spring-security-config:6.5.6': project = ':modules:api', configuration = 'testRuntimeClasspath'
[2026-09-27 14:14:13] [build-stdout] [2026-09-27 14:14:13] [autobuild] Detected dependency 'org.springframework.security:spring-security-core:6.5.6': project = ':modules:api', configuration = 'testRuntimeClasspath'
[2026-09-27 14:14:13] [build-stdout] [2026-09-27 14:14:13] [autobuild] Detected dependency 'org.springframework.security:spring-security-crypto:6.5.6': project = ':modules:api', configuration = 'testRuntimeClasspath'
[2026-09-27 14:14:13] [build-stdout] [2026-09-27 14:14:13] [autobuild] Detected dependency 'org.springframework.security:spring-security-web:6.5.6': project = ':modules:api', configuration = 'testRuntimeClasspath'
[2026-09-27 14:14:13] [build-stdout] [2026-09-27 14:14:13] [autobuild] Detected dependency 'org.springframework.boot:spring-boot-starter-oauth2-resource-server:3.5.7': project = ':modules:api', configuration = 'testRuntimeClasspath'
[2026-09-27 14:14:13] [build-stdout] [2026-09-27 14:14:13] [autobuild] Detected dependency 'org.springframework.security:spring-security-oauth2-resource-server:6.5.6': project = ':modules:api', configuration = 'testRuntimeClasspath'
[2026-09-27 14:14:13] [build-stdout] [2026-09-27 14:14:13] [autobuild] Detected dependency 'org.springframework.security:spring-security-oauth2-core:6.5.6': project = ':modules:api', configuration = 'testRuntimeClasspath'
[2026-09-27 14:14:13] [build-stdout] [2026-09-27 14:14:13] [autobuild] Detected dependency 'org.springframework.security:spring-security-oauth2-jose:6.5.6': project = ':modules:api', configuration = 'testRuntimeClasspath'
[2026-09-27 14:14:13] [build-stdout] [2026-09-27 14:14:13] [autobuild] Detected dependency 'com.nimbusds:nimbus-jose-jwt:9.37.4': project = ':modules:api', configuration = 'testRuntimeClasspath'
[2026-09-27 14:14:13] [build-stdout] [2026-09-27 14:14:13] [autobuild] Detected dependency 'com.github.stephenc.jcip:jcip-annotations:1.0-1': project = ':modules:api', configuration = 'testRuntimeClasspath'
[2026-09-27 14:14:13] [build-stdout] [2026-09-27 14:14:13] [autobuild] Detected dependency 'com.fasterxml.jackson.module:jackson-module-kotlin:2.19.2': project = ':modules:api', configuration = 'testRuntimeClasspath'
[2026-09-27 14:14:13] [build-stdout] [2026-09-27 14:14:13] [autobuild] Detected dependency 'org.jetbrains.kotlin:kotlin-reflect:2.2.21': project = ':modules:api', configuration = 'testRuntimeClasspath'
[2026-09-27 14:14:13] [build-stdout] [2026-09-27 14:14:13] [autobuild] Detected dependency 'org.flywaydb:flyway-core:11.7.2': project = ':modules:api', configuration = 'testRuntimeClasspath'
[2026-09-27 14:14:13] [build-stdout] [2026-09-27 14:14:13] [autobuild] Detected dependency 'org.flywaydb:flyway-database-postgresql:11.7.2': project = ':modules:api', configuration = 'testRuntimeClasspath'
[2026-09-27 14:14:13] [build-stdout] [2026-09-27 14:14:13] [autobuild] Detected dependency 'org.jetbrains.kotlin:kotlin-reflect:2.2.21': project = ':modules:api', configuration = 'testRuntimeClasspath'
[2026-09-27 14:14:13] [build-stdout] [2026-09-27 14:14:13] [autobuild] Detected dependency 'io.micrometer:micrometer-registry-prometheus:1.15.5': project = ':modules:api', configuration = 'testRuntimeClasspath'
[2026-09-27 14:14:13] [build-stdout] [2026-09-27 14:14:13] [autobuild] Detected dependency 'io.prometheus:prometheus-metrics-core:1.3.10': project = ':modules:api', configuration = 'testRuntimeClasspath'
[2026-09-27 14:14:13] [build-stdout] [2026-09-27 14:14:13] [autobuild] Detected dependency 'io.prometheus:prometheus-metrics-model:1.3.10': project = ':modules:api', configuration = 'testRuntimeClasspath'
[2026-09-27 14:14:13] [build-stdout] [2026-09-27 14:14:13] [autobuild] Detected dependency 'io.prometheus:prometheus-metrics-config:1.3.10': project = ':modules:api', configuration = 'testRuntimeClasspath'
[2026-09-27 14:14:13] [build-stdout] [2026-09-27 14:14:13] [autobuild] Detected dependency 'io.prometheus:prometheus-metrics-tracer-common:1.3.10': project = ':modules:api', configuration = 'testRuntimeClasspath'
[2026-09-27 14:14:13] [build-stdout] [2026-09-27 14:14:13] [autobuild] Detected dependency 'io.prometheus:prometheus-metrics-exposition-formats:1.3.10': project = ':modules:api', configuration = 'testRuntimeClasspath'
[2026-09-27 14:14:13] [build-stdout] [2026-09-27 14:14:13] [autobuild] Detected dependency 'io.prometheus:prometheus-metrics-exposition-textformats:1.3.10': project = ':modules:api', configuration = 'testRuntimeClasspath'
[2026-09-27 14:14:13] [build-stdout] [2026-09-27 14:14:13] [autobuild] Detected dependency 'org.postgresql:postgresql:42.7.8': project = ':modules:api', configuration = 'testRuntimeClasspath'
[2026-09-27 14:14:13] [build-stdout] [2026-09-27 14:14:13] [autobuild] Detected dependency 'org.checkerframework:checker-qual:3.49.5': project = ':modules:api', configuration = 'testRuntimeClasspath'
[2026-09-27 14:14:13] [build-stdout] [2026-09-27 14:14:13] [autobuild] Detected dependency 'org.springframework.boot:spring-boot-starter-test:3.5.7': project = ':modules:api', configuration = 'testRuntimeClasspath'
[2026-09-27 14:14:13] [build-stdout] [2026-09-27 14:14:13] [autobuild] Detected dependency 'org.springframework.boot:spring-boot-test:3.5.7': project = ':modules:api', configuration = 'testRuntimeClasspath'
[2026-09-27 14:14:13] [build-stdout] [2026-09-27 14:14:13] [autobuild] Detected dependency 'org.springframework:spring-test:6.2.12': project = ':modules:api', configuration = 'testRuntimeClasspath'
[2026-09-27 14:14:13] [build-stdout] [2026-09-27 14:14:13] [autobuild] Detected dependency 'org.springframework.boot:spring-boot-test-autoconfigure:3.5.7': project = ':modules:api', configuration = 'testRuntimeClasspath'
[2026-09-27 14:14:13] [build-stdout] [2026-09-27 14:14:13] [autobuild] Detected dependency 'com.jayway.jsonpath:json-path:2.9.0': project = ':modules:api', configuration = 'testRuntimeClasspath'
[2026-09-27 14:14:13] [build-stdout] [2026-09-27 14:14:13] [autobuild] Detected dependency 'net.minidev:json-smart:2.5.2': project = ':modules:api', configuration = 'testRuntimeClasspath'
[2026-09-27 14:14:13] [build-stdout] [2026-09-27 14:14:13] [autobuild] Detected dependency 'net.minidev:accessors-smart:2.5.2': project = ':modules:api', configuration = 'testRuntimeClasspath'
[2026-09-27 14:14:13] [build-stdout] [2026-09-27 14:14:13] [autobuild] Detected dependency 'org.ow2.asm:asm:9.7.1': project = ':modules:api', configuration = 'testRuntimeClasspath'
[2026-09-27 14:14:13] [build-stdout] [2026-09-27 14:14:13] [autobuild] Detected dependency 'jakarta.xml.bind:jakarta.xml.bind-api:4.0.4': project = ':modules:api', configuration = 'testRuntimeClasspath'
[2026-09-27 14:14:13] [build-stdout] [2026-09-27 14:14:13] [autobuild] Detected dependency 'jakarta.activation:jakarta.activation-api:2.1.4': project = ':modules:api', configuration = 'testRuntimeClasspath'
[2026-09-27 14:14:13] [build-stdout] [2026-09-27 14:14:13] [autobuild] Detected dependency 'org.assertj:assertj-core:3.27.6': project = ':modules:api', configuration = 'testRuntimeClasspath'
[2026-09-27 14:14:13] [build-stdout] [2026-09-27 14:14:13] [autobuild] Detected dependency 'net.bytebuddy:byte-buddy:1.17.8': project = ':modules:api', configuration = 'testRuntimeClasspath'
[2026-09-27 14:14:13] [build-stdout] [2026-09-27 14:14:13] [autobuild] Detected dependency 'org.awaitility:awaitility:4.2.2': project = ':modules:api', configuration = 'testRuntimeClasspath'
[2026-09-27 14:14:13] [build-stdout] [2026-09-27 14:14:13] [autobuild] Detected dependency 'org.hamcrest:hamcrest:3.0': project = ':modules:api', configuration = 'testRuntimeClasspath'
[2026-09-27 14:14:13] [build-stdout] [2026-09-27 14:14:13] [autobuild] Detected dependency 'org.junit.jupiter:junit-jupiter:5.12.2': project = ':modules:api', configuration = 'testRuntimeClasspath'
[2026-09-27 14:14:13] [build-stdout] [2026-09-27 14:14:13] [autobuild] Detected dependency 'org.junit:junit-bom:5.12.2': project = ':modules:api', configuration = 'testRuntimeClasspath'
[2026-09-27 14:14:13] [build-stdout] [2026-09-27 14:14:13] [autobuild] Detected dependency 'org.junit.jupiter:junit-jupiter-api:5.12.2': project = ':modules:api', configuration = 'testRuntimeClasspath'
[2026-09-27 14:14:13] [build-stdout] [2026-09-27 14:14:13] [autobuild] Detected dependency 'org.opentest4j:opentest4j:1.3.0': project = ':modules:api', configuration = 'testRuntimeClasspath'
[2026-09-27 14:14:13] [build-stdout] [2026-09-27 14:14:13] [autobuild] Detected dependency 'org.junit.platform:junit-platform-commons:1.12.2': project = ':modules:api', configuration = 'testRuntimeClasspath'
[2026-09-27 14:14:13] [build-stdout] [2026-09-27 14:14:13] [autobuild] Detected dependency 'org.junit.jupiter:junit-jupiter-engine:5.12.2': project = ':modules:api', configuration = 'testRuntimeClasspath'
[2026-09-27 14:14:13] [build-stdout] [2026-09-27 14:14:13] [autobuild] Detected dependency 'org.junit.platform:junit-platform-engine:1.12.2': project = ':modules:api', configuration = 'testRuntimeClasspath'
[2026-09-27 14:14:13] [build-stdout] [2026-09-27 14:14:13] [autobuild] Detected dependency 'org.junit.jupiter:junit-jupiter-params:5.12.2': project = ':modules:api', configuration = 'testRuntimeClasspath'
[2026-09-27 14:14:13] [build-stdout] [2026-09-27 14:14:13] [autobuild] Detected dependency 'org.junit.platform:junit-platform-launcher:1.12.2': project = ':modules:api', configuration = 'testRuntimeClasspath'
[2026-09-27 14:14:13] [build-stdout] [2026-09-27 14:14:13] [autobuild] Detected dependency 'org.mockito:mockito-core:5.17.0': project = ':modules:api', configuration = 'testRuntimeClasspath'
[2026-09-27 14:14:13] [build-stdout] [2026-09-27 14:14:13] [autobuild] Detected dependency 'net.bytebuddy:byte-buddy-agent:1.17.8': project = ':modules:api', configuration = 'testRuntimeClasspath'
[2026-09-27 14:14:13] [build-stdout] [2026-09-27 14:14:13] [autobuild] Detected dependency 'org.objenesis:objenesis:3.3': project = ':modules:api', configuration = 'testRuntimeClasspath'
[2026-09-27 14:14:13] [build-stdout] [2026-09-27 14:14:13] [autobuild] Detected dependency 'org.mockito:mockito-junit-jupiter:5.17.0': project = ':modules:api', configuration = 'testRuntimeClasspath'
[2026-09-27 14:14:13] [build-stdout] [2026-09-27 14:14:13] [autobuild] Detected dependency 'org.skyscreamer:jsonassert:1.5.3': project = ':modules:api', configuration = 'testRuntimeClasspath'
[2026-09-27 14:14:13] [build-stdout] [2026-09-27 14:14:13] [autobuild] Detected dependency 'com.vaadin.external.google:android-json:0.0.20131108.vaadin1': project = ':modules:api', configuration = 'testRuntimeClasspath'
[2026-09-27 14:14:13] [build-stdout] [2026-09-27 14:14:13] [autobuild] Detected dependency 'org.xmlunit:xmlunit-core:2.10.4': project = ':modules:api', configuration = 'testRuntimeClasspath'
[2026-09-27 14:14:13] [build-stdout] [2026-09-27 14:14:13] [autobuild] Detected dependency 'org.springframework.security:spring-security-test:6.5.6': project = ':modules:api', configuration = 'testRuntimeClasspath'
[2026-09-27 14:14:13] [build-stdout] [2026-09-27 14:14:13] [autobuild] Detected dependency 'org.testcontainers:junit-jupiter:1.21.3': project = ':modules:api', configuration = 'testRuntimeClasspath'
[2026-09-27 14:14:13] [build-stdout] [2026-09-27 14:14:13] [autobuild] Detected dependency 'org.testcontainers:testcontainers:1.21.3': project = ':modules:api', configuration = 'testRuntimeClasspath'
[2026-09-27 14:14:13] [build-stdout] [2026-09-27 14:14:13] [autobuild] Detected dependency 'junit:junit:4.13.2': project = ':modules:api', configuration = 'testRuntimeClasspath'
[2026-09-27 14:14:13] [build-stdout] [2026-09-27 14:14:13] [autobuild] Detected dependency 'org.hamcrest:hamcrest-core:3.0': project = ':modules:api', configuration = 'testRuntimeClasspath'
[2026-09-27 14:14:13] [build-stdout] [2026-09-27 14:14:13] [autobuild] Detected dependency 'org.apache.commons:commons-compress:1.24.0': project = ':modules:api', configuration = 'testRuntimeClasspath'
[2026-09-27 14:14:13] [build-stdout] [2026-09-27 14:14:13] [autobuild] Detected dependency 'org.rnorth.duct-tape:duct-tape:1.0.8': project = ':modules:api', configuration = 'testRuntimeClasspath'
[2026-09-27 14:14:13] [build-stdout] [2026-09-27 14:14:13] [autobuild] Detected dependency 'com.github.docker-java:docker-java-api:3.4.2': project = ':modules:api', configuration = 'testRuntimeClasspath'
[2026-09-27 14:14:13] [build-stdout] [2026-09-27 14:14:13] [autobuild] Detected dependency 'com.github.docker-java:docker-java-transport-zerodep:3.4.2': project = ':modules:api', configuration = 'testRuntimeClasspath'
[2026-09-27 14:14:13] [build-stdout] [2026-09-27 14:14:13] [autobuild] Detected dependency 'com.github.docker-java:docker-java-transport:3.4.2': project = ':modules:api', configuration = 'testRuntimeClasspath'
[2026-09-27 14:14:13] [build-stdout] [2026-09-27 14:14:13] [autobuild] Detected dependency 'net.java.dev.jna:jna:5.13.0': project = ':modules:api', configuration = 'testRuntimeClasspath'
[2026-09-27 14:14:13] [build-stdout] [2026-09-27 14:14:13] [autobuild] Detected dependency 'org.testcontainers:postgresql:1.21.3': project = ':modules:api', configuration = 'testRuntimeClasspath'
[2026-09-27 14:14:13] [build-stdout] [2026-09-27 14:14:13] [autobuild] Detected dependency 'org.testcontainers:jdbc:1.21.3': project = ':modules:api', configuration = 'testRuntimeClasspath'
[2026-09-27 14:14:13] [build-stdout] [2026-09-27 14:14:13] [autobuild] Detected dependency 'org.testcontainers:database-commons:1.21.3': project = ':modules:api', configuration = 'testRuntimeClasspath'
[2026-09-27 14:14:13] [build-stdout] [2026-09-27 14:14:13] [autobuild] Detected dependency 'com.tngtech.archunit:archunit-junit5:1.4.1': project = ':modules:api', configuration = 'testRuntimeClasspath'
[2026-09-27 14:14:13] [build-stdout] [2026-09-27 14:14:13] [autobuild] Detected dependency 'com.tngtech.archunit:archunit-junit5-api:1.4.1': project = ':modules:api', configuration = 'testRuntimeClasspath'
[2026-09-27 14:14:13] [build-stdout] [2026-09-27 14:14:13] [autobuild] Detected dependency 'com.tngtech.archunit:archunit:1.4.1': project = ':modules:api', configuration = 'testRuntimeClasspath'
[2026-09-27 14:14:13] [build-stdout] [2026-09-27 14:14:13] [autobuild] Detected dependency 'com.tngtech.archunit:archunit-junit5-engine:1.4.1': project = ':modules:api', configuration = 'testRuntimeClasspath'
[2026-09-27 14:14:13] [build-stdout] [2026-09-27 14:14:13] [autobuild] Detected dependency 'com.tngtech.archunit:archunit-junit5-engine-api:1.4.1': project = ':modules:api', configuration = 'testRuntimeClasspath'
[2026-09-27 14:14:13] [build-stdout] [2026-09-27 14:14:13] [autobuild] Detected dependency 'org.jetbrains.kotlin:kotlin-stdlib:2.2.21': project = ':modules:workflow', configuration = 'apiDependenciesMetadata'
[2026-09-27 14:14:13] [build-stdout] [2026-09-27 14:14:13] [autobuild] Detected dependency 'org.jetbrains.kotlin:kotlin-stdlib:2.2.21': project = ':modules:workflow', configuration = 'compileClasspath'
[2026-09-27 14:14:13] [build-stdout] [2026-09-27 14:14:13] [autobuild] Detected dependency 'org.jetbrains:annotations:13.0': project = ':modules:workflow', configuration = 'compileClasspath'
[2026-09-27 14:14:13] [build-stdout] [2026-09-27 14:14:13] [autobuild] Detected dependency 'project :modules:persistence': project = ':modules:workflow', configuration = 'compileClasspath'
[2026-09-27 14:14:13] [build-stdout] [2026-09-27 14:14:13] [autobuild] Detected dependency 'org.jetbrains.kotlin:kotlin-stdlib:2.2.21': project = ':modules:workflow', configuration = 'implementationDependenciesMetadata'
[2026-09-27 14:14:13] [build-stdout] [2026-09-27 14:14:13] [autobuild] Detected dependency 'project :modules:persistence': project = ':modules:workflow', configuration = 'implementationDependenciesMetadata'
[2026-09-27 14:14:13] [build-stdout] [2026-09-27 14:14:13] [autobuild] Detected dependency 'org.bouncycastle:bcpkix-jdk18on:1.80': project = ':modules:workflow', configuration = 'kotlinBouncyCastleConfiguration'
[2026-09-27 14:14:13] [build-stdout] [2026-09-27 14:14:13] [autobuild] Detected dependency 'org.bouncycastle:bcutil-jdk18on:1.80.2': project = ':modules:workflow', configuration = 'kotlinBouncyCastleConfiguration'
[2026-09-27 14:14:13] [build-stdout] [2026-09-27 14:14:13] [autobuild] Detected dependency 'org.bouncycastle:bcprov-jdk18on:1.80.2': project = ':modules:workflow', configuration = 'kotlinBouncyCastleConfiguration'
[2026-09-27 14:14:13] [build-stdout] [2026-09-27 14:14:13] [autobuild] Detected dependency 'org.bouncycastle:bcpg-jdk18on:1.80': project = ':modules:workflow', configuration = 'kotlinBouncyCastleConfiguration'
[2026-09-27 14:14:13] [build-stdout] [2026-09-27 14:14:13] [autobuild] Detected dependency 'org.jetbrains.kotlin:kotlin-build-tools-impl:2.2.21': project = ':modules:workflow', configuration = 'kotlinBuildToolsApiClasspath'
[2026-09-27 14:14:13] [build-stdout] [2026-09-27 14:14:13] [autobuild] Detected dependency 'org.jetbrains.kotlin:kotlin-build-tools-api:2.2.21': project = ':modules:workflow', configuration = 'kotlinBuildToolsApiClasspath'
[2026-09-27 14:14:13] [build-stdout] [2026-09-27 14:14:13] [autobuild] Detected dependency 'org.jetbrains.kotlin:kotlin-stdlib:2.2.21': project = ':modules:workflow', configuration = 'kotlinBuildToolsApiClasspath'
[2026-09-27 14:14:13] [build-stdout] [2026-09-27 14:14:13] [autobuild] Detected dependency 'org.jetbrains:annotations:13.0': project = ':modules:workflow', configuration = 'kotlinBuildToolsApiClasspath'
[2026-09-27 14:14:13] [build-stdout] [2026-09-27 14:14:13] [autobuild] Detected dependency 'org.jetbrains.kotlin:kotlin-compiler-embeddable:2.2.21': project = ':modules:workflow', configuration = 'kotlinBuildToolsApiClasspath'
[2026-09-27 14:14:13] [build-stdout] [2026-09-27 14:14:13] [autobuild] Detected dependency 'org.jetbrains.kotlin:kotlin-script-runtime:2.2.21': project = ':modules:workflow', configuration = 'kotlinBuildToolsApiClasspath'
[2026-09-27 14:14:13] [build-stdout] [2026-09-27 14:14:13] [autobuild] Detected dependency 'org.jetbrains.kotlin:kotlin-reflect:1.6.10': project = ':modules:workflow', configuration = 'kotlinBuildToolsApiClasspath'
[2026-09-27 14:14:13] [build-stdout] [2026-09-27 14:14:13] [autobuild] Detected dependency 'org.jetbrains.kotlin:kotlin-daemon-embeddable:2.2.21': project = ':modules:workflow', configuration = 'kotlinBuildToolsApiClasspath'
[2026-09-27 14:14:13] [build-stdout] [2026-09-27 14:14:13] [autobuild] Detected dependency 'org.jetbrains.kotlinx:kotlinx-coroutines-core-jvm:1.8.0': project = ':modules:workflow', configuration = 'kotlinBuildToolsApiClasspath'
[2026-09-27 14:14:13] [build-stdout] [2026-09-27 14:14:13] [autobuild] Detected dependency 'org.jetbrains.kotlin:kotlin-compiler-runner:2.2.21': project = ':modules:workflow', configuration = 'kotlinBuildToolsApiClasspath'
[2026-09-27 14:14:13] [build-stdout] [2026-09-27 14:14:13] [autobuild] Detected dependency 'org.jetbrains.kotlin:kotlin-daemon-client:2.2.21': project = ':modules:workflow', configuration = 'kotlinBuildToolsApiClasspath'
[2026-09-27 14:14:13] [build-stdout] [2026-09-27 14:14:13] [autobuild] Detected dependency 'org.jetbrains.kotlin:kotlin-scripting-compiler-embeddable:2.2.21': project = ':modules:workflow', configuration = 'kotlinBuildToolsApiClasspath'
[2026-09-27 14:14:13] [build-stdout] [2026-09-27 14:14:13] [autobuild] Detected dependency 'org.jetbrains.kotlin:kotlin-scripting-common:2.2.21': project = ':modules:workflow', configuration = 'kotlinBuildToolsApiClasspath'
[2026-09-27 14:14:13] [build-stdout] [2026-09-27 14:14:13] [autobuild] Detected dependency 'org.jetbrains.kotlin:kotlin-scripting-jvm:2.2.21': project = ':modules:workflow', configuration = 'kotlinBuildToolsApiClasspath'
[2026-09-27 14:14:13] [build-stdout] [2026-09-27 14:14:13] [autobuild] Detected dependency 'org.jetbrains.kotlin:kotlin-scripting-compiler-impl-embeddable:2.2.21': project = ':modules:workflow', configuration = 'kotlinBuildToolsApiClasspath'
[2026-09-27 14:14:13] [build-stdout] [2026-09-27 14:14:13] [autobuild] Detected dependency 'org.jetbrains.kotlin:kotlin-compiler-embeddable:2.2.21': project = ':modules:workflow', configuration = 'kotlinCompilerClasspath'
[2026-09-27 14:14:13] [build-stdout] [2026-09-27 14:14:13] [autobuild] Detected dependency 'org.jetbrains.kotlin:kotlin-stdlib:2.2.21': project = ':modules:workflow', configuration = 'kotlinCompilerClasspath'
[2026-09-27 14:14:13] [build-stdout] [2026-09-27 14:14:13] [autobuild] Detected dependency 'org.jetbrains:annotations:13.0': project = ':modules:workflow', configuration = 'kotlinCompilerClasspath'
[2026-09-27 14:14:13] [build-stdout] [2026-09-27 14:14:13] [autobuild] Detected dependency 'org.jetbrains.kotlin:kotlin-script-runtime:2.2.21': project = ':modules:workflow', configuration = 'kotlinCompilerClasspath'
[2026-09-27 14:14:13] [build-stdout] [2026-09-27 14:14:13] [autobuild] Detected dependency 'org.jetbrains.kotlin:kotlin-reflect:1.6.10': project = ':modules:workflow', configuration = 'kotlinCompilerClasspath'
[2026-09-27 14:14:13] [build-stdout] [2026-09-27 14:14:13] [autobuild] Detected dependency 'org.jetbrains.kotlin:kotlin-daemon-embeddable:2.2.21': project = ':modules:workflow', configuration = 'kotlinCompilerClasspath'
[2026-09-27 14:14:13] [build-stdout] [2026-09-27 14:14:13] [autobuild] Detected dependency 'org.jetbrains.kotlinx:kotlinx-coroutines-core-jvm:1.8.0': project = ':modules:workflow', configuration = 'kotlinCompilerClasspath'
[2026-09-27 14:14:13] [build-stdout] [2026-09-27 14:14:13] [autobuild] Detected dependency 'org.jetbrains.kotlin:kotlin-scripting-compiler-embeddable:2.2.21': project = ':modules:workflow', configuration = 'kotlinCompilerPluginClasspathMain'
[2026-09-27 14:14:13] [build-stdout] [2026-09-27 14:14:13] [autobuild] Detected dependency 'org.jetbrains.kotlin:kotlin-scripting-common:2.2.21': project = ':modules:workflow', configuration = 'kotlinCompilerPluginClasspathMain'
[2026-09-27 14:14:13] [build-stdout] [2026-09-27 14:14:13] [autobuild] Detected dependency 'org.jetbrains.kotlin:kotlin-stdlib:2.2.21': project = ':modules:workflow', configuration = 'kotlinCompilerPluginClasspathMain'
[2026-09-27 14:14:13] [build-stdout] [2026-09-27 14:14:13] [autobuild] Detected dependency 'org.jetbrains:annotations:13.0': project = ':modules:workflow', configuration = 'kotlinCompilerPluginClasspathMain'
[2026-09-27 14:14:13] [build-stdout] [2026-09-27 14:14:13] [autobuild] Detected dependency 'org.jetbrains.kotlin:kotlin-scripting-jvm:2.2.21': project = ':modules:workflow', configuration = 'kotlinCompilerPluginClasspathMain'
[2026-09-27 14:14:13] [build-stdout] [2026-09-27 14:14:13] [autobuild] Detected dependency 'org.jetbrains.kotlin:kotlin-script-runtime:2.2.21': project = ':modules:workflow', configuration = 'kotlinCompilerPluginClasspathMain'
[2026-09-27 14:14:13] [build-stdout] [2026-09-27 14:14:13] [autobuild] Detected dependency 'org.jetbrains.kotlin:kotlin-scripting-compiler-impl-embeddable:2.2.21': project = ':modules:workflow', configuration = 'kotlinCompilerPluginClasspathMain'
[2026-09-27 14:14:13] [build-stdout] [2026-09-27 14:14:13] [autobuild] Detected dependency 'org.jetbrains.kotlin:kotlin-scripting-compiler-embeddable:2.2.21': project = ':modules:workflow', configuration = 'kotlinCompilerPluginClasspathTest'
[2026-09-27 14:14:13] [build-stdout] [2026-09-27 14:14:13] [autobuild] Detected dependency 'org.jetbrains.kotlin:kotlin-scripting-common:2.2.21': project = ':modules:workflow', configuration = 'kotlinCompilerPluginClasspathTest'
[2026-09-27 14:14:13] [build-stdout] [2026-09-27 14:14:13] [autobuild] Detected dependency 'org.jetbrains.kotlin:kotlin-stdlib:2.2.21': project = ':modules:workflow', configuration = 'kotlinCompilerPluginClasspathTest'
[2026-09-27 14:14:13] [build-stdout] [2026-09-27 14:14:13] [autobuild] Detected dependency 'org.jetbrains:annotations:13.0': project = ':modules:workflow', configuration = 'kotlinCompilerPluginClasspathTest'
[2026-09-27 14:14:13] [build-stdout] [2026-09-27 14:14:13] [autobuild] Detected dependency 'org.jetbrains.kotlin:kotlin-scripting-jvm:2.2.21': project = ':modules:workflow', configuration = 'kotlinCompilerPluginClasspathTest'
[2026-09-27 14:14:13] [build-stdout] [2026-09-27 14:14:13] [autobuild] Detected dependency 'org.jetbrains.kotlin:kotlin-script-runtime:2.2.21': project = ':modules:workflow', configuration = 'kotlinCompilerPluginClasspathTest'
[2026-09-27 14:14:13] [build-stdout] [2026-09-27 14:14:13] [autobuild] Detected dependency 'org.jetbrains.kotlin:kotlin-scripting-compiler-impl-embeddable:2.2.21': project = ':modules:workflow', configuration = 'kotlinCompilerPluginClasspathTest'
[2026-09-27 14:14:13] [build-stdout] [2026-09-27 14:14:13] [autobuild] Detected dependency 'org.jetbrains.kotlin:abi-tools:2.2.21': project = ':modules:workflow', configuration = 'kotlinInternalAbiValidation'
[2026-09-27 14:14:13] [build-stdout] [2026-09-27 14:14:13] [autobuild] Detected dependency 'org.jetbrains.kotlin:abi-tools-api:2.2.21': project = ':modules:workflow', configuration = 'kotlinInternalAbiValidation'
[2026-09-27 14:14:13] [build-stdout] [2026-09-27 14:14:13] [autobuild] Detected dependency 'org.jetbrains.kotlin:kotlin-metadata-jvm:2.2.21': project = ':modules:workflow', configuration = 'kotlinInternalAbiValidation'
[2026-09-27 14:14:13] [build-stdout] [2026-09-27 14:14:13] [autobuild] Detected dependency 'org.jetbrains.kotlin:kotlin-stdlib:2.2.21': project = ':modules:workflow', configuration = 'kotlinInternalAbiValidation'
[2026-09-27 14:14:13] [build-stdout] [2026-09-27 14:14:13] [autobuild] Detected dependency 'org.jetbrains:annotations:13.0': project = ':modules:workflow', configuration = 'kotlinInternalAbiValidation'
[2026-09-27 14:14:13] [build-stdout] [2026-09-27 14:14:13] [autobuild] Detected dependency 'org.jetbrains.kotlin:kotlin-compiler-embeddable:2.2.21': project = ':modules:workflow', configuration = 'kotlinInternalAbiValidation'
[2026-09-27 14:14:13] [build-stdout] [2026-09-27 14:14:13] [autobuild] Detected dependency 'org.jetbrains.kotlin:kotlin-script-runtime:2.2.21': project = ':modules:workflow', configuration = 'kotlinInternalAbiValidation'
[2026-09-27 14:14:13] [build-stdout] [2026-09-27 14:14:13] [autobuild] Detected dependency 'org.jetbrains.kotlin:kotlin-reflect:1.6.10': project = ':modules:workflow', configuration = 'kotlinInternalAbiValidation'
[2026-09-27 14:14:13] [build-stdout] [2026-09-27 14:14:13] [autobuild] Detected dependency 'org.jetbrains.kotlin:kotlin-daemon-embeddable:2.2.21': project = ':modules:workflow', configuration = 'kotlinInternalAbiValidation'
[2026-09-27 14:14:13] [build-stdout] [2026-09-27 14:14:13] [autobuild] Detected dependency 'org.jetbrains.kotlinx:kotlinx-coroutines-core-jvm:1.8.0': project = ':modules:workflow', configuration = 'kotlinInternalAbiValidation'
[2026-09-27 14:14:13] [build-stdout] [2026-09-27 14:14:13] [autobuild] Detected dependency 'io.github.java-diff-utils:java-diff-utils:4.12': project = ':modules:workflow', configuration = 'kotlinInternalAbiValidation'
[2026-09-27 14:14:13] [build-stdout] [2026-09-27 14:14:13] [autobuild] Detected dependency 'org.jetbrains.kotlin:kotlin-klib-commonizer-embeddable:2.2.21': project = ':modules:workflow', configuration = 'kotlinKlibCommonizerClasspath'
[2026-09-27 14:14:13] [build-stdout] [2026-09-27 14:14:13] [autobuild] Detected dependency 'org.jetbrains.kotlin:kotlin-stdlib:2.2.21': project = ':modules:workflow', configuration = 'kotlinKlibCommonizerClasspath'
[2026-09-27 14:14:13] [build-stdout] [2026-09-27 14:14:13] [autobuild] Detected dependency 'org.jetbrains:annotations:13.0': project = ':modules:workflow', configuration = 'kotlinKlibCommonizerClasspath'
[2026-09-27 14:14:13] [build-stdout] [2026-09-27 14:14:13] [autobuild] Detected dependency 'org.jetbrains.kotlin:kotlin-compiler-embeddable:2.2.21': project = ':modules:workflow', configuration = 'kotlinKlibCommonizerClasspath'
[2026-09-27 14:14:13] [build-stdout] [2026-09-27 14:14:13] [autobuild] Detected dependency 'org.jetbrains.kotlin:kotlin-script-runtime:2.2.21': project = ':modules:workflow', configuration = 'kotlinKlibCommonizerClasspath'
[2026-09-27 14:14:13] [build-stdout] [2026-09-27 14:14:13] [autobuild] Detected dependency 'org.jetbrains.kotlin:kotlin-reflect:1.6.10': project = ':modules:workflow', configuration = 'kotlinKlibCommonizerClasspath'
[2026-09-27 14:14:13] [build-stdout] [2026-09-27 14:14:13] [autobuild] Detected dependency 'org.jetbrains.kotlin:kotlin-daemon-embeddable:2.2.21': project = ':modules:workflow', configuration = 'kotlinKlibCommonizerClasspath'
[2026-09-27 14:14:13] [build-stdout] [2026-09-27 14:14:13] [autobuild] Detected dependency 'org.jetbrains.kotlinx:kotlinx-coroutines-core-jvm:1.8.0': project = ':modules:workflow', configuration = 'kotlinKlibCommonizerClasspath'
[2026-09-27 14:14:13] [build-stdout] [2026-09-27 14:14:13] [autobuild] Detected dependency 'org.jetbrains.kotlinx:kover-jvm-agent:0.9.1': project = ':modules:workflow', configuration = 'koverJvmAgent'
[2026-09-27 14:14:13] [build-stdout] [2026-09-27 14:14:13] [autobuild] Detected dependency 'org.jetbrains.kotlinx:kover-jvm-agent:0.9.1': project = ':modules:workflow', configuration = 'koverJvmReporter'
[2026-09-27 14:14:13] [build-stdout] [2026-09-27 14:14:13] [autobuild] Detected dependency 'com.pinterest.ktlint:ktlint-cli:1.7.1': project = ':modules:workflow', configuration = 'ktlint'
[2026-09-27 14:14:13] [build-stdout] [2026-09-27 14:14:13] [autobuild] Detected dependency 'com.pinterest.ktlint:ktlint-logger:1.7.1': project = ':modules:workflow', configuration = 'ktlint'
[2026-09-27 14:14:13] [build-stdout] [2026-09-27 14:14:13] [autobuild] Detected dependency 'dev.drewhamilton.poko:poko-annotations:0.19.1': project = ':modules:workflow', configuration = 'ktlint'
[2026-09-27 14:14:13] [build-stdout] [2026-09-27 14:14:13] [autobuild] Detected dependency 'dev.drewhamilton.poko:poko-annotations-jvm:0.19.1': project = ':modules:workflow', configuration = 'ktlint'
[2026-09-27 14:14:13] [build-stdout] [2026-09-27 14:14:13] [autobuild] Detected dependency 'io.github.oshai:kotlin-logging-jvm:7.0.7': project = ':modules:workflow', configuration = 'ktlint'
[2026-09-27 14:14:13] [build-stdout] [2026-09-27 14:14:13] [autobuild] Detected dependency 'org.jetbrains.kotlin:kotlin-stdlib:2.2.0': project = ':modules:workflow', configuration = 'ktlint'
[2026-09-27 14:14:13] [build-stdout] [2026-09-27 14:14:13] [autobuild] Detected dependency 'org.jetbrains:annotations:13.0': project = ':modules:workflow', configuration = 'ktlint'
[2026-09-27 14:14:13] [build-stdout] [2026-09-27 14:14:13] [autobuild] Detected dependency 'com.pinterest.ktlint:ktlint-cli-reporter-baseline:1.7.1': project = ':modules:workflow', configuration = 'ktlint'
[2026-09-27 14:14:13] [build-stdout] [2026-09-27 14:14:13] [autobuild] Detected dependency 'com.pinterest.ktlint:ktlint-rule-engine-core:1.7.1': project = ':modules:workflow', configuration = 'ktlint'
[2026-09-27 14:14:13] [build-stdout] [2026-09-27 14:14:13] [autobuild] Detected dependency 'org.jetbrains.kotlin:kotlin-compiler-embeddable:2.2.0': project = ':modules:workflow', configuration = 'ktlint'
[2026-09-27 14:14:13] [build-stdout] [2026-09-27 14:14:13] [autobuild] Detected dependency 'org.jetbrains.kotlin:kotlin-script-runtime:2.2.0': project = ':modules:workflow', configuration = 'ktlint'
[2026-09-27 14:14:13] [build-stdout] [2026-09-27 14:14:13] [autobuild] Detected dependency 'org.jetbrains.kotlin:kotlin-reflect:1.6.10': project = ':modules:workflow', configuration = 'ktlint'
[2026-09-27 14:14:13] [build-stdout] [2026-09-27 14:14:13] [autobuild] Detected dependency 'org.jetbrains.kotlin:kotlin-daemon-embeddable:2.2.0': project = ':modules:workflow', configuration = 'ktlint'
[2026-09-27 14:14:13] [build-stdout] [2026-09-27 14:14:13] [autobuild] GitHubDependencyGraphRenderer: Wrote dependency snapshot to 
[2026-09-27 14:14:13] [build-stdout] [2026-09-27 14:14:13] [autobuild] /Users/macbook/Octo/static_analysis_codeql_1/codeql-kotlin.db/working/java-standalone-dependency-graph11281209972171435163/dep-graph.json
[2026-09-27 14:14:13] [build-stdout] [2026-09-27 14:14:13] [autobuild] Build 5c4fb335-ce58-4f9b-a80e-cdbe9a47e994 is closed
[2026-09-27 14:14:13] [build-stdout] [2026-09-27 14:14:13] [autobuild] BUILD SUCCESSFUL in 12s
[2026-09-27 14:14:13] [build-stdout] [2026-09-27 14:14:13] [autobuild] 13 actionable tasks: 13 executed
[2026-09-27 14:14:13] [build-stdout] [2026-09-27 14:14:13] [autobuild] Watched directory hierarchies: []
[2026-09-27 14:14:13] [build-stdout] [2026-09-27 14:14:13] Top-level projects disagree about some of their direct dependencies. The following were overridden by higher versions:
[2026-09-27 14:14:13] [build-stdout]                       * `org.jetbrains.kotlin/kotlin-reflect-1.6.10`
[2026-09-27 14:14:13] [build-stdout]                       * `org.jetbrains.kotlinx/kotlinx-coroutines-core-jvm-1.8.0`
[2026-09-27 14:14:13] [build-stdout] [2026-09-27 14:14:13] No specific JDK inferred from the project being analysed; using the java on the PATH
[2026-09-27 14:14:14] [build-stdout] [2026-09-27 14:14:14] [autobuild] Scanning for files in /Users/macbook/Octo...
Finalizing database at /Users/macbook/Octo/static_analysis_codeql_1/codeql-kotlin.db.
CodeQL detected code written in Java/Kotlin but could not process any of it using the 'none' build mode. Provide a manual build command using --command or check the logs. For more information, review our troubleshooting guide at https://gh.io/troubleshooting-code-scanning/no-source-code-seen-during-build.
[2026-09-27T14:16:39+07:00] METHOD 5: direct-JVM Gradle — java -jar gradle/wrapper/gradle-wrapper.jar (avoids arm64e /bin/sh; Temurin java is plain arm64 so libtrace injects)
Initializing database at /Users/macbook/Octo/static_analysis_codeql_1/codeql-kotlin.db.
Running build command: [java, -jar, gradle/wrapper/gradle-wrapper.jar, --no-daemon, --console=plain, clean, compileKotlin, compileJava]
Running command in /Users/macbook/Octo: [java, -jar, gradle/wrapper/gradle-wrapper.jar, --no-daemon, --console=plain, clean, compileKotlin, compileJava]
[2026-09-27 14:16:41] [build-stderr] Runner failed to start 'java': Bad CPU type in executable
[2026-09-27 14:16:41] [ERROR] Spawned process exited abnormally (code 1; tried to run: [/opt/homebrew/Caskroom/codeql/2.26.3/codeql/tools/osx64/preload_tracer, java, -jar, gradle/wrapper/gradle-wrapper.jar, --no-daemon, --console=plain, clean, compileKotlin, compileJava])
A fatal error occurred: Exit status 1 from command: [java, -jar, gradle/wrapper/gradle-wrapper.jar, --no-daemon, --console=plain, clean, compileKotlin, compileJava]
[2026-09-27T14:17:22+07:00] METHOD 5 retry: PATH-resolved 'java' hit /usr/bin/java (arm64e-only). Using absolute Temurin arm64 java + JAVA_HOME
Initializing database at /Users/macbook/Octo/static_analysis_codeql_1/codeql-kotlin.db.
Running build command: [/Library/Java/JavaVirtualMachines/temurin-25.jdk/Contents/Home/bin/java, -jar, gradle/wrapper/gradle-wrapper.jar, --no-daemon, --console=plain, clean, compileKotlin, compileJava]
Running command in /Users/macbook/Octo: [/Library/Java/JavaVirtualMachines/temurin-25.jdk/Contents/Home/bin/java, -jar, gradle/wrapper/gradle-wrapper.jar, --no-daemon, --console=plain, clean, compileKotlin, compileJava]
[2026-09-27 14:17:26] [build-stdout] To honour the JVM settings for this build a single-use Daemon process will be forked. For more on this, please refer to https://docs.gradle.org/9.4.1/userguide/gradle_daemon.html#sec:disabling_the_daemon in the Gradle documentation.
[2026-09-27 14:17:27] [build-stdout] Daemon will be stopped at the end of the build 
[2026-09-27 14:17:31] [build-stdout] > Task :modules:persistence:clean
[2026-09-27 14:17:31] [build-stdout] > Task :modules:deal-sourcing:clean
[2026-09-27 14:17:31] [build-stdout] > Task :modules:lookthrough:clean
[2026-09-27 14:17:31] [build-stdout] > Task :modules:persistence:checkKotlinGradlePluginConfigurationErrors SKIPPED
[2026-09-27 14:17:31] [build-stdout] > Task :modules:deal-sourcing:checkKotlinGradlePluginConfigurationErrors SKIPPED
[2026-09-27 14:17:31] [build-stdout] > Task :modules:ontology:clean
[2026-09-27 14:17:31] [build-stdout] > Task :modules:lookthrough:checkKotlinGradlePluginConfigurationErrors SKIPPED
[2026-09-27 14:17:31] [build-stdout] > Task :modules:recon:clean
[2026-09-27 14:17:31] [build-stdout] > Task :modules:recon:checkKotlinGradlePluginConfigurationErrors SKIPPED
[2026-09-27 14:17:31] [build-stdout] > Task :modules:control-panel:clean
[2026-09-27 14:17:31] [build-stdout] > Task :modules:control-panel:checkKotlinGradlePluginConfigurationErrors SKIPPED
[2026-09-27 14:17:31] [build-stdout] > Task :modules:ibor-core:clean
[2026-09-27 14:17:31] [build-stdout] > Task :modules:ibor-core:checkKotlinGradlePluginConfigurationErrors SKIPPED
[2026-09-27 14:17:31] [build-stdout] > Task :modules:analytics:clean
[2026-09-27 14:17:31] [build-stdout] > Task :modules:analytics:checkKotlinGradlePluginConfigurationErrors SKIPPED
[2026-09-27 14:17:31] [build-stdout] > Task :modules:deal-sourcing:processResources NO-SOURCE
[2026-09-27 14:17:31] [build-stdout] > Task :modules:recon:processResources NO-SOURCE
[2026-09-27 14:17:31] [build-stdout] > Task :modules:ontology:checkKotlinGradlePluginConfigurationErrors SKIPPED
[2026-09-27 14:17:31] [build-stdout] > Task :modules:analytics:processResources NO-SOURCE
[2026-09-27 14:17:31] [build-stdout] > Task :modules:workflow:clean
[2026-09-27 14:17:31] [build-stdout] > Task :modules:workflow:checkKotlinGradlePluginConfigurationErrors SKIPPED
[2026-09-27 14:17:31] [build-stdout] > Task :modules:ingestion:clean
[2026-09-27 14:17:31] [build-stdout] > Task :modules:ingestion:checkKotlinGradlePluginConfigurationErrors SKIPPED
[2026-09-27 14:17:31] [build-stdout] > Task :modules:ingestion:processResources NO-SOURCE
[2026-09-27 14:17:31] [build-stdout] > Task :modules:workflow:processResources NO-SOURCE
[2026-09-27 14:17:31] [build-stdout] > Task :modules:api:clean
[2026-09-27 14:17:31] [build-stdout] > Task :modules:api:checkKotlinGradlePluginConfigurationErrors SKIPPED
[2026-09-27 14:17:31] [build-stdout] > Task :modules:persistence:compileKotlin FROM-CACHE
[2026-09-27 14:17:31] [build-stdout] > Task :modules:lookthrough:compileKotlin FROM-CACHE
[2026-09-27 14:17:31] [build-stdout] > Task :modules:control-panel:compileKotlin FROM-CACHE
[2026-09-27 14:17:31] [build-stdout] > Task :modules:ontology:compileKotlin FROM-CACHE
[2026-09-27 14:17:31] [build-stdout] > Task :modules:ibor-core:compileKotlin FROM-CACHE
[2026-09-27 14:17:31] [build-stdout] > Task :modules:control-panel:compileJava NO-SOURCE
[2026-09-27 14:17:31] [build-stdout] > Task :modules:lookthrough:compileJava NO-SOURCE
[2026-09-27 14:17:31] [build-stdout] > Task :modules:ontology:compileJava NO-SOURCE
[2026-09-27 14:17:31] [build-stdout] > Task :modules:persistence:compileJava NO-SOURCE
[2026-09-27 14:17:31] [build-stdout] > Task :modules:ibor-core:compileJava NO-SOURCE
[2026-09-27 14:17:31] [build-stdout] > Task :modules:control-panel:processResources NO-SOURCE
[2026-09-27 14:17:31] [build-stdout] > Task :modules:lookthrough:processResources NO-SOURCE
[2026-09-27 14:17:31] [build-stdout] > Task :modules:control-panel:classes UP-TO-DATE
[2026-09-27 14:17:31] [build-stdout] > Task :modules:persistence:processResources NO-SOURCE
[2026-09-27 14:17:31] [build-stdout] > Task :modules:persistence:classes UP-TO-DATE
[2026-09-27 14:17:31] [build-stdout] > Task :modules:lookthrough:classes UP-TO-DATE
[2026-09-27 14:17:31] [build-stdout] > Task :modules:ibor-core:processResources NO-SOURCE
[2026-09-27 14:17:31] [build-stdout] > Task :modules:ibor-core:classes UP-TO-DATE
[2026-09-27 14:17:32] [build-stdout] > Task :modules:persistence:jar
[2026-09-27 14:17:32] [build-stdout] > Task :modules:lookthrough:jar
[2026-09-27 14:17:32] [build-stdout] > Task :modules:control-panel:jar
[2026-09-27 14:17:32] [build-stdout] > Task :modules:ibor-core:jar
[2026-09-27 14:17:32] [build-stdout] > Task :modules:deal-sourcing:compileKotlin FROM-CACHE
[2026-09-27 14:17:32] [build-stdout] > Task :modules:workflow:compileKotlin FROM-CACHE
[2026-09-27 14:17:32] [build-stdout] > Task :modules:analytics:compileKotlin FROM-CACHE
[2026-09-27 14:17:32] [build-stdout] > Task :modules:deal-sourcing:compileJava NO-SOURCE
[2026-09-27 14:17:32] [build-stdout] > Task :modules:workflow:compileJava NO-SOURCE
[2026-09-27 14:17:32] [build-stdout] > Task :modules:deal-sourcing:classes UP-TO-DATE
[2026-09-27 14:17:32] [build-stdout] > Task :modules:workflow:classes UP-TO-DATE
[2026-09-27 14:17:32] [build-stdout] > Task :modules:analytics:compileJava NO-SOURCE
[2026-09-27 14:17:32] [build-stdout] > Task :modules:analytics:classes UP-TO-DATE
[2026-09-27 14:17:32] [build-stdout] > Task :modules:ingestion:compileKotlin FROM-CACHE
[2026-09-27 14:17:32] [build-stdout] > Task :modules:deal-sourcing:jar
[2026-09-27 14:17:32] [build-stdout] > Task :modules:workflow:jar
[2026-09-27 14:17:32] [build-stdout] > Task :modules:ingestion:compileJava NO-SOURCE
[2026-09-27 14:17:32] [build-stdout] > Task :modules:ingestion:classes UP-TO-DATE
[2026-09-27 14:17:32] [build-stdout] > Task :modules:analytics:jar
[2026-09-27 14:17:32] [build-stdout] > Task :modules:ingestion:jar
[2026-09-27 14:17:32] [build-stdout] > Task :modules:recon:compileKotlin FROM-CACHE
[2026-09-27 14:17:32] [build-stdout] > Task :modules:recon:compileJava NO-SOURCE
[2026-09-27 14:17:32] [build-stdout] > Task :modules:recon:classes UP-TO-DATE
[2026-09-27 14:17:32] [build-stdout] > Task :modules:recon:jar
[2026-09-27 14:17:32] [build-stdout] > Task :modules:api:compileKotlin FROM-CACHE
[2026-09-27 14:17:32] [build-stdout] > Task :modules:api:compileJava NO-SOURCE
[2026-09-27 14:17:32] [build-stdout] BUILD SUCCESSFUL in 6s
[2026-09-27 14:17:32] [build-stdout] 31 actionable tasks: 20 executed, 11 from cache
[2026-09-27 14:17:32] [build-stdout] Consider enabling configuration cache to speed up this build: https://docs.gradle.org/9.4.1/userguide/configuration_cache_enabling.html
Finalizing database at /Users/macbook/Octo/static_analysis_codeql_1/codeql-kotlin.db.
CodeQL detected code written in Java/Kotlin but could not process any of it. For more information, review our troubleshooting guide at https://gh.io/troubleshooting-code-scanning/no-source-code-seen-during-build.
[2026-09-27T14:17:46+07:00] METHOD 5 retry2: build ran but compileKotlin came FROM-CACHE (no kotlinc invoked). Forcing real compilation via --no-build-cache
Initializing database at /Users/macbook/Octo/static_analysis_codeql_1/codeql-kotlin.db.
Running build command: [/Library/Java/JavaVirtualMachines/temurin-25.jdk/Contents/Home/bin/java, -jar, gradle/wrapper/gradle-wrapper.jar, --no-daemon, --console=plain, --no-build-cache, clean, compileKotlin, compileJava]
Running command in /Users/macbook/Octo: [/Library/Java/JavaVirtualMachines/temurin-25.jdk/Contents/Home/bin/java, -jar, gradle/wrapper/gradle-wrapper.jar, --no-daemon, --console=plain, --no-build-cache, clean, compileKotlin, compileJava]
[2026-09-27 14:17:47] [build-stdout] To honour the JVM settings for this build a single-use Daemon process will be forked. For more on this, please refer to https://docs.gradle.org/9.4.1/userguide/gradle_daemon.html#sec:disabling_the_daemon in the Gradle documentation.
[2026-09-27 14:17:48] [build-stdout] Daemon will be stopped at the end of the build 
[2026-09-27 14:17:53] [build-stdout] > Task :modules:persistence:clean
[2026-09-27 14:17:53] [build-stdout] > Task :modules:ibor-core:clean
[2026-09-27 14:17:53] [build-stdout] > Task :modules:ontology:clean
[2026-09-27 14:17:53] [build-stdout] > Task :modules:deal-sourcing:clean
[2026-09-27 14:17:53] [build-stdout] > Task :modules:lookthrough:clean
[2026-09-27 14:17:53] [build-stdout] > Task :modules:persistence:checkKotlinGradlePluginConfigurationErrors SKIPPED
[2026-09-27 14:17:53] [build-stdout] > Task :modules:ibor-core:checkKotlinGradlePluginConfigurationErrors SKIPPED
[2026-09-27 14:17:53] [build-stdout] > Task :modules:ontology:checkKotlinGradlePluginConfigurationErrors SKIPPED
[2026-09-27 14:17:53] [build-stdout] > Task :modules:control-panel:clean
[2026-09-27 14:17:53] [build-stdout] > Task :modules:deal-sourcing:checkKotlinGradlePluginConfigurationErrors SKIPPED
[2026-09-27 14:17:53] [build-stdout] > Task :modules:control-panel:checkKotlinGradlePluginConfigurationErrors SKIPPED
[2026-09-27 14:17:53] [build-stdout] > Task :modules:recon:clean
[2026-09-27 14:17:53] [build-stdout] > Task :modules:analytics:clean
[2026-09-27 14:17:53] [build-stdout] > Task :modules:analytics:checkKotlinGradlePluginConfigurationErrors SKIPPED
[2026-09-27 14:17:53] [build-stdout] > Task :modules:lookthrough:checkKotlinGradlePluginConfigurationErrors SKIPPED
[2026-09-27 14:17:53] [build-stdout] > Task :modules:recon:checkKotlinGradlePluginConfigurationErrors SKIPPED
[2026-09-27 14:17:53] [build-stdout] > Task :modules:api:clean
[2026-09-27 14:17:53] [build-stdout] > Task :modules:ingestion:clean
[2026-09-27 14:17:53] [build-stdout] > Task :modules:api:checkKotlinGradlePluginConfigurationErrors SKIPPED
[2026-09-27 14:17:53] [build-stdout] > Task :modules:ingestion:checkKotlinGradlePluginConfigurationErrors SKIPPED
[2026-09-27 14:17:53] [build-stdout] > Task :modules:workflow:clean
[2026-09-27 14:17:53] [build-stdout] > Task :modules:workflow:checkKotlinGradlePluginConfigurationErrors SKIPPED
[2026-09-27 14:17:53] [build-stdout] > Task :modules:analytics:processResources NO-SOURCE
[2026-09-27 14:17:53] [build-stdout] > Task :modules:workflow:processResources NO-SOURCE
[2026-09-27 14:17:53] [build-stdout] > Task :modules:deal-sourcing:processResources NO-SOURCE
[2026-09-27 14:17:53] [build-stdout] > Task :modules:recon:processResources NO-SOURCE
[2026-09-27 14:17:53] [build-stdout] > Task :modules:ingestion:processResources NO-SOURCE
[2026-09-27 14:17:53] [build-stdout] > Task :modules:lookthrough:processResources NO-SOURCE
[2026-09-27 14:17:53] [build-stdout] > Task :modules:ibor-core:processResources NO-SOURCE
[2026-09-27 14:17:53] [build-stdout] > Task :modules:persistence:processResources NO-SOURCE
[2026-09-27 14:17:53] [build-stdout] > Task :modules:control-panel:processResources NO-SOURCE
[2026-09-27 14:18:01] [build-stdout] > Task :modules:persistence:compileKotlin
[2026-09-27 14:18:01] [build-stdout] > Task :modules:lookthrough:compileKotlin
[2026-09-27 14:18:01] [build-stdout] > Task :modules:persistence:compileJava NO-SOURCE
[2026-09-27 14:18:01] [build-stdout] > Task :modules:lookthrough:compileJava NO-SOURCE
[2026-09-27 14:18:01] [build-stdout] > Task :modules:persistence:classes UP-TO-DATE
[2026-09-27 14:18:01] [build-stdout] > Task :modules:lookthrough:classes UP-TO-DATE
[2026-09-27 14:18:01] [build-stdout] > Task :modules:lookthrough:jar
[2026-09-27 14:18:01] [build-stdout] > Task :modules:persistence:jar
[2026-09-27 14:18:04] [build-stdout] > Task :modules:ibor-core:compileKotlin
[2026-09-27 14:18:04] [build-stdout] > Task :modules:ibor-core:compileJava NO-SOURCE
[2026-09-27 14:18:04] [build-stdout] > Task :modules:ibor-core:classes UP-TO-DATE
[2026-09-27 14:18:04] [build-stdout] > Task :modules:ibor-core:jar
[2026-09-27 14:18:06] [build-stdout] > Task :modules:ontology:compileKotlin
[2026-09-27 14:18:06] [build-stdout] > Task :modules:ontology:compileJava NO-SOURCE
[2026-09-27 14:18:07] [build-stdout] > Task :modules:deal-sourcing:compileKotlin
[2026-09-27 14:18:07] [build-stdout] > Task :modules:deal-sourcing:compileJava NO-SOURCE
[2026-09-27 14:18:07] [build-stdout] > Task :modules:deal-sourcing:classes UP-TO-DATE
[2026-09-27 14:18:07] [build-stdout] > Task :modules:deal-sourcing:jar
[2026-09-27 14:18:07] [build-stdout] > Task :modules:workflow:compileKotlin
[2026-09-27 14:18:07] [build-stdout] > Task :modules:workflow:compileJava NO-SOURCE
[2026-09-27 14:18:07] [build-stdout] > Task :modules:workflow:classes UP-TO-DATE
[2026-09-27 14:18:07] [build-stdout] > Task :modules:workflow:jar
[2026-09-27 14:18:12] [build-stdout] > Task :modules:control-panel:compileKotlin
[2026-09-27 14:18:12] [build-stdout] > Task :modules:control-panel:compileJava NO-SOURCE
[2026-09-27 14:18:12] [build-stdout] > Task :modules:control-panel:classes UP-TO-DATE
[2026-09-27 14:18:12] [build-stdout] > Task :modules:control-panel:jar
[2026-09-27 14:18:14] [build-stdout] > Task :modules:analytics:compileKotlin
[2026-09-27 14:18:14] [build-stdout] > Task :modules:analytics:compileJava NO-SOURCE
[2026-09-27 14:18:14] [build-stdout] > Task :modules:analytics:classes UP-TO-DATE
[2026-09-27 14:18:14] [build-stdout] > Task :modules:analytics:jar
[2026-09-27 14:18:16] [build-stdout] > Task :modules:recon:compileKotlin
[2026-09-27 14:18:16] [build-stdout] > Task :modules:recon:compileJava NO-SOURCE
[2026-09-27 14:18:16] [build-stdout] > Task :modules:recon:classes UP-TO-DATE
[2026-09-27 14:18:16] [build-stdout] > Task :modules:recon:jar
[2026-09-27 14:18:20] [build-stdout] > Task :modules:ingestion:compileKotlin
[2026-09-27 14:18:20] [build-stdout] > Task :modules:ingestion:compileJava NO-SOURCE
[2026-09-27 14:18:20] [build-stdout] > Task :modules:ingestion:classes UP-TO-DATE
[2026-09-27 14:18:20] [build-stdout] > Task :modules:ingestion:jar
[2026-09-27 14:18:25] [build-stdout] > Task :modules:api:compileKotlin
[2026-09-27 14:18:25] [build-stdout] > Task :modules:api:compileJava NO-SOURCE
[2026-09-27 14:18:25] [build-stdout] BUILD SUCCESSFUL in 38s
[2026-09-27 14:18:25] [build-stdout] 31 actionable tasks: 31 executed
[2026-09-27 14:18:25] [build-stdout] Consider enabling configuration cache to speed up this build: https://docs.gradle.org/9.4.1/userguide/configuration_cache_enabling.html
Finalizing database at /Users/macbook/Octo/static_analysis_codeql_1/codeql-kotlin.db.
Running pre-finalize script /opt/homebrew/Caskroom/codeql/2.26.3/codeql/java/tools/pre-finalize.sh in /Users/macbook/Octo.
Running command in /Users/macbook/Octo: [/opt/homebrew/Caskroom/codeql/2.26.3/codeql/java/tools/pre-finalize.sh]
[2026-09-27 14:18:27] [build-stderr] Scanning for files in /Users/macbook/Octo...
[2026-09-27 14:18:28] [build-stderr] /Users/macbook/Octo/static_analysis_codeql_1/codeql-kotlin.db: Indexing files in in /Users/macbook/Octo...
[2026-09-27 14:18:28] [build-stderr] Running command in /Users/macbook/Octo: [/opt/homebrew/Caskroom/codeql/2.26.3/codeql/xml/tools/index-files.sh, /Users/macbook/Octo/static_analysis_codeql_1/codeql-kotlin.db/working/files-to-index13025021035430993127.list]
[2026-09-27 14:18:29] [build-stdout] [2026-09-27 14:18:29] [build-stdout] [2026-09-27 14:18:29] [XMLExtractor] Processed 31 files in 145 ms; produced 0 bytes of compressed TRAP
[2026-09-27 14:18:29] [build-stdout] [2026-09-27 14:18:29] [build-stdout] 14:18:29.083 [main] INFO com.semmle.cli.SimpleExtractor.Stats -- Processed 31 files in 145 ms; produced 0 bytes of compressed TRAP
[2026-09-27 14:18:29] [build-stderr] Scanning for files in /Users/macbook/Octo...
[2026-09-27 14:18:30] [build-stderr] /Users/macbook/Octo/static_analysis_codeql_1/codeql-kotlin.db: Indexing files in in /Users/macbook/Octo...
[2026-09-27 14:18:30] [build-stderr] Running command in /Users/macbook/Octo: [/opt/homebrew/Caskroom/codeql/2.26.3/codeql/properties/tools/index-files.sh, /Users/macbook/Octo/static_analysis_codeql_1/codeql-kotlin.db/working/files-to-index2665008748559287471.list]
[2026-09-27 14:18:30] [build-stdout] [2026-09-27 14:18:30] [build-stdout] [2026-09-27 14:18:30] [PropertiesExtractor] Processed 19 files in 81 ms; produced 0 bytes of compressed TRAP
Pre-finalize script /opt/homebrew/Caskroom/codeql/2.26.3/codeql/java/tools/pre-finalize.sh completed in 4827 ms.
Running TRAP import for CodeQL database at /Users/macbook/Octo/static_analysis_codeql_1/codeql-kotlin.db...
Importing TRAP files
Merging relations
Finished writing database (relations: 3.08 MiB; string pool: 5.53 MiB).
TRAP import complete (2.9s).
Finished zipping source archive (217.18 KiB).
Successfully created database at /Users/macbook/Octo/static_analysis_codeql_1/codeql-kotlin.db.
[2026-09-27T14:20:47+07:00] METHOD 5 retry3: api compiled but no extractor spawned. Re-running to test flake
Initializing database at /Users/macbook/Octo/static_analysis_codeql_1/codeql-kotlin.db.
Running build command: [/Library/Java/JavaVirtualMachines/temurin-25.jdk/Contents/Home/bin/java, -jar, gradle/wrapper/gradle-wrapper.jar, --no-daemon, --console=plain, --no-build-cache, clean, compileKotlin, compileJava]
Running command in /Users/macbook/Octo: [/Library/Java/JavaVirtualMachines/temurin-25.jdk/Contents/Home/bin/java, -jar, gradle/wrapper/gradle-wrapper.jar, --no-daemon, --console=plain, --no-build-cache, clean, compileKotlin, compileJava]
[2026-09-27 14:20:50] [build-stdout] To honour the JVM settings for this build a single-use Daemon process will be forked. For more on this, please refer to https://docs.gradle.org/9.4.1/userguide/gradle_daemon.html#sec:disabling_the_daemon in the Gradle documentation.
[2026-09-27 14:20:52] [build-stdout] Daemon will be stopped at the end of the build 
[2026-09-27 14:20:58] [build-stdout] > Task :modules:persistence:clean
[2026-09-27 14:20:58] [build-stdout] > Task :modules:recon:clean
[2026-09-27 14:20:58] [build-stdout] > Task :modules:lookthrough:clean
[2026-09-27 14:20:58] [build-stdout] > Task :modules:persistence:checkKotlinGradlePluginConfigurationErrors SKIPPED
[2026-09-27 14:20:58] [build-stdout] > Task :modules:lookthrough:checkKotlinGradlePluginConfigurationErrors SKIPPED
[2026-09-27 14:20:58] [build-stdout] > Task :modules:deal-sourcing:clean
[2026-09-27 14:20:58] [build-stdout] > Task :modules:control-panel:clean
[2026-09-27 14:20:58] [build-stdout] > Task :modules:deal-sourcing:checkKotlinGradlePluginConfigurationErrors SKIPPED
[2026-09-27 14:20:58] [build-stdout] > Task :modules:ontology:clean
[2026-09-27 14:20:58] [build-stdout] > Task :modules:recon:checkKotlinGradlePluginConfigurationErrors SKIPPED
[2026-09-27 14:20:58] [build-stdout] > Task :modules:control-panel:checkKotlinGradlePluginConfigurationErrors SKIPPED
[2026-09-27 14:20:58] [build-stdout] > Task :modules:ibor-core:clean
[2026-09-27 14:20:58] [build-stdout] > Task :modules:ibor-core:checkKotlinGradlePluginConfigurationErrors SKIPPED
[2026-09-27 14:20:58] [build-stdout] > Task :modules:analytics:clean
[2026-09-27 14:20:58] [build-stdout] > Task :modules:analytics:checkKotlinGradlePluginConfigurationErrors SKIPPED
[2026-09-27 14:20:58] [build-stdout] > Task :modules:ingestion:clean
[2026-09-27 14:20:58] [build-stdout] > Task :modules:workflow:clean
[2026-09-27 14:20:58] [build-stdout] > Task :modules:ingestion:checkKotlinGradlePluginConfigurationErrors SKIPPED
[2026-09-27 14:20:58] [build-stdout] > Task :modules:workflow:checkKotlinGradlePluginConfigurationErrors SKIPPED
[2026-09-27 14:20:58] [build-stdout] > Task :modules:api:clean
[2026-09-27 14:20:58] [build-stdout] > Task :modules:api:checkKotlinGradlePluginConfigurationErrors SKIPPED
[2026-09-27 14:20:58] [build-stdout] > Task :modules:ontology:checkKotlinGradlePluginConfigurationErrors SKIPPED
[2026-09-27 14:20:58] [build-stdout] > Task :modules:ingestion:processResources NO-SOURCE
[2026-09-27 14:20:58] [build-stdout] > Task :modules:workflow:processResources NO-SOURCE
[2026-09-27 14:20:58] [build-stdout] > Task :modules:recon:processResources NO-SOURCE
[2026-09-27 14:20:58] [build-stdout] > Task :modules:deal-sourcing:processResources NO-SOURCE
[2026-09-27 14:20:58] [build-stdout] > Task :modules:analytics:processResources NO-SOURCE
[2026-09-27 14:20:58] [build-stdout] > Task :modules:persistence:processResources NO-SOURCE
[2026-09-27 14:20:58] [build-stdout] > Task :modules:lookthrough:processResources NO-SOURCE
[2026-09-27 14:20:58] [build-stdout] > Task :modules:control-panel:processResources NO-SOURCE
[2026-09-27 14:20:58] [build-stdout] > Task :modules:ibor-core:processResources NO-SOURCE
