[2026-09-27 14:22:45] This is codeql database create static_analysis_codeql_1/codeql-kotlin.db --language=java --source-root=. --command=/Library/Java/JavaVirtualMachines/temurin-25.jdk/Contents/Home/bin/java -jar gradle/wrapper/gradle-wrapper.jar --no-daemon --console=plain --no-build-cache clean compileKotlin compileJava --overwrite
[2026-09-27 14:22:45] Log file was started late.
[2026-09-27 14:22:45] [PROGRESS] database create> Initializing database at /Users/macbook/Octo/static_analysis_codeql_1/codeql-kotlin.db.
[2026-09-27 14:22:45] Running plumbing command: codeql database init --overwrite --language=java --extractor-options-verbosity=1 --qlconfig-file=/Users/macbook/Octo/qlconfig.yml --source-root=/Users/macbook/Octo --allow-missing-source-root=false --allow-already-existing -- /Users/macbook/Octo/static_analysis_codeql_1/codeql-kotlin.db
[2026-09-27 14:22:45] Calling plumbing command: codeql resolve languages --extractor-options-verbosity=1 --format=betterjson
[2026-09-27 14:22:45] [DETAILS] resolve languages> Scanning for [codeql-extractor.yml] from /opt/homebrew/Caskroom/codeql/2.26.3/codeql/.codeqlmanifest.json
[2026-09-27 14:22:45] [DETAILS] resolve languages> Parsing /opt/homebrew/Caskroom/codeql/2.26.3/codeql/go/codeql-extractor.yml.
[2026-09-27 14:22:45] [DETAILS] resolve languages> Parsing /opt/homebrew/Caskroom/codeql/2.26.3/codeql/python/codeql-extractor.yml.
[2026-09-27 14:22:45] [DETAILS] resolve languages> Parsing /opt/homebrew/Caskroom/codeql/2.26.3/codeql/rust/codeql-extractor.yml.
[2026-09-27 14:22:45] [DETAILS] resolve languages> Parsing /opt/homebrew/Caskroom/codeql/2.26.3/codeql/java/codeql-extractor.yml.
[2026-09-27 14:22:45] [DETAILS] resolve languages> Parsing /opt/homebrew/Caskroom/codeql/2.26.3/codeql/html/codeql-extractor.yml.
[2026-09-27 14:22:45] [DETAILS] resolve languages> Parsing /opt/homebrew/Caskroom/codeql/2.26.3/codeql/xml/codeql-extractor.yml.
[2026-09-27 14:22:45] [DETAILS] resolve languages> Parsing /opt/homebrew/Caskroom/codeql/2.26.3/codeql/properties/codeql-extractor.yml.
[2026-09-27 14:22:45] [DETAILS] resolve languages> Parsing /opt/homebrew/Caskroom/codeql/2.26.3/codeql/cpp/codeql-extractor.yml.
[2026-09-27 14:22:45] [DETAILS] resolve languages> Parsing /opt/homebrew/Caskroom/codeql/2.26.3/codeql/swift/codeql-extractor.yml.
[2026-09-27 14:22:45] [DETAILS] resolve languages> Parsing /opt/homebrew/Caskroom/codeql/2.26.3/codeql/csv/codeql-extractor.yml.
[2026-09-27 14:22:45] [DETAILS] resolve languages> Parsing /opt/homebrew/Caskroom/codeql/2.26.3/codeql/actions/codeql-extractor.yml.
[2026-09-27 14:22:45] [DETAILS] resolve languages> Parsing /opt/homebrew/Caskroom/codeql/2.26.3/codeql/yaml/codeql-extractor.yml.
[2026-09-27 14:22:45] [DETAILS] resolve languages> Parsing /opt/homebrew/Caskroom/codeql/2.26.3/codeql/csharp/codeql-extractor.yml.
[2026-09-27 14:22:45] [DETAILS] resolve languages> Parsing /opt/homebrew/Caskroom/codeql/2.26.3/codeql/javascript/codeql-extractor.yml.
[2026-09-27 14:22:45] [DETAILS] resolve languages> Parsing /opt/homebrew/Caskroom/codeql/2.26.3/codeql/ruby/codeql-extractor.yml.
[2026-09-27 14:22:45] Plumbing command codeql resolve languages completed:
                      {
                        "aliases" : {
                          "c" : "cpp",
                          "c++" : "cpp",
                          "c-c++" : "cpp",
                          "c-cpp" : "cpp",
                          "c#" : "csharp",
                          "java-kotlin" : "java",
                          "kotlin" : "java",
                          "javascript-typescript" : "javascript",
                          "typescript" : "javascript"
                        },
                        "extractors" : {
                          "go" : [
                            {
                              "extractor_root" : "/opt/homebrew/Caskroom/codeql/2.26.3/codeql/go",
                              "extractor_options" : {
                                "extract_tests" : {
                                  "title" : "Whether to include Go test files in the CodeQL database.",
                                  "description" : "A value indicating whether Go test files should be included in the CodeQL database. The default is 'false'.\n",
                                  "type" : "string",
                                  "pattern" : "^(false|true)$"
                                },
                                "extract_vendor_dirs" : {
                                  "title" : "Whether to include Go vendor directories in the CodeQL database.",
                                  "description" : "A value indicating whether Go vendor directories should be included in the CodeQL database. The default is 'false'.\n",
                                  "type" : "string",
                                  "pattern" : "^(false|true)$"
                                }
                              }
                            }
                          ],
                          "python" : [
                            {
                              "extractor_root" : "/opt/homebrew/Caskroom/codeql/2.26.3/codeql/python",
                              "extractor_options" : {
                                "logging" : {
                                  "title" : "Options pertaining to logging.",
                                  "description" : "Options pertaining to logging.",
                                  "type" : "object",
                                  "properties" : {
                                    "verbosity" : {
                                      "title" : "Python extractor logging verbosity level.",
                                      "description" : "Controls the level of verbosity of the CodeQL Python extractor.\nThe supported levels are (in order of increasing verbosity):\n\n  - off\n  - errors\n  - warnings\n  - info or progress\n  - debug or progress+\n  - trace or progress++\n  - progress+++\n",
                                      "type" : "string",
                                      "pattern" : "^(off|errors|warnings|(info|progress)|(debug|progress\\+)|(trace|progress\\+\\+)|progress\\+\\+\\+)$"
                                    }
                                  }
                                },
                                "python_executable_name" : {
                                  "title" : "Controls the name of the Python executable used by the Python extractor.",
                                  "description" : "The Python extractor uses platform-dependent heuristics to determine the name of the Python executable to use. Specifying a value for this option overrides the name of the Python executable used by the extractor. Accepted values are py, python and python3. Use this setting with caution, the Python extractor requires Python 3 to run.\n",
                                  "type" : "string",
                                  "pattern" : "^(py|python|python3)$"
                                }
                              }
                            }
                          ],
                          "rust" : [
                            {
                              "extractor_root" : "/opt/homebrew/Caskroom/codeql/2.26.3/codeql/rust",
                              "extractor_options" : {
                                "trap" : {
                                  "title" : "Options pertaining to TRAP.",
                                  "description" : "Options pertaining to TRAP.",
                                  "type" : "object",
                                  "properties" : {
                                    "compression" : {
                                      "title" : "Controls compression for the TRAP files written by the extractor.",
                                      "description" : "This option is only intended for use in debugging the extractor. Accepted values are 'gzip' (to write gzip-compressed TRAP) 'zstd' (to write Zstandard-compressed TRAP) and 'none' (the default, to write uncompressed TRAP).\n",
                                      "type" : "string",
                                      "pattern" : "^(none|gzip|zstd)$"
                                    }
                                  }
                                },
                                "cargo_target_dir" : {
                                  "title" : "Directory to use for cargo output files.",
                                  "description" : "This value is an optional path to use as `CARGO_TARGET_DIR` for the internal cargo commands the extractor uses. Pointing it to a persistent directory may reduce execution time of consecutive extractor runs. By default, a new scratch directory is used for each run.\n",
                                  "type" : "string"
                                },
                                "cargo_target" : {
                                  "title" : "Target architecture",
                                  "description" : "Target architecture to use for analysis, analogous to `cargo --target`. By default the host architecture is used.\n",
                                  "type" : "string"
                                },
                                "cargo_features" : {
                                  "title" : "Cargo features to turn on",
                                  "description" : "Comma-separated list of features to turn on. By default all features are enabled. If any features are specified, then only those features are enabled. The `default` feature must be explicitly specified if only default features are desired. Can be repeated.\n",
                                  "type" : "array"
                                },
                                "cargo_cfg_overrides" : {
                                  "title" : "Cargo cfg overrides",
                                  "description" : "Comma-separated list of cfg settings to enable, or disable if prefixed with `-`. Can be repeated.\n",
                                  "type" : "array"
                                },
                                "logging" : {
                                  "title" : "Options pertaining to logging.",
                                  "description" : "Options pertaining to logging.",
                                  "type" : "object",
                                  "properties" : {
                                    "verbosity" : {
                                      "title" : "Extractor logging verbosity level.",
                                      "description" : "Controls the level of verbosity of the extractor. The supported levels are (in order of increasing verbosity):\n  - off\n  - errors\n  - warnings\n  - info or progress\n  - debug or progress+\n  - trace or progress++\n  - progress+++\n",
                                      "type" : "string",
                                      "pattern" : "^(off|errors|warnings|(info|progress)|(debug|progress\\+)|(trace|progress\\+\\+)|progress\\+\\+\\+)$"
                                    },
                                    "flamegraph" : {
                                      "title" : "[Experimental] File path for write flame graph log",
                                      "description" : "Collect flame graph data using the `tracing-flame` crate. To render a flame graph or chart, run the `inferno-flamegraph` command. See also: https://crates.io/crates/tracing-flame\n",
                                      "type" : "string"
                                    }
                                  }
                                },
                                "extract_dependencies_as_source" : {
                                  "title" : "Extract dependencies as source code",
                                  "description" : "Extract the full source code of dependencies instead of only extracting signatures.\n",
                                  "type" : "string",
                                  "pattern" : "^(false|true)$"
                                }
                              }
                            }
                          ],
                          "java" : [
                            {
                              "extractor_root" : "/opt/homebrew/Caskroom/codeql/2.26.3/codeql/java",
                              "extractor_options" : {
                                "exclude" : {
                                  "title" : "A glob excluding files from analysis.",
                                  "description" : "A glob indicating what files to exclude from the analysis. This accepts glob patterns that are supported by Java's 'getPathMatcher' implementation.\n",
                                  "type" : "string"
                                },
                                "add_prefer_source" : {
                                  "title" : "Whether to always prefer source files over class files.",
                                  "description" : "A value indicating whether source files should be preferred over class files. If set to 'true', the extraction adds '-Xprefer:source' to the javac command line. If set to 'false', the extraction uses the default javac behavior ('-Xprefer:newer'). The default is 'true'.\n",
                                  "type" : "string",
                                  "pattern" : "^(false|true)$"
                                },
                                "buildless" : {
                                  "title" : "Whether to use buildless (standalone) extraction (experimental).",
                                  "description" : "A value indicating, which type of extraction the autobuilder should perform. If 'true', then the standalone extractor will be used, otherwise tracing extraction will be performed. The default is 'false'. Note that buildless extraction will generally yield less accurate analysis results, and should only be used in cases where it is not possible to build the code (for example if it uses inaccessible dependencies).\n",
                                  "type" : "string",
                                  "pattern" : "^(false|true)$"
                                },
                                "buildless_dependency_dir" : {
                                  "title" : "The path where buildless (standalone) extraction should keep dependencies.",
                                  "description" : "If set, the buildless (standalone) extractor will store dependencies in this directory.\n",
                                  "type" : "string"
                                },
                                "minimize_dependency_jars" : {
                                  "title" : "Whether to rewrite and minimize downloaded JAR dependencies (experimental).",
                                  "description" : "If 'true', JAR dependencies downloaded during extraction will be rewritten to remove unneeded data, such as method bodies. The default is 'false'.\n",
                                  "type" : "string",
                                  "pattern" : "^(false|true)$"
                                }
                              }
                            }
                          ],
                          "html" : [
                            {
                              "extractor_root" : "/opt/homebrew/Caskroom/codeql/2.26.3/codeql/html"
                            }
                          ],
                          "xml" : [
                            {
                              "extractor_root" : "/opt/homebrew/Caskroom/codeql/2.26.3/codeql/xml"
                            }
                          ],
                          "properties" : [
                            {
                              "extractor_root" : "/opt/homebrew/Caskroom/codeql/2.26.3/codeql/properties"
                            }
                          ],
                          "cpp" : [
                            {
                              "extractor_root" : "/opt/homebrew/Caskroom/codeql/2.26.3/codeql/cpp",
                              "extractor_options" : {
                                "scale_timeouts" : {
                                  "title" : "Value to scale compiler introspection timeouts with",
                                  "description" : "The extractor attempts to determine what compiler the source code being extracted is compiled with. To this end the extractor makes additional calls to the compiler, some of which are expected to return within a certain fixed time (either 10s or 15s). On some systems that are under high load this time might be too short, and can be scaled up using this option.\n",
                                  "type" : "string",
                                  "pattern" : "[0-9]+"
                                },
                                "log_verbosity" : {
                                  "title" : "Verbosity of the extractor logging",
                                  "description" : "Set the verbosity of the extractor logging to 'quiet' (0), 'normal' (1), 'chatty' (2), or 'noisy' (3). The default is 'normal'.\n",
                                  "type" : "string",
                                  "pattern" : "[0-3]"
                                }
                              }
                            }
                          ],
                          "swift" : [
                            {
                              "extractor_root" : "/opt/homebrew/Caskroom/codeql/2.26.3/codeql/swift"
                            }
                          ],
                          "csv" : [
                            {
                              "extractor_root" : "/opt/homebrew/Caskroom/codeql/2.26.3/codeql/csv"
                            }
                          ],
                          "actions" : [
                            {
                              "extractor_root" : "/opt/homebrew/Caskroom/codeql/2.26.3/codeql/actions",
                              "extractor_options" : { }
                            }
                          ],
                          "yaml" : [
                            {
                              "extractor_root" : "/opt/homebrew/Caskroom/codeql/2.26.3/codeql/yaml"
                            }
                          ],
                          "csharp" : [
                            {
                              "extractor_root" : "/opt/homebrew/Caskroom/codeql/2.26.3/codeql/csharp",
                              "extractor_options" : {
                                "trap" : {
                                  "title" : "Options pertaining to TRAP.",
                                  "description" : "Options pertaining to TRAP.",
                                  "type" : "object",
                                  "properties" : {
                                    "compression" : {
                                      "title" : "Controls compression for the TRAP files written by the extractor.",
                                      "description" : "This option is only intended for use in debugging the extractor. Accepted values are 'brotli' (the default, to write brotli-compressed TRAP), 'gzip', and 'none' (to write uncompressed TRAP).\n",
                                      "type" : "string",
                                      "pattern" : "^(none|gzip|brotli)$"
                                    }
                                  }
                                },
                                "buildless" : {
                                  "title" : "DEPRECATED - Whether to use buildless (standalone) extraction.",
                                  "description" : "DEPRECATED: Use `--build-mode none` instead.\nA value indicating, which type of extraction the autobuilder should perform. If 'true', then the standalone extractor will be used, otherwise tracing extraction will be performed. The default is 'false'. Note that buildless extraction will generally yield less accurate analysis results, and should only be used in cases where it is not possible to build the code (for example if it uses inaccessible dependencies).\n",
                                  "type" : "string",
                                  "pattern" : "^(false|true)$"
                                },
                                "logging" : {
                                  "title" : "Options pertaining to logging.",
                                  "description" : "Options pertaining to logging.",
                                  "type" : "object",
                                  "properties" : {
                                    "verbosity" : {
                                      "title" : "Extractor logging verbosity level.",
                                      "description" : "Controls the level of verbosity of the extractor. The supported levels are (in order of increasing verbosity):\n  - off\n  - errors\n  - warnings\n  - info or progress\n  - debug or progress+\n  - trace or progress++\n  - progress+++\n",
                                      "type" : "string",
                                      "pattern" : "^(off|errors|warnings|(info|progress)|(debug|progress\\+)|(trace|progress\\+\\+)|progress\\+\\+\\+)$"
                                    }
                                  }
                                },
                                "binlog" : {
                                  "title" : "Binlog",
                                  "description" : "[EXPERIMENTAL] The value is a path to the MsBuild binary log file that should be extracted. This option only works when `--build-mode none` is also specified.\n",
                                  "type" : "array"
                                },
                                "buildless_dependency_dir" : {
                                  "title" : "The path where buildless (standalone) extraction should keep dependencies.",
                                  "description" : "If set, the buildless (standalone) extractor will store dependencies in this directory.\n",
                                  "type" : "string"
                                }
                              }
                            }
                          ],
                          "javascript" : [
                            {
                              "extractor_root" : "/opt/homebrew/Caskroom/codeql/2.26.3/codeql/javascript",
                              "extractor_options" : {
                                "skip_types" : {
                                  "title" : "Skip type extraction for TypeScript",
                                  "description" : "Whether to skip the extraction of types in a TypeScript application",
                                  "type" : "string",
                                  "pattern" : "^(false|true)$"
                                }
                              }
                            }
                          ],
                          "ruby" : [
                            {
                              "extractor_root" : "/opt/homebrew/Caskroom/codeql/2.26.3/codeql/ruby",
                              "extractor_options" : {
                                "trap" : {
                                  "title" : "Options pertaining to TRAP.",
                                  "description" : "Options pertaining to TRAP.",
                                  "type" : "object",
                                  "properties" : {
                                    "compression" : {
                                      "title" : "Controls compression for the TRAP files written by the extractor.",
                                      "description" : "This option is only intended for use in debugging the extractor. Accepted values are 'gzip' (the default, to write gzip-compressed TRAP) 'zstd' (to write Zstandard-compressed TRAP) and 'none' (to write uncompressed TRAP).\n",
                                      "type" : "string",
                                      "pattern" : "^(none|gzip|zstd)$"
                                    }
                                  }
                                }
                              }
                            }
                          ]
                        }
                      }
[2026-09-27 14:22:45] [PROGRESS] database init> Calculating baseline information in /Users/macbook/Octo
[2026-09-27 14:22:45] [SPAMMY] database init> Ignoring the following directories when processing baseline information: .git, .hg, .svn.
[2026-09-27 14:22:45] [DETAILS] database init> Running command in /Users/macbook/Octo: /opt/homebrew/Caskroom/codeql/2.26.3/codeql/tools/osx64/scc --by-file --exclude-dir .git,.hg,.svn --format json --no-large --no-min .
[2026-09-27 14:22:45] Using configure-baseline script /opt/homebrew/Caskroom/codeql/2.26.3/codeql/javascript/tools/configure-baseline.sh.
[2026-09-27 14:22:45] [PROGRESS] database init> Running command in /Users/macbook/Octo: [/opt/homebrew/Caskroom/codeql/2.26.3/codeql/javascript/tools/configure-baseline.sh]
[2026-09-27 14:22:45] Using configure-baseline script /opt/homebrew/Caskroom/codeql/2.26.3/codeql/actions/tools/configure-baseline.sh.
[2026-09-27 14:22:45] [PROGRESS] database init> Running command in /Users/macbook/Octo: [/opt/homebrew/Caskroom/codeql/2.26.3/codeql/actions/tools/configure-baseline.sh]
[2026-09-27 14:22:45] [SPAMMY] database init> Ignored an additional 29 files when processing baseline information for YAML due to paths and paths-ignore configuration.
[2026-09-27 14:22:45] [SPAMMY] database init> Found 471 baseline files for java.
[2026-09-27 14:22:45] [SPAMMY] database init> Found 44 baseline files for javascript.
[2026-09-27 14:22:45] [SPAMMY] database init> Found 1 baseline files for actions.
[2026-09-27 14:22:45] [PROGRESS] database init> Calculated baseline information for languages: actions, java, javascript (236ms).
[2026-09-27 14:22:45] [SPAMMY] database init> Selected JGit Git client for /Users/macbook/Octo because the repository uses SHA-1 object format.
[2026-09-27 14:22:46] [PROGRESS] database init> Resolving extractor java.
[2026-09-27 14:22:46] [DETAILS] database init> Found candidate extractor root for java: /opt/homebrew/Caskroom/codeql/2.26.3/codeql/java.
[2026-09-27 14:22:46] [PROGRESS] database init> Successfully loaded extractor Java/Kotlin (java) from /opt/homebrew/Caskroom/codeql/2.26.3/codeql/java.
[2026-09-27 14:22:46] [SPAMMY] database init> Determining macOS System Integrity Protection status...
[2026-09-27 14:22:46] [SPAMMY] database init> Running command [/usr/bin/csrutil, status].
[2026-09-27 14:22:46] [SPAMMY] database init> SIP is enabled.
[2026-09-27 14:22:46] [PROGRESS] database init> Created skeleton CodeQL database at /Users/macbook/Octo/static_analysis_codeql_1/codeql-kotlin.db. This in-progress database is ready to be populated by an extractor.
[2026-09-27 14:22:46] Plumbing command codeql database init completed.
[2026-09-27 14:22:46] [PROGRESS] database create> Running build command: [/Library/Java/JavaVirtualMachines/temurin-25.jdk/Contents/Home/bin/java, -jar, gradle/wrapper/gradle-wrapper.jar, --no-daemon, --console=plain, --no-build-cache, clean, compileKotlin, compileJava]
[2026-09-27 14:22:46] Running plumbing command: codeql database trace-command --working-dir=/Users/macbook/Octo --index-traceless-dbs --no-db-cluster -- /Users/macbook/Octo/static_analysis_codeql_1/codeql-kotlin.db /Library/Java/JavaVirtualMachines/temurin-25.jdk/Contents/Home/bin/java -jar gradle/wrapper/gradle-wrapper.jar --no-daemon --console=plain --no-build-cache clean compileKotlin compileJava
[2026-09-27 14:22:46] [PROGRESS] database trace-command> Running command in /Users/macbook/Octo: [/Library/Java/JavaVirtualMachines/temurin-25.jdk/Contents/Home/bin/java, -jar, gradle/wrapper/gradle-wrapper.jar, --no-daemon, --console=plain, --no-build-cache, clean, compileKotlin, compileJava]
[2026-09-27 14:22:46] [build-stdout] To honour the JVM settings for this build a single-use Daemon process will be forked. For more on this, please refer to https://docs.gradle.org/9.4.1/userguide/gradle_daemon.html#sec:disabling_the_daemon in the Gradle documentation.
[2026-09-27 14:22:47] [build-stdout] Daemon will be stopped at the end of the build 
[2026-09-27 14:22:53] [build-stdout] > Task :modules:lookthrough:clean
[2026-09-27 14:22:53] [build-stdout] > Task :modules:persistence:clean
[2026-09-27 14:22:53] [build-stdout] > Task :modules:deal-sourcing:clean
[2026-09-27 14:22:53] [build-stdout] > Task :modules:ontology:clean
[2026-09-27 14:22:53] [build-stdout] > Task :modules:persistence:checkKotlinGradlePluginConfigurationErrors SKIPPED
[2026-09-27 14:22:53] [build-stdout] > Task :modules:lookthrough:checkKotlinGradlePluginConfigurationErrors SKIPPED
[2026-09-27 14:22:53] [build-stdout] > Task :modules:deal-sourcing:checkKotlinGradlePluginConfigurationErrors SKIPPED
[2026-09-27 14:22:53] [build-stdout] > Task :modules:control-panel:clean
[2026-09-27 14:22:53] [build-stdout] > Task :modules:recon:clean
[2026-09-27 14:22:53] [build-stdout] > Task :modules:recon:checkKotlinGradlePluginConfigurationErrors SKIPPED
[2026-09-27 14:22:53] [build-stdout] > Task :modules:ibor-core:clean
[2026-09-27 14:22:53] [build-stdout] > Task :modules:control-panel:checkKotlinGradlePluginConfigurationErrors SKIPPED
[2026-09-27 14:22:53] [build-stdout] > Task :modules:ibor-core:checkKotlinGradlePluginConfigurationErrors SKIPPED
[2026-09-27 14:22:53] [build-stdout] > Task :modules:analytics:clean
[2026-09-27 14:22:53] [build-stdout] > Task :modules:analytics:checkKotlinGradlePluginConfigurationErrors SKIPPED
[2026-09-27 14:22:53] [build-stdout] > Task :modules:ingestion:clean
[2026-09-27 14:22:53] [build-stdout] > Task :modules:ingestion:checkKotlinGradlePluginConfigurationErrors SKIPPED
[2026-09-27 14:22:53] [build-stdout] > Task :modules:workflow:clean
[2026-09-27 14:22:53] [build-stdout] > Task :modules:api:clean
[2026-09-27 14:22:53] [build-stdout] > Task :modules:workflow:checkKotlinGradlePluginConfigurationErrors SKIPPED
[2026-09-27 14:22:53] [build-stdout] > Task :modules:api:checkKotlinGradlePluginConfigurationErrors SKIPPED
[2026-09-27 14:22:53] [build-stdout] > Task :modules:analytics:processResources NO-SOURCE
[2026-09-27 14:22:53] [build-stdout] > Task :modules:ontology:checkKotlinGradlePluginConfigurationErrors SKIPPED
[2026-09-27 14:22:53] [build-stdout] > Task :modules:ingestion:processResources NO-SOURCE
[2026-09-27 14:22:53] [build-stdout] > Task :modules:recon:processResources NO-SOURCE
[2026-09-27 14:22:53] [build-stdout] > Task :modules:deal-sourcing:processResources NO-SOURCE
[2026-09-27 14:22:53] [build-stdout] > Task :modules:workflow:processResources NO-SOURCE
[2026-09-27 14:22:54] [build-stdout] > Task :modules:lookthrough:processResources NO-SOURCE
[2026-09-27 14:22:54] [build-stdout] > Task :modules:control-panel:processResources NO-SOURCE
[2026-09-27 14:22:54] [build-stdout] > Task :modules:ibor-core:processResources NO-SOURCE
[2026-09-27 14:22:54] [build-stdout] > Task :modules:persistence:processResources NO-SOURCE
[2026-09-27 14:23:03] [build-stdout] > Task :modules:lookthrough:compileKotlin
[2026-09-27 14:23:03] [build-stdout] > Task :modules:persistence:compileKotlin
[2026-09-27 14:23:03] [build-stdout] > Task :modules:persistence:compileJava NO-SOURCE
[2026-09-27 14:23:03] [build-stdout] > Task :modules:lookthrough:compileJava NO-SOURCE
[2026-09-27 14:23:03] [build-stdout] > Task :modules:persistence:classes UP-TO-DATE
[2026-09-27 14:23:03] [build-stdout] > Task :modules:lookthrough:classes UP-TO-DATE
[2026-09-27 14:23:03] [build-stdout] > Task :modules:lookthrough:jar
[2026-09-27 14:23:03] [build-stdout] > Task :modules:persistence:jar
[2026-09-27 14:23:07] [build-stdout] > Task :modules:ibor-core:compileKotlin
[2026-09-27 14:23:07] [build-stdout] > Task :modules:ibor-core:compileJava NO-SOURCE
[2026-09-27 14:23:07] [build-stdout] > Task :modules:ibor-core:classes UP-TO-DATE
[2026-09-27 14:23:07] [build-stdout] > Task :modules:ibor-core:jar
[2026-09-27 14:23:17] [build-stdout] > Task :modules:deal-sourcing:compileKotlin
[2026-09-27 14:23:17] [build-stdout] > Task :modules:deal-sourcing:compileJava NO-SOURCE
[2026-09-27 14:23:17] [build-stdout] > Task :modules:deal-sourcing:classes UP-TO-DATE
[2026-09-27 14:23:17] [build-stdout] > Task :modules:deal-sourcing:jar
[2026-09-27 14:23:17] [build-stdout] > Task :modules:ontology:compileKotlin
[2026-09-27 14:23:17] [build-stdout] > Task :modules:ontology:compileJava NO-SOURCE
[2026-09-27 14:23:18] [build-stdout] > Task :modules:workflow:compileKotlin
[2026-09-27 14:23:18] [build-stdout] > Task :modules:workflow:compileJava NO-SOURCE
[2026-09-27 14:23:18] [build-stdout] > Task :modules:workflow:classes UP-TO-DATE
[2026-09-27 14:23:18] [build-stdout] > Task :modules:workflow:jar
[2026-09-27 14:23:23] [build-stdout] > Task :modules:control-panel:compileKotlin
[2026-09-27 14:23:28] [build-stdout] > Task :modules:control-panel:compileJava NO-SOURCE
[2026-09-27 14:23:28] [build-stdout] > Task :modules:control-panel:classes UP-TO-DATE
[2026-09-27 14:23:28] [build-stdout] > Task :modules:control-panel:jar
[2026-09-27 14:23:30] [build-stdout] > Task :modules:analytics:compileKotlin
[2026-09-27 14:23:30] [build-stdout] > Task :modules:analytics:compileJava NO-SOURCE
[2026-09-27 14:23:30] [build-stdout] > Task :modules:analytics:classes UP-TO-DATE
[2026-09-27 14:23:30] [build-stdout] > Task :modules:analytics:jar
[2026-09-27 14:23:33] [build-stdout] > Task :modules:recon:compileKotlin
[2026-09-27 14:23:33] [build-stdout] > Task :modules:recon:compileJava NO-SOURCE
[2026-09-27 14:23:33] [build-stdout] > Task :modules:recon:classes UP-TO-DATE
[2026-09-27 14:23:33] [build-stdout] > Task :modules:recon:jar
[2026-09-27 14:23:37] [build-stdout] > Task :modules:ingestion:compileKotlin
[2026-09-27 14:23:37] [build-stdout] > Task :modules:ingestion:compileJava NO-SOURCE
[2026-09-27 14:23:37] [build-stdout] > Task :modules:ingestion:classes UP-TO-DATE
[2026-09-27 14:23:37] [build-stdout] > Task :modules:ingestion:jar
[2026-09-27 14:24:07] [build-stdout] > Task :modules:api:compileKotlin
[2026-09-27 14:24:17] [build-stdout] > Task :modules:api:compileJava NO-SOURCE
[2026-09-27 14:24:18] [build-stdout] BUILD SUCCESSFUL in 1m 31s
[2026-09-27 14:24:18] [build-stdout] 31 actionable tasks: 31 executed
[2026-09-27 14:24:18] [build-stdout] Consider enabling configuration cache to speed up this build: https://docs.gradle.org/9.4.1/userguide/configuration_cache_enabling.html
[2026-09-27 14:24:18] Plumbing command codeql database trace-command completed.
[2026-09-27 14:24:18] [PROGRESS] database create> Finalizing database at /Users/macbook/Octo/static_analysis_codeql_1/codeql-kotlin.db.
[2026-09-27 14:24:18] Running plumbing command: codeql database finalize --no-db-cluster -- /Users/macbook/Octo/static_analysis_codeql_1/codeql-kotlin.db
[2026-09-27 14:24:18] Using pre-finalize script /opt/homebrew/Caskroom/codeql/2.26.3/codeql/java/tools/pre-finalize.sh.
[2026-09-27 14:24:18] [PROGRESS] database finalize> Running pre-finalize script /opt/homebrew/Caskroom/codeql/2.26.3/codeql/java/tools/pre-finalize.sh in /Users/macbook/Octo.
[2026-09-27 14:24:18] Running plumbing command: codeql database trace-command --working-dir=/Users/macbook/Octo --no-tracing -- /Users/macbook/Octo/static_analysis_codeql_1/codeql-kotlin.db /opt/homebrew/Caskroom/codeql/2.26.3/codeql/java/tools/pre-finalize.sh
[2026-09-27 14:24:18] [PROGRESS] database trace-command> Running command in /Users/macbook/Octo: [/opt/homebrew/Caskroom/codeql/2.26.3/codeql/java/tools/pre-finalize.sh]
[2026-09-27 14:24:21] [build-stderr] Scanning for files in /Users/macbook/Octo...
[2026-09-27 14:24:22] [build-stderr] /Users/macbook/Octo/static_analysis_codeql_1/codeql-kotlin.db: Indexing files in in /Users/macbook/Octo...
[2026-09-27 14:24:22] [build-stderr] Running command in /Users/macbook/Octo: [/opt/homebrew/Caskroom/codeql/2.26.3/codeql/xml/tools/index-files.sh, /Users/macbook/Octo/static_analysis_codeql_1/codeql-kotlin.db/working/files-to-index10985924572448208132.list]
[2026-09-27 14:24:22] [build-stdout] [2026-09-27 14:24:22] [build-stdout] [2026-09-27 14:24:22] [XMLExtractor] Processed 31 files in 181 ms; produced 0 bytes of compressed TRAP
[2026-09-27 14:24:22] [build-stdout] [2026-09-27 14:24:22] [build-stdout] 14:24:22.865 [main] INFO com.semmle.cli.SimpleExtractor.Stats -- Processed 31 files in 181 ms; produced 0 bytes of compressed TRAP
[2026-09-27 14:24:23] [build-stderr] Scanning for files in /Users/macbook/Octo...
[2026-09-27 14:24:24] [build-stderr] /Users/macbook/Octo/static_analysis_codeql_1/codeql-kotlin.db: Indexing files in in /Users/macbook/Octo...
[2026-09-27 14:24:24] [build-stderr] Running command in /Users/macbook/Octo: [/opt/homebrew/Caskroom/codeql/2.26.3/codeql/properties/tools/index-files.sh, /Users/macbook/Octo/static_analysis_codeql_1/codeql-kotlin.db/working/files-to-index6244573562084010635.list]
[2026-09-27 14:24:24] [build-stdout] [2026-09-27 14:24:24] [build-stdout] [2026-09-27 14:24:24] [PropertiesExtractor] Processed 19 files in 115 ms; produced 0 bytes of compressed TRAP
[2026-09-27 14:24:24] Plumbing command codeql database trace-command completed.
[2026-09-27 14:24:24] [PROGRESS] database finalize> Pre-finalize script /opt/homebrew/Caskroom/codeql/2.26.3/codeql/java/tools/pre-finalize.sh completed in 5901 ms.
[2026-09-27 14:24:24] [PROGRESS] database finalize> Running TRAP import for CodeQL database at /Users/macbook/Octo/static_analysis_codeql_1/codeql-kotlin.db...
[2026-09-27 14:24:24] Running plumbing command: codeql dataset import --dbscheme=/opt/homebrew/Caskroom/codeql/2.26.3/codeql/java/semmlecode.dbscheme -- /Users/macbook/Octo/static_analysis_codeql_1/codeql-kotlin.db/db-java /Users/macbook/Octo/static_analysis_codeql_1/codeql-kotlin.db/trap/java
[2026-09-27 14:24:24] Clearing disk cache since the version file /Users/macbook/Octo/static_analysis_codeql_1/codeql-kotlin.db/db-java/default/cache/version does not exist
[2026-09-27 14:24:24] Tuple pool not found. Clearing relations with cached strings
[2026-09-27 14:24:24] Trimming disk cache at /Users/macbook/Octo/static_analysis_codeql_1/codeql-kotlin.db/db-java/default/cache in mode clear.
[2026-09-27 14:24:24] Sequence stamp origin is -5863773401326554177
[2026-09-27 14:24:24] Pausing evaluation to hard-clear memory at sequence stamp o+0
[2026-09-27 14:24:24] Unpausing evaluation
[2026-09-27 14:24:24] Pausing evaluation to quickly trim disk at sequence stamp o+1
[2026-09-27 14:24:24] Unpausing evaluation
[2026-09-27 14:24:24] Pausing evaluation to zealously trim disk at sequence stamp o+2
[2026-09-27 14:24:24] Unpausing evaluation
[2026-09-27 14:24:24] Trimming completed (8ms): Purged everything.
[2026-09-27 14:24:24] Scanning for files in /Users/macbook/Octo/static_analysis_codeql_1/codeql-kotlin.db/trap/java
[2026-09-27 14:24:25] Found 4882 TRAP files (23.51 MiB)
[2026-09-27 14:24:25] [PROGRESS] dataset import> Importing TRAP files
[2026-09-27 14:24:25] Importing gc.properties.trap.gz (1 of 4882)
[2026-09-27 14:24:25] Importing cache.properties.trap.gz (2 of 4882)
[2026-09-27 14:24:25] Importing gc.properties.trap.gz (3 of 4882)
[2026-09-27 14:24:25] Importing gradle-wrapper.properties.trap.gz (4 of 4882)
[2026-09-27 14:24:25] Importing gradle.properties.trap.gz (5 of 4882)
[2026-09-27 14:24:25] Importing TEST-com.mesta.asset.analytics.AttributionTest.xml.trap.gz (6 of 4882)
[2026-09-27 14:24:25] Importing TEST-com.mesta.asset.analytics.BaumWelchTest.xml.trap.gz (7 of 4882)
[2026-09-27 14:24:25] Importing TEST-com.mesta.asset.analytics.BridgeTest.xml.trap.gz (8 of 4882)
[2026-09-27 14:24:25] Importing TEST-com.mesta.asset.analytics.ComparablesTest.xml.trap.gz (9 of 4882)
[2026-09-27 14:24:25] Importing TEST-com.mesta.asset.analytics.DcfTest.xml.trap.gz (10 of 4882)
[2026-09-27 14:24:25] Importing TEST-com.mesta.asset.analytics.FactorTest.xml.trap.gz (11 of 4882)
[2026-09-27 14:24:25] Importing TEST-com.mesta.asset.analytics.ForecastTest.xml.trap.gz (12 of 4882)
[2026-09-27 14:24:25] Importing TEST-com.mesta.asset.analytics.KalmanTest.xml.trap.gz (13 of 4882)
[2026-09-27 14:24:25] Importing TEST-com.mesta.asset.analytics.LboTest.xml.trap.gz (14 of 4882)
[2026-09-27 14:24:25] Importing TEST-com.mesta.asset.analytics.LiquidityTest.xml.trap.gz (15 of 4882)
[2026-09-27 14:24:25] Importing TEST-com.mesta.asset.analytics.MoicTest.xml.trap.gz (16 of 4882)
[2026-09-27 14:24:25] Importing TEST-com.mesta.asset.analytics.OptimizationTest.xml.trap.gz (17 of 4882)
[2026-09-27 14:24:25] Importing TEST-com.mesta.asset.analytics.PerformanceTest.xml.trap.gz (18 of 4882)
[2026-09-27 14:24:25] Importing TEST-com.mesta.asset.analytics.RegimeTest.xml.trap.gz (19 of 4882)
[2026-09-27 14:24:25] Importing TEST-com.mesta.asset.analytics.RiskTest.xml.trap.gz (20 of 4882)
[2026-09-27 14:24:25] Importing docker-java.properties.trap.gz (21 of 4882)
[2026-09-27 14:24:25] Importing docker-java.properties.trap.gz (22 of 4882)
[2026-09-27 14:24:25] Importing TEST-com.mesta.asset.controlpanel.judgment.DataClassificationGuardTest.xml.trap.gz (23 of 4882)
[2026-09-27 14:24:25] Importing TEST-com.mesta.asset.controlpanel.judgment.DecisionModelConfigTest.xml.trap.gz (24 of 4882)
[2026-09-27 14:24:25] Importing TEST-com.mesta.asset.controlpanel.judgment.OpenRouterDecisionsClientTest.xml.trap.gz (25 of 4882)
[2026-09-27 14:24:25] Importing TEST-com.mesta.asset.iborcore.InstrumentFlowTest.xml.trap.gz (26 of 4882)
[2026-09-27 14:24:25] Importing TEST-com.mesta.asset.iborcore.LedgerTest.xml.trap.gz (27 of 4882)
[2026-09-27 14:24:25] Importing TEST-com.mesta.asset.iborcore.OnchainPromotionTest.xml.trap.gz (28 of 4882)
[2026-09-27 14:24:25] Importing TEST-com.mesta.asset.iborcore.ValuationTest.xml.trap.gz (29 of 4882)
[2026-09-27 14:24:25] Importing thresholds.properties.trap.gz (30 of 4882)
[2026-09-27 14:24:25] Importing thresholds.properties.trap.gz (31 of 4882)
[2026-09-27 14:24:25] Importing TEST-com.mesta.asset.lookthrough.ExposureTest.xml.trap.gz (32 of 4882)
[2026-09-27 14:24:25] Importing docker-java.properties.trap.gz (33 of 4882)
[2026-09-27 14:24:25] Importing TEST-com.mesta.asset.ontology.OntologyValidatorTest.xml.trap.gz (34 of 4882)
[2026-09-27 14:24:25] Importing TEST-com.mesta.asset.ontology.TypeDbSchemaIT.xml.trap.gz (35 of 4882)
[2026-09-27 14:24:25] Importing TEST-com.mesta.asset.ontology.TypeQlSchemaDriftTest.xml.trap.gz (36 of 4882)
[2026-09-27 14:24:25] Importing docker-java.properties.trap.gz (37 of 4882)
[2026-09-27 14:24:25] Importing TEST-com.mesta.asset.recon.OnchainReconTest.xml.trap.gz (38 of 4882)
[2026-09-27 14:24:25] Importing TEST-com.mesta.asset.recon.compliance.ComplianceTest.xml.trap.gz (39 of 4882)
[2026-09-27 14:24:25] Importing TEST-com.mesta.asset.recon.matching.ReconciliationTest.xml.trap.gz (40 of 4882)
[2026-09-27 14:24:25] Importing TEST-com.mesta.asset.workflow.TaskTest.xml.trap.gz (41 of 4882)
[2026-09-27 14:24:25] Importing TEST-com.mesta.asset.workflow.audit.AuditChainTest.xml.trap.gz (42 of 4882)
[2026-09-27 14:24:25] Importing gc.properties.trap.gz (43 of 4882)
[2026-09-27 14:24:25] Importing cache.properties.trap.gz (44 of 4882)
[2026-09-27 14:24:25] Importing gc.properties.trap.gz (45 of 4882)
[2026-09-27 14:24:25] Importing gradle-wrapper.properties.trap.gz (46 of 4882)
[2026-09-27 14:24:25] Importing gradle.properties.trap.gz (47 of 4882)
[2026-09-27 14:24:25] Importing Attribution.kt.trap.gz (48 of 4882)
[2026-09-27 14:24:25] Importing BaumWelch.kt.trap.gz (49 of 4882)
[2026-09-27 14:24:25] Importing Bridge.kt.trap.gz (50 of 4882)
[2026-09-27 14:24:25] Importing Comparables.kt.trap.gz (51 of 4882)
[2026-09-27 14:24:25] Importing Dcf.kt.trap.gz (52 of 4882)
[2026-09-27 14:24:25] Importing Factor.kt.trap.gz (53 of 4882)
[2026-09-27 14:24:25] Importing Forecast.kt.trap.gz (54 of 4882)
[2026-09-27 14:24:25] Importing Kalman.kt.trap.gz (55 of 4882)
[2026-09-27 14:24:25] Importing Lbo.kt.trap.gz (56 of 4882)
[2026-09-27 14:24:25] Importing Liquidity.kt.trap.gz (57 of 4882)
[2026-09-27 14:24:25] Importing Moic.kt.trap.gz (58 of 4882)
[2026-09-27 14:24:25] Importing Optimization.kt.trap.gz (59 of 4882)
[2026-09-27 14:24:25] Importing Pacing.kt.trap.gz (60 of 4882)
[2026-09-27 14:24:25] Importing Performance.kt.trap.gz (61 of 4882)
[2026-09-27 14:24:25] Importing Regime.kt.trap.gz (62 of 4882)
[2026-09-27 14:24:25] Importing Risk.kt.trap.gz (63 of 4882)
[2026-09-27 14:24:25] Importing JdbcModelRunStore.kt.trap.gz (64 of 4882)
[2026-09-27 14:24:25] Importing CorrelationIdFilter.kt.trap.gz (65 of 4882)
[2026-09-27 14:24:25] Importing OctoApplication.kt.trap.gz (66 of 4882)
[2026-09-27 14:24:25] Importing SecurityConfig.kt.trap.gz (67 of 4882)
[2026-09-27 14:24:25] Importing AccessConfiguration.kt.trap.gz (68 of 4882)
[2026-09-27 14:24:25] Importing MeController.kt.trap.gz (69 of 4882)
[2026-09-27 14:24:25] Importing Membership.kt.trap.gz (70 of 4882)
[2026-09-27 14:24:25] Importing TenantDirectory.kt.trap.gz (71 of 4882)
[2026-09-27 14:24:25] Importing JdbcAccessStore.kt.trap.gz (72 of 4882)
[2026-09-27 14:24:25] Importing Asset.kt.trap.gz (73 of 4882)
[2026-09-27 14:24:25] Importing AssetConfiguration.kt.trap.gz (74 of 4882)
[2026-09-27 14:24:25] Importing AssetController.kt.trap.gz (75 of 4882)
[2026-09-27 14:24:25] Importing JdbcAssetStore.kt.trap.gz (76 of 4882)
[2026-09-27 14:24:25] Importing ComplianceConfiguration.kt.trap.gz (77 of 4882)
[2026-09-27 14:24:25] Importing ComplianceController.kt.trap.gz (78 of 4882)
[2026-09-27 14:24:25] Importing ComplianceRunner.kt.trap.gz (79 of 4882)
[2026-09-27 14:24:25] Importing DataConfiguration.kt.trap.gz (80 of 4882)
[2026-09-27 14:24:25] Importing DataController.kt.trap.gz (81 of 4882)
[2026-09-27 14:24:25] Importing EvmIngestionConfiguration.kt.trap.gz (82 of 4882)
[2026-09-27 14:24:25] Importing EvmSyncRunner.kt.trap.gz (83 of 4882)
[2026-09-27 14:24:25] Importing HeliusWebhookAuthFilter.kt.trap.gz (84 of 4882)
[2026-09-27 14:24:25] Importing HeliusWebhookController.kt.trap.gz (85 of 4882)
[2026-09-27 14:24:25] Importing OnchainIngestionConfiguration.kt.trap.gz (86 of 4882)
[2026-09-27 14:24:25] Importing ProspectConfiguration.kt.trap.gz (87 of 4882)
[2026-09-27 14:24:25] Importing ProspectController.kt.trap.gz (88 of 4882)
[2026-09-27 14:24:25] Importing ReconciliationConfiguration.kt.trap.gz (89 of 4882)
[2026-09-27 14:24:25] Importing ReconciliationController.kt.trap.gz (90 of 4882)
[2026-09-27 14:24:25] Importing ReconciliationRunner.kt.trap.gz (91 of 4882)
[2026-09-27 14:24:25] Importing ReleaseController.kt.trap.gz (92 of 4882)
[2026-09-27 14:24:25] Importing ReportConfiguration.kt.trap.gz (93 of 4882)
[2026-09-27 14:24:25] Importing ReportController.kt.trap.gz (94 of 4882)
[2026-09-27 14:24:25] Importing ReportRunner.kt.trap.gz (95 of 4882)
[2026-09-27 14:24:25] Importing ReportScheduleController.kt.trap.gz (96 of 4882)
[2026-09-27 14:24:25] Importing ReportScheduleRunner.kt.trap.gz (97 of 4882)
[2026-09-27 14:24:25] Importing docker-java.properties.trap.gz (98 of 4882)
[2026-09-27 14:24:25] Importing ControlPanel.kt.trap.gz (99 of 4882)
[2026-09-27 14:24:25] Importing DataClassification.kt.trap.gz (100 of 4882)
[2026-09-27 14:24:25] Importing DecisionModelConfig.kt.trap.gz (101 of 4882)
[2026-09-27 14:24:25] Importing JdkHttpTransport.kt.trap.gz (102 of 4882)
[2026-09-27 14:24:25] Importing JudgmentAnswer.kt.trap.gz (103 of 4882)
[2026-09-27 14:24:25] Importing JudgmentClient.kt.trap.gz (104 of 4882)
[2026-09-27 14:24:25] Importing JudgmentExchange.kt.trap.gz (105 of 4882)
[2026-09-27 14:24:25] Importing JudgmentQuestion.kt.trap.gz (106 of 4882)
[2026-09-27 14:24:25] Importing OpenRouterDecisionsClient.kt.trap.gz (107 of 4882)
[2026-09-27 14:24:25] Importing Prospect.kt.trap.gz (108 of 4882)
[2026-09-27 14:24:25] Importing Screening.kt.trap.gz (109 of 4882)
[2026-09-27 14:24:25] Importing JdbcProspectStore.kt.trap.gz (110 of 4882)
[2026-09-27 14:24:25] Importing JdbcScreeningRuleStore.kt.trap.gz (111 of 4882)
[2026-09-27 14:24:25] Importing ProspectStore.kt.trap.gz (112 of 4882)
[2026-09-27 14:24:25] Importing InstrumentFlow.kt.trap.gz (113 of 4882)
[2026-09-27 14:24:25] Importing Ledger.kt.trap.gz (114 of 4882)
[2026-09-27 14:24:25] Importing OnchainPromotion.kt.trap.gz (115 of 4882)
[2026-09-27 14:24:25] Importing Valuation.kt.trap.gz (116 of 4882)
[2026-09-27 14:24:25] Importing JdbcIborReader.kt.trap.gz (117 of 4882)
[2026-09-27 14:24:25] Importing JdbcInstrumentFlowStore.kt.trap.gz (118 of 4882)
[2026-09-27 14:24:25] Importing Ingestion.kt.trap.gz (119 of 4882)
[2026-09-27 14:24:25] Importing DocumentClassificationCriteria.kt.trap.gz (120 of 4882)
[2026-09-27 14:24:25] Importing DocumentClassifier.kt.trap.gz (121 of 4882)
[2026-09-27 14:24:25] Importing DocumentType.kt.trap.gz (122 of 4882)
[2026-09-27 14:24:25] Importing ClaimSupportAssessor.kt.trap.gz (123 of 4882)
[2026-09-27 14:24:26] Importing ClaimSupportPolicy.kt.trap.gz (124 of 4882)
[2026-09-27 14:24:26] Importing HttpTransport.kt.trap.gz (125 of 4882)
[2026-09-27 14:24:26] Importing RetryPolicy.kt.trap.gz (126 of 4882)
[2026-09-27 14:24:26] Importing MarketDataSyncService.kt.trap.gz (127 of 4882)
[2026-09-27 14:24:26] Importing MarketDataTypes.kt.trap.gz (128 of 4882)
[2026-09-27 14:24:26] Importing AlphaVantageClient.kt.trap.gz (129 of 4882)
[2026-09-27 14:24:26] Importing AlphaVantageConfig.kt.trap.gz (130 of 4882)
[2026-09-27 14:24:26] Importing AlphaVantageNormalizer.kt.trap.gz (131 of 4882)
[2026-09-27 14:24:26] Importing ClaimVerifier.kt.trap.gz (132 of 4882)
[2026-09-27 14:24:26] Importing FinalityProbe.kt.trap.gz (133 of 4882)
[2026-09-27 14:24:26] Importing OnchainBalanceCollector.kt.trap.gz (134 of 4882)
[2026-09-27 14:24:26] Importing OnchainEvidenceAdapter.kt.trap.gz (135 of 4882)
[2026-09-27 14:24:26] Importing OnchainStagingStore.kt.trap.gz (136 of 4882)
[2026-09-27 14:24:26] Importing OnchainStakingCollector.kt.trap.gz (137 of 4882)
[2026-09-27 14:24:26] Importing OnchainSyncService.kt.trap.gz (138 of 4882)
[2026-09-27 14:24:26] Importing OnchainTypes.kt.trap.gz (139 of 4882)
[2026-09-27 14:24:26] Importing OnchainWebhookService.kt.trap.gz (140 of 4882)
[2026-09-27 14:24:26] Importing EvmBalanceCollector.kt.trap.gz (141 of 4882)
[2026-09-27 14:24:26] Importing EvmConfig.kt.trap.gz (142 of 4882)
[2026-09-27 14:24:26] Importing EvmDecimalsResolver.kt.trap.gz (143 of 4882)
[2026-09-27 14:24:26] Importing EvmEvidenceAdapter.kt.trap.gz (144 of 4882)
[2026-09-27 14:24:26] Importing EvmRpcApi.kt.trap.gz (145 of 4882)
[2026-09-27 14:24:26] Importing EvmRpcClient.kt.trap.gz (146 of 4882)
[2026-09-27 14:24:26] Importing EvmScanService.kt.trap.gz (147 of 4882)
[2026-09-27 14:24:26] Importing EvmTransferNormalizer.kt.trap.gz (148 of 4882)
[2026-09-27 14:24:26] Importing HeliusBalanceNormalizer.kt.trap.gz (149 of 4882)
[2026-09-27 14:24:26] Importing HeliusClient.kt.trap.gz (150 of 4882)
[2026-09-27 14:24:26] Importing HeliusConfig.kt.trap.gz (151 of 4882)
[2026-09-27 14:24:26] Importing HeliusFinalityProbe.kt.trap.gz (152 of 4882)
[2026-09-27 14:24:26] Importing HeliusRpcClient.kt.trap.gz (153 of 4882)
[2026-09-27 14:24:26] Importing HeliusStakingNormalizer.kt.trap.gz (154 of 4882)
[2026-09-27 14:24:26] Importing HeliusTransferNormalizer.kt.trap.gz (155 of 4882)
[2026-09-27 14:24:26] Importing HeliusWalletClient.kt.trap.gz (156 of 4882)
[2026-09-27 14:24:26] Importing JdbcOnchainStagingStore.kt.trap.gz (157 of 4882)
[2026-09-27 14:24:26] Importing DecisionStore.kt.trap.gz (158 of 4882)
[2026-09-27 14:24:26] Importing JdbcDecisionStore.kt.trap.gz (159 of 4882)
[2026-09-27 14:24:26] Importing JdbcTimeSeriesStore.kt.trap.gz (160 of 4882)
[2026-09-27 14:24:26] Importing TimeSeries.kt.trap.gz (161 of 4882)
[2026-09-27 14:24:26] Importing thresholds.properties.trap.gz (162 of 4882)
[2026-09-27 14:24:26] Importing Exposure.kt.trap.gz (163 of 4882)
[2026-09-27 14:24:26] Importing CypherSchema.kt.trap.gz (164 of 4882)
[2026-09-27 14:24:26] Importing OntologyValidator.kt.trap.gz (165 of 4882)
[2026-09-27 14:24:26] Importing docker-java.properties.trap.gz (166 of 4882)
[2026-09-27 14:24:26] Importing TenantScope.kt.trap.gz (167 of 4882)
[2026-09-27 14:24:26] Importing OnchainRecon.kt.trap.gz (168 of 4882)
[2026-09-27 14:24:26] Importing Recon.kt.trap.gz (169 of 4882)
[2026-09-27 14:24:26] Importing Compliance.kt.trap.gz (170 of 4882)
[2026-09-27 14:24:26] Importing JdbcComplianceStore.kt.trap.gz (171 of 4882)
[2026-09-27 14:24:26] Importing Reconciliation.kt.trap.gz (172 of 4882)
[2026-09-27 14:24:26] Importing JdbcReconciliationStore.kt.trap.gz (173 of 4882)
[2026-09-27 14:24:26] Importing Task.kt.trap.gz (174 of 4882)
[2026-09-27 14:24:26] Importing AuditChain.kt.trap.gz (175 of 4882)
[2026-09-27 14:24:26] Importing JdbcAuditLog.kt.trap.gz (176 of 4882)
[2026-09-27 14:24:26] Importing JdbcTaskStore.kt.trap.gz (177 of 4882)
[2026-09-27 14:24:26] Importing JdbcReportJobStore.kt.trap.gz (178 of 4882)
[2026-09-27 14:24:26] Importing JdbcReportScheduleStore.kt.trap.gz (179 of 4882)
[2026-09-27 14:24:26] Importing ReportJob.kt.trap.gz (180 of 4882)
[2026-09-27 14:24:26] Importing ReportSchedule.kt.trap.gz (181 of 4882)
[2026-09-27 14:24:26] Importing JacksonAnnotation.members#50.0-1752885240000-kotlin.trap.gz (182 of 4882)
[2026-09-27 14:24:26] Importing JacksonAnnotationValue.members#50.0-1752885240000-kotlin.trap.gz (183 of 4882)
[2026-09-27 14:24:26] Importing JacksonInject$Value.members#50.0-1752885240000-kotlin.trap.gz (184 of 4882)
[2026-09-27 14:24:26] Importing JacksonInject.members#50.0-1752885240000-kotlin.trap.gz (185 of 4882)
[2026-09-27 14:24:26] Importing JsonAutoDetect$Value.members#50.0-1752885240000-kotlin.trap.gz (186 of 4882)
[2026-09-27 14:24:26] Importing JsonAutoDetect$Visibility.members#50.0-1752885240000-kotlin.trap.gz (187 of 4882)
[2026-09-27 14:24:26] Importing JsonAutoDetect.members#50.0-1752885240000-kotlin.trap.gz (188 of 4882)
[2026-09-27 14:24:26] Importing JsonCreator$Mode.members#50.0-1752885240000-kotlin.trap.gz (189 of 4882)
[2026-09-27 14:24:26] Importing JsonCreator.members#50.0-1752885240000-kotlin.trap.gz (190 of 4882)
[2026-09-27 14:24:26] Importing JsonFormat$Feature.members#50.0-1752885240000-kotlin.trap.gz (191 of 4882)
[2026-09-27 14:24:26] Importing JsonFormat$Features.members#50.0-1752885240000-kotlin.trap.gz (192 of 4882)
[2026-09-27 14:24:26] Importing JsonFormat$Shape.members#50.0-1752885240000-kotlin.trap.gz (193 of 4882)
[2026-09-27 14:24:26] Importing JsonFormat$Value.members#50.0-1752885240000-kotlin.trap.gz (194 of 4882)
[2026-09-27 14:24:26] Importing JsonFormat.members#50.0-1752885240000-kotlin.trap.gz (195 of 4882)
[2026-09-27 14:24:26] Importing JsonIgnore.members#50.0-1752885240000-kotlin.trap.gz (196 of 4882)
[2026-09-27 14:24:26] Importing JsonIgnoreProperties$Value.members#50.0-1752885240000-kotlin.trap.gz (197 of 4882)
[2026-09-27 14:24:26] Importing JsonIgnoreProperties.members#50.0-1752885240000-kotlin.trap.gz (198 of 4882)
[2026-09-27 14:24:26] Importing JsonInclude$Include.members#50.0-1752885240000-kotlin.trap.gz (199 of 4882)
[2026-09-27 14:24:26] Importing JsonInclude$Value.members#50.0-1752885240000-kotlin.trap.gz (200 of 4882)
[2026-09-27 14:24:26] Importing JsonInclude.members#50.0-1752885240000-kotlin.trap.gz (201 of 4882)
[2026-09-27 14:24:26] Importing JsonIncludeProperties$Value.members#50.0-1752885240000-kotlin.trap.gz (202 of 4882)
[2026-09-27 14:24:26] Importing JsonIncludeProperties.members#50.0-1752885240000-kotlin.trap.gz (203 of 4882)
[2026-09-27 14:24:26] Importing JsonProperty$Access.members#50.0-1752885240000-kotlin.trap.gz (204 of 4882)
[2026-09-27 14:24:26] Importing JsonProperty.members#50.0-1752885240000-kotlin.trap.gz (205 of 4882)
[2026-09-27 14:24:26] Importing JsonSetter$Value.members#50.0-1752885240000-kotlin.trap.gz (206 of 4882)
[2026-09-27 14:24:26] Importing JsonSetter.members#50.0-1752885240000-kotlin.trap.gz (207 of 4882)
[2026-09-27 14:24:26] Importing JsonSubTypes$Type.members#50.0-1752885240000-kotlin.trap.gz (208 of 4882)
[2026-09-27 14:24:26] Importing JsonSubTypes.members#50.0-1752885240000-kotlin.trap.gz (209 of 4882)
[2026-09-27 14:24:26] Importing JsonTypeInfo$As.members#50.0-1752885240000-kotlin.trap.gz (210 of 4882)
[2026-09-27 14:24:26] Importing JsonTypeInfo$Id.members#50.0-1752885240000-kotlin.trap.gz (211 of 4882)
[2026-09-27 14:24:26] Importing JsonTypeInfo$Value.members#50.0-1752885240000-kotlin.trap.gz (212 of 4882)
[2026-09-27 14:24:26] Importing JsonTypeInfo.members#50.0-1752885240000-kotlin.trap.gz (213 of 4882)
[2026-09-27 14:24:26] Importing JsonValue.members#50.0-1752885240000-kotlin.trap.gz (214 of 4882)
[2026-09-27 14:24:26] Importing Nulls.members#50.0-1752885240000-kotlin.trap.gz (215 of 4882)
[2026-09-27 14:24:26] Importing ObjectIdGenerator$IdKey.members#50.0-1752885240000-kotlin.trap.gz (216 of 4882)
[2026-09-27 14:24:26] Importing ObjectIdGenerator.members#50.0-1752885240000-kotlin.trap.gz (217 of 4882)
[2026-09-27 14:24:26] Importing ObjectIdResolver.members#50.0-1752885240000-kotlin.trap.gz (218 of 4882)
[2026-09-27 14:24:26] Importing OptBoolean.members#50.0-1752885240000-kotlin.trap.gz (219 of 4882)
[2026-09-27 14:24:26] Importing PropertyAccessor.members#50.0-1752885240000-kotlin.trap.gz (220 of 4882)
[2026-09-27 14:24:26] Importing Base64Variant$PaddingReadBehaviour.members#52.0-1752860368000-kotlin.trap.gz (221 of 4882)
[2026-09-27 14:24:26] Importing Base64Variant.members#52.0-1752860368000-kotlin.trap.gz (222 of 4882)
[2026-09-27 14:24:26] Importing ErrorReportConfiguration$Builder.members#52.0-1752860368000-kotlin.trap.gz (223 of 4882)
[2026-09-27 14:24:26] Importing ErrorReportConfiguration.members#52.0-1752860368000-kotlin.trap.gz (224 of 4882)
[2026-09-27 14:24:26] Importing FormatFeature.members#52.0-1752860368000-kotlin.trap.gz (225 of 4882)
[2026-09-27 14:24:26] Importing FormatSchema.members#52.0-1752860368000-kotlin.trap.gz (226 of 4882)
[2026-09-27 14:24:26] Importing JacksonException.members#52.0-1752860368000-kotlin.trap.gz (227 of 4882)
[2026-09-27 14:24:26] Importing JsonEncoding.members#52.0-1752860368000-kotlin.trap.gz (228 of 4882)
[2026-09-27 14:24:26] Importing JsonFactory$Feature.members#52.0-1752860368000-kotlin.trap.gz (229 of 4882)
[2026-09-27 14:24:26] Importing JsonFactory.members#52.0-1752860368000-kotlin.trap.gz (230 of 4882)
[2026-09-27 14:24:26] Importing JsonFactoryBuilder.members#52.0-1752860368000-kotlin.trap.gz (231 of 4882)
[2026-09-27 14:24:26] Importing JsonGenerator$Feature.members#52.0-1752860368000-kotlin.trap.gz (232 of 4882)
[2026-09-27 14:24:26] Importing JsonGenerator.members#52.0-1752860368000-kotlin.trap.gz (233 of 4882)
[2026-09-27 14:24:26] Importing JsonLocation.members#52.0-1752860368000-kotlin.trap.gz (234 of 4882)
[2026-09-27 14:24:26] Importing JsonParseException.members#52.0-1752860368000-kotlin.trap.gz (235 of 4882)
[2026-09-27 14:24:26] Importing JsonParser$Feature.members#52.0-1752860368000-kotlin.trap.gz (236 of 4882)
[2026-09-27 14:24:26] Importing JsonParser$NumberType.members#52.0-1752860368000-kotlin.trap.gz (237 of 4882)
[2026-09-27 14:24:26] Importing JsonParser$NumberTypeFP.members#52.0-1752860368000-kotlin.trap.gz (238 of 4882)
[2026-09-27 14:24:26] Importing JsonParser.members#52.0-1752860368000-kotlin.trap.gz (239 of 4882)
[2026-09-27 14:24:26] Importing JsonPointer$Serialization.members#52.0-1752860368000-kotlin.trap.gz (240 of 4882)
[2026-09-27 14:24:26] Importing JsonPointer.members#52.0-1752860368000-kotlin.trap.gz (241 of 4882)
[2026-09-27 14:24:26] Importing JsonProcessingException.members#52.0-1752860368000-kotlin.trap.gz (242 of 4882)
[2026-09-27 14:24:26] Importing JsonStreamContext.members#52.0-1752860368000-kotlin.trap.gz (243 of 4882)
[2026-09-27 14:24:26] Importing JsonToken.members#52.0-1752860368000-kotlin.trap.gz (244 of 4882)
[2026-09-27 14:24:26] Importing ObjectCodec.members#52.0-1752860368000-kotlin.trap.gz (245 of 4882)
[2026-09-27 14:24:26] Importing PrettyPrinter.members#52.0-1752860368000-kotlin.trap.gz (246 of 4882)
[2026-09-27 14:24:26] Importing SerializableString.members#52.0-1752860368000-kotlin.trap.gz (247 of 4882)
[2026-09-27 14:24:26] Importing StreamReadCapability.members#52.0-1752860368000-kotlin.trap.gz (248 of 4882)
[2026-09-27 14:24:26] Importing StreamReadConstraints$Builder.members#52.0-1752860368000-kotlin.trap.gz (249 of 4882)
[2026-09-27 14:24:26] Importing StreamReadConstraints.members#52.0-1752860368000-kotlin.trap.gz (250 of 4882)
[2026-09-27 14:24:26] Importing StreamReadFeature.members#52.0-1752860368000-kotlin.trap.gz (251 of 4882)
[2026-09-27 14:24:26] Importing StreamWriteCapability.members#52.0-1752860368000-kotlin.trap.gz (252 of 4882)
[2026-09-27 14:24:26] Importing StreamWriteConstraints$Builder.members#52.0-1752860368000-kotlin.trap.gz (253 of 4882)
[2026-09-27 14:24:26] Importing StreamWriteConstraints.members#52.0-1752860368000-kotlin.trap.gz (254 of 4882)
[2026-09-27 14:24:26] Importing StreamWriteFeature.members#52.0-1752860368000-kotlin.trap.gz (255 of 4882)
[2026-09-27 14:24:26] Importing TSFBuilder.members#52.0-1752860368000-kotlin.trap.gz (256 of 4882)
[2026-09-27 14:24:26] Importing TokenStreamFactory.members#52.0-1752860368000-kotlin.trap.gz (257 of 4882)
[2026-09-27 14:24:26] Importing TreeCodec.members#52.0-1752860368000-kotlin.trap.gz (258 of 4882)
[2026-09-27 14:24:26] Importing TreeNode.members#52.0-1752860368000-kotlin.trap.gz (259 of 4882)
[2026-09-27 14:24:26] Importing Version.members#52.0-1752860368000-kotlin.trap.gz (260 of 4882)
[2026-09-27 14:24:26] Importing Versioned.members#52.0-1752860368000-kotlin.trap.gz (261 of 4882)
[2026-09-27 14:24:26] Importing NonBlockingInputFeeder.members#52.0-1752860368000-kotlin.trap.gz (262 of 4882)
[2026-09-27 14:24:26] Importing ParserMinimalBase.members#52.0-1752860368000-kotlin.trap.gz (263 of 4882)
[2026-09-27 14:24:26] Importing StreamConstraintsException.members#52.0-1752860368000-kotlin.trap.gz (264 of 4882)
[2026-09-27 14:24:26] Importing StreamReadException.members#52.0-1752860368000-kotlin.trap.gz (265 of 4882)
[2026-09-27 14:24:26] Importing StreamWriteException.members#52.0-1752860368000-kotlin.trap.gz (266 of 4882)
[2026-09-27 14:24:26] Importing TokenFilter$Inclusion.members#52.0-1752860368000-kotlin.trap.gz (267 of 4882)
[2026-09-27 14:24:26] Importing TokenFilter.members#52.0-1752860368000-kotlin.trap.gz (268 of 4882)
[2026-09-27 14:24:26] Importing DataFormatMatcher.members#52.0-1752860368000-kotlin.trap.gz (269 of 4882)
[2026-09-27 14:24:26] Importing InputAccessor$Std.members#52.0-1752860368000-kotlin.trap.gz (270 of 4882)
[2026-09-27 14:24:26] Importing InputAccessor.members#52.0-1752860368000-kotlin.trap.gz (271 of 4882)
[2026-09-27 14:24:26] Importing MatchStrength.members#52.0-1752860368000-kotlin.trap.gz (272 of 4882)
[2026-09-27 14:24:26] Importing CharacterEscapes.members#52.0-1752860368000-kotlin.trap.gz (273 of 4882)
[2026-09-27 14:24:26] Importing ContentReference.members#52.0-1752860368000-kotlin.trap.gz (274 of 4882)
[2026-09-27 14:24:26] Importing IOContext.members#52.0-1752860368000-kotlin.trap.gz (275 of 4882)
[2026-09-27 14:24:26] Importing InputDecorator.members#52.0-1752860368000-kotlin.trap.gz (276 of 4882)
[2026-09-27 14:24:26] Importing OutputDecorator.members#52.0-1752860368000-kotlin.trap.gz (277 of 4882)
[2026-09-27 14:24:26] Importing SerializedString.members#52.0-1752860368000-kotlin.trap.gz (278 of 4882)
[2026-09-27 14:24:26] Importing DupDetector.members#52.0-1752860368000-kotlin.trap.gz (279 of 4882)
[2026-09-27 14:24:26] Importing JsonReadFeature.members#52.0-1752860368000-kotlin.trap.gz (280 of 4882)
[2026-09-27 14:24:26] Importing JsonWriteContext.members#52.0-1752860368000-kotlin.trap.gz (281 of 4882)
[2026-09-27 14:24:26] Importing JsonWriteFeature.members#52.0-1752860368000-kotlin.trap.gz (282 of 4882)
[2026-09-27 14:24:26] Importing ByteQuadsCanonicalizer$TableInfo.members#52.0-1752860368000-kotlin.trap.gz (283 of 4882)
[2026-09-27 14:24:26] Importing ByteQuadsCanonicalizer.members#52.0-1752860368000-kotlin.trap.gz (284 of 4882)
[2026-09-27 14:24:26] Importing CharsToNameCanonicalizer$Bucket.members#52.0-1752860368000-kotlin.trap.gz (285 of 4882)
[2026-09-27 14:24:26] Importing CharsToNameCanonicalizer$TableInfo.members#52.0-1752860368000-kotlin.trap.gz (286 of 4882)
[2026-09-27 14:24:26] Importing CharsToNameCanonicalizer.members#52.0-1752860368000-kotlin.trap.gz (287 of 4882)
[2026-09-27 14:24:26] Importing ResolvedType.members#52.0-1752860368000-kotlin.trap.gz (288 of 4882)
[2026-09-27 14:24:26] Importing TypeReference.members#52.0-1752860368000-kotlin.trap.gz (289 of 4882)
[2026-09-27 14:24:26] Importing WritableTypeId$Inclusion.members#52.0-1752860368000-kotlin.trap.gz (290 of 4882)
[2026-09-27 14:24:26] Importing WritableTypeId.members#52.0-1752860368000-kotlin.trap.gz (291 of 4882)
[2026-09-27 14:24:26] Importing BufferRecycler$Gettable.members#52.0-1752860368000-kotlin.trap.gz (292 of 4882)
[2026-09-27 14:24:26] Importing BufferRecycler.members#52.0-1752860368000-kotlin.trap.gz (293 of 4882)
[2026-09-27 14:24:26] Importing ByteArrayBuilder.members#52.0-1752860368000-kotlin.trap.gz (294 of 4882)
[2026-09-27 14:24:26] Importing InternCache.members#52.0-1752860368000-kotlin.trap.gz (295 of 4882)
[2026-09-27 14:24:26] Importing JacksonFeature.members#52.0-1752860368000-kotlin.trap.gz (296 of 4882)
[2026-09-27 14:24:26] Importing JacksonFeatureSet.members#52.0-1752860368000-kotlin.trap.gz (297 of 4882)
[2026-09-27 14:24:26] Importing JsonGeneratorDecorator.members#52.0-1752860368000-kotlin.trap.gz (298 of 4882)
[2026-09-27 14:24:26] Importing RecyclerPool$BoundedPoolBase.members#52.0-1752860368000-kotlin.trap.gz (299 of 4882)
[2026-09-27 14:24:26] Importing RecyclerPool$ConcurrentDequePoolBase.members#52.0-1752860368000-kotlin.trap.gz (300 of 4882)
[2026-09-27 14:24:26] Importing RecyclerPool$LockFreePoolBase$Node.members#52.0-1752860368000-kotlin.trap.gz (301 of 4882)
[2026-09-27 14:24:26] Importing RecyclerPool$LockFreePoolBase.members#52.0-1752860368000-kotlin.trap.gz (302 of 4882)
[2026-09-27 14:24:26] Importing RecyclerPool$NonRecyclingPoolBase.members#52.0-1752860368000-kotlin.trap.gz (303 of 4882)
[2026-09-27 14:24:26] Importing RecyclerPool$StatefulImplBase.members#52.0-1752860368000-kotlin.trap.gz (304 of 4882)
[2026-09-27 14:24:26] Importing RecyclerPool$ThreadLocalPoolBase.members#52.0-1752860368000-kotlin.trap.gz (305 of 4882)
[2026-09-27 14:24:26] Importing RecyclerPool$WithPool.members#52.0-1752860368000-kotlin.trap.gz (306 of 4882)
[2026-09-27 14:24:26] Importing RecyclerPool.members#52.0-1752860368000-kotlin.trap.gz (307 of 4882)
[2026-09-27 14:24:26] Importing RequestPayload.members#52.0-1752860368000-kotlin.trap.gz (308 of 4882)
[2026-09-27 14:24:26] Importing Separators$Spacing.members#52.0-1752860368000-kotlin.trap.gz (309 of 4882)
[2026-09-27 14:24:26] Importing Separators.members#52.0-1752860368000-kotlin.trap.gz (310 of 4882)
[2026-09-27 14:24:26] Importing TextBuffer.members#52.0-1752860368000-kotlin.trap.gz (311 of 4882)
[2026-09-27 14:24:26] Importing AbstractTypeResolver.members#52.0-1752886142000-kotlin.trap.gz (312 of 4882)
[2026-09-27 14:24:26] Importing AnnotationIntrospector$ReferenceProperty$Type.members#52.0-1752886142000-kotlin.trap.gz (313 of 4882)
[2026-09-27 14:24:26] Importing AnnotationIntrospector$ReferenceProperty.members#52.0-1752886142000-kotlin.trap.gz (314 of 4882)
[2026-09-27 14:24:26] Importing AnnotationIntrospector$XmlExtensions.members#52.0-1752886142000-kotlin.trap.gz (315 of 4882)
[2026-09-27 14:24:26] Importing AnnotationIntrospector.members#52.0-1752886142000-kotlin.trap.gz (316 of 4882)
[2026-09-27 14:24:26] Importing BeanDescription.members#52.0-1752886142000-kotlin.trap.gz (317 of 4882)
[2026-09-27 14:24:26] Importing BeanProperty$Bogus.members#52.0-1752886142000-kotlin.trap.gz (318 of 4882)
[2026-09-27 14:24:26] Importing BeanProperty$Std.members#52.0-1752886142000-kotlin.trap.gz (319 of 4882)
[2026-09-27 14:24:26] Importing BeanProperty.members#52.0-1752886142000-kotlin.trap.gz (320 of 4882)
[2026-09-27 14:24:26] Importing DatabindContext.members#52.0-1752886142000-kotlin.trap.gz (321 of 4882)
[2026-09-27 14:24:26] Importing DatabindException.members#52.0-1752886142000-kotlin.trap.gz (322 of 4882)
[2026-09-27 14:24:26] Importing DeserializationConfig.members#52.0-1752886142000-kotlin.trap.gz (323 of 4882)
[2026-09-27 14:24:26] Importing DeserializationContext.members#52.0-1752886142000-kotlin.trap.gz (324 of 4882)
[2026-09-27 14:24:26] Importing DeserializationFeature.members#52.0-1752886142000-kotlin.trap.gz (325 of 4882)
[2026-09-27 14:24:26] Importing EnumNamingStrategy.members#52.0-1752886142000-kotlin.trap.gz (326 of 4882)
[2026-09-27 14:24:26] Importing InjectableValues$Std.members#52.0-1752886142000-kotlin.trap.gz (327 of 4882)
[2026-09-27 14:24:26] Importing InjectableValues.members#52.0-1752886142000-kotlin.trap.gz (328 of 4882)
[2026-09-27 14:24:26] Importing JavaType.members#52.0-1752886142000-kotlin.trap.gz (329 of 4882)
[2026-09-27 14:24:26] Importing JsonDeserializer$None.members#52.0-1752886142000-kotlin.trap.gz (330 of 4882)
[2026-09-27 14:24:26] Importing JsonDeserializer.members#52.0-1752886142000-kotlin.trap.gz (331 of 4882)
[2026-09-27 14:24:26] Importing JsonMappingException$Reference.members#52.0-1752886142000-kotlin.trap.gz (332 of 4882)
[2026-09-27 14:24:26] Importing JsonMappingException.members#52.0-1752886142000-kotlin.trap.gz (333 of 4882)
[2026-09-27 14:24:26] Importing JsonNode$OverwriteMode.members#52.0-1752886142000-kotlin.trap.gz (334 of 4882)
[2026-09-27 14:24:26] Importing JsonNode.members#52.0-1752886142000-kotlin.trap.gz (335 of 4882)
[2026-09-27 14:24:26] Importing JsonSerializable$Base.members#52.0-1752886142000-kotlin.trap.gz (336 of 4882)
[2026-09-27 14:24:26] Importing JsonSerializable.members#52.0-1752886142000-kotlin.trap.gz (337 of 4882)
[2026-09-27 14:24:26] Importing JsonSerializer$None.members#52.0-1752886142000-kotlin.trap.gz (338 of 4882)
[2026-09-27 14:24:26] Importing JsonSerializer.members#52.0-1752886142000-kotlin.trap.gz (339 of 4882)
[2026-09-27 14:24:26] Importing KeyDeserializer$None.members#52.0-1752886142000-kotlin.trap.gz (340 of 4882)
[2026-09-27 14:24:26] Importing KeyDeserializer.members#52.0-1752886142000-kotlin.trap.gz (341 of 4882)
[2026-09-27 14:24:26] Importing MapperFeature.members#52.0-1752886142000-kotlin.trap.gz (342 of 4882)
[2026-09-27 14:24:26] Importing MappingIterator.members#52.0-1752886142000-kotlin.trap.gz (343 of 4882)
[2026-09-27 14:24:26] Importing Module$SetupContext.members#52.0-1752886142000-kotlin.trap.gz (344 of 4882)
[2026-09-27 14:24:26] Importing Module.members#52.0-1752886142000-kotlin.trap.gz (345 of 4882)
[2026-09-27 14:24:26] Importing ObjectMapper$DefaultTypeResolverBuilder.members#52.0-1752886142000-kotlin.trap.gz (346 of 4882)
[2026-09-27 14:24:26] Importing ObjectMapper$DefaultTyping.members#52.0-1752886142000-kotlin.trap.gz (347 of 4882)
[2026-09-27 14:24:26] Importing ObjectMapper.members#52.0-1752886142000-kotlin.trap.gz (348 of 4882)
[2026-09-27 14:24:26] Importing ObjectReader.members#52.0-1752886142000-kotlin.trap.gz (349 of 4882)
[2026-09-27 14:24:26] Importing ObjectWriter$GeneratorSettings.members#52.0-1752886142000-kotlin.trap.gz (350 of 4882)
[2026-09-27 14:24:26] Importing ObjectWriter$Prefetch.members#52.0-1752886142000-kotlin.trap.gz (351 of 4882)
[2026-09-27 14:24:26] Importing ObjectWriter.members#52.0-1752886142000-kotlin.trap.gz (352 of 4882)
[2026-09-27 14:24:26] Importing PropertyMetadata$MergeInfo.members#52.0-1752886142000-kotlin.trap.gz (353 of 4882)
[2026-09-27 14:24:26] Importing PropertyMetadata.members#52.0-1752886142000-kotlin.trap.gz (354 of 4882)
[2026-09-27 14:24:26] Importing PropertyName.members#52.0-1752886142000-kotlin.trap.gz (355 of 4882)
[2026-09-27 14:24:26] Importing PropertyNamingStrategy$KebabCaseStrategy.members#52.0-1752886142000-kotlin.trap.gz (356 of 4882)
[2026-09-27 14:24:26] Importing PropertyNamingStrategy$LowerCaseStrategy.members#52.0-1752886142000-kotlin.trap.gz (357 of 4882)
[2026-09-27 14:24:26] Importing PropertyNamingStrategy$LowerDotCaseStrategy.members#52.0-1752886142000-kotlin.trap.gz (358 of 4882)
[2026-09-27 14:24:26] Importing PropertyNamingStrategy$PropertyNamingStrategyBase.members#52.0-1752886142000-kotlin.trap.gz (359 of 4882)
[2026-09-27 14:24:26] Importing PropertyNamingStrategy$SnakeCaseStrategy.members#52.0-1752886142000-kotlin.trap.gz (360 of 4882)
[2026-09-27 14:24:26] Importing PropertyNamingStrategy$UpperCamelCaseStrategy.members#52.0-1752886142000-kotlin.trap.gz (361 of 4882)
[2026-09-27 14:24:26] Importing PropertyNamingStrategy.members#52.0-1752886142000-kotlin.trap.gz (362 of 4882)
[2026-09-27 14:24:26] Importing SequenceWriter.members#52.0-1752886142000-kotlin.trap.gz (363 of 4882)
[2026-09-27 14:24:26] Importing SerializationConfig.members#52.0-1752886142000-kotlin.trap.gz (364 of 4882)
[2026-09-27 14:24:26] Importing SerializationFeature.members#52.0-1752886142000-kotlin.trap.gz (365 of 4882)
[2026-09-27 14:24:26] Importing SerializerProvider.members#52.0-1752886142000-kotlin.trap.gz (366 of 4882)
[2026-09-27 14:24:26] Importing JacksonStdImpl.members#52.0-1752886142000-kotlin.trap.gz (367 of 4882)
[2026-09-27 14:24:26] Importing JsonPOJOBuilder$Value.members#52.0-1752886142000-kotlin.trap.gz (368 of 4882)
[2026-09-27 14:24:26] Importing JsonPOJOBuilder.members#52.0-1752886142000-kotlin.trap.gz (369 of 4882)
[2026-09-27 14:24:26] Importing JsonSerialize$Inclusion.members#52.0-1752886142000-kotlin.trap.gz (370 of 4882)
[2026-09-27 14:24:26] Importing JsonSerialize$Typing.members#52.0-1752886142000-kotlin.trap.gz (371 of 4882)
[2026-09-27 14:24:26] Importing JsonSerialize.members#52.0-1752886142000-kotlin.trap.gz (372 of 4882)
[2026-09-27 14:24:26] Importing BaseSettings.members#52.0-1752886142000-kotlin.trap.gz (373 of 4882)
[2026-09-27 14:24:26] Importing CacheProvider.members#52.0-1752886142000-kotlin.trap.gz (374 of 4882)
[2026-09-27 14:24:26] Importing CoercionAction.members#52.0-1752886142000-kotlin.trap.gz (375 of 4882)
[2026-09-27 14:24:26] Importing CoercionConfig.members#52.0-1752886142000-kotlin.trap.gz (376 of 4882)
[2026-09-27 14:24:26] Importing CoercionConfigs.members#52.0-1752886142000-kotlin.trap.gz (377 of 4882)
[2026-09-27 14:24:26] Importing CoercionInputShape.members#52.0-1752886142000-kotlin.trap.gz (378 of 4882)
[2026-09-27 14:24:26] Importing ConfigFeature.members#52.0-1752886142000-kotlin.trap.gz (379 of 4882)
[2026-09-27 14:24:26] Importing ConfigOverride$Empty.members#52.0-1752886142000-kotlin.trap.gz (380 of 4882)
[2026-09-27 14:24:26] Importing ConfigOverride.members#52.0-1752886142000-kotlin.trap.gz (381 of 4882)
[2026-09-27 14:24:26] Importing ConfigOverrides.members#52.0-1752886142000-kotlin.trap.gz (382 of 4882)
[2026-09-27 14:24:26] Importing ConstructorDetector$SingleArgConstructor.members#52.0-1752886142000-kotlin.trap.gz (383 of 4882)
[2026-09-27 14:24:26] Importing ConstructorDetector.members#52.0-1752886142000-kotlin.trap.gz (384 of 4882)
[2026-09-27 14:24:26] Importing ContextAttributes$Impl.members#52.0-1752886142000-kotlin.trap.gz (385 of 4882)
[2026-09-27 14:24:26] Importing ContextAttributes.members#52.0-1752886142000-kotlin.trap.gz (386 of 4882)
[2026-09-27 14:24:26] Importing DatatypeFeature.members#52.0-1752886142000-kotlin.trap.gz (387 of 4882)
[2026-09-27 14:24:26] Importing DatatypeFeatures.members#52.0-1752886142000-kotlin.trap.gz (388 of 4882)
[2026-09-27 14:24:26] Importing HandlerInstantiator.members#52.0-1752886142000-kotlin.trap.gz (389 of 4882)
[2026-09-27 14:24:26] Importing MapperBuilder.members#52.0-1752886142000-kotlin.trap.gz (390 of 4882)
[2026-09-27 14:24:26] Importing MapperConfig.members#52.0-1752886142000-kotlin.trap.gz (391 of 4882)
[2026-09-27 14:24:26] Importing MapperConfigBase.members#52.0-1752886142000-kotlin.trap.gz (392 of 4882)
[2026-09-27 14:24:26] Importing MutableCoercionConfig.members#52.0-1752886142000-kotlin.trap.gz (393 of 4882)
[2026-09-27 14:24:26] Importing MutableConfigOverride.members#52.0-1752886142000-kotlin.trap.gz (394 of 4882)
[2026-09-27 14:24:26] Importing AbstractDeserializer.members#52.0-1752886142000-kotlin.trap.gz (395 of 4882)
[2026-09-27 14:24:26] Importing BeanDeserializerBuilder.members#52.0-1752886142000-kotlin.trap.gz (396 of 4882)
[2026-09-27 14:24:26] Importing BeanDeserializerModifier.members#52.0-1752886142000-kotlin.trap.gz (397 of 4882)
[2026-09-27 14:24:26] Importing ContextualDeserializer.members#52.0-1752886142000-kotlin.trap.gz (398 of 4882)
[2026-09-27 14:24:26] Importing DataFormatReaders$AccessorForReader.members#52.0-1752886142000-kotlin.trap.gz (399 of 4882)
[2026-09-27 14:24:26] Importing DataFormatReaders$Match.members#52.0-1752886142000-kotlin.trap.gz (400 of 4882)
[2026-09-27 14:24:26] Importing DataFormatReaders.members#52.0-1752886142000-kotlin.trap.gz (401 of 4882)
[2026-09-27 14:24:26] Importing DefaultDeserializationContext$Impl.members#52.0-1752886142000-kotlin.trap.gz (402 of 4882)
[2026-09-27 14:24:26] Importing DefaultDeserializationContext.members#52.0-1752886142000-kotlin.trap.gz (403 of 4882)
[2026-09-27 14:24:26] Importing DeserializationProblemHandler.members#52.0-1752886142000-kotlin.trap.gz (404 of 4882)
[2026-09-27 14:24:26] Importing DeserializerCache.members#52.0-1752886142000-kotlin.trap.gz (405 of 4882)
[2026-09-27 14:24:26] Importing DeserializerFactory.members#52.0-1752886142000-kotlin.trap.gz (406 of 4882)
[2026-09-27 14:24:26] Importing Deserializers$Base.members#52.0-1752886142000-kotlin.trap.gz (407 of 4882)
[2026-09-27 14:24:26] Importing Deserializers.members#52.0-1752886142000-kotlin.trap.gz (408 of 4882)
[2026-09-27 14:24:26] Importing KeyDeserializers.members#52.0-1752886142000-kotlin.trap.gz (409 of 4882)
[2026-09-27 14:24:26] Importing NullValueProvider.members#52.0-1752886142000-kotlin.trap.gz (410 of 4882)
[2026-09-27 14:24:26] Importing SettableAnyProperty$JsonNodeFieldAnyProperty.members#52.0-1752886142000-kotlin.trap.gz (411 of 4882)
[2026-09-27 14:24:26] Importing SettableAnyProperty$JsonNodeParameterAnyProperty.members#52.0-1752886142000-kotlin.trap.gz (412 of 4882)
[2026-09-27 14:24:26] Importing SettableAnyProperty$MapFieldAnyProperty.members#52.0-1752886142000-kotlin.trap.gz (413 of 4882)
[2026-09-27 14:24:26] Importing SettableAnyProperty$MapParameterAnyProperty.members#52.0-1752886142000-kotlin.trap.gz (414 of 4882)
[2026-09-27 14:24:26] Importing SettableAnyProperty$MethodAnyProperty.members#52.0-1752886142000-kotlin.trap.gz (415 of 4882)
[2026-09-27 14:24:26] Importing SettableAnyProperty.members#52.0-1752886142000-kotlin.trap.gz (416 of 4882)
[2026-09-27 14:24:26] Importing SettableBeanProperty$Delegating.members#52.0-1752886142000-kotlin.trap.gz (417 of 4882)
[2026-09-27 14:24:26] Importing SettableBeanProperty.members#52.0-1752886142000-kotlin.trap.gz (418 of 4882)
[2026-09-27 14:24:26] Importing UnresolvedForwardReference.members#52.0-1752886142000-kotlin.trap.gz (419 of 4882)
[2026-09-27 14:24:26] Importing UnresolvedId.members#52.0-1752886142000-kotlin.trap.gz (420 of 4882)
[2026-09-27 14:24:26] Importing ValueInstantiator$Base.members#52.0-1752886142000-kotlin.trap.gz (421 of 4882)
[2026-09-27 14:24:26] Importing ValueInstantiator$Delegating.members#52.0-1752886142000-kotlin.trap.gz (422 of 4882)
[2026-09-27 14:24:26] Importing ValueInstantiator$Gettable.members#52.0-1752886142000-kotlin.trap.gz (423 of 4882)
[2026-09-27 14:24:26] Importing ValueInstantiator.members#52.0-1752886142000-kotlin.trap.gz (424 of 4882)
[2026-09-27 14:24:26] Importing ValueInstantiators$Base.members#52.0-1752886142000-kotlin.trap.gz (425 of 4882)
[2026-09-27 14:24:26] Importing ValueInstantiators.members#52.0-1752886142000-kotlin.trap.gz (426 of 4882)
[2026-09-27 14:24:26] Importing BeanPropertyMap.members#52.0-1752886142000-kotlin.trap.gz (427 of 4882)
[2026-09-27 14:24:26] Importing ObjectIdReader.members#52.0-1752886142000-kotlin.trap.gz (428 of 4882)
[2026-09-27 14:24:26] Importing PropertyValue$Any.members#52.0-1752886142000-kotlin.trap.gz (429 of 4882)
[2026-09-27 14:24:26] Importing PropertyValue$AnyParameter.members#52.0-1752886142000-kotlin.trap.gz (430 of 4882)
[2026-09-27 14:24:26] Importing PropertyValue$Map.members#52.0-1752886142000-kotlin.trap.gz (431 of 4882)
[2026-09-27 14:24:26] Importing PropertyValue$Regular.members#52.0-1752886142000-kotlin.trap.gz (432 of 4882)
[2026-09-27 14:24:26] Importing PropertyValue.members#52.0-1752886142000-kotlin.trap.gz (433 of 4882)
[2026-09-27 14:24:26] Importing PropertyValueBuffer.members#52.0-1752886142000-kotlin.trap.gz (434 of 4882)
[2026-09-27 14:24:26] Importing ReadableObjectId$Referring.members#52.0-1752886142000-kotlin.trap.gz (435 of 4882)
[2026-09-27 14:24:26] Importing ReadableObjectId.members#52.0-1752886142000-kotlin.trap.gz (436 of 4882)
[2026-09-27 14:24:26] Importing ValueInjector.members#52.0-1752886142000-kotlin.trap.gz (437 of 4882)
[2026-09-27 14:24:26] Importing AccessorNamingStrategy$Base.members#52.0-1752886142000-kotlin.trap.gz (438 of 4882)
[2026-09-27 14:24:26] Importing AccessorNamingStrategy$Provider.members#52.0-1752886142000-kotlin.trap.gz (439 of 4882)
[2026-09-27 14:24:26] Importing AccessorNamingStrategy.members#52.0-1752886142000-kotlin.trap.gz (440 of 4882)
[2026-09-27 14:24:26] Importing Annotated.members#52.0-1752886142000-kotlin.trap.gz (441 of 4882)
[2026-09-27 14:24:26] Importing AnnotatedAndMetadata.members#52.0-1752886142000-kotlin.trap.gz (442 of 4882)
[2026-09-27 14:24:26] Importing AnnotatedClass$Creators.members#52.0-1752886142000-kotlin.trap.gz (443 of 4882)
[2026-09-27 14:24:26] Importing AnnotatedClass.members#52.0-1752886142000-kotlin.trap.gz (444 of 4882)
[2026-09-27 14:24:26] Importing AnnotatedConstructor$Serialization.members#52.0-1752886142000-kotlin.trap.gz (445 of 4882)
[2026-09-27 14:24:26] Importing AnnotatedConstructor.members#52.0-1752886142000-kotlin.trap.gz (446 of 4882)
[2026-09-27 14:24:26] Importing AnnotatedField$Serialization.members#52.0-1752886142000-kotlin.trap.gz (447 of 4882)
[2026-09-27 14:24:26] Importing AnnotatedField.members#52.0-1752886142000-kotlin.trap.gz (448 of 4882)
[2026-09-27 14:24:26] Importing AnnotatedMember.members#52.0-1752886142000-kotlin.trap.gz (449 of 4882)
[2026-09-27 14:24:26] Importing AnnotatedMethod$Serialization.members#52.0-1752886142000-kotlin.trap.gz (450 of 4882)
[2026-09-27 14:24:26] Importing AnnotatedMethod.members#52.0-1752886142000-kotlin.trap.gz (451 of 4882)
[2026-09-27 14:24:26] Importing AnnotatedMethodMap.members#52.0-1752886142000-kotlin.trap.gz (452 of 4882)
[2026-09-27 14:24:26] Importing AnnotatedParameter.members#52.0-1752886142000-kotlin.trap.gz (453 of 4882)
[2026-09-27 14:24:26] Importing AnnotatedWithParams.members#52.0-1752886142000-kotlin.trap.gz (454 of 4882)
[2026-09-27 14:24:26] Importing AnnotationMap.members#52.0-1752886142000-kotlin.trap.gz (455 of 4882)
[2026-09-27 14:24:26] Importing BeanPropertyDefinition.members#52.0-1752886142000-kotlin.trap.gz (456 of 4882)
[2026-09-27 14:24:26] Importing ClassIntrospector$MixInResolver.members#52.0-1752886142000-kotlin.trap.gz (457 of 4882)
[2026-09-27 14:24:26] Importing ClassIntrospector.members#52.0-1752886142000-kotlin.trap.gz (458 of 4882)
[2026-09-27 14:24:26] Importing ConcreteBeanPropertyBase.members#52.0-1752886142000-kotlin.trap.gz (459 of 4882)
[2026-09-27 14:24:26] Importing MemberKey.members#52.0-1752886142000-kotlin.trap.gz (460 of 4882)
[2026-09-27 14:24:26] Importing ObjectIdInfo.members#52.0-1752886142000-kotlin.trap.gz (461 of 4882)
[2026-09-27 14:24:26] Importing PotentialCreator.members#52.0-1752886142000-kotlin.trap.gz (462 of 4882)
[2026-09-27 14:24:26] Importing PotentialCreators.members#52.0-1752886142000-kotlin.trap.gz (463 of 4882)
[2026-09-27 14:24:26] Importing SimpleMixInResolver.members#52.0-1752886142000-kotlin.trap.gz (464 of 4882)
[2026-09-27 14:24:26] Importing TypeResolutionContext$Basic.members#52.0-1752886142000-kotlin.trap.gz (465 of 4882)
[2026-09-27 14:24:26] Importing TypeResolutionContext$Empty.members#52.0-1752886142000-kotlin.trap.gz (466 of 4882)
[2026-09-27 14:24:26] Importing TypeResolutionContext.members#52.0-1752886142000-kotlin.trap.gz (467 of 4882)
[2026-09-27 14:24:26] Importing VisibilityChecker$Std.members#52.0-1752886142000-kotlin.trap.gz (468 of 4882)
[2026-09-27 14:24:26] Importing VisibilityChecker.members#52.0-1752886142000-kotlin.trap.gz (469 of 4882)
[2026-09-27 14:24:26] Importing JsonMapper$Builder.members#52.0-1752886142000-kotlin.trap.gz (470 of 4882)
[2026-09-27 14:24:26] Importing JsonMapper.members#52.0-1752886142000-kotlin.trap.gz (471 of 4882)
[2026-09-27 14:24:26] Importing JsonAnyFormatVisitor$Base.members#52.0-1752886142000-kotlin.trap.gz (472 of 4882)
[2026-09-27 14:24:26] Importing JsonAnyFormatVisitor.members#52.0-1752886142000-kotlin.trap.gz (473 of 4882)
[2026-09-27 14:24:26] Importing JsonArrayFormatVisitor$Base.members#52.0-1752886142000-kotlin.trap.gz (474 of 4882)
[2026-09-27 14:24:26] Importing JsonArrayFormatVisitor.members#52.0-1752886142000-kotlin.trap.gz (475 of 4882)
[2026-09-27 14:24:26] Importing JsonBooleanFormatVisitor$Base.members#52.0-1752886142000-kotlin.trap.gz (476 of 4882)
[2026-09-27 14:24:26] Importing JsonBooleanFormatVisitor.members#52.0-1752886142000-kotlin.trap.gz (477 of 4882)
[2026-09-27 14:24:26] Importing JsonFormatTypes.members#52.0-1752886142000-kotlin.trap.gz (478 of 4882)
[2026-09-27 14:24:26] Importing JsonFormatVisitable.members#52.0-1752886142000-kotlin.trap.gz (479 of 4882)
[2026-09-27 14:24:26] Importing JsonFormatVisitorWithSerializerProvider.members#52.0-1752886142000-kotlin.trap.gz (480 of 4882)
[2026-09-27 14:24:26] Importing JsonFormatVisitorWrapper$Base.members#52.0-1752886142000-kotlin.trap.gz (481 of 4882)
[2026-09-27 14:24:26] Importing JsonFormatVisitorWrapper.members#52.0-1752886142000-kotlin.trap.gz (482 of 4882)
[2026-09-27 14:24:26] Importing JsonIntegerFormatVisitor$Base.members#52.0-1752886142000-kotlin.trap.gz (483 of 4882)
[2026-09-27 14:24:26] Importing JsonIntegerFormatVisitor.members#52.0-1752886142000-kotlin.trap.gz (484 of 4882)
[2026-09-27 14:24:26] Importing JsonMapFormatVisitor$Base.members#52.0-1752886142000-kotlin.trap.gz (485 of 4882)
[2026-09-27 14:24:26] Importing JsonMapFormatVisitor.members#52.0-1752886142000-kotlin.trap.gz (486 of 4882)
[2026-09-27 14:24:26] Importing JsonNullFormatVisitor$Base.members#52.0-1752886142000-kotlin.trap.gz (487 of 4882)
[2026-09-27 14:24:26] Importing JsonNullFormatVisitor.members#52.0-1752886142000-kotlin.trap.gz (488 of 4882)
[2026-09-27 14:24:26] Importing JsonNumberFormatVisitor$Base.members#52.0-1752886142000-kotlin.trap.gz (489 of 4882)
[2026-09-27 14:24:26] Importing JsonNumberFormatVisitor.members#52.0-1752886142000-kotlin.trap.gz (490 of 4882)
[2026-09-27 14:24:26] Importing JsonObjectFormatVisitor$Base.members#52.0-1752886142000-kotlin.trap.gz (491 of 4882)
[2026-09-27 14:24:26] Importing JsonObjectFormatVisitor.members#52.0-1752886142000-kotlin.trap.gz (492 of 4882)
[2026-09-27 14:24:26] Importing JsonStringFormatVisitor$Base.members#52.0-1752886142000-kotlin.trap.gz (493 of 4882)
[2026-09-27 14:24:26] Importing JsonStringFormatVisitor.members#52.0-1752886142000-kotlin.trap.gz (494 of 4882)
[2026-09-27 14:24:26] Importing JsonValueFormat.members#52.0-1752886142000-kotlin.trap.gz (495 of 4882)
[2026-09-27 14:24:26] Importing JsonValueFormatVisitor$Base.members#52.0-1752886142000-kotlin.trap.gz (496 of 4882)
[2026-09-27 14:24:26] Importing JsonValueFormatVisitor.members#52.0-1752886142000-kotlin.trap.gz (497 of 4882)
[2026-09-27 14:24:26] Importing JsonSchema.members#52.0-1752886142000-kotlin.trap.gz (498 of 4882)
[2026-09-27 14:24:26] Importing SchemaAware.members#52.0-1752886142000-kotlin.trap.gz (499 of 4882)
[2026-09-27 14:24:26] Importing NamedType.members#52.0-1752886142000-kotlin.trap.gz (500 of 4882)
[2026-09-27 14:24:26] Importing PolymorphicTypeValidator$Base.members#52.0-1752886142000-kotlin.trap.gz (501 of 4882)
[2026-09-27 14:24:26] Importing PolymorphicTypeValidator$Validity.members#52.0-1752886142000-kotlin.trap.gz (502 of 4882)
[2026-09-27 14:24:26] Importing PolymorphicTypeValidator.members#52.0-1752886142000-kotlin.trap.gz (503 of 4882)
[2026-09-27 14:24:26] Importing SubtypeResolver.members#52.0-1752886142000-kotlin.trap.gz (504 of 4882)
[2026-09-27 14:24:26] Importing TypeDeserializer.members#52.0-1752886142000-kotlin.trap.gz (505 of 4882)
[2026-09-27 14:24:26] Importing TypeIdResolver.members#52.0-1752886142000-kotlin.trap.gz (506 of 4882)
[2026-09-27 14:24:26] Importing TypeResolverBuilder.members#52.0-1752886142000-kotlin.trap.gz (507 of 4882)
[2026-09-27 14:24:26] Importing TypeSerializer.members#52.0-1752886142000-kotlin.trap.gz (508 of 4882)
[2026-09-27 14:24:26] Importing StdTypeResolverBuilder.members#52.0-1752886142000-kotlin.trap.gz (509 of 4882)
[2026-09-27 14:24:26] Importing SimpleAbstractTypeResolver.members#52.0-1752886142000-kotlin.trap.gz (510 of 4882)
[2026-09-27 14:24:26] Importing SimpleDeserializers.members#52.0-1752886142000-kotlin.trap.gz (511 of 4882)
[2026-09-27 14:24:26] Importing SimpleKeyDeserializers.members#52.0-1752886142000-kotlin.trap.gz (512 of 4882)
[2026-09-27 14:24:26] Importing SimpleModule.members#52.0-1752886142000-kotlin.trap.gz (513 of 4882)
[2026-09-27 14:24:26] Importing SimpleSerializers.members#52.0-1752886142000-kotlin.trap.gz (514 of 4882)
[2026-09-27 14:24:26] Importing SimpleValueInstantiators.members#52.0-1752886142000-kotlin.trap.gz (515 of 4882)
[2026-09-27 14:24:26] Importing ArrayNode.members#52.0-1752886142000-kotlin.trap.gz (516 of 4882)
[2026-09-27 14:24:26] Importing BaseJsonNode.members#52.0-1752886142000-kotlin.trap.gz (517 of 4882)
[2026-09-27 14:24:26] Importing BinaryNode.members#52.0-1752886142000-kotlin.trap.gz (518 of 4882)
[2026-09-27 14:24:26] Importing BooleanNode.members#52.0-1752886142000-kotlin.trap.gz (519 of 4882)
[2026-09-27 14:24:26] Importing ContainerNode.members#52.0-1752886142000-kotlin.trap.gz (520 of 4882)
[2026-09-27 14:24:26] Importing JsonNodeCreator.members#52.0-1752886142000-kotlin.trap.gz (521 of 4882)
[2026-09-27 14:24:26] Importing JsonNodeFactory.members#52.0-1752886142000-kotlin.trap.gz (522 of 4882)
[2026-09-27 14:24:26] Importing JsonNodeType.members#52.0-1752886142000-kotlin.trap.gz (523 of 4882)
[2026-09-27 14:24:26] Importing NullNode.members#52.0-1752886142000-kotlin.trap.gz (524 of 4882)
[2026-09-27 14:24:26] Importing NumericNode.members#52.0-1752886142000-kotlin.trap.gz (525 of 4882)
[2026-09-27 14:24:26] Importing ObjectNode.members#52.0-1752886142000-kotlin.trap.gz (526 of 4882)
[2026-09-27 14:24:26] Importing TextNode.members#52.0-1752886142000-kotlin.trap.gz (527 of 4882)
[2026-09-27 14:24:26] Importing ValueNode.members#52.0-1752886142000-kotlin.trap.gz (528 of 4882)
[2026-09-27 14:24:26] Importing AnyGetterWriter.members#52.0-1752886142000-kotlin.trap.gz (529 of 4882)
[2026-09-27 14:24:26] Importing BeanPropertyFilter.members#52.0-1752886142000-kotlin.trap.gz (530 of 4882)
[2026-09-27 14:24:26] Importing BeanPropertyWriter.members#52.0-1752886142000-kotlin.trap.gz (531 of 4882)
[2026-09-27 14:24:26] Importing BeanSerializer.members#52.0-1752886142000-kotlin.trap.gz (532 of 4882)
[2026-09-27 14:24:26] Importing BeanSerializerBuilder.members#52.0-1752886142000-kotlin.trap.gz (533 of 4882)
[2026-09-27 14:24:26] Importing BeanSerializerModifier.members#52.0-1752886142000-kotlin.trap.gz (534 of 4882)
[2026-09-27 14:24:26] Importing ContainerSerializer.members#52.0-1752886142000-kotlin.trap.gz (535 of 4882)
[2026-09-27 14:24:26] Importing ContextualSerializer.members#52.0-1752886142000-kotlin.trap.gz (536 of 4882)
[2026-09-27 14:24:26] Importing DefaultSerializerProvider$Impl.members#52.0-1752886142000-kotlin.trap.gz (537 of 4882)
[2026-09-27 14:24:26] Importing DefaultSerializerProvider.members#52.0-1752886142000-kotlin.trap.gz (538 of 4882)
[2026-09-27 14:24:26] Importing FilterProvider.members#52.0-1752886142000-kotlin.trap.gz (539 of 4882)
[2026-09-27 14:24:26] Importing PropertyFilter.members#52.0-1752886142000-kotlin.trap.gz (540 of 4882)
[2026-09-27 14:24:26] Importing PropertyWriter.members#52.0-1752886142000-kotlin.trap.gz (541 of 4882)
[2026-09-27 14:24:26] Importing ResolvableSerializer.members#52.0-1752886142000-kotlin.trap.gz (542 of 4882)
[2026-09-27 14:24:26] Importing SerializerCache.members#52.0-1752886142000-kotlin.trap.gz (543 of 4882)
[2026-09-27 14:24:26] Importing SerializerFactory.members#52.0-1752886142000-kotlin.trap.gz (544 of 4882)
[2026-09-27 14:24:26] Importing Serializers$Base.members#52.0-1752886142000-kotlin.trap.gz (545 of 4882)
[2026-09-27 14:24:26] Importing Serializers.members#52.0-1752886142000-kotlin.trap.gz (546 of 4882)
[2026-09-27 14:24:26] Importing VirtualBeanPropertyWriter.members#52.0-1752886142000-kotlin.trap.gz (547 of 4882)
[2026-09-27 14:24:26] Importing ObjectIdWriter.members#52.0-1752886142000-kotlin.trap.gz (548 of 4882)
[2026-09-27 14:24:26] Importing PropertySerializerMap$SerializerAndMapResult.members#52.0-1752886142000-kotlin.trap.gz (549 of 4882)
[2026-09-27 14:24:26] Importing PropertySerializerMap.members#52.0-1752886142000-kotlin.trap.gz (550 of 4882)
[2026-09-27 14:24:26] Importing ReadOnlyClassToSerializerMap.members#52.0-1752886142000-kotlin.trap.gz (551 of 4882)
[2026-09-27 14:24:26] Importing WritableObjectId.members#52.0-1752886142000-kotlin.trap.gz (552 of 4882)
[2026-09-27 14:24:26] Importing BeanSerializerBase.members#52.0-1752886142000-kotlin.trap.gz (553 of 4882)
[2026-09-27 14:24:26] Importing MapSerializer.members#52.0-1752886142000-kotlin.trap.gz (554 of 4882)
[2026-09-27 14:24:26] Importing StdSerializer.members#52.0-1752886142000-kotlin.trap.gz (555 of 4882)
[2026-09-27 14:24:26] Importing ArrayType.members#52.0-1752886142000-kotlin.trap.gz (556 of 4882)
[2026-09-27 14:24:26] Importing ClassKey.members#52.0-1752886142000-kotlin.trap.gz (557 of 4882)
[2026-09-27 14:24:26] Importing ClassStack.members#52.0-1752886142000-kotlin.trap.gz (558 of 4882)
[2026-09-27 14:24:26] Importing CollectionLikeType.members#52.0-1752886142000-kotlin.trap.gz (559 of 4882)
[2026-09-27 14:24:26] Importing CollectionType.members#52.0-1752886142000-kotlin.trap.gz (560 of 4882)
[2026-09-27 14:24:26] Importing IdentityEqualityType.members#52.0-1752886142000-kotlin.trap.gz (561 of 4882)
[2026-09-27 14:24:26] Importing LogicalType.members#52.0-1752886142000-kotlin.trap.gz (562 of 4882)
[2026-09-27 14:24:26] Importing MapLikeType.members#52.0-1752886142000-kotlin.trap.gz (563 of 4882)
[2026-09-27 14:24:26] Importing MapType.members#52.0-1752886142000-kotlin.trap.gz (564 of 4882)
[2026-09-27 14:24:26] Importing ReferenceType.members#52.0-1752886142000-kotlin.trap.gz (565 of 4882)
[2026-09-27 14:24:26] Importing ResolvedRecursiveType.members#52.0-1752886142000-kotlin.trap.gz (566 of 4882)
[2026-09-27 14:24:26] Importing SimpleType.members#52.0-1752886142000-kotlin.trap.gz (567 of 4882)
[2026-09-27 14:24:26] Importing TypeBase.members#52.0-1752886142000-kotlin.trap.gz (568 of 4882)
[2026-09-27 14:24:26] Importing TypeBindings$AsKey.members#52.0-1752886142000-kotlin.trap.gz (569 of 4882)
[2026-09-27 14:24:26] Importing TypeBindings$TypeParamStash.members#52.0-1752886142000-kotlin.trap.gz (570 of 4882)
[2026-09-27 14:24:26] Importing TypeBindings.members#52.0-1752886142000-kotlin.trap.gz (571 of 4882)
[2026-09-27 14:24:26] Importing TypeFactory.members#52.0-1752886142000-kotlin.trap.gz (572 of 4882)
[2026-09-27 14:24:26] Importing TypeModifier.members#52.0-1752886142000-kotlin.trap.gz (573 of 4882)
[2026-09-27 14:24:26] Importing TypeParser$MyTokenizer.members#52.0-1752886142000-kotlin.trap.gz (574 of 4882)
[2026-09-27 14:24:26] Importing TypeParser.members#52.0-1752886142000-kotlin.trap.gz (575 of 4882)
[2026-09-27 14:24:26] Importing AccessPattern.members#52.0-1752886142000-kotlin.trap.gz (576 of 4882)
[2026-09-27 14:24:26] Importing Annotations.members#52.0-1752886142000-kotlin.trap.gz (577 of 4882)
[2026-09-27 14:24:26] Importing ArrayBuilders$BooleanBuilder.members#52.0-1752886142000-kotlin.trap.gz (578 of 4882)
[2026-09-27 14:24:26] Importing ArrayBuilders$ByteBuilder.members#52.0-1752886142000-kotlin.trap.gz (579 of 4882)
[2026-09-27 14:24:26] Importing ArrayBuilders$DoubleBuilder.members#52.0-1752886142000-kotlin.trap.gz (580 of 4882)
[2026-09-27 14:24:26] Importing ArrayBuilders$FloatBuilder.members#52.0-1752886142000-kotlin.trap.gz (581 of 4882)
[2026-09-27 14:24:26] Importing ArrayBuilders$IntBuilder.members#52.0-1752886142000-kotlin.trap.gz (582 of 4882)
[2026-09-27 14:24:26] Importing ArrayBuilders$LongBuilder.members#52.0-1752886142000-kotlin.trap.gz (583 of 4882)
[2026-09-27 14:24:26] Importing ArrayBuilders$ShortBuilder.members#52.0-1752886142000-kotlin.trap.gz (584 of 4882)
[2026-09-27 14:24:26] Importing ArrayBuilders.members#52.0-1752886142000-kotlin.trap.gz (585 of 4882)
[2026-09-27 14:24:26] Importing Converter$None.members#52.0-1752886142000-kotlin.trap.gz (586 of 4882)
[2026-09-27 14:24:26] Importing Converter.members#52.0-1752886142000-kotlin.trap.gz (587 of 4882)
[2026-09-27 14:24:26] Importing IgnorePropertiesUtil$Checker.members#52.0-1752886142000-kotlin.trap.gz (588 of 4882)
[2026-09-27 14:24:26] Importing IgnorePropertiesUtil.members#52.0-1752886142000-kotlin.trap.gz (589 of 4882)
[2026-09-27 14:24:26] Importing LRUMap.members#52.0-1752886142000-kotlin.trap.gz (590 of 4882)
[2026-09-27 14:24:26] Importing LinkedNode.members#52.0-1752886142000-kotlin.trap.gz (591 of 4882)
[2026-09-27 14:24:26] Importing LookupCache.members#52.0-1752886142000-kotlin.trap.gz (592 of 4882)
[2026-09-27 14:24:26] Importing NameTransformer$Chained.members#52.0-1752886142000-kotlin.trap.gz (593 of 4882)
[2026-09-27 14:24:26] Importing NameTransformer$NopTransformer.members#52.0-1752886142000-kotlin.trap.gz (594 of 4882)
[2026-09-27 14:24:26] Importing NameTransformer.members#52.0-1752886142000-kotlin.trap.gz (595 of 4882)
[2026-09-27 14:24:26] Importing Named.members#52.0-1752886142000-kotlin.trap.gz (596 of 4882)
[2026-09-27 14:24:26] Importing ObjectBuffer.members#52.0-1752886142000-kotlin.trap.gz (597 of 4882)
[2026-09-27 14:24:26] Importing PrimitiveArrayBuilder$Node.members#52.0-1752886142000-kotlin.trap.gz (598 of 4882)
[2026-09-27 14:24:26] Importing PrimitiveArrayBuilder.members#52.0-1752886142000-kotlin.trap.gz (599 of 4882)
[2026-09-27 14:24:26] Importing RawValue.members#52.0-1752886142000-kotlin.trap.gz (600 of 4882)
[2026-09-27 14:24:26] Importing RootNameLookup.members#52.0-1752886142000-kotlin.trap.gz (601 of 4882)
[2026-09-27 14:24:26] Importing TokenBuffer$Parser.members#52.0-1752886142000-kotlin.trap.gz (602 of 4882)
[2026-09-27 14:24:26] Importing TokenBuffer$Segment.members#52.0-1752886142000-kotlin.trap.gz (603 of 4882)
[2026-09-27 14:24:26] Importing TokenBuffer.members#52.0-1752886142000-kotlin.trap.gz (604 of 4882)
[2026-09-27 14:24:26] Importing TokenBufferReadContext.members#52.0-1752886142000-kotlin.trap.gz (605 of 4882)
[2026-09-27 14:24:26] Importing TypeKey.members#52.0-1752886142000-kotlin.trap.gz (606 of 4882)
[2026-09-27 14:24:26] Importing ViewMatcher.members#52.0-1752886142000-kotlin.trap.gz (607 of 4882)
[2026-09-27 14:24:26] Importing Linked.members#52.0-1752886142000-kotlin.trap.gz (608 of 4882)
[2026-09-27 14:24:26] Importing LinkedDeque$AbstractLinkedIterator.members#52.0-1752886142000-kotlin.trap.gz (609 of 4882)
[2026-09-27 14:24:26] Importing LinkedDeque.members#52.0-1752886142000-kotlin.trap.gz (610 of 4882)
[2026-09-27 14:24:26] Importing PrivateMaxEntriesMap$AddTask.members#52.0-1752886142000-kotlin.trap.gz (611 of 4882)
[2026-09-27 14:24:26] Importing PrivateMaxEntriesMap$Builder.members#52.0-1752886142000-kotlin.trap.gz (612 of 4882)
[2026-09-27 14:24:26] Importing PrivateMaxEntriesMap$DrainStatus.members#52.0-1752886142000-kotlin.trap.gz (613 of 4882)
[2026-09-27 14:24:26] Importing PrivateMaxEntriesMap$EntryIterator.members#52.0-1752886142000-kotlin.trap.gz (614 of 4882)
[2026-09-27 14:24:26] Importing PrivateMaxEntriesMap$EntrySet.members#52.0-1752886142000-kotlin.trap.gz (615 of 4882)
[2026-09-27 14:24:26] Importing PrivateMaxEntriesMap$KeyIterator.members#52.0-1752886142000-kotlin.trap.gz (616 of 4882)
[2026-09-27 14:24:26] Importing PrivateMaxEntriesMap$KeySet.members#52.0-1752886142000-kotlin.trap.gz (617 of 4882)
[2026-09-27 14:24:26] Importing PrivateMaxEntriesMap$Node.members#52.0-1752886142000-kotlin.trap.gz (618 of 4882)
[2026-09-27 14:24:26] Importing PrivateMaxEntriesMap$RemovalTask.members#52.0-1752886142000-kotlin.trap.gz (619 of 4882)
[2026-09-27 14:24:26] Importing PrivateMaxEntriesMap$SerializationProxy.members#52.0-1752886142000-kotlin.trap.gz (620 of 4882)
[2026-09-27 14:24:26] Importing PrivateMaxEntriesMap$UpdateTask.members#52.0-1752886142000-kotlin.trap.gz (621 of 4882)
[2026-09-27 14:24:26] Importing PrivateMaxEntriesMap$ValueIterator.members#52.0-1752886142000-kotlin.trap.gz (622 of 4882)
[2026-09-27 14:24:26] Importing PrivateMaxEntriesMap$Values.members#52.0-1752886142000-kotlin.trap.gz (623 of 4882)
[2026-09-27 14:24:26] Importing PrivateMaxEntriesMap$WeightedValue.members#52.0-1752886142000-kotlin.trap.gz (624 of 4882)
[2026-09-27 14:24:26] Importing PrivateMaxEntriesMap$WriteThroughEntry.members#52.0-1752886142000-kotlin.trap.gz (625 of 4882)
[2026-09-27 14:24:26] Importing PrivateMaxEntriesMap.members#52.0-1752886142000-kotlin.trap.gz (626 of 4882)
[2026-09-27 14:24:26] Importing KotlinFeature$Companion.members#52.0-318240000000-kotlin.trap.gz (627 of 4882)
[2026-09-27 14:24:26] Importing KotlinFeature.members#52.0-318240000000-kotlin.trap.gz (628 of 4882)
[2026-09-27 14:24:26] Importing KotlinModule$Builder$Companion.members#52.0-318240000000-kotlin.trap.gz (629 of 4882)
[2026-09-27 14:24:26] Importing KotlinModule$Builder.members#52.0-318240000000-kotlin.trap.gz (630 of 4882)
[2026-09-27 14:24:26] Importing KotlinModule$Companion.members#52.0-318240000000-kotlin.trap.gz (631 of 4882)
[2026-09-27 14:24:26] Importing KotlinModule.members#52.0-318240000000-kotlin.trap.gz (632 of 4882)
[2026-09-27 14:24:26] Importing kotlinModule(kotlin.jvm.functions.Function1).members#-1.0-0-null.trap.gz (633 of 4882)
[2026-09-27 14:24:26] Importing readValue(com.fasterxml.jackson.databind.ObjectMapper,java.lang.String).members#-1.0-0-null.trap.gz (634 of 4882)
[2026-09-27 14:24:26] Importing Algorithm.members#51.0-1754629962000-kotlin.trap.gz (635 of 4882)
[2026-09-27 14:24:26] Importing AlgorithmFamily.members#51.0-1754629962000-kotlin.trap.gz (636 of 4882)
[2026-09-27 14:24:26] Importing CommonSEHeader.members#51.0-1754629962000-kotlin.trap.gz (637 of 4882)
[2026-09-27 14:24:26] Importing CompressionAlgorithm.members#51.0-1754629962000-kotlin.trap.gz (638 of 4882)
[2026-09-27 14:24:26] Importing EncryptionMethod$Family.members#51.0-1754629962000-kotlin.trap.gz (639 of 4882)
[2026-09-27 14:24:26] Importing EncryptionMethod.members#51.0-1754629962000-kotlin.trap.gz (640 of 4882)
[2026-09-27 14:24:26] Importing Header.members#51.0-1754629962000-kotlin.trap.gz (641 of 4882)
[2026-09-27 14:24:26] Importing JOSEObject.members#51.0-1754629962000-kotlin.trap.gz (642 of 4882)
[2026-09-27 14:24:26] Importing JOSEObjectType.members#51.0-1754629962000-kotlin.trap.gz (643 of 4882)
[2026-09-27 14:24:26] Importing JOSEProvider.members#51.0-1754629962000-kotlin.trap.gz (644 of 4882)
[2026-09-27 14:24:26] Importing JWEAlgorithm$Family.members#51.0-1754629962000-kotlin.trap.gz (645 of 4882)
[2026-09-27 14:24:26] Importing JWEAlgorithm.members#51.0-1754629962000-kotlin.trap.gz (646 of 4882)
[2026-09-27 14:24:26] Importing JWECryptoParts.members#51.0-1754629962000-kotlin.trap.gz (647 of 4882)
[2026-09-27 14:24:26] Importing JWEDecrypter.members#51.0-1754629962000-kotlin.trap.gz (648 of 4882)
[2026-09-27 14:24:26] Importing JWEEncrypter.members#51.0-1754629962000-kotlin.trap.gz (649 of 4882)
[2026-09-27 14:24:26] Importing JWEHeader$Builder.members#51.0-1754629962000-kotlin.trap.gz (650 of 4882)
[2026-09-27 14:24:26] Importing JWEHeader.members#51.0-1754629962000-kotlin.trap.gz (651 of 4882)
[2026-09-27 14:24:26] Importing JWEObject$State.members#51.0-1754629962000-kotlin.trap.gz (652 of 4882)
[2026-09-27 14:24:26] Importing JWEObject.members#51.0-1754629962000-kotlin.trap.gz (653 of 4882)
[2026-09-27 14:24:26] Importing JWEProvider.members#51.0-1754629962000-kotlin.trap.gz (654 of 4882)
[2026-09-27 14:24:26] Importing JWSAlgorithm$Family.members#51.0-1754629962000-kotlin.trap.gz (655 of 4882)
[2026-09-27 14:24:26] Importing JWSAlgorithm.members#51.0-1754629962000-kotlin.trap.gz (656 of 4882)
[2026-09-27 14:24:26] Importing JWSHeader$Builder.members#51.0-1754629962000-kotlin.trap.gz (657 of 4882)
[2026-09-27 14:24:26] Importing JWSHeader.members#51.0-1754629962000-kotlin.trap.gz (658 of 4882)
[2026-09-27 14:24:26] Importing JWSObject$State.members#51.0-1754629962000-kotlin.trap.gz (659 of 4882)
[2026-09-27 14:24:26] Importing JWSObject.members#51.0-1754629962000-kotlin.trap.gz (660 of 4882)
[2026-09-27 14:24:26] Importing JWSProvider.members#51.0-1754629962000-kotlin.trap.gz (661 of 4882)
[2026-09-27 14:24:26] Importing JWSSigner.members#51.0-1754629962000-kotlin.trap.gz (662 of 4882)
[2026-09-27 14:24:26] Importing JWSVerifier.members#51.0-1754629962000-kotlin.trap.gz (663 of 4882)
[2026-09-27 14:24:26] Importing Payload$Origin.members#51.0-1754629962000-kotlin.trap.gz (664 of 4882)
[2026-09-27 14:24:26] Importing Payload.members#51.0-1754629962000-kotlin.trap.gz (665 of 4882)
[2026-09-27 14:24:26] Importing PayloadTransformer.members#51.0-1754629962000-kotlin.trap.gz (666 of 4882)
[2026-09-27 14:24:26] Importing PlainHeader$Builder.members#51.0-1754629962000-kotlin.trap.gz (667 of 4882)
[2026-09-27 14:24:26] Importing PlainHeader.members#51.0-1754629962000-kotlin.trap.gz (668 of 4882)
[2026-09-27 14:24:26] Importing PlainObject.members#51.0-1754629962000-kotlin.trap.gz (669 of 4882)
[2026-09-27 14:24:26] Importing Requirement.members#51.0-1754629962000-kotlin.trap.gz (670 of 4882)
[2026-09-27 14:24:26] Importing UnprotectedHeader$Builder.members#51.0-1754629962000-kotlin.trap.gz (671 of 4882)
[2026-09-27 14:24:26] Importing UnprotectedHeader.members#51.0-1754629962000-kotlin.trap.gz (672 of 4882)
[2026-09-27 14:24:26] Importing JCAAware.members#51.0-1754629962000-kotlin.trap.gz (673 of 4882)
[2026-09-27 14:24:26] Importing JCAContext.members#51.0-1754629962000-kotlin.trap.gz (674 of 4882)
[2026-09-27 14:24:26] Importing JWEJCAContext.members#51.0-1754629962000-kotlin.trap.gz (675 of 4882)
[2026-09-27 14:24:26] Importing AsymmetricJWK.members#51.0-1754629962000-kotlin.trap.gz (676 of 4882)
[2026-09-27 14:24:26] Importing Curve.members#51.0-1754629962000-kotlin.trap.gz (677 of 4882)
[2026-09-27 14:24:26] Importing CurveBasedJWK.members#51.0-1754629962000-kotlin.trap.gz (678 of 4882)
[2026-09-27 14:24:26] Importing ECKey$Builder.members#51.0-1754629962000-kotlin.trap.gz (679 of 4882)
[2026-09-27 14:24:26] Importing ECKey.members#51.0-1754629962000-kotlin.trap.gz (680 of 4882)
[2026-09-27 14:24:26] Importing JWK.members#51.0-1754629962000-kotlin.trap.gz (681 of 4882)
[2026-09-27 14:24:26] Importing JWKMatcher$Builder.members#51.0-1754629962000-kotlin.trap.gz (682 of 4882)
[2026-09-27 14:24:26] Importing JWKMatcher.members#51.0-1754629962000-kotlin.trap.gz (683 of 4882)
[2026-09-27 14:24:26] Importing JWKSelector.members#51.0-1754629962000-kotlin.trap.gz (684 of 4882)
[2026-09-27 14:24:26] Importing JWKSet.members#51.0-1754629962000-kotlin.trap.gz (685 of 4882)
[2026-09-27 14:24:26] Importing KeyOperation.members#51.0-1754629962000-kotlin.trap.gz (686 of 4882)
[2026-09-27 14:24:26] Importing KeyType.members#51.0-1754629962000-kotlin.trap.gz (687 of 4882)
[2026-09-27 14:24:26] Importing KeyUse.members#51.0-1754629962000-kotlin.trap.gz (688 of 4882)
[2026-09-27 14:24:26] Importing OctetKeyPair$Builder.members#51.0-1754629962000-kotlin.trap.gz (689 of 4882)
[2026-09-27 14:24:26] Importing OctetKeyPair.members#51.0-1754629962000-kotlin.trap.gz (690 of 4882)
[2026-09-27 14:24:26] Importing OctetSequenceKey$Builder.members#51.0-1754629962000-kotlin.trap.gz (691 of 4882)
[2026-09-27 14:24:26] Importing OctetSequenceKey.members#51.0-1754629962000-kotlin.trap.gz (692 of 4882)
[2026-09-27 14:24:26] Importing PasswordLookup.members#51.0-1754629962000-kotlin.trap.gz (693 of 4882)
[2026-09-27 14:24:26] Importing RSAKey$Builder.members#51.0-1754629962000-kotlin.trap.gz (694 of 4882)
[2026-09-27 14:24:26] Importing RSAKey$OtherPrimesInfo.members#51.0-1754629962000-kotlin.trap.gz (695 of 4882)
[2026-09-27 14:24:26] Importing RSAKey.members#51.0-1754629962000-kotlin.trap.gz (696 of 4882)
[2026-09-27 14:24:26] Importing SecretJWK.members#51.0-1754629962000-kotlin.trap.gz (697 of 4882)
[2026-09-27 14:24:26] Importing ThumbprintURI.members#51.0-1754629962000-kotlin.trap.gz (698 of 4882)
[2026-09-27 14:24:26] Importing JWKSource.members#51.0-1754629962000-kotlin.trap.gz (699 of 4882)
[2026-09-27 14:24:26] Importing JOSEObjectTypeVerifier.members#51.0-1754629962000-kotlin.trap.gz (700 of 4882)
[2026-09-27 14:24:26] Importing JOSEProcessorConfiguration.members#51.0-1754629962000-kotlin.trap.gz (701 of 4882)
[2026-09-27 14:24:26] Importing JWEDecrypterFactory.members#51.0-1754629962000-kotlin.trap.gz (702 of 4882)
[2026-09-27 14:24:26] Importing JWEKeySelector.members#51.0-1754629962000-kotlin.trap.gz (703 of 4882)
[2026-09-27 14:24:26] Importing JWSKeySelector.members#51.0-1754629962000-kotlin.trap.gz (704 of 4882)
[2026-09-27 14:24:26] Importing JWSVerifierFactory.members#51.0-1754629962000-kotlin.trap.gz (705 of 4882)
[2026-09-27 14:24:26] Importing SecurityContext.members#51.0-1754629962000-kotlin.trap.gz (706 of 4882)
[2026-09-27 14:24:26] Importing Base64.members#51.0-1754629962000-kotlin.trap.gz (707 of 4882)
[2026-09-27 14:24:26] Importing Base64URL.members#51.0-1754629962000-kotlin.trap.gz (708 of 4882)
[2026-09-27 14:24:26] Importing EncryptedJWT.members#51.0-1754629962000-kotlin.trap.gz (709 of 4882)
[2026-09-27 14:24:26] Importing JWT.members#51.0-1754629962000-kotlin.trap.gz (710 of 4882)
[2026-09-27 14:24:26] Importing JWTClaimsSet$Builder.members#51.0-1754629962000-kotlin.trap.gz (711 of 4882)
[2026-09-27 14:24:26] Importing JWTClaimsSet.members#51.0-1754629962000-kotlin.trap.gz (712 of 4882)
[2026-09-27 14:24:26] Importing JWTClaimsSetTransformer.members#51.0-1754629962000-kotlin.trap.gz (713 of 4882)
[2026-09-27 14:24:26] Importing PlainJWT.members#51.0-1754629962000-kotlin.trap.gz (714 of 4882)
[2026-09-27 14:24:26] Importing SignedJWT.members#51.0-1754629962000-kotlin.trap.gz (715 of 4882)
[2026-09-27 14:24:26] Importing ConfigurableJWTProcessor.members#51.0-1754629962000-kotlin.trap.gz (716 of 4882)
[2026-09-27 14:24:26] Importing JWTClaimsSetAwareJWSKeySelector.members#51.0-1754629962000-kotlin.trap.gz (717 of 4882)
[2026-09-27 14:24:26] Importing JWTClaimsSetVerifier.members#51.0-1754629962000-kotlin.trap.gz (718 of 4882)
[2026-09-27 14:24:26] Importing JWTProcessor.members#51.0-1754629962000-kotlin.trap.gz (719 of 4882)
[2026-09-27 14:24:26] Importing JWTProcessorConfiguration.members#51.0-1754629962000-kotlin.trap.gz (720 of 4882)
[2026-09-27 14:24:26] Importing Allocation.members#0.0-0-kotlin.trap.gz (721 of 4882)
[2026-09-27 14:24:26] Importing Amount.members#0.0-0-kotlin.trap.gz (722 of 4882)
[2026-09-27 14:24:26] Importing AttributionKt$ATTRIBUTION_METHODOLOGY;property.members#0.0-0-kotlin.trap.gz (723 of 4882)
[2026-09-27 14:24:26] Importing AttributionKt$MC;property.members#0.0-0-kotlin.trap.gz (724 of 4882)
[2026-09-27 14:24:26] Importing AttributionKt$WEIGHT_TOLERANCE;property.members#0.0-0-kotlin.trap.gz (725 of 4882)
[2026-09-27 14:24:26] Importing AttributionKt$brinson(java.util.Currency,java.lang.String,java.time.LocalDate,java.time.LocalDate,java.util.List).members#0.0-0-kotlin.trap.gz (726 of 4882)
[2026-09-27 14:24:26] Importing AttributionKt$requireWeightsSumToOne(java.lang.String,java.util.List).members#0.0-0-kotlin.trap.gz (727 of 4882)
[2026-09-27 14:24:26] Importing AttributionKt$times(java.math.BigDecimal,java.math.BigDecimal).members#0.0-0-kotlin.trap.gz (728 of 4882)
[2026-09-27 14:24:26] Importing AttributionKt.members#0.0-0-kotlin.trap.gz (729 of 4882)
[2026-09-27 14:24:26] Importing AttributionReport.members#0.0-0-kotlin.trap.gz (730 of 4882)
[2026-09-27 14:24:26] Importing BaumWelchKt$baumWelch(com.octo.analytics.HiddenMarkovModel,java.util.List,double,double,int).members#0.0-0-kotlin.trap.gz (731 of 4882)
[2026-09-27 14:24:26] Importing BaumWelchKt.members#0.0-0-kotlin.trap.gz (732 of 4882)
[2026-09-27 14:24:26] Importing BayesianUpdate.members#0.0-0-kotlin.trap.gz (733 of 4882)
[2026-09-27 14:24:26] Importing BridgeDriver.members#0.0-0-kotlin.trap.gz (734 of 4882)
[2026-09-27 14:24:26] Importing BridgeKt$BRIDGE_METHODOLOGY;property.members#0.0-0-kotlin.trap.gz (735 of 4882)
[2026-09-27 14:24:26] Importing BridgeKt$MC;property.members#0.0-0-kotlin.trap.gz (736 of 4882)
[2026-09-27 14:24:26] Importing BridgeKt$mix(com.octo.analytics.BridgePoint,com.octo.analytics.BridgePoint,java.util.Set).members#0.0-0-kotlin.trap.gz (737 of 4882)
[2026-09-27 14:24:26] Importing BridgeKt$sequential(com.octo.analytics.BridgePoint,com.octo.analytics.BridgePoint,java.util.List).members#0.0-0-kotlin.trap.gz (738 of 4882)
[2026-09-27 14:24:26] Importing BridgeKt$shapley(com.octo.analytics.BridgePoint,com.octo.analytics.BridgePoint).members#0.0-0-kotlin.trap.gz (739 of 4882)
[2026-09-27 14:24:26] Importing BridgeKt$valueBridge(com.octo.analytics.BridgePoint,com.octo.analytics.BridgePoint,java.util.Currency,java.util.#5f195428.members#0.0-0-kotlin.trap.gz (740 of 4882)
[2026-09-27 14:24:26] Importing BridgeKt.members#0.0-0-kotlin.trap.gz (741 of 4882)
[2026-09-27 14:24:26] Importing BridgeMethod$Sequential.members#0.0-0-kotlin.trap.gz (742 of 4882)
[2026-09-27 14:24:26] Importing BridgeMethod$Shapley.members#0.0-0-kotlin.trap.gz (743 of 4882)
[2026-09-27 14:24:26] Importing BridgeMethod.members#0.0-0-kotlin.trap.gz (744 of 4882)
[2026-09-27 14:24:26] Importing BridgePoint.members#0.0-0-kotlin.trap.gz (745 of 4882)
[2026-09-27 14:24:26] Importing CashFlow.members#0.0-0-kotlin.trap.gz (746 of 4882)
[2026-09-27 14:24:26] Importing CashFlowSeries.members#0.0-0-kotlin.trap.gz (747 of 4882)
[2026-09-27 14:24:26] Importing Coefficient.members#0.0-0-kotlin.trap.gz (748 of 4882)
[2026-09-27 14:24:26] Importing CommitmentStatus.members#0.0-0-kotlin.trap.gz (749 of 4882)
[2026-09-27 14:24:26] Importing ComparablesInputs.members#0.0-0-kotlin.trap.gz (750 of 4882)
[2026-09-27 14:24:26] Importing ComparablesKt$COMPARABLES_METHODOLOGY;property.members#0.0-0-kotlin.trap.gz (751 of 4882)
[2026-09-27 14:24:26] Importing ComparablesKt$HIGH;property.members#0.0-0-kotlin.trap.gz (752 of 4882)
[2026-09-27 14:24:26] Importing ComparablesKt$LOW;property.members#0.0-0-kotlin.trap.gz (753 of 4882)
[2026-09-27 14:24:26] Importing ComparablesKt$MEDIAN;property.members#0.0-0-kotlin.trap.gz (754 of 4882)
[2026-09-27 14:24:26] Importing ComparablesKt$MIN_PEERS;property.members#0.0-0-kotlin.trap.gz (755 of 4882)
[2026-09-27 14:24:26] Importing ComparablesKt$comparables(com.octo.analytics.ComparablesInputs).members#0.0-0-kotlin.trap.gz (756 of 4882)
[2026-09-27 14:24:26] Importing ComparablesKt$percentile(java.util.List,java.math.BigDecimal).members#0.0-0-kotlin.trap.gz (757 of 4882)
[2026-09-27 14:24:26] Importing ComparablesKt.members#0.0-0-kotlin.trap.gz (758 of 4882)
[2026-09-27 14:24:26] Importing ComparablesValuation.members#0.0-0-kotlin.trap.gz (759 of 4882)
[2026-09-27 14:24:26] Importing CoverageReport.members#0.0-0-kotlin.trap.gz (760 of 4882)
[2026-09-27 14:24:26] Importing DcfInputs.members#0.0-0-kotlin.trap.gz (761 of 4882)
[2026-09-27 14:24:26] Importing DcfKt$MC;property.members#0.0-0-kotlin.trap.gz (762 of 4882)
[2026-09-27 14:24:26] Importing DcfKt$VALUATION_METHODOLOGY;property.members#0.0-0-kotlin.trap.gz (763 of 4882)
[2026-09-27 14:24:26] Importing DcfKt$costOfEquity(java.math.BigDecimal,java.math.BigDecimal,java.math.BigDecimal,java.math.BigDecimal,java.ma#68e42f4b.members#0.0-0-kotlin.trap.gz (764 of 4882)
[2026-09-27 14:24:26] Importing DcfKt$dcf(com.octo.analytics.DcfInputs).members#0.0-0-kotlin.trap.gz (765 of 4882)
[2026-09-27 14:24:26] Importing DcfKt$dcfSensitivity(com.octo.analytics.DcfInputs,java.util.List,java.util.List).members#0.0-0-kotlin.trap.gz (766 of 4882)
[2026-09-27 14:24:26] Importing DcfKt$wacc(java.math.BigDecimal,java.math.BigDecimal,java.math.BigDecimal,java.math.BigDecimal,java.ma#c80736ef.members#0.0-0-kotlin.trap.gz (767 of 4882)
[2026-09-27 14:24:26] Importing DcfKt.members#0.0-0-kotlin.trap.gz (768 of 4882)
[2026-09-27 14:24:26] Importing DcfSensitivity.members#0.0-0-kotlin.trap.gz (769 of 4882)
[2026-09-27 14:24:26] Importing DcfValuation.members#0.0-0-kotlin.trap.gz (770 of 4882)
[2026-09-27 14:24:26] Importing DealMultiples.members#0.0-0-kotlin.trap.gz (771 of 4882)
[2026-09-27 14:24:26] Importing DynamicRegression.members#0.0-0-kotlin.trap.gz (772 of 4882)
[2026-09-27 14:24:26] Importing EstimatedModel.members#0.0-0-kotlin.trap.gz (773 of 4882)
[2026-09-27 14:24:26] Importing FactorKt$FACTOR_METHODOLOGY;property.members#0.0-0-kotlin.trap.gz (774 of 4882)
[2026-09-27 14:24:26] Importing FactorKt$factorModel(java.util.List,java.lang.String,java.lang.String,com.octo.analytics.StandardErrors).members#0.0-0-kotlin.trap.gz (775 of 4882)
[2026-09-27 14:24:26] Importing FactorKt$invert(double[][]).members#0.0-0-kotlin.trap.gz (776 of 4882)
[2026-09-27 14:24:26] Importing FactorKt$sandwich(double[][],java.util.List,double[],int).members#0.0-0-kotlin.trap.gz (777 of 4882)
[2026-09-27 14:24:26] Importing FactorKt$scaled(double[][],double).members#0.0-0-kotlin.trap.gz (778 of 4882)
[2026-09-27 14:24:26] Importing FactorKt$times(double[][],double[][]).members#0.0-0-kotlin.trap.gz (779 of 4882)
[2026-09-27 14:24:26] Importing FactorKt.members#0.0-0-kotlin.trap.gz (780 of 4882)
[2026-09-27 14:24:26] Importing FactorModel.members#0.0-0-kotlin.trap.gz (781 of 4882)
[2026-09-27 14:24:26] Importing FactorObservation.members#0.0-0-kotlin.trap.gz (782 of 4882)
[2026-09-27 14:24:26] Importing ForecastErrors.members#0.0-0-kotlin.trap.gz (783 of 4882)
[2026-09-27 14:24:26] Importing ForecastKt$FORECAST_METHODOLOGY;property.members#0.0-0-kotlin.trap.gz (784 of 4882)
[2026-09-27 14:24:26] Importing ForecastKt$MC;property.members#0.0-0-kotlin.trap.gz (785 of 4882)
[2026-09-27 14:24:26] Importing ForecastKt$bayesianUpdate(java.lang.String,double,double,double,java.time.Instant,java.time.LocalDate).members#0.0-0-kotlin.trap.gz (786 of 4882)
[2026-09-27 14:24:26] Importing ForecastKt$cagr(java.math.BigDecimal,java.math.BigDecimal,double).members#0.0-0-kotlin.trap.gz (787 of 4882)
[2026-09-27 14:24:26] Importing ForecastKt$ebitdaMargin(java.math.BigDecimal,java.math.BigDecimal).members#0.0-0-kotlin.trap.gz (788 of 4882)
[2026-09-27 14:24:26] Importing ForecastKt$evidenceProbability(double,double,double).members#0.0-0-kotlin.trap.gz (789 of 4882)
[2026-09-27 14:24:26] Importing ForecastKt$forecastErrors(java.util.List,java.util.List).members#0.0-0-kotlin.trap.gz (790 of 4882)
[2026-09-27 14:24:26] Importing ForecastKt$freeCashFlow(java.math.BigDecimal,java.math.BigDecimal,java.math.BigDecimal,java.math.BigDecimal,java.ma#c80736ef.members#0.0-0-kotlin.trap.gz (791 of 4882)
[2026-09-27 14:24:26] Importing ForecastKt$growth(java.math.BigDecimal,java.math.BigDecimal).members#0.0-0-kotlin.trap.gz (792 of 4882)
[2026-09-27 14:24:26] Importing ForecastKt$requireProbability(java.lang.String,double).members#0.0-0-kotlin.trap.gz (793 of 4882)
[2026-09-27 14:24:26] Importing ForecastKt$walkForward(java.util.List,int,int,kotlin.jvm.functions.Function1).members#0.0-0-kotlin.trap.gz (794 of 4882)
[2026-09-27 14:24:26] Importing ForecastKt$weightedForecast(java.util.Map,java.util.Map).members#0.0-0-kotlin.trap.gz (795 of 4882)
[2026-09-27 14:24:26] Importing ForecastKt.members#0.0-0-kotlin.trap.gz (796 of 4882)
[2026-09-27 14:24:26] Importing GaussianRegime.members#0.0-0-kotlin.trap.gz (797 of 4882)
[2026-09-27 14:24:26] Importing HiddenMarkovModel.members#0.0-0-kotlin.trap.gz (798 of 4882)
[2026-09-27 14:24:26] Importing KalmanFiltered.members#0.0-0-kotlin.trap.gz (799 of 4882)
[2026-09-27 14:24:26] Importing KalmanKt$STATE_SPACE_METHODOLOGY;property.members#0.0-0-kotlin.trap.gz (800 of 4882)
[2026-09-27 14:24:26] Importing KalmanKt$choleskyLower(double[][],java.lang.String).members#0.0-0-kotlin.trap.gz (801 of 4882)
[2026-09-27 14:24:26] Importing KalmanKt$dynamicRegression(java.util.List,java.util.List,double[][],double,double[],double[][]).members#0.0-0-kotlin.trap.gz (802 of 4882)
[2026-09-27 14:24:26] Importing KalmanKt$forwardSubstitute(double[][],double[]).members#0.0-0-kotlin.trap.gz (803 of 4882)
[2026-09-27 14:24:26] Importing KalmanKt$inverseFromCholesky(double[][]).members#0.0-0-kotlin.trap.gz (804 of 4882)
[2026-09-27 14:24:26] Importing KalmanKt$inverseSpd(double[][],java.lang.String).members#0.0-0-kotlin.trap.gz (805 of 4882)
[2026-09-27 14:24:26] Importing KalmanKt$kalmanFilter(com.octo.analytics.KalmanModel,java.util.List,java.util.List,kotlin.jvm.functions.Function1).members#0.0-0-kotlin.trap.gz (806 of 4882)
[2026-09-27 14:24:26] Importing KalmanKt$minus(double[][],double[][]).members#0.0-0-kotlin.trap.gz (807 of 4882)
[2026-09-27 14:24:26] Importing KalmanKt$plus(double[][],double[][]).members#0.0-0-kotlin.trap.gz (808 of 4882)
[2026-09-27 14:24:26] Importing KalmanKt$requireCovariance(java.lang.String,double[][],int).members#0.0-0-kotlin.trap.gz (809 of 4882)
[2026-09-27 14:24:26] Importing KalmanKt$requireSquare(java.lang.String,double[][],int).members#0.0-0-kotlin.trap.gz (810 of 4882)
[2026-09-27 14:24:26] Importing KalmanKt$rtsSmooth(com.octo.analytics.KalmanFiltered).members#0.0-0-kotlin.trap.gz (811 of 4882)
[2026-09-27 14:24:26] Importing KalmanKt$symmetrised(double[][]).members#0.0-0-kotlin.trap.gz (812 of 4882)
[2026-09-27 14:24:26] Importing KalmanKt$times(double[][],double[]).members#0.0-0-kotlin.trap.gz (813 of 4882)
[2026-09-27 14:24:26] Importing KalmanKt$times(double[][],double[][]).members#0.0-0-kotlin.trap.gz (814 of 4882)
[2026-09-27 14:24:26] Importing KalmanKt$transpose(double[][]).members#0.0-0-kotlin.trap.gz (815 of 4882)
[2026-09-27 14:24:26] Importing KalmanKt.members#0.0-0-kotlin.trap.gz (816 of 4882)
[2026-09-27 14:24:26] Importing KalmanModel.members#0.0-0-kotlin.trap.gz (817 of 4882)
[2026-09-27 14:24:26] Importing LboInputs.members#0.0-0-kotlin.trap.gz (818 of 4882)
[2026-09-27 14:24:26] Importing LboKt$LBO_METHODOLOGY;property.members#0.0-0-kotlin.trap.gz (819 of 4882)
[2026-09-27 14:24:26] Importing LboKt$MC;property.members#0.0-0-kotlin.trap.gz (820 of 4882)
[2026-09-27 14:24:26] Importing LboKt$lboReturns(com.octo.analytics.LboInputs).members#0.0-0-kotlin.trap.gz (821 of 4882)
[2026-09-27 14:24:26] Importing LboKt.members#0.0-0-kotlin.trap.gz (822 of 4882)
[2026-09-27 14:24:26] Importing LboReturns.members#0.0-0-kotlin.trap.gz (823 of 4882)
[2026-09-27 14:24:26] Importing LiquidityKt$LIQUIDITY_METHODOLOGY;property.members#0.0-0-kotlin.trap.gz (824 of 4882)
[2026-09-27 14:24:26] Importing LiquidityKt$MC;property.members#0.0-0-kotlin.trap.gz (825 of 4882)
[2026-09-27 14:24:26] Importing LiquidityKt$coverage(com.octo.analytics.LiquidityPosition,java.util.Currency,java.util.Map,com.octo.analytics.Li#504119ba.members#0.0-0-kotlin.trap.gz (826 of 4882)
[2026-09-27 14:24:26] Importing LiquidityKt.members#0.0-0-kotlin.trap.gz (827 of 4882)
[2026-09-27 14:24:26] Importing LiquidityPosition.members#0.0-0-kotlin.trap.gz (828 of 4882)
[2026-09-27 14:24:26] Importing LiquidityStress$Companion.members#0.0-0-kotlin.trap.gz (829 of 4882)
[2026-09-27 14:24:26] Importing LiquidityStress.members#0.0-0-kotlin.trap.gz (830 of 4882)
[2026-09-27 14:24:26] Importing MoicKt$MOIC_METHODOLOGY;property.members#0.0-0-kotlin.trap.gz (831 of 4882)
[2026-09-27 14:24:26] Importing MoicKt$moic(java.util.Currency,java.math.BigDecimal,java.math.BigDecimal,java.math.BigDecimal).members#0.0-0-kotlin.trap.gz (832 of 4882)
[2026-09-27 14:24:26] Importing MoicKt.members#0.0-0-kotlin.trap.gz (833 of 4882)
[2026-09-27 14:24:26] Importing NavObservation.members#0.0-0-kotlin.trap.gz (834 of 4882)
[2026-09-27 14:24:26] Importing OptimizationKt$OPTIMIZATION_METHODOLOGY;property.members#0.0-0-kotlin.trap.gz (835 of 4882)
[2026-09-27 14:24:26] Importing OptimizationKt$meanVariance(java.util.List,java.util.List,double,java.util.List,java.util.List,double,int).members#0.0-0-kotlin.trap.gz (836 of 4882)
[2026-09-27 14:24:26] Importing OptimizationKt$project(double[],java.util.List,java.util.List).members#0.0-0-kotlin.trap.gz (837 of 4882)
[2026-09-27 14:24:26] Importing OptimizationKt.members#0.0-0-kotlin.trap.gz (838 of 4882)
[2026-09-27 14:24:26] Importing OutlierPolicy$KeepAll.members#0.0-0-kotlin.trap.gz (839 of 4882)
[2026-09-27 14:24:26] Importing OutlierPolicy$TukeyFences.members#0.0-0-kotlin.trap.gz (840 of 4882)
[2026-09-27 14:24:26] Importing OutlierPolicy.members#0.0-0-kotlin.trap.gz (841 of 4882)
[2026-09-27 14:24:26] Importing PacingKt$MC;property.members#0.0-0-kotlin.trap.gz (842 of 4882)
[2026-09-27 14:24:26] Importing PacingKt$distributionRate(java.math.BigDecimal,java.math.BigDecimal).members#0.0-0-kotlin.trap.gz (843 of 4882)
[2026-09-27 14:24:26] Importing PacingKt$drawdownRate(java.math.BigDecimal,java.math.BigDecimal).members#0.0-0-kotlin.trap.gz (844 of 4882)
[2026-09-27 14:24:26] Importing PacingKt$unfundedCommitment(java.math.BigDecimal,java.math.BigDecimal).members#0.0-0-kotlin.trap.gz (845 of 4882)
[2026-09-27 14:24:26] Importing PacingKt.members#0.0-0-kotlin.trap.gz (846 of 4882)
[2026-09-27 14:24:26] Importing PeerMultiple.members#0.0-0-kotlin.trap.gz (847 of 4882)
[2026-09-27 14:24:26] Importing PerformanceKt$MC;property.members#0.0-0-kotlin.trap.gz (848 of 4882)
[2026-09-27 14:24:26] Importing PerformanceKt$PERFORMANCE_METHODOLOGY;property.members#0.0-0-kotlin.trap.gz (849 of 4882)
[2026-09-27 14:24:26] Importing PerformanceKt$commitmentStatus(java.math.BigDecimal,com.octo.analytics.CashFlowSeries).members#0.0-0-kotlin.trap.gz (850 of 4882)
[2026-09-27 14:24:26] Importing PerformanceKt$directAlpha(com.octo.analytics.CashFlowSeries,java.util.Map).members#0.0-0-kotlin.trap.gz (851 of 4882)
[2026-09-27 14:24:26] Importing PerformanceKt$ksPme(com.octo.analytics.CashFlowSeries,java.util.Map).members#0.0-0-kotlin.trap.gz (852 of 4882)
[2026-09-27 14:24:26] Importing PerformanceKt$performance(com.octo.analytics.CashFlowSeries).members#0.0-0-kotlin.trap.gz (853 of 4882)
[2026-09-27 14:24:26] Importing PerformanceKt$pool(java.util.List).members#0.0-0-kotlin.trap.gz (854 of 4882)
[2026-09-27 14:24:26] Importing PerformanceKt$ratio(java.math.BigDecimal,java.math.BigDecimal).members#0.0-0-kotlin.trap.gz (855 of 4882)
[2026-09-27 14:24:26] Importing PerformanceKt$scaleToValuationDate(com.octo.analytics.CashFlowSeries,java.util.Map).members#0.0-0-kotlin.trap.gz (856 of 4882)
[2026-09-27 14:24:26] Importing PerformanceKt$xirr(java.util.List).members#0.0-0-kotlin.trap.gz (857 of 4882)
[2026-09-27 14:24:26] Importing PerformanceKt.members#0.0-0-kotlin.trap.gz (858 of 4882)
[2026-09-27 14:24:26] Importing PerformanceReport.members#0.0-0-kotlin.trap.gz (859 of 4882)
[2026-09-27 14:24:26] Importing RegimeEstimate.members#0.0-0-kotlin.trap.gz (860 of 4882)
[2026-09-27 14:24:26] Importing RegimeKt$REGIME_METHODOLOGY;property.members#0.0-0-kotlin.trap.gz (861 of 4882)
[2026-09-27 14:24:26] Importing RegimeKt$backward(com.octo.analytics.HiddenMarkovModel,java.util.List).members#0.0-0-kotlin.trap.gz (862 of 4882)
[2026-09-27 14:24:26] Importing RegimeKt$emission(com.octo.analytics.HiddenMarkovModel,java.lang.Double).members#0.0-0-kotlin.trap.gz (863 of 4882)
[2026-09-27 14:24:26] Importing RegimeKt$hysteresis(java.util.List,double,double).members#0.0-0-kotlin.trap.gz (864 of 4882)
[2026-09-27 14:24:26] Importing RegimeKt$normalize(java.util.List).members#0.0-0-kotlin.trap.gz (865 of 4882)
[2026-09-27 14:24:26] Importing RegimeKt$probabilityWeightedAllocation(java.util.List,java.util.List).members#0.0-0-kotlin.trap.gz (866 of 4882)
[2026-09-27 14:24:26] Importing RegimeKt$regimeFilter(com.octo.analytics.HiddenMarkovModel,java.util.List).members#0.0-0-kotlin.trap.gz (867 of 4882)
[2026-09-27 14:24:26] Importing RegimeKt$regimeSmoother(com.octo.analytics.HiddenMarkovModel,java.util.List).members#0.0-0-kotlin.trap.gz (868 of 4882)
[2026-09-27 14:24:26] Importing RegimeKt$update(com.octo.analytics.HiddenMarkovModel,java.util.List,java.lang.Double).members#0.0-0-kotlin.trap.gz (869 of 4882)
[2026-09-27 14:24:26] Importing RegimeKt$validate(java.util.List).members#0.0-0-kotlin.trap.gz (870 of 4882)
[2026-09-27 14:24:26] Importing RegimeKt$viterbi(com.octo.analytics.HiddenMarkovModel,java.util.List).members#0.0-0-kotlin.trap.gz (871 of 4882)
[2026-09-27 14:24:26] Importing RegimeKt.members#0.0-0-kotlin.trap.gz (872 of 4882)
[2026-09-27 14:24:26] Importing RegimeObservation.members#0.0-0-kotlin.trap.gz (873 of 4882)
[2026-09-27 14:24:26] Importing RegimeResult.members#0.0-0-kotlin.trap.gz (874 of 4882)
[2026-09-27 14:24:26] Importing RiskKt$CENTRAL_DENOMINATOR;property.members#0.0-0-kotlin.trap.gz (875 of 4882)
[2026-09-27 14:24:26] Importing RiskKt$CENTRAL_NUMERATOR;property.members#0.0-0-kotlin.trap.gz (876 of 4882)
[2026-09-27 14:24:26] Importing RiskKt$MC;property.members#0.0-0-kotlin.trap.gz (877 of 4882)
[2026-09-27 14:24:26] Importing RiskKt$RISK_METHODOLOGY;property.members#0.0-0-kotlin.trap.gz (878 of 4882)
[2026-09-27 14:24:26] Importing RiskKt$TAIL_DENOMINATOR;property.members#0.0-0-kotlin.trap.gz (879 of 4882)
[2026-09-27 14:24:26] Importing RiskKt$TAIL_NUMERATOR;property.members#0.0-0-kotlin.trap.gz (880 of 4882)
[2026-09-27 14:24:26] Importing RiskKt$historicalExpectedShortfall(java.util.List,double).members#0.0-0-kotlin.trap.gz (881 of 4882)
[2026-09-27 14:24:26] Importing RiskKt$horner(double,double[]).members#0.0-0-kotlin.trap.gz (882 of 4882)
[2026-09-27 14:24:26] Importing RiskKt$maxDrawdown(java.util.List).members#0.0-0-kotlin.trap.gz (883 of 4882)
[2026-09-27 14:24:26] Importing RiskKt$normalQuantile(double).members#0.0-0-kotlin.trap.gz (884 of 4882)
[2026-09-27 14:24:26] Importing RiskKt$parametricVar(java.util.List,double,int).members#0.0-0-kotlin.trap.gz (885 of 4882)
[2026-09-27 14:24:26] Importing RiskKt$portfolioVolatility(java.util.List,java.util.List).members#0.0-0-kotlin.trap.gz (886 of 4882)
[2026-09-27 14:24:26] Importing RiskKt$requireFinite(java.lang.String,java.util.Collection).members#0.0-0-kotlin.trap.gz (887 of 4882)
[2026-09-27 14:24:26] Importing RiskKt$riskReport(java.util.List,com.octo.analytics.ValuationBasis,double,double,double).members#0.0-0-kotlin.trap.gz (888 of 4882)
[2026-09-27 14:24:26] Importing RiskKt$sharpe(java.util.List,double).members#0.0-0-kotlin.trap.gz (889 of 4882)
[2026-09-27 14:24:26] Importing RiskKt$sortino(java.util.List,double).members#0.0-0-kotlin.trap.gz (890 of 4882)
[2026-09-27 14:24:26] Importing RiskKt$tail(double).members#0.0-0-kotlin.trap.gz (891 of 4882)
[2026-09-27 14:24:26] Importing RiskKt$timeWeightedReturn(java.util.List,java.util.List).members#0.0-0-kotlin.trap.gz (892 of 4882)
[2026-09-27 14:24:26] Importing RiskKt$volatility(java.util.List).members#0.0-0-kotlin.trap.gz (893 of 4882)
[2026-09-27 14:24:26] Importing RiskKt.members#0.0-0-kotlin.trap.gz (894 of 4882)
[2026-09-27 14:24:26] Importing RiskReport.members#0.0-0-kotlin.trap.gz (895 of 4882)
[2026-09-27 14:24:26] Importing SectorAttribution.members#0.0-0-kotlin.trap.gz (896 of 4882)
[2026-09-27 14:24:26] Importing SectorPerformance.members#0.0-0-kotlin.trap.gz (897 of 4882)
[2026-09-27 14:24:26] Importing SmoothedHistoricalOnly.members#0.0-0-kotlin.trap.gz (898 of 4882)
[2026-09-27 14:24:26] Importing StandardErrors$Classical.members#0.0-0-kotlin.trap.gz (899 of 4882)
[2026-09-27 14:24:26] Importing StandardErrors$Hc1.members#0.0-0-kotlin.trap.gz (900 of 4882)
[2026-09-27 14:24:26] Importing StandardErrors$NeweyWest.members#0.0-0-kotlin.trap.gz (901 of 4882)
[2026-09-27 14:24:26] Importing StandardErrors.members#0.0-0-kotlin.trap.gz (902 of 4882)
[2026-09-27 14:24:26] Importing ValuationAdjustment.members#0.0-0-kotlin.trap.gz (903 of 4882)
[2026-09-27 14:24:26] Importing ValuationBasis.members#0.0-0-kotlin.trap.gz (904 of 4882)
[2026-09-27 14:24:26] Importing ValueBridge.members#0.0-0-kotlin.trap.gz (905 of 4882)
[2026-09-27 14:24:26] Importing performance(com.octo.analytics.CashFlowSeries).members#-1.0-0-null.trap.gz (906 of 4882)
[2026-09-27 14:24:26] Importing JdbcModelRunStore.members#0.0-0-kotlin.trap.gz (907 of 4882)
[2026-09-27 14:24:26] Importing JdbcModelRunStoreKt.members#0.0-0-kotlin.trap.gz (908 of 4882)
[2026-09-27 14:24:26] Importing ModelRun.members#0.0-0-kotlin.trap.gz (909 of 4882)
[2026-09-27 14:24:26] Importing ModelRunOutput.members#0.0-0-kotlin.trap.gz (910 of 4882)
[2026-09-27 14:24:26] Importing ModelStatus$Companion.members#0.0-0-kotlin.trap.gz (911 of 4882)
[2026-09-27 14:24:26] Importing ModelStatus.members#0.0-0-kotlin.trap.gz (912 of 4882)
[2026-09-27 14:24:26] Importing OutputKind$Companion.members#0.0-0-kotlin.trap.gz (913 of 4882)
[2026-09-27 14:24:26] Importing OutputKind.members#0.0-0-kotlin.trap.gz (914 of 4882)
[2026-09-27 14:24:26] Importing CorrelationIdFilter$Companion.members#0.0-0-kotlin.trap.gz (915 of 4882)
[2026-09-27 14:24:26] Importing CorrelationIdFilter.members#0.0-0-kotlin.trap.gz (916 of 4882)
[2026-09-27 14:24:26] Importing CorrelationIdFilterKt.members#0.0-0-kotlin.trap.gz (917 of 4882)
[2026-09-27 14:24:26] Importing OctoApplication.members#0.0-0-kotlin.trap.gz (918 of 4882)
[2026-09-27 14:24:26] Importing OctoApplicationKt$main(java.lang.String[]).members#0.0-0-kotlin.trap.gz (919 of 4882)
[2026-09-27 14:24:26] Importing OctoApplicationKt.members#0.0-0-kotlin.trap.gz (920 of 4882)
[2026-09-27 14:24:26] Importing SecurityConfig.members#0.0-0-kotlin.trap.gz (921 of 4882)
[2026-09-27 14:24:26] Importing SecurityConfigKt.members#0.0-0-kotlin.trap.gz (922 of 4882)
[2026-09-27 14:24:26] Importing AccessConfiguration.members#0.0-0-kotlin.trap.gz (923 of 4882)
[2026-09-27 14:24:26] Importing AccessConfigurationKt.members#0.0-0-kotlin.trap.gz (924 of 4882)
[2026-09-27 14:24:26] Importing MeController$AccessResponse.members#0.0-0-kotlin.trap.gz (925 of 4882)
[2026-09-27 14:24:26] Importing MeController$TenantView.members#0.0-0-kotlin.trap.gz (926 of 4882)
[2026-09-27 14:24:26] Importing MeController.members#0.0-0-kotlin.trap.gz (927 of 4882)
[2026-09-27 14:24:26] Importing MeControllerKt.members#0.0-0-kotlin.trap.gz (928 of 4882)
[2026-09-27 14:24:26] Importing MembershipEvent$Granted.members#0.0-0-kotlin.trap.gz (929 of 4882)
[2026-09-27 14:24:26] Importing MembershipEvent$Revoked.members#0.0-0-kotlin.trap.gz (930 of 4882)
[2026-09-27 14:24:26] Importing MembershipEvent$RoleChanged.members#0.0-0-kotlin.trap.gz (931 of 4882)
[2026-09-27 14:24:26] Importing MembershipEvent.members#0.0-0-kotlin.trap.gz (932 of 4882)
[2026-09-27 14:24:26] Importing MembershipKt$next(com.octo.api.access.MembershipState,com.octo.api.access.MembershipEvent).members#0.0-0-kotlin.trap.gz (933 of 4882)
[2026-09-27 14:24:26] Importing MembershipKt$registered(java.util.UUID,java.util.UUID,java.time.Instant).members#0.0-0-kotlin.trap.gz (934 of 4882)
[2026-09-27 14:24:26] Importing MembershipKt$replay(com.octo.api.access.MembershipState,java.util.List).members#0.0-0-kotlin.trap.gz (935 of 4882)
[2026-09-27 14:24:26] Importing MembershipKt.members#0.0-0-kotlin.trap.gz (936 of 4882)
[2026-09-27 14:24:26] Importing MembershipState.members#0.0-0-kotlin.trap.gz (937 of 4882)
[2026-09-27 14:24:26] Importing MembershipStatus.members#0.0-0-kotlin.trap.gz (938 of 4882)
[2026-09-27 14:24:26] Importing Tenant.members#0.0-0-kotlin.trap.gz (939 of 4882)
[2026-09-27 14:24:26] Importing TenantAccess.members#0.0-0-kotlin.trap.gz (940 of 4882)
[2026-09-27 14:24:26] Importing TenantDirectory.members#0.0-0-kotlin.trap.gz (941 of 4882)
[2026-09-27 14:24:26] Importing TenantDirectoryKt.members#0.0-0-kotlin.trap.gz (942 of 4882)
[2026-09-27 14:24:26] Importing TenantRole$Companion.members#0.0-0-kotlin.trap.gz (943 of 4882)
[2026-09-27 14:24:26] Importing TenantRole.members#0.0-0-kotlin.trap.gz (944 of 4882)
[2026-09-27 14:24:26] Importing AccessProvenance.members#0.0-0-kotlin.trap.gz (945 of 4882)
[2026-09-27 14:24:26] Importing JdbcAccessStore.members#0.0-0-kotlin.trap.gz (946 of 4882)
[2026-09-27 14:24:26] Importing JdbcAccessStoreKt.members#0.0-0-kotlin.trap.gz (947 of 4882)
[2026-09-27 14:24:26] Importing Asset.members#0.0-0-kotlin.trap.gz (948 of 4882)
[2026-09-27 14:24:26] Importing AssetConfiguration.members#0.0-0-kotlin.trap.gz (949 of 4882)
[2026-09-27 14:24:26] Importing AssetConfigurationKt.members#0.0-0-kotlin.trap.gz (950 of 4882)
[2026-09-27 14:24:26] Importing AssetController$AssetResponse.members#0.0-0-kotlin.trap.gz (951 of 4882)
[2026-09-27 14:24:26] Importing AssetController$IdentifierView.members#0.0-0-kotlin.trap.gz (952 of 4882)
[2026-09-27 14:24:26] Importing AssetController.members#0.0-0-kotlin.trap.gz (953 of 4882)
[2026-09-27 14:24:26] Importing AssetControllerKt.members#0.0-0-kotlin.trap.gz (954 of 4882)
[2026-09-27 14:24:26] Importing AssetKt.members#0.0-0-kotlin.trap.gz (955 of 4882)
[2026-09-27 14:24:26] Importing AssetProvenance.members#0.0-0-kotlin.trap.gz (956 of 4882)
[2026-09-27 14:24:26] Importing AssetRecord.members#0.0-0-kotlin.trap.gz (957 of 4882)
[2026-09-27 14:24:26] Importing AssetStore.members#0.0-0-kotlin.trap.gz (958 of 4882)
[2026-09-27 14:24:26] Importing AssetType$Companion.members#0.0-0-kotlin.trap.gz (959 of 4882)
[2026-09-27 14:24:26] Importing AssetType.members#0.0-0-kotlin.trap.gz (960 of 4882)
[2026-09-27 14:24:26] Importing Identifier.members#0.0-0-kotlin.trap.gz (961 of 4882)
[2026-09-27 14:24:26] Importing JdbcAssetStore.members#0.0-0-kotlin.trap.gz (962 of 4882)
[2026-09-27 14:24:26] Importing JdbcAssetStoreKt.members#0.0-0-kotlin.trap.gz (963 of 4882)
[2026-09-27 14:24:26] Importing ComplianceConfiguration.members#0.0-0-kotlin.trap.gz (964 of 4882)
[2026-09-27 14:24:26] Importing ComplianceConfigurationKt.members#0.0-0-kotlin.trap.gz (965 of 4882)
[2026-09-27 14:24:26] Importing ComplianceController$CheckBody.members#0.0-0-kotlin.trap.gz (966 of 4882)
[2026-09-27 14:24:26] Importing ComplianceController$CoverageBody.members#0.0-0-kotlin.trap.gz (967 of 4882)
[2026-09-27 14:24:26] Importing ComplianceController$EvaluationBody.members#0.0-0-kotlin.trap.gz (968 of 4882)
[2026-09-27 14:24:26] Importing ComplianceController$ExposureBody.members#0.0-0-kotlin.trap.gz (969 of 4882)
[2026-09-27 14:24:26] Importing ComplianceController$OutcomeView.members#0.0-0-kotlin.trap.gz (970 of 4882)
[2026-09-27 14:24:26] Importing ComplianceController$RuleBody.members#0.0-0-kotlin.trap.gz (971 of 4882)
[2026-09-27 14:24:26] Importing ComplianceController$RuleView.members#0.0-0-kotlin.trap.gz (972 of 4882)
[2026-09-27 14:24:26] Importing ComplianceController.members#0.0-0-kotlin.trap.gz (973 of 4882)
[2026-09-27 14:24:26] Importing ComplianceControllerKt.members#0.0-0-kotlin.trap.gz (974 of 4882)
[2026-09-27 14:24:26] Importing ComplianceRunner.members#0.0-0-kotlin.trap.gz (975 of 4882)
[2026-09-27 14:24:26] Importing ComplianceRunnerKt.members#0.0-0-kotlin.trap.gz (976 of 4882)
[2026-09-27 14:24:26] Importing Outcome.members#0.0-0-kotlin.trap.gz (977 of 4882)
[2026-09-27 14:24:26] Importing TaskOpener.members#0.0-0-kotlin.trap.gz (978 of 4882)
[2026-09-27 14:24:26] Importing DataConfiguration.members#0.0-0-kotlin.trap.gz (979 of 4882)
[2026-09-27 14:24:26] Importing DataConfigurationKt.members#0.0-0-kotlin.trap.gz (980 of 4882)
[2026-09-27 14:24:26] Importing DataController$DataResponse.members#0.0-0-kotlin.trap.gz (981 of 4882)
[2026-09-27 14:24:26] Importing DataController$ObservationView.members#0.0-0-kotlin.trap.gz (982 of 4882)
[2026-09-27 14:24:26] Importing DataController.members#0.0-0-kotlin.trap.gz (983 of 4882)
[2026-09-27 14:24:26] Importing DataControllerKt.members#0.0-0-kotlin.trap.gz (984 of 4882)
[2026-09-27 14:24:26] Importing EvmIngestionConfiguration$Companion.members#0.0-0-kotlin.trap.gz (985 of 4882)
[2026-09-27 14:24:26] Importing EvmIngestionConfiguration.members#0.0-0-kotlin.trap.gz (986 of 4882)
[2026-09-27 14:24:26] Importing EvmIngestionConfigurationKt.members#0.0-0-kotlin.trap.gz (987 of 4882)
[2026-09-27 14:24:26] Importing EvmSyncRunner.members#0.0-0-kotlin.trap.gz (988 of 4882)
[2026-09-27 14:24:26] Importing EvmSyncRunnerKt.members#0.0-0-kotlin.trap.gz (989 of 4882)
[2026-09-27 14:24:26] Importing HeliusWebhookAuthFilter.members#0.0-0-kotlin.trap.gz (990 of 4882)
[2026-09-27 14:24:26] Importing HeliusWebhookAuthFilterKt.members#0.0-0-kotlin.trap.gz (991 of 4882)
[2026-09-27 14:24:26] Importing HeliusWebhookController.members#0.0-0-kotlin.trap.gz (992 of 4882)
[2026-09-27 14:24:26] Importing HeliusWebhookControllerKt.members#0.0-0-kotlin.trap.gz (993 of 4882)
[2026-09-27 14:24:26] Importing OnchainIngestionConfiguration.members#0.0-0-kotlin.trap.gz (994 of 4882)
[2026-09-27 14:24:26] Importing OnchainIngestionConfigurationKt.members#0.0-0-kotlin.trap.gz (995 of 4882)
[2026-09-27 14:24:26] Importing IcTasks.members#0.0-0-kotlin.trap.gz (996 of 4882)
[2026-09-27 14:24:26] Importing ProspectConfiguration.members#0.0-0-kotlin.trap.gz (997 of 4882)
[2026-09-27 14:24:26] Importing ProspectConfigurationKt.members#0.0-0-kotlin.trap.gz (998 of 4882)
[2026-09-27 14:24:26] Importing ProspectController$EventView.members#0.0-0-kotlin.trap.gz (999 of 4882)
[2026-09-27 14:24:26] Importing ProspectController$IcView.members#0.0-0-kotlin.trap.gz (1000 of 4882)
[2026-09-27 14:24:26] Importing ProspectController$ImportItem.members#0.0-0-kotlin.trap.gz (1001 of 4882)
[2026-09-27 14:24:26] Importing ProspectController$ImportRequest.members#0.0-0-kotlin.trap.gz (1002 of 4882)
[2026-09-27 14:24:26] Importing ProspectController$ImportView.members#0.0-0-kotlin.trap.gz (1003 of 4882)
[2026-09-27 14:24:26] Importing ProspectController$ProspectView.members#0.0-0-kotlin.trap.gz (1004 of 4882)
[2026-09-27 14:24:26] Importing ProspectController$RegisterRequest.members#0.0-0-kotlin.trap.gz (1005 of 4882)
[2026-09-27 14:24:26] Importing ProspectController$RetireRequest.members#0.0-0-kotlin.trap.gz (1006 of 4882)
[2026-09-27 14:24:26] Importing ProspectController$RuleRequest.members#0.0-0-kotlin.trap.gz (1007 of 4882)
[2026-09-27 14:24:26] Importing ProspectController$RuleView.members#0.0-0-kotlin.trap.gz (1008 of 4882)
[2026-09-27 14:24:26] Importing ProspectController$ScreenView.members#0.0-0-kotlin.trap.gz (1009 of 4882)
[2026-09-27 14:24:26] Importing ProspectController$TaskEventRequest.members#0.0-0-kotlin.trap.gz (1010 of 4882)
[2026-09-27 14:24:26] Importing ProspectController$TaskView.members#0.0-0-kotlin.trap.gz (1011 of 4882)
[2026-09-27 14:24:26] Importing ProspectController$TransitionRequest.members#0.0-0-kotlin.trap.gz (1012 of 4882)
[2026-09-27 14:24:26] Importing ProspectController.members#0.0-0-kotlin.trap.gz (1013 of 4882)
[2026-09-27 14:24:26] Importing ProspectControllerKt$CHECKLIST_CLAIM_STAGES;property.members#0.0-0-kotlin.trap.gz (1014 of 4882)
[2026-09-27 14:24:26] Importing ProspectControllerKt$CRITERIA_LIST_LIMIT;property.members#0.0-0-kotlin.trap.gz (1015 of 4882)
[2026-09-27 14:24:26] Importing ProspectControllerKt$DESCRIPTION_LIMIT;property.members#0.0-0-kotlin.trap.gz (1016 of 4882)
[2026-09-27 14:24:26] Importing ProspectControllerKt$FIELD_LIMIT;property.members#0.0-0-kotlin.trap.gz (1017 of 4882)
[2026-09-27 14:24:26] Importing ProspectControllerKt$NAME_LIMIT;property.members#0.0-0-kotlin.trap.gz (1018 of 4882)
[2026-09-27 14:24:26] Importing ProspectControllerKt$PIPELINE_PAGE_LIMIT;property.members#0.0-0-kotlin.trap.gz (1019 of 4882)
[2026-09-27 14:24:26] Importing ProspectControllerKt$RULE_ID_SHAPE;property.members#0.0-0-kotlin.trap.gz (1020 of 4882)
[2026-09-27 14:24:26] Importing ProspectControllerKt.members#0.0-0-kotlin.trap.gz (1021 of 4882)
[2026-09-27 14:24:26] Importing ScreeningRules.members#0.0-0-kotlin.trap.gz (1022 of 4882)
[2026-09-27 14:24:26] Importing BreakOutcome.members#0.0-0-kotlin.trap.gz (1023 of 4882)
[2026-09-27 14:24:26] Importing BreakTaskOpener.members#0.0-0-kotlin.trap.gz (1024 of 4882)
[2026-09-27 14:24:26] Importing ReconciliationConfiguration.members#0.0-0-kotlin.trap.gz (1025 of 4882)
[2026-09-27 14:24:26] Importing ReconciliationConfigurationKt.members#0.0-0-kotlin.trap.gz (1026 of 4882)
[2026-09-27 14:24:26] Importing ReconciliationController$BreakView.members#0.0-0-kotlin.trap.gz (1027 of 4882)
[2026-09-27 14:24:26] Importing ReconciliationController$RecordBody.members#0.0-0-kotlin.trap.gz (1028 of 4882)
[2026-09-27 14:24:26] Importing ReconciliationController$RunBody.members#0.0-0-kotlin.trap.gz (1029 of 4882)
[2026-09-27 14:24:26] Importing ReconciliationController$RunView.members#0.0-0-kotlin.trap.gz (1030 of 4882)
[2026-09-27 14:24:26] Importing ReconciliationController$ToleranceBody.members#0.0-0-kotlin.trap.gz (1031 of 4882)
[2026-09-27 14:24:26] Importing ReconciliationController.members#0.0-0-kotlin.trap.gz (1032 of 4882)
[2026-09-27 14:24:26] Importing ReconciliationControllerKt.members#0.0-0-kotlin.trap.gz (1033 of 4882)
[2026-09-27 14:24:26] Importing ReconciliationRunner.members#0.0-0-kotlin.trap.gz (1034 of 4882)
[2026-09-27 14:24:26] Importing ReconciliationRunnerKt.members#0.0-0-kotlin.trap.gz (1035 of 4882)
[2026-09-27 14:24:26] Importing RunResult.members#0.0-0-kotlin.trap.gz (1036 of 4882)
[2026-09-27 14:24:26] Importing ReleaseController$ReleaseView.members#0.0-0-kotlin.trap.gz (1037 of 4882)
[2026-09-27 14:24:26] Importing ReleaseController.members#0.0-0-kotlin.trap.gz (1038 of 4882)
[2026-09-27 14:24:26] Importing ReleaseControllerKt.members#0.0-0-kotlin.trap.gz (1039 of 4882)
[2026-09-27 14:24:26] Importing ReleaseTasks.members#0.0-0-kotlin.trap.gz (1040 of 4882)
[2026-09-27 14:24:26] Importing ReportConfiguration.members#0.0-0-kotlin.trap.gz (1041 of 4882)
[2026-09-27 14:24:26] Importing ReportConfigurationKt.members#0.0-0-kotlin.trap.gz (1042 of 4882)
[2026-09-27 14:24:26] Importing ReportController$Companion.members#0.0-0-kotlin.trap.gz (1043 of 4882)
[2026-09-27 14:24:26] Importing ReportController$JobView.members#0.0-0-kotlin.trap.gz (1044 of 4882)
[2026-09-27 14:24:26] Importing ReportController$SubmitRequest.members#0.0-0-kotlin.trap.gz (1045 of 4882)
[2026-09-27 14:24:26] Importing ReportController.members#0.0-0-kotlin.trap.gz (1046 of 4882)
[2026-09-27 14:24:26] Importing ReportControllerKt.members#0.0-0-kotlin.trap.gz (1047 of 4882)
[2026-09-27 14:24:26] Importing ReportRunner$PerformanceInput$Flow.members#0.0-0-kotlin.trap.gz (1048 of 4882)
[2026-09-27 14:24:26] Importing ReportRunner$PerformanceInput.members#0.0-0-kotlin.trap.gz (1049 of 4882)
[2026-09-27 14:24:26] Importing ReportRunner.members#0.0-0-kotlin.trap.gz (1050 of 4882)
[2026-09-27 14:24:26] Importing ReportRunnerKt.members#0.0-0-kotlin.trap.gz (1051 of 4882)
[2026-09-27 14:24:26] Importing ReportScheduleController$ScheduleBody.members#0.0-0-kotlin.trap.gz (1052 of 4882)
[2026-09-27 14:24:26] Importing ReportScheduleController$ScheduleView.members#0.0-0-kotlin.trap.gz (1053 of 4882)
[2026-09-27 14:24:26] Importing ReportScheduleController.members#0.0-0-kotlin.trap.gz (1054 of 4882)
[2026-09-27 14:24:26] Importing ReportScheduleControllerKt.members#0.0-0-kotlin.trap.gz (1055 of 4882)
[2026-09-27 14:24:26] Importing ReportScheduleRunner.members#0.0-0-kotlin.trap.gz (1056 of 4882)
[2026-09-27 14:24:26] Importing ReportScheduleRunnerKt.members#0.0-0-kotlin.trap.gz (1057 of 4882)
[2026-09-27 14:24:26] Importing ControlPanelKt.members#0.0-0-kotlin.trap.gz (1058 of 4882)
[2026-09-27 14:24:26] Importing ChoiceAnswer.members#0.0-0-kotlin.trap.gz (1059 of 4882)
[2026-09-27 14:24:26] Importing ChoiceQuestion.members#0.0-0-kotlin.trap.gz (1060 of 4882)
[2026-09-27 14:24:26] Importing ClassifiedState.members#0.0-0-kotlin.trap.gz (1061 of 4882)
[2026-09-27 14:24:26] Importing ConfidentialStateRejectedException.members#0.0-0-kotlin.trap.gz (1062 of 4882)
[2026-09-27 14:24:26] Importing DataClassification.members#0.0-0-kotlin.trap.gz (1063 of 4882)
[2026-09-27 14:24:26] Importing DataClassificationKt.members#0.0-0-kotlin.trap.gz (1064 of 4882)
[2026-09-27 14:24:26] Importing DecisionLineage.members#0.0-0-kotlin.trap.gz (1065 of 4882)
[2026-09-27 14:24:26] Importing DecisionModelConfig$Companion.members#0.0-0-kotlin.trap.gz (1066 of 4882)
[2026-09-27 14:24:26] Importing DecisionModelConfig.members#0.0-0-kotlin.trap.gz (1067 of 4882)
[2026-09-27 14:24:26] Importing DecisionModelConfigKt.members#0.0-0-kotlin.trap.gz (1068 of 4882)
[2026-09-27 14:24:26] Importing DecisionsRequest.members#0.0-0-kotlin.trap.gz (1069 of 4882)
[2026-09-27 14:24:26] Importing DecisionsResponse.members#0.0-0-kotlin.trap.gz (1070 of 4882)
[2026-09-27 14:24:26] Importing JdkHttpTransport.members#0.0-0-kotlin.trap.gz (1071 of 4882)
[2026-09-27 14:24:26] Importing JdkHttpTransportKt.members#0.0-0-kotlin.trap.gz (1072 of 4882)
[2026-09-27 14:24:26] Importing JudgmentAnswer.members#0.0-0-kotlin.trap.gz (1073 of 4882)
[2026-09-27 14:24:26] Importing JudgmentAnswerKt.members#0.0-0-kotlin.trap.gz (1074 of 4882)
[2026-09-27 14:24:26] Importing JudgmentClient.members#0.0-0-kotlin.trap.gz (1075 of 4882)
[2026-09-27 14:24:26] Importing JudgmentClientKt.members#0.0-0-kotlin.trap.gz (1076 of 4882)
[2026-09-27 14:24:26] Importing JudgmentExchangeKt$choiceAnswer(com.octo.controlpanel.judgment.JudgmentResult,java.lang.String).members#0.0-0-kotlin.trap.gz (1077 of 4882)
[2026-09-27 14:24:26] Importing JudgmentExchangeKt$noulAnswer(com.octo.controlpanel.judgment.JudgmentResult,java.lang.String).members#0.0-0-kotlin.trap.gz (1078 of 4882)
[2026-09-27 14:24:26] Importing JudgmentExchangeKt.members#0.0-0-kotlin.trap.gz (1079 of 4882)
[2026-09-27 14:24:26] Importing JudgmentQuestion.members#0.0-0-kotlin.trap.gz (1080 of 4882)
[2026-09-27 14:24:26] Importing JudgmentQuestionKt.members#0.0-0-kotlin.trap.gz (1081 of 4882)
[2026-09-27 14:24:26] Importing JudgmentRequestException.members#0.0-0-kotlin.trap.gz (1082 of 4882)
[2026-09-27 14:24:26] Importing JudgmentResult.members#0.0-0-kotlin.trap.gz (1083 of 4882)
[2026-09-27 14:24:26] Importing JudgmentTransport.members#0.0-0-kotlin.trap.gz (1084 of 4882)
[2026-09-27 14:24:26] Importing NoulAnswer.members#0.0-0-kotlin.trap.gz (1085 of 4882)
[2026-09-27 14:24:26] Importing NoulCriteria.members#0.0-0-kotlin.trap.gz (1086 of 4882)
[2026-09-27 14:24:26] Importing NoulQuestion.members#0.0-0-kotlin.trap.gz (1087 of 4882)
[2026-09-27 14:24:26] Importing OpenRouterDecisionsClient$Companion.members#0.0-0-kotlin.trap.gz (1088 of 4882)
[2026-09-27 14:24:26] Importing OpenRouterDecisionsClient.members#0.0-0-kotlin.trap.gz (1089 of 4882)
[2026-09-27 14:24:26] Importing OpenRouterDecisionsClientKt.members#0.0-0-kotlin.trap.gz (1090 of 4882)
[2026-09-27 14:24:26] Importing ProviderRouting.members#0.0-0-kotlin.trap.gz (1091 of 4882)
[2026-09-27 14:24:26] Importing ScoreAnswer.members#0.0-0-kotlin.trap.gz (1092 of 4882)
[2026-09-27 14:24:26] Importing ScoreQuestion.members#0.0-0-kotlin.trap.gz (1093 of 4882)
[2026-09-27 14:24:26] Importing TokenUsage.members#0.0-0-kotlin.trap.gz (1094 of 4882)
[2026-09-27 14:24:26] Importing TransportResponse.members#0.0-0-kotlin.trap.gz (1095 of 4882)
[2026-09-27 14:24:26] Importing UnexpectedAnswerException.members#0.0-0-kotlin.trap.gz (1096 of 4882)
[2026-09-27 14:24:26] Importing choiceAnswer(com.octo.controlpanel.judgment.JudgmentResult,java.lang.String).members#-1.0-0-null.trap.gz (1097 of 4882)
[2026-09-27 14:24:26] Importing noulAnswer(com.octo.controlpanel.judgment.JudgmentResult,java.lang.String).members#-1.0-0-null.trap.gz (1098 of 4882)
[2026-09-27 14:24:26] Importing Prospect.members#0.0-0-kotlin.trap.gz (1099 of 4882)
[2026-09-27 14:24:26] Importing ProspectEvent$Advanced.members#0.0-0-kotlin.trap.gz (1100 of 4882)
[2026-09-27 14:24:26] Importing ProspectEvent$Invested.members#0.0-0-kotlin.trap.gz (1101 of 4882)
[2026-09-27 14:24:26] Importing ProspectEvent$Passed.members#0.0-0-kotlin.trap.gz (1102 of 4882)
[2026-09-27 14:24:26] Importing ProspectEvent.members#0.0-0-kotlin.trap.gz (1103 of 4882)
[2026-09-27 14:24:26] Importing ProspectKt$next(com.octo.dealsourcing.ProspectState,com.octo.dealsourcing.ProspectEvent).members#0.0-0-kotlin.trap.gz (1104 of 4882)
[2026-09-27 14:24:26] Importing ProspectKt$registered(com.octo.dealsourcing.Prospect).members#0.0-0-kotlin.trap.gz (1105 of 4882)
[2026-09-27 14:24:26] Importing ProspectKt$replay(com.octo.dealsourcing.Prospect,java.util.List).members#0.0-0-kotlin.trap.gz (1106 of 4882)
[2026-09-27 14:24:26] Importing ProspectKt.members#0.0-0-kotlin.trap.gz (1107 of 4882)
[2026-09-27 14:24:26] Importing ProspectSource$Companion.members#0.0-0-kotlin.trap.gz (1108 of 4882)
[2026-09-27 14:24:26] Importing ProspectSource.members#0.0-0-kotlin.trap.gz (1109 of 4882)
[2026-09-27 14:24:26] Importing ProspectStage$Companion.members#0.0-0-kotlin.trap.gz (1110 of 4882)
[2026-09-27 14:24:26] Importing ProspectStage.members#0.0-0-kotlin.trap.gz (1111 of 4882)
[2026-09-27 14:24:26] Importing ProspectState.members#0.0-0-kotlin.trap.gz (1112 of 4882)
[2026-09-27 14:24:26] Importing ScreeningCriteria$Companion.members#0.0-0-kotlin.trap.gz (1113 of 4882)
[2026-09-27 14:24:26] Importing ScreeningCriteria.members#0.0-0-kotlin.trap.gz (1114 of 4882)
[2026-09-27 14:24:26] Importing ScreeningKt$check(java.util.Set,java.lang.String,java.lang.String,java.util.List,java.util.List).members#0.0-0-kotlin.trap.gz (1115 of 4882)
[2026-09-27 14:24:26] Importing ScreeningKt$combine(java.util.List).members#0.0-0-kotlin.trap.gz (1116 of 4882)
[2026-09-27 14:24:26] Importing ScreeningKt$evaluate(com.octo.dealsourcing.ScreeningCriteria,com.octo.dealsourcing.Prospect).members#0.0-0-kotlin.trap.gz (1117 of 4882)
[2026-09-27 14:24:26] Importing ScreeningKt$evaluateAll(com.octo.dealsourcing.Prospect,java.util.List).members#0.0-0-kotlin.trap.gz (1118 of 4882)
[2026-09-27 14:24:26] Importing ScreeningKt.members#0.0-0-kotlin.trap.gz (1119 of 4882)
[2026-09-27 14:24:26] Importing ScreeningOutcome.members#0.0-0-kotlin.trap.gz (1120 of 4882)
[2026-09-27 14:24:26] Importing ScreeningVerdict.members#0.0-0-kotlin.trap.gz (1121 of 4882)
[2026-09-27 14:24:26] Importing combine(java.util.List).members#-1.0-0-null.trap.gz (1122 of 4882)
[2026-09-27 14:24:26] Importing evaluate(com.octo.dealsourcing.ScreeningCriteria,com.octo.dealsourcing.Prospect).members#-1.0-0-null.trap.gz (1123 of 4882)
[2026-09-27 14:24:26] Importing next(com.octo.dealsourcing.ProspectState,com.octo.dealsourcing.ProspectEvent).members#-1.0-0-null.trap.gz (1124 of 4882)
[2026-09-27 14:24:26] Importing JdbcProspectStore.members#0.0-0-kotlin.trap.gz (1125 of 4882)
[2026-09-27 14:24:26] Importing JdbcProspectStoreKt.members#0.0-0-kotlin.trap.gz (1126 of 4882)
[2026-09-27 14:24:26] Importing JdbcScreeningRuleStore$Latest.members#0.0-0-kotlin.trap.gz (1127 of 4882)
[2026-09-27 14:24:26] Importing JdbcScreeningRuleStore.members#0.0-0-kotlin.trap.gz (1128 of 4882)
[2026-09-27 14:24:26] Importing JdbcScreeningRuleStoreKt.members#0.0-0-kotlin.trap.gz (1129 of 4882)
[2026-09-27 14:24:26] Importing ProspectEventRow.members#0.0-0-kotlin.trap.gz (1130 of 4882)
[2026-09-27 14:24:26] Importing ProspectProvenance.members#0.0-0-kotlin.trap.gz (1131 of 4882)
[2026-09-27 14:24:26] Importing ProspectStore.members#0.0-0-kotlin.trap.gz (1132 of 4882)
[2026-09-27 14:24:26] Importing ProspectStoreKt$IMPORT_BATCH_LIMIT;property.members#0.0-0-kotlin.trap.gz (1133 of 4882)
[2026-09-27 14:24:26] Importing ProspectStoreKt.members#0.0-0-kotlin.trap.gz (1134 of 4882)
[2026-09-27 14:24:26] Importing ScreeningRuleRow.members#0.0-0-kotlin.trap.gz (1135 of 4882)
[2026-09-27 14:24:26] Importing registered(com.octo.dealsourcing.Prospect).members#-1.0-0-null.trap.gz (1136 of 4882)
[2026-09-27 14:24:26] Importing CommitmentPosition.members#0.0-0-kotlin.trap.gz (1137 of 4882)
[2026-09-27 14:24:26] Importing DealPosition.members#0.0-0-kotlin.trap.gz (1138 of 4882)
[2026-09-27 14:24:26] Importing FlowType.members#0.0-0-kotlin.trap.gz (1139 of 4882)
[2026-09-27 14:24:26] Importing InstrumentFlow.members#0.0-0-kotlin.trap.gz (1140 of 4882)
[2026-09-27 14:24:26] Importing InstrumentFlowKt$currentFlows(java.util.List,java.time.Instant).members#0.0-0-kotlin.trap.gz (1141 of 4882)
[2026-09-27 14:24:26] Importing InstrumentFlowKt$signed(com.octo.iborcore.InstrumentFlow).members#0.0-0-kotlin.trap.gz (1142 of 4882)
[2026-09-27 14:24:26] Importing InstrumentFlowKt$tokenPositions(java.util.List,java.time.Instant).members#0.0-0-kotlin.trap.gz (1143 of 4882)
[2026-09-27 14:24:26] Importing InstrumentFlowKt.members#0.0-0-kotlin.trap.gz (1144 of 4882)
[2026-09-27 14:24:26] Importing InstrumentFlowPromoter.members#0.0-0-kotlin.trap.gz (1145 of 4882)
[2026-09-27 14:24:26] Importing InstrumentFlowStore.members#0.0-0-kotlin.trap.gz (1146 of 4882)
[2026-09-27 14:24:26] Importing InstrumentFlowType.members#0.0-0-kotlin.trap.gz (1147 of 4882)
[2026-09-27 14:24:26] Importing InstrumentKey.members#0.0-0-kotlin.trap.gz (1148 of 4882)
[2026-09-27 14:24:26] Importing LedgerEvent.members#0.0-0-kotlin.trap.gz (1149 of 4882)
[2026-09-27 14:24:26] Importing LedgerKt$commitmentPosition(java.util.List,java.util.Set,java.time.Instant,java.time.ZoneId).members#0.0-0-kotlin.trap.gz (1150 of 4882)
[2026-09-27 14:24:26] Importing LedgerKt$currentEvents(java.util.List,java.time.Instant).members#0.0-0-kotlin.trap.gz (1151 of 4882)
[2026-09-27 14:24:26] Importing LedgerKt$dealPosition(java.util.List,java.util.Set,java.util.List,java.util.Set,java.time.LocalDate,java.time.Ins#9a228f18.members#0.0-0-kotlin.trap.gz (1152 of 4882)
[2026-09-27 14:24:26] Importing LedgerKt$resolveCurrent(java.util.List,java.time.Instant,kotlin.jvm.functions.Function1,kotlin.jvm.functions.Functi#e9e12f67.members#0.0-0-kotlin.trap.gz (1153 of 4882)
[2026-09-27 14:24:26] Importing LedgerKt.members#0.0-0-kotlin.trap.gz (1154 of 4882)
[2026-09-27 14:24:26] Importing OnchainPromotionKt$PROMOTION_ACTOR;property.members#0.0-0-kotlin.trap.gz (1155 of 4882)
[2026-09-27 14:24:26] Importing OnchainPromotionKt.members#0.0-0-kotlin.trap.gz (1156 of 4882)
[2026-09-27 14:24:26] Importing PromotionReport.members#0.0-0-kotlin.trap.gz (1157 of 4882)
[2026-09-27 14:24:26] Importing StagedTransfer.members#0.0-0-kotlin.trap.gz (1158 of 4882)
[2026-09-27 14:24:26] Importing TokenPosition.members#0.0-0-kotlin.trap.gz (1159 of 4882)
[2026-09-27 14:24:26] Importing ValuationEvent.members#0.0-0-kotlin.trap.gz (1160 of 4882)
[2026-09-27 14:24:26] Importing ValuationKt$latestValuation(java.util.List,java.util.Set,java.time.LocalDate,java.time.Instant).members#0.0-0-kotlin.trap.gz (1161 of 4882)
[2026-09-27 14:24:26] Importing ValuationKt.members#0.0-0-kotlin.trap.gz (1162 of 4882)
[2026-09-27 14:24:26] Importing ValuationMethod$Companion.members#0.0-0-kotlin.trap.gz (1163 of 4882)
[2026-09-27 14:24:26] Importing ValuationMethod.members#0.0-0-kotlin.trap.gz (1164 of 4882)
[2026-09-27 14:24:26] Importing JdbcIborReader$Companion.members#0.0-0-kotlin.trap.gz (1165 of 4882)
[2026-09-27 14:24:26] Importing JdbcIborReader.members#0.0-0-kotlin.trap.gz (1166 of 4882)
[2026-09-27 14:24:26] Importing JdbcIborReaderKt.members#0.0-0-kotlin.trap.gz (1167 of 4882)
[2026-09-27 14:24:26] Importing JdbcInstrumentFlowStore.members#0.0-0-kotlin.trap.gz (1168 of 4882)
[2026-09-27 14:24:26] Importing JdbcInstrumentFlowStoreKt.members#0.0-0-kotlin.trap.gz (1169 of 4882)
[2026-09-27 14:24:26] Importing IngestionKt.members#0.0-0-kotlin.trap.gz (1170 of 4882)
[2026-09-27 14:24:26] Importing DocumentClassification.members#0.0-0-kotlin.trap.gz (1171 of 4882)
[2026-09-27 14:24:26] Importing DocumentClassificationCriteria.members#0.0-0-kotlin.trap.gz (1172 of 4882)
[2026-09-27 14:24:26] Importing DocumentClassificationCriteriaKt.members#0.0-0-kotlin.trap.gz (1173 of 4882)
[2026-09-27 14:24:26] Importing DocumentClassifier$Companion.members#0.0-0-kotlin.trap.gz (1174 of 4882)
[2026-09-27 14:24:26] Importing DocumentClassifier.members#0.0-0-kotlin.trap.gz (1175 of 4882)
[2026-09-27 14:24:26] Importing DocumentClassifierKt.members#0.0-0-kotlin.trap.gz (1176 of 4882)
[2026-09-27 14:24:26] Importing DocumentType$Companion.members#0.0-0-kotlin.trap.gz (1177 of 4882)
[2026-09-27 14:24:26] Importing DocumentType.members#0.0-0-kotlin.trap.gz (1178 of 4882)
[2026-09-27 14:24:26] Importing DocumentTypeKt.members#0.0-0-kotlin.trap.gz (1179 of 4882)
[2026-09-27 14:24:26] Importing ClaimSupport.members#0.0-0-kotlin.trap.gz (1180 of 4882)
[2026-09-27 14:24:26] Importing ClaimSupportAssessor$Companion.members#0.0-0-kotlin.trap.gz (1181 of 4882)
[2026-09-27 14:24:26] Importing ClaimSupportAssessor.members#0.0-0-kotlin.trap.gz (1182 of 4882)
[2026-09-27 14:24:26] Importing ClaimSupportAssessorKt.members#0.0-0-kotlin.trap.gz (1183 of 4882)
[2026-09-27 14:24:26] Importing ClaimSupportCriteria.members#0.0-0-kotlin.trap.gz (1184 of 4882)
[2026-09-27 14:24:26] Importing ClaimSupportPolicy.members#0.0-0-kotlin.trap.gz (1185 of 4882)
[2026-09-27 14:24:26] Importing ClaimSupportPolicyKt.members#0.0-0-kotlin.trap.gz (1186 of 4882)
[2026-09-27 14:24:26] Importing HttpTransport.members#0.0-0-kotlin.trap.gz (1187 of 4882)
[2026-09-27 14:24:26] Importing HttpTransportKt.members#0.0-0-kotlin.trap.gz (1188 of 4882)
[2026-09-27 14:24:26] Importing RetryPolicy.members#0.0-0-kotlin.trap.gz (1189 of 4882)
[2026-09-27 14:24:26] Importing RetryPolicyKt.members#0.0-0-kotlin.trap.gz (1190 of 4882)
[2026-09-27 14:24:26] Importing TransportResponse.members#0.0-0-kotlin.trap.gz (1191 of 4882)
[2026-09-27 14:24:26] Importing MarketDataFunction.members#0.0-0-kotlin.trap.gz (1192 of 4882)
[2026-09-27 14:24:26] Importing MarketDataPoint.members#0.0-0-kotlin.trap.gz (1193 of 4882)
[2026-09-27 14:24:26] Importing MarketDataSyncService.members#0.0-0-kotlin.trap.gz (1194 of 4882)
[2026-09-27 14:24:26] Importing MarketDataSyncServiceKt.members#0.0-0-kotlin.trap.gz (1195 of 4882)
[2026-09-27 14:24:26] Importing MarketDataTarget.members#0.0-0-kotlin.trap.gz (1196 of 4882)
[2026-09-27 14:24:26] Importing MarketDataTypesKt$MARKETDATA_SOURCE_SYSTEM;property.members#0.0-0-kotlin.trap.gz (1197 of 4882)
[2026-09-27 14:24:26] Importing MarketDataTypesKt.members#0.0-0-kotlin.trap.gz (1198 of 4882)
[2026-09-27 14:24:26] Importing TargetSyncResult.members#0.0-0-kotlin.trap.gz (1199 of 4882)
[2026-09-27 14:24:26] Importing AlphaVantageApi.members#0.0-0-kotlin.trap.gz (1200 of 4882)
[2026-09-27 14:24:26] Importing AlphaVantageClient$Companion.members#0.0-0-kotlin.trap.gz (1201 of 4882)
[2026-09-27 14:24:26] Importing AlphaVantageClient.members#0.0-0-kotlin.trap.gz (1202 of 4882)
[2026-09-27 14:24:26] Importing AlphaVantageClientKt.members#0.0-0-kotlin.trap.gz (1203 of 4882)
[2026-09-27 14:24:26] Importing AlphaVantageConfig$Companion.members#0.0-0-kotlin.trap.gz (1204 of 4882)
[2026-09-27 14:24:26] Importing AlphaVantageConfig.members#0.0-0-kotlin.trap.gz (1205 of 4882)
[2026-09-27 14:24:26] Importing AlphaVantageConfigKt.members#0.0-0-kotlin.trap.gz (1206 of 4882)
[2026-09-27 14:24:26] Importing AlphaVantageException.members#0.0-0-kotlin.trap.gz (1207 of 4882)
[2026-09-27 14:24:26] Importing AlphaVantageNormalizer$Companion.members#0.0-0-kotlin.trap.gz (1208 of 4882)
[2026-09-27 14:24:26] Importing AlphaVantageNormalizer.members#0.0-0-kotlin.trap.gz (1209 of 4882)
[2026-09-27 14:24:26] Importing AlphaVantageNormalizerKt.members#0.0-0-kotlin.trap.gz (1210 of 4882)
[2026-09-27 14:24:26] Importing BalanceCollectionReport.members#0.0-0-kotlin.trap.gz (1211 of 4882)
[2026-09-27 14:24:26] Importing BalanceSource.members#0.0-0-kotlin.trap.gz (1212 of 4882)
[2026-09-27 14:24:26] Importing ClaimComparator.members#0.0-0-kotlin.trap.gz (1213 of 4882)
[2026-09-27 14:24:26] Importing ClaimVerdict.members#0.0-0-kotlin.trap.gz (1214 of 4882)
[2026-09-27 14:24:26] Importing ClaimVerification.members#0.0-0-kotlin.trap.gz (1215 of 4882)
[2026-09-27 14:24:26] Importing ClaimVerifier.members#0.0-0-kotlin.trap.gz (1216 of 4882)
[2026-09-27 14:24:26] Importing ClaimVerifierKt.members#0.0-0-kotlin.trap.gz (1217 of 4882)
[2026-09-27 14:24:26] Importing DeclaredMetric.members#0.0-0-kotlin.trap.gz (1218 of 4882)
[2026-09-27 14:24:26] Importing EvidenceKind.members#0.0-0-kotlin.trap.gz (1219 of 4882)
[2026-09-27 14:24:26] Importing EvidenceSubject.members#0.0-0-kotlin.trap.gz (1220 of 4882)
[2026-09-27 14:24:26] Importing FinalityProbe$Companion.members#0.0-0-kotlin.trap.gz (1221 of 4882)
[2026-09-27 14:24:26] Importing FinalityProbe.members#0.0-0-kotlin.trap.gz (1222 of 4882)
[2026-09-27 14:24:26] Importing FinalityProbeKt.members#0.0-0-kotlin.trap.gz (1223 of 4882)
[2026-09-27 14:24:26] Importing OnchainBalance.members#0.0-0-kotlin.trap.gz (1224 of 4882)
[2026-09-27 14:24:26] Importing OnchainBalanceCollector$Companion.members#0.0-0-kotlin.trap.gz (1225 of 4882)
[2026-09-27 14:24:26] Importing OnchainBalanceCollector.members#0.0-0-kotlin.trap.gz (1226 of 4882)
[2026-09-27 14:24:26] Importing OnchainBalanceCollectorKt.members#0.0-0-kotlin.trap.gz (1227 of 4882)
[2026-09-27 14:24:26] Importing OnchainEvidence.members#0.0-0-kotlin.trap.gz (1228 of 4882)
[2026-09-27 14:24:26] Importing OnchainEvidenceAdapter$Companion.members#0.0-0-kotlin.trap.gz (1229 of 4882)
[2026-09-27 14:24:26] Importing OnchainEvidenceAdapter.members#0.0-0-kotlin.trap.gz (1230 of 4882)
[2026-09-27 14:24:26] Importing OnchainEvidenceAdapterKt.members#0.0-0-kotlin.trap.gz (1231 of 4882)
[2026-09-27 14:24:26] Importing OnchainStagingStore.members#0.0-0-kotlin.trap.gz (1232 of 4882)
[2026-09-27 14:24:26] Importing OnchainStagingStoreKt.members#0.0-0-kotlin.trap.gz (1233 of 4882)
[2026-09-27 14:24:26] Importing OnchainStakingCollector$Companion.members#0.0-0-kotlin.trap.gz (1234 of 4882)
[2026-09-27 14:24:26] Importing OnchainStakingCollector.members#0.0-0-kotlin.trap.gz (1235 of 4882)
[2026-09-27 14:24:26] Importing OnchainStakingCollectorKt.members#0.0-0-kotlin.trap.gz (1236 of 4882)
[2026-09-27 14:24:26] Importing OnchainSyncService.members#0.0-0-kotlin.trap.gz (1237 of 4882)
[2026-09-27 14:24:26] Importing OnchainSyncServiceKt.members#0.0-0-kotlin.trap.gz (1238 of 4882)
[2026-09-27 14:24:26] Importing OnchainTransfer.members#0.0-0-kotlin.trap.gz (1239 of 4882)
[2026-09-27 14:24:26] Importing OnchainTypesKt$CHAIN_ARBITRUM_ONE;property.members#0.0-0-kotlin.trap.gz (1240 of 4882)
[2026-09-27 14:24:26] Importing OnchainTypesKt$CHAIN_SOLANA;property.members#0.0-0-kotlin.trap.gz (1241 of 4882)
[2026-09-27 14:24:26] Importing OnchainTypesKt$ONCHAIN_SOURCE_SYSTEM;property.members#0.0-0-kotlin.trap.gz (1242 of 4882)
[2026-09-27 14:24:26] Importing OnchainTypesKt.members#0.0-0-kotlin.trap.gz (1243 of 4882)
[2026-09-27 14:24:26] Importing OnchainWebhookService.members#0.0-0-kotlin.trap.gz (1244 of 4882)
[2026-09-27 14:24:26] Importing OnchainWebhookServiceKt.members#0.0-0-kotlin.trap.gz (1245 of 4882)
[2026-09-27 14:24:26] Importing StakeAccountInfo.members#0.0-0-kotlin.trap.gz (1246 of 4882)
[2026-09-27 14:24:26] Importing StakingCollectionReport.members#0.0-0-kotlin.trap.gz (1247 of 4882)
[2026-09-27 14:24:26] Importing SyncResult.members#0.0-0-kotlin.trap.gz (1248 of 4882)
[2026-09-27 14:24:26] Importing TokenContract.members#0.0-0-kotlin.trap.gz (1249 of 4882)
[2026-09-27 14:24:26] Importing TransferDirection.members#0.0-0-kotlin.trap.gz (1250 of 4882)
[2026-09-27 14:24:26] Importing TransferKind.members#0.0-0-kotlin.trap.gz (1251 of 4882)
[2026-09-27 14:24:26] Importing WatchSource.members#0.0-0-kotlin.trap.gz (1252 of 4882)
[2026-09-27 14:24:26] Importing EvmBalanceCollector$Companion.members#0.0-0-kotlin.trap.gz (1253 of 4882)
[2026-09-27 14:24:26] Importing EvmBalanceCollector.members#0.0-0-kotlin.trap.gz (1254 of 4882)
[2026-09-27 14:24:26] Importing EvmBalanceCollectorKt.members#0.0-0-kotlin.trap.gz (1255 of 4882)
[2026-09-27 14:24:26] Importing EvmBalanceReport.members#0.0-0-kotlin.trap.gz (1256 of 4882)
[2026-09-27 14:24:26] Importing EvmConfig.members#0.0-0-kotlin.trap.gz (1257 of 4882)
[2026-09-27 14:24:26] Importing EvmConfigKt.members#0.0-0-kotlin.trap.gz (1258 of 4882)
[2026-09-27 14:24:26] Importing EvmDecimalsResolver.members#0.0-0-kotlin.trap.gz (1259 of 4882)
[2026-09-27 14:24:26] Importing EvmDecimalsResolverKt.members#0.0-0-kotlin.trap.gz (1260 of 4882)
[2026-09-27 14:24:26] Importing EvmEvidenceAdapter.members#0.0-0-kotlin.trap.gz (1261 of 4882)
[2026-09-27 14:24:26] Importing EvmEvidenceAdapterKt.members#0.0-0-kotlin.trap.gz (1262 of 4882)
[2026-09-27 14:24:26] Importing EvmException.members#0.0-0-kotlin.trap.gz (1263 of 4882)
[2026-09-27 14:24:26] Importing EvmRpcApi.members#0.0-0-kotlin.trap.gz (1264 of 4882)
[2026-09-27 14:24:26] Importing EvmRpcApiKt.members#0.0-0-kotlin.trap.gz (1265 of 4882)
[2026-09-27 14:24:26] Importing EvmRpcClient$Companion.members#0.0-0-kotlin.trap.gz (1266 of 4882)
[2026-09-27 14:24:26] Importing EvmRpcClient.members#0.0-0-kotlin.trap.gz (1267 of 4882)
[2026-09-27 14:24:26] Importing EvmRpcClientKt$asQuantity(com.fasterxml.jackson.databind.JsonNode).members#0.0-0-kotlin.trap.gz (1268 of 4882)
[2026-09-27 14:24:26] Importing EvmRpcClientKt$asQuantityOrNull(com.fasterxml.jackson.databind.JsonNode).members#0.0-0-kotlin.trap.gz (1269 of 4882)
[2026-09-27 14:24:26] Importing EvmRpcClientKt$asTopic(java.lang.String).members#0.0-0-kotlin.trap.gz (1270 of 4882)
[2026-09-27 14:24:26] Importing EvmRpcClientKt$toHexQuantity(long).members#0.0-0-kotlin.trap.gz (1271 of 4882)
[2026-09-27 14:24:26] Importing EvmRpcClientKt$toQuantity(java.lang.String).members#0.0-0-kotlin.trap.gz (1272 of 4882)
[2026-09-27 14:24:26] Importing EvmRpcClientKt$toQuantityOrNull(java.lang.String).members#0.0-0-kotlin.trap.gz (1273 of 4882)
[2026-09-27 14:24:26] Importing EvmRpcClientKt.members#0.0-0-kotlin.trap.gz (1274 of 4882)
[2026-09-27 14:24:26] Importing EvmScanReport.members#0.0-0-kotlin.trap.gz (1275 of 4882)
[2026-09-27 14:24:26] Importing EvmScanService$WindowOutcome.members#0.0-0-kotlin.trap.gz (1276 of 4882)
[2026-09-27 14:24:26] Importing EvmScanService.members#0.0-0-kotlin.trap.gz (1277 of 4882)
[2026-09-27 14:24:26] Importing EvmScanServiceKt.members#0.0-0-kotlin.trap.gz (1278 of 4882)
[2026-09-27 14:24:26] Importing EvmTransferNormalizer$Companion.members#0.0-0-kotlin.trap.gz (1279 of 4882)
[2026-09-27 14:24:26] Importing EvmTransferNormalizer.members#0.0-0-kotlin.trap.gz (1280 of 4882)
[2026-09-27 14:24:26] Importing EvmTransferNormalizerKt.members#0.0-0-kotlin.trap.gz (1281 of 4882)
[2026-09-27 14:24:26] Importing HeliusBalanceNormalizer$BalanceParse.members#0.0-0-kotlin.trap.gz (1282 of 4882)
[2026-09-27 14:24:26] Importing HeliusBalanceNormalizer$Companion.members#0.0-0-kotlin.trap.gz (1283 of 4882)
[2026-09-27 14:24:26] Importing HeliusBalanceNormalizer.members#0.0-0-kotlin.trap.gz (1284 of 4882)
[2026-09-27 14:24:26] Importing HeliusBalanceNormalizerKt.members#0.0-0-kotlin.trap.gz (1285 of 4882)
[2026-09-27 14:24:26] Importing HeliusClientKt.members#0.0-0-kotlin.trap.gz (1286 of 4882)
[2026-09-27 14:24:26] Importing HeliusConfig.members#0.0-0-kotlin.trap.gz (1287 of 4882)
[2026-09-27 14:24:26] Importing HeliusConfigKt.members#0.0-0-kotlin.trap.gz (1288 of 4882)
[2026-09-27 14:24:26] Importing HeliusException.members#0.0-0-kotlin.trap.gz (1289 of 4882)
[2026-09-27 14:24:26] Importing HeliusFinalityProbe.members#0.0-0-kotlin.trap.gz (1290 of 4882)
[2026-09-27 14:24:26] Importing HeliusFinalityProbeKt.members#0.0-0-kotlin.trap.gz (1291 of 4882)
[2026-09-27 14:24:26] Importing HeliusNetwork.members#0.0-0-kotlin.trap.gz (1292 of 4882)
[2026-09-27 14:24:26] Importing HeliusRpcApi.members#0.0-0-kotlin.trap.gz (1293 of 4882)
[2026-09-27 14:24:26] Importing HeliusRpcClient$Companion.members#0.0-0-kotlin.trap.gz (1294 of 4882)
[2026-09-27 14:24:26] Importing HeliusRpcClient.members#0.0-0-kotlin.trap.gz (1295 of 4882)
[2026-09-27 14:24:26] Importing HeliusRpcClientKt.members#0.0-0-kotlin.trap.gz (1296 of 4882)
[2026-09-27 14:24:26] Importing HeliusStakingNormalizer$Companion.members#0.0-0-kotlin.trap.gz (1297 of 4882)
[2026-09-27 14:24:26] Importing HeliusStakingNormalizer.members#0.0-0-kotlin.trap.gz (1298 of 4882)
[2026-09-27 14:24:26] Importing HeliusStakingNormalizerKt.members#0.0-0-kotlin.trap.gz (1299 of 4882)
[2026-09-27 14:24:26] Importing HeliusTransferNormalizer$Companion.members#0.0-0-kotlin.trap.gz (1300 of 4882)
[2026-09-27 14:24:26] Importing HeliusTransferNormalizer$TransferParse.members#0.0-0-kotlin.trap.gz (1301 of 4882)
[2026-09-27 14:24:26] Importing HeliusTransferNormalizer.members#0.0-0-kotlin.trap.gz (1302 of 4882)
[2026-09-27 14:24:26] Importing HeliusTransferNormalizerKt.members#0.0-0-kotlin.trap.gz (1303 of 4882)
[2026-09-27 14:24:26] Importing HeliusWalletApi.members#0.0-0-kotlin.trap.gz (1304 of 4882)
[2026-09-27 14:24:26] Importing HeliusWalletClient.members#0.0-0-kotlin.trap.gz (1305 of 4882)
[2026-09-27 14:24:26] Importing HeliusWalletClientKt.members#0.0-0-kotlin.trap.gz (1306 of 4882)
[2026-09-27 14:24:26] Importing JdbcOnchainStagingStore.members#0.0-0-kotlin.trap.gz (1307 of 4882)
[2026-09-27 14:24:26] Importing JdbcOnchainStagingStoreKt.members#0.0-0-kotlin.trap.gz (1308 of 4882)
[2026-09-27 14:24:26] Importing ClaimAssessmentStore.members#0.0-0-kotlin.trap.gz (1309 of 4882)
[2026-09-27 14:24:26] Importing DecisionStoreKt.members#0.0-0-kotlin.trap.gz (1310 of 4882)
[2026-09-27 14:24:26] Importing DocumentClassificationStore.members#0.0-0-kotlin.trap.gz (1311 of 4882)
[2026-09-27 14:24:26] Importing JdbcDecisionStore.members#0.0-0-kotlin.trap.gz (1312 of 4882)
[2026-09-27 14:24:26] Importing JdbcDecisionStoreKt.members#0.0-0-kotlin.trap.gz (1313 of 4882)
[2026-09-27 14:24:26] Importing JdbcTimeSeriesStore.members#0.0-0-kotlin.trap.gz (1314 of 4882)
[2026-09-27 14:24:26] Importing JdbcTimeSeriesStoreKt.members#0.0-0-kotlin.trap.gz (1315 of 4882)
[2026-09-27 14:24:26] Importing Observation.members#0.0-0-kotlin.trap.gz (1316 of 4882)
[2026-09-27 14:24:26] Importing ObservationProvenance.members#0.0-0-kotlin.trap.gz (1317 of 4882)
[2026-09-27 14:24:26] Importing Provenance.members#0.0-0-kotlin.trap.gz (1318 of 4882)
[2026-09-27 14:24:26] Importing TimeSeriesKt.members#0.0-0-kotlin.trap.gz (1319 of 4882)
[2026-09-27 14:24:26] Importing TimeSeriesQuery.members#0.0-0-kotlin.trap.gz (1320 of 4882)
[2026-09-27 14:24:26] Importing TimeSeriesReader.members#0.0-0-kotlin.trap.gz (1321 of 4882)
[2026-09-27 14:24:26] Importing TimeSeriesWriter.members#0.0-0-kotlin.trap.gz (1322 of 4882)
[2026-09-27 14:24:26] Importing ExposureKt$lookThrough(java.lang.String,java.math.BigDecimal,java.util.Currency,java.util.List).members#0.0-0-kotlin.trap.gz (1323 of 4882)
[2026-09-27 14:24:26] Importing ExposureKt.members#0.0-0-kotlin.trap.gz (1324 of 4882)
[2026-09-27 14:24:26] Importing ExposureReport.members#0.0-0-kotlin.trap.gz (1325 of 4882)
[2026-09-27 14:24:26] Importing OwnershipEdge.members#0.0-0-kotlin.trap.gz (1326 of 4882)
[2026-09-27 14:24:26] Importing CqlAttribute.members#0.0-0-kotlin.trap.gz (1327 of 4882)
[2026-09-27 14:24:26] Importing CqlKind.members#0.0-0-kotlin.trap.gz (1328 of 4882)
[2026-09-27 14:24:26] Importing CqlOwn.members#0.0-0-kotlin.trap.gz (1329 of 4882)
[2026-09-27 14:24:26] Importing CqlRelate.members#0.0-0-kotlin.trap.gz (1330 of 4882)
[2026-09-27 14:24:26] Importing CqlType.members#0.0-0-kotlin.trap.gz (1331 of 4882)
[2026-09-27 14:24:26] Importing CypherSchema$Companion$MutableType.members#0.0-0-kotlin.trap.gz (1332 of 4882)
[2026-09-27 14:24:26] Importing CypherSchema$Companion.members#0.0-0-kotlin.trap.gz (1333 of 4882)
[2026-09-27 14:24:26] Importing CypherSchema.members#0.0-0-kotlin.trap.gz (1334 of 4882)
[2026-09-27 14:24:26] Importing CypherSchemaKt$kebabToCamel(java.lang.String).members#0.0-0-kotlin.trap.gz (1335 of 4882)
[2026-09-27 14:24:26] Importing CypherSchemaKt$kebabToPascal(java.lang.String).members#0.0-0-kotlin.trap.gz (1336 of 4882)
[2026-09-27 14:24:26] Importing CypherSchemaKt.members#0.0-0-kotlin.trap.gz (1337 of 4882)
[2026-09-27 14:24:26] Importing OntologyValidator$Companion.members#0.0-0-kotlin.trap.gz (1338 of 4882)
[2026-09-27 14:24:26] Importing OntologyValidator.members#0.0-0-kotlin.trap.gz (1339 of 4882)
[2026-09-27 14:24:26] Importing OntologyValidatorKt.members#0.0-0-kotlin.trap.gz (1340 of 4882)
[2026-09-27 14:24:26] Importing ValidationOutcome.members#0.0-0-kotlin.trap.gz (1341 of 4882)
[2026-09-27 14:24:26] Importing Violation.members#0.0-0-kotlin.trap.gz (1342 of 4882)
[2026-09-27 14:24:26] Importing TenantScope$All.members#0.0-0-kotlin.trap.gz (1343 of 4882)
[2026-09-27 14:24:26] Importing TenantScope$Tenants.members#0.0-0-kotlin.trap.gz (1344 of 4882)
[2026-09-27 14:24:26] Importing TenantScope$User.members#0.0-0-kotlin.trap.gz (1345 of 4882)
[2026-09-27 14:24:26] Importing TenantScope.members#0.0-0-kotlin.trap.gz (1346 of 4882)
[2026-09-27 14:24:26] Importing TenantScopeKt$admits(com.octo.persistence.TenantScope,java.util.UUID).members#0.0-0-kotlin.trap.gz (1347 of 4882)
[2026-09-27 14:24:26] Importing TenantScopeKt$applyTenantScope(java.sql.Connection,com.octo.persistence.TenantScope).members#0.0-0-kotlin.trap.gz (1348 of 4882)
[2026-09-27 14:24:26] Importing TenantScopeKt$scoped(javax.sql.DataSource,com.octo.persistence.TenantScope,kotlin.jvm.functions.Function1).members#0.0-0-kotlin.trap.gz (1349 of 4882)
[2026-09-27 14:24:26] Importing TenantScopeKt.members#0.0-0-kotlin.trap.gz (1350 of 4882)
[2026-09-27 14:24:26] Importing admits(com.octo.persistence.TenantScope,java.util.UUID).members#-1.0-0-null.trap.gz (1351 of 4882)
[2026-09-27 14:24:26] Importing scoped(javax.sql.DataSource,com.octo.persistence.TenantScope,kotlin.jvm.functions.Function1).members#-1.0-0-null.trap.gz (1352 of 4882)
[2026-09-27 14:24:26] Importing ObservedBalance.members#0.0-0-kotlin.trap.gz (1353 of 4882)
[2026-09-27 14:24:26] Importing OnchainReconKt$reconcileOnchain(java.util.List,java.util.List,java.util.Map).members#0.0-0-kotlin.trap.gz (1354 of 4882)
[2026-09-27 14:24:26] Importing OnchainReconKt.members#0.0-0-kotlin.trap.gz (1355 of 4882)
[2026-09-27 14:24:26] Importing ReconDelta.members#0.0-0-kotlin.trap.gz (1356 of 4882)
[2026-09-27 14:24:26] Importing ReconKt.members#0.0-0-kotlin.trap.gz (1357 of 4882)
[2026-09-27 14:24:26] Importing ReconReport.members#0.0-0-kotlin.trap.gz (1358 of 4882)
[2026-09-27 14:24:26] Importing ComplianceCheck$ConcentrationLimit.members#0.0-0-kotlin.trap.gz (1359 of 4882)
[2026-09-27 14:24:26] Importing ComplianceCheck$CoverageFloor.members#0.0-0-kotlin.trap.gz (1360 of 4882)
[2026-09-27 14:24:26] Importing ComplianceCheck$CurrencyExposureLimit.members#0.0-0-kotlin.trap.gz (1361 of 4882)
[2026-09-27 14:24:26] Importing ComplianceCheck.members#0.0-0-kotlin.trap.gz (1362 of 4882)
[2026-09-27 14:24:26] Importing ComplianceInputs.members#0.0-0-kotlin.trap.gz (1363 of 4882)
[2026-09-27 14:24:26] Importing ComplianceKt$COMPLIANCE_RULESET;property.members#0.0-0-kotlin.trap.gz (1364 of 4882)
[2026-09-27 14:24:26] Importing ComplianceKt$MC;property.members#0.0-0-kotlin.trap.gz (1365 of 4882)
[2026-09-27 14:24:26] Importing ComplianceKt$evaluate(java.util.List,com.octo.recon.compliance.ComplianceInputs).members#0.0-0-kotlin.trap.gz (1366 of 4882)
[2026-09-27 14:24:26] Importing ComplianceKt$evaluateOne(com.octo.recon.compliance.ComplianceRule,com.octo.recon.compliance.ComplianceInputs).members#0.0-0-kotlin.trap.gz (1367 of 4882)
[2026-09-27 14:24:26] Importing ComplianceKt.members#0.0-0-kotlin.trap.gz (1368 of 4882)
[2026-09-27 14:24:26] Importing ComplianceRule.members#0.0-0-kotlin.trap.gz (1369 of 4882)
[2026-09-27 14:24:26] Importing Evaluation.members#0.0-0-kotlin.trap.gz (1370 of 4882)
[2026-09-27 14:24:26] Importing Result.members#0.0-0-kotlin.trap.gz (1371 of 4882)
[2026-09-27 14:24:26] Importing evaluate(java.util.List,com.octo.recon.compliance.ComplianceInputs).members#-1.0-0-null.trap.gz (1372 of 4882)
[2026-09-27 14:24:26] Importing ComplianceProvenance.members#0.0-0-kotlin.trap.gz (1373 of 4882)
[2026-09-27 14:24:26] Importing ComplianceStore.members#0.0-0-kotlin.trap.gz (1374 of 4882)
[2026-09-27 14:24:26] Importing JdbcComplianceStore.members#0.0-0-kotlin.trap.gz (1375 of 4882)
[2026-09-27 14:24:26] Importing JdbcComplianceStoreKt.members#0.0-0-kotlin.trap.gz (1376 of 4882)
[2026-09-27 14:24:26] Importing Break.members#0.0-0-kotlin.trap.gz (1377 of 4882)
[2026-09-27 14:24:26] Importing BreakKind$Companion.members#0.0-0-kotlin.trap.gz (1378 of 4882)
[2026-09-27 14:24:26] Importing BreakKind.members#0.0-0-kotlin.trap.gz (1379 of 4882)
[2026-09-27 14:24:26] Importing IborRecord.members#0.0-0-kotlin.trap.gz (1380 of 4882)
[2026-09-27 14:24:26] Importing Reconciliation.members#0.0-0-kotlin.trap.gz (1381 of 4882)
[2026-09-27 14:24:26] Importing ReconciliationKt$RECONCILIATION_RULESET;property.members#0.0-0-kotlin.trap.gz (1382 of 4882)
[2026-09-27 14:24:26] Importing ReconciliationKt$reconcile(java.util.List,java.util.List,com.octo.recon.matching.Tolerance).members#0.0-0-kotlin.trap.gz (1383 of 4882)
[2026-09-27 14:24:26] Importing ReconciliationKt.members#0.0-0-kotlin.trap.gz (1384 of 4882)
[2026-09-27 14:24:26] Importing SourceRecord.members#0.0-0-kotlin.trap.gz (1385 of 4882)
[2026-09-27 14:24:26] Importing Tolerance$Companion.members#0.0-0-kotlin.trap.gz (1386 of 4882)
[2026-09-27 14:24:26] Importing Tolerance.members#0.0-0-kotlin.trap.gz (1387 of 4882)
[2026-09-27 14:24:26] Importing JdbcReconciliationStore.members#0.0-0-kotlin.trap.gz (1388 of 4882)
[2026-09-27 14:24:26] Importing JdbcReconciliationStoreKt.members#0.0-0-kotlin.trap.gz (1389 of 4882)
[2026-09-27 14:24:26] Importing ReconciliationStore.members#0.0-0-kotlin.trap.gz (1390 of 4882)
[2026-09-27 14:24:26] Importing reconcile(java.util.List,java.util.List,com.octo.recon.matching.Tolerance).members#-1.0-0-null.trap.gz (1391 of 4882)
[2026-09-27 14:24:26] Importing Task.members#0.0-0-kotlin.trap.gz (1392 of 4882)
[2026-09-27 14:24:26] Importing TaskEvent$Approved.members#0.0-0-kotlin.trap.gz (1393 of 4882)
[2026-09-27 14:24:26] Importing TaskEvent$Assigned.members#0.0-0-kotlin.trap.gz (1394 of 4882)
[2026-09-27 14:24:26] Importing TaskEvent$Cancelled.members#0.0-0-kotlin.trap.gz (1395 of 4882)
[2026-09-27 14:24:26] Importing TaskEvent$Completed.members#0.0-0-kotlin.trap.gz (1396 of 4882)
[2026-09-27 14:24:26] Importing TaskEvent$Rejected.members#0.0-0-kotlin.trap.gz (1397 of 4882)
[2026-09-27 14:24:26] Importing TaskEvent$Resubmitted.members#0.0-0-kotlin.trap.gz (1398 of 4882)
[2026-09-27 14:24:26] Importing TaskEvent$ReworkRequested.members#0.0-0-kotlin.trap.gz (1399 of 4882)
[2026-09-27 14:24:26] Importing TaskEvent.members#0.0-0-kotlin.trap.gz (1400 of 4882)
[2026-09-27 14:24:26] Importing TaskKind.members#0.0-0-kotlin.trap.gz (1401 of 4882)
[2026-09-27 14:24:26] Importing TaskKt$next(com.octo.workflow.TaskState,com.octo.workflow.TaskEvent).members#0.0-0-kotlin.trap.gz (1402 of 4882)
[2026-09-27 14:24:26] Importing TaskKt$opened(com.octo.workflow.Task).members#0.0-0-kotlin.trap.gz (1403 of 4882)
[2026-09-27 14:24:26] Importing TaskKt$replay(com.octo.workflow.Task,java.util.List).members#0.0-0-kotlin.trap.gz (1404 of 4882)
[2026-09-27 14:24:26] Importing TaskKt.members#0.0-0-kotlin.trap.gz (1405 of 4882)
[2026-09-27 14:24:26] Importing TaskState.members#0.0-0-kotlin.trap.gz (1406 of 4882)
[2026-09-27 14:24:26] Importing TaskStatus.members#0.0-0-kotlin.trap.gz (1407 of 4882)
[2026-09-27 14:24:26] Importing AuditChainKt$GENESIS;property.members#0.0-0-kotlin.trap.gz (1408 of 4882)
[2026-09-27 14:24:26] Importing AuditChainKt$linkHash(com.octo.workflow.audit.AuditRecord).members#0.0-0-kotlin.trap.gz (1409 of 4882)
[2026-09-27 14:24:26] Importing AuditChainKt$micros(java.time.Instant).members#0.0-0-kotlin.trap.gz (1410 of 4882)
[2026-09-27 14:24:26] Importing AuditChainKt$verifyAuditChain(java.util.List).members#0.0-0-kotlin.trap.gz (1411 of 4882)
[2026-09-27 14:24:26] Importing AuditChainKt.members#0.0-0-kotlin.trap.gz (1412 of 4882)
[2026-09-27 14:24:26] Importing AuditEntry.members#0.0-0-kotlin.trap.gz (1413 of 4882)
[2026-09-27 14:24:26] Importing AuditRecord.members#0.0-0-kotlin.trap.gz (1414 of 4882)
[2026-09-27 14:24:26] Importing ChainBreak.members#0.0-0-kotlin.trap.gz (1415 of 4882)
[2026-09-27 14:24:26] Importing JdbcAuditLog.members#0.0-0-kotlin.trap.gz (1416 of 4882)
[2026-09-27 14:24:26] Importing JdbcAuditLogKt.members#0.0-0-kotlin.trap.gz (1417 of 4882)
[2026-09-27 14:24:26] Importing JdbcTaskStore.members#0.0-0-kotlin.trap.gz (1418 of 4882)
[2026-09-27 14:24:26] Importing JdbcTaskStoreKt.members#0.0-0-kotlin.trap.gz (1419 of 4882)
[2026-09-27 14:24:26] Importing TaskProvenance.members#0.0-0-kotlin.trap.gz (1420 of 4882)
[2026-09-27 14:24:26] Importing JdbcReportJobStore.members#0.0-0-kotlin.trap.gz (1421 of 4882)
[2026-09-27 14:24:26] Importing JdbcReportJobStoreKt.members#0.0-0-kotlin.trap.gz (1422 of 4882)
[2026-09-27 14:24:26] Importing JdbcReportScheduleStore.members#0.0-0-kotlin.trap.gz (1423 of 4882)
[2026-09-27 14:24:26] Importing JdbcReportScheduleStoreKt.members#0.0-0-kotlin.trap.gz (1424 of 4882)
[2026-09-27 14:24:26] Importing JobStatus$Companion.members#0.0-0-kotlin.trap.gz (1425 of 4882)
[2026-09-27 14:24:26] Importing JobStatus.members#0.0-0-kotlin.trap.gz (1426 of 4882)
[2026-09-27 14:24:26] Importing ReportJob.members#0.0-0-kotlin.trap.gz (1427 of 4882)
[2026-09-27 14:24:26] Importing ReportJobKt.members#0.0-0-kotlin.trap.gz (1428 of 4882)
[2026-09-27 14:24:26] Importing ReportJobs.members#0.0-0-kotlin.trap.gz (1429 of 4882)
[2026-09-27 14:24:26] Importing ReportRequest.members#0.0-0-kotlin.trap.gz (1430 of 4882)
[2026-09-27 14:24:26] Importing ReportSchedule.members#0.0-0-kotlin.trap.gz (1431 of 4882)
[2026-09-27 14:24:26] Importing ReportScheduleKt.members#0.0-0-kotlin.trap.gz (1432 of 4882)
[2026-09-27 14:24:26] Importing ReportSchedules.members#0.0-0-kotlin.trap.gz (1433 of 4882)
[2026-09-27 14:24:26] Importing ReportType$Companion.members#0.0-0-kotlin.trap.gz (1434 of 4882)
[2026-09-27 14:24:26] Importing ReportType.members#0.0-0-kotlin.trap.gz (1435 of 4882)
[2026-09-27 14:24:26] Importing PropertyInfo$Name.members#65.0-1789983753036-kotlin.trap.gz (1436 of 4882)
[2026-09-27 14:24:26] Importing PropertyInfo.members#65.0-1789983753036-kotlin.trap.gz (1437 of 4882)
[2026-09-27 14:24:26] Importing KeyValue.members#52.0-1760367304000-kotlin.trap.gz (1438 of 4882)
[2026-09-27 14:24:26] Importing KeyValues.members#52.0-1760367304000-kotlin.trap.gz (1439 of 4882)
[2026-09-27 14:24:26] Importing KeyName.members#52.0-1760367304000-kotlin.trap.gz (1440 of 4882)
[2026-09-27 14:24:26] Importing NonNull.members#52.0-1760367304000-kotlin.trap.gz (1441 of 4882)
[2026-09-27 14:24:26] Importing Nullable.members#52.0-1760367304000-kotlin.trap.gz (1442 of 4882)
[2026-09-27 14:24:26] Importing Incubating.members#52.0-1760367316000-kotlin.trap.gz (1443 of 4882)
[2026-09-27 14:24:26] Importing Timed.members#52.0-1760367316000-kotlin.trap.gz (1444 of 4882)
[2026-09-27 14:24:26] Importing TimedSet.members#52.0-1760367316000-kotlin.trap.gz (1445 of 4882)
[2026-09-27 14:24:26] Importing AbstractTimerBuilder.members#52.0-1760367316000-kotlin.trap.gz (1446 of 4882)
[2026-09-27 14:24:26] Importing Clock.members#52.0-1760367316000-kotlin.trap.gz (1447 of 4882)
[2026-09-27 14:24:26] Importing Counter$Builder.members#52.0-1760367316000-kotlin.trap.gz (1448 of 4882)
[2026-09-27 14:24:26] Importing Counter.members#52.0-1760367316000-kotlin.trap.gz (1449 of 4882)
[2026-09-27 14:24:26] Importing DistributionSummary$Builder.members#52.0-1760367316000-kotlin.trap.gz (1450 of 4882)
[2026-09-27 14:24:26] Importing DistributionSummary.members#52.0-1760367316000-kotlin.trap.gz (1451 of 4882)
[2026-09-27 14:24:26] Importing FunctionCounter$Builder.members#52.0-1760367316000-kotlin.trap.gz (1452 of 4882)
[2026-09-27 14:24:26] Importing FunctionCounter.members#52.0-1760367316000-kotlin.trap.gz (1453 of 4882)
[2026-09-27 14:24:26] Importing FunctionTimer$Builder.members#52.0-1760367316000-kotlin.trap.gz (1454 of 4882)
[2026-09-27 14:24:26] Importing FunctionTimer.members#52.0-1760367316000-kotlin.trap.gz (1455 of 4882)
[2026-09-27 14:24:26] Importing Gauge$Builder.members#52.0-1760367316000-kotlin.trap.gz (1456 of 4882)
[2026-09-27 14:24:26] Importing Gauge.members#52.0-1760367316000-kotlin.trap.gz (1457 of 4882)
[2026-09-27 14:24:26] Importing HighCardinalityTagsDetector.members#52.0-1760367316000-kotlin.trap.gz (1458 of 4882)
[2026-09-27 14:24:26] Importing LongTaskTimer$Builder.members#52.0-1760367316000-kotlin.trap.gz (1459 of 4882)
[2026-09-27 14:24:26] Importing LongTaskTimer$Sample.members#52.0-1760367316000-kotlin.trap.gz (1460 of 4882)
[2026-09-27 14:24:26] Importing LongTaskTimer.members#52.0-1760367316000-kotlin.trap.gz (1461 of 4882)
[2026-09-27 14:24:26] Importing Measurement.members#52.0-1760367316000-kotlin.trap.gz (1462 of 4882)
[2026-09-27 14:24:26] Importing Meter$Builder.members#52.0-1760367316000-kotlin.trap.gz (1463 of 4882)
[2026-09-27 14:24:26] Importing Meter$Id.members#52.0-1760367316000-kotlin.trap.gz (1464 of 4882)
[2026-09-27 14:24:26] Importing Meter$MeterProvider.members#52.0-1760367316000-kotlin.trap.gz (1465 of 4882)
[2026-09-27 14:24:26] Importing Meter$Type.members#52.0-1760367316000-kotlin.trap.gz (1466 of 4882)
[2026-09-27 14:24:26] Importing Meter.members#52.0-1760367316000-kotlin.trap.gz (1467 of 4882)
[2026-09-27 14:24:26] Importing MeterRegistry$Config.members#52.0-1760367316000-kotlin.trap.gz (1468 of 4882)
[2026-09-27 14:24:26] Importing MeterRegistry$More.members#52.0-1760367316000-kotlin.trap.gz (1469 of 4882)
[2026-09-27 14:24:26] Importing MeterRegistry.members#52.0-1760367316000-kotlin.trap.gz (1470 of 4882)
[2026-09-27 14:24:26] Importing Statistic.members#52.0-1760367316000-kotlin.trap.gz (1471 of 4882)
[2026-09-27 14:24:26] Importing Tag.members#52.0-1760367316000-kotlin.trap.gz (1472 of 4882)
[2026-09-27 14:24:26] Importing Tags.members#52.0-1760367316000-kotlin.trap.gz (1473 of 4882)
[2026-09-27 14:24:26] Importing TimeGauge$Builder.members#52.0-1760367316000-kotlin.trap.gz (1474 of 4882)
[2026-09-27 14:24:26] Importing TimeGauge.members#52.0-1760367316000-kotlin.trap.gz (1475 of 4882)
[2026-09-27 14:24:26] Importing Timer$Builder.members#52.0-1760367316000-kotlin.trap.gz (1476 of 4882)
[2026-09-27 14:24:26] Importing Timer$ResourceSample.members#52.0-1760367316000-kotlin.trap.gz (1477 of 4882)
[2026-09-27 14:24:26] Importing Timer$Sample.members#52.0-1760367316000-kotlin.trap.gz (1478 of 4882)
[2026-09-27 14:24:26] Importing Timer.members#52.0-1760367316000-kotlin.trap.gz (1479 of 4882)
[2026-09-27 14:24:26] Importing MeterFilter.members#52.0-1760367316000-kotlin.trap.gz (1480 of 4882)
[2026-09-27 14:24:26] Importing MeterFilterReply.members#52.0-1760367316000-kotlin.trap.gz (1481 of 4882)
[2026-09-27 14:24:26] Importing NamingConvention.members#52.0-1760367316000-kotlin.trap.gz (1482 of 4882)
[2026-09-27 14:24:26] Importing CountAtBucket.members#52.0-1760367316000-kotlin.trap.gz (1483 of 4882)
[2026-09-27 14:24:26] Importing DistributionStatisticConfig$Builder.members#52.0-1760367316000-kotlin.trap.gz (1484 of 4882)
[2026-09-27 14:24:26] Importing DistributionStatisticConfig.members#52.0-1760367316000-kotlin.trap.gz (1485 of 4882)
[2026-09-27 14:24:26] Importing HistogramSnapshot.members#52.0-1760367316000-kotlin.trap.gz (1486 of 4882)
[2026-09-27 14:24:26] Importing HistogramSupport.members#52.0-1760367316000-kotlin.trap.gz (1487 of 4882)
[2026-09-27 14:24:26] Importing ValueAtPercentile.members#52.0-1760367316000-kotlin.trap.gz (1488 of 4882)
[2026-09-27 14:24:26] Importing PauseDetector.members#52.0-1760367316000-kotlin.trap.gz (1489 of 4882)
[2026-09-27 14:24:26] Importing Mergeable.members#52.0-1760367316000-kotlin.trap.gz (1490 of 4882)
[2026-09-27 14:24:26] Importing RequiredSearch.members#52.0-1760367316000-kotlin.trap.gz (1491 of 4882)
[2026-09-27 14:24:26] Importing Search.members#52.0-1760367316000-kotlin.trap.gz (1492 of 4882)
[2026-09-27 14:24:26] Importing GlobalObservationConvention.members#52.0-1760367306000-kotlin.trap.gz (1493 of 4882)
[2026-09-27 14:24:26] Importing KeyValuesConvention.members#52.0-1760367306000-kotlin.trap.gz (1494 of 4882)
[2026-09-27 14:24:26] Importing Observation$CheckedCallable.members#52.0-1760367306000-kotlin.trap.gz (1495 of 4882)
[2026-09-27 14:24:26] Importing Observation$CheckedFunction.members#52.0-1760367306000-kotlin.trap.gz (1496 of 4882)
[2026-09-27 14:24:26] Importing Observation$CheckedRunnable.members#52.0-1760367306000-kotlin.trap.gz (1497 of 4882)
[2026-09-27 14:24:26] Importing Observation$Context.members#52.0-1760367306000-kotlin.trap.gz (1498 of 4882)
[2026-09-27 14:24:26] Importing Observation$ContextView.members#52.0-1760367306000-kotlin.trap.gz (1499 of 4882)
[2026-09-27 14:24:26] Importing Observation$Event.members#52.0-1760367306000-kotlin.trap.gz (1500 of 4882)
[2026-09-27 14:24:26] Importing Observation$Scope.members#52.0-1760367306000-kotlin.trap.gz (1501 of 4882)
[2026-09-27 14:24:26] Importing Observation.members#52.0-1760367306000-kotlin.trap.gz (1502 of 4882)
[2026-09-27 14:24:26] Importing ObservationConvention.members#52.0-1760367306000-kotlin.trap.gz (1503 of 4882)
[2026-09-27 14:24:26] Importing ObservationFilter.members#52.0-1760367306000-kotlin.trap.gz (1504 of 4882)
[2026-09-27 14:24:26] Importing ObservationHandler$AllMatchingCompositeObservationHandler.members#52.0-1760367306000-kotlin.trap.gz (1505 of 4882)
[2026-09-27 14:24:26] Importing ObservationHandler$CompositeObservationHandler.members#52.0-1760367306000-kotlin.trap.gz (1506 of 4882)
[2026-09-27 14:24:26] Importing ObservationHandler$FirstMatchingCompositeObservationHandler.members#52.0-1760367306000-kotlin.trap.gz (1507 of 4882)
[2026-09-27 14:24:26] Importing ObservationHandler.members#52.0-1760367306000-kotlin.trap.gz (1508 of 4882)
[2026-09-27 14:24:26] Importing ObservationPredicate.members#52.0-1760367306000-kotlin.trap.gz (1509 of 4882)
[2026-09-27 14:24:26] Importing ObservationRegistry$ObservationConfig.members#52.0-1760367306000-kotlin.trap.gz (1510 of 4882)
[2026-09-27 14:24:26] Importing ObservationRegistry.members#52.0-1760367306000-kotlin.trap.gz (1511 of 4882)
[2026-09-27 14:24:26] Importing ObservationView.members#52.0-1760367306000-kotlin.trap.gz (1512 of 4882)
[2026-09-27 14:24:26] Importing AsyncContext.members#55.0-1760081636000-kotlin.trap.gz (1513 of 4882)
[2026-09-27 14:24:26] Importing AsyncEvent.members#55.0-1760081636000-kotlin.trap.gz (1514 of 4882)
[2026-09-27 14:24:26] Importing AsyncListener.members#55.0-1760081636000-kotlin.trap.gz (1515 of 4882)
[2026-09-27 14:24:26] Importing DispatcherType.members#55.0-1760081636000-kotlin.trap.gz (1516 of 4882)
[2026-09-27 14:24:26] Importing Filter.members#55.0-1760081636000-kotlin.trap.gz (1517 of 4882)
[2026-09-27 14:24:26] Importing FilterChain.members#55.0-1760081636000-kotlin.trap.gz (1518 of 4882)
[2026-09-27 14:24:26] Importing FilterConfig.members#55.0-1760081636000-kotlin.trap.gz (1519 of 4882)
[2026-09-27 14:24:26] Importing FilterRegistration$Dynamic.members#55.0-1760081636000-kotlin.trap.gz (1520 of 4882)
[2026-09-27 14:24:26] Importing FilterRegistration.members#55.0-1760081636000-kotlin.trap.gz (1521 of 4882)
[2026-09-27 14:24:26] Importing HttpConstraintElement.members#55.0-1760081636000-kotlin.trap.gz (1522 of 4882)
[2026-09-27 14:24:26] Importing HttpMethodConstraintElement.members#55.0-1760081636000-kotlin.trap.gz (1523 of 4882)
[2026-09-27 14:24:26] Importing MultipartConfigElement.members#55.0-1760081636000-kotlin.trap.gz (1524 of 4882)
[2026-09-27 14:24:26] Importing ReadListener.members#55.0-1760081636000-kotlin.trap.gz (1525 of 4882)
[2026-09-27 14:24:26] Importing Registration$Dynamic.members#55.0-1760081636000-kotlin.trap.gz (1526 of 4882)
[2026-09-27 14:24:26] Importing Registration.members#55.0-1760081636000-kotlin.trap.gz (1527 of 4882)
[2026-09-27 14:24:26] Importing RequestDispatcher.members#55.0-1760081636000-kotlin.trap.gz (1528 of 4882)
[2026-09-27 14:24:26] Importing Servlet.members#55.0-1760081636000-kotlin.trap.gz (1529 of 4882)
[2026-09-27 14:24:26] Importing ServletConfig.members#55.0-1760081636000-kotlin.trap.gz (1530 of 4882)
[2026-09-27 14:24:26] Importing ServletConnection.members#55.0-1760081636000-kotlin.trap.gz (1531 of 4882)
[2026-09-27 14:24:26] Importing ServletContext.members#55.0-1760081636000-kotlin.trap.gz (1532 of 4882)
[2026-09-27 14:24:26] Importing ServletInputStream.members#55.0-1760081636000-kotlin.trap.gz (1533 of 4882)
[2026-09-27 14:24:26] Importing ServletOutputStream.members#55.0-1760081636000-kotlin.trap.gz (1534 of 4882)
[2026-09-27 14:24:26] Importing ServletRegistration$Dynamic.members#55.0-1760081636000-kotlin.trap.gz (1535 of 4882)
[2026-09-27 14:24:26] Importing ServletRegistration.members#55.0-1760081636000-kotlin.trap.gz (1536 of 4882)
[2026-09-27 14:24:26] Importing ServletRequest.members#55.0-1760081636000-kotlin.trap.gz (1537 of 4882)
[2026-09-27 14:24:26] Importing ServletRequestWrapper.members#55.0-1760081636000-kotlin.trap.gz (1538 of 4882)
[2026-09-27 14:24:26] Importing ServletResponse.members#55.0-1760081636000-kotlin.trap.gz (1539 of 4882)
[2026-09-27 14:24:26] Importing ServletSecurityElement.members#55.0-1760081636000-kotlin.trap.gz (1540 of 4882)
[2026-09-27 14:24:26] Importing SessionCookieConfig.members#55.0-1760081636000-kotlin.trap.gz (1541 of 4882)
[2026-09-27 14:24:26] Importing SessionTrackingMode.members#55.0-1760081636000-kotlin.trap.gz (1542 of 4882)
[2026-09-27 14:24:26] Importing WriteListener.members#55.0-1760081636000-kotlin.trap.gz (1543 of 4882)
[2026-09-27 14:24:26] Importing HttpConstraint.members#55.0-1760081636000-kotlin.trap.gz (1544 of 4882)
[2026-09-27 14:24:26] Importing HttpMethodConstraint.members#55.0-1760081636000-kotlin.trap.gz (1545 of 4882)
[2026-09-27 14:24:26] Importing MultipartConfig.members#55.0-1760081636000-kotlin.trap.gz (1546 of 4882)
[2026-09-27 14:24:26] Importing ServletSecurity$EmptyRoleSemantic.members#55.0-1760081636000-kotlin.trap.gz (1547 of 4882)
[2026-09-27 14:24:26] Importing ServletSecurity$TransportGuarantee.members#55.0-1760081636000-kotlin.trap.gz (1548 of 4882)
[2026-09-27 14:24:26] Importing ServletSecurity.members#55.0-1760081636000-kotlin.trap.gz (1549 of 4882)
[2026-09-27 14:24:26] Importing JspConfigDescriptor.members#55.0-1760081636000-kotlin.trap.gz (1550 of 4882)
[2026-09-27 14:24:26] Importing JspPropertyGroupDescriptor.members#55.0-1760081636000-kotlin.trap.gz (1551 of 4882)
[2026-09-27 14:24:26] Importing TaglibDescriptor.members#55.0-1760081636000-kotlin.trap.gz (1552 of 4882)
[2026-09-27 14:24:26] Importing Cookie.members#55.0-1760081636000-kotlin.trap.gz (1553 of 4882)
[2026-09-27 14:24:26] Importing HttpServletMapping.members#55.0-1760081636000-kotlin.trap.gz (1554 of 4882)
[2026-09-27 14:24:26] Importing HttpServletRequest.members#55.0-1760081636000-kotlin.trap.gz (1555 of 4882)
[2026-09-27 14:24:26] Importing HttpServletRequestWrapper.members#55.0-1760081636000-kotlin.trap.gz (1556 of 4882)
[2026-09-27 14:24:26] Importing HttpServletResponse.members#55.0-1760081636000-kotlin.trap.gz (1557 of 4882)
[2026-09-27 14:24:26] Importing HttpSession.members#55.0-1760081636000-kotlin.trap.gz (1558 of 4882)
[2026-09-27 14:24:26] Importing HttpUpgradeHandler.members#55.0-1760081636000-kotlin.trap.gz (1559 of 4882)
[2026-09-27 14:24:26] Importing MappingMatch.members#55.0-1760081636000-kotlin.trap.gz (1560 of 4882)
[2026-09-27 14:24:26] Importing Part.members#55.0-1760081636000-kotlin.trap.gz (1561 of 4882)
[2026-09-27 14:24:26] Importing PushBuilder.members#55.0-1760081636000-kotlin.trap.gz (1562 of 4882)
[2026-09-27 14:24:26] Importing WebConnection.members#55.0-1760081636000-kotlin.trap.gz (1563 of 4882)
[2026-09-27 14:24:26] Importing ClockProvider.members#52.0-1653562872000-kotlin.trap.gz (1564 of 4882)
[2026-09-27 14:24:26] Importing Constraint.members#52.0-1653562872000-kotlin.trap.gz (1565 of 4882)
[2026-09-27 14:24:26] Importing ConstraintValidator.members#52.0-1653562872000-kotlin.trap.gz (1566 of 4882)
[2026-09-27 14:24:26] Importing ConstraintValidatorContext$ConstraintViolationBuilder$ContainerElementNodeBuilderCustomizableContext.members#52.0-1653562872000-kotlin.trap.gz (1567 of 4882)
[2026-09-27 14:24:26] Importing ConstraintValidatorContext$ConstraintViolationBuilder$ContainerElementNodeBuilderDefinedContext.members#52.0-1653562872000-kotlin.trap.gz (1568 of 4882)
[2026-09-27 14:24:26] Importing ConstraintValidatorContext$ConstraintViolationBuilder$ContainerElementNodeContextBuilder.members#52.0-1653562872000-kotlin.trap.gz (1569 of 4882)
[2026-09-27 14:24:26] Importing ConstraintValidatorContext$ConstraintViolationBuilder$LeafNodeBuilderCustomizableContext.members#52.0-1653562872000-kotlin.trap.gz (1570 of 4882)
[2026-09-27 14:24:26] Importing ConstraintValidatorContext$ConstraintViolationBuilder$LeafNodeBuilderDefinedContext.members#52.0-1653562872000-kotlin.trap.gz (1571 of 4882)
[2026-09-27 14:24:26] Importing ConstraintValidatorContext$ConstraintViolationBuilder$LeafNodeContextBuilder.members#52.0-1653562872000-kotlin.trap.gz (1572 of 4882)
[2026-09-27 14:24:26] Importing ConstraintValidatorContext$ConstraintViolationBuilder$NodeBuilderCustomizableContext.members#52.0-1653562872000-kotlin.trap.gz (1573 of 4882)
[2026-09-27 14:24:26] Importing ConstraintValidatorContext$ConstraintViolationBuilder$NodeBuilderDefinedContext.members#52.0-1653562872000-kotlin.trap.gz (1574 of 4882)
[2026-09-27 14:24:26] Importing ConstraintValidatorContext$ConstraintViolationBuilder$NodeContextBuilder.members#52.0-1653562872000-kotlin.trap.gz (1575 of 4882)
[2026-09-27 14:24:26] Importing ConstraintValidatorContext$ConstraintViolationBuilder.members#52.0-1653562872000-kotlin.trap.gz (1576 of 4882)
[2026-09-27 14:24:26] Importing ConstraintValidatorContext.members#52.0-1653562872000-kotlin.trap.gz (1577 of 4882)
[2026-09-27 14:24:26] Importing Payload.members#52.0-1653562872000-kotlin.trap.gz (1578 of 4882)
[2026-09-27 14:24:26] Importing Valid.members#52.0-1653562872000-kotlin.trap.gz (1579 of 4882)
[2026-09-27 14:24:26] Importing NotBlank$List.members#52.0-1653562872000-kotlin.trap.gz (1580 of 4882)
[2026-09-27 14:24:26] Importing NotBlank.members#52.0-1653562872000-kotlin.trap.gz (1581 of 4882)
[2026-09-27 14:24:26] Importing NotEmpty$List.members#52.0-1653562872000-kotlin.trap.gz (1582 of 4882)
[2026-09-27 14:24:26] Importing NotEmpty.members#52.0-1653562872000-kotlin.trap.gz (1583 of 4882)
[2026-09-27 14:24:26] Importing AWTEvent.members#65.0-1789983753036-kotlin.trap.gz (1584 of 4882)
[2026-09-27 14:24:26] Importing AWTKeyStroke.members#65.0-1789983753036-kotlin.trap.gz (1585 of 4882)
[2026-09-27 14:24:26] Importing Adjustable.members#65.0-1789983753036-kotlin.trap.gz (1586 of 4882)
[2026-09-27 14:24:26] Importing AlphaComposite.members#65.0-1789983753036-kotlin.trap.gz (1587 of 4882)
[2026-09-27 14:24:26] Importing AttributeValue.members#65.0-1789983753036-kotlin.trap.gz (1588 of 4882)
[2026-09-27 14:24:26] Importing BasicStroke.members#65.0-1789983753036-kotlin.trap.gz (1589 of 4882)
[2026-09-27 14:24:26] Importing BufferCapabilities$FlipContents.members#65.0-1789983753036-kotlin.trap.gz (1590 of 4882)
[2026-09-27 14:24:26] Importing BufferCapabilities.members#65.0-1789983753036-kotlin.trap.gz (1591 of 4882)
[2026-09-27 14:24:26] Importing Button$AccessibleAWTButton.members#65.0-1789983753036-kotlin.trap.gz (1592 of 4882)
[2026-09-27 14:24:26] Importing Button.members#65.0-1789983753036-kotlin.trap.gz (1593 of 4882)
[2026-09-27 14:24:26] Importing Canvas$AccessibleAWTCanvas.members#65.0-1789983753036-kotlin.trap.gz (1594 of 4882)
[2026-09-27 14:24:26] Importing Canvas.members#65.0-1789983753036-kotlin.trap.gz (1595 of 4882)
[2026-09-27 14:24:26] Importing Checkbox$AccessibleAWTCheckbox.members#65.0-1789983753036-kotlin.trap.gz (1596 of 4882)
[2026-09-27 14:24:26] Importing Checkbox.members#65.0-1789983753036-kotlin.trap.gz (1597 of 4882)
[2026-09-27 14:24:26] Importing CheckboxGroup.members#65.0-1789983753036-kotlin.trap.gz (1598 of 4882)
[2026-09-27 14:24:26] Importing CheckboxMenuItem$AccessibleAWTCheckboxMenuItem.members#65.0-1789983753036-kotlin.trap.gz (1599 of 4882)
[2026-09-27 14:24:26] Importing CheckboxMenuItem.members#65.0-1789983753036-kotlin.trap.gz (1600 of 4882)
[2026-09-27 14:24:26] Importing Choice$AccessibleAWTChoice.members#65.0-1789983753036-kotlin.trap.gz (1601 of 4882)
[2026-09-27 14:24:26] Importing Choice.members#65.0-1789983753036-kotlin.trap.gz (1602 of 4882)
[2026-09-27 14:24:26] Importing Color.members#65.0-1789983753036-kotlin.trap.gz (1603 of 4882)
[2026-09-27 14:24:26] Importing Component$AWTTreeLock.members#65.0-1789983753036-kotlin.trap.gz (1604 of 4882)
[2026-09-27 14:24:26] Importing Component$AccessibleAWTComponent$AccessibleAWTComponentHandler.members#65.0-1789983753036-kotlin.trap.gz (1605 of 4882)
[2026-09-27 14:24:26] Importing Component$AccessibleAWTComponent$AccessibleAWTFocusHandler.members#65.0-1789983753036-kotlin.trap.gz (1606 of 4882)
[2026-09-27 14:24:26] Importing Component$AccessibleAWTComponent.members#65.0-1789983753036-kotlin.trap.gz (1607 of 4882)
[2026-09-27 14:24:26] Importing Component$BaselineResizeBehavior.members#65.0-1789983753036-kotlin.trap.gz (1608 of 4882)
[2026-09-27 14:24:26] Importing Component$BltBufferStrategy.members#65.0-1789983753036-kotlin.trap.gz (1609 of 4882)
[2026-09-27 14:24:26] Importing Component$FlipBufferStrategy.members#65.0-1789983753036-kotlin.trap.gz (1610 of 4882)
[2026-09-27 14:24:26] Importing Component.members#65.0-1789983753036-kotlin.trap.gz (1611 of 4882)
[2026-09-27 14:24:26] Importing ComponentOrientation.members#65.0-1789983753036-kotlin.trap.gz (1612 of 4882)
[2026-09-27 14:24:26] Importing Composite.members#65.0-1789983753036-kotlin.trap.gz (1613 of 4882)
[2026-09-27 14:24:26] Importing CompositeContext.members#65.0-1789983753036-kotlin.trap.gz (1614 of 4882)
[2026-09-27 14:24:26] Importing Conditional.members#65.0-1789983753036-kotlin.trap.gz (1615 of 4882)
[2026-09-27 14:24:26] Importing Container$AccessibleAWTContainer$AccessibleContainerHandler.members#65.0-1789983753036-kotlin.trap.gz (1616 of 4882)
[2026-09-27 14:24:26] Importing Container$AccessibleAWTContainer.members#65.0-1789983753036-kotlin.trap.gz (1617 of 4882)
[2026-09-27 14:24:26] Importing Container$DropTargetEventTargetFilter.members#65.0-1789983753036-kotlin.trap.gz (1618 of 4882)
[2026-09-27 14:24:26] Importing Container$EventTargetFilter.members#65.0-1789983753036-kotlin.trap.gz (1619 of 4882)
[2026-09-27 14:24:26] Importing Container$MouseEventTargetFilter.members#65.0-1789983753036-kotlin.trap.gz (1620 of 4882)
[2026-09-27 14:24:26] Importing Container$WakingRunnable.members#65.0-1789983753036-kotlin.trap.gz (1621 of 4882)
[2026-09-27 14:24:26] Importing Container.members#65.0-1789983753036-kotlin.trap.gz (1622 of 4882)
[2026-09-27 14:24:26] Importing Cursor$CursorDisposer.members#65.0-1789983753036-kotlin.trap.gz (1623 of 4882)
[2026-09-27 14:24:26] Importing Cursor.members#65.0-1789983753036-kotlin.trap.gz (1624 of 4882)
[2026-09-27 14:24:26] Importing Desktop$Action.members#65.0-1789983753036-kotlin.trap.gz (1625 of 4882)
[2026-09-27 14:24:26] Importing Desktop.members#65.0-1789983753036-kotlin.trap.gz (1626 of 4882)
[2026-09-27 14:24:26] Importing Dialog$AccessibleAWTDialog.members#65.0-1789983753036-kotlin.trap.gz (1627 of 4882)
[2026-09-27 14:24:26] Importing Dialog$ModalExclusionType.members#65.0-1789983753036-kotlin.trap.gz (1628 of 4882)
[2026-09-27 14:24:26] Importing Dialog$ModalityType.members#65.0-1789983753036-kotlin.trap.gz (1629 of 4882)
[2026-09-27 14:24:26] Importing Dialog.members#65.0-1789983753036-kotlin.trap.gz (1630 of 4882)
[2026-09-27 14:24:26] Importing Dimension.members#65.0-1789983753036-kotlin.trap.gz (1631 of 4882)
[2026-09-27 14:24:26] Importing DisplayMode.members#65.0-1789983753036-kotlin.trap.gz (1632 of 4882)
[2026-09-27 14:24:26] Importing Event.members#65.0-1789983753036-kotlin.trap.gz (1633 of 4882)
[2026-09-27 14:24:26] Importing EventDispatchThread.members#65.0-1789983753036-kotlin.trap.gz (1634 of 4882)
[2026-09-27 14:24:26] Importing EventFilter$FilterAction.members#65.0-1789983753036-kotlin.trap.gz (1635 of 4882)
[2026-09-27 14:24:26] Importing EventFilter.members#65.0-1789983753036-kotlin.trap.gz (1636 of 4882)
[2026-09-27 14:24:26] Importing EventQueue.members#65.0-1789983753036-kotlin.trap.gz (1637 of 4882)
[2026-09-27 14:24:26] Importing FileDialog.members#65.0-1789983753036-kotlin.trap.gz (1638 of 4882)
[2026-09-27 14:24:26] Importing FocusTraversalPolicy.members#65.0-1789983753036-kotlin.trap.gz (1639 of 4882)
[2026-09-27 14:24:26] Importing Font.members#65.0-1789983753036-kotlin.trap.gz (1640 of 4882)
[2026-09-27 14:24:26] Importing FontMetrics.members#65.0-1789983753036-kotlin.trap.gz (1641 of 4882)
[2026-09-27 14:24:26] Importing Frame$AccessibleAWTFrame.members#65.0-1789983753036-kotlin.trap.gz (1642 of 4882)
[2026-09-27 14:24:26] Importing Frame.members#65.0-1789983753036-kotlin.trap.gz (1643 of 4882)
[2026-09-27 14:24:26] Importing Graphics.members#65.0-1789983753036-kotlin.trap.gz (1644 of 4882)
[2026-09-27 14:24:26] Importing Graphics2D.members#65.0-1789983753036-kotlin.trap.gz (1645 of 4882)
[2026-09-27 14:24:26] Importing GraphicsConfigTemplate.members#65.0-1789983753036-kotlin.trap.gz (1646 of 4882)
[2026-09-27 14:24:26] Importing GraphicsConfiguration.members#65.0-1789983753036-kotlin.trap.gz (1647 of 4882)
[2026-09-27 14:24:26] Importing GraphicsDevice$WindowTranslucency.members#65.0-1789983753036-kotlin.trap.gz (1648 of 4882)
[2026-09-27 14:24:26] Importing GraphicsDevice.members#65.0-1789983753036-kotlin.trap.gz (1649 of 4882)
[2026-09-27 14:24:26] Importing Image.members#65.0-1789983753036-kotlin.trap.gz (1650 of 4882)
[2026-09-27 14:24:26] Importing ImageCapabilities.members#65.0-1789983753036-kotlin.trap.gz (1651 of 4882)
[2026-09-27 14:24:26] Importing Insets.members#65.0-1789983753036-kotlin.trap.gz (1652 of 4882)
[2026-09-27 14:24:26] Importing ItemSelectable.members#65.0-1789983753036-kotlin.trap.gz (1653 of 4882)
[2026-09-27 14:24:26] Importing JobAttributes$DefaultSelectionType.members#65.0-1789983753036-kotlin.trap.gz (1654 of 4882)
[2026-09-27 14:24:26] Importing JobAttributes$DestinationType.members#65.0-1789983753036-kotlin.trap.gz (1655 of 4882)
[2026-09-27 14:24:26] Importing JobAttributes$DialogType.members#65.0-1789983753036-kotlin.trap.gz (1656 of 4882)
[2026-09-27 14:24:26] Importing JobAttributes$MultipleDocumentHandlingType.members#65.0-1789983753036-kotlin.trap.gz (1657 of 4882)
[2026-09-27 14:24:26] Importing JobAttributes$SidesType.members#65.0-1789983753036-kotlin.trap.gz (1658 of 4882)
[2026-09-27 14:24:26] Importing JobAttributes.members#65.0-1789983753036-kotlin.trap.gz (1659 of 4882)
[2026-09-27 14:24:26] Importing Label$AccessibleAWTLabel.members#65.0-1789983753036-kotlin.trap.gz (1660 of 4882)
[2026-09-27 14:24:26] Importing Label.members#65.0-1789983753036-kotlin.trap.gz (1661 of 4882)
[2026-09-27 14:24:26] Importing LayoutManager.members#65.0-1789983753036-kotlin.trap.gz (1662 of 4882)
[2026-09-27 14:24:26] Importing LayoutManager2.members#65.0-1789983753036-kotlin.trap.gz (1663 of 4882)
[2026-09-27 14:24:26] Importing List$AccessibleAWTList$AccessibleAWTListChild.members#65.0-1789983753036-kotlin.trap.gz (1664 of 4882)
[2026-09-27 14:24:26] Importing List$AccessibleAWTList.members#65.0-1789983753036-kotlin.trap.gz (1665 of 4882)
[2026-09-27 14:24:26] Importing List.members#65.0-1789983753036-kotlin.trap.gz (1666 of 4882)
[2026-09-27 14:24:26] Importing Menu$AccessibleAWTMenu.members#65.0-1789983753036-kotlin.trap.gz (1667 of 4882)
[2026-09-27 14:24:26] Importing Menu.members#65.0-1789983753036-kotlin.trap.gz (1668 of 4882)
[2026-09-27 14:24:26] Importing MenuBar$AccessibleAWTMenuBar.members#65.0-1789983753036-kotlin.trap.gz (1669 of 4882)
[2026-09-27 14:24:26] Importing MenuBar.members#65.0-1789983753036-kotlin.trap.gz (1670 of 4882)
[2026-09-27 14:24:26] Importing MenuComponent$AccessibleAWTMenuComponent.members#65.0-1789983753036-kotlin.trap.gz (1671 of 4882)
[2026-09-27 14:24:26] Importing MenuComponent.members#65.0-1789983753036-kotlin.trap.gz (1672 of 4882)
[2026-09-27 14:24:26] Importing MenuContainer.members#65.0-1789983753036-kotlin.trap.gz (1673 of 4882)
[2026-09-27 14:24:26] Importing MenuItem$AccessibleAWTMenuItem.members#65.0-1789983753036-kotlin.trap.gz (1674 of 4882)
[2026-09-27 14:24:26] Importing MenuItem.members#65.0-1789983753036-kotlin.trap.gz (1675 of 4882)
[2026-09-27 14:24:26] Importing MenuShortcut.members#65.0-1789983753036-kotlin.trap.gz (1676 of 4882)
[2026-09-27 14:24:26] Importing PageAttributes$ColorType.members#65.0-1789983753036-kotlin.trap.gz (1677 of 4882)
[2026-09-27 14:24:26] Importing PageAttributes$MediaType.members#65.0-1789983753036-kotlin.trap.gz (1678 of 4882)
[2026-09-27 14:24:26] Importing PageAttributes$OrientationRequestedType.members#65.0-1789983753036-kotlin.trap.gz (1679 of 4882)
[2026-09-27 14:24:26] Importing PageAttributes$OriginType.members#65.0-1789983753036-kotlin.trap.gz (1680 of 4882)
[2026-09-27 14:24:26] Importing PageAttributes$PrintQualityType.members#65.0-1789983753036-kotlin.trap.gz (1681 of 4882)
[2026-09-27 14:24:26] Importing PageAttributes.members#65.0-1789983753036-kotlin.trap.gz (1682 of 4882)
[2026-09-27 14:24:26] Importing Paint.members#65.0-1789983753036-kotlin.trap.gz (1683 of 4882)
[2026-09-27 14:24:26] Importing PaintContext.members#65.0-1789983753036-kotlin.trap.gz (1684 of 4882)
[2026-09-27 14:24:26] Importing Panel$AccessibleAWTPanel.members#65.0-1789983753036-kotlin.trap.gz (1685 of 4882)
[2026-09-27 14:24:26] Importing Panel.members#65.0-1789983753036-kotlin.trap.gz (1686 of 4882)
[2026-09-27 14:24:26] Importing Point.members#65.0-1789983753036-kotlin.trap.gz (1687 of 4882)
[2026-09-27 14:24:26] Importing PointerInfo.members#65.0-1789983753036-kotlin.trap.gz (1688 of 4882)
[2026-09-27 14:24:26] Importing Polygon$PolygonPathIterator.members#65.0-1789983753036-kotlin.trap.gz (1689 of 4882)
[2026-09-27 14:24:26] Importing Polygon.members#65.0-1789983753036-kotlin.trap.gz (1690 of 4882)
[2026-09-27 14:24:26] Importing PopupMenu$AccessibleAWTPopupMenu.members#65.0-1789983753036-kotlin.trap.gz (1691 of 4882)
[2026-09-27 14:24:26] Importing PopupMenu.members#65.0-1789983753036-kotlin.trap.gz (1692 of 4882)
[2026-09-27 14:24:26] Importing PrintJob.members#65.0-1789983753036-kotlin.trap.gz (1693 of 4882)
[2026-09-27 14:24:26] Importing Rectangle.members#65.0-1789983753036-kotlin.trap.gz (1694 of 4882)
[2026-09-27 14:24:26] Importing RenderingHints$Key.members#65.0-1789983753036-kotlin.trap.gz (1695 of 4882)
[2026-09-27 14:24:26] Importing RenderingHints.members#65.0-1789983753036-kotlin.trap.gz (1696 of 4882)
[2026-09-27 14:24:26] Importing ScrollPane$AccessibleAWTScrollPane.members#65.0-1789983753036-kotlin.trap.gz (1697 of 4882)
[2026-09-27 14:24:26] Importing ScrollPane$PeerFixer.members#65.0-1789983753036-kotlin.trap.gz (1698 of 4882)
[2026-09-27 14:24:26] Importing ScrollPane.members#65.0-1789983753036-kotlin.trap.gz (1699 of 4882)
[2026-09-27 14:24:26] Importing Scrollbar$AccessibleAWTScrollBar.members#65.0-1789983753036-kotlin.trap.gz (1700 of 4882)
[2026-09-27 14:24:26] Importing Scrollbar.members#65.0-1789983753036-kotlin.trap.gz (1701 of 4882)
[2026-09-27 14:24:26] Importing SecondaryLoop.members#65.0-1789983753036-kotlin.trap.gz (1702 of 4882)
[2026-09-27 14:24:26] Importing Shape.members#65.0-1789983753036-kotlin.trap.gz (1703 of 4882)
[2026-09-27 14:24:26] Importing Stroke.members#65.0-1789983753036-kotlin.trap.gz (1704 of 4882)
[2026-09-27 14:24:26] Importing Taskbar$Feature.members#65.0-1789983753036-kotlin.trap.gz (1705 of 4882)
[2026-09-27 14:24:26] Importing Taskbar$State.members#65.0-1789983753036-kotlin.trap.gz (1706 of 4882)
[2026-09-27 14:24:26] Importing Taskbar.members#65.0-1789983753036-kotlin.trap.gz (1707 of 4882)
[2026-09-27 14:24:26] Importing TextArea$AccessibleAWTTextArea.members#65.0-1789983753036-kotlin.trap.gz (1708 of 4882)
[2026-09-27 14:24:26] Importing TextArea.members#65.0-1789983753036-kotlin.trap.gz (1709 of 4882)
[2026-09-27 14:24:26] Importing TextComponent$AccessibleAWTTextComponent.members#65.0-1789983753036-kotlin.trap.gz (1710 of 4882)
[2026-09-27 14:24:26] Importing TextComponent.members#65.0-1789983753036-kotlin.trap.gz (1711 of 4882)
[2026-09-27 14:24:26] Importing TextField$AccessibleAWTTextField.members#65.0-1789983753036-kotlin.trap.gz (1712 of 4882)
[2026-09-27 14:24:26] Importing TextField.members#65.0-1789983753036-kotlin.trap.gz (1713 of 4882)
[2026-09-27 14:24:26] Importing Toolkit.members#65.0-1789983753036-kotlin.trap.gz (1714 of 4882)
[2026-09-27 14:24:26] Importing Transparency.members#65.0-1789983753036-kotlin.trap.gz (1715 of 4882)
[2026-09-27 14:24:26] Importing Window$AccessibleAWTWindow.members#65.0-1789983753036-kotlin.trap.gz (1716 of 4882)
[2026-09-27 14:24:26] Importing Window$Type.members#65.0-1789983753036-kotlin.trap.gz (1717 of 4882)
[2026-09-27 14:24:26] Importing Window$WindowDisposerRecord.members#65.0-1789983753036-kotlin.trap.gz (1718 of 4882)
[2026-09-27 14:24:26] Importing Window.members#65.0-1789983753036-kotlin.trap.gz (1719 of 4882)
[2026-09-27 14:24:26] Importing ColorSpace.members#65.0-1789983753036-kotlin.trap.gz (1720 of 4882)
[2026-09-27 14:24:26] Importing ICC_ColorSpace.members#65.0-1789983753036-kotlin.trap.gz (1721 of 4882)
[2026-09-27 14:24:26] Importing ICC_Profile.members#65.0-1789983753036-kotlin.trap.gz (1722 of 4882)
[2026-09-27 14:24:26] Importing Clipboard.members#65.0-1789983753036-kotlin.trap.gz (1723 of 4882)
[2026-09-27 14:24:26] Importing ClipboardOwner.members#65.0-1789983753036-kotlin.trap.gz (1724 of 4882)
[2026-09-27 14:24:26] Importing DataFlavor.members#65.0-1789983753036-kotlin.trap.gz (1725 of 4882)
[2026-09-27 14:24:26] Importing FlavorEvent.members#65.0-1789983753036-kotlin.trap.gz (1726 of 4882)
[2026-09-27 14:24:26] Importing FlavorListener.members#65.0-1789983753036-kotlin.trap.gz (1727 of 4882)
[2026-09-27 14:24:26] Importing FlavorMap.members#65.0-1789983753036-kotlin.trap.gz (1728 of 4882)
[2026-09-27 14:24:26] Importing FlavorTable.members#65.0-1789983753036-kotlin.trap.gz (1729 of 4882)
[2026-09-27 14:24:26] Importing MimeType.members#65.0-1789983753036-kotlin.trap.gz (1730 of 4882)
[2026-09-27 14:24:26] Importing MimeTypeParameterList.members#65.0-1789983753036-kotlin.trap.gz (1731 of 4882)
[2026-09-27 14:24:26] Importing Transferable.members#65.0-1789983753036-kotlin.trap.gz (1732 of 4882)
[2026-09-27 14:24:26] Importing AboutEvent.members#65.0-1789983753036-kotlin.trap.gz (1733 of 4882)
[2026-09-27 14:24:26] Importing AboutHandler.members#65.0-1789983753036-kotlin.trap.gz (1734 of 4882)
[2026-09-27 14:24:26] Importing AppEvent.members#65.0-1789983753036-kotlin.trap.gz (1735 of 4882)
[2026-09-27 14:24:26] Importing FilesEvent.members#65.0-1789983753036-kotlin.trap.gz (1736 of 4882)
[2026-09-27 14:24:26] Importing OpenFilesEvent.members#65.0-1789983753036-kotlin.trap.gz (1737 of 4882)
[2026-09-27 14:24:26] Importing OpenFilesHandler.members#65.0-1789983753036-kotlin.trap.gz (1738 of 4882)
[2026-09-27 14:24:26] Importing OpenURIEvent.members#65.0-1789983753036-kotlin.trap.gz (1739 of 4882)
[2026-09-27 14:24:26] Importing OpenURIHandler.members#65.0-1789983753036-kotlin.trap.gz (1740 of 4882)
[2026-09-27 14:24:26] Importing PreferencesEvent.members#65.0-1789983753036-kotlin.trap.gz (1741 of 4882)
[2026-09-27 14:24:26] Importing PreferencesHandler.members#65.0-1789983753036-kotlin.trap.gz (1742 of 4882)
[2026-09-27 14:24:26] Importing PrintFilesEvent.members#65.0-1789983753036-kotlin.trap.gz (1743 of 4882)
[2026-09-27 14:24:26] Importing PrintFilesHandler.members#65.0-1789983753036-kotlin.trap.gz (1744 of 4882)
[2026-09-27 14:24:26] Importing QuitEvent.members#65.0-1789983753036-kotlin.trap.gz (1745 of 4882)
[2026-09-27 14:24:26] Importing QuitHandler.members#65.0-1789983753036-kotlin.trap.gz (1746 of 4882)
[2026-09-27 14:24:26] Importing QuitResponse.members#65.0-1789983753036-kotlin.trap.gz (1747 of 4882)
[2026-09-27 14:24:26] Importing QuitStrategy.members#65.0-1789983753036-kotlin.trap.gz (1748 of 4882)
[2026-09-27 14:24:26] Importing SystemEventListener.members#65.0-1789983753036-kotlin.trap.gz (1749 of 4882)
[2026-09-27 14:24:26] Importing DragGestureEvent.members#65.0-1789983753036-kotlin.trap.gz (1750 of 4882)
[2026-09-27 14:24:26] Importing DragGestureListener.members#65.0-1789983753036-kotlin.trap.gz (1751 of 4882)
[2026-09-27 14:24:26] Importing DragGestureRecognizer.members#65.0-1789983753036-kotlin.trap.gz (1752 of 4882)
[2026-09-27 14:24:26] Importing DragSource.members#65.0-1789983753036-kotlin.trap.gz (1753 of 4882)
[2026-09-27 14:24:26] Importing DragSourceContext.members#65.0-1789983753036-kotlin.trap.gz (1754 of 4882)
[2026-09-27 14:24:26] Importing DragSourceDragEvent.members#65.0-1789983753036-kotlin.trap.gz (1755 of 4882)
[2026-09-27 14:24:26] Importing DragSourceDropEvent.members#65.0-1789983753036-kotlin.trap.gz (1756 of 4882)
[2026-09-27 14:24:26] Importing DragSourceEvent.members#65.0-1789983753036-kotlin.trap.gz (1757 of 4882)
[2026-09-27 14:24:26] Importing DragSourceListener.members#65.0-1789983753036-kotlin.trap.gz (1758 of 4882)
[2026-09-27 14:24:26] Importing DragSourceMotionListener.members#65.0-1789983753036-kotlin.trap.gz (1759 of 4882)
[2026-09-27 14:24:26] Importing DropTarget$DropTargetAutoScroller.members#65.0-1789983753036-kotlin.trap.gz (1760 of 4882)
[2026-09-27 14:24:26] Importing DropTarget.members#65.0-1789983753036-kotlin.trap.gz (1761 of 4882)
[2026-09-27 14:24:26] Importing DropTargetContext$TransferableProxy.members#65.0-1789983753036-kotlin.trap.gz (1762 of 4882)
[2026-09-27 14:24:26] Importing DropTargetContext.members#65.0-1789983753036-kotlin.trap.gz (1763 of 4882)
[2026-09-27 14:24:26] Importing DropTargetDragEvent.members#65.0-1789983753036-kotlin.trap.gz (1764 of 4882)
[2026-09-27 14:24:26] Importing DropTargetDropEvent.members#65.0-1789983753036-kotlin.trap.gz (1765 of 4882)
[2026-09-27 14:24:26] Importing DropTargetEvent.members#65.0-1789983753036-kotlin.trap.gz (1766 of 4882)
[2026-09-27 14:24:26] Importing DropTargetListener.members#65.0-1789983753036-kotlin.trap.gz (1767 of 4882)
[2026-09-27 14:24:26] Importing DragSourceContextPeer.members#65.0-1789983753036-kotlin.trap.gz (1768 of 4882)
[2026-09-27 14:24:26] Importing DropTargetContextPeer.members#65.0-1789983753036-kotlin.trap.gz (1769 of 4882)
[2026-09-27 14:24:26] Importing AWTEventListener.members#65.0-1789983753036-kotlin.trap.gz (1770 of 4882)
[2026-09-27 14:24:26] Importing ActionEvent.members#65.0-1789983753036-kotlin.trap.gz (1771 of 4882)
[2026-09-27 14:24:26] Importing ActionListener.members#65.0-1789983753036-kotlin.trap.gz (1772 of 4882)
[2026-09-27 14:24:26] Importing AdjustmentEvent.members#65.0-1789983753036-kotlin.trap.gz (1773 of 4882)
[2026-09-27 14:24:26] Importing AdjustmentListener.members#65.0-1789983753036-kotlin.trap.gz (1774 of 4882)
[2026-09-27 14:24:26] Importing ComponentEvent.members#65.0-1789983753036-kotlin.trap.gz (1775 of 4882)
[2026-09-27 14:24:26] Importing ComponentListener.members#65.0-1789983753036-kotlin.trap.gz (1776 of 4882)
[2026-09-27 14:24:26] Importing ContainerEvent.members#65.0-1789983753036-kotlin.trap.gz (1777 of 4882)
[2026-09-27 14:24:26] Importing ContainerListener.members#65.0-1789983753036-kotlin.trap.gz (1778 of 4882)
[2026-09-27 14:24:26] Importing FocusEvent$Cause.members#65.0-1789983753036-kotlin.trap.gz (1779 of 4882)
[2026-09-27 14:24:26] Importing FocusEvent.members#65.0-1789983753036-kotlin.trap.gz (1780 of 4882)
[2026-09-27 14:24:26] Importing FocusListener.members#65.0-1789983753036-kotlin.trap.gz (1781 of 4882)
[2026-09-27 14:24:26] Importing HierarchyBoundsListener.members#65.0-1789983753036-kotlin.trap.gz (1782 of 4882)
[2026-09-27 14:24:26] Importing HierarchyEvent.members#65.0-1789983753036-kotlin.trap.gz (1783 of 4882)
[2026-09-27 14:24:26] Importing HierarchyListener.members#65.0-1789983753036-kotlin.trap.gz (1784 of 4882)
[2026-09-27 14:24:26] Importing InputEvent.members#65.0-1789983753036-kotlin.trap.gz (1785 of 4882)
[2026-09-27 14:24:26] Importing InputMethodEvent.members#65.0-1789983753036-kotlin.trap.gz (1786 of 4882)
[2026-09-27 14:24:26] Importing InputMethodListener.members#65.0-1789983753036-kotlin.trap.gz (1787 of 4882)
[2026-09-27 14:24:26] Importing ItemEvent.members#65.0-1789983753036-kotlin.trap.gz (1788 of 4882)
[2026-09-27 14:24:26] Importing ItemListener.members#65.0-1789983753036-kotlin.trap.gz (1789 of 4882)
[2026-09-27 14:24:26] Importing KeyEvent.members#65.0-1789983753036-kotlin.trap.gz (1790 of 4882)
[2026-09-27 14:24:26] Importing KeyListener.members#65.0-1789983753036-kotlin.trap.gz (1791 of 4882)
[2026-09-27 14:24:26] Importing MouseEvent.members#65.0-1789983753036-kotlin.trap.gz (1792 of 4882)
[2026-09-27 14:24:26] Importing MouseListener.members#65.0-1789983753036-kotlin.trap.gz (1793 of 4882)
[2026-09-27 14:24:26] Importing MouseMotionListener.members#65.0-1789983753036-kotlin.trap.gz (1794 of 4882)
[2026-09-27 14:24:26] Importing MouseWheelEvent.members#65.0-1789983753036-kotlin.trap.gz (1795 of 4882)
[2026-09-27 14:24:26] Importing MouseWheelListener.members#65.0-1789983753036-kotlin.trap.gz (1796 of 4882)
[2026-09-27 14:24:26] Importing PaintEvent.members#65.0-1789983753036-kotlin.trap.gz (1797 of 4882)
[2026-09-27 14:24:26] Importing TextEvent.members#65.0-1789983753036-kotlin.trap.gz (1798 of 4882)
[2026-09-27 14:24:26] Importing TextListener.members#65.0-1789983753036-kotlin.trap.gz (1799 of 4882)
[2026-09-27 14:24:26] Importing WindowAdapter.members#65.0-1789983753036-kotlin.trap.gz (1800 of 4882)
[2026-09-27 14:24:26] Importing WindowEvent.members#65.0-1789983753036-kotlin.trap.gz (1801 of 4882)
[2026-09-27 14:24:26] Importing WindowFocusListener.members#65.0-1789983753036-kotlin.trap.gz (1802 of 4882)
[2026-09-27 14:24:26] Importing WindowListener.members#65.0-1789983753036-kotlin.trap.gz (1803 of 4882)
[2026-09-27 14:24:26] Importing WindowStateListener.members#65.0-1789983753036-kotlin.trap.gz (1804 of 4882)
[2026-09-27 14:24:26] Importing FontRenderContext.members#65.0-1789983753036-kotlin.trap.gz (1805 of 4882)
[2026-09-27 14:24:26] Importing GlyphJustificationInfo.members#65.0-1789983753036-kotlin.trap.gz (1806 of 4882)
[2026-09-27 14:24:26] Importing GlyphMetrics.members#65.0-1789983753036-kotlin.trap.gz (1807 of 4882)
[2026-09-27 14:24:26] Importing GlyphVector.members#65.0-1789983753036-kotlin.trap.gz (1808 of 4882)
[2026-09-27 14:24:26] Importing LineMetrics.members#65.0-1789983753036-kotlin.trap.gz (1809 of 4882)
[2026-09-27 14:24:26] Importing TextAttribute.members#65.0-1789983753036-kotlin.trap.gz (1810 of 4882)
[2026-09-27 14:24:26] Importing TextHitInfo.members#65.0-1789983753036-kotlin.trap.gz (1811 of 4882)
[2026-09-27 14:24:26] Importing AffineTransform.members#65.0-1789983753036-kotlin.trap.gz (1812 of 4882)
[2026-09-27 14:24:26] Importing Dimension2D.members#65.0-1789983753036-kotlin.trap.gz (1813 of 4882)
[2026-09-27 14:24:26] Importing GeneralPath.members#65.0-1789983753036-kotlin.trap.gz (1814 of 4882)
[2026-09-27 14:24:26] Importing Line2D$Double.members#65.0-1789983753036-kotlin.trap.gz (1815 of 4882)
[2026-09-27 14:24:26] Importing Line2D$Float.members#65.0-1789983753036-kotlin.trap.gz (1816 of 4882)
[2026-09-27 14:24:26] Importing Line2D.members#65.0-1789983753036-kotlin.trap.gz (1817 of 4882)
[2026-09-27 14:24:26] Importing Path2D$Double$CopyIterator.members#65.0-1789983753036-kotlin.trap.gz (1818 of 4882)
[2026-09-27 14:24:26] Importing Path2D$Double$TxIterator.members#65.0-1789983753036-kotlin.trap.gz (1819 of 4882)
[2026-09-27 14:24:26] Importing Path2D$Double.members#65.0-1789983753036-kotlin.trap.gz (1820 of 4882)
[2026-09-27 14:24:26] Importing Path2D$Float$CopyIterator.members#65.0-1789983753036-kotlin.trap.gz (1821 of 4882)
[2026-09-27 14:24:26] Importing Path2D$Float$TxIterator.members#65.0-1789983753036-kotlin.trap.gz (1822 of 4882)
[2026-09-27 14:24:26] Importing Path2D$Float.members#65.0-1789983753036-kotlin.trap.gz (1823 of 4882)
[2026-09-27 14:24:26] Importing Path2D$Iterator.members#65.0-1789983753036-kotlin.trap.gz (1824 of 4882)
[2026-09-27 14:24:26] Importing Path2D.members#65.0-1789983753036-kotlin.trap.gz (1825 of 4882)
[2026-09-27 14:24:26] Importing PathIterator.members#65.0-1789983753036-kotlin.trap.gz (1826 of 4882)
[2026-09-27 14:24:26] Importing Point2D$Double.members#65.0-1789983753036-kotlin.trap.gz (1827 of 4882)
[2026-09-27 14:24:26] Importing Point2D$Float.members#65.0-1789983753036-kotlin.trap.gz (1828 of 4882)
[2026-09-27 14:24:26] Importing Point2D.members#65.0-1789983753036-kotlin.trap.gz (1829 of 4882)
[2026-09-27 14:24:26] Importing Rectangle2D$Double.members#65.0-1789983753036-kotlin.trap.gz (1830 of 4882)
[2026-09-27 14:24:26] Importing Rectangle2D$Float.members#65.0-1789983753036-kotlin.trap.gz (1831 of 4882)
[2026-09-27 14:24:26] Importing Rectangle2D.members#65.0-1789983753036-kotlin.trap.gz (1832 of 4882)
[2026-09-27 14:24:26] Importing RectangularShape.members#65.0-1789983753036-kotlin.trap.gz (1833 of 4882)
[2026-09-27 14:24:26] Importing InputContext.members#65.0-1789983753036-kotlin.trap.gz (1834 of 4882)
[2026-09-27 14:24:26] Importing InputMethodHighlight.members#65.0-1789983753036-kotlin.trap.gz (1835 of 4882)
[2026-09-27 14:24:26] Importing InputMethodRequests.members#65.0-1789983753036-kotlin.trap.gz (1836 of 4882)
[2026-09-27 14:24:26] Importing BufferStrategy.members#65.0-1789983753036-kotlin.trap.gz (1837 of 4882)
[2026-09-27 14:24:26] Importing BufferedImage.members#65.0-1789983753036-kotlin.trap.gz (1838 of 4882)
[2026-09-27 14:24:26] Importing BufferedImageOp.members#65.0-1789983753036-kotlin.trap.gz (1839 of 4882)
[2026-09-27 14:24:26] Importing ColorModel.members#65.0-1789983753036-kotlin.trap.gz (1840 of 4882)
[2026-09-27 14:24:26] Importing DataBuffer.members#65.0-1789983753036-kotlin.trap.gz (1841 of 4882)
[2026-09-27 14:24:26] Importing ImageConsumer.members#65.0-1789983753036-kotlin.trap.gz (1842 of 4882)
[2026-09-27 14:24:26] Importing ImageObserver.members#65.0-1789983753036-kotlin.trap.gz (1843 of 4882)
[2026-09-27 14:24:26] Importing ImageProducer.members#65.0-1789983753036-kotlin.trap.gz (1844 of 4882)
[2026-09-27 14:24:26] Importing IndexColorModel.members#65.0-1789983753036-kotlin.trap.gz (1845 of 4882)
[2026-09-27 14:24:26] Importing Raster.members#65.0-1789983753036-kotlin.trap.gz (1846 of 4882)
[2026-09-27 14:24:26] Importing RenderedImage.members#65.0-1789983753036-kotlin.trap.gz (1847 of 4882)
[2026-09-27 14:24:26] Importing SampleModel.members#65.0-1789983753036-kotlin.trap.gz (1848 of 4882)
[2026-09-27 14:24:26] Importing TileObserver.members#65.0-1789983753036-kotlin.trap.gz (1849 of 4882)
[2026-09-27 14:24:26] Importing VolatileImage.members#65.0-1789983753036-kotlin.trap.gz (1850 of 4882)
[2026-09-27 14:24:26] Importing WritableRaster.members#65.0-1789983753036-kotlin.trap.gz (1851 of 4882)
[2026-09-27 14:24:26] Importing WritableRenderedImage.members#65.0-1789983753036-kotlin.trap.gz (1852 of 4882)
[2026-09-27 14:24:26] Importing RenderContext.members#65.0-1789983753036-kotlin.trap.gz (1853 of 4882)
[2026-09-27 14:24:26] Importing RenderableImage.members#65.0-1789983753036-kotlin.trap.gz (1854 of 4882)
[2026-09-27 14:24:26] Importing ButtonPeer.members#65.0-1789983753036-kotlin.trap.gz (1855 of 4882)
[2026-09-27 14:24:26] Importing CanvasPeer.members#65.0-1789983753036-kotlin.trap.gz (1856 of 4882)
[2026-09-27 14:24:26] Importing CheckboxMenuItemPeer.members#65.0-1789983753036-kotlin.trap.gz (1857 of 4882)
[2026-09-27 14:24:26] Importing CheckboxPeer.members#65.0-1789983753036-kotlin.trap.gz (1858 of 4882)
[2026-09-27 14:24:26] Importing ChoicePeer.members#65.0-1789983753036-kotlin.trap.gz (1859 of 4882)
[2026-09-27 14:24:26] Importing ComponentPeer.members#65.0-1789983753036-kotlin.trap.gz (1860 of 4882)
[2026-09-27 14:24:26] Importing ContainerPeer.members#65.0-1789983753036-kotlin.trap.gz (1861 of 4882)
[2026-09-27 14:24:26] Importing DesktopPeer.members#65.0-1789983753036-kotlin.trap.gz (1862 of 4882)
[2026-09-27 14:24:26] Importing DialogPeer.members#65.0-1789983753036-kotlin.trap.gz (1863 of 4882)
[2026-09-27 14:24:26] Importing FileDialogPeer.members#65.0-1789983753036-kotlin.trap.gz (1864 of 4882)
[2026-09-27 14:24:26] Importing FontPeer.members#65.0-1789983753036-kotlin.trap.gz (1865 of 4882)
[2026-09-27 14:24:26] Importing FramePeer.members#65.0-1789983753036-kotlin.trap.gz (1866 of 4882)
[2026-09-27 14:24:26] Importing LabelPeer.members#65.0-1789983753036-kotlin.trap.gz (1867 of 4882)
[2026-09-27 14:24:26] Importing LightweightPeer.members#65.0-1789983753036-kotlin.trap.gz (1868 of 4882)
[2026-09-27 14:24:26] Importing ListPeer.members#65.0-1789983753036-kotlin.trap.gz (1869 of 4882)
[2026-09-27 14:24:26] Importing MenuBarPeer.members#65.0-1789983753036-kotlin.trap.gz (1870 of 4882)
[2026-09-27 14:24:26] Importing MenuComponentPeer.members#65.0-1789983753036-kotlin.trap.gz (1871 of 4882)
[2026-09-27 14:24:26] Importing MenuItemPeer.members#65.0-1789983753036-kotlin.trap.gz (1872 of 4882)
[2026-09-27 14:24:26] Importing MenuPeer.members#65.0-1789983753036-kotlin.trap.gz (1873 of 4882)
[2026-09-27 14:24:26] Importing MouseInfoPeer.members#65.0-1789983753036-kotlin.trap.gz (1874 of 4882)
[2026-09-27 14:24:26] Importing PanelPeer.members#65.0-1789983753036-kotlin.trap.gz (1875 of 4882)
[2026-09-27 14:24:26] Importing PopupMenuPeer.members#65.0-1789983753036-kotlin.trap.gz (1876 of 4882)
[2026-09-27 14:24:26] Importing RobotPeer.members#65.0-1789983753036-kotlin.trap.gz (1877 of 4882)
[2026-09-27 14:24:26] Importing ScrollPanePeer.members#65.0-1789983753036-kotlin.trap.gz (1878 of 4882)
[2026-09-27 14:24:26] Importing ScrollbarPeer.members#65.0-1789983753036-kotlin.trap.gz (1879 of 4882)
[2026-09-27 14:24:26] Importing TaskbarPeer.members#65.0-1789983753036-kotlin.trap.gz (1880 of 4882)
[2026-09-27 14:24:26] Importing TextAreaPeer.members#65.0-1789983753036-kotlin.trap.gz (1881 of 4882)
[2026-09-27 14:24:26] Importing TextComponentPeer.members#65.0-1789983753036-kotlin.trap.gz (1882 of 4882)
[2026-09-27 14:24:26] Importing TextFieldPeer.members#65.0-1789983753036-kotlin.trap.gz (1883 of 4882)
[2026-09-27 14:24:26] Importing WindowPeer.members#65.0-1789983753036-kotlin.trap.gz (1884 of 4882)
[2026-09-27 14:24:26] Importing BeanProperty.members#65.0-1789983753036-kotlin.trap.gz (1885 of 4882)
[2026-09-27 14:24:26] Importing ConstructorProperties.members#65.0-1789983753036-kotlin.trap.gz (1886 of 4882)
[2026-09-27 14:24:26] Importing FeatureDescriptor.members#65.0-1789983753036-kotlin.trap.gz (1887 of 4882)
[2026-09-27 14:24:26] Importing JavaBean.members#65.0-1789983753036-kotlin.trap.gz (1888 of 4882)
[2026-09-27 14:24:26] Importing PropertyChangeEvent.members#65.0-1789983753036-kotlin.trap.gz (1889 of 4882)
[2026-09-27 14:24:26] Importing PropertyChangeListener.members#65.0-1789983753036-kotlin.trap.gz (1890 of 4882)
[2026-09-27 14:24:26] Importing PropertyChangeSupport.members#65.0-1789983753036-kotlin.trap.gz (1891 of 4882)
[2026-09-27 14:24:26] Importing PropertyDescriptor.members#65.0-1789983753036-kotlin.trap.gz (1892 of 4882)
[2026-09-27 14:24:26] Importing PropertyEditor.members#65.0-1789983753036-kotlin.trap.gz (1893 of 4882)
[2026-09-27 14:24:26] Importing Transient.members#65.0-1789983753036-kotlin.trap.gz (1894 of 4882)
[2026-09-27 14:24:26] Importing VetoableChangeListener.members#65.0-1789983753036-kotlin.trap.gz (1895 of 4882)
[2026-09-27 14:24:26] Importing BufferedReader.members#65.0-1789983753036-kotlin.trap.gz (1896 of 4882)
[2026-09-27 14:24:26] Importing BufferedWriter.members#65.0-1789983753036-kotlin.trap.gz (1897 of 4882)
[2026-09-27 14:24:26] Importing ByteArrayOutputStream.members#65.0-1789983753036-kotlin.trap.gz (1898 of 4882)
[2026-09-27 14:24:26] Importing Closeable.members#65.0-1789983753036-kotlin.trap.gz (1899 of 4882)
[2026-09-27 14:24:26] Importing Console.members#65.0-1789983753036-kotlin.trap.gz (1900 of 4882)
[2026-09-27 14:24:26] Importing DataInput.members#65.0-1789983753036-kotlin.trap.gz (1901 of 4882)
[2026-09-27 14:24:26] Importing DataOutput.members#65.0-1789983753036-kotlin.trap.gz (1902 of 4882)
[2026-09-27 14:24:26] Importing Externalizable.members#65.0-1789983753036-kotlin.trap.gz (1903 of 4882)
[2026-09-27 14:24:26] Importing File.members#65.0-1789983753036-kotlin.trap.gz (1904 of 4882)
[2026-09-27 14:24:26] Importing FileDescriptor.members#65.0-1789983753036-kotlin.trap.gz (1905 of 4882)
[2026-09-27 14:24:26] Importing FileFilter.members#65.0-1789983753036-kotlin.trap.gz (1906 of 4882)
[2026-09-27 14:24:26] Importing FileInputStream.members#65.0-1789983753036-kotlin.trap.gz (1907 of 4882)
[2026-09-27 14:24:26] Importing FilenameFilter.members#65.0-1789983753036-kotlin.trap.gz (1908 of 4882)
[2026-09-27 14:24:26] Importing FilterInputStream.members#65.0-1789983753036-kotlin.trap.gz (1909 of 4882)
[2026-09-27 14:24:26] Importing FilterOutputStream.members#65.0-1789983753036-kotlin.trap.gz (1910 of 4882)
[2026-09-27 14:24:26] Importing Flushable.members#65.0-1789983753036-kotlin.trap.gz (1911 of 4882)
[2026-09-27 14:24:26] Importing IOException.members#65.0-1789983753036-kotlin.trap.gz (1912 of 4882)
[2026-09-27 14:24:26] Importing InputStream.members#65.0-1789983753036-kotlin.trap.gz (1913 of 4882)
[2026-09-27 14:24:26] Importing ObjectInput.members#65.0-1789983753036-kotlin.trap.gz (1914 of 4882)
[2026-09-27 14:24:26] Importing ObjectInputFilter$Config$Global.members#65.0-1789983753036-kotlin.trap.gz (1915 of 4882)
[2026-09-27 14:24:26] Importing ObjectInputFilter$Config.members#65.0-1789983753036-kotlin.trap.gz (1916 of 4882)
[2026-09-27 14:24:26] Importing ObjectInputFilter$FilterInfo.members#65.0-1789983753036-kotlin.trap.gz (1917 of 4882)
[2026-09-27 14:24:26] Importing ObjectInputFilter$Status.members#65.0-1789983753036-kotlin.trap.gz (1918 of 4882)
[2026-09-27 14:24:26] Importing ObjectInputFilter.members#65.0-1789983753036-kotlin.trap.gz (1919 of 4882)
[2026-09-27 14:24:26] Importing ObjectInputStream$FilterValues.members#65.0-1789983753036-kotlin.trap.gz (1920 of 4882)
[2026-09-27 14:24:26] Importing ObjectInputStream$GetField.members#65.0-1789983753036-kotlin.trap.gz (1921 of 4882)
[2026-09-27 14:24:26] Importing ObjectInputStream.members#65.0-1789983753036-kotlin.trap.gz (1922 of 4882)
[2026-09-27 14:24:26] Importing ObjectInputValidation.members#65.0-1789983753036-kotlin.trap.gz (1923 of 4882)
[2026-09-27 14:24:26] Importing ObjectOutput.members#65.0-1789983753036-kotlin.trap.gz (1924 of 4882)
[2026-09-27 14:24:26] Importing ObjectOutputStream$PutField.members#65.0-1789983753036-kotlin.trap.gz (1925 of 4882)
[2026-09-27 14:24:26] Importing ObjectOutputStream.members#65.0-1789983753036-kotlin.trap.gz (1926 of 4882)
[2026-09-27 14:24:26] Importing ObjectStreamClass$ClassDataSlot.members#65.0-1789983753036-kotlin.trap.gz (1927 of 4882)
[2026-09-27 14:24:26] Importing ObjectStreamClass$RecordSupport.members#65.0-1789983753036-kotlin.trap.gz (1928 of 4882)
[2026-09-27 14:24:26] Importing ObjectStreamClass.members#65.0-1789983753036-kotlin.trap.gz (1929 of 4882)
[2026-09-27 14:24:26] Importing ObjectStreamConstants.members#65.0-1789983753036-kotlin.trap.gz (1930 of 4882)
[2026-09-27 14:24:26] Importing ObjectStreamException.members#65.0-1789983753036-kotlin.trap.gz (1931 of 4882)
[2026-09-27 14:24:26] Importing ObjectStreamField.members#65.0-1789983753036-kotlin.trap.gz (1932 of 4882)
[2026-09-27 14:24:26] Importing OptionalDataException.members#65.0-1789983753036-kotlin.trap.gz (1933 of 4882)
[2026-09-27 14:24:26] Importing OutputStream.members#65.0-1789983753036-kotlin.trap.gz (1934 of 4882)
[2026-09-27 14:24:26] Importing PrintStream.members#65.0-1789983753036-kotlin.trap.gz (1935 of 4882)
[2026-09-27 14:24:26] Importing PrintWriter.members#65.0-1789983753036-kotlin.trap.gz (1936 of 4882)
[2026-09-27 14:24:26] Importing Reader.members#65.0-1789983753036-kotlin.trap.gz (1937 of 4882)
[2026-09-27 14:24:26] Importing Serializable.members#65.0-1789983753036-kotlin.trap.gz (1938 of 4882)
[2026-09-27 14:24:26] Importing SerializablePermission.members#65.0-1789983753036-kotlin.trap.gz (1939 of 4882)
[2026-09-27 14:24:26] Importing StringReader.members#65.0-1789983753036-kotlin.trap.gz (1940 of 4882)
[2026-09-27 14:24:26] Importing StringWriter.members#65.0-1789983753036-kotlin.trap.gz (1941 of 4882)
[2026-09-27 14:24:26] Importing Writer.members#65.0-1789983753036-kotlin.trap.gz (1942 of 4882)
[2026-09-27 14:24:26] Importing AbstractStringBuilder.members#65.0-1789983753036-kotlin.trap.gz (1943 of 4882)
[2026-09-27 14:24:26] Importing Appendable.members#65.0-1789983753036-kotlin.trap.gz (1944 of 4882)
[2026-09-27 14:24:26] Importing AutoCloseable.members#65.0-1789983753036-kotlin.trap.gz (1945 of 4882)
[2026-09-27 14:24:26] Importing Boolean.members#65.0-1789983753036-kotlin.trap.gz (1946 of 4882)
[2026-09-27 14:24:26] Importing Byte.members#65.0-1789983753036-kotlin.trap.gz (1947 of 4882)
[2026-09-27 14:24:26] Importing CharSequence.members#65.0-1789983753036-kotlin.trap.gz (1948 of 4882)
[2026-09-27 14:24:26] Importing Character$Subset.members#65.0-1789983753036-kotlin.trap.gz (1949 of 4882)
[2026-09-27 14:24:26] Importing Character$UnicodeBlock.members#65.0-1789983753036-kotlin.trap.gz (1950 of 4882)
[2026-09-27 14:24:26] Importing Character$UnicodeScript.members#65.0-1789983753036-kotlin.trap.gz (1951 of 4882)
[2026-09-27 14:24:26] Importing Character.members#65.0-1789983753036-kotlin.trap.gz (1952 of 4882)
[2026-09-27 14:24:26] Importing Class.members#65.0-1789983753036-kotlin.trap.gz (1953 of 4882)
[2026-09-27 14:24:26] Importing ClassLoader.members#65.0-1789983753036-kotlin.trap.gz (1954 of 4882)
[2026-09-27 14:24:26] Importing ClassNotFoundException.members#65.0-1789983753036-kotlin.trap.gz (1955 of 4882)
[2026-09-27 14:24:26] Importing ClassValue$ClassValueMap.members#65.0-1789983753036-kotlin.trap.gz (1956 of 4882)
[2026-09-27 14:24:26] Importing ClassValue$Entry.members#65.0-1789983753036-kotlin.trap.gz (1957 of 4882)
[2026-09-27 14:24:26] Importing ClassValue$Identity.members#65.0-1789983753036-kotlin.trap.gz (1958 of 4882)
[2026-09-27 14:24:26] Importing ClassValue$Version.members#65.0-1789983753036-kotlin.trap.gz (1959 of 4882)
[2026-09-27 14:24:26] Importing ClassValue.members#65.0-1789983753036-kotlin.trap.gz (1960 of 4882)
[2026-09-27 14:24:26] Importing Cloneable.members#65.0-1789983753036-kotlin.trap.gz (1961 of 4882)
[2026-09-27 14:24:26] Importing Comparable.members#65.0-1789983753036-kotlin.trap.gz (1962 of 4882)
[2026-09-27 14:24:26] Importing Deprecated.members#65.0-1789983753036-kotlin.trap.gz (1963 of 4882)
[2026-09-27 14:24:26] Importing Double.members#65.0-1789983753036-kotlin.trap.gz (1964 of 4882)
[2026-09-27 14:24:26] Importing Enum$EnumDesc.members#65.0-1789983753036-kotlin.trap.gz (1965 of 4882)
[2026-09-27 14:24:26] Importing Enum.members#65.0-1789983753036-kotlin.trap.gz (1966 of 4882)
[2026-09-27 14:24:26] Importing Error.members#65.0-1789983753036-kotlin.trap.gz (1967 of 4882)
[2026-09-27 14:24:26] Importing Exception.members#65.0-1789983753036-kotlin.trap.gz (1968 of 4882)
[2026-09-27 14:24:26] Importing Float.members#65.0-1789983753036-kotlin.trap.gz (1969 of 4882)
[2026-09-27 14:24:26] Importing FunctionalInterface.members#65.0-1789983753036-kotlin.trap.gz (1970 of 4882)
[2026-09-27 14:24:26] Importing IllegalAccessException.members#65.0-1789983753036-kotlin.trap.gz (1971 of 4882)
[2026-09-27 14:24:26] Importing IllegalArgumentException.members#65.0-1789983753036-kotlin.trap.gz (1972 of 4882)
[2026-09-27 14:24:26] Importing IllegalStateException.members#65.0-1789983753036-kotlin.trap.gz (1973 of 4882)
[2026-09-27 14:24:26] Importing Integer.members#65.0-1789983753036-kotlin.trap.gz (1974 of 4882)
[2026-09-27 14:24:26] Importing InternalError.members#65.0-1789983753036-kotlin.trap.gz (1975 of 4882)
[2026-09-27 14:24:26] Importing InterruptedException.members#65.0-1789983753036-kotlin.trap.gz (1976 of 4882)
[2026-09-27 14:24:26] Importing Iterable.members#65.0-1789983753036-kotlin.trap.gz (1977 of 4882)
[2026-09-27 14:24:26] Importing Long.members#65.0-1789983753036-kotlin.trap.gz (1978 of 4882)
[2026-09-27 14:24:26] Importing Module.members#65.0-1789983753036-kotlin.trap.gz (1979 of 4882)
[2026-09-27 14:24:26] Importing ModuleLayer$Controller.members#65.0-1789983753036-kotlin.trap.gz (1980 of 4882)
[2026-09-27 14:24:26] Importing ModuleLayer.members#65.0-1789983753036-kotlin.trap.gz (1981 of 4882)
[2026-09-27 14:24:26] Importing NamedPackage.members#65.0-1789983753036-kotlin.trap.gz (1982 of 4882)
[2026-09-27 14:24:26] Importing Number.members#65.0-1789983753036-kotlin.trap.gz (1983 of 4882)
[2026-09-27 14:24:26] Importing Object.members#65.0-1789983753036-kotlin.trap.gz (1984 of 4882)
[2026-09-27 14:24:26] Importing Package$VersionInfo.members#65.0-1789983753036-kotlin.trap.gz (1985 of 4882)
[2026-09-27 14:24:26] Importing Package.members#65.0-1789983753036-kotlin.trap.gz (1986 of 4882)
[2026-09-27 14:24:26] Importing Process$PipeInputStream.members#65.0-1789983753036-kotlin.trap.gz (1987 of 4882)
[2026-09-27 14:24:26] Importing Process.members#65.0-1789983753036-kotlin.trap.gz (1988 of 4882)
[2026-09-27 14:24:26] Importing ProcessHandle$Info.members#65.0-1789983753036-kotlin.trap.gz (1989 of 4882)
[2026-09-27 14:24:26] Importing ProcessHandle.members#65.0-1789983753036-kotlin.trap.gz (1990 of 4882)
[2026-09-27 14:24:26] Importing Readable.members#65.0-1789983753036-kotlin.trap.gz (1991 of 4882)
[2026-09-27 14:24:26] Importing Record.members#65.0-1789983753036-kotlin.trap.gz (1992 of 4882)
[2026-09-27 14:24:26] Importing ReflectiveOperationException.members#65.0-1789983753036-kotlin.trap.gz (1993 of 4882)
[2026-09-27 14:24:26] Importing Runnable.members#65.0-1789983753036-kotlin.trap.gz (1994 of 4882)
[2026-09-27 14:24:26] Importing Runtime$Version.members#65.0-1789983753036-kotlin.trap.gz (1995 of 4882)
[2026-09-27 14:24:26] Importing Runtime.members#65.0-1789983753036-kotlin.trap.gz (1996 of 4882)
[2026-09-27 14:24:26] Importing RuntimeException.members#65.0-1789983753036-kotlin.trap.gz (1997 of 4882)
[2026-09-27 14:24:26] Importing RuntimePermission.members#65.0-1789983753036-kotlin.trap.gz (1998 of 4882)
[2026-09-27 14:24:26] Importing SafeVarargs.members#65.0-1789983753036-kotlin.trap.gz (1999 of 4882)
[2026-09-27 14:24:26] Importing SecurityManager.members#65.0-1789983753036-kotlin.trap.gz (2000 of 4882)
[2026-09-27 14:24:26] Importing Short.members#65.0-1789983753036-kotlin.trap.gz (2001 of 4882)
[2026-09-27 14:24:26] Importing StackFrameInfo.members#65.0-1789983753036-kotlin.trap.gz (2002 of 4882)
[2026-09-27 14:24:26] Importing StackTraceElement.members#65.0-1789983753036-kotlin.trap.gz (2003 of 4882)
[2026-09-27 14:24:26] Importing StackWalker$ExtendedOption.members#65.0-1789983753036-kotlin.trap.gz (2004 of 4882)
[2026-09-27 14:24:26] Importing StackWalker$Option.members#65.0-1789983753036-kotlin.trap.gz (2005 of 4882)
[2026-09-27 14:24:26] Importing StackWalker$StackFrame.members#65.0-1789983753036-kotlin.trap.gz (2006 of 4882)
[2026-09-27 14:24:26] Importing StackWalker.members#65.0-1789983753036-kotlin.trap.gz (2007 of 4882)
[2026-09-27 14:24:26] Importing String.members#65.0-1789983753036-kotlin.trap.gz (2008 of 4882)
[2026-09-27 14:24:26] Importing StringBuffer.members#65.0-1789983753036-kotlin.trap.gz (2009 of 4882)
[2026-09-27 14:24:26] Importing StringBuilder.members#65.0-1789983753036-kotlin.trap.gz (2010 of 4882)
[2026-09-27 14:24:26] Importing System$Logger$Level.members#65.0-1789983753036-kotlin.trap.gz (2011 of 4882)
[2026-09-27 14:24:26] Importing System$Logger.members#65.0-1789983753036-kotlin.trap.gz (2012 of 4882)
[2026-09-27 14:24:26] Importing System$LoggerFinder.members#65.0-1789983753036-kotlin.trap.gz (2013 of 4882)
[2026-09-27 14:24:26] Importing System.members#65.0-1789983753036-kotlin.trap.gz (2014 of 4882)
[2026-09-27 14:24:26] Importing Thread$Builder$OfPlatform.members#65.0-1789983753036-kotlin.trap.gz (2015 of 4882)
[2026-09-27 14:24:26] Importing Thread$Builder$OfVirtual.members#65.0-1789983753036-kotlin.trap.gz (2016 of 4882)
[2026-09-27 14:24:26] Importing Thread$Builder.members#65.0-1789983753036-kotlin.trap.gz (2017 of 4882)
[2026-09-27 14:24:26] Importing Thread$State.members#65.0-1789983753036-kotlin.trap.gz (2018 of 4882)
[2026-09-27 14:24:26] Importing Thread$UncaughtExceptionHandler.members#65.0-1789983753036-kotlin.trap.gz (2019 of 4882)
[2026-09-27 14:24:26] Importing Thread.members#65.0-1789983753036-kotlin.trap.gz (2020 of 4882)
[2026-09-27 14:24:26] Importing ThreadGroup.members#65.0-1789983753036-kotlin.trap.gz (2021 of 4882)
[2026-09-27 14:24:26] Importing ThreadLocal$SuppliedThreadLocal.members#65.0-1789983753036-kotlin.trap.gz (2022 of 4882)
[2026-09-27 14:24:26] Importing ThreadLocal$ThreadLocalMap$Entry.members#65.0-1789983753036-kotlin.trap.gz (2023 of 4882)
[2026-09-27 14:24:26] Importing ThreadLocal$ThreadLocalMap.members#65.0-1789983753036-kotlin.trap.gz (2024 of 4882)
[2026-09-27 14:24:26] Importing ThreadLocal.members#65.0-1789983753036-kotlin.trap.gz (2025 of 4882)
[2026-09-27 14:24:26] Importing Throwable.members#65.0-1789983753036-kotlin.trap.gz (2026 of 4882)
[2026-09-27 14:24:26] Importing UnsupportedOperationException.members#65.0-1789983753036-kotlin.trap.gz (2027 of 4882)
[2026-09-27 14:24:26] Importing VirtualMachineError.members#65.0-1789983753036-kotlin.trap.gz (2028 of 4882)
[2026-09-27 14:24:26] Importing Void.members#65.0-1789983753036-kotlin.trap.gz (2029 of 4882)
[2026-09-27 14:24:26] Importing WrongThreadException.members#65.0-1789983753036-kotlin.trap.gz (2030 of 4882)
[2026-09-27 14:24:26] Importing Annotation.members#65.0-1789983753036-kotlin.trap.gz (2031 of 4882)
[2026-09-27 14:24:26] Importing Documented.members#65.0-1789983753036-kotlin.trap.gz (2032 of 4882)
[2026-09-27 14:24:26] Importing ElementType.members#65.0-1789983753036-kotlin.trap.gz (2033 of 4882)
[2026-09-27 14:24:26] Importing Inherited.members#65.0-1789983753036-kotlin.trap.gz (2034 of 4882)
[2026-09-27 14:24:26] Importing Repeatable.members#65.0-1789983753036-kotlin.trap.gz (2035 of 4882)
[2026-09-27 14:24:26] Importing Retention.members#65.0-1789983753036-kotlin.trap.gz (2036 of 4882)
[2026-09-27 14:24:26] Importing RetentionPolicy.members#65.0-1789983753036-kotlin.trap.gz (2037 of 4882)
[2026-09-27 14:24:26] Importing Target.members#65.0-1789983753036-kotlin.trap.gz (2038 of 4882)
[2026-09-27 14:24:26] Importing ClassDesc.members#65.0-1789983753036-kotlin.trap.gz (2039 of 4882)
[2026-09-27 14:24:26] Importing Constable.members#65.0-1789983753036-kotlin.trap.gz (2040 of 4882)
[2026-09-27 14:24:26] Importing ConstantDesc.members#65.0-1789983753036-kotlin.trap.gz (2041 of 4882)
[2026-09-27 14:24:26] Importing DirectMethodHandleDesc$Kind.members#65.0-1789983753036-kotlin.trap.gz (2042 of 4882)
[2026-09-27 14:24:26] Importing DirectMethodHandleDesc.members#65.0-1789983753036-kotlin.trap.gz (2043 of 4882)
[2026-09-27 14:24:26] Importing DynamicConstantDesc.members#65.0-1789983753036-kotlin.trap.gz (2044 of 4882)
[2026-09-27 14:24:26] Importing MethodHandleDesc.members#65.0-1789983753036-kotlin.trap.gz (2045 of 4882)
[2026-09-27 14:24:26] Importing MethodTypeDesc.members#65.0-1789983753036-kotlin.trap.gz (2046 of 4882)
[2026-09-27 14:24:26] Importing AddressLayout.members#65.0-1789983753036-kotlin.trap.gz (2047 of 4882)
[2026-09-27 14:24:26] Importing Arena.members#65.0-1789983753036-kotlin.trap.gz (2048 of 4882)
[2026-09-27 14:24:26] Importing GroupLayout.members#65.0-1789983753036-kotlin.trap.gz (2049 of 4882)
[2026-09-27 14:24:26] Importing MemoryLayout$PathElement.members#65.0-1789983753036-kotlin.trap.gz (2050 of 4882)
[2026-09-27 14:24:26] Importing MemoryLayout.members#65.0-1789983753036-kotlin.trap.gz (2051 of 4882)
[2026-09-27 14:24:26] Importing MemorySegment$Scope.members#65.0-1789983753036-kotlin.trap.gz (2052 of 4882)
[2026-09-27 14:24:26] Importing MemorySegment.members#65.0-1789983753036-kotlin.trap.gz (2053 of 4882)
[2026-09-27 14:24:26] Importing PaddingLayout.members#65.0-1789983753036-kotlin.trap.gz (2054 of 4882)
[2026-09-27 14:24:26] Importing SegmentAllocator.members#65.0-1789983753036-kotlin.trap.gz (2055 of 4882)
[2026-09-27 14:24:26] Importing SequenceLayout.members#65.0-1789983753036-kotlin.trap.gz (2056 of 4882)
[2026-09-27 14:24:26] Importing StructLayout.members#65.0-1789983753036-kotlin.trap.gz (2057 of 4882)
[2026-09-27 14:24:26] Importing UnionLayout.members#65.0-1789983753036-kotlin.trap.gz (2058 of 4882)
[2026-09-27 14:24:26] Importing ValueLayout$OfBoolean.members#65.0-1789983753036-kotlin.trap.gz (2059 of 4882)
[2026-09-27 14:24:26] Importing ValueLayout$OfByte.members#65.0-1789983753036-kotlin.trap.gz (2060 of 4882)
[2026-09-27 14:24:26] Importing ValueLayout$OfChar.members#65.0-1789983753036-kotlin.trap.gz (2061 of 4882)
[2026-09-27 14:24:26] Importing ValueLayout$OfDouble.members#65.0-1789983753036-kotlin.trap.gz (2062 of 4882)
[2026-09-27 14:24:26] Importing ValueLayout$OfFloat.members#65.0-1789983753036-kotlin.trap.gz (2063 of 4882)
[2026-09-27 14:24:26] Importing ValueLayout$OfInt.members#65.0-1789983753036-kotlin.trap.gz (2064 of 4882)
[2026-09-27 14:24:26] Importing ValueLayout$OfLong.members#65.0-1789983753036-kotlin.trap.gz (2065 of 4882)
[2026-09-27 14:24:26] Importing ValueLayout$OfShort.members#65.0-1789983753036-kotlin.trap.gz (2066 of 4882)
[2026-09-27 14:24:26] Importing ValueLayout.members#65.0-1789983753036-kotlin.trap.gz (2067 of 4882)
[2026-09-27 14:24:26] Importing BoundMethodHandle$Specializer$Factory.members#65.0-1789983753036-kotlin.trap.gz (2068 of 4882)
[2026-09-27 14:24:26] Importing BoundMethodHandle$Specializer.members#65.0-1789983753036-kotlin.trap.gz (2069 of 4882)
[2026-09-27 14:24:26] Importing BoundMethodHandle$SpeciesData.members#65.0-1789983753036-kotlin.trap.gz (2070 of 4882)
[2026-09-27 14:24:26] Importing BoundMethodHandle.members#65.0-1789983753036-kotlin.trap.gz (2071 of 4882)
[2026-09-27 14:24:26] Importing CallSite.members#65.0-1789983753036-kotlin.trap.gz (2072 of 4882)
[2026-09-27 14:24:26] Importing ClassSpecializer$Factory.members#65.0-1789983753036-kotlin.trap.gz (2073 of 4882)
[2026-09-27 14:24:26] Importing ClassSpecializer$SpeciesData.members#65.0-1789983753036-kotlin.trap.gz (2074 of 4882)
[2026-09-27 14:24:26] Importing ClassSpecializer.members#65.0-1789983753036-kotlin.trap.gz (2075 of 4882)
[2026-09-27 14:24:26] Importing DelegatingMethodHandle.members#65.0-1789983753036-kotlin.trap.gz (2076 of 4882)
[2026-09-27 14:24:26] Importing DirectMethodHandle$Accessor.members#65.0-1789983753036-kotlin.trap.gz (2077 of 4882)
[2026-09-27 14:24:26] Importing DirectMethodHandle$Constructor.members#65.0-1789983753036-kotlin.trap.gz (2078 of 4882)
[2026-09-27 14:24:26] Importing DirectMethodHandle$Interface.members#65.0-1789983753036-kotlin.trap.gz (2079 of 4882)
[2026-09-27 14:24:26] Importing DirectMethodHandle$Special.members#65.0-1789983753036-kotlin.trap.gz (2080 of 4882)
[2026-09-27 14:24:26] Importing DirectMethodHandle$StaticAccessor.members#65.0-1789983753036-kotlin.trap.gz (2081 of 4882)
[2026-09-27 14:24:26] Importing DirectMethodHandle.members#65.0-1789983753036-kotlin.trap.gz (2082 of 4882)
[2026-09-27 14:24:26] Importing Invokers.members#65.0-1789983753036-kotlin.trap.gz (2083 of 4882)
[2026-09-27 14:24:26] Importing LambdaForm$BasicType.members#65.0-1789983753036-kotlin.trap.gz (2084 of 4882)
[2026-09-27 14:24:26] Importing LambdaForm$Compiled.members#65.0-1789983753036-kotlin.trap.gz (2085 of 4882)
[2026-09-27 14:24:26] Importing LambdaForm$Kind.members#65.0-1789983753036-kotlin.trap.gz (2086 of 4882)
[2026-09-27 14:24:26] Importing LambdaForm$Name.members#65.0-1789983753036-kotlin.trap.gz (2087 of 4882)
[2026-09-27 14:24:26] Importing LambdaForm$NamedFunction.members#65.0-1789983753036-kotlin.trap.gz (2088 of 4882)
[2026-09-27 14:24:26] Importing LambdaForm.members#65.0-1789983753036-kotlin.trap.gz (2089 of 4882)
[2026-09-27 14:24:26] Importing LambdaFormEditor.members#65.0-1789983753036-kotlin.trap.gz (2090 of 4882)
[2026-09-27 14:24:26] Importing MemberName$Factory.members#65.0-1789983753036-kotlin.trap.gz (2091 of 4882)
[2026-09-27 14:24:26] Importing MemberName.members#65.0-1789983753036-kotlin.trap.gz (2092 of 4882)
[2026-09-27 14:24:26] Importing MethodHandle$PolymorphicSignature.members#65.0-1789983753036-kotlin.trap.gz (2093 of 4882)
[2026-09-27 14:24:26] Importing MethodHandle.members#65.0-1789983753036-kotlin.trap.gz (2094 of 4882)
[2026-09-27 14:24:26] Importing MethodHandleImpl$ArrayAccess.members#65.0-1789983753036-kotlin.trap.gz (2095 of 4882)
[2026-09-27 14:24:26] Importing MethodHandleImpl$ArrayAccessor.members#65.0-1789983753036-kotlin.trap.gz (2096 of 4882)
[2026-09-27 14:24:26] Importing MethodHandleImpl$AsVarargsCollector.members#65.0-1789983753036-kotlin.trap.gz (2097 of 4882)
[2026-09-27 14:24:26] Importing MethodHandleImpl$CasesHolder.members#65.0-1789983753036-kotlin.trap.gz (2098 of 4882)
[2026-09-27 14:24:26] Importing MethodHandleImpl$CountingWrapper.members#65.0-1789983753036-kotlin.trap.gz (2099 of 4882)
[2026-09-27 14:24:26] Importing MethodHandleImpl$Intrinsic.members#65.0-1789983753036-kotlin.trap.gz (2100 of 4882)
[2026-09-27 14:24:26] Importing MethodHandleImpl$IntrinsicMethodHandle.members#65.0-1789983753036-kotlin.trap.gz (2101 of 4882)
[2026-09-27 14:24:26] Importing MethodHandleImpl$LoopClauses.members#65.0-1789983753036-kotlin.trap.gz (2102 of 4882)
[2026-09-27 14:24:26] Importing MethodHandleImpl$WrappedMember.members#65.0-1789983753036-kotlin.trap.gz (2103 of 4882)
[2026-09-27 14:24:26] Importing MethodHandleImpl.members#65.0-1789983753036-kotlin.trap.gz (2104 of 4882)
[2026-09-27 14:24:26] Importing MethodHandleInfo.members#65.0-1789983753036-kotlin.trap.gz (2105 of 4882)
[2026-09-27 14:24:26] Importing MethodHandles$Lookup$ClassDefiner.members#65.0-1789983753036-kotlin.trap.gz (2106 of 4882)
[2026-09-27 14:24:26] Importing MethodHandles$Lookup$ClassFile.members#65.0-1789983753036-kotlin.trap.gz (2107 of 4882)
[2026-09-27 14:24:26] Importing MethodHandles$Lookup$ClassOption.members#65.0-1789983753036-kotlin.trap.gz (2108 of 4882)
[2026-09-27 14:24:26] Importing MethodHandles$Lookup.members#65.0-1789983753036-kotlin.trap.gz (2109 of 4882)
[2026-09-27 14:24:26] Importing MethodHandles.members#65.0-1789983753036-kotlin.trap.gz (2110 of 4882)
[2026-09-27 14:24:26] Importing MethodType.members#65.0-1789983753036-kotlin.trap.gz (2111 of 4882)
[2026-09-27 14:24:26] Importing MethodTypeForm.members#65.0-1789983753036-kotlin.trap.gz (2112 of 4882)
[2026-09-27 14:24:26] Importing TypeDescriptor$OfField.members#65.0-1789983753036-kotlin.trap.gz (2113 of 4882)
[2026-09-27 14:24:26] Importing TypeDescriptor$OfMethod.members#65.0-1789983753036-kotlin.trap.gz (2114 of 4882)
[2026-09-27 14:24:26] Importing TypeDescriptor.members#65.0-1789983753036-kotlin.trap.gz (2115 of 4882)
[2026-09-27 14:24:26] Importing VarForm.members#65.0-1789983753036-kotlin.trap.gz (2116 of 4882)
[2026-09-27 14:24:26] Importing VarHandle$AccessDescriptor.members#65.0-1789983753036-kotlin.trap.gz (2117 of 4882)
[2026-09-27 14:24:26] Importing VarHandle$AccessMode.members#65.0-1789983753036-kotlin.trap.gz (2118 of 4882)
[2026-09-27 14:24:26] Importing VarHandle$AccessType.members#65.0-1789983753036-kotlin.trap.gz (2119 of 4882)
[2026-09-27 14:24:26] Importing VarHandle$VarHandleDesc.members#65.0-1789983753036-kotlin.trap.gz (2120 of 4882)
[2026-09-27 14:24:26] Importing VarHandle.members#65.0-1789983753036-kotlin.trap.gz (2121 of 4882)
[2026-09-27 14:24:26] Importing WrongMethodTypeException.members#65.0-1789983753036-kotlin.trap.gz (2122 of 4882)
[2026-09-27 14:24:26] Importing Configuration.members#65.0-1789983753036-kotlin.trap.gz (2123 of 4882)
[2026-09-27 14:24:26] Importing ModuleDescriptor$Builder.members#65.0-1789983753036-kotlin.trap.gz (2124 of 4882)
[2026-09-27 14:24:26] Importing ModuleDescriptor$Exports$Modifier.members#65.0-1789983753036-kotlin.trap.gz (2125 of 4882)
[2026-09-27 14:24:26] Importing ModuleDescriptor$Exports.members#65.0-1789983753036-kotlin.trap.gz (2126 of 4882)
[2026-09-27 14:24:26] Importing ModuleDescriptor$Modifier.members#65.0-1789983753036-kotlin.trap.gz (2127 of 4882)
[2026-09-27 14:24:26] Importing ModuleDescriptor$Opens$Modifier.members#65.0-1789983753036-kotlin.trap.gz (2128 of 4882)
[2026-09-27 14:24:26] Importing ModuleDescriptor$Opens.members#65.0-1789983753036-kotlin.trap.gz (2129 of 4882)
[2026-09-27 14:24:26] Importing ModuleDescriptor$Provides.members#65.0-1789983753036-kotlin.trap.gz (2130 of 4882)
[2026-09-27 14:24:26] Importing ModuleDescriptor$Requires$Modifier.members#65.0-1789983753036-kotlin.trap.gz (2131 of 4882)
[2026-09-27 14:24:26] Importing ModuleDescriptor$Requires.members#65.0-1789983753036-kotlin.trap.gz (2132 of 4882)
[2026-09-27 14:24:26] Importing ModuleDescriptor$Version.members#65.0-1789983753036-kotlin.trap.gz (2133 of 4882)
[2026-09-27 14:24:26] Importing ModuleDescriptor.members#65.0-1789983753036-kotlin.trap.gz (2134 of 4882)
[2026-09-27 14:24:26] Importing ModuleFinder.members#65.0-1789983753036-kotlin.trap.gz (2135 of 4882)
[2026-09-27 14:24:26] Importing ModuleReader.members#65.0-1789983753036-kotlin.trap.gz (2136 of 4882)
[2026-09-27 14:24:26] Importing ModuleReference.members#65.0-1789983753036-kotlin.trap.gz (2137 of 4882)
[2026-09-27 14:24:26] Importing ResolvedModule.members#65.0-1789983753036-kotlin.trap.gz (2138 of 4882)
[2026-09-27 14:24:26] Importing Cleaner$Cleanable.members#65.0-1789983753036-kotlin.trap.gz (2139 of 4882)
[2026-09-27 14:24:26] Importing Cleaner.members#65.0-1789983753036-kotlin.trap.gz (2140 of 4882)
[2026-09-27 14:24:26] Importing PhantomReference.members#65.0-1789983753036-kotlin.trap.gz (2141 of 4882)
[2026-09-27 14:24:26] Importing Reference.members#65.0-1789983753036-kotlin.trap.gz (2142 of 4882)
[2026-09-27 14:24:26] Importing ReferenceQueue.members#65.0-1789983753036-kotlin.trap.gz (2143 of 4882)
[2026-09-27 14:24:26] Importing SoftReference.members#65.0-1789983753036-kotlin.trap.gz (2144 of 4882)
[2026-09-27 14:24:26] Importing WeakReference.members#65.0-1789983753036-kotlin.trap.gz (2145 of 4882)
[2026-09-27 14:24:26] Importing AccessFlag$Location.members#65.0-1789983753036-kotlin.trap.gz (2146 of 4882)
[2026-09-27 14:24:26] Importing AccessFlag.members#65.0-1789983753036-kotlin.trap.gz (2147 of 4882)
[2026-09-27 14:24:26] Importing AccessibleObject.members#65.0-1789983753036-kotlin.trap.gz (2148 of 4882)
[2026-09-27 14:24:26] Importing AnnotatedElement.members#65.0-1789983753036-kotlin.trap.gz (2149 of 4882)
[2026-09-27 14:24:26] Importing AnnotatedType.members#65.0-1789983753036-kotlin.trap.gz (2150 of 4882)
[2026-09-27 14:24:26] Importing ClassFileFormatVersion.members#65.0-1789983753036-kotlin.trap.gz (2151 of 4882)
[2026-09-27 14:24:26] Importing Constructor.members#65.0-1789983753036-kotlin.trap.gz (2152 of 4882)
[2026-09-27 14:24:26] Importing Executable$ParameterData.members#65.0-1789983753036-kotlin.trap.gz (2153 of 4882)
[2026-09-27 14:24:26] Importing Executable.members#65.0-1789983753036-kotlin.trap.gz (2154 of 4882)
[2026-09-27 14:24:26] Importing Field.members#65.0-1789983753036-kotlin.trap.gz (2155 of 4882)
[2026-09-27 14:24:26] Importing GenericArrayType.members#65.0-1789983753036-kotlin.trap.gz (2156 of 4882)
[2026-09-27 14:24:26] Importing GenericDeclaration.members#65.0-1789983753036-kotlin.trap.gz (2157 of 4882)
[2026-09-27 14:24:26] Importing InvocationHandler.members#65.0-1789983753036-kotlin.trap.gz (2158 of 4882)
[2026-09-27 14:24:26] Importing Member.members#65.0-1789983753036-kotlin.trap.gz (2159 of 4882)
[2026-09-27 14:24:26] Importing Method.members#65.0-1789983753036-kotlin.trap.gz (2160 of 4882)
[2026-09-27 14:24:26] Importing Parameter.members#65.0-1789983753036-kotlin.trap.gz (2161 of 4882)
[2026-09-27 14:24:26] Importing ParameterizedType.members#65.0-1789983753036-kotlin.trap.gz (2162 of 4882)
[2026-09-27 14:24:26] Importing RecordComponent.members#65.0-1789983753036-kotlin.trap.gz (2163 of 4882)
[2026-09-27 14:24:26] Importing Type.members#65.0-1789983753036-kotlin.trap.gz (2164 of 4882)
[2026-09-27 14:24:26] Importing TypeVariable.members#65.0-1789983753036-kotlin.trap.gz (2165 of 4882)
[2026-09-27 14:24:26] Importing WildcardType.members#65.0-1789983753036-kotlin.trap.gz (2166 of 4882)
[2026-09-27 14:24:26] Importing BigDecimal$StringBuilderHelper.members#65.0-1789983753036-kotlin.trap.gz (2167 of 4882)
[2026-09-27 14:24:26] Importing BigDecimal.members#65.0-1789983753036-kotlin.trap.gz (2168 of 4882)
[2026-09-27 14:24:26] Importing BigInteger.members#65.0-1789983753036-kotlin.trap.gz (2169 of 4882)
[2026-09-27 14:24:26] Importing MathContext.members#65.0-1789983753036-kotlin.trap.gz (2170 of 4882)
[2026-09-27 14:24:26] Importing RoundingMode.members#65.0-1789983753036-kotlin.trap.gz (2171 of 4882)
[2026-09-27 14:24:26] Importing Authenticator$RequestorType.members#65.0-1789983753036-kotlin.trap.gz (2172 of 4882)
[2026-09-27 14:24:26] Importing Authenticator.members#65.0-1789983753036-kotlin.trap.gz (2173 of 4882)
[2026-09-27 14:24:26] Importing ContentHandler.members#65.0-1789983753036-kotlin.trap.gz (2174 of 4882)
[2026-09-27 14:24:26] Importing ContentHandlerFactory.members#65.0-1789983753036-kotlin.trap.gz (2175 of 4882)
[2026-09-27 14:24:26] Importing CookieHandler.members#65.0-1789983753036-kotlin.trap.gz (2176 of 4882)
[2026-09-27 14:24:26] Importing DatagramPacket.members#65.0-1789983753036-kotlin.trap.gz (2177 of 4882)
[2026-09-27 14:24:26] Importing DatagramSocket.members#65.0-1789983753036-kotlin.trap.gz (2178 of 4882)
[2026-09-27 14:24:26] Importing DatagramSocketImpl.members#65.0-1789983753036-kotlin.trap.gz (2179 of 4882)
[2026-09-27 14:24:26] Importing DatagramSocketImplFactory.members#65.0-1789983753036-kotlin.trap.gz (2180 of 4882)
[2026-09-27 14:24:26] Importing FileNameMap.members#65.0-1789983753036-kotlin.trap.gz (2181 of 4882)
[2026-09-27 14:24:26] Importing InetAddress$InetAddressHolder.members#65.0-1789983753036-kotlin.trap.gz (2182 of 4882)
[2026-09-27 14:24:26] Importing InetAddress.members#65.0-1789983753036-kotlin.trap.gz (2183 of 4882)
[2026-09-27 14:24:26] Importing InetAddressImpl.members#65.0-1789983753036-kotlin.trap.gz (2184 of 4882)
[2026-09-27 14:24:26] Importing InetSocketAddress.members#65.0-1789983753036-kotlin.trap.gz (2185 of 4882)
[2026-09-27 14:24:26] Importing InterfaceAddress.members#65.0-1789983753036-kotlin.trap.gz (2186 of 4882)
[2026-09-27 14:24:26] Importing NetworkInterface.members#65.0-1789983753036-kotlin.trap.gz (2187 of 4882)
[2026-09-27 14:24:26] Importing PasswordAuthentication.members#65.0-1789983753036-kotlin.trap.gz (2188 of 4882)
[2026-09-27 14:24:26] Importing ProtocolFamily.members#65.0-1789983753036-kotlin.trap.gz (2189 of 4882)
[2026-09-27 14:24:26] Importing Proxy$Type.members#65.0-1789983753036-kotlin.trap.gz (2190 of 4882)
[2026-09-27 14:24:26] Importing Proxy.members#65.0-1789983753036-kotlin.trap.gz (2191 of 4882)
[2026-09-27 14:24:26] Importing ProxySelector$StaticProxySelector.members#65.0-1789983753036-kotlin.trap.gz (2192 of 4882)
[2026-09-27 14:24:26] Importing ProxySelector.members#65.0-1789983753036-kotlin.trap.gz (2193 of 4882)
[2026-09-27 14:24:26] Importing ServerSocket.members#65.0-1789983753036-kotlin.trap.gz (2194 of 4882)
[2026-09-27 14:24:26] Importing Socket.members#65.0-1789983753036-kotlin.trap.gz (2195 of 4882)
[2026-09-27 14:24:26] Importing SocketAddress.members#65.0-1789983753036-kotlin.trap.gz (2196 of 4882)
[2026-09-27 14:24:26] Importing SocketImpl.members#65.0-1789983753036-kotlin.trap.gz (2197 of 4882)
[2026-09-27 14:24:26] Importing SocketImplFactory.members#65.0-1789983753036-kotlin.trap.gz (2198 of 4882)
[2026-09-27 14:24:26] Importing SocketOption.members#65.0-1789983753036-kotlin.trap.gz (2199 of 4882)
[2026-09-27 14:24:26] Importing SocketOptions.members#65.0-1789983753036-kotlin.trap.gz (2200 of 4882)
[2026-09-27 14:24:27] Importing URI.members#65.0-1789983753036-kotlin.trap.gz (2201 of 4882)
[2026-09-27 14:24:27] Importing URL.members#65.0-1789983753036-kotlin.trap.gz (2202 of 4882)
[2026-09-27 14:24:27] Importing URLConnection.members#65.0-1789983753036-kotlin.trap.gz (2203 of 4882)
[2026-09-27 14:24:27] Importing URLEncoder.members#65.0-1789983753036-kotlin.trap.gz (2204 of 4882)
[2026-09-27 14:24:27] Importing URLStreamHandler.members#65.0-1789983753036-kotlin.trap.gz (2205 of 4882)
[2026-09-27 14:24:27] Importing URLStreamHandlerFactory.members#65.0-1789983753036-kotlin.trap.gz (2206 of 4882)
[2026-09-27 14:24:27] Importing HttpClient$Builder.members#65.0-1789983753036-kotlin.trap.gz (2207 of 4882)
[2026-09-27 14:24:27] Importing HttpClient$Redirect.members#65.0-1789983753036-kotlin.trap.gz (2208 of 4882)
[2026-09-27 14:24:27] Importing HttpClient$Version.members#65.0-1789983753036-kotlin.trap.gz (2209 of 4882)
[2026-09-27 14:24:27] Importing HttpClient.members#65.0-1789983753036-kotlin.trap.gz (2210 of 4882)
[2026-09-27 14:24:27] Importing HttpHeaders.members#65.0-1789983753036-kotlin.trap.gz (2211 of 4882)
[2026-09-27 14:24:27] Importing HttpRequest$BodyPublisher.members#65.0-1789983753036-kotlin.trap.gz (2212 of 4882)
[2026-09-27 14:24:27] Importing HttpRequest$BodyPublishers.members#65.0-1789983753036-kotlin.trap.gz (2213 of 4882)
[2026-09-27 14:24:27] Importing HttpRequest$Builder.members#65.0-1789983753036-kotlin.trap.gz (2214 of 4882)
[2026-09-27 14:24:27] Importing HttpRequest.members#65.0-1789983753036-kotlin.trap.gz (2215 of 4882)
[2026-09-27 14:24:27] Importing HttpResponse$BodyHandler.members#65.0-1789983753036-kotlin.trap.gz (2216 of 4882)
[2026-09-27 14:24:27] Importing HttpResponse$BodyHandlers.members#65.0-1789983753036-kotlin.trap.gz (2217 of 4882)
[2026-09-27 14:24:27] Importing HttpResponse$BodySubscriber.members#65.0-1789983753036-kotlin.trap.gz (2218 of 4882)
[2026-09-27 14:24:27] Importing HttpResponse$BodySubscribers.members#65.0-1789983753036-kotlin.trap.gz (2219 of 4882)
[2026-09-27 14:24:27] Importing HttpResponse$PushPromiseHandler.members#65.0-1789983753036-kotlin.trap.gz (2220 of 4882)
[2026-09-27 14:24:27] Importing HttpResponse$ResponseInfo.members#65.0-1789983753036-kotlin.trap.gz (2221 of 4882)
[2026-09-27 14:24:27] Importing HttpResponse.members#65.0-1789983753036-kotlin.trap.gz (2222 of 4882)
[2026-09-27 14:24:27] Importing WebSocket$Builder.members#65.0-1789983753036-kotlin.trap.gz (2223 of 4882)
[2026-09-27 14:24:27] Importing WebSocket$Listener.members#65.0-1789983753036-kotlin.trap.gz (2224 of 4882)
[2026-09-27 14:24:27] Importing WebSocket.members#65.0-1789983753036-kotlin.trap.gz (2225 of 4882)
[2026-09-27 14:24:27] Importing InetAddressResolver$LookupPolicy.members#65.0-1789983753036-kotlin.trap.gz (2226 of 4882)
[2026-09-27 14:24:27] Importing InetAddressResolver.members#65.0-1789983753036-kotlin.trap.gz (2227 of 4882)
[2026-09-27 14:24:27] Importing Buffer.members#65.0-1789983753036-kotlin.trap.gz (2228 of 4882)
[2026-09-27 14:24:27] Importing ByteBuffer.members#65.0-1789983753036-kotlin.trap.gz (2229 of 4882)
[2026-09-27 14:24:27] Importing ByteOrder.members#65.0-1789983753036-kotlin.trap.gz (2230 of 4882)
[2026-09-27 14:24:27] Importing CharBuffer.members#65.0-1789983753036-kotlin.trap.gz (2231 of 4882)
[2026-09-27 14:24:27] Importing DoubleBuffer.members#65.0-1789983753036-kotlin.trap.gz (2232 of 4882)
[2026-09-27 14:24:27] Importing FloatBuffer.members#65.0-1789983753036-kotlin.trap.gz (2233 of 4882)
[2026-09-27 14:24:27] Importing IntBuffer.members#65.0-1789983753036-kotlin.trap.gz (2234 of 4882)
[2026-09-27 14:24:27] Importing LongBuffer.members#65.0-1789983753036-kotlin.trap.gz (2235 of 4882)
[2026-09-27 14:24:27] Importing MappedByteBuffer.members#65.0-1789983753036-kotlin.trap.gz (2236 of 4882)
[2026-09-27 14:24:27] Importing ShortBuffer.members#65.0-1789983753036-kotlin.trap.gz (2237 of 4882)
[2026-09-27 14:24:27] Importing AsynchronousChannel.members#65.0-1789983753036-kotlin.trap.gz (2238 of 4882)
[2026-09-27 14:24:27] Importing AsynchronousFileChannel.members#65.0-1789983753036-kotlin.trap.gz (2239 of 4882)
[2026-09-27 14:24:27] Importing ByteChannel.members#65.0-1789983753036-kotlin.trap.gz (2240 of 4882)
[2026-09-27 14:24:27] Importing Channel.members#65.0-1789983753036-kotlin.trap.gz (2241 of 4882)
[2026-09-27 14:24:27] Importing CompletionHandler.members#65.0-1789983753036-kotlin.trap.gz (2242 of 4882)
[2026-09-27 14:24:27] Importing DatagramChannel.members#65.0-1789983753036-kotlin.trap.gz (2243 of 4882)
[2026-09-27 14:24:27] Importing FileChannel$MapMode.members#65.0-1789983753036-kotlin.trap.gz (2244 of 4882)
[2026-09-27 14:24:27] Importing FileChannel.members#65.0-1789983753036-kotlin.trap.gz (2245 of 4882)
[2026-09-27 14:24:27] Importing FileLock.members#65.0-1789983753036-kotlin.trap.gz (2246 of 4882)
[2026-09-27 14:24:27] Importing GatheringByteChannel.members#65.0-1789983753036-kotlin.trap.gz (2247 of 4882)
[2026-09-27 14:24:27] Importing InterruptibleChannel.members#65.0-1789983753036-kotlin.trap.gz (2248 of 4882)
[2026-09-27 14:24:27] Importing MembershipKey.members#65.0-1789983753036-kotlin.trap.gz (2249 of 4882)
[2026-09-27 14:24:27] Importing MulticastChannel.members#65.0-1789983753036-kotlin.trap.gz (2250 of 4882)
[2026-09-27 14:24:27] Importing NetworkChannel.members#65.0-1789983753036-kotlin.trap.gz (2251 of 4882)
[2026-09-27 14:24:27] Importing Pipe$SinkChannel.members#65.0-1789983753036-kotlin.trap.gz (2252 of 4882)
[2026-09-27 14:24:27] Importing Pipe$SourceChannel.members#65.0-1789983753036-kotlin.trap.gz (2253 of 4882)
[2026-09-27 14:24:27] Importing Pipe.members#65.0-1789983753036-kotlin.trap.gz (2254 of 4882)
[2026-09-27 14:24:27] Importing ReadableByteChannel.members#65.0-1789983753036-kotlin.trap.gz (2255 of 4882)
[2026-09-27 14:24:27] Importing ScatteringByteChannel.members#65.0-1789983753036-kotlin.trap.gz (2256 of 4882)
[2026-09-27 14:24:27] Importing SeekableByteChannel.members#65.0-1789983753036-kotlin.trap.gz (2257 of 4882)
[2026-09-27 14:24:27] Importing SelectableChannel.members#65.0-1789983753036-kotlin.trap.gz (2258 of 4882)
[2026-09-27 14:24:27] Importing SelectionKey.members#65.0-1789983753036-kotlin.trap.gz (2259 of 4882)
[2026-09-27 14:24:27] Importing Selector.members#65.0-1789983753036-kotlin.trap.gz (2260 of 4882)
[2026-09-27 14:24:27] Importing ServerSocketChannel.members#65.0-1789983753036-kotlin.trap.gz (2261 of 4882)
[2026-09-27 14:24:27] Importing SocketChannel.members#65.0-1789983753036-kotlin.trap.gz (2262 of 4882)
[2026-09-27 14:24:27] Importing WritableByteChannel.members#65.0-1789983753036-kotlin.trap.gz (2263 of 4882)
[2026-09-27 14:24:27] Importing AbstractInterruptibleChannel.members#65.0-1789983753036-kotlin.trap.gz (2264 of 4882)
[2026-09-27 14:24:27] Importing AbstractSelectableChannel.members#65.0-1789983753036-kotlin.trap.gz (2265 of 4882)
[2026-09-27 14:24:27] Importing AbstractSelectionKey.members#65.0-1789983753036-kotlin.trap.gz (2266 of 4882)
[2026-09-27 14:24:27] Importing AbstractSelector.members#65.0-1789983753036-kotlin.trap.gz (2267 of 4882)
[2026-09-27 14:24:27] Importing SelectorProvider.members#65.0-1789983753036-kotlin.trap.gz (2268 of 4882)
[2026-09-27 14:24:27] Importing Charset.members#65.0-1789983753036-kotlin.trap.gz (2269 of 4882)
[2026-09-27 14:24:27] Importing CharsetDecoder.members#65.0-1789983753036-kotlin.trap.gz (2270 of 4882)
[2026-09-27 14:24:27] Importing CharsetEncoder.members#65.0-1789983753036-kotlin.trap.gz (2271 of 4882)
[2026-09-27 14:24:27] Importing CoderResult.members#65.0-1789983753036-kotlin.trap.gz (2272 of 4882)
[2026-09-27 14:24:27] Importing CodingErrorAction.members#65.0-1789983753036-kotlin.trap.gz (2273 of 4882)
[2026-09-27 14:24:27] Importing StandardCharsets.members#65.0-1789983753036-kotlin.trap.gz (2274 of 4882)
[2026-09-27 14:24:27] Importing AccessMode.members#65.0-1789983753036-kotlin.trap.gz (2275 of 4882)
[2026-09-27 14:24:27] Importing CopyOption.members#65.0-1789983753036-kotlin.trap.gz (2276 of 4882)
[2026-09-27 14:24:27] Importing DirectoryStream$Filter.members#65.0-1789983753036-kotlin.trap.gz (2277 of 4882)
[2026-09-27 14:24:27] Importing DirectoryStream.members#65.0-1789983753036-kotlin.trap.gz (2278 of 4882)
[2026-09-27 14:24:27] Importing FileStore.members#65.0-1789983753036-kotlin.trap.gz (2279 of 4882)
[2026-09-27 14:24:27] Importing FileSystem.members#65.0-1789983753036-kotlin.trap.gz (2280 of 4882)
[2026-09-27 14:24:27] Importing LinkOption.members#65.0-1789983753036-kotlin.trap.gz (2281 of 4882)
[2026-09-27 14:24:27] Importing OpenOption.members#65.0-1789983753036-kotlin.trap.gz (2282 of 4882)
[2026-09-27 14:24:27] Importing Path.members#65.0-1789983753036-kotlin.trap.gz (2283 of 4882)
[2026-09-27 14:24:27] Importing PathMatcher.members#65.0-1789983753036-kotlin.trap.gz (2284 of 4882)
[2026-09-27 14:24:27] Importing WatchEvent$Kind.members#65.0-1789983753036-kotlin.trap.gz (2285 of 4882)
[2026-09-27 14:24:27] Importing WatchEvent$Modifier.members#65.0-1789983753036-kotlin.trap.gz (2286 of 4882)
[2026-09-27 14:24:27] Importing WatchEvent.members#65.0-1789983753036-kotlin.trap.gz (2287 of 4882)
[2026-09-27 14:24:27] Importing WatchKey.members#65.0-1789983753036-kotlin.trap.gz (2288 of 4882)
[2026-09-27 14:24:27] Importing WatchService.members#65.0-1789983753036-kotlin.trap.gz (2289 of 4882)
[2026-09-27 14:24:27] Importing Watchable.members#65.0-1789983753036-kotlin.trap.gz (2290 of 4882)
[2026-09-27 14:24:27] Importing AttributeView.members#65.0-1789983753036-kotlin.trap.gz (2291 of 4882)
[2026-09-27 14:24:27] Importing BasicFileAttributes.members#65.0-1789983753036-kotlin.trap.gz (2292 of 4882)
[2026-09-27 14:24:27] Importing FileAttribute.members#65.0-1789983753036-kotlin.trap.gz (2293 of 4882)
[2026-09-27 14:24:27] Importing FileAttributeView.members#65.0-1789983753036-kotlin.trap.gz (2294 of 4882)
[2026-09-27 14:24:27] Importing FileStoreAttributeView.members#65.0-1789983753036-kotlin.trap.gz (2295 of 4882)
[2026-09-27 14:24:27] Importing FileTime.members#65.0-1789983753036-kotlin.trap.gz (2296 of 4882)
[2026-09-27 14:24:27] Importing GroupPrincipal.members#65.0-1789983753036-kotlin.trap.gz (2297 of 4882)
[2026-09-27 14:24:27] Importing UserPrincipal.members#65.0-1789983753036-kotlin.trap.gz (2298 of 4882)
[2026-09-27 14:24:27] Importing UserPrincipalLookupService.members#65.0-1789983753036-kotlin.trap.gz (2299 of 4882)
[2026-09-27 14:24:27] Importing FileSystemProvider.members#65.0-1789983753036-kotlin.trap.gz (2300 of 4882)
[2026-09-27 14:24:27] Importing AccessControlContext.members#65.0-1789983753036-kotlin.trap.gz (2301 of 4882)
[2026-09-27 14:24:27] Importing AlgorithmConstraints.members#65.0-1789983753036-kotlin.trap.gz (2302 of 4882)
[2026-09-27 14:24:27] Importing AlgorithmParameters.members#65.0-1789983753036-kotlin.trap.gz (2303 of 4882)
[2026-09-27 14:24:27] Importing AlgorithmParametersSpi.members#65.0-1789983753036-kotlin.trap.gz (2304 of 4882)
[2026-09-27 14:24:27] Importing BasicPermission.members#65.0-1789983753036-kotlin.trap.gz (2305 of 4882)
[2026-09-27 14:24:27] Importing CodeSigner.members#65.0-1789983753036-kotlin.trap.gz (2306 of 4882)
[2026-09-27 14:24:27] Importing CodeSource.members#65.0-1789983753036-kotlin.trap.gz (2307 of 4882)
[2026-09-27 14:24:27] Importing CryptoPrimitive.members#65.0-1789983753036-kotlin.trap.gz (2308 of 4882)
[2026-09-27 14:24:27] Importing DomainCombiner.members#65.0-1789983753036-kotlin.trap.gz (2309 of 4882)
[2026-09-27 14:24:27] Importing Guard.members#65.0-1789983753036-kotlin.trap.gz (2310 of 4882)
[2026-09-27 14:24:27] Importing Key.members#65.0-1789983753036-kotlin.trap.gz (2311 of 4882)
[2026-09-27 14:24:27] Importing KeyPair.members#65.0-1789983753036-kotlin.trap.gz (2312 of 4882)
[2026-09-27 14:24:27] Importing KeyStore$Builder.members#65.0-1789983753036-kotlin.trap.gz (2313 of 4882)
[2026-09-27 14:24:27] Importing KeyStore$CallbackHandlerProtection.members#65.0-1789983753036-kotlin.trap.gz (2314 of 4882)
[2026-09-27 14:24:27] Importing KeyStore$Entry$Attribute.members#65.0-1789983753036-kotlin.trap.gz (2315 of 4882)
[2026-09-27 14:24:27] Importing KeyStore$Entry.members#65.0-1789983753036-kotlin.trap.gz (2316 of 4882)
[2026-09-27 14:24:27] Importing KeyStore$LoadStoreParameter.members#65.0-1789983753036-kotlin.trap.gz (2317 of 4882)
[2026-09-27 14:24:27] Importing KeyStore$PasswordProtection.members#65.0-1789983753036-kotlin.trap.gz (2318 of 4882)
[2026-09-27 14:24:27] Importing KeyStore$PrivateKeyEntry.members#65.0-1789983753036-kotlin.trap.gz (2319 of 4882)
[2026-09-27 14:24:27] Importing KeyStore$ProtectionParameter.members#65.0-1789983753036-kotlin.trap.gz (2320 of 4882)
[2026-09-27 14:24:27] Importing KeyStore$SecretKeyEntry.members#65.0-1789983753036-kotlin.trap.gz (2321 of 4882)
[2026-09-27 14:24:27] Importing KeyStore$SimpleLoadStoreParameter.members#65.0-1789983753036-kotlin.trap.gz (2322 of 4882)
[2026-09-27 14:24:27] Importing KeyStore$TrustedCertificateEntry.members#65.0-1789983753036-kotlin.trap.gz (2323 of 4882)
[2026-09-27 14:24:27] Importing KeyStore.members#65.0-1789983753036-kotlin.trap.gz (2324 of 4882)
[2026-09-27 14:24:27] Importing KeyStoreSpi.members#65.0-1789983753036-kotlin.trap.gz (2325 of 4882)
[2026-09-27 14:24:27] Importing MessageDigest.members#65.0-1789983753036-kotlin.trap.gz (2326 of 4882)
[2026-09-27 14:24:27] Importing MessageDigestSpi.members#65.0-1789983753036-kotlin.trap.gz (2327 of 4882)
[2026-09-27 14:24:27] Importing Permission.members#65.0-1789983753036-kotlin.trap.gz (2328 of 4882)
[2026-09-27 14:24:27] Importing PermissionCollection.members#65.0-1789983753036-kotlin.trap.gz (2329 of 4882)
[2026-09-27 14:24:27] Importing Principal.members#65.0-1789983753036-kotlin.trap.gz (2330 of 4882)
[2026-09-27 14:24:27] Importing PrivateKey.members#65.0-1789983753036-kotlin.trap.gz (2331 of 4882)
[2026-09-27 14:24:27] Importing PrivilegedAction.members#65.0-1789983753036-kotlin.trap.gz (2332 of 4882)
[2026-09-27 14:24:27] Importing PrivilegedExceptionAction.members#65.0-1789983753036-kotlin.trap.gz (2333 of 4882)
[2026-09-27 14:24:27] Importing ProtectionDomain$Key.members#65.0-1789983753036-kotlin.trap.gz (2334 of 4882)
[2026-09-27 14:24:27] Importing ProtectionDomain.members#65.0-1789983753036-kotlin.trap.gz (2335 of 4882)
[2026-09-27 14:24:27] Importing Provider$Service.members#65.0-1789983753036-kotlin.trap.gz (2336 of 4882)
[2026-09-27 14:24:27] Importing Provider.members#65.0-1789983753036-kotlin.trap.gz (2337 of 4882)
[2026-09-27 14:24:27] Importing PublicKey.members#65.0-1789983753036-kotlin.trap.gz (2338 of 4882)
[2026-09-27 14:24:27] Importing SecureRandom.members#65.0-1789983753036-kotlin.trap.gz (2339 of 4882)
[2026-09-27 14:24:27] Importing SecureRandomParameters.members#65.0-1789983753036-kotlin.trap.gz (2340 of 4882)
[2026-09-27 14:24:27] Importing SecureRandomSpi.members#65.0-1789983753036-kotlin.trap.gz (2341 of 4882)
[2026-09-27 14:24:27] Importing Timestamp.members#65.0-1789983753036-kotlin.trap.gz (2342 of 4882)
[2026-09-27 14:24:27] Importing CertPath$CertPathRep.members#65.0-1789983753036-kotlin.trap.gz (2343 of 4882)
[2026-09-27 14:24:27] Importing CertPath.members#65.0-1789983753036-kotlin.trap.gz (2344 of 4882)
[2026-09-27 14:24:27] Importing Certificate$CertificateRep.members#65.0-1789983753036-kotlin.trap.gz (2345 of 4882)
[2026-09-27 14:24:27] Importing Certificate.members#65.0-1789983753036-kotlin.trap.gz (2346 of 4882)
[2026-09-27 14:24:27] Importing X509Certificate.members#65.0-1789983753036-kotlin.trap.gz (2347 of 4882)
[2026-09-27 14:24:27] Importing X509Extension.members#65.0-1789983753036-kotlin.trap.gz (2348 of 4882)
[2026-09-27 14:24:27] Importing ECKey.members#65.0-1789983753036-kotlin.trap.gz (2349 of 4882)
[2026-09-27 14:24:27] Importing ECPrivateKey.members#65.0-1789983753036-kotlin.trap.gz (2350 of 4882)
[2026-09-27 14:24:27] Importing ECPublicKey.members#65.0-1789983753036-kotlin.trap.gz (2351 of 4882)
[2026-09-27 14:24:27] Importing RSAKey.members#65.0-1789983753036-kotlin.trap.gz (2352 of 4882)
[2026-09-27 14:24:27] Importing RSAMultiPrimePrivateCrtKey.members#65.0-1789983753036-kotlin.trap.gz (2353 of 4882)
[2026-09-27 14:24:27] Importing RSAPrivateCrtKey.members#65.0-1789983753036-kotlin.trap.gz (2354 of 4882)
[2026-09-27 14:24:27] Importing RSAPrivateKey.members#65.0-1789983753036-kotlin.trap.gz (2355 of 4882)
[2026-09-27 14:24:27] Importing RSAPublicKey.members#65.0-1789983753036-kotlin.trap.gz (2356 of 4882)
[2026-09-27 14:24:27] Importing AlgorithmParameterSpec.members#65.0-1789983753036-kotlin.trap.gz (2357 of 4882)
[2026-09-27 14:24:27] Importing ECField.members#65.0-1789983753036-kotlin.trap.gz (2358 of 4882)
[2026-09-27 14:24:27] Importing ECParameterSpec.members#65.0-1789983753036-kotlin.trap.gz (2359 of 4882)
[2026-09-27 14:24:27] Importing ECPoint.members#65.0-1789983753036-kotlin.trap.gz (2360 of 4882)
[2026-09-27 14:24:27] Importing EllipticCurve.members#65.0-1789983753036-kotlin.trap.gz (2361 of 4882)
[2026-09-27 14:24:27] Importing RSAOtherPrimeInfo.members#65.0-1789983753036-kotlin.trap.gz (2362 of 4882)
[2026-09-27 14:24:27] Importing Array.members#65.0-1789983753036-kotlin.trap.gz (2363 of 4882)
[2026-09-27 14:24:27] Importing Blob.members#65.0-1789983753036-kotlin.trap.gz (2364 of 4882)
[2026-09-27 14:24:27] Importing CallableStatement.members#65.0-1789983753036-kotlin.trap.gz (2365 of 4882)
[2026-09-27 14:24:27] Importing Clob.members#65.0-1789983753036-kotlin.trap.gz (2366 of 4882)
[2026-09-27 14:24:27] Importing Connection.members#65.0-1789983753036-kotlin.trap.gz (2367 of 4882)
[2026-09-27 14:24:27] Importing ConnectionBuilder.members#65.0-1789983753036-kotlin.trap.gz (2368 of 4882)
[2026-09-27 14:24:27] Importing DatabaseMetaData.members#65.0-1789983753036-kotlin.trap.gz (2369 of 4882)
[2026-09-27 14:24:27] Importing Date.members#65.0-1789983753036-kotlin.trap.gz (2370 of 4882)
[2026-09-27 14:24:27] Importing NClob.members#65.0-1789983753036-kotlin.trap.gz (2371 of 4882)
[2026-09-27 14:24:27] Importing ParameterMetaData.members#65.0-1789983753036-kotlin.trap.gz (2372 of 4882)
[2026-09-27 14:24:27] Importing PreparedStatement.members#65.0-1789983753036-kotlin.trap.gz (2373 of 4882)
[2026-09-27 14:24:27] Importing Ref.members#65.0-1789983753036-kotlin.trap.gz (2374 of 4882)
[2026-09-27 14:24:27] Importing ResultSet.members#65.0-1789983753036-kotlin.trap.gz (2375 of 4882)
[2026-09-27 14:24:27] Importing ResultSetMetaData.members#65.0-1789983753036-kotlin.trap.gz (2376 of 4882)
[2026-09-27 14:24:27] Importing RowId.members#65.0-1789983753036-kotlin.trap.gz (2377 of 4882)
[2026-09-27 14:24:27] Importing RowIdLifetime.members#65.0-1789983753036-kotlin.trap.gz (2378 of 4882)
[2026-09-27 14:24:27] Importing SQLException.members#65.0-1789983753036-kotlin.trap.gz (2379 of 4882)
[2026-09-27 14:24:27] Importing SQLType.members#65.0-1789983753036-kotlin.trap.gz (2380 of 4882)
[2026-09-27 14:24:27] Importing SQLWarning.members#65.0-1789983753036-kotlin.trap.gz (2381 of 4882)
[2026-09-27 14:24:27] Importing SQLXML.members#65.0-1789983753036-kotlin.trap.gz (2382 of 4882)
[2026-09-27 14:24:27] Importing Savepoint.members#65.0-1789983753036-kotlin.trap.gz (2383 of 4882)
[2026-09-27 14:24:27] Importing ShardingKey.members#65.0-1789983753036-kotlin.trap.gz (2384 of 4882)
[2026-09-27 14:24:27] Importing ShardingKeyBuilder.members#65.0-1789983753036-kotlin.trap.gz (2385 of 4882)
[2026-09-27 14:24:27] Importing Statement.members#65.0-1789983753036-kotlin.trap.gz (2386 of 4882)
[2026-09-27 14:24:27] Importing Struct.members#65.0-1789983753036-kotlin.trap.gz (2387 of 4882)
[2026-09-27 14:24:27] Importing Time.members#65.0-1789983753036-kotlin.trap.gz (2388 of 4882)
[2026-09-27 14:24:27] Importing Timestamp.members#65.0-1789983753036-kotlin.trap.gz (2389 of 4882)
[2026-09-27 14:24:27] Importing Wrapper.members#65.0-1789983753036-kotlin.trap.gz (2390 of 4882)
[2026-09-27 14:24:27] Importing AttributedCharacterIterator$Attribute.members#65.0-1789983753036-kotlin.trap.gz (2391 of 4882)
[2026-09-27 14:24:27] Importing AttributedCharacterIterator.members#65.0-1789983753036-kotlin.trap.gz (2392 of 4882)
[2026-09-27 14:24:27] Importing CharacterIterator.members#65.0-1789983753036-kotlin.trap.gz (2393 of 4882)
[2026-09-27 14:24:27] Importing DateFormat$Field.members#65.0-1789983753036-kotlin.trap.gz (2394 of 4882)
[2026-09-27 14:24:27] Importing DateFormat.members#65.0-1789983753036-kotlin.trap.gz (2395 of 4882)
[2026-09-27 14:24:27] Importing FieldPosition.members#65.0-1789983753036-kotlin.trap.gz (2396 of 4882)
[2026-09-27 14:24:27] Importing Format$Field.members#65.0-1789983753036-kotlin.trap.gz (2397 of 4882)
[2026-09-27 14:24:27] Importing Format$FieldDelegate.members#65.0-1789983753036-kotlin.trap.gz (2398 of 4882)
[2026-09-27 14:24:27] Importing Format.members#65.0-1789983753036-kotlin.trap.gz (2399 of 4882)
[2026-09-27 14:24:27] Importing NumberFormat$Field.members#65.0-1789983753036-kotlin.trap.gz (2400 of 4882)
[2026-09-27 14:24:27] Importing NumberFormat$Style.members#65.0-1789983753036-kotlin.trap.gz (2401 of 4882)
[2026-09-27 14:24:27] Importing NumberFormat.members#65.0-1789983753036-kotlin.trap.gz (2402 of 4882)
[2026-09-27 14:24:27] Importing ParsePosition.members#65.0-1789983753036-kotlin.trap.gz (2403 of 4882)
[2026-09-27 14:24:27] Importing Clock$FixedClock.members#65.0-1789983753036-kotlin.trap.gz (2404 of 4882)
[2026-09-27 14:24:27] Importing Clock$OffsetClock.members#65.0-1789983753036-kotlin.trap.gz (2405 of 4882)
[2026-09-27 14:24:27] Importing Clock$SourceClock.members#65.0-1789983753036-kotlin.trap.gz (2406 of 4882)
[2026-09-27 14:24:27] Importing Clock$SystemClock.members#65.0-1789983753036-kotlin.trap.gz (2407 of 4882)
[2026-09-27 14:24:27] Importing Clock$SystemInstantSource.members#65.0-1789983753036-kotlin.trap.gz (2408 of 4882)
[2026-09-27 14:24:27] Importing Clock$TickClock.members#65.0-1789983753036-kotlin.trap.gz (2409 of 4882)
[2026-09-27 14:24:27] Importing Clock.members#65.0-1789983753036-kotlin.trap.gz (2410 of 4882)
[2026-09-27 14:24:27] Importing DayOfWeek.members#65.0-1789983753036-kotlin.trap.gz (2411 of 4882)
[2026-09-27 14:24:27] Importing Duration.members#65.0-1789983753036-kotlin.trap.gz (2412 of 4882)
[2026-09-27 14:24:27] Importing Instant.members#65.0-1789983753036-kotlin.trap.gz (2413 of 4882)
[2026-09-27 14:24:27] Importing InstantSource.members#65.0-1789983753036-kotlin.trap.gz (2414 of 4882)
[2026-09-27 14:24:27] Importing LocalDate.members#65.0-1789983753036-kotlin.trap.gz (2415 of 4882)
[2026-09-27 14:24:27] Importing LocalDateTime.members#65.0-1789983753036-kotlin.trap.gz (2416 of 4882)
[2026-09-27 14:24:27] Importing LocalTime.members#65.0-1789983753036-kotlin.trap.gz (2417 of 4882)
[2026-09-27 14:24:27] Importing Month.members#65.0-1789983753036-kotlin.trap.gz (2418 of 4882)
[2026-09-27 14:24:27] Importing OffsetDateTime.members#65.0-1789983753036-kotlin.trap.gz (2419 of 4882)
[2026-09-27 14:24:27] Importing OffsetTime.members#65.0-1789983753036-kotlin.trap.gz (2420 of 4882)
[2026-09-27 14:24:27] Importing Period.members#65.0-1789983753036-kotlin.trap.gz (2421 of 4882)
[2026-09-27 14:24:27] Importing ZoneId.members#65.0-1789983753036-kotlin.trap.gz (2422 of 4882)
[2026-09-27 14:24:27] Importing ZoneOffset.members#65.0-1789983753036-kotlin.trap.gz (2423 of 4882)
[2026-09-27 14:24:27] Importing ZonedDateTime.members#65.0-1789983753036-kotlin.trap.gz (2424 of 4882)
[2026-09-27 14:24:27] Importing AbstractChronology.members#65.0-1789983753036-kotlin.trap.gz (2425 of 4882)
[2026-09-27 14:24:27] Importing ChronoLocalDate.members#65.0-1789983753036-kotlin.trap.gz (2426 of 4882)
[2026-09-27 14:24:27] Importing ChronoLocalDateTime.members#65.0-1789983753036-kotlin.trap.gz (2427 of 4882)
[2026-09-27 14:24:27] Importing ChronoPeriod.members#65.0-1789983753036-kotlin.trap.gz (2428 of 4882)
[2026-09-27 14:24:27] Importing ChronoZonedDateTime.members#65.0-1789983753036-kotlin.trap.gz (2429 of 4882)
[2026-09-27 14:24:27] Importing Chronology.members#65.0-1789983753036-kotlin.trap.gz (2430 of 4882)
[2026-09-27 14:24:27] Importing Era.members#65.0-1789983753036-kotlin.trap.gz (2431 of 4882)
[2026-09-27 14:24:27] Importing IsoChronology.members#65.0-1789983753036-kotlin.trap.gz (2432 of 4882)
[2026-09-27 14:24:27] Importing IsoEra.members#65.0-1789983753036-kotlin.trap.gz (2433 of 4882)
[2026-09-27 14:24:27] Importing DateTimeFormatter$ClassicFormat.members#65.0-1789983753036-kotlin.trap.gz (2434 of 4882)
[2026-09-27 14:24:27] Importing DateTimeFormatter.members#65.0-1789983753036-kotlin.trap.gz (2435 of 4882)
[2026-09-27 14:24:27] Importing DateTimeFormatterBuilder$CharLiteralPrinterParser.members#65.0-1789983753036-kotlin.trap.gz (2436 of 4882)
[2026-09-27 14:24:27] Importing DateTimeFormatterBuilder$ChronoPrinterParser.members#65.0-1789983753036-kotlin.trap.gz (2437 of 4882)
[2026-09-27 14:24:27] Importing DateTimeFormatterBuilder$CompositePrinterParser.members#65.0-1789983753036-kotlin.trap.gz (2438 of 4882)
[2026-09-27 14:24:27] Importing DateTimeFormatterBuilder$DateTimePrinterParser.members#65.0-1789983753036-kotlin.trap.gz (2439 of 4882)
[2026-09-27 14:24:27] Importing DateTimeFormatterBuilder$DayPeriod.members#65.0-1789983753036-kotlin.trap.gz (2440 of 4882)
[2026-09-27 14:24:27] Importing DateTimeFormatterBuilder$DayPeriodPrinterParser.members#65.0-1789983753036-kotlin.trap.gz (2441 of 4882)
[2026-09-27 14:24:27] Importing DateTimeFormatterBuilder$DefaultValueParser.members#65.0-1789983753036-kotlin.trap.gz (2442 of 4882)
[2026-09-27 14:24:27] Importing DateTimeFormatterBuilder$FractionPrinterParser.members#65.0-1789983753036-kotlin.trap.gz (2443 of 4882)
[2026-09-27 14:24:27] Importing DateTimeFormatterBuilder$InstantPrinterParser.members#65.0-1789983753036-kotlin.trap.gz (2444 of 4882)
[2026-09-27 14:24:27] Importing DateTimeFormatterBuilder$LocalizedOffsetIdPrinterParser.members#65.0-1789983753036-kotlin.trap.gz (2445 of 4882)
[2026-09-27 14:24:27] Importing DateTimeFormatterBuilder$LocalizedPrinterParser.members#65.0-1789983753036-kotlin.trap.gz (2446 of 4882)
[2026-09-27 14:24:27] Importing DateTimeFormatterBuilder$NanosPrinterParser.members#65.0-1789983753036-kotlin.trap.gz (2447 of 4882)
[2026-09-27 14:24:27] Importing DateTimeFormatterBuilder$NumberPrinterParser.members#65.0-1789983753036-kotlin.trap.gz (2448 of 4882)
[2026-09-27 14:24:27] Importing DateTimeFormatterBuilder$OffsetIdPrinterParser.members#65.0-1789983753036-kotlin.trap.gz (2449 of 4882)
[2026-09-27 14:24:27] Importing DateTimeFormatterBuilder$PadPrinterParserDecorator.members#65.0-1789983753036-kotlin.trap.gz (2450 of 4882)
[2026-09-27 14:24:27] Importing DateTimeFormatterBuilder$PrefixTree.members#65.0-1789983753036-kotlin.trap.gz (2451 of 4882)
[2026-09-27 14:24:27] Importing DateTimeFormatterBuilder$ReducedPrinterParser.members#65.0-1789983753036-kotlin.trap.gz (2452 of 4882)
[2026-09-27 14:24:27] Importing DateTimeFormatterBuilder$SettingsParser.members#65.0-1789983753036-kotlin.trap.gz (2453 of 4882)
[2026-09-27 14:24:27] Importing DateTimeFormatterBuilder$StringLiteralPrinterParser.members#65.0-1789983753036-kotlin.trap.gz (2454 of 4882)
[2026-09-27 14:24:27] Importing DateTimeFormatterBuilder$TextPrinterParser.members#65.0-1789983753036-kotlin.trap.gz (2455 of 4882)
[2026-09-27 14:24:27] Importing DateTimeFormatterBuilder$WeekBasedFieldPrinterParser.members#65.0-1789983753036-kotlin.trap.gz (2456 of 4882)
[2026-09-27 14:24:27] Importing DateTimeFormatterBuilder$ZoneIdPrinterParser.members#65.0-1789983753036-kotlin.trap.gz (2457 of 4882)
[2026-09-27 14:24:27] Importing DateTimeFormatterBuilder$ZoneTextPrinterParser.members#65.0-1789983753036-kotlin.trap.gz (2458 of 4882)
[2026-09-27 14:24:27] Importing DateTimeFormatterBuilder.members#65.0-1789983753036-kotlin.trap.gz (2459 of 4882)
[2026-09-27 14:24:27] Importing DateTimeParseContext.members#65.0-1789983753036-kotlin.trap.gz (2460 of 4882)
[2026-09-27 14:24:27] Importing DateTimePrintContext.members#65.0-1789983753036-kotlin.trap.gz (2461 of 4882)
[2026-09-27 14:24:27] Importing DecimalStyle.members#65.0-1789983753036-kotlin.trap.gz (2462 of 4882)
[2026-09-27 14:24:27] Importing FormatStyle.members#65.0-1789983753036-kotlin.trap.gz (2463 of 4882)
[2026-09-27 14:24:27] Importing Parsed.members#65.0-1789983753036-kotlin.trap.gz (2464 of 4882)
[2026-09-27 14:24:27] Importing ResolverStyle.members#65.0-1789983753036-kotlin.trap.gz (2465 of 4882)
[2026-09-27 14:24:27] Importing SignStyle.members#65.0-1789983753036-kotlin.trap.gz (2466 of 4882)
[2026-09-27 14:24:27] Importing TextStyle.members#65.0-1789983753036-kotlin.trap.gz (2467 of 4882)
[2026-09-27 14:24:27] Importing ChronoField.members#65.0-1789983753036-kotlin.trap.gz (2468 of 4882)
[2026-09-27 14:24:27] Importing ChronoUnit.members#65.0-1789983753036-kotlin.trap.gz (2469 of 4882)
[2026-09-27 14:24:27] Importing Temporal.members#65.0-1789983753036-kotlin.trap.gz (2470 of 4882)
[2026-09-27 14:24:27] Importing TemporalAccessor.members#65.0-1789983753036-kotlin.trap.gz (2471 of 4882)
[2026-09-27 14:24:27] Importing TemporalAdjuster.members#65.0-1789983753036-kotlin.trap.gz (2472 of 4882)
[2026-09-27 14:24:27] Importing TemporalAmount.members#65.0-1789983753036-kotlin.trap.gz (2473 of 4882)
[2026-09-27 14:24:27] Importing TemporalField.members#65.0-1789983753036-kotlin.trap.gz (2474 of 4882)
[2026-09-27 14:24:27] Importing TemporalQuery.members#65.0-1789983753036-kotlin.trap.gz (2475 of 4882)
[2026-09-27 14:24:27] Importing TemporalUnit.members#65.0-1789983753036-kotlin.trap.gz (2476 of 4882)
[2026-09-27 14:24:27] Importing ValueRange.members#65.0-1789983753036-kotlin.trap.gz (2477 of 4882)
[2026-09-27 14:24:27] Importing ZoneOffsetTransition.members#65.0-1789983753036-kotlin.trap.gz (2478 of 4882)
[2026-09-27 14:24:27] Importing ZoneOffsetTransitionRule$TimeDefinition.members#65.0-1789983753036-kotlin.trap.gz (2479 of 4882)
[2026-09-27 14:24:27] Importing ZoneOffsetTransitionRule.members#65.0-1789983753036-kotlin.trap.gz (2480 of 4882)
[2026-09-27 14:24:27] Importing ZoneRules.members#65.0-1789983753036-kotlin.trap.gz (2481 of 4882)
[2026-09-27 14:24:27] Importing AbstractCollection.members#65.0-1789983753036-kotlin.trap.gz (2482 of 4882)
[2026-09-27 14:24:27] Importing AbstractList$RandomAccessSpliterator.members#65.0-1789983753036-kotlin.trap.gz (2483 of 4882)
[2026-09-27 14:24:27] Importing AbstractList.members#65.0-1789983753036-kotlin.trap.gz (2484 of 4882)
[2026-09-27 14:24:27] Importing AbstractMap$SimpleEntry.members#65.0-1789983753036-kotlin.trap.gz (2485 of 4882)
[2026-09-27 14:24:27] Importing AbstractMap$SimpleImmutableEntry.members#65.0-1789983753036-kotlin.trap.gz (2486 of 4882)
[2026-09-27 14:24:27] Importing AbstractMap$ViewCollection.members#65.0-1789983753036-kotlin.trap.gz (2487 of 4882)
[2026-09-27 14:24:27] Importing AbstractMap.members#65.0-1789983753036-kotlin.trap.gz (2488 of 4882)
[2026-09-27 14:24:27] Importing AbstractQueue.members#65.0-1789983753036-kotlin.trap.gz (2489 of 4882)
[2026-09-27 14:24:27] Importing AbstractSequentialList.members#65.0-1789983753036-kotlin.trap.gz (2490 of 4882)
[2026-09-27 14:24:27] Importing AbstractSet.members#65.0-1789983753036-kotlin.trap.gz (2491 of 4882)
[2026-09-27 14:24:27] Importing ArrayList$ArrayListSpliterator.members#65.0-1789983753036-kotlin.trap.gz (2492 of 4882)
[2026-09-27 14:24:27] Importing ArrayList.members#65.0-1789983753036-kotlin.trap.gz (2493 of 4882)
[2026-09-27 14:24:27] Importing BitSet.members#65.0-1789983753036-kotlin.trap.gz (2494 of 4882)
[2026-09-27 14:24:27] Importing Calendar$Builder.members#65.0-1789983753036-kotlin.trap.gz (2495 of 4882)
[2026-09-27 14:24:27] Importing Calendar.members#65.0-1789983753036-kotlin.trap.gz (2496 of 4882)
[2026-09-27 14:24:27] Importing Collection.members#65.0-1789983753036-kotlin.trap.gz (2497 of 4882)
[2026-09-27 14:24:27] Importing Comparator.members#65.0-1789983753036-kotlin.trap.gz (2498 of 4882)
[2026-09-27 14:24:27] Importing Currency$OtherCurrencyEntry.members#65.0-1789983753036-kotlin.trap.gz (2499 of 4882)
[2026-09-27 14:24:27] Importing Currency$SpecialCaseEntry.members#65.0-1789983753036-kotlin.trap.gz (2500 of 4882)
[2026-09-27 14:24:27] Importing Currency.members#65.0-1789983753036-kotlin.trap.gz (2501 of 4882)
[2026-09-27 14:24:27] Importing Date.members#65.0-1789983753036-kotlin.trap.gz (2502 of 4882)
[2026-09-27 14:24:27] Importing Deque.members#65.0-1789983753036-kotlin.trap.gz (2503 of 4882)
[2026-09-27 14:24:27] Importing Dictionary.members#65.0-1789983753036-kotlin.trap.gz (2504 of 4882)
[2026-09-27 14:24:27] Importing DoubleSummaryStatistics.members#65.0-1789983753036-kotlin.trap.gz (2505 of 4882)
[2026-09-27 14:24:27] Importing EnumSet.members#65.0-1789983753036-kotlin.trap.gz (2506 of 4882)
[2026-09-27 14:24:27] Importing Enumeration.members#65.0-1789983753036-kotlin.trap.gz (2507 of 4882)
[2026-09-27 14:24:27] Importing EventListener.members#65.0-1789983753036-kotlin.trap.gz (2508 of 4882)
[2026-09-27 14:24:27] Importing EventObject.members#65.0-1789983753036-kotlin.trap.gz (2509 of 4882)
[2026-09-27 14:24:27] Importing GregorianCalendar.members#65.0-1789983753036-kotlin.trap.gz (2510 of 4882)
[2026-09-27 14:24:27] Importing HashMap$EntryIterator.members#65.0-1789983753036-kotlin.trap.gz (2511 of 4882)
[2026-09-27 14:24:27] Importing HashMap$EntrySet.members#65.0-1789983753036-kotlin.trap.gz (2512 of 4882)
[2026-09-27 14:24:27] Importing HashMap$EntrySpliterator.members#65.0-1789983753036-kotlin.trap.gz (2513 of 4882)
[2026-09-27 14:24:27] Importing HashMap$HashIterator.members#65.0-1789983753036-kotlin.trap.gz (2514 of 4882)
[2026-09-27 14:24:27] Importing HashMap$HashMapSpliterator.members#65.0-1789983753036-kotlin.trap.gz (2515 of 4882)
[2026-09-27 14:24:27] Importing HashMap$KeyIterator.members#65.0-1789983753036-kotlin.trap.gz (2516 of 4882)
[2026-09-27 14:24:27] Importing HashMap$KeySet.members#65.0-1789983753036-kotlin.trap.gz (2517 of 4882)
[2026-09-27 14:24:27] Importing HashMap$KeySpliterator.members#65.0-1789983753036-kotlin.trap.gz (2518 of 4882)
[2026-09-27 14:24:27] Importing HashMap$Node.members#65.0-1789983753036-kotlin.trap.gz (2519 of 4882)
[2026-09-27 14:24:27] Importing HashMap$TreeNode.members#65.0-1789983753036-kotlin.trap.gz (2520 of 4882)
[2026-09-27 14:24:27] Importing HashMap$ValueIterator.members#65.0-1789983753036-kotlin.trap.gz (2521 of 4882)
[2026-09-27 14:24:27] Importing HashMap$ValueSpliterator.members#65.0-1789983753036-kotlin.trap.gz (2522 of 4882)
[2026-09-27 14:24:27] Importing HashMap$Values.members#65.0-1789983753036-kotlin.trap.gz (2523 of 4882)
[2026-09-27 14:24:27] Importing HashMap.members#65.0-1789983753036-kotlin.trap.gz (2524 of 4882)
[2026-09-27 14:24:27] Importing HashSet.members#65.0-1789983753036-kotlin.trap.gz (2525 of 4882)
[2026-09-27 14:24:27] Importing Hashtable.members#65.0-1789983753036-kotlin.trap.gz (2526 of 4882)
[2026-09-27 14:24:27] Importing IdentityHashMap$EntrySpliterator.members#65.0-1789983753036-kotlin.trap.gz (2527 of 4882)
[2026-09-27 14:24:27] Importing IdentityHashMap$IdentityHashMapSpliterator.members#65.0-1789983753036-kotlin.trap.gz (2528 of 4882)
[2026-09-27 14:24:27] Importing IdentityHashMap$KeySpliterator.members#65.0-1789983753036-kotlin.trap.gz (2529 of 4882)
[2026-09-27 14:24:27] Importing IdentityHashMap$ValueSpliterator.members#65.0-1789983753036-kotlin.trap.gz (2530 of 4882)
[2026-09-27 14:24:27] Importing IdentityHashMap.members#65.0-1789983753036-kotlin.trap.gz (2531 of 4882)
[2026-09-27 14:24:27] Importing IntSummaryStatistics.members#65.0-1789983753036-kotlin.trap.gz (2532 of 4882)
[2026-09-27 14:24:27] Importing Iterator.members#65.0-1789983753036-kotlin.trap.gz (2533 of 4882)
[2026-09-27 14:24:27] Importing LinkedHashMap$Entry.members#65.0-1789983753036-kotlin.trap.gz (2534 of 4882)
[2026-09-27 14:24:27] Importing LinkedHashMap$LinkedEntryIterator.members#65.0-1789983753036-kotlin.trap.gz (2535 of 4882)
[2026-09-27 14:24:27] Importing LinkedHashMap$LinkedEntrySet.members#65.0-1789983753036-kotlin.trap.gz (2536 of 4882)
[2026-09-27 14:24:27] Importing LinkedHashMap$LinkedHashIterator.members#65.0-1789983753036-kotlin.trap.gz (2537 of 4882)
[2026-09-27 14:24:27] Importing LinkedHashMap$LinkedKeyIterator.members#65.0-1789983753036-kotlin.trap.gz (2538 of 4882)
[2026-09-27 14:24:27] Importing LinkedHashMap$LinkedKeySet.members#65.0-1789983753036-kotlin.trap.gz (2539 of 4882)
[2026-09-27 14:24:27] Importing LinkedHashMap$LinkedValueIterator.members#65.0-1789983753036-kotlin.trap.gz (2540 of 4882)
[2026-09-27 14:24:27] Importing LinkedHashMap$LinkedValues.members#65.0-1789983753036-kotlin.trap.gz (2541 of 4882)
[2026-09-27 14:24:27] Importing LinkedHashMap$ReversedLinkedHashMapView.members#65.0-1789983753036-kotlin.trap.gz (2542 of 4882)
[2026-09-27 14:24:27] Importing LinkedHashMap.members#65.0-1789983753036-kotlin.trap.gz (2543 of 4882)
[2026-09-27 14:24:27] Importing LinkedHashSet.members#65.0-1789983753036-kotlin.trap.gz (2544 of 4882)
[2026-09-27 14:24:27] Importing LinkedList$LLSpliterator.members#65.0-1789983753036-kotlin.trap.gz (2545 of 4882)
[2026-09-27 14:24:27] Importing LinkedList$Node.members#65.0-1789983753036-kotlin.trap.gz (2546 of 4882)
[2026-09-27 14:24:27] Importing LinkedList$ReverseOrderLinkedListView.members#65.0-1789983753036-kotlin.trap.gz (2547 of 4882)
[2026-09-27 14:24:27] Importing LinkedList.members#65.0-1789983753036-kotlin.trap.gz (2548 of 4882)
[2026-09-27 14:24:27] Importing List.members#65.0-1789983753036-kotlin.trap.gz (2549 of 4882)
[2026-09-27 14:24:27] Importing ListIterator.members#65.0-1789983753036-kotlin.trap.gz (2550 of 4882)
[2026-09-27 14:24:27] Importing Locale$Builder.members#65.0-1789983753036-kotlin.trap.gz (2551 of 4882)
[2026-09-27 14:24:27] Importing Locale$Category.members#65.0-1789983753036-kotlin.trap.gz (2552 of 4882)
[2026-09-27 14:24:27] Importing Locale$FilteringMode.members#65.0-1789983753036-kotlin.trap.gz (2553 of 4882)
[2026-09-27 14:24:27] Importing Locale$IsoCountryCode.members#65.0-1789983753036-kotlin.trap.gz (2554 of 4882)
[2026-09-27 14:24:27] Importing Locale$LanguageRange.members#65.0-1789983753036-kotlin.trap.gz (2555 of 4882)
[2026-09-27 14:24:27] Importing Locale.members#65.0-1789983753036-kotlin.trap.gz (2556 of 4882)
[2026-09-27 14:24:27] Importing LongSummaryStatistics.members#65.0-1789983753036-kotlin.trap.gz (2557 of 4882)
[2026-09-27 14:24:27] Importing Map$Entry.members#65.0-1789983753036-kotlin.trap.gz (2558 of 4882)
[2026-09-27 14:24:27] Importing Map.members#65.0-1789983753036-kotlin.trap.gz (2559 of 4882)
[2026-09-27 14:24:27] Importing NavigableMap.members#65.0-1789983753036-kotlin.trap.gz (2560 of 4882)
[2026-09-27 14:24:27] Importing NavigableSet.members#65.0-1789983753036-kotlin.trap.gz (2561 of 4882)
[2026-09-27 14:24:27] Importing NoSuchElementException.members#65.0-1789983753036-kotlin.trap.gz (2562 of 4882)
[2026-09-27 14:24:27] Importing Optional.members#65.0-1789983753036-kotlin.trap.gz (2563 of 4882)
[2026-09-27 14:24:27] Importing OptionalDouble.members#65.0-1789983753036-kotlin.trap.gz (2564 of 4882)
[2026-09-27 14:24:27] Importing OptionalInt.members#65.0-1789983753036-kotlin.trap.gz (2565 of 4882)
[2026-09-27 14:24:27] Importing OptionalLong.members#65.0-1789983753036-kotlin.trap.gz (2566 of 4882)
[2026-09-27 14:24:27] Importing PrimitiveIterator$OfDouble.members#65.0-1789983753036-kotlin.trap.gz (2567 of 4882)
[2026-09-27 14:24:27] Importing PrimitiveIterator$OfInt.members#65.0-1789983753036-kotlin.trap.gz (2568 of 4882)
[2026-09-27 14:24:27] Importing PrimitiveIterator$OfLong.members#65.0-1789983753036-kotlin.trap.gz (2569 of 4882)
[2026-09-27 14:24:27] Importing PrimitiveIterator.members#65.0-1789983753036-kotlin.trap.gz (2570 of 4882)
[2026-09-27 14:24:27] Importing Properties.members#65.0-1789983753036-kotlin.trap.gz (2571 of 4882)
[2026-09-27 14:24:27] Importing Queue.members#65.0-1789983753036-kotlin.trap.gz (2572 of 4882)
[2026-09-27 14:24:27] Importing Random.members#65.0-1789983753036-kotlin.trap.gz (2573 of 4882)
[2026-09-27 14:24:27] Importing RandomAccess.members#65.0-1789983753036-kotlin.trap.gz (2574 of 4882)
[2026-09-27 14:24:27] Importing ResourceBundle$Control.members#65.0-1789983753036-kotlin.trap.gz (2575 of 4882)
[2026-09-27 14:24:27] Importing ResourceBundle.members#65.0-1789983753036-kotlin.trap.gz (2576 of 4882)
[2026-09-27 14:24:27] Importing SequencedCollection.members#65.0-1789983753036-kotlin.trap.gz (2577 of 4882)
[2026-09-27 14:24:27] Importing SequencedMap.members#65.0-1789983753036-kotlin.trap.gz (2578 of 4882)
[2026-09-27 14:24:27] Importing SequencedSet.members#65.0-1789983753036-kotlin.trap.gz (2579 of 4882)
[2026-09-27 14:24:27] Importing Set.members#65.0-1789983753036-kotlin.trap.gz (2580 of 4882)
[2026-09-27 14:24:27] Importing SortedMap.members#65.0-1789983753036-kotlin.trap.gz (2581 of 4882)
[2026-09-27 14:24:27] Importing SortedSet.members#65.0-1789983753036-kotlin.trap.gz (2582 of 4882)
[2026-09-27 14:24:27] Importing Spliterator$OfDouble.members#65.0-1789983753036-kotlin.trap.gz (2583 of 4882)
[2026-09-27 14:24:27] Importing Spliterator$OfInt.members#65.0-1789983753036-kotlin.trap.gz (2584 of 4882)
[2026-09-27 14:24:27] Importing Spliterator$OfLong.members#65.0-1789983753036-kotlin.trap.gz (2585 of 4882)
[2026-09-27 14:24:27] Importing Spliterator$OfPrimitive.members#65.0-1789983753036-kotlin.trap.gz (2586 of 4882)
[2026-09-27 14:24:27] Importing Spliterator.members#65.0-1789983753036-kotlin.trap.gz (2587 of 4882)
[2026-09-27 14:24:27] Importing StringTokenizer.members#65.0-1789983753036-kotlin.trap.gz (2588 of 4882)
[2026-09-27 14:24:27] Importing TimeZone.members#65.0-1789983753036-kotlin.trap.gz (2589 of 4882)
[2026-09-27 14:24:27] Importing TreeMap$AscendingSubMap$AscendingEntrySetView.members#65.0-1789983753036-kotlin.trap.gz (2590 of 4882)
[2026-09-27 14:24:27] Importing TreeMap$AscendingSubMap.members#65.0-1789983753036-kotlin.trap.gz (2591 of 4882)
[2026-09-27 14:24:27] Importing TreeMap$DescendingKeyIterator.members#65.0-1789983753036-kotlin.trap.gz (2592 of 4882)
[2026-09-27 14:24:27] Importing TreeMap$DescendingKeySpliterator.members#65.0-1789983753036-kotlin.trap.gz (2593 of 4882)
[2026-09-27 14:24:27] Importing TreeMap$DescendingSubMap$DescendingEntrySetView.members#65.0-1789983753036-kotlin.trap.gz (2594 of 4882)
[2026-09-27 14:24:27] Importing TreeMap$DescendingSubMap.members#65.0-1789983753036-kotlin.trap.gz (2595 of 4882)
[2026-09-27 14:24:27] Importing TreeMap$Entry.members#65.0-1789983753036-kotlin.trap.gz (2596 of 4882)
[2026-09-27 14:24:27] Importing TreeMap$EntryIterator.members#65.0-1789983753036-kotlin.trap.gz (2597 of 4882)
[2026-09-27 14:24:27] Importing TreeMap$EntrySet.members#65.0-1789983753036-kotlin.trap.gz (2598 of 4882)
[2026-09-27 14:24:27] Importing TreeMap$EntrySpliterator.members#65.0-1789983753036-kotlin.trap.gz (2599 of 4882)
[2026-09-27 14:24:27] Importing TreeMap$KeyIterator.members#65.0-1789983753036-kotlin.trap.gz (2600 of 4882)
[2026-09-27 14:24:27] Importing TreeMap$KeySet.members#65.0-1789983753036-kotlin.trap.gz (2601 of 4882)
[2026-09-27 14:24:27] Importing TreeMap$KeySpliterator.members#65.0-1789983753036-kotlin.trap.gz (2602 of 4882)
[2026-09-27 14:24:27] Importing TreeMap$NavigableSubMap$DescendingSubMapEntryIterator.members#65.0-1789983753036-kotlin.trap.gz (2603 of 4882)
[2026-09-27 14:24:27] Importing TreeMap$NavigableSubMap$DescendingSubMapKeyIterator.members#65.0-1789983753036-kotlin.trap.gz (2604 of 4882)
[2026-09-27 14:24:27] Importing TreeMap$NavigableSubMap$EntrySetView.members#65.0-1789983753036-kotlin.trap.gz (2605 of 4882)
[2026-09-27 14:24:27] Importing TreeMap$NavigableSubMap$SubMapEntryIterator.members#65.0-1789983753036-kotlin.trap.gz (2606 of 4882)
[2026-09-27 14:24:27] Importing TreeMap$NavigableSubMap$SubMapIterator.members#65.0-1789983753036-kotlin.trap.gz (2607 of 4882)
[2026-09-27 14:24:27] Importing TreeMap$NavigableSubMap$SubMapKeyIterator.members#65.0-1789983753036-kotlin.trap.gz (2608 of 4882)
[2026-09-27 14:24:27] Importing TreeMap$NavigableSubMap.members#65.0-1789983753036-kotlin.trap.gz (2609 of 4882)
[2026-09-27 14:24:27] Importing TreeMap$PrivateEntryIterator.members#65.0-1789983753036-kotlin.trap.gz (2610 of 4882)
[2026-09-27 14:24:27] Importing TreeMap$TreeMapSpliterator.members#65.0-1789983753036-kotlin.trap.gz (2611 of 4882)
[2026-09-27 14:24:27] Importing TreeMap$ValueIterator.members#65.0-1789983753036-kotlin.trap.gz (2612 of 4882)
[2026-09-27 14:24:27] Importing TreeMap$ValueSpliterator.members#65.0-1789983753036-kotlin.trap.gz (2613 of 4882)
[2026-09-27 14:24:27] Importing TreeMap$Values.members#65.0-1789983753036-kotlin.trap.gz (2614 of 4882)
[2026-09-27 14:24:27] Importing TreeMap.members#65.0-1789983753036-kotlin.trap.gz (2615 of 4882)
[2026-09-27 14:24:27] Importing UUID.members#65.0-1789983753036-kotlin.trap.gz (2616 of 4882)
[2026-09-27 14:24:27] Importing Vector$Itr.members#65.0-1789983753036-kotlin.trap.gz (2617 of 4882)
[2026-09-27 14:24:27] Importing Vector$ListItr.members#65.0-1789983753036-kotlin.trap.gz (2618 of 4882)
[2026-09-27 14:24:27] Importing Vector$VectorSpliterator.members#65.0-1789983753036-kotlin.trap.gz (2619 of 4882)
[2026-09-27 14:24:27] Importing Vector.members#65.0-1789983753036-kotlin.trap.gz (2620 of 4882)
[2026-09-27 14:24:27] Importing WeakHashMap$Entry.members#65.0-1789983753036-kotlin.trap.gz (2621 of 4882)
[2026-09-27 14:24:27] Importing WeakHashMap$EntrySpliterator.members#65.0-1789983753036-kotlin.trap.gz (2622 of 4882)
[2026-09-27 14:24:27] Importing WeakHashMap$KeySpliterator.members#65.0-1789983753036-kotlin.trap.gz (2623 of 4882)
[2026-09-27 14:24:27] Importing WeakHashMap$ValueSpliterator.members#65.0-1789983753036-kotlin.trap.gz (2624 of 4882)
[2026-09-27 14:24:27] Importing WeakHashMap$WeakHashMapSpliterator.members#65.0-1789983753036-kotlin.trap.gz (2625 of 4882)
[2026-09-27 14:24:27] Importing WeakHashMap.members#65.0-1789983753036-kotlin.trap.gz (2626 of 4882)
[2026-09-27 14:24:27] Importing AbstractExecutorService.members#65.0-1789983753036-kotlin.trap.gz (2627 of 4882)
[2026-09-27 14:24:27] Importing BlockingQueue.members#65.0-1789983753036-kotlin.trap.gz (2628 of 4882)
[2026-09-27 14:24:27] Importing Callable.members#65.0-1789983753036-kotlin.trap.gz (2629 of 4882)
[2026-09-27 14:24:27] Importing CompletableFuture$AltResult.members#65.0-1789983753036-kotlin.trap.gz (2630 of 4882)
[2026-09-27 14:24:27] Importing CompletableFuture$AnyOf.members#65.0-1789983753036-kotlin.trap.gz (2631 of 4882)
[2026-09-27 14:24:27] Importing CompletableFuture$AsyncRun.members#65.0-1789983753036-kotlin.trap.gz (2632 of 4882)
[2026-09-27 14:24:27] Importing CompletableFuture$AsyncSupply.members#65.0-1789983753036-kotlin.trap.gz (2633 of 4882)
[2026-09-27 14:24:27] Importing CompletableFuture$AsynchronousCompletionTask.members#65.0-1789983753036-kotlin.trap.gz (2634 of 4882)
[2026-09-27 14:24:27] Importing CompletableFuture$BiAccept.members#65.0-1789983753036-kotlin.trap.gz (2635 of 4882)
[2026-09-27 14:24:27] Importing CompletableFuture$BiApply.members#65.0-1789983753036-kotlin.trap.gz (2636 of 4882)
[2026-09-27 14:24:27] Importing CompletableFuture$BiCompletion.members#65.0-1789983753036-kotlin.trap.gz (2637 of 4882)
[2026-09-27 14:24:27] Importing CompletableFuture$BiRelay.members#65.0-1789983753036-kotlin.trap.gz (2638 of 4882)
[2026-09-27 14:24:27] Importing CompletableFuture$BiRun.members#65.0-1789983753036-kotlin.trap.gz (2639 of 4882)
[2026-09-27 14:24:27] Importing CompletableFuture$Canceller.members#65.0-1789983753036-kotlin.trap.gz (2640 of 4882)
[2026-09-27 14:24:27] Importing CompletableFuture$CoCompletion.members#65.0-1789983753036-kotlin.trap.gz (2641 of 4882)
[2026-09-27 14:24:27] Importing CompletableFuture$Completion.members#65.0-1789983753036-kotlin.trap.gz (2642 of 4882)
[2026-09-27 14:24:27] Importing CompletableFuture$DelayedCompleter.members#65.0-1789983753036-kotlin.trap.gz (2643 of 4882)
[2026-09-27 14:24:27] Importing CompletableFuture$DelayedExecutor.members#65.0-1789983753036-kotlin.trap.gz (2644 of 4882)
[2026-09-27 14:24:27] Importing CompletableFuture$Delayer$DaemonThreadFactory.members#65.0-1789983753036-kotlin.trap.gz (2645 of 4882)
[2026-09-27 14:24:27] Importing CompletableFuture$Delayer.members#65.0-1789983753036-kotlin.trap.gz (2646 of 4882)
[2026-09-27 14:24:27] Importing CompletableFuture$MinimalStage.members#65.0-1789983753036-kotlin.trap.gz (2647 of 4882)
[2026-09-27 14:24:27] Importing CompletableFuture$OrAccept.members#65.0-1789983753036-kotlin.trap.gz (2648 of 4882)
[2026-09-27 14:24:27] Importing CompletableFuture$OrApply.members#65.0-1789983753036-kotlin.trap.gz (2649 of 4882)
[2026-09-27 14:24:27] Importing CompletableFuture$OrRun.members#65.0-1789983753036-kotlin.trap.gz (2650 of 4882)
[2026-09-27 14:24:27] Importing CompletableFuture$Signaller.members#65.0-1789983753036-kotlin.trap.gz (2651 of 4882)
[2026-09-27 14:24:27] Importing CompletableFuture$TaskSubmitter.members#65.0-1789983753036-kotlin.trap.gz (2652 of 4882)
[2026-09-27 14:24:27] Importing CompletableFuture$Timeout.members#65.0-1789983753036-kotlin.trap.gz (2653 of 4882)
[2026-09-27 14:24:27] Importing CompletableFuture$UniAccept.members#65.0-1789983753036-kotlin.trap.gz (2654 of 4882)
[2026-09-27 14:24:27] Importing CompletableFuture$UniApply.members#65.0-1789983753036-kotlin.trap.gz (2655 of 4882)
[2026-09-27 14:24:27] Importing CompletableFuture$UniCompletion.members#65.0-1789983753036-kotlin.trap.gz (2656 of 4882)
[2026-09-27 14:24:27] Importing CompletableFuture$UniCompose.members#65.0-1789983753036-kotlin.trap.gz (2657 of 4882)
[2026-09-27 14:24:27] Importing CompletableFuture$UniComposeExceptionally.members#65.0-1789983753036-kotlin.trap.gz (2658 of 4882)
[2026-09-27 14:24:27] Importing CompletableFuture$UniExceptionally.members#65.0-1789983753036-kotlin.trap.gz (2659 of 4882)
[2026-09-27 14:24:27] Importing CompletableFuture$UniHandle.members#65.0-1789983753036-kotlin.trap.gz (2660 of 4882)
[2026-09-27 14:24:27] Importing CompletableFuture$UniRelay.members#65.0-1789983753036-kotlin.trap.gz (2661 of 4882)
[2026-09-27 14:24:27] Importing CompletableFuture$UniRun.members#65.0-1789983753036-kotlin.trap.gz (2662 of 4882)
[2026-09-27 14:24:27] Importing CompletableFuture$UniWhenComplete.members#65.0-1789983753036-kotlin.trap.gz (2663 of 4882)
[2026-09-27 14:24:27] Importing CompletableFuture.members#65.0-1789983753036-kotlin.trap.gz (2664 of 4882)
[2026-09-27 14:24:27] Importing CompletionStage.members#65.0-1789983753036-kotlin.trap.gz (2665 of 4882)
[2026-09-27 14:24:27] Importing ConcurrentHashMap$BaseIterator.members#65.0-1789983753036-kotlin.trap.gz (2666 of 4882)
[2026-09-27 14:24:27] Importing ConcurrentHashMap$BulkTask.members#65.0-1789983753036-kotlin.trap.gz (2667 of 4882)
[2026-09-27 14:24:27] Importing ConcurrentHashMap$CollectionView.members#65.0-1789983753036-kotlin.trap.gz (2668 of 4882)
[2026-09-27 14:24:27] Importing ConcurrentHashMap$CounterCell.members#65.0-1789983753036-kotlin.trap.gz (2669 of 4882)
[2026-09-27 14:24:27] Importing ConcurrentHashMap$EntryIterator.members#65.0-1789983753036-kotlin.trap.gz (2670 of 4882)
[2026-09-27 14:24:27] Importing ConcurrentHashMap$EntrySetView.members#65.0-1789983753036-kotlin.trap.gz (2671 of 4882)
[2026-09-27 14:24:27] Importing ConcurrentHashMap$EntrySpliterator.members#65.0-1789983753036-kotlin.trap.gz (2672 of 4882)
[2026-09-27 14:24:27] Importing ConcurrentHashMap$ForEachEntryTask.members#65.0-1789983753036-kotlin.trap.gz (2673 of 4882)
[2026-09-27 14:24:27] Importing ConcurrentHashMap$ForEachKeyTask.members#65.0-1789983753036-kotlin.trap.gz (2674 of 4882)
[2026-09-27 14:24:27] Importing ConcurrentHashMap$ForEachMappingTask.members#65.0-1789983753036-kotlin.trap.gz (2675 of 4882)
[2026-09-27 14:24:27] Importing ConcurrentHashMap$ForEachTransformedEntryTask.members#65.0-1789983753036-kotlin.trap.gz (2676 of 4882)
[2026-09-27 14:24:27] Importing ConcurrentHashMap$ForEachTransformedKeyTask.members#65.0-1789983753036-kotlin.trap.gz (2677 of 4882)
[2026-09-27 14:24:27] Importing ConcurrentHashMap$ForEachTransformedMappingTask.members#65.0-1789983753036-kotlin.trap.gz (2678 of 4882)
[2026-09-27 14:24:27] Importing ConcurrentHashMap$ForEachTransformedValueTask.members#65.0-1789983753036-kotlin.trap.gz (2679 of 4882)
[2026-09-27 14:24:27] Importing ConcurrentHashMap$ForEachValueTask.members#65.0-1789983753036-kotlin.trap.gz (2680 of 4882)
[2026-09-27 14:24:27] Importing ConcurrentHashMap$ForwardingNode.members#65.0-1789983753036-kotlin.trap.gz (2681 of 4882)
[2026-09-27 14:24:27] Importing ConcurrentHashMap$KeyIterator.members#65.0-1789983753036-kotlin.trap.gz (2682 of 4882)
[2026-09-27 14:24:27] Importing ConcurrentHashMap$KeySetView.members#65.0-1789983753036-kotlin.trap.gz (2683 of 4882)
[2026-09-27 14:24:27] Importing ConcurrentHashMap$KeySpliterator.members#65.0-1789983753036-kotlin.trap.gz (2684 of 4882)
[2026-09-27 14:24:27] Importing ConcurrentHashMap$MapEntry.members#65.0-1789983753036-kotlin.trap.gz (2685 of 4882)
[2026-09-27 14:24:27] Importing ConcurrentHashMap$MapReduceEntriesTask.members#65.0-1789983753036-kotlin.trap.gz (2686 of 4882)
[2026-09-27 14:24:27] Importing ConcurrentHashMap$MapReduceEntriesToDoubleTask.members#65.0-1789983753036-kotlin.trap.gz (2687 of 4882)
[2026-09-27 14:24:27] Importing ConcurrentHashMap$MapReduceEntriesToIntTask.members#65.0-1789983753036-kotlin.trap.gz (2688 of 4882)
[2026-09-27 14:24:27] Importing ConcurrentHashMap$MapReduceEntriesToLongTask.members#65.0-1789983753036-kotlin.trap.gz (2689 of 4882)
[2026-09-27 14:24:27] Importing ConcurrentHashMap$MapReduceKeysTask.members#65.0-1789983753036-kotlin.trap.gz (2690 of 4882)
[2026-09-27 14:24:27] Importing ConcurrentHashMap$MapReduceKeysToDoubleTask.members#65.0-1789983753036-kotlin.trap.gz (2691 of 4882)
[2026-09-27 14:24:27] Importing ConcurrentHashMap$MapReduceKeysToIntTask.members#65.0-1789983753036-kotlin.trap.gz (2692 of 4882)
[2026-09-27 14:24:27] Importing ConcurrentHashMap$MapReduceKeysToLongTask.members#65.0-1789983753036-kotlin.trap.gz (2693 of 4882)
[2026-09-27 14:24:27] Importing ConcurrentHashMap$MapReduceMappingsTask.members#65.0-1789983753036-kotlin.trap.gz (2694 of 4882)
[2026-09-27 14:24:27] Importing ConcurrentHashMap$MapReduceMappingsToDoubleTask.members#65.0-1789983753036-kotlin.trap.gz (2695 of 4882)
[2026-09-27 14:24:27] Importing ConcurrentHashMap$MapReduceMappingsToIntTask.members#65.0-1789983753036-kotlin.trap.gz (2696 of 4882)
[2026-09-27 14:24:27] Importing ConcurrentHashMap$MapReduceMappingsToLongTask.members#65.0-1789983753036-kotlin.trap.gz (2697 of 4882)
[2026-09-27 14:24:27] Importing ConcurrentHashMap$MapReduceValuesTask.members#65.0-1789983753036-kotlin.trap.gz (2698 of 4882)
[2026-09-27 14:24:27] Importing ConcurrentHashMap$MapReduceValuesToDoubleTask.members#65.0-1789983753036-kotlin.trap.gz (2699 of 4882)
[2026-09-27 14:24:27] Importing ConcurrentHashMap$MapReduceValuesToIntTask.members#65.0-1789983753036-kotlin.trap.gz (2700 of 4882)
[2026-09-27 14:24:27] Importing ConcurrentHashMap$MapReduceValuesToLongTask.members#65.0-1789983753036-kotlin.trap.gz (2701 of 4882)
[2026-09-27 14:24:27] Importing ConcurrentHashMap$Node.members#65.0-1789983753036-kotlin.trap.gz (2702 of 4882)
[2026-09-27 14:24:27] Importing ConcurrentHashMap$ReduceEntriesTask.members#65.0-1789983753036-kotlin.trap.gz (2703 of 4882)
[2026-09-27 14:24:27] Importing ConcurrentHashMap$ReduceKeysTask.members#65.0-1789983753036-kotlin.trap.gz (2704 of 4882)
[2026-09-27 14:24:27] Importing ConcurrentHashMap$ReduceValuesTask.members#65.0-1789983753036-kotlin.trap.gz (2705 of 4882)
[2026-09-27 14:24:27] Importing ConcurrentHashMap$ReservationNode.members#65.0-1789983753036-kotlin.trap.gz (2706 of 4882)
[2026-09-27 14:24:27] Importing ConcurrentHashMap$SearchEntriesTask.members#65.0-1789983753036-kotlin.trap.gz (2707 of 4882)
[2026-09-27 14:24:27] Importing ConcurrentHashMap$SearchKeysTask.members#65.0-1789983753036-kotlin.trap.gz (2708 of 4882)
[2026-09-27 14:24:27] Importing ConcurrentHashMap$SearchMappingsTask.members#65.0-1789983753036-kotlin.trap.gz (2709 of 4882)
[2026-09-27 14:24:27] Importing ConcurrentHashMap$SearchValuesTask.members#65.0-1789983753036-kotlin.trap.gz (2710 of 4882)
[2026-09-27 14:24:27] Importing ConcurrentHashMap$Segment.members#65.0-1789983753036-kotlin.trap.gz (2711 of 4882)
[2026-09-27 14:24:27] Importing ConcurrentHashMap$TableStack.members#65.0-1789983753036-kotlin.trap.gz (2712 of 4882)
[2026-09-27 14:24:27] Importing ConcurrentHashMap$Traverser.members#65.0-1789983753036-kotlin.trap.gz (2713 of 4882)
[2026-09-27 14:24:27] Importing ConcurrentHashMap$TreeBin.members#65.0-1789983753036-kotlin.trap.gz (2714 of 4882)
[2026-09-27 14:24:27] Importing ConcurrentHashMap$TreeNode.members#65.0-1789983753036-kotlin.trap.gz (2715 of 4882)
[2026-09-27 14:24:27] Importing ConcurrentHashMap$ValueIterator.members#65.0-1789983753036-kotlin.trap.gz (2716 of 4882)
[2026-09-27 14:24:27] Importing ConcurrentHashMap$ValueSpliterator.members#65.0-1789983753036-kotlin.trap.gz (2717 of 4882)
[2026-09-27 14:24:27] Importing ConcurrentHashMap$ValuesView.members#65.0-1789983753036-kotlin.trap.gz (2718 of 4882)
[2026-09-27 14:24:27] Importing ConcurrentHashMap.members#65.0-1789983753036-kotlin.trap.gz (2719 of 4882)
[2026-09-27 14:24:27] Importing ConcurrentMap.members#65.0-1789983753036-kotlin.trap.gz (2720 of 4882)
[2026-09-27 14:24:27] Importing CountedCompleter.members#65.0-1789983753036-kotlin.trap.gz (2721 of 4882)
[2026-09-27 14:24:27] Importing Delayed.members#65.0-1789983753036-kotlin.trap.gz (2722 of 4882)
[2026-09-27 14:24:27] Importing Executor.members#65.0-1789983753036-kotlin.trap.gz (2723 of 4882)
[2026-09-27 14:24:27] Importing ExecutorService.members#65.0-1789983753036-kotlin.trap.gz (2724 of 4882)
[2026-09-27 14:24:27] Importing Flow$Processor.members#65.0-1789983753036-kotlin.trap.gz (2725 of 4882)
[2026-09-27 14:24:27] Importing Flow$Publisher.members#65.0-1789983753036-kotlin.trap.gz (2726 of 4882)
[2026-09-27 14:24:27] Importing Flow$Subscriber.members#65.0-1789983753036-kotlin.trap.gz (2727 of 4882)
[2026-09-27 14:24:27] Importing Flow$Subscription.members#65.0-1789983753036-kotlin.trap.gz (2728 of 4882)
[2026-09-27 14:24:27] Importing Flow.members#65.0-1789983753036-kotlin.trap.gz (2729 of 4882)
[2026-09-27 14:24:27] Importing ForkJoinPool$DefaultForkJoinWorkerThreadFactory.members#65.0-1789983753036-kotlin.trap.gz (2730 of 4882)
[2026-09-27 14:24:27] Importing ForkJoinPool$ForkJoinWorkerThreadFactory.members#65.0-1789983753036-kotlin.trap.gz (2731 of 4882)
[2026-09-27 14:24:27] Importing ForkJoinPool$InvokeAnyRoot.members#65.0-1789983753036-kotlin.trap.gz (2732 of 4882)
[2026-09-27 14:24:27] Importing ForkJoinPool$InvokeAnyTask.members#65.0-1789983753036-kotlin.trap.gz (2733 of 4882)
[2026-09-27 14:24:27] Importing ForkJoinPool$ManagedBlocker.members#65.0-1789983753036-kotlin.trap.gz (2734 of 4882)
[2026-09-27 14:24:27] Importing ForkJoinPool$WorkQueue.members#65.0-1789983753036-kotlin.trap.gz (2735 of 4882)
[2026-09-27 14:24:27] Importing ForkJoinPool.members#65.0-1789983753036-kotlin.trap.gz (2736 of 4882)
[2026-09-27 14:24:27] Importing ForkJoinTask$AdaptedCallable.members#65.0-1789983753036-kotlin.trap.gz (2737 of 4882)
[2026-09-27 14:24:27] Importing ForkJoinTask$AdaptedInterruptibleCallable.members#65.0-1789983753036-kotlin.trap.gz (2738 of 4882)
[2026-09-27 14:24:27] Importing ForkJoinTask$AdaptedRunnable.members#65.0-1789983753036-kotlin.trap.gz (2739 of 4882)
[2026-09-27 14:24:27] Importing ForkJoinTask$AdaptedRunnableAction.members#65.0-1789983753036-kotlin.trap.gz (2740 of 4882)
[2026-09-27 14:24:27] Importing ForkJoinTask$Aux.members#65.0-1789983753036-kotlin.trap.gz (2741 of 4882)
[2026-09-27 14:24:27] Importing ForkJoinTask$RunnableExecuteAction.members#65.0-1789983753036-kotlin.trap.gz (2742 of 4882)
[2026-09-27 14:24:27] Importing ForkJoinTask.members#65.0-1789983753036-kotlin.trap.gz (2743 of 4882)
[2026-09-27 14:24:27] Importing ForkJoinWorkerThread$InnocuousForkJoinWorkerThread.members#65.0-1789983753036-kotlin.trap.gz (2744 of 4882)
[2026-09-27 14:24:27] Importing ForkJoinWorkerThread.members#65.0-1789983753036-kotlin.trap.gz (2745 of 4882)
[2026-09-27 14:24:27] Importing Future$State.members#65.0-1789983753036-kotlin.trap.gz (2746 of 4882)
[2026-09-27 14:24:27] Importing Future.members#65.0-1789983753036-kotlin.trap.gz (2747 of 4882)
[2026-09-27 14:24:27] Importing LinkedBlockingQueue$Node.members#65.0-1789983753036-kotlin.trap.gz (2748 of 4882)
[2026-09-27 14:24:27] Importing LinkedBlockingQueue.members#65.0-1789983753036-kotlin.trap.gz (2749 of 4882)
[2026-09-27 14:24:27] Importing RejectedExecutionHandler.members#65.0-1789983753036-kotlin.trap.gz (2750 of 4882)
[2026-09-27 14:24:27] Importing RunnableFuture.members#65.0-1789983753036-kotlin.trap.gz (2751 of 4882)
[2026-09-27 14:24:27] Importing RunnableScheduledFuture.members#65.0-1789983753036-kotlin.trap.gz (2752 of 4882)
[2026-09-27 14:24:27] Importing ScheduledExecutorService.members#65.0-1789983753036-kotlin.trap.gz (2753 of 4882)
[2026-09-27 14:24:27] Importing ScheduledFuture.members#65.0-1789983753036-kotlin.trap.gz (2754 of 4882)
[2026-09-27 14:24:27] Importing ScheduledThreadPoolExecutor$DelayedWorkQueue.members#65.0-1789983753036-kotlin.trap.gz (2755 of 4882)
[2026-09-27 14:24:27] Importing ScheduledThreadPoolExecutor.members#65.0-1789983753036-kotlin.trap.gz (2756 of 4882)
[2026-09-27 14:24:27] Importing ThreadFactory.members#65.0-1789983753036-kotlin.trap.gz (2757 of 4882)
[2026-09-27 14:24:27] Importing ThreadPoolExecutor$AbortPolicy.members#65.0-1789983753036-kotlin.trap.gz (2758 of 4882)
[2026-09-27 14:24:27] Importing ThreadPoolExecutor$CallerRunsPolicy.members#65.0-1789983753036-kotlin.trap.gz (2759 of 4882)
[2026-09-27 14:24:27] Importing ThreadPoolExecutor$DiscardOldestPolicy.members#65.0-1789983753036-kotlin.trap.gz (2760 of 4882)
[2026-09-27 14:24:27] Importing ThreadPoolExecutor$DiscardPolicy.members#65.0-1789983753036-kotlin.trap.gz (2761 of 4882)
[2026-09-27 14:24:27] Importing ThreadPoolExecutor$Worker.members#65.0-1789983753036-kotlin.trap.gz (2762 of 4882)
[2026-09-27 14:24:27] Importing ThreadPoolExecutor.members#65.0-1789983753036-kotlin.trap.gz (2763 of 4882)
[2026-09-27 14:24:27] Importing TimeUnit.members#65.0-1789983753036-kotlin.trap.gz (2764 of 4882)
[2026-09-27 14:24:27] Importing AtomicBoolean.members#65.0-1789983753036-kotlin.trap.gz (2765 of 4882)
[2026-09-27 14:24:27] Importing AtomicInteger.members#65.0-1789983753036-kotlin.trap.gz (2766 of 4882)
[2026-09-27 14:24:27] Importing AtomicLong.members#65.0-1789983753036-kotlin.trap.gz (2767 of 4882)
[2026-09-27 14:24:27] Importing AtomicLongArray.members#65.0-1789983753036-kotlin.trap.gz (2768 of 4882)
[2026-09-27 14:24:27] Importing AtomicReference.members#65.0-1789983753036-kotlin.trap.gz (2769 of 4882)
[2026-09-27 14:24:27] Importing AtomicReferenceArray.members#65.0-1789983753036-kotlin.trap.gz (2770 of 4882)
[2026-09-27 14:24:27] Importing AbstractOwnableSynchronizer.members#65.0-1789983753036-kotlin.trap.gz (2771 of 4882)
[2026-09-27 14:24:27] Importing AbstractQueuedSynchronizer$ConditionNode.members#65.0-1789983753036-kotlin.trap.gz (2772 of 4882)
[2026-09-27 14:24:27] Importing AbstractQueuedSynchronizer$ConditionObject.members#65.0-1789983753036-kotlin.trap.gz (2773 of 4882)
[2026-09-27 14:24:27] Importing AbstractQueuedSynchronizer$ExclusiveNode.members#65.0-1789983753036-kotlin.trap.gz (2774 of 4882)
[2026-09-27 14:24:27] Importing AbstractQueuedSynchronizer$Node.members#65.0-1789983753036-kotlin.trap.gz (2775 of 4882)
[2026-09-27 14:24:27] Importing AbstractQueuedSynchronizer$SharedNode.members#65.0-1789983753036-kotlin.trap.gz (2776 of 4882)
[2026-09-27 14:24:27] Importing AbstractQueuedSynchronizer.members#65.0-1789983753036-kotlin.trap.gz (2777 of 4882)
[2026-09-27 14:24:27] Importing Condition.members#65.0-1789983753036-kotlin.trap.gz (2778 of 4882)
[2026-09-27 14:24:27] Importing Lock.members#65.0-1789983753036-kotlin.trap.gz (2779 of 4882)
[2026-09-27 14:24:27] Importing ReentrantLock$FairSync.members#65.0-1789983753036-kotlin.trap.gz (2780 of 4882)
[2026-09-27 14:24:27] Importing ReentrantLock$NonfairSync.members#65.0-1789983753036-kotlin.trap.gz (2781 of 4882)
[2026-09-27 14:24:27] Importing ReentrantLock$Sync.members#65.0-1789983753036-kotlin.trap.gz (2782 of 4882)
[2026-09-27 14:24:27] Importing ReentrantLock.members#65.0-1789983753036-kotlin.trap.gz (2783 of 4882)
[2026-09-27 14:24:27] Importing BiConsumer.members#65.0-1789983753036-kotlin.trap.gz (2784 of 4882)
[2026-09-27 14:24:27] Importing BiFunction.members#65.0-1789983753036-kotlin.trap.gz (2785 of 4882)
[2026-09-27 14:24:27] Importing BiPredicate.members#65.0-1789983753036-kotlin.trap.gz (2786 of 4882)
[2026-09-27 14:24:27] Importing BinaryOperator.members#65.0-1789983753036-kotlin.trap.gz (2787 of 4882)
[2026-09-27 14:24:27] Importing BooleanSupplier.members#65.0-1789983753036-kotlin.trap.gz (2788 of 4882)
[2026-09-27 14:24:27] Importing Consumer.members#65.0-1789983753036-kotlin.trap.gz (2789 of 4882)
[2026-09-27 14:24:27] Importing DoubleBinaryOperator.members#65.0-1789983753036-kotlin.trap.gz (2790 of 4882)
[2026-09-27 14:24:27] Importing DoubleConsumer.members#65.0-1789983753036-kotlin.trap.gz (2791 of 4882)
[2026-09-27 14:24:27] Importing DoubleFunction.members#65.0-1789983753036-kotlin.trap.gz (2792 of 4882)
[2026-09-27 14:24:27] Importing DoublePredicate.members#65.0-1789983753036-kotlin.trap.gz (2793 of 4882)
[2026-09-27 14:24:27] Importing DoubleSupplier.members#65.0-1789983753036-kotlin.trap.gz (2794 of 4882)
[2026-09-27 14:24:27] Importing DoubleToIntFunction.members#65.0-1789983753036-kotlin.trap.gz (2795 of 4882)
[2026-09-27 14:24:27] Importing DoubleToLongFunction.members#65.0-1789983753036-kotlin.trap.gz (2796 of 4882)
[2026-09-27 14:24:27] Importing DoubleUnaryOperator.members#65.0-1789983753036-kotlin.trap.gz (2797 of 4882)
[2026-09-27 14:24:27] Importing Function.members#65.0-1789983753036-kotlin.trap.gz (2798 of 4882)
[2026-09-27 14:24:27] Importing IntBinaryOperator.members#65.0-1789983753036-kotlin.trap.gz (2799 of 4882)
[2026-09-27 14:24:27] Importing IntConsumer.members#65.0-1789983753036-kotlin.trap.gz (2800 of 4882)
[2026-09-27 14:24:27] Importing IntFunction.members#65.0-1789983753036-kotlin.trap.gz (2801 of 4882)
[2026-09-27 14:24:27] Importing IntPredicate.members#65.0-1789983753036-kotlin.trap.gz (2802 of 4882)
[2026-09-27 14:24:27] Importing IntSupplier.members#65.0-1789983753036-kotlin.trap.gz (2803 of 4882)
[2026-09-27 14:24:27] Importing IntToDoubleFunction.members#65.0-1789983753036-kotlin.trap.gz (2804 of 4882)
[2026-09-27 14:24:27] Importing IntToLongFunction.members#65.0-1789983753036-kotlin.trap.gz (2805 of 4882)
[2026-09-27 14:24:27] Importing IntUnaryOperator.members#65.0-1789983753036-kotlin.trap.gz (2806 of 4882)
[2026-09-27 14:24:27] Importing LongBinaryOperator.members#65.0-1789983753036-kotlin.trap.gz (2807 of 4882)
[2026-09-27 14:24:27] Importing LongConsumer.members#65.0-1789983753036-kotlin.trap.gz (2808 of 4882)
[2026-09-27 14:24:27] Importing LongFunction.members#65.0-1789983753036-kotlin.trap.gz (2809 of 4882)
[2026-09-27 14:24:27] Importing LongPredicate.members#65.0-1789983753036-kotlin.trap.gz (2810 of 4882)
[2026-09-27 14:24:27] Importing LongSupplier.members#65.0-1789983753036-kotlin.trap.gz (2811 of 4882)
[2026-09-27 14:24:27] Importing LongToDoubleFunction.members#65.0-1789983753036-kotlin.trap.gz (2812 of 4882)
[2026-09-27 14:24:27] Importing LongToIntFunction.members#65.0-1789983753036-kotlin.trap.gz (2813 of 4882)
[2026-09-27 14:24:27] Importing LongUnaryOperator.members#65.0-1789983753036-kotlin.trap.gz (2814 of 4882)
[2026-09-27 14:24:27] Importing ObjDoubleConsumer.members#65.0-1789983753036-kotlin.trap.gz (2815 of 4882)
[2026-09-27 14:24:27] Importing ObjIntConsumer.members#65.0-1789983753036-kotlin.trap.gz (2816 of 4882)
[2026-09-27 14:24:27] Importing ObjLongConsumer.members#65.0-1789983753036-kotlin.trap.gz (2817 of 4882)
[2026-09-27 14:24:27] Importing Predicate.members#65.0-1789983753036-kotlin.trap.gz (2818 of 4882)
[2026-09-27 14:24:27] Importing Supplier.members#65.0-1789983753036-kotlin.trap.gz (2819 of 4882)
[2026-09-27 14:24:27] Importing ToDoubleBiFunction.members#65.0-1789983753036-kotlin.trap.gz (2820 of 4882)
[2026-09-27 14:24:27] Importing ToDoubleFunction.members#65.0-1789983753036-kotlin.trap.gz (2821 of 4882)
[2026-09-27 14:24:27] Importing ToIntBiFunction.members#65.0-1789983753036-kotlin.trap.gz (2822 of 4882)
[2026-09-27 14:24:27] Importing ToIntFunction.members#65.0-1789983753036-kotlin.trap.gz (2823 of 4882)
[2026-09-27 14:24:27] Importing ToLongBiFunction.members#65.0-1789983753036-kotlin.trap.gz (2824 of 4882)
[2026-09-27 14:24:27] Importing ToLongFunction.members#65.0-1789983753036-kotlin.trap.gz (2825 of 4882)
[2026-09-27 14:24:27] Importing UnaryOperator.members#65.0-1789983753036-kotlin.trap.gz (2826 of 4882)
[2026-09-27 14:24:27] Importing ErrorManager.members#65.0-1789983753036-kotlin.trap.gz (2827 of 4882)
[2026-09-27 14:24:27] Importing Filter.members#65.0-1789983753036-kotlin.trap.gz (2828 of 4882)
[2026-09-27 14:24:27] Importing Formatter.members#65.0-1789983753036-kotlin.trap.gz (2829 of 4882)
[2026-09-27 14:24:27] Importing Handler.members#65.0-1789983753036-kotlin.trap.gz (2830 of 4882)
[2026-09-27 14:24:27] Importing Level$KnownLevel.members#65.0-1789983753036-kotlin.trap.gz (2831 of 4882)
[2026-09-27 14:24:27] Importing Level.members#65.0-1789983753036-kotlin.trap.gz (2832 of 4882)
[2026-09-27 14:24:27] Importing LogManager$ConfigProperty.members#65.0-1789983753036-kotlin.trap.gz (2833 of 4882)
[2026-09-27 14:24:27] Importing LogManager$LogNode.members#65.0-1789983753036-kotlin.trap.gz (2834 of 4882)
[2026-09-27 14:24:27] Importing LogManager$LoggerContext.members#65.0-1789983753036-kotlin.trap.gz (2835 of 4882)
[2026-09-27 14:24:27] Importing LogManager$LoggerWeakRef.members#65.0-1789983753036-kotlin.trap.gz (2836 of 4882)
[2026-09-27 14:24:27] Importing LogManager$ModType.members#65.0-1789983753036-kotlin.trap.gz (2837 of 4882)
[2026-09-27 14:24:27] Importing LogManager$SystemLoggerContext.members#65.0-1789983753036-kotlin.trap.gz (2838 of 4882)
[2026-09-27 14:24:27] Importing LogManager$VisitedLoggers.members#65.0-1789983753036-kotlin.trap.gz (2839 of 4882)
[2026-09-27 14:24:27] Importing LogManager.members#65.0-1789983753036-kotlin.trap.gz (2840 of 4882)
[2026-09-27 14:24:27] Importing LogRecord$CallerFinder.members#65.0-1789983753036-kotlin.trap.gz (2841 of 4882)
[2026-09-27 14:24:27] Importing LogRecord.members#65.0-1789983753036-kotlin.trap.gz (2842 of 4882)
[2026-09-27 14:24:27] Importing Logger.members#65.0-1789983753036-kotlin.trap.gz (2843 of 4882)
[2026-09-27 14:24:27] Importing LoggingMXBean.members#65.0-1789983753036-kotlin.trap.gz (2844 of 4882)
[2026-09-27 14:24:27] Importing RandomGenerator$ArbitrarilyJumpableGenerator.members#65.0-1789983753036-kotlin.trap.gz (2845 of 4882)
[2026-09-27 14:24:27] Importing RandomGenerator$JumpableGenerator.members#65.0-1789983753036-kotlin.trap.gz (2846 of 4882)
[2026-09-27 14:24:27] Importing RandomGenerator$LeapableGenerator.members#65.0-1789983753036-kotlin.trap.gz (2847 of 4882)
[2026-09-27 14:24:27] Importing RandomGenerator$SplittableGenerator.members#65.0-1789983753036-kotlin.trap.gz (2848 of 4882)
[2026-09-27 14:24:27] Importing RandomGenerator$StreamableGenerator.members#65.0-1789983753036-kotlin.trap.gz (2849 of 4882)
[2026-09-27 14:24:27] Importing RandomGenerator.members#65.0-1789983753036-kotlin.trap.gz (2850 of 4882)
[2026-09-27 14:24:27] Importing IntHashSet.members#65.0-1789983753036-kotlin.trap.gz (2851 of 4882)
[2026-09-27 14:24:27] Importing MatchResult.members#65.0-1789983753036-kotlin.trap.gz (2852 of 4882)
[2026-09-27 14:24:27] Importing Matcher.members#65.0-1789983753036-kotlin.trap.gz (2853 of 4882)
[2026-09-27 14:24:27] Importing Pattern$BackRef.members#65.0-1789983753036-kotlin.trap.gz (2854 of 4882)
[2026-09-27 14:24:27] Importing Pattern$Begin.members#65.0-1789983753036-kotlin.trap.gz (2855 of 4882)
[2026-09-27 14:24:27] Importing Pattern$Behind.members#65.0-1789983753036-kotlin.trap.gz (2856 of 4882)
[2026-09-27 14:24:27] Importing Pattern$BehindS.members#65.0-1789983753036-kotlin.trap.gz (2857 of 4882)
[2026-09-27 14:24:27] Importing Pattern$BitClass.members#65.0-1789983753036-kotlin.trap.gz (2858 of 4882)
[2026-09-27 14:24:27] Importing Pattern$BmpCharPredicate.members#65.0-1789983753036-kotlin.trap.gz (2859 of 4882)
[2026-09-27 14:24:27] Importing Pattern$BmpCharProperty.members#65.0-1789983753036-kotlin.trap.gz (2860 of 4882)
[2026-09-27 14:24:27] Importing Pattern$BmpCharPropertyGreedy.members#65.0-1789983753036-kotlin.trap.gz (2861 of 4882)
[2026-09-27 14:24:27] Importing Pattern$BnM.members#65.0-1789983753036-kotlin.trap.gz (2862 of 4882)
[2026-09-27 14:24:27] Importing Pattern$BnMS.members#65.0-1789983753036-kotlin.trap.gz (2863 of 4882)
[2026-09-27 14:24:27] Importing Pattern$Bound.members#65.0-1789983753036-kotlin.trap.gz (2864 of 4882)
[2026-09-27 14:24:27] Importing Pattern$Branch.members#65.0-1789983753036-kotlin.trap.gz (2865 of 4882)
[2026-09-27 14:24:27] Importing Pattern$BranchConn.members#65.0-1789983753036-kotlin.trap.gz (2866 of 4882)
[2026-09-27 14:24:27] Importing Pattern$CIBackRef.members#65.0-1789983753036-kotlin.trap.gz (2867 of 4882)
[2026-09-27 14:24:27] Importing Pattern$Caret.members#65.0-1789983753036-kotlin.trap.gz (2868 of 4882)
[2026-09-27 14:24:27] Importing Pattern$CharPredicate.members#65.0-1789983753036-kotlin.trap.gz (2869 of 4882)
[2026-09-27 14:24:27] Importing Pattern$CharProperty.members#65.0-1789983753036-kotlin.trap.gz (2870 of 4882)
[2026-09-27 14:24:27] Importing Pattern$CharPropertyGreedy.members#65.0-1789983753036-kotlin.trap.gz (2871 of 4882)
[2026-09-27 14:24:27] Importing Pattern$Curly.members#65.0-1789983753036-kotlin.trap.gz (2872 of 4882)
[2026-09-27 14:24:27] Importing Pattern$Dollar.members#65.0-1789983753036-kotlin.trap.gz (2873 of 4882)
[2026-09-27 14:24:27] Importing Pattern$End.members#65.0-1789983753036-kotlin.trap.gz (2874 of 4882)
[2026-09-27 14:24:27] Importing Pattern$First.members#65.0-1789983753036-kotlin.trap.gz (2875 of 4882)
[2026-09-27 14:24:27] Importing Pattern$GraphemeBound.members#65.0-1789983753036-kotlin.trap.gz (2876 of 4882)
[2026-09-27 14:24:27] Importing Pattern$GroupCurly.members#65.0-1789983753036-kotlin.trap.gz (2877 of 4882)
[2026-09-27 14:24:27] Importing Pattern$GroupHead.members#65.0-1789983753036-kotlin.trap.gz (2878 of 4882)
[2026-09-27 14:24:27] Importing Pattern$GroupTail.members#65.0-1789983753036-kotlin.trap.gz (2879 of 4882)
[2026-09-27 14:24:27] Importing Pattern$LastMatch.members#65.0-1789983753036-kotlin.trap.gz (2880 of 4882)
[2026-09-27 14:24:27] Importing Pattern$LastNode.members#65.0-1789983753036-kotlin.trap.gz (2881 of 4882)
[2026-09-27 14:24:27] Importing Pattern$LazyLoop.members#65.0-1789983753036-kotlin.trap.gz (2882 of 4882)
[2026-09-27 14:24:27] Importing Pattern$LineEnding.members#65.0-1789983753036-kotlin.trap.gz (2883 of 4882)
[2026-09-27 14:24:27] Importing Pattern$LookBehindEndNode.members#65.0-1789983753036-kotlin.trap.gz (2884 of 4882)
[2026-09-27 14:24:27] Importing Pattern$Loop.members#65.0-1789983753036-kotlin.trap.gz (2885 of 4882)
[2026-09-27 14:24:27] Importing Pattern$Neg.members#65.0-1789983753036-kotlin.trap.gz (2886 of 4882)
[2026-09-27 14:24:27] Importing Pattern$Node.members#65.0-1789983753036-kotlin.trap.gz (2887 of 4882)
[2026-09-27 14:24:27] Importing Pattern$NotBehind.members#65.0-1789983753036-kotlin.trap.gz (2888 of 4882)
[2026-09-27 14:24:27] Importing Pattern$NotBehindS.members#65.0-1789983753036-kotlin.trap.gz (2889 of 4882)
[2026-09-27 14:24:27] Importing Pattern$Pos.members#65.0-1789983753036-kotlin.trap.gz (2890 of 4882)
[2026-09-27 14:24:27] Importing Pattern$Prolog.members#65.0-1789983753036-kotlin.trap.gz (2891 of 4882)
[2026-09-27 14:24:27] Importing Pattern$Qtype.members#65.0-1789983753036-kotlin.trap.gz (2892 of 4882)
[2026-09-27 14:24:27] Importing Pattern$Ques.members#65.0-1789983753036-kotlin.trap.gz (2893 of 4882)
[2026-09-27 14:24:27] Importing Pattern$Slice.members#65.0-1789983753036-kotlin.trap.gz (2894 of 4882)
[2026-09-27 14:24:27] Importing Pattern$SliceI.members#65.0-1789983753036-kotlin.trap.gz (2895 of 4882)
[2026-09-27 14:24:27] Importing Pattern$SliceIS.members#65.0-1789983753036-kotlin.trap.gz (2896 of 4882)
[2026-09-27 14:24:27] Importing Pattern$SliceNode.members#65.0-1789983753036-kotlin.trap.gz (2897 of 4882)
[2026-09-27 14:24:27] Importing Pattern$SliceS.members#65.0-1789983753036-kotlin.trap.gz (2898 of 4882)
[2026-09-27 14:24:27] Importing Pattern$SliceU.members#65.0-1789983753036-kotlin.trap.gz (2899 of 4882)
[2026-09-27 14:24:27] Importing Pattern$SliceUS.members#65.0-1789983753036-kotlin.trap.gz (2900 of 4882)
[2026-09-27 14:24:27] Importing Pattern$Start.members#65.0-1789983753036-kotlin.trap.gz (2901 of 4882)
[2026-09-27 14:24:27] Importing Pattern$StartS.members#65.0-1789983753036-kotlin.trap.gz (2902 of 4882)
[2026-09-27 14:24:27] Importing Pattern$TreeInfo.members#65.0-1789983753036-kotlin.trap.gz (2903 of 4882)
[2026-09-27 14:24:27] Importing Pattern$UnixCaret.members#65.0-1789983753036-kotlin.trap.gz (2904 of 4882)
[2026-09-27 14:24:27] Importing Pattern$UnixDollar.members#65.0-1789983753036-kotlin.trap.gz (2905 of 4882)
[2026-09-27 14:24:27] Importing Pattern$XGrapheme.members#65.0-1789983753036-kotlin.trap.gz (2906 of 4882)
[2026-09-27 14:24:27] Importing Pattern.members#65.0-1789983753036-kotlin.trap.gz (2907 of 4882)
[2026-09-27 14:24:27] Importing BaseStream.members#65.0-1789983753036-kotlin.trap.gz (2908 of 4882)
[2026-09-27 14:24:27] Importing Collector$Characteristics.members#65.0-1789983753036-kotlin.trap.gz (2909 of 4882)
[2026-09-27 14:24:27] Importing Collector.members#65.0-1789983753036-kotlin.trap.gz (2910 of 4882)
[2026-09-27 14:24:27] Importing DoubleStream$Builder.members#65.0-1789983753036-kotlin.trap.gz (2911 of 4882)
[2026-09-27 14:24:27] Importing DoubleStream$DoubleMapMultiConsumer.members#65.0-1789983753036-kotlin.trap.gz (2912 of 4882)
[2026-09-27 14:24:27] Importing DoubleStream.members#65.0-1789983753036-kotlin.trap.gz (2913 of 4882)
[2026-09-27 14:24:27] Importing IntStream$Builder.members#65.0-1789983753036-kotlin.trap.gz (2914 of 4882)
[2026-09-27 14:24:27] Importing IntStream$IntMapMultiConsumer.members#65.0-1789983753036-kotlin.trap.gz (2915 of 4882)
[2026-09-27 14:24:27] Importing IntStream.members#65.0-1789983753036-kotlin.trap.gz (2916 of 4882)
[2026-09-27 14:24:27] Importing LongStream$Builder.members#65.0-1789983753036-kotlin.trap.gz (2917 of 4882)
[2026-09-27 14:24:27] Importing LongStream$LongMapMultiConsumer.members#65.0-1789983753036-kotlin.trap.gz (2918 of 4882)
[2026-09-27 14:24:27] Importing LongStream.members#65.0-1789983753036-kotlin.trap.gz (2919 of 4882)
[2026-09-27 14:24:27] Importing Stream$Builder.members#65.0-1789983753036-kotlin.trap.gz (2920 of 4882)
[2026-09-27 14:24:27] Importing Stream.members#65.0-1789983753036-kotlin.trap.gz (2921 of 4882)
[2026-09-27 14:24:27] Importing Accessible.members#65.0-1789983753036-kotlin.trap.gz (2922 of 4882)
[2026-09-27 14:24:27] Importing AccessibleAction.members#65.0-1789983753036-kotlin.trap.gz (2923 of 4882)
[2026-09-27 14:24:27] Importing AccessibleBundle.members#65.0-1789983753036-kotlin.trap.gz (2924 of 4882)
[2026-09-27 14:24:27] Importing AccessibleComponent.members#65.0-1789983753036-kotlin.trap.gz (2925 of 4882)
[2026-09-27 14:24:27] Importing AccessibleContext.members#65.0-1789983753036-kotlin.trap.gz (2926 of 4882)
[2026-09-27 14:24:27] Importing AccessibleEditableText.members#65.0-1789983753036-kotlin.trap.gz (2927 of 4882)
[2026-09-27 14:24:27] Importing AccessibleExtendedComponent.members#65.0-1789983753036-kotlin.trap.gz (2928 of 4882)
[2026-09-27 14:24:27] Importing AccessibleIcon.members#65.0-1789983753036-kotlin.trap.gz (2929 of 4882)
[2026-09-27 14:24:27] Importing AccessibleKeyBinding.members#65.0-1789983753036-kotlin.trap.gz (2930 of 4882)
[2026-09-27 14:24:27] Importing AccessibleRelation.members#65.0-1789983753036-kotlin.trap.gz (2931 of 4882)
[2026-09-27 14:24:27] Importing AccessibleRelationSet.members#65.0-1789983753036-kotlin.trap.gz (2932 of 4882)
[2026-09-27 14:24:27] Importing AccessibleRole.members#65.0-1789983753036-kotlin.trap.gz (2933 of 4882)
[2026-09-27 14:24:27] Importing AccessibleSelection.members#65.0-1789983753036-kotlin.trap.gz (2934 of 4882)
[2026-09-27 14:24:27] Importing AccessibleState.members#65.0-1789983753036-kotlin.trap.gz (2935 of 4882)
[2026-09-27 14:24:27] Importing AccessibleStateSet.members#65.0-1789983753036-kotlin.trap.gz (2936 of 4882)
[2026-09-27 14:24:27] Importing AccessibleTable.members#65.0-1789983753036-kotlin.trap.gz (2937 of 4882)
[2026-09-27 14:24:27] Importing AccessibleText.members#65.0-1789983753036-kotlin.trap.gz (2938 of 4882)
[2026-09-27 14:24:27] Importing AccessibleValue.members#65.0-1789983753036-kotlin.trap.gz (2939 of 4882)
[2026-09-27 14:24:27] Importing SecretKey.members#65.0-1789983753036-kotlin.trap.gz (2940 of 4882)
[2026-09-27 14:24:27] Importing ServerSocketFactory.members#65.0-1789983753036-kotlin.trap.gz (2941 of 4882)
[2026-09-27 14:24:27] Importing SocketFactory.members#65.0-1789983753036-kotlin.trap.gz (2942 of 4882)
[2026-09-27 14:24:27] Importing KeyManager.members#65.0-1789983753036-kotlin.trap.gz (2943 of 4882)
[2026-09-27 14:24:27] Importing SNIMatcher.members#65.0-1789983753036-kotlin.trap.gz (2944 of 4882)
[2026-09-27 14:24:27] Importing SNIServerName.members#65.0-1789983753036-kotlin.trap.gz (2945 of 4882)
[2026-09-27 14:24:27] Importing SSLContext.members#65.0-1789983753036-kotlin.trap.gz (2946 of 4882)
[2026-09-27 14:24:27] Importing SSLContextSpi.members#65.0-1789983753036-kotlin.trap.gz (2947 of 4882)
[2026-09-27 14:24:27] Importing SSLEngine.members#65.0-1789983753036-kotlin.trap.gz (2948 of 4882)
[2026-09-27 14:24:27] Importing SSLEngineResult$HandshakeStatus.members#65.0-1789983753036-kotlin.trap.gz (2949 of 4882)
[2026-09-27 14:24:27] Importing SSLEngineResult$Status.members#65.0-1789983753036-kotlin.trap.gz (2950 of 4882)
[2026-09-27 14:24:27] Importing SSLEngineResult.members#65.0-1789983753036-kotlin.trap.gz (2951 of 4882)
[2026-09-27 14:24:27] Importing SSLParameters.members#65.0-1789983753036-kotlin.trap.gz (2952 of 4882)
[2026-09-27 14:24:27] Importing SSLServerSocketFactory.members#65.0-1789983753036-kotlin.trap.gz (2953 of 4882)
[2026-09-27 14:24:27] Importing SSLSession.members#65.0-1789983753036-kotlin.trap.gz (2954 of 4882)
[2026-09-27 14:24:27] Importing SSLSessionContext.members#65.0-1789983753036-kotlin.trap.gz (2955 of 4882)
[2026-09-27 14:24:27] Importing SSLSocketFactory.members#65.0-1789983753036-kotlin.trap.gz (2956 of 4882)
[2026-09-27 14:24:27] Importing TrustManager.members#65.0-1789983753036-kotlin.trap.gz (2957 of 4882)
[2026-09-27 14:24:27] Importing AuthPermission.members#65.0-1789983753036-kotlin.trap.gz (2958 of 4882)
[2026-09-27 14:24:27] Importing Destroyable.members#65.0-1789983753036-kotlin.trap.gz (2959 of 4882)
[2026-09-27 14:24:27] Importing Subject$AuthPermissionHolder.members#65.0-1789983753036-kotlin.trap.gz (2960 of 4882)
[2026-09-27 14:24:27] Importing Subject.members#65.0-1789983753036-kotlin.trap.gz (2961 of 4882)
[2026-09-27 14:24:27] Importing Callback.members#65.0-1789983753036-kotlin.trap.gz (2962 of 4882)
[2026-09-27 14:24:27] Importing CallbackHandler.members#65.0-1789983753036-kotlin.trap.gz (2963 of 4882)
[2026-09-27 14:24:27] Importing X500Principal.members#65.0-1789983753036-kotlin.trap.gz (2964 of 4882)
[2026-09-27 14:24:27] Importing Certificate.members#65.0-1789983753036-kotlin.trap.gz (2965 of 4882)
[2026-09-27 14:24:27] Importing X509Certificate.members#65.0-1789983753036-kotlin.trap.gz (2966 of 4882)
[2026-09-27 14:24:27] Importing CommonDataSource.members#65.0-1789983753036-kotlin.trap.gz (2967 of 4882)
[2026-09-27 14:24:27] Importing DataSource.members#65.0-1789983753036-kotlin.trap.gz (2968 of 4882)
[2026-09-27 14:24:27] Importing AbstractButton$AccessibleAbstractButton$ButtonKeyBinding.members#65.0-1789983753036-kotlin.trap.gz (2969 of 4882)
[2026-09-27 14:24:27] Importing AbstractButton$AccessibleAbstractButton.members#65.0-1789983753036-kotlin.trap.gz (2970 of 4882)
[2026-09-27 14:24:27] Importing AbstractButton$ButtonChangeListener.members#65.0-1789983753036-kotlin.trap.gz (2971 of 4882)
[2026-09-27 14:24:27] Importing AbstractButton$Handler.members#65.0-1789983753036-kotlin.trap.gz (2972 of 4882)
[2026-09-27 14:24:27] Importing AbstractButton.members#65.0-1789983753036-kotlin.trap.gz (2973 of 4882)
[2026-09-27 14:24:27] Importing Action.members#65.0-1789983753036-kotlin.trap.gz (2974 of 4882)
[2026-09-27 14:24:27] Importing ActionMap.members#65.0-1789983753036-kotlin.trap.gz (2975 of 4882)
[2026-09-27 14:24:27] Importing ButtonGroup.members#65.0-1789983753036-kotlin.trap.gz (2976 of 4882)
[2026-09-27 14:24:27] Importing ButtonModel.members#65.0-1789983753036-kotlin.trap.gz (2977 of 4882)
[2026-09-27 14:24:27] Importing ComponentInputMap.members#65.0-1789983753036-kotlin.trap.gz (2978 of 4882)
[2026-09-27 14:24:27] Importing Icon.members#65.0-1789983753036-kotlin.trap.gz (2979 of 4882)
[2026-09-27 14:24:27] Importing InputMap.members#65.0-1789983753036-kotlin.trap.gz (2980 of 4882)
[2026-09-27 14:24:27] Importing InputVerifier.members#65.0-1789983753036-kotlin.trap.gz (2981 of 4882)
[2026-09-27 14:24:27] Importing JButton$AccessibleJButton.members#65.0-1789983753036-kotlin.trap.gz (2982 of 4882)
[2026-09-27 14:24:27] Importing JButton.members#65.0-1789983753036-kotlin.trap.gz (2983 of 4882)
[2026-09-27 14:24:27] Importing JComponent$AccessibleJComponent$AccessibleContainerHandler.members#65.0-1789983753036-kotlin.trap.gz (2984 of 4882)
[2026-09-27 14:24:27] Importing JComponent$AccessibleJComponent$AccessibleFocusHandler.members#65.0-1789983753036-kotlin.trap.gz (2985 of 4882)
[2026-09-27 14:24:27] Importing JComponent$AccessibleJComponent.members#65.0-1789983753036-kotlin.trap.gz (2986 of 4882)
[2026-09-27 14:24:27] Importing JComponent$ActionStandin.members#65.0-1789983753036-kotlin.trap.gz (2987 of 4882)
[2026-09-27 14:24:27] Importing JComponent$IntVector.members#65.0-1789983753036-kotlin.trap.gz (2988 of 4882)
[2026-09-27 14:24:27] Importing JComponent$KeyboardState.members#65.0-1789983753036-kotlin.trap.gz (2989 of 4882)
[2026-09-27 14:24:27] Importing JComponent.members#65.0-1789983753036-kotlin.trap.gz (2990 of 4882)
[2026-09-27 14:24:27] Importing JLayeredPane$AccessibleJLayeredPane.members#65.0-1789983753036-kotlin.trap.gz (2991 of 4882)
[2026-09-27 14:24:27] Importing JLayeredPane.members#65.0-1789983753036-kotlin.trap.gz (2992 of 4882)
[2026-09-27 14:24:27] Importing JMenu$AccessibleJMenu.members#65.0-1789983753036-kotlin.trap.gz (2993 of 4882)
[2026-09-27 14:24:27] Importing JMenu$MenuChangeListener.members#65.0-1789983753036-kotlin.trap.gz (2994 of 4882)
[2026-09-27 14:24:27] Importing JMenu$WinListener.members#65.0-1789983753036-kotlin.trap.gz (2995 of 4882)
[2026-09-27 14:24:27] Importing JMenu.members#65.0-1789983753036-kotlin.trap.gz (2996 of 4882)
[2026-09-27 14:24:27] Importing JMenuBar$AccessibleJMenuBar.members#65.0-1789983753036-kotlin.trap.gz (2997 of 4882)
[2026-09-27 14:24:27] Importing JMenuBar.members#65.0-1789983753036-kotlin.trap.gz (2998 of 4882)
[2026-09-27 14:24:27] Importing JMenuItem$AccessibleJMenuItem.members#65.0-1789983753036-kotlin.trap.gz (2999 of 4882)
[2026-09-27 14:24:27] Importing JMenuItem.members#65.0-1789983753036-kotlin.trap.gz (3000 of 4882)
[2026-09-27 14:24:27] Importing JPopupMenu$AccessibleJPopupMenu.members#65.0-1789983753036-kotlin.trap.gz (3001 of 4882)
[2026-09-27 14:24:27] Importing JPopupMenu$Separator.members#65.0-1789983753036-kotlin.trap.gz (3002 of 4882)
[2026-09-27 14:24:27] Importing JPopupMenu.members#65.0-1789983753036-kotlin.trap.gz (3003 of 4882)
[2026-09-27 14:24:27] Importing JRootPane$AccessibleJRootPane.members#65.0-1789983753036-kotlin.trap.gz (3004 of 4882)
[2026-09-27 14:24:27] Importing JRootPane$RootLayout.members#65.0-1789983753036-kotlin.trap.gz (3005 of 4882)
[2026-09-27 14:24:27] Importing JRootPane.members#65.0-1789983753036-kotlin.trap.gz (3006 of 4882)
[2026-09-27 14:24:27] Importing JSeparator$AccessibleJSeparator.members#65.0-1789983753036-kotlin.trap.gz (3007 of 4882)
[2026-09-27 14:24:27] Importing JSeparator.members#65.0-1789983753036-kotlin.trap.gz (3008 of 4882)
[2026-09-27 14:24:27] Importing JToolTip$AccessibleJToolTip.members#65.0-1789983753036-kotlin.trap.gz (3009 of 4882)
[2026-09-27 14:24:27] Importing JToolTip.members#65.0-1789983753036-kotlin.trap.gz (3010 of 4882)
[2026-09-27 14:24:27] Importing JWindow$AccessibleJWindow.members#65.0-1789983753036-kotlin.trap.gz (3011 of 4882)
[2026-09-27 14:24:27] Importing JWindow.members#65.0-1789983753036-kotlin.trap.gz (3012 of 4882)
[2026-09-27 14:24:27] Importing KeyStroke.members#65.0-1789983753036-kotlin.trap.gz (3013 of 4882)
[2026-09-27 14:24:27] Importing MenuElement.members#65.0-1789983753036-kotlin.trap.gz (3014 of 4882)
[2026-09-27 14:24:27] Importing MenuSelectionManager.members#65.0-1789983753036-kotlin.trap.gz (3015 of 4882)
[2026-09-27 14:24:27] Importing Popup$DefaultFrame.members#65.0-1789983753036-kotlin.trap.gz (3016 of 4882)
[2026-09-27 14:24:27] Importing Popup$HeavyWeightWindow.members#65.0-1789983753036-kotlin.trap.gz (3017 of 4882)
[2026-09-27 14:24:27] Importing Popup.members#65.0-1789983753036-kotlin.trap.gz (3018 of 4882)
[2026-09-27 14:24:27] Importing RootPaneContainer.members#65.0-1789983753036-kotlin.trap.gz (3019 of 4882)
[2026-09-27 14:24:27] Importing SingleSelectionModel.members#65.0-1789983753036-kotlin.trap.gz (3020 of 4882)
[2026-09-27 14:24:27] Importing SwingConstants.members#65.0-1789983753036-kotlin.trap.gz (3021 of 4882)
[2026-09-27 14:24:27] Importing SwingContainer.members#65.0-1789983753036-kotlin.trap.gz (3022 of 4882)
[2026-09-27 14:24:27] Importing TransferHandler$DropLocation.members#65.0-1789983753036-kotlin.trap.gz (3023 of 4882)
[2026-09-27 14:24:27] Importing TransferHandler$HasGetTransferHandler.members#65.0-1789983753036-kotlin.trap.gz (3024 of 4882)
[2026-09-27 14:24:27] Importing TransferHandler$PropertyTransferable.members#65.0-1789983753036-kotlin.trap.gz (3025 of 4882)
[2026-09-27 14:24:27] Importing TransferHandler$SwingDropTarget.members#65.0-1789983753036-kotlin.trap.gz (3026 of 4882)
[2026-09-27 14:24:27] Importing TransferHandler$TransferAction.members#65.0-1789983753036-kotlin.trap.gz (3027 of 4882)
[2026-09-27 14:24:27] Importing TransferHandler$TransferSupport.members#65.0-1789983753036-kotlin.trap.gz (3028 of 4882)
[2026-09-27 14:24:27] Importing TransferHandler.members#65.0-1789983753036-kotlin.trap.gz (3029 of 4882)
[2026-09-27 14:24:27] Importing Border.members#65.0-1789983753036-kotlin.trap.gz (3030 of 4882)
[2026-09-27 14:24:27] Importing AncestorEvent.members#65.0-1789983753036-kotlin.trap.gz (3031 of 4882)
[2026-09-27 14:24:27] Importing AncestorListener.members#65.0-1789983753036-kotlin.trap.gz (3032 of 4882)
[2026-09-27 14:24:27] Importing ChangeEvent.members#65.0-1789983753036-kotlin.trap.gz (3033 of 4882)
[2026-09-27 14:24:27] Importing ChangeListener.members#65.0-1789983753036-kotlin.trap.gz (3034 of 4882)
[2026-09-27 14:24:27] Importing EventListenerList.members#65.0-1789983753036-kotlin.trap.gz (3035 of 4882)
[2026-09-27 14:24:27] Importing MenuDragMouseEvent.members#65.0-1789983753036-kotlin.trap.gz (3036 of 4882)
[2026-09-27 14:24:27] Importing MenuDragMouseListener.members#65.0-1789983753036-kotlin.trap.gz (3037 of 4882)
[2026-09-27 14:24:27] Importing MenuEvent.members#65.0-1789983753036-kotlin.trap.gz (3038 of 4882)
[2026-09-27 14:24:27] Importing MenuKeyEvent.members#65.0-1789983753036-kotlin.trap.gz (3039 of 4882)
[2026-09-27 14:24:27] Importing MenuKeyListener.members#65.0-1789983753036-kotlin.trap.gz (3040 of 4882)
[2026-09-27 14:24:27] Importing MenuListener.members#65.0-1789983753036-kotlin.trap.gz (3041 of 4882)
[2026-09-27 14:24:27] Importing PopupMenuEvent.members#65.0-1789983753036-kotlin.trap.gz (3042 of 4882)
[2026-09-27 14:24:27] Importing PopupMenuListener.members#65.0-1789983753036-kotlin.trap.gz (3043 of 4882)
[2026-09-27 14:24:27] Importing ButtonUI.members#65.0-1789983753036-kotlin.trap.gz (3044 of 4882)
[2026-09-27 14:24:27] Importing ComponentUI.members#65.0-1789983753036-kotlin.trap.gz (3045 of 4882)
[2026-09-27 14:24:27] Importing MenuBarUI.members#65.0-1789983753036-kotlin.trap.gz (3046 of 4882)
[2026-09-27 14:24:27] Importing MenuItemUI.members#65.0-1789983753036-kotlin.trap.gz (3047 of 4882)
[2026-09-27 14:24:27] Importing PopupMenuUI.members#65.0-1789983753036-kotlin.trap.gz (3048 of 4882)
[2026-09-27 14:24:27] Importing RootPaneUI.members#65.0-1789983753036-kotlin.trap.gz (3049 of 4882)
[2026-09-27 14:24:27] Importing SeparatorUI.members#65.0-1789983753036-kotlin.trap.gz (3050 of 4882)
[2026-09-27 14:24:27] Importing ToolTipUI.members#65.0-1789983753036-kotlin.trap.gz (3051 of 4882)
[2026-09-27 14:24:27] Importing UIResource.members#65.0-1789983753036-kotlin.trap.gz (3052 of 4882)
[2026-09-27 14:24:27] Importing AttributeSet$CharacterAttribute.members#65.0-1789983753036-kotlin.trap.gz (3053 of 4882)
[2026-09-27 14:24:27] Importing AttributeSet$ColorAttribute.members#65.0-1789983753036-kotlin.trap.gz (3054 of 4882)
[2026-09-27 14:24:27] Importing AttributeSet$FontAttribute.members#65.0-1789983753036-kotlin.trap.gz (3055 of 4882)
[2026-09-27 14:24:27] Importing AttributeSet$ParagraphAttribute.members#65.0-1789983753036-kotlin.trap.gz (3056 of 4882)
[2026-09-27 14:24:27] Importing AttributeSet.members#65.0-1789983753036-kotlin.trap.gz (3057 of 4882)
[2026-09-27 14:24:27] Importing DatatypeConstants$Field.members#65.0-1789983753036-kotlin.trap.gz (3058 of 4882)
[2026-09-27 14:24:27] Importing DatatypeConstants.members#65.0-1789983753036-kotlin.trap.gz (3059 of 4882)
[2026-09-27 14:24:27] Importing DatatypeFactory.members#65.0-1789983753036-kotlin.trap.gz (3060 of 4882)
[2026-09-27 14:24:27] Importing Duration.members#65.0-1789983753036-kotlin.trap.gz (3061 of 4882)
[2026-09-27 14:24:27] Importing XMLGregorianCalendar.members#65.0-1789983753036-kotlin.trap.gz (3062 of 4882)
[2026-09-27 14:24:27] Importing QName.members#65.0-1789983753036-kotlin.trap.gz (3063 of 4882)
[2026-09-27 14:24:27] Importing Result.members#65.0-1789983753036-kotlin.trap.gz (3064 of 4882)
[2026-09-27 14:24:27] Importing Source.members#65.0-1789983753036-kotlin.trap.gz (3065 of 4882)
[2026-09-27 14:24:27] Importing ValueBased.members#65.0-1789983753036-kotlin.trap.gz (3066 of 4882)
[2026-09-27 14:24:27] Importing JavaNioAccess.members#65.0-1789983753036-kotlin.trap.gz (3067 of 4882)
[2026-09-27 14:24:27] Importing UnmapperProxy.members#65.0-1789983753036-kotlin.trap.gz (3068 of 4882)
[2026-09-27 14:24:27] Importing AbstractMemorySegmentImpl$SegmentSplitter.members#65.0-1789983753036-kotlin.trap.gz (3069 of 4882)
[2026-09-27 14:24:27] Importing AbstractMemorySegmentImpl.members#65.0-1789983753036-kotlin.trap.gz (3070 of 4882)
[2026-09-27 14:24:27] Importing MemorySessionImpl$ResourceList$ResourceCleanup.members#65.0-1789983753036-kotlin.trap.gz (3071 of 4882)
[2026-09-27 14:24:27] Importing MemorySessionImpl$ResourceList.members#65.0-1789983753036-kotlin.trap.gz (3072 of 4882)
[2026-09-27 14:24:27] Importing MemorySessionImpl.members#65.0-1789983753036-kotlin.trap.gz (3073 of 4882)
[2026-09-27 14:24:27] Importing PreviewFeature$Feature.members#65.0-1789983753036-kotlin.trap.gz (3074 of 4882)
[2026-09-27 14:24:27] Importing PreviewFeature$JEP.members#65.0-1789983753036-kotlin.trap.gz (3075 of 4882)
[2026-09-27 14:24:27] Importing PreviewFeature.members#65.0-1789983753036-kotlin.trap.gz (3076 of 4882)
[2026-09-27 14:24:27] Importing NativeLibrary.members#65.0-1789983753036-kotlin.trap.gz (3077 of 4882)
[2026-09-27 14:24:27] Importing ScopedMemoryAccess$Scoped.members#65.0-1789983753036-kotlin.trap.gz (3078 of 4882)
[2026-09-27 14:24:27] Importing ScopedMemoryAccess$ScopedAccessError.members#65.0-1789983753036-kotlin.trap.gz (3079 of 4882)
[2026-09-27 14:24:27] Importing ScopedMemoryAccess.members#65.0-1789983753036-kotlin.trap.gz (3080 of 4882)
[2026-09-27 14:24:27] Importing Unsafe.members#65.0-1789983753036-kotlin.trap.gz (3081 of 4882)
[2026-09-27 14:24:27] Importing VM$BufferPool.members#65.0-1789983753036-kotlin.trap.gz (3082 of 4882)
[2026-09-27 14:24:27] Importing VM.members#65.0-1789983753036-kotlin.trap.gz (3083 of 4882)
[2026-09-27 14:24:27] Importing ServicesCatalog$ServiceProvider.members#65.0-1789983753036-kotlin.trap.gz (3084 of 4882)
[2026-09-27 14:24:27] Importing ServicesCatalog.members#65.0-1789983753036-kotlin.trap.gz (3085 of 4882)
[2026-09-27 14:24:27] Importing CleanerImpl$CleanerCleanable.members#65.0-1789983753036-kotlin.trap.gz (3086 of 4882)
[2026-09-27 14:24:27] Importing CleanerImpl$InnocuousThreadFactory.members#65.0-1789983753036-kotlin.trap.gz (3087 of 4882)
[2026-09-27 14:24:27] Importing CleanerImpl$PhantomCleanableRef.members#65.0-1789983753036-kotlin.trap.gz (3088 of 4882)
[2026-09-27 14:24:27] Importing CleanerImpl.members#65.0-1789983753036-kotlin.trap.gz (3089 of 4882)
[2026-09-27 14:24:27] Importing PhantomCleanable.members#65.0-1789983753036-kotlin.trap.gz (3090 of 4882)
[2026-09-27 14:24:27] Importing CallerSensitive.members#65.0-1789983753036-kotlin.trap.gz (3091 of 4882)
[2026-09-27 14:24:27] Importing ConstantPool$Tag.members#65.0-1789983753036-kotlin.trap.gz (3092 of 4882)
[2026-09-27 14:24:27] Importing ConstantPool.members#65.0-1789983753036-kotlin.trap.gz (3093 of 4882)
[2026-09-27 14:24:27] Importing ConstructorAccessor.members#65.0-1789983753036-kotlin.trap.gz (3094 of 4882)
[2026-09-27 14:24:27] Importing FieldAccessor.members#65.0-1789983753036-kotlin.trap.gz (3095 of 4882)
[2026-09-27 14:24:27] Importing MagicAccessorImpl.members#65.0-1789983753036-kotlin.trap.gz (3096 of 4882)
[2026-09-27 14:24:27] Importing MethodAccessor.members#65.0-1789983753036-kotlin.trap.gz (3097 of 4882)
[2026-09-27 14:24:27] Importing MethodAccessorImpl.members#65.0-1789983753036-kotlin.trap.gz (3098 of 4882)
[2026-09-27 14:24:27] Importing ReflectionFactory$GetReflectionFactoryAction.members#65.0-1789983753036-kotlin.trap.gz (3099 of 4882)
[2026-09-27 14:24:27] Importing ReflectionFactory.members#65.0-1789983753036-kotlin.trap.gz (3100 of 4882)
[2026-09-27 14:24:27] Importing ClassFileDumper.members#65.0-1789983753036-kotlin.trap.gz (3101 of 4882)
[2026-09-27 14:24:27] Importing ReferenceKey.members#65.0-1789983753036-kotlin.trap.gz (3102 of 4882)
[2026-09-27 14:24:27] Importing ReferencedKeyMap.members#65.0-1789983753036-kotlin.trap.gz (3103 of 4882)
[2026-09-27 14:24:27] Importing ReferencedKeySet.members#65.0-1789983753036-kotlin.trap.gz (3104 of 4882)
[2026-09-27 14:24:27] Importing RandomSupport$AbstractArbitrarilyJumpableGenerator$RandomArbitraryJumpsSpliterator.members#65.0-1789983753036-kotlin.trap.gz (3105 of 4882)
[2026-09-27 14:24:27] Importing RandomSupport$AbstractArbitrarilyJumpableGenerator$RandomDoublesSpliterator.members#65.0-1789983753036-kotlin.trap.gz (3106 of 4882)
[2026-09-27 14:24:27] Importing RandomSupport$AbstractArbitrarilyJumpableGenerator$RandomIntsSpliterator.members#65.0-1789983753036-kotlin.trap.gz (3107 of 4882)
[2026-09-27 14:24:27] Importing RandomSupport$AbstractArbitrarilyJumpableGenerator$RandomJumpsSpliterator.members#65.0-1789983753036-kotlin.trap.gz (3108 of 4882)
[2026-09-27 14:24:27] Importing RandomSupport$AbstractArbitrarilyJumpableGenerator$RandomLeapsSpliterator.members#65.0-1789983753036-kotlin.trap.gz (3109 of 4882)
[2026-09-27 14:24:27] Importing RandomSupport$AbstractArbitrarilyJumpableGenerator$RandomLongsSpliterator.members#65.0-1789983753036-kotlin.trap.gz (3110 of 4882)
[2026-09-27 14:24:27] Importing RandomSupport$AbstractArbitrarilyJumpableGenerator.members#65.0-1789983753036-kotlin.trap.gz (3111 of 4882)
[2026-09-27 14:24:27] Importing RandomSupport$AbstractSpliteratorGenerator.members#65.0-1789983753036-kotlin.trap.gz (3112 of 4882)
[2026-09-27 14:24:27] Importing RandomSupport$AbstractSplittableGenerator$RandomDoublesSpliterator.members#65.0-1789983753036-kotlin.trap.gz (3113 of 4882)
[2026-09-27 14:24:27] Importing RandomSupport$AbstractSplittableGenerator$RandomIntsSpliterator.members#65.0-1789983753036-kotlin.trap.gz (3114 of 4882)
[2026-09-27 14:24:27] Importing RandomSupport$AbstractSplittableGenerator$RandomLongsSpliterator.members#65.0-1789983753036-kotlin.trap.gz (3115 of 4882)
[2026-09-27 14:24:27] Importing RandomSupport$AbstractSplittableGenerator$RandomSplitsSpliterator.members#65.0-1789983753036-kotlin.trap.gz (3116 of 4882)
[2026-09-27 14:24:27] Importing RandomSupport$AbstractSplittableGenerator.members#65.0-1789983753036-kotlin.trap.gz (3117 of 4882)
[2026-09-27 14:24:27] Importing RandomSupport$AbstractSplittableWithBrineGenerator$RandomSplitsSpliteratorWithSalt.members#65.0-1789983753036-kotlin.trap.gz (3118 of 4882)
[2026-09-27 14:24:27] Importing RandomSupport$AbstractSplittableWithBrineGenerator.members#65.0-1789983753036-kotlin.trap.gz (3119 of 4882)
[2026-09-27 14:24:27] Importing RandomSupport$DoubleZigguratTables.members#65.0-1789983753036-kotlin.trap.gz (3120 of 4882)
[2026-09-27 14:24:27] Importing RandomSupport$RandomDoublesSpliterator.members#65.0-1789983753036-kotlin.trap.gz (3121 of 4882)
[2026-09-27 14:24:27] Importing RandomSupport$RandomGeneratorProperties.members#65.0-1789983753036-kotlin.trap.gz (3122 of 4882)
[2026-09-27 14:24:27] Importing RandomSupport$RandomIntsSpliterator.members#65.0-1789983753036-kotlin.trap.gz (3123 of 4882)
[2026-09-27 14:24:27] Importing RandomSupport$RandomLongsSpliterator.members#65.0-1789983753036-kotlin.trap.gz (3124 of 4882)
[2026-09-27 14:24:27] Importing RandomSupport$RandomSpliterator.members#65.0-1789983753036-kotlin.trap.gz (3125 of 4882)
[2026-09-27 14:24:27] Importing RandomSupport.members#65.0-1789983753036-kotlin.trap.gz (3126 of 4882)
[2026-09-27 14:24:27] Importing Continuation$Pinned.members#65.0-1789983753036-kotlin.trap.gz (3127 of 4882)
[2026-09-27 14:24:27] Importing Continuation$PreemptStatus.members#65.0-1789983753036-kotlin.trap.gz (3128 of 4882)
[2026-09-27 14:24:27] Importing Continuation.members#65.0-1789983753036-kotlin.trap.gz (3129 of 4882)
[2026-09-27 14:24:27] Importing ContinuationScope.members#65.0-1789983753036-kotlin.trap.gz (3130 of 4882)
[2026-09-27 14:24:27] Importing ScopedValueContainer$BindingsSnapshot.members#65.0-1789983753036-kotlin.trap.gz (3131 of 4882)
[2026-09-27 14:24:27] Importing ScopedValueContainer.members#65.0-1789983753036-kotlin.trap.gz (3132 of 4882)
[2026-09-27 14:24:27] Importing SharedThreadContainer.members#65.0-1789983753036-kotlin.trap.gz (3133 of 4882)
[2026-09-27 14:24:27] Importing StackableScope.members#65.0-1789983753036-kotlin.trap.gz (3134 of 4882)
[2026-09-27 14:24:27] Importing ThreadContainer.members#65.0-1789983753036-kotlin.trap.gz (3135 of 4882)
[2026-09-27 14:24:27] Importing Contended.members#65.0-1789983753036-kotlin.trap.gz (3136 of 4882)
[2026-09-27 14:24:27] Importing DontInline.members#65.0-1789983753036-kotlin.trap.gz (3137 of 4882)
[2026-09-27 14:24:27] Importing ForceInline.members#65.0-1789983753036-kotlin.trap.gz (3138 of 4882)
[2026-09-27 14:24:27] Importing Hidden.members#65.0-1789983753036-kotlin.trap.gz (3139 of 4882)
[2026-09-27 14:24:27] Importing IntrinsicCandidate.members#65.0-1789983753036-kotlin.trap.gz (3140 of 4882)
[2026-09-27 14:24:27] Importing ReservedStackAccess.members#65.0-1789983753036-kotlin.trap.gz (3141 of 4882)
[2026-09-27 14:24:27] Importing Stable.members#65.0-1789983753036-kotlin.trap.gz (3142 of 4882)
[2026-09-27 14:24:27] Importing VectorSupport$BinaryOperation.members#65.0-1789983753036-kotlin.trap.gz (3143 of 4882)
[2026-09-27 14:24:27] Importing VectorSupport$CompressExpandOperation.members#65.0-1789983753036-kotlin.trap.gz (3144 of 4882)
[2026-09-27 14:24:27] Importing VectorSupport$FromBitsCoercedOperation.members#65.0-1789983753036-kotlin.trap.gz (3145 of 4882)
[2026-09-27 14:24:27] Importing VectorSupport$IndexOperation.members#65.0-1789983753036-kotlin.trap.gz (3146 of 4882)
[2026-09-27 14:24:27] Importing VectorSupport$IndexPartiallyInUpperRangeOperation.members#65.0-1789983753036-kotlin.trap.gz (3147 of 4882)
[2026-09-27 14:24:27] Importing VectorSupport$LoadOperation.members#65.0-1789983753036-kotlin.trap.gz (3148 of 4882)
[2026-09-27 14:24:27] Importing VectorSupport$LoadVectorMaskedOperation.members#65.0-1789983753036-kotlin.trap.gz (3149 of 4882)
[2026-09-27 14:24:27] Importing VectorSupport$LoadVectorOperationWithMap.members#65.0-1789983753036-kotlin.trap.gz (3150 of 4882)
[2026-09-27 14:24:27] Importing VectorSupport$ReductionOperation.members#65.0-1789983753036-kotlin.trap.gz (3151 of 4882)
[2026-09-27 14:24:27] Importing VectorSupport$ShuffleIotaOperation.members#65.0-1789983753036-kotlin.trap.gz (3152 of 4882)
[2026-09-27 14:24:27] Importing VectorSupport$ShuffleToVectorOperation.members#65.0-1789983753036-kotlin.trap.gz (3153 of 4882)
[2026-09-27 14:24:27] Importing VectorSupport$StoreVectorMaskedOperation.members#65.0-1789983753036-kotlin.trap.gz (3154 of 4882)
[2026-09-27 14:24:27] Importing VectorSupport$StoreVectorOperation.members#65.0-1789983753036-kotlin.trap.gz (3155 of 4882)
[2026-09-27 14:24:27] Importing VectorSupport$StoreVectorOperationWithMap.members#65.0-1789983753036-kotlin.trap.gz (3156 of 4882)
[2026-09-27 14:24:27] Importing VectorSupport$TernaryOperation.members#65.0-1789983753036-kotlin.trap.gz (3157 of 4882)
[2026-09-27 14:24:27] Importing VectorSupport$UnaryOperation.members#65.0-1789983753036-kotlin.trap.gz (3158 of 4882)
[2026-09-27 14:24:27] Importing VectorSupport$VecExtractOp.members#65.0-1789983753036-kotlin.trap.gz (3159 of 4882)
[2026-09-27 14:24:27] Importing VectorSupport$VecInsertOp.members#65.0-1789983753036-kotlin.trap.gz (3160 of 4882)
[2026-09-27 14:24:27] Importing VectorSupport$Vector.members#65.0-1789983753036-kotlin.trap.gz (3161 of 4882)
[2026-09-27 14:24:27] Importing VectorSupport$VectorBlendOp.members#65.0-1789983753036-kotlin.trap.gz (3162 of 4882)
[2026-09-27 14:24:27] Importing VectorSupport$VectorBroadcastIntOp.members#65.0-1789983753036-kotlin.trap.gz (3163 of 4882)
[2026-09-27 14:24:27] Importing VectorSupport$VectorCompareOp.members#65.0-1789983753036-kotlin.trap.gz (3164 of 4882)
[2026-09-27 14:24:27] Importing VectorSupport$VectorConvertOp.members#65.0-1789983753036-kotlin.trap.gz (3165 of 4882)
[2026-09-27 14:24:27] Importing VectorSupport$VectorMask.members#65.0-1789983753036-kotlin.trap.gz (3166 of 4882)
[2026-09-27 14:24:27] Importing VectorSupport$VectorMaskOp.members#65.0-1789983753036-kotlin.trap.gz (3167 of 4882)
[2026-09-27 14:24:27] Importing VectorSupport$VectorPayload.members#65.0-1789983753036-kotlin.trap.gz (3168 of 4882)
[2026-09-27 14:24:27] Importing VectorSupport$VectorRearrangeOp.members#65.0-1789983753036-kotlin.trap.gz (3169 of 4882)
[2026-09-27 14:24:27] Importing VectorSupport$VectorShuffle.members#65.0-1789983753036-kotlin.trap.gz (3170 of 4882)
[2026-09-27 14:24:27] Importing VectorSupport$VectorSpecies.members#65.0-1789983753036-kotlin.trap.gz (3171 of 4882)
[2026-09-27 14:24:27] Importing VectorSupport.members#65.0-1789983753036-kotlin.trap.gz (3172 of 4882)
[2026-09-27 14:24:27] Importing Annotation.members#-1.0-0-null.trap.gz (3173 of 4882)
[2026-09-27 14:24:27] Importing Any.members#-1.0-0-null.trap.gz (3174 of 4882)
[2026-09-27 14:24:27] Importing Array.members#-1.0-0-null.trap.gz (3175 of 4882)
[2026-09-27 14:24:27] Importing Boolean$Companion.members#-1.0-0-null.trap.gz (3176 of 4882)
[2026-09-27 14:24:27] Importing Boolean.members#-1.0-0-null.trap.gz (3177 of 4882)
[2026-09-27 14:24:27] Importing BuilderInference.members#52.0-318186000000-kotlin.trap.gz (3178 of 4882)
[2026-09-27 14:24:27] Importing Byte$Companion.members#-1.0-0-null.trap.gz (3179 of 4882)
[2026-09-27 14:24:27] Importing Byte.members#-1.0-0-null.trap.gz (3180 of 4882)
[2026-09-27 14:24:27] Importing ByteArray.members#-1.0-0-null.trap.gz (3181 of 4882)
[2026-09-27 14:24:27] Importing Char$Companion.members#-1.0-0-null.trap.gz (3182 of 4882)
[2026-09-27 14:24:27] Importing Char.members#-1.0-0-null.trap.gz (3183 of 4882)
[2026-09-27 14:24:27] Importing CharSequence.members#-1.0-0-null.trap.gz (3184 of 4882)
[2026-09-27 14:24:27] Importing Cloneable.members#-1.0-0-null.trap.gz (3185 of 4882)
[2026-09-27 14:24:27] Importing Comparable.members#-1.0-0-null.trap.gz (3186 of 4882)
[2026-09-27 14:24:27] Importing Deprecated.members#52.0-318186000000-kotlin.trap.gz (3187 of 4882)
[2026-09-27 14:24:27] Importing DeprecatedSinceKotlin.members#52.0-318186000000-kotlin.trap.gz (3188 of 4882)
[2026-09-27 14:24:27] Importing DeprecationLevel.members#52.0-318186000000-kotlin.trap.gz (3189 of 4882)
[2026-09-27 14:24:27] Importing Double$Companion.members#-1.0-0-null.trap.gz (3190 of 4882)
[2026-09-27 14:24:27] Importing Double.members#-1.0-0-null.trap.gz (3191 of 4882)
[2026-09-27 14:24:27] Importing DoubleArray.members#-1.0-0-null.trap.gz (3192 of 4882)
[2026-09-27 14:24:27] Importing Enum$Companion.members#-1.0-0-null.trap.gz (3193 of 4882)
[2026-09-27 14:24:27] Importing Enum.members#-1.0-0-null.trap.gz (3194 of 4882)
[2026-09-27 14:24:27] Importing ExperimentalContextParameters.members#52.0-318186000000-kotlin.trap.gz (3195 of 4882)
[2026-09-27 14:24:27] Importing ExperimentalStdlibApi.members#52.0-318186000000-kotlin.trap.gz (3196 of 4882)
[2026-09-27 14:24:27] Importing Float$Companion.members#-1.0-0-null.trap.gz (3197 of 4882)
[2026-09-27 14:24:27] Importing Float.members#-1.0-0-null.trap.gz (3198 of 4882)
[2026-09-27 14:24:27] Importing Function.members#52.0-318186000000-kotlin.trap.gz (3199 of 4882)
[2026-09-27 14:24:27] Importing Function0.members#-1.0-0-null.trap.gz (3200 of 4882)
[2026-09-27 14:24:27] Importing Function1.members#-1.0-0-null.trap.gz (3201 of 4882)
[2026-09-27 14:24:27] Importing Function2.members#-1.0-0-null.trap.gz (3202 of 4882)
[2026-09-27 14:24:27] Importing Int$Companion.members#-1.0-0-null.trap.gz (3203 of 4882)
[2026-09-27 14:24:27] Importing Int.members#-1.0-0-null.trap.gz (3204 of 4882)
[2026-09-27 14:24:27] Importing IntArray.members#-1.0-0-null.trap.gz (3205 of 4882)
[2026-09-27 14:24:27] Importing Lazy.members#52.0-318186000000-kotlin.trap.gz (3206 of 4882)
[2026-09-27 14:24:27] Importing Long$Companion.members#-1.0-0-null.trap.gz (3207 of 4882)
[2026-09-27 14:24:27] Importing Long.members#-1.0-0-null.trap.gz (3208 of 4882)
[2026-09-27 14:24:27] Importing NoWhenBranchMatchedException.members#52.0-318186000000-kotlin.trap.gz (3209 of 4882)
[2026-09-27 14:24:27] Importing Nothing.members#-1.0-0-null.trap.gz (3210 of 4882)
[2026-09-27 14:24:27] Importing Number.members#-1.0-0-null.trap.gz (3211 of 4882)
[2026-09-27 14:24:27] Importing OverloadResolutionByLambdaReturnType.members#52.0-318186000000-kotlin.trap.gz (3212 of 4882)
[2026-09-27 14:24:27] Importing Pair.members#52.0-318186000000-kotlin.trap.gz (3213 of 4882)
[2026-09-27 14:24:27] Importing PublishedApi.members#52.0-318186000000-kotlin.trap.gz (3214 of 4882)
[2026-09-27 14:24:27] Importing ReplaceWith.members#52.0-318186000000-kotlin.trap.gz (3215 of 4882)
[2026-09-27 14:24:27] Importing RequiresOptIn$Level.members#52.0-318186000000-kotlin.trap.gz (3216 of 4882)
[2026-09-27 14:24:27] Importing RequiresOptIn.members#52.0-318186000000-kotlin.trap.gz (3217 of 4882)
[2026-09-27 14:24:27] Importing Result$Companion.members#52.0-318186000000-kotlin.trap.gz (3218 of 4882)
[2026-09-27 14:24:27] Importing Result$Failure.members#52.0-318186000000-kotlin.trap.gz (3219 of 4882)
[2026-09-27 14:24:27] Importing Result.members#52.0-318186000000-kotlin.trap.gz (3220 of 4882)
[2026-09-27 14:24:27] Importing Short$Companion.members#-1.0-0-null.trap.gz (3221 of 4882)
[2026-09-27 14:24:27] Importing Short.members#-1.0-0-null.trap.gz (3222 of 4882)
[2026-09-27 14:24:27] Importing SinceKotlin.members#52.0-318186000000-kotlin.trap.gz (3223 of 4882)
[2026-09-27 14:24:27] Importing String$Companion.members#-1.0-0-null.trap.gz (3224 of 4882)
[2026-09-27 14:24:27] Importing String.members#-1.0-0-null.trap.gz (3225 of 4882)
[2026-09-27 14:24:27] Importing Throwable.members#-1.0-0-null.trap.gz (3226 of 4882)
[2026-09-27 14:24:27] Importing Triple.members#52.0-318186000000-kotlin.trap.gz (3227 of 4882)
[2026-09-27 14:24:27] Importing Unit.members#52.0-318186000000-kotlin.trap.gz (3228 of 4882)
[2026-09-27 14:24:27] Importing WasExperimental.members#52.0-318186000000-kotlin.trap.gz (3229 of 4882)
[2026-09-27 14:24:27] Importing also(java.lang.Object,kotlin.jvm.functions.Function1).members#-1.0-0-null.trap.gz (3230 of 4882)
[2026-09-27 14:24:27] Importing AnnotationRetention.members#52.0-318186000000-kotlin.trap.gz (3231 of 4882)
[2026-09-27 14:24:27] Importing AnnotationTarget.members#52.0-318186000000-kotlin.trap.gz (3232 of 4882)
[2026-09-27 14:24:27] Importing MustBeDocumented.members#52.0-318186000000-kotlin.trap.gz (3233 of 4882)
[2026-09-27 14:24:27] Importing Retention.members#52.0-318186000000-kotlin.trap.gz (3234 of 4882)
[2026-09-27 14:24:27] Importing Target.members#52.0-318186000000-kotlin.trap.gz (3235 of 4882)
[2026-09-27 14:24:27] Importing apply(java.lang.Object,kotlin.jvm.functions.Function1).members#-1.0-0-null.trap.gz (3236 of 4882)
[2026-09-27 14:24:27] Importing check(boolean,kotlin.jvm.functions.Function0).members#-1.0-0-null.trap.gz (3237 of 4882)
[2026-09-27 14:24:27] Importing ByteIterator.members#52.0-318186000000-kotlin.trap.gz (3238 of 4882)
[2026-09-27 14:24:27] Importing CharIterator.members#52.0-318186000000-kotlin.trap.gz (3239 of 4882)
[2026-09-27 14:24:27] Importing Collection.members#-1.0-0-null.trap.gz (3240 of 4882)
[2026-09-27 14:24:27] Importing DoubleIterator.members#52.0-318186000000-kotlin.trap.gz (3241 of 4882)
[2026-09-27 14:24:27] Importing IndexedValue.members#52.0-318186000000-kotlin.trap.gz (3242 of 4882)
[2026-09-27 14:24:27] Importing IntIterator.members#52.0-318186000000-kotlin.trap.gz (3243 of 4882)
[2026-09-27 14:24:27] Importing Iterable.members#-1.0-0-null.trap.gz (3244 of 4882)
[2026-09-27 14:24:27] Importing Iterator.members#-1.0-0-null.trap.gz (3245 of 4882)
[2026-09-27 14:24:27] Importing List(int,kotlin.jvm.functions.Function1).members#-1.0-0-null.trap.gz (3246 of 4882)
[2026-09-27 14:24:27] Importing List.members#-1.0-0-null.trap.gz (3247 of 4882)
[2026-09-27 14:24:27] Importing ListIterator.members#-1.0-0-null.trap.gz (3248 of 4882)
[2026-09-27 14:24:27] Importing LongIterator.members#52.0-318186000000-kotlin.trap.gz (3249 of 4882)
[2026-09-27 14:24:27] Importing Map$Entry.members#-1.0-0-null.trap.gz (3250 of 4882)
[2026-09-27 14:24:27] Importing Map.members#-1.0-0-null.trap.gz (3251 of 4882)
[2026-09-27 14:24:27] Importing MutableCollection.members#-1.0-0-null.trap.gz (3252 of 4882)
[2026-09-27 14:24:27] Importing MutableIterable.members#-1.0-0-null.trap.gz (3253 of 4882)
[2026-09-27 14:24:27] Importing MutableIterator.members#-1.0-0-null.trap.gz (3254 of 4882)
[2026-09-27 14:24:27] Importing MutableList.members#-1.0-0-null.trap.gz (3255 of 4882)
[2026-09-27 14:24:27] Importing MutableListIterator.members#-1.0-0-null.trap.gz (3256 of 4882)
[2026-09-27 14:24:27] Importing MutableMap$MutableEntry.members#-1.0-0-null.trap.gz (3257 of 4882)
[2026-09-27 14:24:27] Importing MutableMap.members#-1.0-0-null.trap.gz (3258 of 4882)
[2026-09-27 14:24:27] Importing MutableSet.members#-1.0-0-null.trap.gz (3259 of 4882)
[2026-09-27 14:24:27] Importing Set.members#-1.0-0-null.trap.gz (3260 of 4882)
[2026-09-27 14:24:27] Importing all(java.lang.Iterable,kotlin.jvm.functions.Function1).members#-1.0-0-null.trap.gz (3261 of 4882)
[2026-09-27 14:24:27] Importing all(java.lang.Object[],kotlin.jvm.functions.Function1).members#-1.0-0-null.trap.gz (3262 of 4882)
[2026-09-27 14:24:27] Importing any(java.lang.Iterable,kotlin.jvm.functions.Function1).members#-1.0-0-null.trap.gz (3263 of 4882)
[2026-09-27 14:24:27] Importing associate(java.lang.Iterable,kotlin.jvm.functions.Function1).members#-1.0-0-null.trap.gz (3264 of 4882)
[2026-09-27 14:24:27] Importing associateBy(java.lang.Iterable,kotlin.jvm.functions.Function1).members#-1.0-0-null.trap.gz (3265 of 4882)
[2026-09-27 14:24:27] Importing associateWith(java.lang.Iterable,kotlin.jvm.functions.Function1).members#-1.0-0-null.trap.gz (3266 of 4882)
[2026-09-27 14:24:27] Importing averageOfDouble(java.lang.Iterable).members#-1.0-0-null.trap.gz (3267 of 4882)
[2026-09-27 14:24:27] Importing buildList(kotlin.jvm.functions.Function1).members#-1.0-0-null.trap.gz (3268 of 4882)
[2026-09-27 14:24:27] Importing buildMap(kotlin.jvm.functions.Function1).members#-1.0-0-null.trap.gz (3269 of 4882)
[2026-09-27 14:24:27] Importing chunked(java.lang.Iterable,int).members#-1.0-0-null.trap.gz (3270 of 4882)
[2026-09-27 14:24:27] Importing component1(java.util.List).members#-1.0-0-null.trap.gz (3271 of 4882)
[2026-09-27 14:24:27] Importing component1(java.util.Map.Entry).members#-1.0-0-null.trap.gz (3272 of 4882)
[2026-09-27 14:24:27] Importing component2(java.util.List).members#-1.0-0-null.trap.gz (3273 of 4882)
[2026-09-27 14:24:27] Importing component2(java.util.Map.Entry).members#-1.0-0-null.trap.gz (3274 of 4882)
[2026-09-27 14:24:27] Importing component3(java.util.List).members#-1.0-0-null.trap.gz (3275 of 4882)
[2026-09-27 14:24:27] Importing contains(java.lang.Iterable,java.lang.Object).members#-1.0-0-null.trap.gz (3276 of 4882)
[2026-09-27 14:24:27] Importing contains(java.util.Map,java.lang.Object).members#-1.0-0-null.trap.gz (3277 of 4882)
[2026-09-27 14:24:27] Importing contentEquals(byte[],byte[]).members#-1.0-0-null.trap.gz (3278 of 4882)
[2026-09-27 14:24:27] Importing copyOf(double[]).members#-1.0-0-null.trap.gz (3279 of 4882)
[2026-09-27 14:24:27] Importing count(int[],kotlin.jvm.functions.Function1).members#-1.0-0-null.trap.gz (3280 of 4882)
[2026-09-27 14:24:27] Importing count(java.lang.Iterable,kotlin.jvm.functions.Function1).members#-1.0-0-null.trap.gz (3281 of 4882)
[2026-09-27 14:24:27] Importing count(java.util.Map,kotlin.jvm.functions.Function1).members#-1.0-0-null.trap.gz (3282 of 4882)
[2026-09-27 14:24:27] Importing distinct(java.lang.Iterable).members#-1.0-0-null.trap.gz (3283 of 4882)
[2026-09-27 14:24:27] Importing distinctBy(java.lang.Iterable,kotlin.jvm.functions.Function1).members#-1.0-0-null.trap.gz (3284 of 4882)
[2026-09-27 14:24:27] Importing drop(java.lang.Iterable,int).members#-1.0-0-null.trap.gz (3285 of 4882)
[2026-09-27 14:24:27] Importing emptyList().members#-1.0-0-null.trap.gz (3286 of 4882)
[2026-09-27 14:24:27] Importing emptyMap().members#-1.0-0-null.trap.gz (3287 of 4882)
[2026-09-27 14:24:27] Importing emptySet().members#-1.0-0-null.trap.gz (3288 of 4882)
[2026-09-27 14:24:27] Importing filter(java.lang.Iterable,kotlin.jvm.functions.Function1).members#-1.0-0-null.trap.gz (3289 of 4882)
[2026-09-27 14:24:27] Importing filterIndexed(java.lang.Iterable,kotlin.jvm.functions.Function2).members#-1.0-0-null.trap.gz (3290 of 4882)
[2026-09-27 14:24:27] Importing filterKeys(java.util.Map,kotlin.jvm.functions.Function1).members#-1.0-0-null.trap.gz (3291 of 4882)
[2026-09-27 14:24:27] Importing filterNotNull(java.lang.Iterable).members#-1.0-0-null.trap.gz (3292 of 4882)
[2026-09-27 14:24:27] Importing filterValues(java.util.Map,kotlin.jvm.functions.Function1).members#-1.0-0-null.trap.gz (3293 of 4882)
[2026-09-27 14:24:27] Importing find(java.lang.Iterable,kotlin.jvm.functions.Function1).members#-1.0-0-null.trap.gz (3294 of 4882)
[2026-09-27 14:24:27] Importing first(java.lang.Iterable,kotlin.jvm.functions.Function1).members#-1.0-0-null.trap.gz (3295 of 4882)
[2026-09-27 14:24:27] Importing first(java.util.List).members#-1.0-0-null.trap.gz (3296 of 4882)
[2026-09-27 14:24:27] Importing firstOrNull(java.lang.Iterable,kotlin.jvm.functions.Function1).members#-1.0-0-null.trap.gz (3297 of 4882)
[2026-09-27 14:24:27] Importing firstOrNull(java.util.List).members#-1.0-0-null.trap.gz (3298 of 4882)
[2026-09-27 14:24:27] Importing flatMap(java.lang.Iterable,kotlin.jvm.functions.Function1).members#-1.0-0-null.trap.gz (3299 of 4882)
[2026-09-27 14:24:27] Importing flatMap(java.lang.Object[],kotlin.jvm.functions.Function1).members#-1.0-0-null.trap.gz (3300 of 4882)
[2026-09-27 14:24:27] Importing flatten(java.lang.Iterable).members#-1.0-0-null.trap.gz (3301 of 4882)
[2026-09-27 14:24:27] Importing fold(double[],java.lang.Object,kotlin.jvm.functions.Function2).members#-1.0-0-null.trap.gz (3302 of 4882)
[2026-09-27 14:24:27] Importing fold(java.lang.Iterable,java.lang.Object,kotlin.jvm.functions.Function2).members#-1.0-0-null.trap.gz (3303 of 4882)
[2026-09-27 14:24:27] Importing forEach(java.lang.Iterable,kotlin.jvm.functions.Function1).members#-1.0-0-null.trap.gz (3304 of 4882)
[2026-09-27 14:24:27] Importing forEach(java.util.Map,kotlin.jvm.functions.Function1).members#-1.0-0-null.trap.gz (3305 of 4882)
[2026-09-27 14:24:27] Importing forEachIndexed(java.lang.Iterable,kotlin.jvm.functions.Function2).members#-1.0-0-null.trap.gz (3306 of 4882)
[2026-09-27 14:24:27] Importing getOrPut(java.util.Map,java.lang.Object,kotlin.jvm.functions.Function0).members#-1.0-0-null.trap.gz (3307 of 4882)
[2026-09-27 14:24:27] Importing getValue(java.util.Map,java.lang.Object).members#-1.0-0-null.trap.gz (3308 of 4882)
[2026-09-27 14:24:27] Importing groupBy(java.lang.Iterable,kotlin.jvm.functions.Function1).members#-1.0-0-null.trap.gz (3309 of 4882)
[2026-09-27 14:24:27] Importing groupBy(java.lang.Iterable,kotlin.jvm.functions.Function1,kotlin.jvm.functions.Function1).members#-1.0-0-null.trap.gz (3310 of 4882)
[2026-09-27 14:24:27] Importing hashSetOf().members#-1.0-0-null.trap.gz (3311 of 4882)
[2026-09-27 14:24:27] Importing indicesdouble[];property.members#-1.0-0-null.trap.gz (3312 of 4882)
[2026-09-27 14:24:27] Importing indicesjava.lang.Object[];property.members#-1.0-0-null.trap.gz (3313 of 4882)
[2026-09-27 14:24:27] Importing indicesjava.util.Collection;property.members#-1.0-0-null.trap.gz (3314 of 4882)
[2026-09-27 14:24:27] Importing isNotEmpty(double[]).members#-1.0-0-null.trap.gz (3315 of 4882)
[2026-09-27 14:24:27] Importing isNotEmpty(java.util.Collection).members#-1.0-0-null.trap.gz (3316 of 4882)
[2026-09-27 14:24:27] Importing isNotEmpty(java.util.Map).members#-1.0-0-null.trap.gz (3317 of 4882)
[2026-09-27 14:24:27] Importing isNullOrEmpty(java.util.Collection).members#-1.0-0-null.trap.gz (3318 of 4882)
[2026-09-27 14:24:27] Importing joinToString(byte[],java.lang.CharSequence,java.lang.CharSequence,java.lang.CharSequence,int,java.lang.C#1508c133.members#-1.0-0-null.trap.gz (3319 of 4882)
[2026-09-27 14:24:27] Importing joinToString(java.lang.Iterable,java.lang.CharSequence,java.lang.CharSequence,java.lang.CharSequence,int#037a03af.members#-1.0-0-null.trap.gz (3320 of 4882)
[2026-09-27 14:24:27] Importing last(java.util.List).members#-1.0-0-null.trap.gz (3321 of 4882)
[2026-09-27 14:24:27] Importing lastIndexint[];property.members#-1.0-0-null.trap.gz (3322 of 4882)
[2026-09-27 14:24:27] Importing lastIndexjava.util.List;property.members#-1.0-0-null.trap.gz (3323 of 4882)
[2026-09-27 14:24:27] Importing linkedMapOf().members#-1.0-0-null.trap.gz (3324 of 4882)
[2026-09-27 14:24:27] Importing linkedSetOf().members#-1.0-0-null.trap.gz (3325 of 4882)
[2026-09-27 14:24:27] Importing listOf(java.lang.Object).members#-1.0-0-null.trap.gz (3326 of 4882)
[2026-09-27 14:24:27] Importing listOf(java.lang.Object[]).members#-1.0-0-null.trap.gz (3327 of 4882)
[2026-09-27 14:24:27] Importing map(java.lang.Iterable,kotlin.jvm.functions.Function1).members#-1.0-0-null.trap.gz (3328 of 4882)
[2026-09-27 14:24:27] Importing map(java.lang.Object[],kotlin.jvm.functions.Function1).members#-1.0-0-null.trap.gz (3329 of 4882)
[2026-09-27 14:24:27] Importing map(java.util.Map,kotlin.jvm.functions.Function1).members#-1.0-0-null.trap.gz (3330 of 4882)
[2026-09-27 14:24:27] Importing mapIndexed(java.lang.Iterable,kotlin.jvm.functions.Function2).members#-1.0-0-null.trap.gz (3331 of 4882)
[2026-09-27 14:24:27] Importing mapIndexedNotNull(java.lang.Iterable,kotlin.jvm.functions.Function2).members#-1.0-0-null.trap.gz (3332 of 4882)
[2026-09-27 14:24:27] Importing mapKeys(java.util.Map,kotlin.jvm.functions.Function1).members#-1.0-0-null.trap.gz (3333 of 4882)
[2026-09-27 14:24:27] Importing mapNotNull(java.lang.Iterable,kotlin.jvm.functions.Function1).members#-1.0-0-null.trap.gz (3334 of 4882)
[2026-09-27 14:24:27] Importing mapNotNull(java.util.Map,kotlin.jvm.functions.Function1).members#-1.0-0-null.trap.gz (3335 of 4882)
[2026-09-27 14:24:27] Importing mapOf(kotlin.Pair).members#-1.0-0-null.trap.gz (3336 of 4882)
[2026-09-27 14:24:27] Importing mapOf(kotlin.Pair[]).members#-1.0-0-null.trap.gz (3337 of 4882)
[2026-09-27 14:24:27] Importing mapTo(java.lang.Iterable,java.util.Collection,kotlin.jvm.functions.Function1).members#-1.0-0-null.trap.gz (3338 of 4882)
[2026-09-27 14:24:27] Importing mapValues(java.util.Map,kotlin.jvm.functions.Function1).members#-1.0-0-null.trap.gz (3339 of 4882)
[2026-09-27 14:24:27] Importing maxByOrNull(java.lang.Iterable,kotlin.jvm.functions.Function1).members#-1.0-0-null.trap.gz (3340 of 4882)
[2026-09-27 14:24:27] Importing maxByOrThrow(java.lang.Iterable,kotlin.jvm.functions.Function1).members#-1.0-0-null.trap.gz (3341 of 4882)
[2026-09-27 14:24:27] Importing maxByOrThrow(java.util.Map,kotlin.jvm.functions.Function1).members#-1.0-0-null.trap.gz (3342 of 4882)
[2026-09-27 14:24:27] Importing maxOf(double[],kotlin.jvm.functions.Function1).members#-1.0-0-null.trap.gz (3343 of 4882)
[2026-09-27 14:24:27] Importing maxOf(java.lang.Iterable,kotlin.jvm.functions.Function1).members#-1.0-0-null.trap.gz (3344 of 4882)
[2026-09-27 14:24:27] Importing maxOf(java.lang.Object[],kotlin.jvm.functions.Function1).members#-1.0-0-null.trap.gz (3345 of 4882)
[2026-09-27 14:24:27] Importing maxOfOrNull(java.lang.Iterable,kotlin.jvm.functions.Function1).members#-1.0-0-null.trap.gz (3346 of 4882)
[2026-09-27 14:24:27] Importing maxOrThrow(java.lang.Iterable).members#-1.0-0-null.trap.gz (3347 of 4882)
[2026-09-27 14:24:27] Importing minOf(java.lang.Iterable,kotlin.jvm.functions.Function1).members#-1.0-0-null.trap.gz (3348 of 4882)
[2026-09-27 14:24:27] Importing minus(java.lang.Iterable,java.lang.Iterable).members#-1.0-0-null.trap.gz (3349 of 4882)
[2026-09-27 14:24:27] Importing minus(java.util.Set,java.lang.Iterable).members#-1.0-0-null.trap.gz (3350 of 4882)
[2026-09-27 14:24:27] Importing minus(java.util.Set,java.lang.Object).members#-1.0-0-null.trap.gz (3351 of 4882)
[2026-09-27 14:24:27] Importing mutableIterator(java.util.Map).members#-1.0-0-null.trap.gz (3352 of 4882)
[2026-09-27 14:24:27] Importing mutableListOf().members#-1.0-0-null.trap.gz (3353 of 4882)
[2026-09-27 14:24:27] Importing mutableListOf(java.lang.Object[]).members#-1.0-0-null.trap.gz (3354 of 4882)
[2026-09-27 14:24:27] Importing mutableMapOf().members#-1.0-0-null.trap.gz (3355 of 4882)
[2026-09-27 14:24:27] Importing mutableSetOf().members#-1.0-0-null.trap.gz (3356 of 4882)
[2026-09-27 14:24:27] Importing none(java.lang.Iterable,kotlin.jvm.functions.Function1).members#-1.0-0-null.trap.gz (3357 of 4882)
[2026-09-27 14:24:27] Importing orEmpty(java.util.List).members#-1.0-0-null.trap.gz (3358 of 4882)
[2026-09-27 14:24:27] Importing partition(java.lang.Iterable,kotlin.jvm.functions.Function1).members#-1.0-0-null.trap.gz (3359 of 4882)
[2026-09-27 14:24:27] Importing plus(java.util.Collection,java.lang.Iterable).members#-1.0-0-null.trap.gz (3360 of 4882)
[2026-09-27 14:24:27] Importing plus(java.util.Collection,java.lang.Object).members#-1.0-0-null.trap.gz (3361 of 4882)
[2026-09-27 14:24:27] Importing plus(java.util.Map,java.util.Map).members#-1.0-0-null.trap.gz (3362 of 4882)
[2026-09-27 14:24:27] Importing plus(java.util.Map,kotlin.Pair).members#-1.0-0-null.trap.gz (3363 of 4882)
[2026-09-27 14:24:27] Importing plus(java.util.Set,java.lang.Iterable).members#-1.0-0-null.trap.gz (3364 of 4882)
[2026-09-27 14:24:27] Importing plusAssign(java.util.Collection,java.lang.Iterable).members#-1.0-0-null.trap.gz (3365 of 4882)
[2026-09-27 14:24:27] Importing plusAssign(java.util.Collection,java.lang.Object).members#-1.0-0-null.trap.gz (3366 of 4882)
[2026-09-27 14:24:27] Importing set(java.util.Map,java.lang.Object,java.lang.Object).members#-1.0-0-null.trap.gz (3367 of 4882)
[2026-09-27 14:24:27] Importing setOf(java.lang.Object[]).members#-1.0-0-null.trap.gz (3368 of 4882)
[2026-09-27 14:24:27] Importing single(java.util.List).members#-1.0-0-null.trap.gz (3369 of 4882)
[2026-09-27 14:24:27] Importing singleOrNull(java.util.List).members#-1.0-0-null.trap.gz (3370 of 4882)
[2026-09-27 14:24:27] Importing sorted(java.lang.Iterable).members#-1.0-0-null.trap.gz (3371 of 4882)
[2026-09-27 14:24:27] Importing sortedBy(java.lang.Iterable,kotlin.jvm.functions.Function1).members#-1.0-0-null.trap.gz (3372 of 4882)
[2026-09-27 14:24:27] Importing sortedWith(java.lang.Iterable,java.util.Comparator).members#-1.0-0-null.trap.gz (3373 of 4882)
[2026-09-27 14:24:27] Importing sum(double[]).members#-1.0-0-null.trap.gz (3374 of 4882)
[2026-09-27 14:24:27] Importing sumOfBigDecimal(java.lang.Iterable,kotlin.jvm.functions.Function1).members#-1.0-0-null.trap.gz (3375 of 4882)
[2026-09-27 14:24:27] Importing sumOfBigInteger(java.lang.Iterable,kotlin.jvm.functions.Function1).members#-1.0-0-null.trap.gz (3376 of 4882)
[2026-09-27 14:24:27] Importing sumOfDouble(double[],kotlin.jvm.functions.Function1).members#-1.0-0-null.trap.gz (3377 of 4882)
[2026-09-27 14:24:27] Importing sumOfDouble(java.lang.Iterable).members#-1.0-0-null.trap.gz (3378 of 4882)
[2026-09-27 14:24:27] Importing sumOfDouble(java.lang.Iterable,kotlin.jvm.functions.Function1).members#-1.0-0-null.trap.gz (3379 of 4882)
[2026-09-27 14:24:27] Importing sumOfInt(int[],kotlin.jvm.functions.Function1).members#-1.0-0-null.trap.gz (3380 of 4882)
[2026-09-27 14:24:27] Importing take(java.lang.Iterable,int).members#-1.0-0-null.trap.gz (3381 of 4882)
[2026-09-27 14:24:27] Importing toList(double[]).members#-1.0-0-null.trap.gz (3382 of 4882)
[2026-09-27 14:24:27] Importing toList(int[]).members#-1.0-0-null.trap.gz (3383 of 4882)
[2026-09-27 14:24:27] Importing toList(java.lang.Iterable).members#-1.0-0-null.trap.gz (3384 of 4882)
[2026-09-27 14:24:27] Importing toMap(java.lang.Iterable).members#-1.0-0-null.trap.gz (3385 of 4882)
[2026-09-27 14:24:27] Importing toMutableList(java.util.Collection).members#-1.0-0-null.trap.gz (3386 of 4882)
[2026-09-27 14:24:27] Importing toSet(java.lang.Iterable).members#-1.0-0-null.trap.gz (3387 of 4882)
[2026-09-27 14:24:27] Importing toTypedArray(java.util.Collection).members#-1.0-0-null.trap.gz (3388 of 4882)
[2026-09-27 14:24:27] Importing withIndex(java.lang.Iterable).members#-1.0-0-null.trap.gz (3389 of 4882)
[2026-09-27 14:24:27] Importing zip(java.lang.Iterable,java.lang.Iterable,kotlin.jvm.functions.Function2).members#-1.0-0-null.trap.gz (3390 of 4882)
[2026-09-27 14:24:27] Importing zipWithNext(java.lang.Iterable).members#-1.0-0-null.trap.gz (3391 of 4882)
[2026-09-27 14:24:27] Importing compareBy(kotlin.jvm.functions.Function1[]).members#-1.0-0-null.trap.gz (3392 of 4882)
[2026-09-27 14:24:27] Importing maxOf(double,double).members#-1.0-0-null.trap.gz (3393 of 4882)
[2026-09-27 14:24:27] Importing maxOf(int,int).members#-1.0-0-null.trap.gz (3394 of 4882)
[2026-09-27 14:24:27] Importing maxOf(long,long).members#-1.0-0-null.trap.gz (3395 of 4882)
[2026-09-27 14:24:27] Importing minOf(double,double).members#-1.0-0-null.trap.gz (3396 of 4882)
[2026-09-27 14:24:27] Importing minOf(long,long).members#-1.0-0-null.trap.gz (3397 of 4882)
[2026-09-27 14:24:27] Importing countOneBits(int).members#-1.0-0-null.trap.gz (3398 of 4882)
[2026-09-27 14:24:27] Importing EnumEntries.members#52.0-318186000000-kotlin.trap.gz (3399 of 4882)
[2026-09-27 14:24:27] Importing error(java.lang.Object).members#-1.0-0-null.trap.gz (3400 of 4882)
[2026-09-27 14:24:27] Importing ExperimentalTypeInference.members#52.0-318186000000-kotlin.trap.gz (3401 of 4882)
[2026-09-27 14:24:27] Importing getOrElse(kotlin.Result,kotlin.jvm.functions.Function1).members#-1.0-0-null.trap.gz (3402 of 4882)
[2026-09-27 14:24:27] Importing getValue(kotlin.Lazy,java.lang.Object,kotlin.reflect.KProperty).members#-1.0-0-null.trap.gz (3403 of 4882)
[2026-09-27 14:24:27] Importing HidesMembers.members#52.0-318186000000-kotlin.trap.gz (3404 of 4882)
[2026-09-27 14:24:27] Importing InlineOnly.members#52.0-318186000000-kotlin.trap.gz (3405 of 4882)
[2026-09-27 14:24:27] Importing IntrinsicConstEvaluation.members#52.0-318186000000-kotlin.trap.gz (3406 of 4882)
[2026-09-27 14:24:27] Importing PlatformDependent.members#52.0-318186000000-kotlin.trap.gz (3407 of 4882)
[2026-09-27 14:24:27] Importing readText(java.io.File,java.nio.charset.Charset).members#-1.0-0-null.trap.gz (3408 of 4882)
[2026-09-27 14:24:27] Importing isFinite(double).members#-1.0-0-null.trap.gz (3409 of 4882)
[2026-09-27 14:24:27] Importing JvmField.members#52.0-318186000000-kotlin.trap.gz (3410 of 4882)
[2026-09-27 14:24:27] Importing JvmInline.members#52.0-318186000000-kotlin.trap.gz (3411 of 4882)
[2026-09-27 14:24:27] Importing JvmName.members#52.0-318186000000-kotlin.trap.gz (3412 of 4882)
[2026-09-27 14:24:27] Importing JvmStatic.members#52.0-318186000000-kotlin.trap.gz (3413 of 4882)
[2026-09-27 14:24:27] Importing Function0.members#52.0-318186000000-kotlin.trap.gz (3414 of 4882)
[2026-09-27 14:24:27] Importing Function1.members#52.0-318186000000-kotlin.trap.gz (3415 of 4882)
[2026-09-27 14:24:27] Importing Function2.members#52.0-318186000000-kotlin.trap.gz (3416 of 4882)
[2026-09-27 14:24:27] Importing BooleanCompanionObject.members#52.0-318186000000-kotlin.trap.gz (3417 of 4882)
[2026-09-27 14:24:27] Importing ByteCompanionObject.members#52.0-318186000000-kotlin.trap.gz (3418 of 4882)
[2026-09-27 14:24:27] Importing CallableReference.members#52.0-318186000000-kotlin.trap.gz (3419 of 4882)
[2026-09-27 14:24:27] Importing CharCompanionObject.members#52.0-318186000000-kotlin.trap.gz (3420 of 4882)
[2026-09-27 14:24:27] Importing DefaultConstructorMarker.members#52.0-318186000000-kotlin.trap.gz (3421 of 4882)
[2026-09-27 14:24:27] Importing DoubleCompanionObject.members#52.0-318186000000-kotlin.trap.gz (3422 of 4882)
[2026-09-27 14:24:27] Importing EnumCompanionObject.members#52.0-318186000000-kotlin.trap.gz (3423 of 4882)
[2026-09-27 14:24:27] Importing FloatCompanionObject.members#52.0-318186000000-kotlin.trap.gz (3424 of 4882)
[2026-09-27 14:24:27] Importing FunctionBase.members#52.0-318186000000-kotlin.trap.gz (3425 of 4882)
[2026-09-27 14:24:27] Importing FunctionReference.members#52.0-318186000000-kotlin.trap.gz (3426 of 4882)
[2026-09-27 14:24:27] Importing IntCompanionObject.members#52.0-318186000000-kotlin.trap.gz (3427 of 4882)
[2026-09-27 14:24:27] Importing LongCompanionObject.members#52.0-318186000000-kotlin.trap.gz (3428 of 4882)
[2026-09-27 14:24:27] Importing PropertyReference.members#52.0-318186000000-kotlin.trap.gz (3429 of 4882)
[2026-09-27 14:24:27] Importing ShortCompanionObject.members#52.0-318186000000-kotlin.trap.gz (3430 of 4882)
[2026-09-27 14:24:27] Importing StringCompanionObject.members#52.0-318186000000-kotlin.trap.gz (3431 of 4882)
[2026-09-27 14:24:27] Importing lazy(kotlin.jvm.functions.Function0).members#-1.0-0-null.trap.gz (3432 of 4882)
[2026-09-27 14:24:27] Importing let(java.lang.Object,kotlin.jvm.functions.Function1).members#-1.0-0-null.trap.gz (3433 of 4882)
[2026-09-27 14:24:27] Importing abs(double).members#-1.0-0-null.trap.gz (3434 of 4882)
[2026-09-27 14:24:27] Importing abs(long).members#-1.0-0-null.trap.gz (3435 of 4882)
[2026-09-27 14:24:27] Importing exp(double).members#-1.0-0-null.trap.gz (3436 of 4882)
[2026-09-27 14:24:27] Importing ln(double).members#-1.0-0-null.trap.gz (3437 of 4882)
[2026-09-27 14:24:27] Importing max(double,double).members#-1.0-0-null.trap.gz (3438 of 4882)
[2026-09-27 14:24:27] Importing pow(double,double).members#-1.0-0-null.trap.gz (3439 of 4882)
[2026-09-27 14:24:27] Importing pow(double,int).members#-1.0-0-null.trap.gz (3440 of 4882)
[2026-09-27 14:24:27] Importing sqrt(double).members#-1.0-0-null.trap.gz (3441 of 4882)
[2026-09-27 14:24:27] Importing minus(java.math.BigDecimal,java.math.BigDecimal).members#-1.0-0-null.trap.gz (3442 of 4882)
[2026-09-27 14:24:27] Importing minus(java.math.BigInteger,java.math.BigInteger).members#-1.0-0-null.trap.gz (3443 of 4882)
[2026-09-27 14:24:27] Importing onFailure(kotlin.Result,kotlin.jvm.functions.Function1).members#-1.0-0-null.trap.gz (3444 of 4882)
[2026-09-27 14:24:27] Importing plus(java.math.BigDecimal,java.math.BigDecimal).members#-1.0-0-null.trap.gz (3445 of 4882)
[2026-09-27 14:24:27] Importing plus(java.math.BigInteger,java.math.BigInteger).members#-1.0-0-null.trap.gz (3446 of 4882)
[2026-09-27 14:24:27] Importing CharProgression$Companion.members#52.0-318186000000-kotlin.trap.gz (3447 of 4882)
[2026-09-27 14:24:27] Importing CharProgression.members#52.0-318186000000-kotlin.trap.gz (3448 of 4882)
[2026-09-27 14:24:27] Importing CharRange$Companion.members#52.0-318186000000-kotlin.trap.gz (3449 of 4882)
[2026-09-27 14:24:27] Importing CharRange.members#52.0-318186000000-kotlin.trap.gz (3450 of 4882)
[2026-09-27 14:24:27] Importing ClosedFloatingPointRange.members#52.0-318186000000-kotlin.trap.gz (3451 of 4882)
[2026-09-27 14:24:27] Importing ClosedRange.members#52.0-318186000000-kotlin.trap.gz (3452 of 4882)
[2026-09-27 14:24:27] Importing IntProgression$Companion.members#52.0-318186000000-kotlin.trap.gz (3453 of 4882)
[2026-09-27 14:24:27] Importing IntProgression.members#52.0-318186000000-kotlin.trap.gz (3454 of 4882)
[2026-09-27 14:24:27] Importing IntRange$Companion.members#52.0-318186000000-kotlin.trap.gz (3455 of 4882)
[2026-09-27 14:24:27] Importing IntRange.members#52.0-318186000000-kotlin.trap.gz (3456 of 4882)
[2026-09-27 14:24:27] Importing LongProgression$Companion.members#52.0-318186000000-kotlin.trap.gz (3457 of 4882)
[2026-09-27 14:24:27] Importing LongProgression.members#52.0-318186000000-kotlin.trap.gz (3458 of 4882)
[2026-09-27 14:24:27] Importing LongRange$Companion.members#52.0-318186000000-kotlin.trap.gz (3459 of 4882)
[2026-09-27 14:24:27] Importing LongRange.members#52.0-318186000000-kotlin.trap.gz (3460 of 4882)
[2026-09-27 14:24:27] Importing OpenEndRange.members#52.0-318186000000-kotlin.trap.gz (3461 of 4882)
[2026-09-27 14:24:27] Importing coerceAtLeast(double,double).members#-1.0-0-null.trap.gz (3462 of 4882)
[2026-09-27 14:24:27] Importing coerceAtMost(double,double).members#-1.0-0-null.trap.gz (3463 of 4882)
[2026-09-27 14:24:27] Importing coerceAtMost(java.lang.Comparable,java.lang.Comparable).members#-1.0-0-null.trap.gz (3464 of 4882)
[2026-09-27 14:24:27] Importing coerceIn(double,double,double).members#-1.0-0-null.trap.gz (3465 of 4882)
[2026-09-27 14:24:27] Importing downTo(int,int).members#-1.0-0-null.trap.gz (3466 of 4882)
[2026-09-27 14:24:27] Importing rangeTo(double,double).members#-1.0-0-null.trap.gz (3467 of 4882)
[2026-09-27 14:24:27] Importing rangeTo(java.lang.Comparable,java.lang.Comparable).members#-1.0-0-null.trap.gz (3468 of 4882)
[2026-09-27 14:24:27] Importing reversed(kotlin.ranges.IntProgression).members#-1.0-0-null.trap.gz (3469 of 4882)
[2026-09-27 14:24:27] Importing until(int,int).members#-1.0-0-null.trap.gz (3470 of 4882)
[2026-09-27 14:24:27] Importing KAnnotatedElement.members#52.0-318186000000-kotlin.trap.gz (3471 of 4882)
[2026-09-27 14:24:27] Importing KCallable.members#52.0-318186000000-kotlin.trap.gz (3472 of 4882)
[2026-09-27 14:24:27] Importing KClass.members#52.0-318186000000-kotlin.trap.gz (3473 of 4882)
[2026-09-27 14:24:27] Importing KClassifier.members#52.0-318186000000-kotlin.trap.gz (3474 of 4882)
[2026-09-27 14:24:27] Importing KDeclarationContainer.members#52.0-318186000000-kotlin.trap.gz (3475 of 4882)
[2026-09-27 14:24:27] Importing KFunction.members#52.0-318186000000-kotlin.trap.gz (3476 of 4882)
[2026-09-27 14:24:27] Importing KParameter$Kind.members#52.0-318186000000-kotlin.trap.gz (3477 of 4882)
[2026-09-27 14:24:27] Importing KParameter.members#52.0-318186000000-kotlin.trap.gz (3478 of 4882)
[2026-09-27 14:24:27] Importing KProperty$Accessor.members#52.0-318186000000-kotlin.trap.gz (3479 of 4882)
[2026-09-27 14:24:27] Importing KProperty$Getter.members#52.0-318186000000-kotlin.trap.gz (3480 of 4882)
[2026-09-27 14:24:27] Importing KProperty.members#52.0-318186000000-kotlin.trap.gz (3481 of 4882)
[2026-09-27 14:24:27] Importing KProperty0$Getter.members#52.0-318186000000-kotlin.trap.gz (3482 of 4882)
[2026-09-27 14:24:27] Importing KProperty0.members#52.0-318186000000-kotlin.trap.gz (3483 of 4882)
[2026-09-27 14:24:27] Importing KProperty1$Getter.members#52.0-318186000000-kotlin.trap.gz (3484 of 4882)
[2026-09-27 14:24:27] Importing KProperty1.members#52.0-318186000000-kotlin.trap.gz (3485 of 4882)
[2026-09-27 14:24:27] Importing KType.members#52.0-318186000000-kotlin.trap.gz (3486 of 4882)
[2026-09-27 14:24:27] Importing KTypeParameter.members#52.0-318186000000-kotlin.trap.gz (3487 of 4882)
[2026-09-27 14:24:27] Importing KTypeProjection$Companion.members#52.0-318186000000-kotlin.trap.gz (3488 of 4882)
[2026-09-27 14:24:27] Importing KTypeProjection.members#52.0-318186000000-kotlin.trap.gz (3489 of 4882)
[2026-09-27 14:24:27] Importing KVariance.members#52.0-318186000000-kotlin.trap.gz (3490 of 4882)
[2026-09-27 14:24:27] Importing KVisibility.members#52.0-318186000000-kotlin.trap.gz (3491 of 4882)
[2026-09-27 14:24:27] Importing repeat(int,kotlin.jvm.functions.Function1).members#-1.0-0-null.trap.gz (3492 of 4882)
[2026-09-27 14:24:27] Importing require(boolean,kotlin.jvm.functions.Function0).members#-1.0-0-null.trap.gz (3493 of 4882)
[2026-09-27 14:24:27] Importing requireNotNull(java.lang.Object,kotlin.jvm.functions.Function0).members#-1.0-0-null.trap.gz (3494 of 4882)
[2026-09-27 14:24:27] Importing run(java.lang.Object,kotlin.jvm.functions.Function1).members#-1.0-0-null.trap.gz (3495 of 4882)
[2026-09-27 14:24:27] Importing runCatching(java.lang.Object,kotlin.jvm.functions.Function1).members#-1.0-0-null.trap.gz (3496 of 4882)
[2026-09-27 14:24:27] Importing Sequence.members#52.0-318186000000-kotlin.trap.gz (3497 of 4882)
[2026-09-27 14:24:27] Importing generateSequence(kotlin.jvm.functions.Function0).members#-1.0-0-null.trap.gz (3498 of 4882)
[2026-09-27 14:24:27] Importing map(kotlin.sequences.Sequence,kotlin.jvm.functions.Function1).members#-1.0-0-null.trap.gz (3499 of 4882)
[2026-09-27 14:24:27] Importing toList(kotlin.sequences.Sequence).members#-1.0-0-null.trap.gz (3500 of 4882)
[2026-09-27 14:24:27] Importing takeIf(java.lang.Object,kotlin.jvm.functions.Function1).members#-1.0-0-null.trap.gz (3501 of 4882)
[2026-09-27 14:24:27] Importing takeUnless(java.lang.Object,kotlin.jvm.functions.Function1).members#-1.0-0-null.trap.gz (3502 of 4882)
[2026-09-27 14:24:27] Importing Charsets.members#52.0-318186000000-kotlin.trap.gz (3503 of 4882)
[2026-09-27 14:24:27] Importing FlagEnum.members#52.0-318186000000-kotlin.trap.gz (3504 of 4882)
[2026-09-27 14:24:27] Importing MatchGroup.members#52.0-318186000000-kotlin.trap.gz (3505 of 4882)
[2026-09-27 14:24:27] Importing MatchGroupCollection.members#52.0-318186000000-kotlin.trap.gz (3506 of 4882)
[2026-09-27 14:24:27] Importing MatchResult$Destructured.members#52.0-318186000000-kotlin.trap.gz (3507 of 4882)
[2026-09-27 14:24:27] Importing MatchResult.members#52.0-318186000000-kotlin.trap.gz (3508 of 4882)
[2026-09-27 14:24:27] Importing Regex$Companion.members#52.0-318186000000-kotlin.trap.gz (3509 of 4882)
[2026-09-27 14:24:27] Importing Regex.members#52.0-318186000000-kotlin.trap.gz (3510 of 4882)
[2026-09-27 14:24:27] Importing RegexOption.members#52.0-318186000000-kotlin.trap.gz (3511 of 4882)
[2026-09-27 14:24:27] Importing contains(java.lang.CharSequence,java.lang.CharSequence,boolean).members#-1.0-0-null.trap.gz (3512 of 4882)
[2026-09-27 14:24:27] Importing equals(java.lang.String,java.lang.String,boolean).members#-1.0-0-null.trap.gz (3513 of 4882)
[2026-09-27 14:24:27] Importing format(java.lang.String,java.lang.Object[]).members#-1.0-0-null.trap.gz (3514 of 4882)
[2026-09-27 14:24:27] Importing ifBlank(java.lang.CharSequence,kotlin.jvm.functions.Function0).members#-1.0-0-null.trap.gz (3515 of 4882)
[2026-09-27 14:24:27] Importing ifEmpty(java.lang.CharSequence,kotlin.jvm.functions.Function0).members#-1.0-0-null.trap.gz (3516 of 4882)
[2026-09-27 14:24:27] Importing isBlank(java.lang.CharSequence).members#-1.0-0-null.trap.gz (3517 of 4882)
[2026-09-27 14:24:27] Importing isEmpty(java.lang.CharSequence).members#-1.0-0-null.trap.gz (3518 of 4882)
[2026-09-27 14:24:27] Importing isNotBlank(java.lang.CharSequence).members#-1.0-0-null.trap.gz (3519 of 4882)
[2026-09-27 14:24:27] Importing isNotEmpty(java.lang.CharSequence).members#-1.0-0-null.trap.gz (3520 of 4882)
[2026-09-27 14:24:27] Importing isNullOrBlank(java.lang.CharSequence).members#-1.0-0-null.trap.gz (3521 of 4882)
[2026-09-27 14:24:27] Importing lines(java.lang.CharSequence).members#-1.0-0-null.trap.gz (3522 of 4882)
[2026-09-27 14:24:27] Importing lowercase(java.lang.String).members#-1.0-0-null.trap.gz (3523 of 4882)
[2026-09-27 14:24:27] Importing orEmpty(java.lang.String).members#-1.0-0-null.trap.gz (3524 of 4882)
[2026-09-27 14:24:27] Importing removePrefix(java.lang.String,java.lang.CharSequence).members#-1.0-0-null.trap.gz (3525 of 4882)
[2026-09-27 14:24:27] Importing removeSurrounding(java.lang.String,java.lang.CharSequence).members#-1.0-0-null.trap.gz (3526 of 4882)
[2026-09-27 14:24:27] Importing repeat(java.lang.CharSequence,int).members#-1.0-0-null.trap.gz (3527 of 4882)
[2026-09-27 14:24:27] Importing replaceFirstCharWithChar(java.lang.String,kotlin.jvm.functions.Function1).members#-1.0-0-null.trap.gz (3528 of 4882)
[2026-09-27 14:24:27] Importing split(java.lang.CharSequence,char[],boolean,int).members#-1.0-0-null.trap.gz (3529 of 4882)
[2026-09-27 14:24:27] Importing split(java.lang.CharSequence,java.lang.String[],boolean,int).members#-1.0-0-null.trap.gz (3530 of 4882)
[2026-09-27 14:24:27] Importing startsWith(java.lang.String,java.lang.String,boolean).members#-1.0-0-null.trap.gz (3531 of 4882)
[2026-09-27 14:24:27] Importing substringAfter(java.lang.String,char,java.lang.String).members#-1.0-0-null.trap.gz (3532 of 4882)
[2026-09-27 14:24:27] Importing substringBefore(java.lang.String,char,java.lang.String).members#-1.0-0-null.trap.gz (3533 of 4882)
[2026-09-27 14:24:27] Importing take(java.lang.String,int).members#-1.0-0-null.trap.gz (3534 of 4882)
[2026-09-27 14:24:27] Importing takeLast(java.lang.String,int).members#-1.0-0-null.trap.gz (3535 of 4882)
[2026-09-27 14:24:27] Importing toBigDecimalOrNull(java.lang.String).members#-1.0-0-null.trap.gz (3536 of 4882)
[2026-09-27 14:24:27] Importing toBigIntegerOrNull(java.lang.String).members#-1.0-0-null.trap.gz (3537 of 4882)
[2026-09-27 14:24:27] Importing toByteArray(java.lang.String,java.nio.charset.Charset).members#-1.0-0-null.trap.gz (3538 of 4882)
[2026-09-27 14:24:27] Importing toInt(java.lang.String).members#-1.0-0-null.trap.gz (3539 of 4882)
[2026-09-27 14:24:27] Importing toLong(java.lang.String).members#-1.0-0-null.trap.gz (3540 of 4882)
[2026-09-27 14:24:27] Importing toLongOrNull(java.lang.String).members#-1.0-0-null.trap.gz (3541 of 4882)
[2026-09-27 14:24:27] Importing toString(long,int).members#-1.0-0-null.trap.gz (3542 of 4882)
[2026-09-27 14:24:27] Importing trim(java.lang.String).members#-1.0-0-null.trap.gz (3543 of 4882)
[2026-09-27 14:24:27] Importing trimIndent(java.lang.String).members#-1.0-0-null.trap.gz (3544 of 4882)
[2026-09-27 14:24:27] Importing uppercaseChar(char).members#-1.0-0-null.trap.gz (3545 of 4882)
[2026-09-27 14:24:27] Importing times(java.math.BigDecimal,java.math.BigDecimal).members#-1.0-0-null.trap.gz (3546 of 4882)
[2026-09-27 14:24:27] Importing to(java.lang.Object,java.lang.Object).members#-1.0-0-null.trap.gz (3547 of 4882)
[2026-09-27 14:24:27] Importing toBigDecimal(java.math.BigInteger).members#-1.0-0-null.trap.gz (3548 of 4882)
[2026-09-27 14:24:27] Importing use(java.lang.AutoCloseable,kotlin.jvm.functions.Function1).members#-1.0-0-null.trap.gz (3549 of 4882)
[2026-09-27 14:24:27] Importing Immutable.members#49.0-1360727836000-kotlin.trap.gz (3550 of 4882)
[2026-09-27 14:24:27] Importing ThreadSafe.members#49.0-1360727836000-kotlin.trap.gz (3551 of 4882)
[2026-09-27 14:24:27] Importing MapIterator.members#52.0-1745045318000-kotlin.trap.gz (3552 of 4882)
[2026-09-27 14:24:27] Importing MultiSet$Entry.members#52.0-1745045318000-kotlin.trap.gz (3553 of 4882)
[2026-09-27 14:24:27] Importing MultiSet.members#52.0-1745045318000-kotlin.trap.gz (3554 of 4882)
[2026-09-27 14:24:27] Importing MultiValuedMap.members#52.0-1745045318000-kotlin.trap.gz (3555 of 4882)
[2026-09-27 14:24:27] Importing Log.members#61.0-1760572730000-kotlin.trap.gz (3556 of 4882)
[2026-09-27 14:24:27] Importing AWriter.members#65.0-1777774446000-kotlin.trap.gz (3557 of 4882)
[2026-09-27 14:24:27] Importing AWriterBase.members#65.0-1777774446000-kotlin.trap.gz (3558 of 4882)
[2026-09-27 14:24:27] Importing IndentedWriter.members#65.0-1777774446000-kotlin.trap.gz (3559 of 4882)
[2026-09-27 14:24:27] Importing Printable.members#65.0-1777774446000-kotlin.trap.gz (3560 of 4882)
[2026-09-27 14:24:27] Importing IteratorCloseable.members#65.0-1777774446000-kotlin.trap.gz (3561 of 4882)
[2026-09-27 14:24:27] Importing Closeable.members#65.0-1777774446000-kotlin.trap.gz (3562 of 4882)
[2026-09-27 14:24:27] Importing Pair.members#65.0-1777774446000-kotlin.trap.gz (3563 of 4882)
[2026-09-27 14:24:27] Importing Sink.members#65.0-1777774446000-kotlin.trap.gz (3564 of 4882)
[2026-09-27 14:24:27] Importing ContentType.members#65.0-1777774446000-kotlin.trap.gz (3565 of 4882)
[2026-09-27 14:24:27] Importing MediaType$ParsedMediaType.members#65.0-1777774446000-kotlin.trap.gz (3566 of 4882)
[2026-09-27 14:24:27] Importing MediaType.members#65.0-1777774446000-kotlin.trap.gz (3567 of 4882)
[2026-09-27 14:24:27] Importing TypedInputStream.members#65.0-1777774446000-kotlin.trap.gz (3568 of 4882)
[2026-09-27 14:24:27] Importing RDFDatatype.members#65.0-1777774446000-kotlin.trap.gz (3569 of 4882)
[2026-09-27 14:24:27] Importing EnhGraph.members#65.0-1777774446000-kotlin.trap.gz (3570 of 4882)
[2026-09-27 14:24:27] Importing EnhNode.members#65.0-1777774446000-kotlin.trap.gz (3571 of 4882)
[2026-09-27 14:24:27] Importing Implementation.members#65.0-1777774446000-kotlin.trap.gz (3572 of 4882)
[2026-09-27 14:24:27] Importing Personality.members#65.0-1777774446000-kotlin.trap.gz (3573 of 4882)
[2026-09-27 14:24:27] Importing Polymorphic.members#65.0-1777774446000-kotlin.trap.gz (3574 of 4882)
[2026-09-27 14:24:27] Importing FrontsNode.members#65.0-1777774446000-kotlin.trap.gz (3575 of 4882)
[2026-09-27 14:24:27] Importing FrontsTriple.members#65.0-1777774446000-kotlin.trap.gz (3576 of 4882)
[2026-09-27 14:24:27] Importing Graph.members#65.0-1777774446000-kotlin.trap.gz (3577 of 4882)
[2026-09-27 14:24:27] Importing GraphEventManager.members#65.0-1777774446000-kotlin.trap.gz (3578 of 4882)
[2026-09-27 14:24:27] Importing GraphListener.members#65.0-1777774446000-kotlin.trap.gz (3579 of 4882)
[2026-09-27 14:24:27] Importing Node$NotLiteral.members#65.0-1777774446000-kotlin.trap.gz (3580 of 4882)
[2026-09-27 14:24:27] Importing Node.members#65.0-1777774446000-kotlin.trap.gz (3581 of 4882)
[2026-09-27 14:24:27] Importing NodeVisitor.members#65.0-1777774446000-kotlin.trap.gz (3582 of 4882)
[2026-09-27 14:24:27] Importing Node_ANY.members#65.0-1777774446000-kotlin.trap.gz (3583 of 4882)
[2026-09-27 14:24:27] Importing Node_Blank.members#65.0-1777774446000-kotlin.trap.gz (3584 of 4882)
[2026-09-27 14:24:27] Importing Node_Graph.members#65.0-1777774446000-kotlin.trap.gz (3585 of 4882)
[2026-09-27 14:24:27] Importing Node_Literal.members#65.0-1777774446000-kotlin.trap.gz (3586 of 4882)
[2026-09-27 14:24:27] Importing Node_Triple.members#65.0-1777774446000-kotlin.trap.gz (3587 of 4882)
[2026-09-27 14:24:27] Importing Node_URI.members#65.0-1777774446000-kotlin.trap.gz (3588 of 4882)
[2026-09-27 14:24:27] Importing Node_Variable.members#65.0-1777774446000-kotlin.trap.gz (3589 of 4882)
[2026-09-27 14:24:27] Importing TextDirection.members#65.0-1777774446000-kotlin.trap.gz (3590 of 4882)
[2026-09-27 14:24:27] Importing TransactionHandler.members#65.0-1777774446000-kotlin.trap.gz (3591 of 4882)
[2026-09-27 14:24:27] Importing Triple$Field.members#65.0-1777774446000-kotlin.trap.gz (3592 of 4882)
[2026-09-27 14:24:27] Importing Triple.members#65.0-1777774446000-kotlin.trap.gz (3593 of 4882)
[2026-09-27 14:24:27] Importing LiteralLabel$ByteArray.members#65.0-1777774446000-kotlin.trap.gz (3594 of 4882)
[2026-09-27 14:24:27] Importing LiteralLabel.members#65.0-1777774446000-kotlin.trap.gz (3595 of 4882)
[2026-09-27 14:24:27] Importing IRIx.members#65.0-1777774446000-kotlin.trap.gz (3596 of 4882)
[2026-09-27 14:24:27] Importing IRIxResolver$Builder.members#65.0-1777774446000-kotlin.trap.gz (3597 of 4882)
[2026-09-27 14:24:27] Importing IRIxResolver.members#65.0-1777774446000-kotlin.trap.gz (3598 of 4882)
[2026-09-27 14:24:27] Importing AllDifferent.members#65.0-1777774446000-kotlin.trap.gz (3599 of 4882)
[2026-09-27 14:24:27] Importing AllValuesFromRestriction.members#65.0-1777774446000-kotlin.trap.gz (3600 of 4882)
[2026-09-27 14:24:27] Importing AnnotationProperty.members#65.0-1777774446000-kotlin.trap.gz (3601 of 4882)
[2026-09-27 14:24:27] Importing BooleanClassDescription.members#65.0-1777774446000-kotlin.trap.gz (3602 of 4882)
[2026-09-27 14:24:27] Importing CardinalityQRestriction.members#65.0-1777774446000-kotlin.trap.gz (3603 of 4882)
[2026-09-27 14:24:27] Importing CardinalityRestriction.members#65.0-1777774446000-kotlin.trap.gz (3604 of 4882)
[2026-09-27 14:24:27] Importing ComplementClass.members#65.0-1777774446000-kotlin.trap.gz (3605 of 4882)
[2026-09-27 14:24:27] Importing DataRange.members#65.0-1777774446000-kotlin.trap.gz (3606 of 4882)
[2026-09-27 14:24:27] Importing DatatypeProperty.members#65.0-1777774446000-kotlin.trap.gz (3607 of 4882)
[2026-09-27 14:24:27] Importing EnumeratedClass.members#65.0-1777774446000-kotlin.trap.gz (3608 of 4882)
[2026-09-27 14:24:27] Importing FunctionalProperty.members#65.0-1777774446000-kotlin.trap.gz (3609 of 4882)
[2026-09-27 14:24:27] Importing HasValueRestriction.members#65.0-1777774446000-kotlin.trap.gz (3610 of 4882)
[2026-09-27 14:24:27] Importing Individual.members#65.0-1777774446000-kotlin.trap.gz (3611 of 4882)
[2026-09-27 14:24:27] Importing IntersectionClass.members#65.0-1777774446000-kotlin.trap.gz (3612 of 4882)
[2026-09-27 14:24:27] Importing InverseFunctionalProperty.members#65.0-1777774446000-kotlin.trap.gz (3613 of 4882)
[2026-09-27 14:24:27] Importing MaxCardinalityQRestriction.members#65.0-1777774446000-kotlin.trap.gz (3614 of 4882)
[2026-09-27 14:24:27] Importing MaxCardinalityRestriction.members#65.0-1777774446000-kotlin.trap.gz (3615 of 4882)
[2026-09-27 14:24:27] Importing MinCardinalityQRestriction.members#65.0-1777774446000-kotlin.trap.gz (3616 of 4882)
[2026-09-27 14:24:27] Importing MinCardinalityRestriction.members#65.0-1777774446000-kotlin.trap.gz (3617 of 4882)
[2026-09-27 14:24:27] Importing ObjectProperty.members#65.0-1777774446000-kotlin.trap.gz (3618 of 4882)
[2026-09-27 14:24:27] Importing OntClass.members#65.0-1777774446000-kotlin.trap.gz (3619 of 4882)
[2026-09-27 14:24:27] Importing OntDocumentManager$DefaultReadHook.members#65.0-1777774446000-kotlin.trap.gz (3620 of 4882)
[2026-09-27 14:24:27] Importing OntDocumentManager$ReadFailureHandler.members#65.0-1777774446000-kotlin.trap.gz (3621 of 4882)
[2026-09-27 14:24:27] Importing OntDocumentManager$ReadHook.members#65.0-1777774446000-kotlin.trap.gz (3622 of 4882)
[2026-09-27 14:24:27] Importing OntDocumentManager.members#65.0-1777774446000-kotlin.trap.gz (3623 of 4882)
[2026-09-27 14:24:27] Importing OntModel.members#65.0-1777774446000-kotlin.trap.gz (3624 of 4882)
[2026-09-27 14:24:27] Importing OntModelSpec.members#65.0-1777774446000-kotlin.trap.gz (3625 of 4882)
[2026-09-27 14:24:27] Importing OntProperty.members#65.0-1777774446000-kotlin.trap.gz (3626 of 4882)
[2026-09-27 14:24:27] Importing OntResource.members#65.0-1777774446000-kotlin.trap.gz (3627 of 4882)
[2026-09-27 14:24:27] Importing Ontology.members#65.0-1777774446000-kotlin.trap.gz (3628 of 4882)
[2026-09-27 14:24:27] Importing Profile.members#65.0-1777774446000-kotlin.trap.gz (3629 of 4882)
[2026-09-27 14:24:27] Importing QualifiedRestriction.members#65.0-1777774446000-kotlin.trap.gz (3630 of 4882)
[2026-09-27 14:24:27] Importing Restriction.members#65.0-1777774446000-kotlin.trap.gz (3631 of 4882)
[2026-09-27 14:24:27] Importing SomeValuesFromRestriction.members#65.0-1777774446000-kotlin.trap.gz (3632 of 4882)
[2026-09-27 14:24:27] Importing SymmetricProperty.members#65.0-1777774446000-kotlin.trap.gz (3633 of 4882)
[2026-09-27 14:24:27] Importing TransitiveProperty.members#65.0-1777774446000-kotlin.trap.gz (3634 of 4882)
[2026-09-27 14:24:27] Importing UnionClass.members#65.0-1777774446000-kotlin.trap.gz (3635 of 4882)
[2026-09-27 14:24:27] Importing GraphMaker.members#65.0-1777774446000-kotlin.trap.gz (3636 of 4882)
[2026-09-27 14:24:27] Importing ModelGetter.members#65.0-1777774446000-kotlin.trap.gz (3637 of 4882)
[2026-09-27 14:24:27] Importing ModelMaker.members#65.0-1777774446000-kotlin.trap.gz (3638 of 4882)
[2026-09-27 14:24:27] Importing ModelSource.members#65.0-1777774446000-kotlin.trap.gz (3639 of 4882)
[2026-09-27 14:24:27] Importing Dataset.members#65.0-1777774446000-kotlin.trap.gz (3640 of 4882)
[2026-09-27 14:24:27] Importing Query.members#65.0-1777774446000-kotlin.trap.gz (3641 of 4882)
[2026-09-27 14:24:27] Importing QueryException.members#65.0-1777774446000-kotlin.trap.gz (3642 of 4882)
[2026-09-27 14:24:27] Importing QueryFatalException.members#65.0-1777774446000-kotlin.trap.gz (3643 of 4882)
[2026-09-27 14:24:27] Importing QuerySolution.members#65.0-1777774446000-kotlin.trap.gz (3644 of 4882)
[2026-09-27 14:24:27] Importing QueryType.members#65.0-1777774446000-kotlin.trap.gz (3645 of 4882)
[2026-09-27 14:24:27] Importing QueryVisitor.members#65.0-1777774446000-kotlin.trap.gz (3646 of 4882)
[2026-09-27 14:24:27] Importing ReadWrite.members#65.0-1777774446000-kotlin.trap.gz (3647 of 4882)
[2026-09-27 14:24:27] Importing ResultSet.members#65.0-1777774446000-kotlin.trap.gz (3648 of 4882)
[2026-09-27 14:24:27] Importing ResultSetRewindable.members#65.0-1777774446000-kotlin.trap.gz (3649 of 4882)
[2026-09-27 14:24:27] Importing SortCondition.members#65.0-1777774446000-kotlin.trap.gz (3650 of 4882)
[2026-09-27 14:24:27] Importing Syntax.members#65.0-1777774446000-kotlin.trap.gz (3651 of 4882)
[2026-09-27 14:24:27] Importing TxnType.members#65.0-1777774446000-kotlin.trap.gz (3652 of 4882)
[2026-09-27 14:24:27] Importing Alt.members#65.0-1777774446000-kotlin.trap.gz (3653 of 4882)
[2026-09-27 14:24:27] Importing AnonId.members#65.0-1777774446000-kotlin.trap.gz (3654 of 4882)
[2026-09-27 14:24:27] Importing Bag.members#65.0-1777774446000-kotlin.trap.gz (3655 of 4882)
[2026-09-27 14:24:27] Importing Container.members#65.0-1777774446000-kotlin.trap.gz (3656 of 4882)
[2026-09-27 14:24:27] Importing InfModel.members#65.0-1777774446000-kotlin.trap.gz (3657 of 4882)
[2026-09-27 14:24:27] Importing Literal.members#65.0-1777774446000-kotlin.trap.gz (3658 of 4882)
[2026-09-27 14:24:27] Importing Model.members#65.0-1777774446000-kotlin.trap.gz (3659 of 4882)
[2026-09-27 14:24:27] Importing ModelChangedListener.members#65.0-1777774446000-kotlin.trap.gz (3660 of 4882)
[2026-09-27 14:24:27] Importing ModelCon.members#65.0-1777774446000-kotlin.trap.gz (3661 of 4882)
[2026-09-27 14:24:27] Importing ModelFactory.members#65.0-1777774446000-kotlin.trap.gz (3662 of 4882)
[2026-09-27 14:24:27] Importing ModelFactoryBase.members#65.0-1777774446000-kotlin.trap.gz (3663 of 4882)
[2026-09-27 14:24:27] Importing ModelGraphInterface.members#65.0-1777774446000-kotlin.trap.gz (3664 of 4882)
[2026-09-27 14:24:27] Importing ModelReader.members#65.0-1777774446000-kotlin.trap.gz (3665 of 4882)
[2026-09-27 14:24:27] Importing NodeIterator.members#65.0-1777774446000-kotlin.trap.gz (3666 of 4882)
[2026-09-27 14:24:27] Importing NsIterator.members#65.0-1777774446000-kotlin.trap.gz (3667 of 4882)
[2026-09-27 14:24:27] Importing Property.members#65.0-1777774446000-kotlin.trap.gz (3668 of 4882)
[2026-09-27 14:24:27] Importing RDFErrorHandler.members#65.0-1777774446000-kotlin.trap.gz (3669 of 4882)
[2026-09-27 14:24:27] Importing RDFList$ApplyFn.members#65.0-1777774446000-kotlin.trap.gz (3670 of 4882)
[2026-09-27 14:24:27] Importing RDFList$ReduceFn.members#65.0-1777774446000-kotlin.trap.gz (3671 of 4882)
[2026-09-27 14:24:27] Importing RDFList.members#65.0-1777774446000-kotlin.trap.gz (3672 of 4882)
[2026-09-27 14:24:27] Importing RDFNode.members#65.0-1777774446000-kotlin.trap.gz (3673 of 4882)
[2026-09-27 14:24:27] Importing RDFReaderF.members#65.0-1777774446000-kotlin.trap.gz (3674 of 4882)
[2026-09-27 14:24:27] Importing RDFReaderI.members#65.0-1777774446000-kotlin.trap.gz (3675 of 4882)
[2026-09-27 14:24:27] Importing RDFVisitor.members#65.0-1777774446000-kotlin.trap.gz (3676 of 4882)
[2026-09-27 14:24:27] Importing RDFWriterF.members#65.0-1777774446000-kotlin.trap.gz (3677 of 4882)
[2026-09-27 14:24:27] Importing RDFWriterI.members#65.0-1777774446000-kotlin.trap.gz (3678 of 4882)
[2026-09-27 14:24:27] Importing ResIterator.members#65.0-1777774446000-kotlin.trap.gz (3679 of 4882)
[2026-09-27 14:24:27] Importing Resource.members#65.0-1777774446000-kotlin.trap.gz (3680 of 4882)
[2026-09-27 14:24:27] Importing Seq.members#65.0-1777774446000-kotlin.trap.gz (3681 of 4882)
[2026-09-27 14:24:27] Importing Statement.members#65.0-1777774446000-kotlin.trap.gz (3682 of 4882)
[2026-09-27 14:24:27] Importing StatementTerm.members#65.0-1777774446000-kotlin.trap.gz (3683 of 4882)
[2026-09-27 14:24:27] Importing StmtIterator.members#65.0-1777774446000-kotlin.trap.gz (3684 of 4882)
[2026-09-27 14:24:27] Importing Derivation.members#65.0-1777774446000-kotlin.trap.gz (3685 of 4882)
[2026-09-27 14:24:27] Importing InfGraph.members#65.0-1777774446000-kotlin.trap.gz (3686 of 4882)
[2026-09-27 14:24:27] Importing Reasoner.members#65.0-1777774446000-kotlin.trap.gz (3687 of 4882)
[2026-09-27 14:24:27] Importing ReasonerFactory.members#65.0-1777774446000-kotlin.trap.gz (3688 of 4882)
[2026-09-27 14:24:27] Importing ValidityReport$Report.members#65.0-1777774446000-kotlin.trap.gz (3689 of 4882)
[2026-09-27 14:24:27] Importing ValidityReport.members#65.0-1777774446000-kotlin.trap.gz (3690 of 4882)
[2026-09-27 14:24:27] Importing Lang.members#65.0-1777774446000-kotlin.trap.gz (3691 of 4882)
[2026-09-27 14:24:27] Importing RDFDataMgr.members#65.0-1777774446000-kotlin.trap.gz (3692 of 4882)
[2026-09-27 14:24:27] Importing RDFFormat.members#65.0-1777774446000-kotlin.trap.gz (3693 of 4882)
[2026-09-27 14:24:27] Importing RDFFormatVariant.members#65.0-1777774446000-kotlin.trap.gz (3694 of 4882)
[2026-09-27 14:24:27] Importing NodeFormatter.members#65.0-1777774446000-kotlin.trap.gz (3695 of 4882)
[2026-09-27 14:24:27] Importing ErrorHandler.members#65.0-1777774446000-kotlin.trap.gz (3696 of 4882)
[2026-09-27 14:24:27] Importing PrefixEntry.members#65.0-1777774446000-kotlin.trap.gz (3697 of 4882)
[2026-09-27 14:24:27] Importing PrefixMap.members#65.0-1777774446000-kotlin.trap.gz (3698 of 4882)
[2026-09-27 14:24:27] Importing StreamRDF.members#65.0-1777774446000-kotlin.trap.gz (3699 of 4882)
[2026-09-27 14:24:27] Importing LocationMapper.members#65.0-1777774446000-kotlin.trap.gz (3700 of 4882)
[2026-09-27 14:24:27] Importing Locator.members#65.0-1777774446000-kotlin.trap.gz (3701 of 4882)
[2026-09-27 14:24:27] Importing StreamManager.members#65.0-1777774446000-kotlin.trap.gz (3702 of 4882)
[2026-09-27 14:24:27] Importing ShaclValidator.members#65.0-1777774446000-kotlin.trap.gz (3703 of 4882)
[2026-09-27 14:24:27] Importing Shapes.members#65.0-1777774446000-kotlin.trap.gz (3704 of 4882)
[2026-09-27 14:24:27] Importing ValidationReport$Builder.members#65.0-1777774446000-kotlin.trap.gz (3705 of 4882)
[2026-09-27 14:24:27] Importing ValidationReport.members#65.0-1777774446000-kotlin.trap.gz (3706 of 4882)
[2026-09-27 14:24:27] Importing Parameter.members#65.0-1777774446000-kotlin.trap.gz (3707 of 4882)
[2026-09-27 14:24:27] Importing Target.members#65.0-1777774446000-kotlin.trap.gz (3708 of 4882)
[2026-09-27 14:24:27] Importing TargetType.members#65.0-1777774446000-kotlin.trap.gz (3709 of 4882)
[2026-09-27 14:24:27] Importing Targets.members#65.0-1777774446000-kotlin.trap.gz (3710 of 4882)
[2026-09-27 14:24:27] Importing ValidationContext.members#65.0-1777774446000-kotlin.trap.gz (3711 of 4882)
[2026-09-27 14:24:27] Importing CardinalityConstraint.members#65.0-1777774446000-kotlin.trap.gz (3712 of 4882)
[2026-09-27 14:24:27] Importing ClassConstraint.members#65.0-1777774446000-kotlin.trap.gz (3713 of 4882)
[2026-09-27 14:24:27] Importing ClosedConstraint.members#65.0-1777774446000-kotlin.trap.gz (3714 of 4882)
[2026-09-27 14:24:27] Importing ConstraintComponentSPARQL.members#65.0-1777774446000-kotlin.trap.gz (3715 of 4882)
[2026-09-27 14:24:27] Importing ConstraintDataTerm.members#65.0-1777774446000-kotlin.trap.gz (3716 of 4882)
[2026-09-27 14:24:27] Importing ConstraintEntity.members#65.0-1777774446000-kotlin.trap.gz (3717 of 4882)
[2026-09-27 14:24:27] Importing ConstraintList.members#65.0-1777774446000-kotlin.trap.gz (3718 of 4882)
[2026-09-27 14:24:27] Importing ConstraintOp.members#65.0-1777774446000-kotlin.trap.gz (3719 of 4882)
[2026-09-27 14:24:27] Importing ConstraintOp1.members#65.0-1777774446000-kotlin.trap.gz (3720 of 4882)
[2026-09-27 14:24:27] Importing ConstraintOpN.members#65.0-1777774446000-kotlin.trap.gz (3721 of 4882)
[2026-09-27 14:24:27] Importing ConstraintPairwise.members#65.0-1777774446000-kotlin.trap.gz (3722 of 4882)
[2026-09-27 14:24:27] Importing ConstraintTerm.members#65.0-1777774446000-kotlin.trap.gz (3723 of 4882)
[2026-09-27 14:24:27] Importing DatatypeConstraint.members#65.0-1777774446000-kotlin.trap.gz (3724 of 4882)
[2026-09-27 14:24:27] Importing DisjointConstraint.members#65.0-1777774446000-kotlin.trap.gz (3725 of 4882)
[2026-09-27 14:24:27] Importing EqualsConstraint.members#65.0-1777774446000-kotlin.trap.gz (3726 of 4882)
[2026-09-27 14:24:27] Importing HasValueConstraint.members#65.0-1777774446000-kotlin.trap.gz (3727 of 4882)
[2026-09-27 14:24:27] Importing InConstraint.members#65.0-1777774446000-kotlin.trap.gz (3728 of 4882)
[2026-09-27 14:24:27] Importing JLogConstraint.members#65.0-1777774446000-kotlin.trap.gz (3729 of 4882)
[2026-09-27 14:24:27] Importing JViolationConstraint.members#65.0-1777774446000-kotlin.trap.gz (3730 of 4882)
[2026-09-27 14:24:27] Importing LessThanConstraint.members#65.0-1777774446000-kotlin.trap.gz (3731 of 4882)
[2026-09-27 14:24:27] Importing LessThanOrEqualsConstraint.members#65.0-1777774446000-kotlin.trap.gz (3732 of 4882)
[2026-09-27 14:24:27] Importing ListMaxLength.members#65.0-1777774446000-kotlin.trap.gz (3733 of 4882)
[2026-09-27 14:24:27] Importing ListMemberShape.members#65.0-1777774446000-kotlin.trap.gz (3734 of 4882)
[2026-09-27 14:24:27] Importing ListMinLength.members#65.0-1777774446000-kotlin.trap.gz (3735 of 4882)
[2026-09-27 14:24:27] Importing ListUniqueMembers.members#65.0-1777774446000-kotlin.trap.gz (3736 of 4882)
[2026-09-27 14:24:27] Importing MaxCount.members#65.0-1777774446000-kotlin.trap.gz (3737 of 4882)
[2026-09-27 14:24:27] Importing MinCount.members#65.0-1777774446000-kotlin.trap.gz (3738 of 4882)
[2026-09-27 14:24:27] Importing NodeKindConstraint.members#65.0-1777774446000-kotlin.trap.gz (3739 of 4882)
[2026-09-27 14:24:27] Importing PatternConstraint.members#65.0-1777774446000-kotlin.trap.gz (3740 of 4882)
[2026-09-27 14:24:27] Importing QualifiedValueShape$QualifiedMaxCountConstraintEvaluatedEvent.members#65.0-1777774446000-kotlin.trap.gz (3741 of 4882)
[2026-09-27 14:24:27] Importing QualifiedValueShape$QualifiedMinCountConstraintEvaluatedEvent.members#65.0-1777774446000-kotlin.trap.gz (3742 of 4882)
[2026-09-27 14:24:27] Importing QualifiedValueShape.members#65.0-1777774446000-kotlin.trap.gz (3743 of 4882)
[2026-09-27 14:24:27] Importing ShAnd.members#65.0-1777774446000-kotlin.trap.gz (3744 of 4882)
[2026-09-27 14:24:27] Importing ShNode.members#65.0-1777774446000-kotlin.trap.gz (3745 of 4882)
[2026-09-27 14:24:27] Importing ShNot.members#65.0-1777774446000-kotlin.trap.gz (3746 of 4882)
[2026-09-27 14:24:27] Importing ShOr.members#65.0-1777774446000-kotlin.trap.gz (3747 of 4882)
[2026-09-27 14:24:27] Importing ShXone.members#65.0-1777774446000-kotlin.trap.gz (3748 of 4882)
[2026-09-27 14:24:27] Importing SparqlComponent.members#65.0-1777774446000-kotlin.trap.gz (3749 of 4882)
[2026-09-27 14:24:27] Importing SparqlConstraint.members#65.0-1777774446000-kotlin.trap.gz (3750 of 4882)
[2026-09-27 14:24:27] Importing StrLanguageIn.members#65.0-1777774446000-kotlin.trap.gz (3751 of 4882)
[2026-09-27 14:24:27] Importing StrMaxLengthConstraint.members#65.0-1777774446000-kotlin.trap.gz (3752 of 4882)
[2026-09-27 14:24:27] Importing StrMinLengthConstraint.members#65.0-1777774446000-kotlin.trap.gz (3753 of 4882)
[2026-09-27 14:24:27] Importing UniqueLangConstraint.members#65.0-1777774446000-kotlin.trap.gz (3754 of 4882)
[2026-09-27 14:24:27] Importing ValueMaxExclusiveConstraint.members#65.0-1777774446000-kotlin.trap.gz (3755 of 4882)
[2026-09-27 14:24:27] Importing ValueMaxInclusiveConstraint.members#65.0-1777774446000-kotlin.trap.gz (3756 of 4882)
[2026-09-27 14:24:27] Importing ValueMinExclusiveConstraint.members#65.0-1777774446000-kotlin.trap.gz (3757 of 4882)
[2026-09-27 14:24:27] Importing ValueMinInclusiveConstraint.members#65.0-1777774446000-kotlin.trap.gz (3758 of 4882)
[2026-09-27 14:24:27] Importing ValueRangeConstraint.members#65.0-1777774446000-kotlin.trap.gz (3759 of 4882)
[2026-09-27 14:24:27] Importing Constraint.members#65.0-1777774446000-kotlin.trap.gz (3760 of 4882)
[2026-09-27 14:24:27] Importing ConstraintVisitor.members#65.0-1777774446000-kotlin.trap.gz (3761 of 4882)
[2026-09-27 14:24:27] Importing NodeShape.members#65.0-1777774446000-kotlin.trap.gz (3762 of 4882)
[2026-09-27 14:24:27] Importing PropertyShape.members#65.0-1777774446000-kotlin.trap.gz (3763 of 4882)
[2026-09-27 14:24:27] Importing Shape.members#65.0-1777774446000-kotlin.trap.gz (3764 of 4882)
[2026-09-27 14:24:27] Importing ShapeVisitor.members#65.0-1777774446000-kotlin.trap.gz (3765 of 4882)
[2026-09-27 14:24:27] Importing ReportEntry.members#65.0-1777774446000-kotlin.trap.gz (3766 of 4882)
[2026-09-27 14:24:27] Importing ReportItem.members#65.0-1777774446000-kotlin.trap.gz (3767 of 4882)
[2026-09-27 14:24:27] Importing Severity.members#65.0-1777774446000-kotlin.trap.gz (3768 of 4882)
[2026-09-27 14:24:27] Importing ValidationListener.members#65.0-1777774446000-kotlin.trap.gz (3769 of 4882)
[2026-09-27 14:24:27] Importing AbstractConstraintEvaluationEvent.members#65.0-1777774446000-kotlin.trap.gz (3770 of 4882)
[2026-09-27 14:24:27] Importing AbstractConstraintEvaluationForPathEvent.members#65.0-1777774446000-kotlin.trap.gz (3771 of 4882)
[2026-09-27 14:24:27] Importing AbstractConstraintEvaluationOnPathNodesEvent.members#65.0-1777774446000-kotlin.trap.gz (3772 of 4882)
[2026-09-27 14:24:27] Importing AbstractFocusNodeValidationEvent.members#65.0-1777774446000-kotlin.trap.gz (3773 of 4882)
[2026-09-27 14:24:27] Importing AbstractShapeValidationEvent.members#65.0-1777774446000-kotlin.trap.gz (3774 of 4882)
[2026-09-27 14:24:27] Importing AbstractValidationEvent.members#65.0-1777774446000-kotlin.trap.gz (3775 of 4882)
[2026-09-27 14:24:27] Importing CompareNodesEvent.members#65.0-1777774446000-kotlin.trap.gz (3776 of 4882)
[2026-09-27 14:24:27] Importing ConstraintEvaluatedEvent.members#65.0-1777774446000-kotlin.trap.gz (3777 of 4882)
[2026-09-27 14:24:27] Importing ConstraintEvaluatedOnPathNodesEvent.members#65.0-1777774446000-kotlin.trap.gz (3778 of 4882)
[2026-09-27 14:24:27] Importing ConstraintEvaluatedOnPathNodesWithCompareNodesEvent.members#65.0-1777774446000-kotlin.trap.gz (3779 of 4882)
[2026-09-27 14:24:27] Importing ConstraintEvaluationEvent.members#65.0-1777774446000-kotlin.trap.gz (3780 of 4882)
[2026-09-27 14:24:27] Importing ConstraintEvaluationForPathEvent.members#65.0-1777774446000-kotlin.trap.gz (3781 of 4882)
[2026-09-27 14:24:27] Importing ConstraintEvaluationOnPathNodesEvent.members#65.0-1777774446000-kotlin.trap.gz (3782 of 4882)
[2026-09-27 14:24:27] Importing FocusNodeValidationEvent.members#65.0-1777774446000-kotlin.trap.gz (3783 of 4882)
[2026-09-27 14:24:27] Importing ImmutableLazySetCopy.members#65.0-1777774446000-kotlin.trap.gz (3784 of 4882)
[2026-09-27 14:24:27] Importing ShapeValidationEvent.members#65.0-1777774446000-kotlin.trap.gz (3785 of 4882)
[2026-09-27 14:24:27] Importing ValidationEvent.members#65.0-1777774446000-kotlin.trap.gz (3786 of 4882)
[2026-09-27 14:24:27] Importing JenaException.members#65.0-1777774446000-kotlin.trap.gz (3787 of 4882)
[2026-09-27 14:24:27] Importing Lock.members#65.0-1777774446000-kotlin.trap.gz (3788 of 4882)
[2026-09-27 14:24:27] Importing PrefixMapping$Factory.members#65.0-1777774446000-kotlin.trap.gz (3789 of 4882)
[2026-09-27 14:24:27] Importing PrefixMapping$IllegalPrefixException.members#65.0-1777774446000-kotlin.trap.gz (3790 of 4882)
[2026-09-27 14:24:27] Importing PrefixMapping$JenaLockedException.members#65.0-1777774446000-kotlin.trap.gz (3791 of 4882)
[2026-09-27 14:24:27] Importing PrefixMapping.members#65.0-1777774446000-kotlin.trap.gz (3792 of 4882)
[2026-09-27 14:24:27] Importing ARQException.members#65.0-1777774446000-kotlin.trap.gz (3793 of 4882)
[2026-09-27 14:24:27] Importing ARQInternalErrorException.members#65.0-1777774446000-kotlin.trap.gz (3794 of 4882)
[2026-09-27 14:24:27] Importing Op.members#65.0-1777774446000-kotlin.trap.gz (3795 of 4882)
[2026-09-27 14:24:27] Importing OpVisitor.members#65.0-1777774446000-kotlin.trap.gz (3796 of 4882)
[2026-09-27 14:24:27] Importing Table.members#65.0-1777774446000-kotlin.trap.gz (3797 of 4882)
[2026-09-27 14:24:27] Importing Transform.members#65.0-1777774446000-kotlin.trap.gz (3798 of 4882)
[2026-09-27 14:24:27] Importing Op0.members#65.0-1777774446000-kotlin.trap.gz (3799 of 4882)
[2026-09-27 14:24:27] Importing Op1.members#65.0-1777774446000-kotlin.trap.gz (3800 of 4882)
[2026-09-27 14:24:27] Importing Op2.members#65.0-1777774446000-kotlin.trap.gz (3801 of 4882)
[2026-09-27 14:24:27] Importing OpAntiJoin.members#65.0-1777774446000-kotlin.trap.gz (3802 of 4882)
[2026-09-27 14:24:27] Importing OpAssign.members#65.0-1777774446000-kotlin.trap.gz (3803 of 4882)
[2026-09-27 14:24:27] Importing OpBGP.members#65.0-1777774446000-kotlin.trap.gz (3804 of 4882)
[2026-09-27 14:24:27] Importing OpBase.members#65.0-1777774446000-kotlin.trap.gz (3805 of 4882)
[2026-09-27 14:24:27] Importing OpConditional.members#65.0-1777774446000-kotlin.trap.gz (3806 of 4882)
[2026-09-27 14:24:27] Importing OpDatasetNames.members#65.0-1777774446000-kotlin.trap.gz (3807 of 4882)
[2026-09-27 14:24:27] Importing OpDisjunction.members#65.0-1777774446000-kotlin.trap.gz (3808 of 4882)
[2026-09-27 14:24:27] Importing OpDistinct.members#65.0-1777774446000-kotlin.trap.gz (3809 of 4882)
[2026-09-27 14:24:27] Importing OpDistinctReduced.members#65.0-1777774446000-kotlin.trap.gz (3810 of 4882)
[2026-09-27 14:24:27] Importing OpExt.members#65.0-1777774446000-kotlin.trap.gz (3811 of 4882)
[2026-09-27 14:24:27] Importing OpExtend.members#65.0-1777774446000-kotlin.trap.gz (3812 of 4882)
[2026-09-27 14:24:27] Importing OpExtendAssign.members#65.0-1777774446000-kotlin.trap.gz (3813 of 4882)
[2026-09-27 14:24:27] Importing OpFilter.members#65.0-1777774446000-kotlin.trap.gz (3814 of 4882)
[2026-09-27 14:24:27] Importing OpGraph.members#65.0-1777774446000-kotlin.trap.gz (3815 of 4882)
[2026-09-27 14:24:27] Importing OpGroup.members#65.0-1777774446000-kotlin.trap.gz (3816 of 4882)
[2026-09-27 14:24:27] Importing OpJoin.members#65.0-1777774446000-kotlin.trap.gz (3817 of 4882)
[2026-09-27 14:24:27] Importing OpLabel.members#65.0-1777774446000-kotlin.trap.gz (3818 of 4882)
[2026-09-27 14:24:27] Importing OpLateral.members#65.0-1777774446000-kotlin.trap.gz (3819 of 4882)
[2026-09-27 14:24:27] Importing OpLeftJoin.members#65.0-1777774446000-kotlin.trap.gz (3820 of 4882)
[2026-09-27 14:24:27] Importing OpList.members#65.0-1777774446000-kotlin.trap.gz (3821 of 4882)
[2026-09-27 14:24:27] Importing OpMinus.members#65.0-1777774446000-kotlin.trap.gz (3822 of 4882)
[2026-09-27 14:24:27] Importing OpModifier.members#65.0-1777774446000-kotlin.trap.gz (3823 of 4882)
[2026-09-27 14:24:27] Importing OpN.members#65.0-1777774446000-kotlin.trap.gz (3824 of 4882)
[2026-09-27 14:24:27] Importing OpNull.members#65.0-1777774446000-kotlin.trap.gz (3825 of 4882)
[2026-09-27 14:24:27] Importing OpOrder.members#65.0-1777774446000-kotlin.trap.gz (3826 of 4882)
[2026-09-27 14:24:27] Importing OpPath.members#65.0-1777774446000-kotlin.trap.gz (3827 of 4882)
[2026-09-27 14:24:27] Importing OpProcedure.members#65.0-1777774446000-kotlin.trap.gz (3828 of 4882)
[2026-09-27 14:24:27] Importing OpProject.members#65.0-1777774446000-kotlin.trap.gz (3829 of 4882)
[2026-09-27 14:24:27] Importing OpPropFunc.members#65.0-1777774446000-kotlin.trap.gz (3830 of 4882)
[2026-09-27 14:24:27] Importing OpQuad.members#65.0-1777774446000-kotlin.trap.gz (3831 of 4882)
[2026-09-27 14:24:27] Importing OpQuadBlock.members#65.0-1777774446000-kotlin.trap.gz (3832 of 4882)
[2026-09-27 14:24:27] Importing OpQuadPattern.members#65.0-1777774446000-kotlin.trap.gz (3833 of 4882)
[2026-09-27 14:24:27] Importing OpReduced.members#65.0-1777774446000-kotlin.trap.gz (3834 of 4882)
[2026-09-27 14:24:27] Importing OpSemiJoin.members#65.0-1777774446000-kotlin.trap.gz (3835 of 4882)
[2026-09-27 14:24:27] Importing OpSequence.members#65.0-1777774446000-kotlin.trap.gz (3836 of 4882)
[2026-09-27 14:24:27] Importing OpService.members#65.0-1777774446000-kotlin.trap.gz (3837 of 4882)
[2026-09-27 14:24:27] Importing OpSlice.members#65.0-1777774446000-kotlin.trap.gz (3838 of 4882)
[2026-09-27 14:24:27] Importing OpTable.members#65.0-1777774446000-kotlin.trap.gz (3839 of 4882)
[2026-09-27 14:24:27] Importing OpTopN.members#65.0-1777774446000-kotlin.trap.gz (3840 of 4882)
[2026-09-27 14:24:27] Importing OpTriple.members#65.0-1777774446000-kotlin.trap.gz (3841 of 4882)
[2026-09-27 14:24:27] Importing OpUnfold.members#65.0-1777774446000-kotlin.trap.gz (3842 of 4882)
[2026-09-27 14:24:27] Importing OpUnion.members#65.0-1777774446000-kotlin.trap.gz (3843 of 4882)
[2026-09-27 14:24:27] Importing TableBase.members#65.0-1777774446000-kotlin.trap.gz (3844 of 4882)
[2026-09-27 14:24:27] Importing TableData.members#65.0-1777774446000-kotlin.trap.gz (3845 of 4882)
[2026-09-27 14:24:27] Importing TableN.members#65.0-1777774446000-kotlin.trap.gz (3846 of 4882)
[2026-09-27 14:24:27] Importing BasicPattern.members#65.0-1777774446000-kotlin.trap.gz (3847 of 4882)
[2026-09-27 14:24:27] Importing DatasetDescription.members#65.0-1777774446000-kotlin.trap.gz (3848 of 4882)
[2026-09-27 14:24:27] Importing DatasetGraph.members#65.0-1777774446000-kotlin.trap.gz (3849 of 4882)
[2026-09-27 14:24:27] Importing PathBlock.members#65.0-1777774446000-kotlin.trap.gz (3850 of 4882)
[2026-09-27 14:24:27] Importing Prologue.members#65.0-1777774446000-kotlin.trap.gz (3851 of 4882)
[2026-09-27 14:24:27] Importing Quad.members#65.0-1777774446000-kotlin.trap.gz (3852 of 4882)
[2026-09-27 14:24:27] Importing QuadPattern.members#65.0-1777774446000-kotlin.trap.gz (3853 of 4882)
[2026-09-27 14:24:27] Importing Transactional$Promote.members#65.0-1777774446000-kotlin.trap.gz (3854 of 4882)
[2026-09-27 14:24:27] Importing Transactional.members#65.0-1777774446000-kotlin.trap.gz (3855 of 4882)
[2026-09-27 14:24:27] Importing TriplePath.members#65.0-1777774446000-kotlin.trap.gz (3856 of 4882)
[2026-09-27 14:24:27] Importing Var$NotAVariableException.members#65.0-1777774446000-kotlin.trap.gz (3857 of 4882)
[2026-09-27 14:24:27] Importing Var.members#65.0-1777774446000-kotlin.trap.gz (3858 of 4882)
[2026-09-27 14:24:27] Importing VarExprList.members#65.0-1777774446000-kotlin.trap.gz (3859 of 4882)
[2026-09-27 14:24:27] Importing ExecutionContext.members#65.0-1777774446000-kotlin.trap.gz (3860 of 4882)
[2026-09-27 14:24:27] Importing QueryIterator.members#65.0-1777774446000-kotlin.trap.gz (3861 of 4882)
[2026-09-27 14:24:27] Importing Binding.members#65.0-1777774446000-kotlin.trap.gz (3862 of 4882)
[2026-09-27 14:24:27] Importing BindingBuilder.members#65.0-1777774446000-kotlin.trap.gz (3863 of 4882)
[2026-09-27 14:24:27] Importing ExecutionDispatch.members#65.0-1777774446000-kotlin.trap.gz (3864 of 4882)
[2026-09-27 14:24:27] Importing OpExecutor.members#65.0-1777774446000-kotlin.trap.gz (3865 of 4882)
[2026-09-27 14:24:27] Importing OpExecutorFactory.members#65.0-1777774446000-kotlin.trap.gz (3866 of 4882)
[2026-09-27 14:24:27] Importing StageGenerator.members#65.0-1777774446000-kotlin.trap.gz (3867 of 4882)
[2026-09-27 14:24:27] Importing Evaluator.members#65.0-1777774446000-kotlin.trap.gz (3868 of 4882)
[2026-09-27 14:24:27] Importing RowSet$Exception.members#65.0-1777774446000-kotlin.trap.gz (3869 of 4882)
[2026-09-27 14:24:27] Importing RowSet.members#65.0-1777774446000-kotlin.trap.gz (3870 of 4882)
[2026-09-27 14:24:27] Importing RowSetRewindable.members#65.0-1777774446000-kotlin.trap.gz (3871 of 4882)
[2026-09-27 14:24:27] Importing Expr.members#65.0-1777774446000-kotlin.trap.gz (3872 of 4882)
[2026-09-27 14:24:27] Importing ExprAggregator.members#65.0-1777774446000-kotlin.trap.gz (3873 of 4882)
[2026-09-27 14:24:27] Importing ExprException.members#65.0-1777774446000-kotlin.trap.gz (3874 of 4882)
[2026-09-27 14:24:27] Importing ExprFunction.members#65.0-1777774446000-kotlin.trap.gz (3875 of 4882)
[2026-09-27 14:24:27] Importing ExprFunction0.members#65.0-1777774446000-kotlin.trap.gz (3876 of 4882)
[2026-09-27 14:24:27] Importing ExprFunction1.members#65.0-1777774446000-kotlin.trap.gz (3877 of 4882)
[2026-09-27 14:24:27] Importing ExprFunction2.members#65.0-1777774446000-kotlin.trap.gz (3878 of 4882)
[2026-09-27 14:24:27] Importing ExprFunction3.members#65.0-1777774446000-kotlin.trap.gz (3879 of 4882)
[2026-09-27 14:24:27] Importing ExprFunctionN.members#65.0-1777774446000-kotlin.trap.gz (3880 of 4882)
[2026-09-27 14:24:27] Importing ExprFunctionOp.members#65.0-1777774446000-kotlin.trap.gz (3881 of 4882)
[2026-09-27 14:24:27] Importing ExprList.members#65.0-1777774446000-kotlin.trap.gz (3882 of 4882)
[2026-09-27 14:24:27] Importing ExprNode.members#65.0-1777774446000-kotlin.trap.gz (3883 of 4882)
[2026-09-27 14:24:27] Importing ExprNone.members#65.0-1777774446000-kotlin.trap.gz (3884 of 4882)
[2026-09-27 14:24:27] Importing ExprTransform.members#65.0-1777774446000-kotlin.trap.gz (3885 of 4882)
[2026-09-27 14:24:27] Importing ExprTripleTerm.members#65.0-1777774446000-kotlin.trap.gz (3886 of 4882)
[2026-09-27 14:24:27] Importing ExprVar.members#65.0-1777774446000-kotlin.trap.gz (3887 of 4882)
[2026-09-27 14:24:27] Importing ExprVisitor.members#65.0-1777774446000-kotlin.trap.gz (3888 of 4882)
[2026-09-27 14:24:27] Importing FunctionLabel.members#65.0-1777774446000-kotlin.trap.gz (3889 of 4882)
[2026-09-27 14:24:27] Importing NodeValue.members#65.0-1777774446000-kotlin.trap.gz (3890 of 4882)
[2026-09-27 14:24:27] Importing ValueSpace.members#65.0-1777774446000-kotlin.trap.gz (3891 of 4882)
[2026-09-27 14:24:27] Importing Accumulator.members#65.0-1777774446000-kotlin.trap.gz (3892 of 4882)
[2026-09-27 14:24:27] Importing Aggregator.members#65.0-1777774446000-kotlin.trap.gz (3893 of 4882)
[2026-09-27 14:24:27] Importing NodeValueBoolean.members#65.0-1777774446000-kotlin.trap.gz (3894 of 4882)
[2026-09-27 14:24:27] Importing NodeValueDateTime.members#65.0-1777774446000-kotlin.trap.gz (3895 of 4882)
[2026-09-27 14:24:27] Importing NodeValueDecimal.members#65.0-1777774446000-kotlin.trap.gz (3896 of 4882)
[2026-09-27 14:24:27] Importing NodeValueDouble.members#65.0-1777774446000-kotlin.trap.gz (3897 of 4882)
[2026-09-27 14:24:27] Importing NodeValueDuration.members#65.0-1777774446000-kotlin.trap.gz (3898 of 4882)
[2026-09-27 14:24:27] Importing NodeValueFloat.members#65.0-1777774446000-kotlin.trap.gz (3899 of 4882)
[2026-09-27 14:24:27] Importing NodeValueInteger.members#65.0-1777774446000-kotlin.trap.gz (3900 of 4882)
[2026-09-27 14:24:27] Importing NodeValueLang.members#65.0-1777774446000-kotlin.trap.gz (3901 of 4882)
[2026-09-27 14:24:27] Importing NodeValueLangDir.members#65.0-1777774446000-kotlin.trap.gz (3902 of 4882)
[2026-09-27 14:24:27] Importing NodeValueNode.members#65.0-1777774446000-kotlin.trap.gz (3903 of 4882)
[2026-09-27 14:24:27] Importing NodeValueSortKey.members#65.0-1777774446000-kotlin.trap.gz (3904 of 4882)
[2026-09-27 14:24:27] Importing NodeValueString.members#65.0-1777774446000-kotlin.trap.gz (3905 of 4882)
[2026-09-27 14:24:27] Importing NodeValueVisitor.members#65.0-1777774446000-kotlin.trap.gz (3906 of 4882)
[2026-09-27 14:24:27] Importing FunctionEnv.members#65.0-1777774446000-kotlin.trap.gz (3907 of 4882)
[2026-09-27 14:24:27] Importing NodeTransform.members#65.0-1777774446000-kotlin.trap.gz (3908 of 4882)
[2026-09-27 14:24:27] Importing QuadAcc.members#65.0-1777774446000-kotlin.trap.gz (3909 of 4882)
[2026-09-27 14:24:27] Importing QuadAccSink.members#65.0-1777774446000-kotlin.trap.gz (3910 of 4882)
[2026-09-27 14:24:27] Importing P_Alt.members#65.0-1777774446000-kotlin.trap.gz (3911 of 4882)
[2026-09-27 14:24:27] Importing P_Distinct.members#65.0-1777774446000-kotlin.trap.gz (3912 of 4882)
[2026-09-27 14:24:27] Importing P_FixedLength.members#65.0-1777774446000-kotlin.trap.gz (3913 of 4882)
[2026-09-27 14:24:27] Importing P_Inverse.members#65.0-1777774446000-kotlin.trap.gz (3914 of 4882)
[2026-09-27 14:24:27] Importing P_Link.members#65.0-1777774446000-kotlin.trap.gz (3915 of 4882)
[2026-09-27 14:24:27] Importing P_Mod.members#65.0-1777774446000-kotlin.trap.gz (3916 of 4882)
[2026-09-27 14:24:27] Importing P_Multi.members#65.0-1777774446000-kotlin.trap.gz (3917 of 4882)
[2026-09-27 14:24:27] Importing P_NegPropSet.members#65.0-1777774446000-kotlin.trap.gz (3918 of 4882)
[2026-09-27 14:24:27] Importing P_OneOrMore1.members#65.0-1777774446000-kotlin.trap.gz (3919 of 4882)
[2026-09-27 14:24:27] Importing P_OneOrMoreN.members#65.0-1777774446000-kotlin.trap.gz (3920 of 4882)
[2026-09-27 14:24:27] Importing P_Path0.members#65.0-1777774446000-kotlin.trap.gz (3921 of 4882)
[2026-09-27 14:24:27] Importing P_Path1.members#65.0-1777774446000-kotlin.trap.gz (3922 of 4882)
[2026-09-27 14:24:27] Importing P_Path2.members#65.0-1777774446000-kotlin.trap.gz (3923 of 4882)
[2026-09-27 14:24:27] Importing P_ReverseLink.members#65.0-1777774446000-kotlin.trap.gz (3924 of 4882)
[2026-09-27 14:24:27] Importing P_Seq.members#65.0-1777774446000-kotlin.trap.gz (3925 of 4882)
[2026-09-27 14:24:27] Importing P_Shortest.members#65.0-1777774446000-kotlin.trap.gz (3926 of 4882)
[2026-09-27 14:24:27] Importing P_ZeroOrMore1.members#65.0-1777774446000-kotlin.trap.gz (3927 of 4882)
[2026-09-27 14:24:27] Importing P_ZeroOrMoreN.members#65.0-1777774446000-kotlin.trap.gz (3928 of 4882)
[2026-09-27 14:24:27] Importing P_ZeroOrOne.members#65.0-1777774446000-kotlin.trap.gz (3929 of 4882)
[2026-09-27 14:24:27] Importing Path.members#65.0-1777774446000-kotlin.trap.gz (3930 of 4882)
[2026-09-27 14:24:27] Importing PathBase.members#65.0-1777774446000-kotlin.trap.gz (3931 of 4882)
[2026-09-27 14:24:27] Importing PathVisitor.members#65.0-1777774446000-kotlin.trap.gz (3932 of 4882)
[2026-09-27 14:24:27] Importing PropFuncArg.members#65.0-1777774446000-kotlin.trap.gz (3933 of 4882)
[2026-09-27 14:24:27] Importing FmtExprSPARQL$FmtExprARQVisitor.members#65.0-1777774446000-kotlin.trap.gz (3934 of 4882)
[2026-09-27 14:24:27] Importing FmtExprSPARQL.members#65.0-1777774446000-kotlin.trap.gz (3935 of 4882)
[2026-09-27 14:24:27] Importing FormatterTemplate.members#65.0-1777774446000-kotlin.trap.gz (3936 of 4882)
[2026-09-27 14:24:27] Importing SerializationContext.members#65.0-1777774446000-kotlin.trap.gz (3937 of 4882)
[2026-09-27 14:24:27] Importing Element.members#65.0-1777774446000-kotlin.trap.gz (3938 of 4882)
[2026-09-27 14:24:27] Importing Element1.members#65.0-1777774446000-kotlin.trap.gz (3939 of 4882)
[2026-09-27 14:24:27] Importing ElementAntiJoin.members#65.0-1777774446000-kotlin.trap.gz (3940 of 4882)
[2026-09-27 14:24:27] Importing ElementAssign.members#65.0-1777774446000-kotlin.trap.gz (3941 of 4882)
[2026-09-27 14:24:27] Importing ElementBind.members#65.0-1777774446000-kotlin.trap.gz (3942 of 4882)
[2026-09-27 14:24:27] Importing ElementData.members#65.0-1777774446000-kotlin.trap.gz (3943 of 4882)
[2026-09-27 14:24:27] Importing ElementDataset.members#65.0-1777774446000-kotlin.trap.gz (3944 of 4882)
[2026-09-27 14:24:27] Importing ElementExists.members#65.0-1777774446000-kotlin.trap.gz (3945 of 4882)
[2026-09-27 14:24:27] Importing ElementFilter.members#65.0-1777774446000-kotlin.trap.gz (3946 of 4882)
[2026-09-27 14:24:27] Importing ElementGroup.members#65.0-1777774446000-kotlin.trap.gz (3947 of 4882)
[2026-09-27 14:24:27] Importing ElementLateral.members#65.0-1777774446000-kotlin.trap.gz (3948 of 4882)
[2026-09-27 14:24:27] Importing ElementMinus.members#65.0-1777774446000-kotlin.trap.gz (3949 of 4882)
[2026-09-27 14:24:27] Importing ElementNamedGraph.members#65.0-1777774446000-kotlin.trap.gz (3950 of 4882)
[2026-09-27 14:24:27] Importing ElementNotExists.members#65.0-1777774446000-kotlin.trap.gz (3951 of 4882)
[2026-09-27 14:24:27] Importing ElementOptional.members#65.0-1777774446000-kotlin.trap.gz (3952 of 4882)
[2026-09-27 14:24:27] Importing ElementPathBlock.members#65.0-1777774446000-kotlin.trap.gz (3953 of 4882)
[2026-09-27 14:24:27] Importing ElementSemiJoin.members#65.0-1777774446000-kotlin.trap.gz (3954 of 4882)
[2026-09-27 14:24:27] Importing ElementService.members#65.0-1777774446000-kotlin.trap.gz (3955 of 4882)
[2026-09-27 14:24:27] Importing ElementSubQuery.members#65.0-1777774446000-kotlin.trap.gz (3956 of 4882)
[2026-09-27 14:24:27] Importing ElementTriplesBlock.members#65.0-1777774446000-kotlin.trap.gz (3957 of 4882)
[2026-09-27 14:24:27] Importing ElementUnfold.members#65.0-1777774446000-kotlin.trap.gz (3958 of 4882)
[2026-09-27 14:24:27] Importing ElementUnion.members#65.0-1777774446000-kotlin.trap.gz (3959 of 4882)
[2026-09-27 14:24:27] Importing ElementVisitor.members#65.0-1777774446000-kotlin.trap.gz (3960 of 4882)
[2026-09-27 14:24:27] Importing Template.members#65.0-1777774446000-kotlin.trap.gz (3961 of 4882)
[2026-09-27 14:24:27] Importing TripleCollector.members#65.0-1777774446000-kotlin.trap.gz (3962 of 4882)
[2026-09-27 14:24:27] Importing TripleCollectorMark.members#65.0-1777774446000-kotlin.trap.gz (3963 of 4882)
[2026-09-27 14:24:27] Importing Context.members#65.0-1777774446000-kotlin.trap.gz (3964 of 4882)
[2026-09-27 14:24:27] Importing Named.members#65.0-1777774446000-kotlin.trap.gz (3965 of 4882)
[2026-09-27 14:24:27] Importing NodeIsomorphismMap.members#65.0-1777774446000-kotlin.trap.gz (3966 of 4882)
[2026-09-27 14:24:27] Importing NodeToLabelMap.members#65.0-1777774446000-kotlin.trap.gz (3967 of 4882)
[2026-09-27 14:24:27] Importing PrintSerializable.members#65.0-1777774446000-kotlin.trap.gz (3968 of 4882)
[2026-09-27 14:24:27] Importing PrintSerializableBase.members#65.0-1777774446000-kotlin.trap.gz (3969 of 4882)
[2026-09-27 14:24:27] Importing Symbol.members#65.0-1777774446000-kotlin.trap.gz (3970 of 4882)
[2026-09-27 14:24:27] Importing TranslationTable.members#65.0-1777774446000-kotlin.trap.gz (3971 of 4882)
[2026-09-27 14:24:27] Importing FileManager.members#65.0-1777774446000-kotlin.trap.gz (3972 of 4882)
[2026-09-27 14:24:27] Importing LocationMapper.members#65.0-1777774446000-kotlin.trap.gz (3973 of 4882)
[2026-09-27 14:24:27] Importing Locator.members#65.0-1777774446000-kotlin.trap.gz (3974 of 4882)
[2026-09-27 14:24:27] Importing TypedStream.members#65.0-1777774446000-kotlin.trap.gz (3975 of 4882)
[2026-09-27 14:24:27] Importing ClosableIterator.members#65.0-1777774446000-kotlin.trap.gz (3976 of 4882)
[2026-09-27 14:24:27] Importing ExtendedIterator.members#65.0-1777774446000-kotlin.trap.gz (3977 of 4882)
[2026-09-27 14:24:27] Importing NotNull.members#49.0-1387271434000-kotlin.trap.gz (3978 of 4882)
[2026-09-27 14:24:27] Importing ILoggerFactory.members#52.0-1740476160000-kotlin.trap.gz (3979 of 4882)
[2026-09-27 14:24:27] Importing IMarkerFactory.members#52.0-1740476160000-kotlin.trap.gz (3980 of 4882)
[2026-09-27 14:24:27] Importing Logger.members#52.0-1740476160000-kotlin.trap.gz (3981 of 4882)
[2026-09-27 14:24:27] Importing LoggerFactory.members#52.0-1740476160000-kotlin.trap.gz (3982 of 4882)
[2026-09-27 14:24:27] Importing MDC$MDCCloseable.members#52.0-1740476160000-kotlin.trap.gz (3983 of 4882)
[2026-09-27 14:24:27] Importing MDC.members#52.0-1740476160000-kotlin.trap.gz (3984 of 4882)
[2026-09-27 14:24:27] Importing Marker.members#52.0-1740476160000-kotlin.trap.gz (3985 of 4882)
[2026-09-27 14:24:27] Importing KeyValuePair.members#52.0-1740476160000-kotlin.trap.gz (3986 of 4882)
[2026-09-27 14:24:27] Importing Level.members#52.0-1740476160000-kotlin.trap.gz (3987 of 4882)
[2026-09-27 14:24:27] Importing LoggingEvent.members#52.0-1740476160000-kotlin.trap.gz (3988 of 4882)
[2026-09-27 14:24:27] Importing SubstituteLoggingEvent.members#52.0-1740476160000-kotlin.trap.gz (3989 of 4882)
[2026-09-27 14:24:27] Importing CheckReturnValue.members#52.0-1740476160000-kotlin.trap.gz (3990 of 4882)
[2026-09-27 14:24:27] Importing NOP_FallbackServiceProvider.members#52.0-1740476160000-kotlin.trap.gz (3991 of 4882)
[2026-09-27 14:24:27] Importing SubstituteLogger.members#52.0-1740476160000-kotlin.trap.gz (3992 of 4882)
[2026-09-27 14:24:27] Importing SubstituteLoggerFactory.members#52.0-1740476160000-kotlin.trap.gz (3993 of 4882)
[2026-09-27 14:24:27] Importing SubstituteServiceProvider.members#52.0-1740476160000-kotlin.trap.gz (3994 of 4882)
[2026-09-27 14:24:27] Importing LoggingEventBuilder.members#52.0-1740476160000-kotlin.trap.gz (3995 of 4882)
[2026-09-27 14:24:27] Importing MDCAdapter.members#52.0-1740476160000-kotlin.trap.gz (3996 of 4882)
[2026-09-27 14:24:27] Importing SLF4JServiceProvider.members#52.0-1740476160000-kotlin.trap.gz (3997 of 4882)
[2026-09-27 14:24:27] Importing AopInfrastructureBean.members#61.0-1760572750000-kotlin.trap.gz (3998 of 4882)
[2026-09-27 14:24:27] Importing BindingReflectionHintsRegistrar.members#61.0-1760572746000-kotlin.trap.gz (3999 of 4882)
[2026-09-27 14:24:27] Importing ConditionalHint.members#61.0-1760572746000-kotlin.trap.gz (4000 of 4882)
[2026-09-27 14:24:27] Importing ExecutableHint$Builder.members#61.0-1760572746000-kotlin.trap.gz (4001 of 4882)
[2026-09-27 14:24:27] Importing ExecutableHint.members#61.0-1760572746000-kotlin.trap.gz (4002 of 4882)
[2026-09-27 14:24:27] Importing ExecutableMode.members#61.0-1760572746000-kotlin.trap.gz (4003 of 4882)
[2026-09-27 14:24:27] Importing FieldHint.members#61.0-1760572746000-kotlin.trap.gz (4004 of 4882)
[2026-09-27 14:24:27] Importing MemberCategory.members#61.0-1760572746000-kotlin.trap.gz (4005 of 4882)
[2026-09-27 14:24:27] Importing MemberHint.members#61.0-1760572746000-kotlin.trap.gz (4006 of 4882)
[2026-09-27 14:24:27] Importing ReflectionHints.members#61.0-1760572746000-kotlin.trap.gz (4007 of 4882)
[2026-09-27 14:24:27] Importing TypeHint$Builder.members#61.0-1760572746000-kotlin.trap.gz (4008 of 4882)
[2026-09-27 14:24:27] Importing TypeHint.members#61.0-1760572746000-kotlin.trap.gz (4009 of 4882)
[2026-09-27 14:24:27] Importing TypeReference.members#61.0-1760572746000-kotlin.trap.gz (4010 of 4882)
[2026-09-27 14:24:27] Importing Reflective.members#61.0-1760572746000-kotlin.trap.gz (4011 of 4882)
[2026-09-27 14:24:27] Importing ReflectiveProcessor.members#61.0-1760572746000-kotlin.trap.gz (4012 of 4882)
[2026-09-27 14:24:27] Importing SimpleReflectiveProcessor.members#61.0-1760572746000-kotlin.trap.gz (4013 of 4882)
[2026-09-27 14:24:27] Importing BeanMetadataAttribute.members#61.0-1760572748000-kotlin.trap.gz (4014 of 4882)
[2026-09-27 14:24:27] Importing BeanMetadataAttributeAccessor.members#61.0-1760572748000-kotlin.trap.gz (4015 of 4882)
[2026-09-27 14:24:27] Importing BeanMetadataElement.members#61.0-1760572748000-kotlin.trap.gz (4016 of 4882)
[2026-09-27 14:24:27] Importing BeanWrapper.members#61.0-1760572748000-kotlin.trap.gz (4017 of 4882)
[2026-09-27 14:24:27] Importing ConfigurablePropertyAccessor.members#61.0-1760572748000-kotlin.trap.gz (4018 of 4882)
[2026-09-27 14:24:27] Importing MutablePropertyValues.members#61.0-1760572748000-kotlin.trap.gz (4019 of 4882)
[2026-09-27 14:24:27] Importing PropertyAccessor.members#61.0-1760572748000-kotlin.trap.gz (4020 of 4882)
[2026-09-27 14:24:27] Importing PropertyEditorRegistrar.members#61.0-1760572748000-kotlin.trap.gz (4021 of 4882)
[2026-09-27 14:24:27] Importing PropertyEditorRegistry.members#61.0-1760572748000-kotlin.trap.gz (4022 of 4882)
[2026-09-27 14:24:27] Importing PropertyValue.members#61.0-1760572748000-kotlin.trap.gz (4023 of 4882)
[2026-09-27 14:24:27] Importing PropertyValues.members#61.0-1760572748000-kotlin.trap.gz (4024 of 4882)
[2026-09-27 14:24:27] Importing TypeConverter.members#61.0-1760572748000-kotlin.trap.gz (4025 of 4882)
[2026-09-27 14:24:27] Importing Aware.members#61.0-1760572748000-kotlin.trap.gz (4026 of 4882)
[2026-09-27 14:24:27] Importing BeanClassLoaderAware.members#61.0-1760572748000-kotlin.trap.gz (4027 of 4882)
[2026-09-27 14:24:27] Importing BeanFactory.members#61.0-1760572748000-kotlin.trap.gz (4028 of 4882)
[2026-09-27 14:24:27] Importing BeanFactoryAware.members#61.0-1760572748000-kotlin.trap.gz (4029 of 4882)
[2026-09-27 14:24:27] Importing BeanNameAware.members#61.0-1760572748000-kotlin.trap.gz (4030 of 4882)
[2026-09-27 14:24:27] Importing DisposableBean.members#61.0-1760572748000-kotlin.trap.gz (4031 of 4882)
[2026-09-27 14:24:27] Importing HierarchicalBeanFactory.members#61.0-1760572748000-kotlin.trap.gz (4032 of 4882)
[2026-09-27 14:24:27] Importing InitializingBean.members#61.0-1760572748000-kotlin.trap.gz (4033 of 4882)
[2026-09-27 14:24:27] Importing InjectionPoint.members#61.0-1760572748000-kotlin.trap.gz (4034 of 4882)
[2026-09-27 14:24:27] Importing ListableBeanFactory.members#61.0-1760572748000-kotlin.trap.gz (4035 of 4882)
[2026-09-27 14:24:27] Importing NamedBean.members#61.0-1760572748000-kotlin.trap.gz (4036 of 4882)
[2026-09-27 14:24:27] Importing ObjectFactory.members#61.0-1760572748000-kotlin.trap.gz (4037 of 4882)
[2026-09-27 14:24:27] Importing ObjectProvider.members#61.0-1760572748000-kotlin.trap.gz (4038 of 4882)
[2026-09-27 14:24:27] Importing SmartInitializingSingleton.members#61.0-1760572748000-kotlin.trap.gz (4039 of 4882)
[2026-09-27 14:24:27] Importing Autowired.members#61.0-1760572748000-kotlin.trap.gz (4040 of 4882)
[2026-09-27 14:24:27] Importing AutowireCapableBeanFactory.members#61.0-1760572748000-kotlin.trap.gz (4041 of 4882)
[2026-09-27 14:24:27] Importing BeanDefinition.members#61.0-1760572748000-kotlin.trap.gz (4042 of 4882)
[2026-09-27 14:24:27] Importing BeanDefinitionHolder.members#61.0-1760572748000-kotlin.trap.gz (4043 of 4882)
[2026-09-27 14:24:27] Importing BeanExpressionContext.members#61.0-1760572748000-kotlin.trap.gz (4044 of 4882)
[2026-09-27 14:24:27] Importing BeanExpressionResolver.members#61.0-1760572748000-kotlin.trap.gz (4045 of 4882)
[2026-09-27 14:24:27] Importing BeanFactoryPostProcessor.members#61.0-1760572748000-kotlin.trap.gz (4046 of 4882)
[2026-09-27 14:24:27] Importing BeanPostProcessor.members#61.0-1760572748000-kotlin.trap.gz (4047 of 4882)
[2026-09-27 14:24:27] Importing ConfigurableBeanFactory.members#61.0-1760572748000-kotlin.trap.gz (4048 of 4882)
[2026-09-27 14:24:27] Importing ConfigurableListableBeanFactory.members#61.0-1760572748000-kotlin.trap.gz (4049 of 4882)
[2026-09-27 14:24:27] Importing ConstructorArgumentValues$ValueHolder.members#61.0-1760572748000-kotlin.trap.gz (4050 of 4882)
[2026-09-27 14:24:27] Importing ConstructorArgumentValues.members#61.0-1760572748000-kotlin.trap.gz (4051 of 4882)
[2026-09-27 14:24:27] Importing DependencyDescriptor.members#61.0-1760572748000-kotlin.trap.gz (4052 of 4882)
[2026-09-27 14:24:27] Importing DestructionAwareBeanPostProcessor.members#61.0-1760572748000-kotlin.trap.gz (4053 of 4882)
[2026-09-27 14:24:27] Importing NamedBeanHolder.members#61.0-1760572748000-kotlin.trap.gz (4054 of 4882)
[2026-09-27 14:24:27] Importing Scope.members#61.0-1760572748000-kotlin.trap.gz (4055 of 4882)
[2026-09-27 14:24:27] Importing SingletonBeanRegistry.members#61.0-1760572748000-kotlin.trap.gz (4056 of 4882)
[2026-09-27 14:24:27] Importing AbstractBeanDefinition.members#61.0-1760572748000-kotlin.trap.gz (4057 of 4882)
[2026-09-27 14:24:27] Importing AutowireCandidateQualifier.members#61.0-1760572748000-kotlin.trap.gz (4058 of 4882)
[2026-09-27 14:24:27] Importing BeanDefinitionDefaults.members#61.0-1760572748000-kotlin.trap.gz (4059 of 4882)
[2026-09-27 14:24:28] Importing BeanDefinitionRegistry.members#61.0-1760572748000-kotlin.trap.gz (4060 of 4882)
[2026-09-27 14:24:28] Importing BeanDefinitionRegistryPostProcessor.members#61.0-1760572748000-kotlin.trap.gz (4061 of 4882)
[2026-09-27 14:24:28] Importing BeanNameGenerator.members#61.0-1760572748000-kotlin.trap.gz (4062 of 4882)
[2026-09-27 14:24:28] Importing MergedBeanDefinitionPostProcessor.members#61.0-1760572748000-kotlin.trap.gz (4063 of 4882)
[2026-09-27 14:24:28] Importing MethodOverride.members#61.0-1760572748000-kotlin.trap.gz (4064 of 4882)
[2026-09-27 14:24:28] Importing MethodOverrides.members#61.0-1760572748000-kotlin.trap.gz (4065 of 4882)
[2026-09-27 14:24:28] Importing RootBeanDefinition.members#61.0-1760572748000-kotlin.trap.gz (4066 of 4882)
[2026-09-27 14:24:28] Importing SpringBootConfiguration.members#61.0-1761192072000-kotlin.trap.gz (4067 of 4882)
[2026-09-27 14:24:28] Importing AutoConfigurationExcludeFilter.members#61.0-1761192098000-kotlin.trap.gz (4068 of 4882)
[2026-09-27 14:24:28] Importing AutoConfigurationImportEvent.members#61.0-1761192098000-kotlin.trap.gz (4069 of 4882)
[2026-09-27 14:24:28] Importing AutoConfigurationImportFilter.members#61.0-1761192098000-kotlin.trap.gz (4070 of 4882)
[2026-09-27 14:24:28] Importing AutoConfigurationImportListener.members#61.0-1761192098000-kotlin.trap.gz (4071 of 4882)
[2026-09-27 14:24:28] Importing AutoConfigurationImportSelector$AutoConfigurationEntry.members#61.0-1761192098000-kotlin.trap.gz (4072 of 4882)
[2026-09-27 14:24:28] Importing AutoConfigurationImportSelector.members#61.0-1761192098000-kotlin.trap.gz (4073 of 4882)
[2026-09-27 14:24:28] Importing AutoConfigurationMetadata.members#61.0-1761192098000-kotlin.trap.gz (4074 of 4882)
[2026-09-27 14:24:28] Importing AutoConfigurationPackage.members#61.0-1761192098000-kotlin.trap.gz (4075 of 4882)
[2026-09-27 14:24:28] Importing AutoConfigurationPackages$BasePackages.members#61.0-1761192098000-kotlin.trap.gz (4076 of 4882)
[2026-09-27 14:24:28] Importing AutoConfigurationPackages$Registrar.members#61.0-1761192098000-kotlin.trap.gz (4077 of 4882)
[2026-09-27 14:24:28] Importing AutoConfigurationPackages.members#61.0-1761192098000-kotlin.trap.gz (4078 of 4882)
[2026-09-27 14:24:28] Importing EnableAutoConfiguration.members#61.0-1761192098000-kotlin.trap.gz (4079 of 4882)
[2026-09-27 14:24:28] Importing SpringBootApplication.members#61.0-1761192098000-kotlin.trap.gz (4080 of 4882)
[2026-09-27 14:24:28] Importing ConditionMessage$Builder.members#61.0-1761192098000-kotlin.trap.gz (4081 of 4882)
[2026-09-27 14:24:28] Importing ConditionMessage$ItemsBuilder.members#61.0-1761192098000-kotlin.trap.gz (4082 of 4882)
[2026-09-27 14:24:28] Importing ConditionMessage$Style.members#61.0-1761192098000-kotlin.trap.gz (4083 of 4882)
[2026-09-27 14:24:28] Importing ConditionMessage.members#61.0-1761192098000-kotlin.trap.gz (4084 of 4882)
[2026-09-27 14:24:28] Importing ConditionOutcome.members#61.0-1761192098000-kotlin.trap.gz (4085 of 4882)
[2026-09-27 14:24:28] Importing ConditionalOnBean.members#61.0-1761192098000-kotlin.trap.gz (4086 of 4882)
[2026-09-27 14:24:28] Importing ConditionalOnMissingBean.members#61.0-1761192098000-kotlin.trap.gz (4087 of 4882)
[2026-09-27 14:24:28] Importing ConditionalOnProperties.members#61.0-1761192098000-kotlin.trap.gz (4088 of 4882)
[2026-09-27 14:24:28] Importing ConditionalOnProperty.members#61.0-1761192098000-kotlin.trap.gz (4089 of 4882)
[2026-09-27 14:24:28] Importing FilteringSpringBootCondition$ClassNameFilter.members#61.0-1761192098000-kotlin.trap.gz (4090 of 4882)
[2026-09-27 14:24:28] Importing FilteringSpringBootCondition.members#61.0-1761192098000-kotlin.trap.gz (4091 of 4882)
[2026-09-27 14:24:28] Importing OnBeanCondition$BeanTypeDeductionException.members#61.0-1761192098000-kotlin.trap.gz (4092 of 4882)
[2026-09-27 14:24:28] Importing OnBeanCondition$MatchResult.members#61.0-1761192098000-kotlin.trap.gz (4093 of 4882)
[2026-09-27 14:24:28] Importing OnBeanCondition$Spec.members#61.0-1761192098000-kotlin.trap.gz (4094 of 4882)
[2026-09-27 14:24:28] Importing OnBeanCondition.members#61.0-1761192098000-kotlin.trap.gz (4095 of 4882)
[2026-09-27 14:24:28] Importing OnPropertyCondition.members#61.0-1761192098000-kotlin.trap.gz (4096 of 4882)
[2026-09-27 14:24:28] Importing SearchStrategy.members#61.0-1761192098000-kotlin.trap.gz (4097 of 4882)
[2026-09-27 14:24:28] Importing SpringBootCondition.members#61.0-1761192098000-kotlin.trap.gz (4098 of 4882)
[2026-09-27 14:24:28] Importing TypeExcludeFilter.members#61.0-1761192072000-kotlin.trap.gz (4099 of 4882)
[2026-09-27 14:24:28] Importing DeterminableImports.members#61.0-1761192072000-kotlin.trap.gz (4100 of 4882)
[2026-09-27 14:24:28] Importing runApplication(java.lang.String[]).members#-1.0-0-null.trap.gz (4101 of 4882)
[2026-09-27 14:24:28] Importing Cache$ValueRetrievalException.members#61.0-1760572756000-kotlin.trap.gz (4102 of 4882)
[2026-09-27 14:24:28] Importing Cache$ValueWrapper.members#61.0-1760572756000-kotlin.trap.gz (4103 of 4882)
[2026-09-27 14:24:28] Importing Cache.members#61.0-1760572756000-kotlin.trap.gz (4104 of 4882)
[2026-09-27 14:24:28] Importing ApplicationContext.members#61.0-1760572756000-kotlin.trap.gz (4105 of 4882)
[2026-09-27 14:24:28] Importing ApplicationContextAware.members#61.0-1760572756000-kotlin.trap.gz (4106 of 4882)
[2026-09-27 14:24:28] Importing ApplicationEvent.members#61.0-1760572756000-kotlin.trap.gz (4107 of 4882)
[2026-09-27 14:24:28] Importing ApplicationEventPublisher.members#61.0-1760572756000-kotlin.trap.gz (4108 of 4882)
[2026-09-27 14:24:28] Importing ApplicationEventPublisherAware.members#61.0-1760572756000-kotlin.trap.gz (4109 of 4882)
[2026-09-27 14:24:28] Importing ApplicationListener.members#61.0-1760572756000-kotlin.trap.gz (4110 of 4882)
[2026-09-27 14:24:28] Importing ConfigurableApplicationContext.members#61.0-1760572756000-kotlin.trap.gz (4111 of 4882)
[2026-09-27 14:24:28] Importing EmbeddedValueResolverAware.members#61.0-1760572756000-kotlin.trap.gz (4112 of 4882)
[2026-09-27 14:24:28] Importing EnvironmentAware.members#61.0-1760572756000-kotlin.trap.gz (4113 of 4882)
[2026-09-27 14:24:28] Importing Lifecycle.members#61.0-1760572756000-kotlin.trap.gz (4114 of 4882)
[2026-09-27 14:24:28] Importing MessageSource.members#61.0-1760572756000-kotlin.trap.gz (4115 of 4882)
[2026-09-27 14:24:28] Importing MessageSourceAware.members#61.0-1760572756000-kotlin.trap.gz (4116 of 4882)
[2026-09-27 14:24:28] Importing MessageSourceResolvable.members#61.0-1760572756000-kotlin.trap.gz (4117 of 4882)
[2026-09-27 14:24:28] Importing PayloadApplicationEvent.members#61.0-1760572756000-kotlin.trap.gz (4118 of 4882)
[2026-09-27 14:24:28] Importing ResourceLoaderAware.members#61.0-1760572756000-kotlin.trap.gz (4119 of 4882)
[2026-09-27 14:24:28] Importing AnnotationScopeMetadataResolver.members#61.0-1760572756000-kotlin.trap.gz (4120 of 4882)
[2026-09-27 14:24:28] Importing Bean$Bootstrap.members#61.0-1760572756000-kotlin.trap.gz (4121 of 4882)
[2026-09-27 14:24:28] Importing Bean.members#61.0-1760572756000-kotlin.trap.gz (4122 of 4882)
[2026-09-27 14:24:28] Importing ComponentScan$Filter.members#61.0-1760572756000-kotlin.trap.gz (4123 of 4882)
[2026-09-27 14:24:28] Importing ComponentScan.members#61.0-1760572756000-kotlin.trap.gz (4124 of 4882)
[2026-09-27 14:24:28] Importing ComponentScans.members#61.0-1760572756000-kotlin.trap.gz (4125 of 4882)
[2026-09-27 14:24:28] Importing Condition.members#61.0-1760572756000-kotlin.trap.gz (4126 of 4882)
[2026-09-27 14:24:28] Importing ConditionContext.members#61.0-1760572756000-kotlin.trap.gz (4127 of 4882)
[2026-09-27 14:24:28] Importing Conditional.members#61.0-1760572756000-kotlin.trap.gz (4128 of 4882)
[2026-09-27 14:24:28] Importing Configuration.members#61.0-1760572756000-kotlin.trap.gz (4129 of 4882)
[2026-09-27 14:24:28] Importing ConfigurationCondition$ConfigurationPhase.members#61.0-1760572756000-kotlin.trap.gz (4130 of 4882)
[2026-09-27 14:24:28] Importing ConfigurationCondition.members#61.0-1760572756000-kotlin.trap.gz (4131 of 4882)
[2026-09-27 14:24:28] Importing DeferredImportSelector$Group$Entry.members#61.0-1760572756000-kotlin.trap.gz (4132 of 4882)
[2026-09-27 14:24:28] Importing DeferredImportSelector$Group.members#61.0-1760572756000-kotlin.trap.gz (4133 of 4882)
[2026-09-27 14:24:28] Importing DeferredImportSelector.members#61.0-1760572756000-kotlin.trap.gz (4134 of 4882)
[2026-09-27 14:24:28] Importing DependsOn.members#61.0-1760572756000-kotlin.trap.gz (4135 of 4882)
[2026-09-27 14:24:28] Importing FilterType.members#61.0-1760572756000-kotlin.trap.gz (4136 of 4882)
[2026-09-27 14:24:28] Importing Import.members#61.0-1760572756000-kotlin.trap.gz (4137 of 4882)
[2026-09-27 14:24:28] Importing ImportAware.members#61.0-1760572756000-kotlin.trap.gz (4138 of 4882)
[2026-09-27 14:24:28] Importing ImportBeanDefinitionRegistrar.members#61.0-1760572756000-kotlin.trap.gz (4139 of 4882)
[2026-09-27 14:24:28] Importing ImportSelector.members#61.0-1760572756000-kotlin.trap.gz (4140 of 4882)
[2026-09-27 14:24:28] Importing Role.members#61.0-1760572756000-kotlin.trap.gz (4141 of 4882)
[2026-09-27 14:24:28] Importing Scope.members#61.0-1760572756000-kotlin.trap.gz (4142 of 4882)
[2026-09-27 14:24:28] Importing ScopeMetadata.members#61.0-1760572756000-kotlin.trap.gz (4143 of 4882)
[2026-09-27 14:24:28] Importing ScopeMetadataResolver.members#61.0-1760572756000-kotlin.trap.gz (4144 of 4882)
[2026-09-27 14:24:28] Importing ScopedProxyMode.members#61.0-1760572756000-kotlin.trap.gz (4145 of 4882)
[2026-09-27 14:24:28] Importing ApplicationContextEvent.members#61.0-1760572756000-kotlin.trap.gz (4146 of 4882)
[2026-09-27 14:24:28] Importing SmartApplicationListener.members#61.0-1760572756000-kotlin.trap.gz (4147 of 4882)
[2026-09-27 14:24:28] Importing MessageSourceAccessor.members#61.0-1760572756000-kotlin.trap.gz (4148 of 4882)
[2026-09-27 14:24:28] Importing AliasRegistry.members#61.0-1760572746000-kotlin.trap.gz (4149 of 4882)
[2026-09-27 14:24:28] Importing AttributeAccessor.members#61.0-1760572746000-kotlin.trap.gz (4150 of 4882)
[2026-09-27 14:24:28] Importing AttributeAccessorSupport.members#61.0-1760572746000-kotlin.trap.gz (4151 of 4882)
[2026-09-27 14:24:28] Importing MethodParameter.members#61.0-1760572746000-kotlin.trap.gz (4152 of 4882)
[2026-09-27 14:24:28] Importing NestedRuntimeException.members#61.0-1760572746000-kotlin.trap.gz (4153 of 4882)
[2026-09-27 14:24:28] Importing Ordered.members#61.0-1760572746000-kotlin.trap.gz (4154 of 4882)
[2026-09-27 14:24:28] Importing ParameterNameDiscoverer.members#61.0-1760572746000-kotlin.trap.gz (4155 of 4882)
[2026-09-27 14:24:28] Importing ParameterizedTypeReference.members#61.0-1760572746000-kotlin.trap.gz (4156 of 4882)
[2026-09-27 14:24:28] Importing ResolvableType$EmptyType.members#61.0-1760572746000-kotlin.trap.gz (4157 of 4882)
[2026-09-27 14:24:28] Importing ResolvableType$VariableResolver.members#61.0-1760572746000-kotlin.trap.gz (4158 of 4882)
[2026-09-27 14:24:28] Importing ResolvableType.members#61.0-1760572746000-kotlin.trap.gz (4159 of 4882)
[2026-09-27 14:24:28] Importing ResolvableTypeProvider.members#61.0-1760572746000-kotlin.trap.gz (4160 of 4882)
[2026-09-27 14:24:28] Importing SerializableTypeWrapper$FieldTypeProvider.members#61.0-1760572746000-kotlin.trap.gz (4161 of 4882)
[2026-09-27 14:24:28] Importing SerializableTypeWrapper$MethodInvokeTypeProvider.members#61.0-1760572746000-kotlin.trap.gz (4162 of 4882)
[2026-09-27 14:24:28] Importing SerializableTypeWrapper$MethodParameterTypeProvider.members#61.0-1760572746000-kotlin.trap.gz (4163 of 4882)
[2026-09-27 14:24:28] Importing SerializableTypeWrapper$SerializableTypeProxy.members#61.0-1760572746000-kotlin.trap.gz (4164 of 4882)
[2026-09-27 14:24:28] Importing SerializableTypeWrapper$TypeProvider.members#61.0-1760572746000-kotlin.trap.gz (4165 of 4882)
[2026-09-27 14:24:28] Importing SerializableTypeWrapper.members#61.0-1760572746000-kotlin.trap.gz (4166 of 4882)
[2026-09-27 14:24:28] Importing AliasFor.members#61.0-1760572746000-kotlin.trap.gz (4167 of 4882)
[2026-09-27 14:24:28] Importing AnnotationAttributes.members#61.0-1760572746000-kotlin.trap.gz (4168 of 4882)
[2026-09-27 14:24:28] Importing AnnotationFilter.members#61.0-1760572746000-kotlin.trap.gz (4169 of 4882)
[2026-09-27 14:24:28] Importing MergedAnnotation$Adapt.members#61.0-1760572746000-kotlin.trap.gz (4170 of 4882)
[2026-09-27 14:24:28] Importing MergedAnnotation.members#61.0-1760572746000-kotlin.trap.gz (4171 of 4882)
[2026-09-27 14:24:28] Importing MergedAnnotationSelector.members#61.0-1760572746000-kotlin.trap.gz (4172 of 4882)
[2026-09-27 14:24:28] Importing MergedAnnotations$Search.members#61.0-1760572746000-kotlin.trap.gz (4173 of 4882)
[2026-09-27 14:24:28] Importing MergedAnnotations$SearchStrategy.members#61.0-1760572746000-kotlin.trap.gz (4174 of 4882)
[2026-09-27 14:24:28] Importing MergedAnnotations.members#61.0-1760572746000-kotlin.trap.gz (4175 of 4882)
[2026-09-27 14:24:28] Importing Order.members#61.0-1760572746000-kotlin.trap.gz (4176 of 4882)
[2026-09-27 14:24:28] Importing RepeatableContainers.members#61.0-1760572746000-kotlin.trap.gz (4177 of 4882)
[2026-09-27 14:24:28] Importing ConversionService.members#61.0-1760572746000-kotlin.trap.gz (4178 of 4882)
[2026-09-27 14:24:28] Importing Property.members#61.0-1760572746000-kotlin.trap.gz (4179 of 4882)
[2026-09-27 14:24:28] Importing TypeDescriptor.members#61.0-1760572746000-kotlin.trap.gz (4180 of 4882)
[2026-09-27 14:24:28] Importing Converter.members#61.0-1760572746000-kotlin.trap.gz (4181 of 4882)
[2026-09-27 14:24:28] Importing ConverterFactory.members#61.0-1760572746000-kotlin.trap.gz (4182 of 4882)
[2026-09-27 14:24:28] Importing ConverterRegistry.members#61.0-1760572746000-kotlin.trap.gz (4183 of 4882)
[2026-09-27 14:24:28] Importing GenericConverter$ConvertiblePair.members#61.0-1760572746000-kotlin.trap.gz (4184 of 4882)
[2026-09-27 14:24:28] Importing GenericConverter.members#61.0-1760572746000-kotlin.trap.gz (4185 of 4882)
[2026-09-27 14:24:28] Importing ConfigurableConversionService.members#61.0-1760572746000-kotlin.trap.gz (4186 of 4882)
[2026-09-27 14:24:28] Importing ConfigurableEnvironment.members#61.0-1760572746000-kotlin.trap.gz (4187 of 4882)
[2026-09-27 14:24:28] Importing ConfigurablePropertyResolver.members#61.0-1760572746000-kotlin.trap.gz (4188 of 4882)
[2026-09-27 14:24:28] Importing Environment.members#61.0-1760572746000-kotlin.trap.gz (4189 of 4882)
[2026-09-27 14:24:28] Importing EnvironmentCapable.members#61.0-1760572746000-kotlin.trap.gz (4190 of 4882)
[2026-09-27 14:24:28] Importing MutablePropertySources.members#61.0-1760572746000-kotlin.trap.gz (4191 of 4882)
[2026-09-27 14:24:28] Importing Profiles.members#61.0-1760572746000-kotlin.trap.gz (4192 of 4882)
[2026-09-27 14:24:28] Importing PropertyResolver.members#61.0-1760572746000-kotlin.trap.gz (4193 of 4882)
[2026-09-27 14:24:28] Importing PropertySource$ComparisonPropertySource.members#61.0-1760572746000-kotlin.trap.gz (4194 of 4882)
[2026-09-27 14:24:28] Importing PropertySource$StubPropertySource.members#61.0-1760572746000-kotlin.trap.gz (4195 of 4882)
[2026-09-27 14:24:28] Importing PropertySource.members#61.0-1760572746000-kotlin.trap.gz (4196 of 4882)
[2026-09-27 14:24:28] Importing PropertySources.members#61.0-1760572746000-kotlin.trap.gz (4197 of 4882)
[2026-09-27 14:24:28] Importing InputStreamSource.members#61.0-1760572746000-kotlin.trap.gz (4198 of 4882)
[2026-09-27 14:24:28] Importing ProtocolResolver.members#61.0-1760572746000-kotlin.trap.gz (4199 of 4882)
[2026-09-27 14:24:28] Importing Resource.members#61.0-1760572746000-kotlin.trap.gz (4200 of 4882)
[2026-09-27 14:24:28] Importing ResourceLoader.members#61.0-1760572746000-kotlin.trap.gz (4201 of 4882)
[2026-09-27 14:24:28] Importing ResourcePatternResolver.members#61.0-1760572746000-kotlin.trap.gz (4202 of 4882)
[2026-09-27 14:24:28] Importing ResourceRegion.members#61.0-1760572746000-kotlin.trap.gz (4203 of 4882)
[2026-09-27 14:24:28] Importing ApplicationStartup.members#61.0-1760572746000-kotlin.trap.gz (4204 of 4882)
[2026-09-27 14:24:28] Importing StartupStep$Tag.members#61.0-1760572746000-kotlin.trap.gz (4205 of 4882)
[2026-09-27 14:24:28] Importing StartupStep$Tags.members#61.0-1760572746000-kotlin.trap.gz (4206 of 4882)
[2026-09-27 14:24:28] Importing StartupStep.members#61.0-1760572746000-kotlin.trap.gz (4207 of 4882)
[2026-09-27 14:24:28] Importing AnnotatedTypeMetadata.members#61.0-1760572746000-kotlin.trap.gz (4208 of 4882)
[2026-09-27 14:24:28] Importing AnnotationMetadata.members#61.0-1760572746000-kotlin.trap.gz (4209 of 4882)
[2026-09-27 14:24:28] Importing ClassMetadata.members#61.0-1760572746000-kotlin.trap.gz (4210 of 4882)
[2026-09-27 14:24:28] Importing MethodMetadata.members#61.0-1760572746000-kotlin.trap.gz (4211 of 4882)
[2026-09-27 14:24:28] Importing MetadataReader.members#61.0-1760572746000-kotlin.trap.gz (4212 of 4882)
[2026-09-27 14:24:28] Importing MetadataReaderFactory.members#61.0-1760572746000-kotlin.trap.gz (4213 of 4882)
[2026-09-27 14:24:28] Importing TypeFilter.members#61.0-1760572746000-kotlin.trap.gz (4214 of 4882)
[2026-09-27 14:24:28] Importing DataAccessException.members#61.0-1760572760000-kotlin.trap.gz (4215 of 4882)
[2026-09-27 14:24:28] Importing DaoSupport.members#61.0-1760572760000-kotlin.trap.gz (4216 of 4882)
[2026-09-27 14:24:28] Importing BeanResolver.members#61.0-1760572746000-kotlin.trap.gz (4217 of 4882)
[2026-09-27 14:24:28] Importing ConstructorExecutor.members#61.0-1760572746000-kotlin.trap.gz (4218 of 4882)
[2026-09-27 14:24:28] Importing ConstructorResolver.members#61.0-1760572746000-kotlin.trap.gz (4219 of 4882)
[2026-09-27 14:24:28] Importing EvaluationContext.members#61.0-1760572746000-kotlin.trap.gz (4220 of 4882)
[2026-09-27 14:24:28] Importing Expression.members#61.0-1760572746000-kotlin.trap.gz (4221 of 4882)
[2026-09-27 14:24:28] Importing ExpressionParser.members#61.0-1760572746000-kotlin.trap.gz (4222 of 4882)
[2026-09-27 14:24:28] Importing IndexAccessor.members#61.0-1760572746000-kotlin.trap.gz (4223 of 4882)
[2026-09-27 14:24:28] Importing MethodExecutor.members#61.0-1760572746000-kotlin.trap.gz (4224 of 4882)
[2026-09-27 14:24:28] Importing MethodResolver.members#61.0-1760572746000-kotlin.trap.gz (4225 of 4882)
[2026-09-27 14:24:28] Importing Operation.members#61.0-1760572746000-kotlin.trap.gz (4226 of 4882)
[2026-09-27 14:24:28] Importing OperatorOverloader.members#61.0-1760572746000-kotlin.trap.gz (4227 of 4882)
[2026-09-27 14:24:28] Importing ParserContext.members#61.0-1760572746000-kotlin.trap.gz (4228 of 4882)
[2026-09-27 14:24:28] Importing PropertyAccessor.members#61.0-1760572746000-kotlin.trap.gz (4229 of 4882)
[2026-09-27 14:24:28] Importing TargetedAccessor.members#61.0-1760572746000-kotlin.trap.gz (4230 of 4882)
[2026-09-27 14:24:28] Importing TypeComparator.members#61.0-1760572746000-kotlin.trap.gz (4231 of 4882)
[2026-09-27 14:24:28] Importing TypeConverter.members#61.0-1760572746000-kotlin.trap.gz (4232 of 4882)
[2026-09-27 14:24:28] Importing TypeLocator.members#61.0-1760572746000-kotlin.trap.gz (4233 of 4882)
[2026-09-27 14:24:28] Importing TypedValue.members#61.0-1760572746000-kotlin.trap.gz (4234 of 4882)
[2026-09-27 14:24:28] Importing DateTimeFormat$ISO.members#61.0-1760572756000-kotlin.trap.gz (4235 of 4882)
[2026-09-27 14:24:28] Importing DateTimeFormat.members#61.0-1760572756000-kotlin.trap.gz (4236 of 4882)
[2026-09-27 14:24:28] Importing CacheControl.members#61.0-1760572772000-kotlin.trap.gz (4237 of 4882)
[2026-09-27 14:24:28] Importing ContentDisposition$Builder.members#61.0-1760572772000-kotlin.trap.gz (4238 of 4882)
[2026-09-27 14:24:28] Importing ContentDisposition.members#61.0-1760572772000-kotlin.trap.gz (4239 of 4882)
[2026-09-27 14:24:28] Importing HttpEntity.members#61.0-1760572772000-kotlin.trap.gz (4240 of 4882)
[2026-09-27 14:24:28] Importing HttpHeaders.members#61.0-1760572772000-kotlin.trap.gz (4241 of 4882)
[2026-09-27 14:24:28] Importing HttpInputMessage.members#61.0-1760572772000-kotlin.trap.gz (4242 of 4882)
[2026-09-27 14:24:28] Importing HttpMessage.members#61.0-1760572772000-kotlin.trap.gz (4243 of 4882)
[2026-09-27 14:24:28] Importing HttpMethod.members#61.0-1760572772000-kotlin.trap.gz (4244 of 4882)
[2026-09-27 14:24:28] Importing HttpOutputMessage.members#61.0-1760572772000-kotlin.trap.gz (4245 of 4882)
[2026-09-27 14:24:28] Importing HttpRange.members#61.0-1760572772000-kotlin.trap.gz (4246 of 4882)
[2026-09-27 14:24:28] Importing HttpRequest.members#61.0-1760572772000-kotlin.trap.gz (4247 of 4882)
[2026-09-27 14:24:28] Importing HttpStatus$Series.members#61.0-1760572772000-kotlin.trap.gz (4248 of 4882)
[2026-09-27 14:24:28] Importing HttpStatus.members#61.0-1760572772000-kotlin.trap.gz (4249 of 4882)
[2026-09-27 14:24:28] Importing HttpStatusCode.members#61.0-1760572772000-kotlin.trap.gz (4250 of 4882)
[2026-09-27 14:24:28] Importing MediaType.members#61.0-1760572772000-kotlin.trap.gz (4251 of 4882)
[2026-09-27 14:24:28] Importing ProblemDetail.members#61.0-1760572772000-kotlin.trap.gz (4252 of 4882)
[2026-09-27 14:24:28] Importing RequestEntity$BodyBuilder.members#61.0-1760572772000-kotlin.trap.gz (4253 of 4882)
[2026-09-27 14:24:28] Importing RequestEntity$HeadersBuilder.members#61.0-1760572772000-kotlin.trap.gz (4254 of 4882)
[2026-09-27 14:24:28] Importing RequestEntity$UriTemplateRequestEntity.members#61.0-1760572772000-kotlin.trap.gz (4255 of 4882)
[2026-09-27 14:24:28] Importing RequestEntity.members#61.0-1760572772000-kotlin.trap.gz (4256 of 4882)
[2026-09-27 14:24:28] Importing ResponseEntity$BodyBuilder.members#61.0-1760572772000-kotlin.trap.gz (4257 of 4882)
[2026-09-27 14:24:28] Importing ResponseEntity$HeadersBuilder.members#61.0-1760572772000-kotlin.trap.gz (4258 of 4882)
[2026-09-27 14:24:28] Importing ResponseEntity.members#61.0-1760572772000-kotlin.trap.gz (4259 of 4882)
[2026-09-27 14:24:28] Importing ClientHttpRequest.members#61.0-1760572772000-kotlin.trap.gz (4260 of 4882)
[2026-09-27 14:24:28] Importing ClientHttpResponse.members#61.0-1760572772000-kotlin.trap.gz (4261 of 4882)
[2026-09-27 14:24:28] Importing HttpMessageConverter.members#61.0-1760572772000-kotlin.trap.gz (4262 of 4882)
[2026-09-27 14:24:28] Importing PathContainer$Element.members#61.0-1760572772000-kotlin.trap.gz (4263 of 4882)
[2026-09-27 14:24:28] Importing PathContainer$Options.members#61.0-1760572772000-kotlin.trap.gz (4264 of 4882)
[2026-09-27 14:24:28] Importing PathContainer$PathSegment.members#61.0-1760572772000-kotlin.trap.gz (4265 of 4882)
[2026-09-27 14:24:28] Importing PathContainer$Separator.members#61.0-1760572772000-kotlin.trap.gz (4266 of 4882)
[2026-09-27 14:24:28] Importing PathContainer.members#61.0-1760572772000-kotlin.trap.gz (4267 of 4882)
[2026-09-27 14:24:28] Importing BatchPreparedStatementSetter.members#61.0-1760572762000-kotlin.trap.gz (4268 of 4882)
[2026-09-27 14:24:28] Importing CallableStatementCallback.members#61.0-1760572762000-kotlin.trap.gz (4269 of 4882)
[2026-09-27 14:24:28] Importing CallableStatementCreator.members#61.0-1760572762000-kotlin.trap.gz (4270 of 4882)
[2026-09-27 14:24:28] Importing ConnectionCallback.members#61.0-1760572762000-kotlin.trap.gz (4271 of 4882)
[2026-09-27 14:24:28] Importing JdbcOperations.members#61.0-1760572762000-kotlin.trap.gz (4272 of 4882)
[2026-09-27 14:24:28] Importing JdbcTemplate.members#61.0-1760572762000-kotlin.trap.gz (4273 of 4882)
[2026-09-27 14:24:28] Importing ParameterizedPreparedStatementSetter.members#61.0-1760572762000-kotlin.trap.gz (4274 of 4882)
[2026-09-27 14:24:28] Importing PreparedStatementCallback.members#61.0-1760572762000-kotlin.trap.gz (4275 of 4882)
[2026-09-27 14:24:28] Importing PreparedStatementCreator.members#61.0-1760572762000-kotlin.trap.gz (4276 of 4882)
[2026-09-27 14:24:28] Importing PreparedStatementSetter.members#61.0-1760572762000-kotlin.trap.gz (4277 of 4882)
[2026-09-27 14:24:28] Importing ResultSetExtractor.members#61.0-1760572762000-kotlin.trap.gz (4278 of 4882)
[2026-09-27 14:24:28] Importing ResultSetSupportingSqlParameter.members#61.0-1760572762000-kotlin.trap.gz (4279 of 4882)
[2026-09-27 14:24:28] Importing RowCallbackHandler.members#61.0-1760572762000-kotlin.trap.gz (4280 of 4882)
[2026-09-27 14:24:28] Importing RowMapper.members#61.0-1760572762000-kotlin.trap.gz (4281 of 4882)
[2026-09-27 14:24:28] Importing SqlParameter.members#61.0-1760572762000-kotlin.trap.gz (4282 of 4882)
[2026-09-27 14:24:28] Importing StatementCallback.members#61.0-1760572762000-kotlin.trap.gz (4283 of 4882)
[2026-09-27 14:24:28] Importing JdbcDaoSupport.members#61.0-1760572762000-kotlin.trap.gz (4284 of 4882)
[2026-09-27 14:24:28] Importing DatabasePopulator.members#61.0-1760572762000-kotlin.trap.gz (4285 of 4882)
[2026-09-27 14:24:28] Importing JdbcAccessor.members#61.0-1760572762000-kotlin.trap.gz (4286 of 4882)
[2026-09-27 14:24:28] Importing KeyHolder.members#61.0-1760572762000-kotlin.trap.gz (4287 of 4882)
[2026-09-27 14:24:28] Importing SQLExceptionTranslator.members#61.0-1760572762000-kotlin.trap.gz (4288 of 4882)
[2026-09-27 14:24:28] Importing SqlRowSet.members#61.0-1760572762000-kotlin.trap.gz (4289 of 4882)
[2026-09-27 14:24:28] Importing SqlRowSetMetaData.members#61.0-1760572762000-kotlin.trap.gz (4290 of 4882)
[2026-09-27 14:24:28] Importing Contract.members#61.0-1760572746000-kotlin.trap.gz (4291 of 4882)
[2026-09-27 14:24:28] Importing NonNull.members#61.0-1760572746000-kotlin.trap.gz (4292 of 4882)
[2026-09-27 14:24:28] Importing Nullable.members#61.0-1760572746000-kotlin.trap.gz (4293 of 4882)
[2026-09-27 14:24:28] Importing BaseLdapPathContextSource.members#-1.0-0-null.trap.gz (4294 of 4882)
[2026-09-27 14:24:28] Importing TaskScheduler.members#61.0-1760572756000-kotlin.trap.gz (4295 of 4882)
[2026-09-27 14:24:28] Importing Trigger.members#61.0-1760572756000-kotlin.trap.gz (4296 of 4882)
[2026-09-27 14:24:28] Importing TriggerContext.members#61.0-1760572756000-kotlin.trap.gz (4297 of 4882)
[2026-09-27 14:24:28] Importing EnableScheduling.members#61.0-1760572756000-kotlin.trap.gz (4298 of 4882)
[2026-09-27 14:24:28] Importing Scheduled.members#61.0-1760572756000-kotlin.trap.gz (4299 of 4882)
[2026-09-27 14:24:28] Importing ScheduledAnnotationBeanPostProcessor.members#61.0-1760572756000-kotlin.trap.gz (4300 of 4882)
[2026-09-27 14:24:28] Importing Schedules.members#61.0-1760572756000-kotlin.trap.gz (4301 of 4882)
[2026-09-27 14:24:28] Importing SchedulingConfiguration.members#61.0-1760572756000-kotlin.trap.gz (4302 of 4882)
[2026-09-27 14:24:28] Importing CronTask.members#61.0-1760572756000-kotlin.trap.gz (4303 of 4882)
[2026-09-27 14:24:28] Importing DelayedTask.members#61.0-1760572756000-kotlin.trap.gz (4304 of 4882)
[2026-09-27 14:24:28] Importing FixedDelayTask.members#61.0-1760572756000-kotlin.trap.gz (4305 of 4882)
[2026-09-27 14:24:28] Importing FixedRateTask.members#61.0-1760572756000-kotlin.trap.gz (4306 of 4882)
[2026-09-27 14:24:28] Importing IntervalTask.members#61.0-1760572756000-kotlin.trap.gz (4307 of 4882)
[2026-09-27 14:24:28] Importing OneTimeTask.members#61.0-1760572756000-kotlin.trap.gz (4308 of 4882)
[2026-09-27 14:24:28] Importing ScheduledTask.members#61.0-1760572756000-kotlin.trap.gz (4309 of 4882)
[2026-09-27 14:24:28] Importing ScheduledTaskHolder.members#61.0-1760572756000-kotlin.trap.gz (4310 of 4882)
[2026-09-27 14:24:28] Importing ScheduledTaskRegistrar.members#61.0-1760572756000-kotlin.trap.gz (4311 of 4882)
[2026-09-27 14:24:28] Importing Task.members#61.0-1760572756000-kotlin.trap.gz (4312 of 4882)
[2026-09-27 14:24:28] Importing TaskExecutionOutcome$Status.members#61.0-1760572756000-kotlin.trap.gz (4313 of 4882)
[2026-09-27 14:24:28] Importing TaskExecutionOutcome.members#61.0-1760572756000-kotlin.trap.gz (4314 of 4882)
[2026-09-27 14:24:28] Importing TriggerTask.members#61.0-1760572756000-kotlin.trap.gz (4315 of 4882)
[2026-09-27 14:24:28] Importing CronExpression.members#61.0-1760572756000-kotlin.trap.gz (4316 of 4882)
[2026-09-27 14:24:28] Importing CronTrigger.members#61.0-1760572756000-kotlin.trap.gz (4317 of 4882)
[2026-09-27 14:24:28] Importing AccessDecisionManager.members#61.0-1760956664000-kotlin.trap.gz (4318 of 4882)
[2026-09-27 14:24:28] Importing AccessDecisionVoter.members#61.0-1760956664000-kotlin.trap.gz (4319 of 4882)
[2026-09-27 14:24:28] Importing AccessDeniedException.members#61.0-1760956664000-kotlin.trap.gz (4320 of 4882)
[2026-09-27 14:24:28] Importing ConfigAttribute.members#61.0-1760956664000-kotlin.trap.gz (4321 of 4882)
[2026-09-27 14:24:28] Importing SecurityMetadataSource.members#61.0-1760956664000-kotlin.trap.gz (4322 of 4882)
[2026-09-27 14:24:28] Importing SecurityExpressionHandler.members#61.0-1760956664000-kotlin.trap.gz (4323 of 4882)
[2026-09-27 14:24:28] Importing AbstractAuthenticationToken.members#61.0-1760956664000-kotlin.trap.gz (4324 of 4882)
[2026-09-27 14:24:28] Importing AuthenticationDetailsSource.members#61.0-1760956664000-kotlin.trap.gz (4325 of 4882)
[2026-09-27 14:24:28] Importing AuthenticationEventPublisher.members#61.0-1760956664000-kotlin.trap.gz (4326 of 4882)
[2026-09-27 14:24:28] Importing AuthenticationManager.members#61.0-1760956664000-kotlin.trap.gz (4327 of 4882)
[2026-09-27 14:24:28] Importing AuthenticationManagerResolver.members#61.0-1760956664000-kotlin.trap.gz (4328 of 4882)
[2026-09-27 14:24:28] Importing AuthenticationProvider.members#61.0-1760956664000-kotlin.trap.gz (4329 of 4882)
[2026-09-27 14:24:28] Importing ProviderManager.members#61.0-1760956664000-kotlin.trap.gz (4330 of 4882)
[2026-09-27 14:24:28] Importing UsernamePasswordAuthenticationToken.members#61.0-1760956664000-kotlin.trap.gz (4331 of 4882)
[2026-09-27 14:24:28] Importing GenerateOneTimeTokenRequest.members#61.0-1760956664000-kotlin.trap.gz (4332 of 4882)
[2026-09-27 14:24:28] Importing OneTimeToken.members#61.0-1760956664000-kotlin.trap.gz (4333 of 4882)
[2026-09-27 14:24:28] Importing OneTimeTokenAuthenticationToken.members#61.0-1760956664000-kotlin.trap.gz (4334 of 4882)
[2026-09-27 14:24:28] Importing OneTimeTokenService.members#61.0-1760956664000-kotlin.trap.gz (4335 of 4882)
[2026-09-27 14:24:28] Importing AuthorizationDecision.members#61.0-1760956664000-kotlin.trap.gz (4336 of 4882)
[2026-09-27 14:24:28] Importing AuthorizationManager.members#61.0-1760956664000-kotlin.trap.gz (4337 of 4882)
[2026-09-27 14:24:28] Importing AuthorizationResult.members#61.0-1760956664000-kotlin.trap.gz (4338 of 4882)
[2026-09-27 14:24:28] Importing Customizer.members#61.0-1760956680000-kotlin.trap.gz (4339 of 4882)
[2026-09-27 14:24:28] Importing ObjectPostProcessor.members#61.0-1760956680000-kotlin.trap.gz (4340 of 4882)
[2026-09-27 14:24:28] Importing AbstractConfiguredSecurityBuilder.members#61.0-1760956680000-kotlin.trap.gz (4341 of 4882)
[2026-09-27 14:24:28] Importing AbstractSecurityBuilder.members#61.0-1760956680000-kotlin.trap.gz (4342 of 4882)
[2026-09-27 14:24:28] Importing ObjectPostProcessor.members#61.0-1760956680000-kotlin.trap.gz (4343 of 4882)
[2026-09-27 14:24:28] Importing SecurityBuilder.members#61.0-1760956680000-kotlin.trap.gz (4344 of 4882)
[2026-09-27 14:24:28] Importing SecurityConfigurer.members#61.0-1760956680000-kotlin.trap.gz (4345 of 4882)
[2026-09-27 14:24:28] Importing SecurityConfigurerAdapter.members#61.0-1760956680000-kotlin.trap.gz (4346 of 4882)
[2026-09-27 14:24:28] Importing ProviderManagerBuilder.members#61.0-1760956680000-kotlin.trap.gz (4347 of 4882)
[2026-09-27 14:24:28] Importing AuthenticationManagerBuilder.members#61.0-1760956680000-kotlin.trap.gz (4348 of 4882)
[2026-09-27 14:24:28] Importing AuthenticationConfiguration$AuthenticationManagerDelegator.members#61.0-1760956680000-kotlin.trap.gz (4349 of 4882)
[2026-09-27 14:24:28] Importing AuthenticationConfiguration$DefaultPasswordEncoderAuthenticationManagerBuilder.members#61.0-1760956680000-kotlin.trap.gz (4350 of 4882)
[2026-09-27 14:24:28] Importing AuthenticationConfiguration$LazyPasswordEncoder.members#61.0-1760956680000-kotlin.trap.gz (4351 of 4882)
[2026-09-27 14:24:28] Importing AuthenticationConfiguration.members#61.0-1760956680000-kotlin.trap.gz (4352 of 4882)
[2026-09-27 14:24:28] Importing EnableGlobalAuthentication.members#61.0-1760956680000-kotlin.trap.gz (4353 of 4882)
[2026-09-27 14:24:28] Importing GlobalAuthenticationConfigurerAdapter.members#61.0-1760956680000-kotlin.trap.gz (4354 of 4882)
[2026-09-27 14:24:28] Importing InitializeAuthenticationProviderBeanManagerConfigurer$InitializeAuthenticationProviderManagerConfigurer.members#61.0-1760956680000-kotlin.trap.gz (4355 of 4882)
[2026-09-27 14:24:28] Importing InitializeAuthenticationProviderBeanManagerConfigurer.members#61.0-1760956680000-kotlin.trap.gz (4356 of 4882)
[2026-09-27 14:24:28] Importing InitializeUserDetailsBeanManagerConfigurer$InitializeUserDetailsManagerConfigurer.members#61.0-1760956680000-kotlin.trap.gz (4357 of 4882)
[2026-09-27 14:24:28] Importing InitializeUserDetailsBeanManagerConfigurer.members#61.0-1760956680000-kotlin.trap.gz (4358 of 4882)
[2026-09-27 14:24:28] Importing LdapAuthenticationProviderConfigurer$ContextSourceBuilder.members#61.0-1760956680000-kotlin.trap.gz (4359 of 4882)
[2026-09-27 14:24:28] Importing LdapAuthenticationProviderConfigurer$PasswordCompareConfigurer.members#61.0-1760956680000-kotlin.trap.gz (4360 of 4882)
[2026-09-27 14:24:28] Importing LdapAuthenticationProviderConfigurer.members#61.0-1760956680000-kotlin.trap.gz (4361 of 4882)
[2026-09-27 14:24:28] Importing InMemoryUserDetailsManagerConfigurer.members#61.0-1760956680000-kotlin.trap.gz (4362 of 4882)
[2026-09-27 14:24:28] Importing JdbcUserDetailsManagerConfigurer.members#61.0-1760956680000-kotlin.trap.gz (4363 of 4882)
[2026-09-27 14:24:28] Importing UserDetailsManagerConfigurer$UserDetailsBuilder.members#61.0-1760956680000-kotlin.trap.gz (4364 of 4882)
[2026-09-27 14:24:28] Importing UserDetailsManagerConfigurer.members#61.0-1760956680000-kotlin.trap.gz (4365 of 4882)
[2026-09-27 14:24:28] Importing AbstractDaoAuthenticationConfigurer.members#61.0-1760956680000-kotlin.trap.gz (4366 of 4882)
[2026-09-27 14:24:28] Importing DaoAuthenticationConfigurer.members#61.0-1760956680000-kotlin.trap.gz (4367 of 4882)
[2026-09-27 14:24:28] Importing UserDetailsAwareConfigurer.members#61.0-1760956680000-kotlin.trap.gz (4368 of 4882)
[2026-09-27 14:24:28] Importing UserDetailsServiceConfigurer.members#61.0-1760956680000-kotlin.trap.gz (4369 of 4882)
[2026-09-27 14:24:28] Importing ObjectPostProcessorConfiguration.members#61.0-1760956680000-kotlin.trap.gz (4370 of 4882)
[2026-09-27 14:24:28] Importing AbstractRequestMatcherRegistry$DeferredRequestMatcher.members#61.0-1760956680000-kotlin.trap.gz (4371 of 4882)
[2026-09-27 14:24:28] Importing AbstractRequestMatcherRegistry$DispatcherServletDelegatingRequestMatcher.members#61.0-1760956680000-kotlin.trap.gz (4372 of 4882)
[2026-09-27 14:24:28] Importing AbstractRequestMatcherRegistry$DispatcherServletRequestMatcher.members#61.0-1760956680000-kotlin.trap.gz (4373 of 4882)
[2026-09-27 14:24:28] Importing AbstractRequestMatcherRegistry$MockMvcRequestMatcher.members#61.0-1760956680000-kotlin.trap.gz (4374 of 4882)
[2026-09-27 14:24:28] Importing AbstractRequestMatcherRegistry.members#61.0-1760956680000-kotlin.trap.gz (4375 of 4882)
[2026-09-27 14:24:28] Importing HttpSecurityBuilder.members#61.0-1760956680000-kotlin.trap.gz (4376 of 4882)
[2026-09-27 14:24:28] Importing HttpSecurity$RequestMatcherConfigurer.members#61.0-1760956680000-kotlin.trap.gz (4377 of 4882)
[2026-09-27 14:24:28] Importing HttpSecurity.members#61.0-1760956680000-kotlin.trap.gz (4378 of 4882)
[2026-09-27 14:24:28] Importing WebSecurity$IgnoredRequestConfigurer.members#61.0-1760956680000-kotlin.trap.gz (4379 of 4882)
[2026-09-27 14:24:28] Importing WebSecurity.members#61.0-1760956680000-kotlin.trap.gz (4380 of 4882)
[2026-09-27 14:24:28] Importing EnableWebSecurity.members#61.0-1760956680000-kotlin.trap.gz (4381 of 4882)
[2026-09-27 14:24:28] Importing HttpSecurityConfiguration$DefaultPasswordEncoderAuthenticationManagerBuilder.members#61.0-1760956680000-kotlin.trap.gz (4382 of 4882)
[2026-09-27 14:24:28] Importing HttpSecurityConfiguration$LazyPasswordEncoder.members#61.0-1760956680000-kotlin.trap.gz (4383 of 4882)
[2026-09-27 14:24:28] Importing HttpSecurityConfiguration.members#61.0-1760956680000-kotlin.trap.gz (4384 of 4882)
[2026-09-27 14:24:28] Importing OAuth2ImportSelector.members#61.0-1760956680000-kotlin.trap.gz (4385 of 4882)
[2026-09-27 14:24:28] Importing ObservationImportSelector.members#61.0-1760956680000-kotlin.trap.gz (4386 of 4882)
[2026-09-27 14:24:28] Importing SpringWebMvcImportSelector.members#61.0-1760956680000-kotlin.trap.gz (4387 of 4882)
[2026-09-27 14:24:28] Importing WebSecurityConfiguration$CompositeFilterChainProxy.members#61.0-1760956680000-kotlin.trap.gz (4388 of 4882)
[2026-09-27 14:24:28] Importing WebSecurityConfiguration.members#61.0-1760956680000-kotlin.trap.gz (4389 of 4882)
[2026-09-27 14:24:28] Importing WebSecurityCustomizer.members#61.0-1760956680000-kotlin.trap.gz (4390 of 4882)
[2026-09-27 14:24:28] Importing AbstractAuthenticationFilterConfigurer.members#61.0-1760956680000-kotlin.trap.gz (4391 of 4882)
[2026-09-27 14:24:28] Importing AbstractConfigAttributeRequestMatcherRegistry$UrlMapping.members#61.0-1760956680000-kotlin.trap.gz (4392 of 4882)
[2026-09-27 14:24:28] Importing AbstractConfigAttributeRequestMatcherRegistry.members#61.0-1760956680000-kotlin.trap.gz (4393 of 4882)
[2026-09-27 14:24:28] Importing AbstractHttpConfigurer.members#61.0-1760956680000-kotlin.trap.gz (4394 of 4882)
[2026-09-27 14:24:28] Importing AbstractInterceptUrlConfigurer$AbstractInterceptUrlRegistry.members#61.0-1760956680000-kotlin.trap.gz (4395 of 4882)
[2026-09-27 14:24:28] Importing AbstractInterceptUrlConfigurer.members#61.0-1760956680000-kotlin.trap.gz (4396 of 4882)
[2026-09-27 14:24:28] Importing AnonymousConfigurer.members#61.0-1760956680000-kotlin.trap.gz (4397 of 4882)
[2026-09-27 14:24:28] Importing AuthorizeHttpRequestsConfigurer$AuthorizationManagerRequestMatcherRegistry.members#61.0-1760956680000-kotlin.trap.gz (4398 of 4882)
[2026-09-27 14:24:28] Importing AuthorizeHttpRequestsConfigurer$AuthorizedUrl$AuthorizedUrlVariable.members#61.0-1760956680000-kotlin.trap.gz (4399 of 4882)
[2026-09-27 14:24:28] Importing AuthorizeHttpRequestsConfigurer$AuthorizedUrl.members#61.0-1760956680000-kotlin.trap.gz (4400 of 4882)
[2026-09-27 14:24:28] Importing AuthorizeHttpRequestsConfigurer.members#61.0-1760956680000-kotlin.trap.gz (4401 of 4882)
[2026-09-27 14:24:28] Importing ChannelSecurityConfigurer$ChannelRequestMatcherRegistry.members#61.0-1760956680000-kotlin.trap.gz (4402 of 4882)
[2026-09-27 14:24:28] Importing ChannelSecurityConfigurer$RequiresChannelUrl.members#61.0-1760956680000-kotlin.trap.gz (4403 of 4882)
[2026-09-27 14:24:28] Importing ChannelSecurityConfigurer.members#61.0-1760956680000-kotlin.trap.gz (4404 of 4882)
[2026-09-27 14:24:28] Importing CorsConfigurer$MvcCorsFilter.members#61.0-1760956680000-kotlin.trap.gz (4405 of 4882)
[2026-09-27 14:24:28] Importing CorsConfigurer.members#61.0-1760956680000-kotlin.trap.gz (4406 of 4882)
[2026-09-27 14:24:28] Importing CsrfConfigurer.members#61.0-1760956680000-kotlin.trap.gz (4407 of 4882)
[2026-09-27 14:24:28] Importing ExceptionHandlingConfigurer.members#61.0-1760956680000-kotlin.trap.gz (4408 of 4882)
[2026-09-27 14:24:28] Importing ExpressionUrlAuthorizationConfigurer$AuthorizedUrl.members#61.0-1760956680000-kotlin.trap.gz (4409 of 4882)
[2026-09-27 14:24:28] Importing ExpressionUrlAuthorizationConfigurer$ExpressionInterceptUrlRegistry.members#61.0-1760956680000-kotlin.trap.gz (4410 of 4882)
[2026-09-27 14:24:28] Importing ExpressionUrlAuthorizationConfigurer.members#61.0-1760956680000-kotlin.trap.gz (4411 of 4882)
[2026-09-27 14:24:28] Importing FormLoginConfigurer.members#61.0-1760956680000-kotlin.trap.gz (4412 of 4882)
[2026-09-27 14:24:28] Importing HeadersConfigurer$CacheControlConfig.members#61.0-1760956680000-kotlin.trap.gz (4413 of 4882)
[2026-09-27 14:24:28] Importing HeadersConfigurer$ContentSecurityPolicyConfig.members#61.0-1760956680000-kotlin.trap.gz (4414 of 4882)
[2026-09-27 14:24:28] Importing HeadersConfigurer$ContentTypeOptionsConfig.members#61.0-1760956680000-kotlin.trap.gz (4415 of 4882)
[2026-09-27 14:24:28] Importing HeadersConfigurer$CrossOriginEmbedderPolicyConfig.members#61.0-1760956680000-kotlin.trap.gz (4416 of 4882)
[2026-09-27 14:24:28] Importing HeadersConfigurer$CrossOriginOpenerPolicyConfig.members#61.0-1760956680000-kotlin.trap.gz (4417 of 4882)
[2026-09-27 14:24:28] Importing HeadersConfigurer$CrossOriginResourcePolicyConfig.members#61.0-1760956680000-kotlin.trap.gz (4418 of 4882)
[2026-09-27 14:24:28] Importing HeadersConfigurer$FeaturePolicyConfig.members#61.0-1760956680000-kotlin.trap.gz (4419 of 4882)
[2026-09-27 14:24:28] Importing HeadersConfigurer$FrameOptionsConfig.members#61.0-1760956680000-kotlin.trap.gz (4420 of 4882)
[2026-09-27 14:24:28] Importing HeadersConfigurer$HpkpConfig.members#61.0-1760956680000-kotlin.trap.gz (4421 of 4882)
[2026-09-27 14:24:28] Importing HeadersConfigurer$HstsConfig.members#61.0-1760956680000-kotlin.trap.gz (4422 of 4882)
[2026-09-27 14:24:28] Importing HeadersConfigurer$PermissionsPolicyConfig.members#61.0-1760956680000-kotlin.trap.gz (4423 of 4882)
[2026-09-27 14:24:28] Importing HeadersConfigurer$ReferrerPolicyConfig.members#61.0-1760956680000-kotlin.trap.gz (4424 of 4882)
[2026-09-27 14:24:28] Importing HeadersConfigurer$XXssConfig.members#61.0-1760956680000-kotlin.trap.gz (4425 of 4882)
[2026-09-27 14:24:28] Importing HeadersConfigurer.members#61.0-1760956680000-kotlin.trap.gz (4426 of 4882)
[2026-09-27 14:24:28] Importing HttpBasicConfigurer.members#61.0-1760956680000-kotlin.trap.gz (4427 of 4882)
[2026-09-27 14:24:28] Importing HttpsRedirectConfigurer.members#61.0-1760956680000-kotlin.trap.gz (4428 of 4882)
[2026-09-27 14:24:28] Importing JeeConfigurer.members#61.0-1760956680000-kotlin.trap.gz (4429 of 4882)
[2026-09-27 14:24:28] Importing LogoutConfigurer.members#61.0-1760956680000-kotlin.trap.gz (4430 of 4882)
[2026-09-27 14:24:28] Importing PasswordManagementConfigurer.members#61.0-1760956680000-kotlin.trap.gz (4431 of 4882)
[2026-09-27 14:24:28] Importing PortMapperConfigurer$HttpPortMapping.members#61.0-1760956680000-kotlin.trap.gz (4432 of 4882)
[2026-09-27 14:24:28] Importing PortMapperConfigurer.members#61.0-1760956680000-kotlin.trap.gz (4433 of 4882)
[2026-09-27 14:24:28] Importing RememberMeConfigurer.members#61.0-1760956680000-kotlin.trap.gz (4434 of 4882)
[2026-09-27 14:24:28] Importing RequestCacheConfigurer.members#61.0-1760956680000-kotlin.trap.gz (4435 of 4882)
[2026-09-27 14:24:28] Importing SecurityContextConfigurer.members#61.0-1760956680000-kotlin.trap.gz (4436 of 4882)
[2026-09-27 14:24:28] Importing ServletApiConfigurer.members#61.0-1760956680000-kotlin.trap.gz (4437 of 4882)
[2026-09-27 14:24:28] Importing SessionManagementConfigurer$ConcurrencyControlConfigurer.members#61.0-1760956680000-kotlin.trap.gz (4438 of 4882)
[2026-09-27 14:24:28] Importing SessionManagementConfigurer$SessionFixationConfigurer.members#61.0-1760956680000-kotlin.trap.gz (4439 of 4882)
[2026-09-27 14:24:28] Importing SessionManagementConfigurer.members#61.0-1760956680000-kotlin.trap.gz (4440 of 4882)
[2026-09-27 14:24:28] Importing WebAuthnConfigurer.members#61.0-1760956680000-kotlin.trap.gz (4441 of 4882)
[2026-09-27 14:24:28] Importing X509Configurer.members#61.0-1760956680000-kotlin.trap.gz (4442 of 4882)
[2026-09-27 14:24:28] Importing OAuth2ClientConfigurer$AuthorizationCodeGrantConfigurer.members#61.0-1760956680000-kotlin.trap.gz (4443 of 4882)
[2026-09-27 14:24:28] Importing OAuth2ClientConfigurer.members#61.0-1760956680000-kotlin.trap.gz (4444 of 4882)
[2026-09-27 14:24:28] Importing OAuth2LoginConfigurer$AuthorizationEndpointConfig.members#61.0-1760956680000-kotlin.trap.gz (4445 of 4882)
[2026-09-27 14:24:28] Importing OAuth2LoginConfigurer$RedirectionEndpointConfig.members#61.0-1760956680000-kotlin.trap.gz (4446 of 4882)
[2026-09-27 14:24:28] Importing OAuth2LoginConfigurer$TokenEndpointConfig.members#61.0-1760956680000-kotlin.trap.gz (4447 of 4882)
[2026-09-27 14:24:28] Importing OAuth2LoginConfigurer$UserInfoEndpointConfig.members#61.0-1760956680000-kotlin.trap.gz (4448 of 4882)
[2026-09-27 14:24:28] Importing OAuth2LoginConfigurer.members#61.0-1760956680000-kotlin.trap.gz (4449 of 4882)
[2026-09-27 14:24:28] Importing OidcLogoutConfigurer$BackChannelLogoutConfigurer.members#61.0-1760956680000-kotlin.trap.gz (4450 of 4882)
[2026-09-27 14:24:28] Importing OidcLogoutConfigurer.members#61.0-1760956680000-kotlin.trap.gz (4451 of 4882)
[2026-09-27 14:24:28] Importing OAuth2ResourceServerConfigurer$JwtConfigurer.members#61.0-1760956680000-kotlin.trap.gz (4452 of 4882)
[2026-09-27 14:24:28] Importing OAuth2ResourceServerConfigurer$OpaqueTokenConfigurer.members#61.0-1760956680000-kotlin.trap.gz (4453 of 4882)
[2026-09-27 14:24:28] Importing OAuth2ResourceServerConfigurer.members#61.0-1760956680000-kotlin.trap.gz (4454 of 4882)
[2026-09-27 14:24:28] Importing OneTimeTokenLoginConfigurer.members#61.0-1760956680000-kotlin.trap.gz (4455 of 4882)
[2026-09-27 14:24:28] Importing Saml2LoginConfigurer$PathQueryRequestMatcher.members#61.0-1760956680000-kotlin.trap.gz (4456 of 4882)
[2026-09-27 14:24:28] Importing Saml2LoginConfigurer.members#61.0-1760956680000-kotlin.trap.gz (4457 of 4882)
[2026-09-27 14:24:28] Importing Saml2LogoutConfigurer$LogoutRequestConfigurer.members#61.0-1760956680000-kotlin.trap.gz (4458 of 4882)
[2026-09-27 14:24:28] Importing Saml2LogoutConfigurer$LogoutResponseConfigurer.members#61.0-1760956680000-kotlin.trap.gz (4459 of 4882)
[2026-09-27 14:24:28] Importing Saml2LogoutConfigurer.members#61.0-1760956680000-kotlin.trap.gz (4460 of 4882)
[2026-09-27 14:24:28] Importing Saml2MetadataConfigurer.members#61.0-1760956680000-kotlin.trap.gz (4461 of 4882)
[2026-09-27 14:24:28] Importing SessionCreationPolicy.members#61.0-1760956680000-kotlin.trap.gz (4462 of 4882)
[2026-09-27 14:24:28] Importing DelegatingApplicationListener.members#61.0-1760956664000-kotlin.trap.gz (4463 of 4882)
[2026-09-27 14:24:28] Importing AuthenticatedPrincipal.members#61.0-1760956664000-kotlin.trap.gz (4464 of 4882)
[2026-09-27 14:24:28] Importing Authentication.members#61.0-1760956664000-kotlin.trap.gz (4465 of 4882)
[2026-09-27 14:24:28] Importing AuthenticationException.members#61.0-1760956664000-kotlin.trap.gz (4466 of 4882)
[2026-09-27 14:24:28] Importing CredentialsContainer.members#61.0-1760956664000-kotlin.trap.gz (4467 of 4882)
[2026-09-27 14:24:28] Importing GrantedAuthority.members#61.0-1760956664000-kotlin.trap.gz (4468 of 4882)
[2026-09-27 14:24:28] Importing AuthenticationPrincipal.members#61.0-1760956664000-kotlin.trap.gz (4469 of 4882)
[2026-09-27 14:24:28] Importing GrantedAuthoritiesContainer.members#61.0-1760956664000-kotlin.trap.gz (4470 of 4882)
[2026-09-27 14:24:28] Importing SimpleGrantedAuthority.members#61.0-1760956664000-kotlin.trap.gz (4471 of 4882)
[2026-09-27 14:24:28] Importing GrantedAuthoritiesMapper.members#61.0-1760956664000-kotlin.trap.gz (4472 of 4882)
[2026-09-27 14:24:28] Importing DeferredSecurityContext.members#61.0-1760956664000-kotlin.trap.gz (4473 of 4882)
[2026-09-27 14:24:28] Importing SecurityContext.members#61.0-1760956664000-kotlin.trap.gz (4474 of 4882)
[2026-09-27 14:24:28] Importing SecurityContextHolder.members#61.0-1760956664000-kotlin.trap.gz (4475 of 4882)
[2026-09-27 14:24:28] Importing SecurityContextHolderStrategy.members#61.0-1760956664000-kotlin.trap.gz (4476 of 4882)
[2026-09-27 14:24:28] Importing SessionInformation.members#61.0-1760956664000-kotlin.trap.gz (4477 of 4882)
[2026-09-27 14:24:28] Importing SessionRegistry.members#61.0-1760956664000-kotlin.trap.gz (4478 of 4882)
[2026-09-27 14:24:28] Importing AuthenticationUserDetailsService.members#61.0-1760956664000-kotlin.trap.gz (4479 of 4882)
[2026-09-27 14:24:28] Importing User$UserBuilder.members#61.0-1760956664000-kotlin.trap.gz (4480 of 4882)
[2026-09-27 14:24:28] Importing User.members#61.0-1760956664000-kotlin.trap.gz (4481 of 4882)
[2026-09-27 14:24:28] Importing UserCache.members#61.0-1760956664000-kotlin.trap.gz (4482 of 4882)
[2026-09-27 14:24:28] Importing UserDetails.members#61.0-1760956664000-kotlin.trap.gz (4483 of 4882)
[2026-09-27 14:24:28] Importing UserDetailsPasswordService.members#61.0-1760956664000-kotlin.trap.gz (4484 of 4882)
[2026-09-27 14:24:28] Importing UserDetailsService.members#61.0-1760956664000-kotlin.trap.gz (4485 of 4882)
[2026-09-27 14:24:28] Importing JdbcDaoImpl.members#61.0-1760956664000-kotlin.trap.gz (4486 of 4882)
[2026-09-27 14:24:28] Importing PasswordEncoder.members#61.0-1760956662000-kotlin.trap.gz (4487 of 4882)
[2026-09-27 14:24:28] Importing LdapAuthoritiesPopulator.members#-1.0-0-null.trap.gz (4488 of 4882)
[2026-09-27 14:24:28] Importing UserDetailsContextMapper.members#-1.0-0-null.trap.gz (4489 of 4882)
[2026-09-27 14:24:28] Importing OAuth2AuthorizedClientService.members#-1.0-0-null.trap.gz (4490 of 4882)
[2026-09-27 14:24:28] Importing OAuth2AccessTokenResponseClient.members#-1.0-0-null.trap.gz (4491 of 4882)
[2026-09-27 14:24:28] Importing OidcSessionRegistry.members#-1.0-0-null.trap.gz (4492 of 4882)
[2026-09-27 14:24:28] Importing ClientRegistrationRepository.members#-1.0-0-null.trap.gz (4493 of 4882)
[2026-09-27 14:24:28] Importing OAuth2UserService.members#-1.0-0-null.trap.gz (4494 of 4882)
[2026-09-27 14:24:28] Importing AuthorizationRequestRepository.members#-1.0-0-null.trap.gz (4495 of 4882)
[2026-09-27 14:24:28] Importing OAuth2AuthorizationRequestResolver.members#-1.0-0-null.trap.gz (4496 of 4882)
[2026-09-27 14:24:28] Importing OAuth2AuthorizedClientRepository.members#-1.0-0-null.trap.gz (4497 of 4882)
[2026-09-27 14:24:28] Importing OAuth2LoginAuthenticationFilter.members#-1.0-0-null.trap.gz (4498 of 4882)
[2026-09-27 14:24:28] Importing AbstractOAuth2Token.members#61.0-1760956670000-kotlin.trap.gz (4499 of 4882)
[2026-09-27 14:24:28] Importing ClaimAccessor.members#61.0-1760956670000-kotlin.trap.gz (4500 of 4882)
[2026-09-27 14:24:28] Importing OAuth2AuthenticatedPrincipal.members#61.0-1760956670000-kotlin.trap.gz (4501 of 4882)
[2026-09-27 14:24:28] Importing OAuth2Error.members#61.0-1760956670000-kotlin.trap.gz (4502 of 4882)
[2026-09-27 14:24:28] Importing OAuth2Token.members#61.0-1760956670000-kotlin.trap.gz (4503 of 4882)
[2026-09-27 14:24:28] Importing OAuth2TokenValidator.members#61.0-1760956670000-kotlin.trap.gz (4504 of 4882)
[2026-09-27 14:24:28] Importing OAuth2TokenValidatorResult.members#61.0-1760956670000-kotlin.trap.gz (4505 of 4882)
[2026-09-27 14:24:28] Importing JwaAlgorithm.members#61.0-1760956670000-kotlin.trap.gz (4506 of 4882)
[2026-09-27 14:24:28] Importing JwsAlgorithm.members#61.0-1760956670000-kotlin.trap.gz (4507 of 4882)
[2026-09-27 14:24:28] Importing MacAlgorithm.members#61.0-1760956670000-kotlin.trap.gz (4508 of 4882)
[2026-09-27 14:24:28] Importing SignatureAlgorithm.members#61.0-1760956670000-kotlin.trap.gz (4509 of 4882)
[2026-09-27 14:24:28] Importing Jwt$Builder.members#61.0-1760956670000-kotlin.trap.gz (4510 of 4882)
[2026-09-27 14:24:28] Importing Jwt.members#61.0-1760956670000-kotlin.trap.gz (4511 of 4882)
[2026-09-27 14:24:28] Importing JwtClaimAccessor.members#61.0-1760956670000-kotlin.trap.gz (4512 of 4882)
[2026-09-27 14:24:28] Importing JwtDecoder.members#61.0-1760956670000-kotlin.trap.gz (4513 of 4882)
[2026-09-27 14:24:28] Importing JwtValidators$AtJwtBuilder.members#61.0-1760956670000-kotlin.trap.gz (4514 of 4882)
[2026-09-27 14:24:28] Importing JwtValidators.members#61.0-1760956670000-kotlin.trap.gz (4515 of 4882)
[2026-09-27 14:24:28] Importing NimbusJwtDecoder$JwkSetUriJwtDecoderBuilder.members#61.0-1760956670000-kotlin.trap.gz (4516 of 4882)
[2026-09-27 14:24:28] Importing NimbusJwtDecoder$PublicKeyJwtDecoderBuilder.members#61.0-1760956670000-kotlin.trap.gz (4517 of 4882)
[2026-09-27 14:24:28] Importing NimbusJwtDecoder$SecretKeyJwtDecoderBuilder.members#61.0-1760956670000-kotlin.trap.gz (4518 of 4882)
[2026-09-27 14:24:28] Importing NimbusJwtDecoder.members#61.0-1760956670000-kotlin.trap.gz (4519 of 4882)
[2026-09-27 14:24:28] Importing OpaqueTokenAuthenticationConverter.members#61.0-1760956672000-kotlin.trap.gz (4520 of 4882)
[2026-09-27 14:24:28] Importing OpaqueTokenIntrospector.members#61.0-1760956672000-kotlin.trap.gz (4521 of 4882)
[2026-09-27 14:24:28] Importing BearerTokenResolver.members#61.0-1760956672000-kotlin.trap.gz (4522 of 4882)
[2026-09-27 14:24:28] Importing GroupManager.members#61.0-1760956664000-kotlin.trap.gz (4523 of 4882)
[2026-09-27 14:24:28] Importing JdbcUserDetailsManager.members#61.0-1760956664000-kotlin.trap.gz (4524 of 4882)
[2026-09-27 14:24:28] Importing UserDetailsManager.members#61.0-1760956664000-kotlin.trap.gz (4525 of 4882)
[2026-09-27 14:24:28] Importing Saml2LogoutRequestValidator.members#-1.0-0-null.trap.gz (4526 of 4882)
[2026-09-27 14:24:28] Importing Saml2LogoutResponseValidator.members#-1.0-0-null.trap.gz (4527 of 4882)
[2026-09-27 14:24:28] Importing Saml2MetadataResponseResolver.members#-1.0-0-null.trap.gz (4528 of 4882)
[2026-09-27 14:24:28] Importing RelyingPartyRegistrationRepository.members#-1.0-0-null.trap.gz (4529 of 4882)
[2026-09-27 14:24:28] Importing Saml2AuthenticationRequestResolver.members#-1.0-0-null.trap.gz (4530 of 4882)
[2026-09-27 14:24:28] Importing Saml2WebSsoAuthenticationFilter.members#-1.0-0-null.trap.gz (4531 of 4882)
[2026-09-27 14:24:28] Importing Saml2LogoutRequestRepository.members#-1.0-0-null.trap.gz (4532 of 4882)
[2026-09-27 14:24:28] Importing Saml2LogoutRequestResolver.members#-1.0-0-null.trap.gz (4533 of 4882)
[2026-09-27 14:24:28] Importing Saml2LogoutResponseResolver.members#-1.0-0-null.trap.gz (4534 of 4882)
[2026-09-27 14:24:28] Importing AuthenticationEntryPoint.members#61.0-1760956668000-kotlin.trap.gz (4535 of 4882)
[2026-09-27 14:24:28] Importing DefaultSecurityFilterChain.members#61.0-1760956668000-kotlin.trap.gz (4536 of 4882)
[2026-09-27 14:24:28] Importing FilterChainProxy$FilterChainDecorator.members#61.0-1760956668000-kotlin.trap.gz (4537 of 4882)
[2026-09-27 14:24:28] Importing FilterChainProxy$FilterChainValidator.members#61.0-1760956668000-kotlin.trap.gz (4538 of 4882)
[2026-09-27 14:24:28] Importing FilterChainProxy$VirtualFilterChainDecorator.members#61.0-1760956668000-kotlin.trap.gz (4539 of 4882)
[2026-09-27 14:24:28] Importing FilterChainProxy.members#61.0-1760956668000-kotlin.trap.gz (4540 of 4882)
[2026-09-27 14:24:28] Importing FilterInvocation$DummyRequest.members#61.0-1760956668000-kotlin.trap.gz (4541 of 4882)
[2026-09-27 14:24:28] Importing FilterInvocation$UnsupportedOperationExceptionInvocationHandler.members#61.0-1760956668000-kotlin.trap.gz (4542 of 4882)
[2026-09-27 14:24:28] Importing FilterInvocation.members#61.0-1760956668000-kotlin.trap.gz (4543 of 4882)
[2026-09-27 14:24:28] Importing PortMapper.members#61.0-1760956668000-kotlin.trap.gz (4544 of 4882)
[2026-09-27 14:24:28] Importing RedirectStrategy.members#61.0-1760956668000-kotlin.trap.gz (4545 of 4882)
[2026-09-27 14:24:28] Importing SecurityFilterChain.members#61.0-1760956668000-kotlin.trap.gz (4546 of 4882)
[2026-09-27 14:24:28] Importing AccessDeniedHandler.members#61.0-1760956668000-kotlin.trap.gz (4547 of 4882)
[2026-09-27 14:24:28] Importing WebInvocationPrivilegeEvaluator.members#61.0-1760956668000-kotlin.trap.gz (4548 of 4882)
[2026-09-27 14:24:28] Importing ChannelProcessor.members#61.0-1760956668000-kotlin.trap.gz (4549 of 4882)
[2026-09-27 14:24:28] Importing AbstractVariableEvaluationContextPostProcessor$VariableEvaluationContext.members#61.0-1760956668000-kotlin.trap.gz (4550 of 4882)
[2026-09-27 14:24:28] Importing AbstractVariableEvaluationContextPostProcessor.members#61.0-1760956668000-kotlin.trap.gz (4551 of 4882)
[2026-09-27 14:24:28] Importing DelegatingEvaluationContext.members#61.0-1760956668000-kotlin.trap.gz (4552 of 4882)
[2026-09-27 14:24:28] Importing EvaluationContextPostProcessor.members#61.0-1760956668000-kotlin.trap.gz (4553 of 4882)
[2026-09-27 14:24:28] Importing ExpressionBasedFilterInvocationSecurityMetadataSource$RequestVariablesExtractorEvaluationContextPostProcessor.members#61.0-1760956668000-kotlin.trap.gz (4554 of 4882)
[2026-09-27 14:24:28] Importing ExpressionBasedFilterInvocationSecurityMetadataSource.members#61.0-1760956668000-kotlin.trap.gz (4555 of 4882)
[2026-09-27 14:24:28] Importing DefaultFilterInvocationSecurityMetadataSource.members#61.0-1760956668000-kotlin.trap.gz (4556 of 4882)
[2026-09-27 14:24:28] Importing FilterInvocationSecurityMetadataSource.members#61.0-1760956668000-kotlin.trap.gz (4557 of 4882)
[2026-09-27 14:24:28] Importing RequestAuthorizationContext.members#61.0-1760956668000-kotlin.trap.gz (4558 of 4882)
[2026-09-27 14:24:28] Importing AbstractAuthenticationProcessingFilter.members#61.0-1760956668000-kotlin.trap.gz (4559 of 4882)
[2026-09-27 14:24:28] Importing AnonymousAuthenticationFilter.members#61.0-1760956668000-kotlin.trap.gz (4560 of 4882)
[2026-09-27 14:24:28] Importing AuthenticationConverter.members#61.0-1760956668000-kotlin.trap.gz (4561 of 4882)
[2026-09-27 14:24:28] Importing AuthenticationFailureHandler.members#61.0-1760956668000-kotlin.trap.gz (4562 of 4882)
[2026-09-27 14:24:28] Importing AuthenticationSuccessHandler.members#61.0-1760956668000-kotlin.trap.gz (4563 of 4882)
[2026-09-27 14:24:28] Importing RememberMeServices.members#61.0-1760956668000-kotlin.trap.gz (4564 of 4882)
[2026-09-27 14:24:28] Importing UsernamePasswordAuthenticationFilter.members#61.0-1760956668000-kotlin.trap.gz (4565 of 4882)
[2026-09-27 14:24:28] Importing WebAuthenticationDetails.members#61.0-1760956668000-kotlin.trap.gz (4566 of 4882)
[2026-09-27 14:24:28] Importing LogoutHandler.members#61.0-1760956668000-kotlin.trap.gz (4567 of 4882)
[2026-09-27 14:24:28] Importing LogoutSuccessHandler.members#61.0-1760956668000-kotlin.trap.gz (4568 of 4882)
[2026-09-27 14:24:28] Importing GenerateOneTimeTokenRequestResolver.members#61.0-1760956668000-kotlin.trap.gz (4569 of 4882)
[2026-09-27 14:24:28] Importing OneTimeTokenAuthenticationFilter.members#61.0-1760956668000-kotlin.trap.gz (4570 of 4882)
[2026-09-27 14:24:28] Importing OneTimeTokenGenerationSuccessHandler.members#61.0-1760956668000-kotlin.trap.gz (4571 of 4882)
[2026-09-27 14:24:28] Importing AbstractPreAuthenticatedProcessingFilter.members#61.0-1760956668000-kotlin.trap.gz (4572 of 4882)
[2026-09-27 14:24:28] Importing PreAuthenticatedAuthenticationToken.members#61.0-1760956668000-kotlin.trap.gz (4573 of 4882)
[2026-09-27 14:24:28] Importing PreAuthenticatedGrantedAuthoritiesWebAuthenticationDetails.members#61.0-1760956668000-kotlin.trap.gz (4574 of 4882)
[2026-09-27 14:24:28] Importing J2eePreAuthenticatedProcessingFilter.members#61.0-1760956668000-kotlin.trap.gz (4575 of 4882)
[2026-09-27 14:24:28] Importing X509AuthenticationFilter.members#61.0-1760956668000-kotlin.trap.gz (4576 of 4882)
[2026-09-27 14:24:28] Importing X509PrincipalExtractor.members#61.0-1760956668000-kotlin.trap.gz (4577 of 4882)
[2026-09-27 14:24:28] Importing PersistentRememberMeToken.members#61.0-1760956668000-kotlin.trap.gz (4578 of 4882)
[2026-09-27 14:24:28] Importing PersistentTokenRepository.members#61.0-1760956668000-kotlin.trap.gz (4579 of 4882)
[2026-09-27 14:24:28] Importing SessionAuthenticationStrategy.members#61.0-1760956668000-kotlin.trap.gz (4580 of 4882)
[2026-09-27 14:24:28] Importing SessionLimit.members#61.0-1760956668000-kotlin.trap.gz (4581 of 4882)
[2026-09-27 14:24:28] Importing HttpRequestResponseHolder.members#61.0-1760956668000-kotlin.trap.gz (4582 of 4882)
[2026-09-27 14:24:28] Importing SecurityContextRepository.members#61.0-1760956668000-kotlin.trap.gz (4583 of 4882)
[2026-09-27 14:24:28] Importing CsrfToken.members#61.0-1760956668000-kotlin.trap.gz (4584 of 4882)
[2026-09-27 14:24:28] Importing CsrfTokenRepository.members#61.0-1760956668000-kotlin.trap.gz (4585 of 4882)
[2026-09-27 14:24:28] Importing CsrfTokenRequestHandler.members#61.0-1760956668000-kotlin.trap.gz (4586 of 4882)
[2026-09-27 14:24:28] Importing CsrfTokenRequestResolver.members#61.0-1760956668000-kotlin.trap.gz (4587 of 4882)
[2026-09-27 14:24:28] Importing DeferredCsrfToken.members#61.0-1760956668000-kotlin.trap.gz (4588 of 4882)
[2026-09-27 14:24:28] Importing FirewalledRequest.members#61.0-1760956668000-kotlin.trap.gz (4589 of 4882)
[2026-09-27 14:24:28] Importing HttpFirewall.members#61.0-1760956668000-kotlin.trap.gz (4590 of 4882)
[2026-09-27 14:24:28] Importing RequestRejectedException.members#61.0-1760956668000-kotlin.trap.gz (4591 of 4882)
[2026-09-27 14:24:28] Importing RequestRejectedHandler.members#61.0-1760956668000-kotlin.trap.gz (4592 of 4882)
[2026-09-27 14:24:28] Importing HeaderWriter.members#61.0-1760956668000-kotlin.trap.gz (4593 of 4882)
[2026-09-27 14:24:28] Importing CrossOriginEmbedderPolicyHeaderWriter$CrossOriginEmbedderPolicy.members#61.0-1760956668000-kotlin.trap.gz (4594 of 4882)
[2026-09-27 14:24:28] Importing CrossOriginEmbedderPolicyHeaderWriter.members#61.0-1760956668000-kotlin.trap.gz (4595 of 4882)
[2026-09-27 14:24:28] Importing CrossOriginOpenerPolicyHeaderWriter$CrossOriginOpenerPolicy.members#61.0-1760956668000-kotlin.trap.gz (4596 of 4882)
[2026-09-27 14:24:28] Importing CrossOriginOpenerPolicyHeaderWriter.members#61.0-1760956668000-kotlin.trap.gz (4597 of 4882)
[2026-09-27 14:24:28] Importing CrossOriginResourcePolicyHeaderWriter$CrossOriginResourcePolicy.members#61.0-1760956668000-kotlin.trap.gz (4598 of 4882)
[2026-09-27 14:24:28] Importing CrossOriginResourcePolicyHeaderWriter.members#61.0-1760956668000-kotlin.trap.gz (4599 of 4882)
[2026-09-27 14:24:28] Importing ReferrerPolicyHeaderWriter$ReferrerPolicy.members#61.0-1760956668000-kotlin.trap.gz (4600 of 4882)
[2026-09-27 14:24:28] Importing ReferrerPolicyHeaderWriter.members#61.0-1760956668000-kotlin.trap.gz (4601 of 4882)
[2026-09-27 14:24:28] Importing XXssProtectionHeaderWriter$HeaderValue.members#61.0-1760956668000-kotlin.trap.gz (4602 of 4882)
[2026-09-27 14:24:28] Importing XXssProtectionHeaderWriter.members#61.0-1760956668000-kotlin.trap.gz (4603 of 4882)
[2026-09-27 14:24:28] Importing RequestCache.members#61.0-1760956668000-kotlin.trap.gz (4604 of 4882)
[2026-09-27 14:24:28] Importing SavedRequest.members#61.0-1760956668000-kotlin.trap.gz (4605 of 4882)
[2026-09-27 14:24:28] Importing MvcRequestMatcher$Builder.members#61.0-1760956668000-kotlin.trap.gz (4606 of 4882)
[2026-09-27 14:24:28] Importing MvcRequestMatcher.members#61.0-1760956668000-kotlin.trap.gz (4607 of 4882)
[2026-09-27 14:24:28] Importing InvalidSessionStrategy.members#61.0-1760956668000-kotlin.trap.gz (4608 of 4882)
[2026-09-27 14:24:28] Importing SessionInformationExpiredEvent.members#61.0-1760956668000-kotlin.trap.gz (4609 of 4882)
[2026-09-27 14:24:28] Importing SessionInformationExpiredStrategy.members#61.0-1760956668000-kotlin.trap.gz (4610 of 4882)
[2026-09-27 14:24:28] Importing AntPathRequestMatcher.members#61.0-1760956668000-kotlin.trap.gz (4611 of 4882)
[2026-09-27 14:24:28] Importing RequestMatcher$MatchResult.members#61.0-1760956668000-kotlin.trap.gz (4612 of 4882)
[2026-09-27 14:24:28] Importing RequestMatcher.members#61.0-1760956668000-kotlin.trap.gz (4613 of 4882)
[2026-09-27 14:24:28] Importing RequestVariablesExtractor.members#61.0-1760956668000-kotlin.trap.gz (4614 of 4882)
[2026-09-27 14:24:28] Importing AttestationConveyancePreference.members#61.0-1760956668000-kotlin.trap.gz (4615 of 4882)
[2026-09-27 14:24:28] Importing AuthenticationExtensionsClientInput.members#61.0-1760956668000-kotlin.trap.gz (4616 of 4882)
[2026-09-27 14:24:28] Importing AuthenticationExtensionsClientInputs.members#61.0-1760956668000-kotlin.trap.gz (4617 of 4882)
[2026-09-27 14:24:28] Importing AuthenticatorAttachment.members#61.0-1760956668000-kotlin.trap.gz (4618 of 4882)
[2026-09-27 14:24:28] Importing AuthenticatorSelectionCriteria$AuthenticatorSelectionCriteriaBuilder.members#61.0-1760956668000-kotlin.trap.gz (4619 of 4882)
[2026-09-27 14:24:28] Importing AuthenticatorSelectionCriteria.members#61.0-1760956668000-kotlin.trap.gz (4620 of 4882)
[2026-09-27 14:24:28] Importing AuthenticatorTransport.members#61.0-1760956668000-kotlin.trap.gz (4621 of 4882)
[2026-09-27 14:24:28] Importing Bytes.members#61.0-1760956668000-kotlin.trap.gz (4622 of 4882)
[2026-09-27 14:24:28] Importing COSEAlgorithmIdentifier.members#61.0-1760956668000-kotlin.trap.gz (4623 of 4882)
[2026-09-27 14:24:28] Importing PublicKeyCredentialCreationOptions$PublicKeyCredentialCreationOptionsBuilder.members#61.0-1760956668000-kotlin.trap.gz (4624 of 4882)
[2026-09-27 14:24:28] Importing PublicKeyCredentialCreationOptions.members#61.0-1760956668000-kotlin.trap.gz (4625 of 4882)
[2026-09-27 14:24:28] Importing PublicKeyCredentialDescriptor$PublicKeyCredentialDescriptorBuilder.members#61.0-1760956668000-kotlin.trap.gz (4626 of 4882)
[2026-09-27 14:24:28] Importing PublicKeyCredentialDescriptor.members#61.0-1760956668000-kotlin.trap.gz (4627 of 4882)
[2026-09-27 14:24:28] Importing PublicKeyCredentialParameters.members#61.0-1760956668000-kotlin.trap.gz (4628 of 4882)
[2026-09-27 14:24:28] Importing PublicKeyCredentialRpEntity$PublicKeyCredentialRpEntityBuilder.members#61.0-1760956668000-kotlin.trap.gz (4629 of 4882)
[2026-09-27 14:24:28] Importing PublicKeyCredentialRpEntity.members#61.0-1760956668000-kotlin.trap.gz (4630 of 4882)
[2026-09-27 14:24:28] Importing PublicKeyCredentialType.members#61.0-1760956668000-kotlin.trap.gz (4631 of 4882)
[2026-09-27 14:24:28] Importing PublicKeyCredentialUserEntity.members#61.0-1760956668000-kotlin.trap.gz (4632 of 4882)
[2026-09-27 14:24:28] Importing ResidentKeyRequirement.members#61.0-1760956668000-kotlin.trap.gz (4633 of 4882)
[2026-09-27 14:24:28] Importing UserVerificationRequirement.members#61.0-1760956668000-kotlin.trap.gz (4634 of 4882)
[2026-09-27 14:24:28] Importing PublicKeyCredentialCreationOptionsRepository.members#61.0-1760956668000-kotlin.trap.gz (4635 of 4882)
[2026-09-27 14:24:28] Importing Component.members#61.0-1760572756000-kotlin.trap.gz (4636 of 4882)
[2026-09-27 14:24:28] Importing Controller.members#61.0-1760572756000-kotlin.trap.gz (4637 of 4882)
[2026-09-27 14:24:28] Importing Indexed.members#61.0-1760572756000-kotlin.trap.gz (4638 of 4882)
[2026-09-27 14:24:28] Importing ModelMap.members#61.0-1760572756000-kotlin.trap.gz (4639 of 4882)
[2026-09-27 14:24:28] Importing ConcurrentReferenceHashMap$Entries.members#61.0-1760572746000-kotlin.trap.gz (4640 of 4882)
[2026-09-27 14:24:28] Importing ConcurrentReferenceHashMap$Entry.members#61.0-1760572746000-kotlin.trap.gz (4641 of 4882)
[2026-09-27 14:24:28] Importing ConcurrentReferenceHashMap$Reference.members#61.0-1760572746000-kotlin.trap.gz (4642 of 4882)
[2026-09-27 14:24:28] Importing ConcurrentReferenceHashMap$ReferenceManager.members#61.0-1760572746000-kotlin.trap.gz (4643 of 4882)
[2026-09-27 14:24:28] Importing ConcurrentReferenceHashMap$ReferenceType.members#61.0-1760572746000-kotlin.trap.gz (4644 of 4882)
[2026-09-27 14:24:28] Importing ConcurrentReferenceHashMap$Restructure.members#61.0-1760572746000-kotlin.trap.gz (4645 of 4882)
[2026-09-27 14:24:28] Importing ConcurrentReferenceHashMap$Segment.members#61.0-1760572746000-kotlin.trap.gz (4646 of 4882)
[2026-09-27 14:24:28] Importing ConcurrentReferenceHashMap$Task.members#61.0-1760572746000-kotlin.trap.gz (4647 of 4882)
[2026-09-27 14:24:28] Importing ConcurrentReferenceHashMap$TaskOption.members#61.0-1760572746000-kotlin.trap.gz (4648 of 4882)
[2026-09-27 14:24:28] Importing ConcurrentReferenceHashMap.members#61.0-1760572746000-kotlin.trap.gz (4649 of 4882)
[2026-09-27 14:24:28] Importing MimeType$SpecificityComparator.members#61.0-1760572746000-kotlin.trap.gz (4650 of 4882)
[2026-09-27 14:24:28] Importing MimeType.members#61.0-1760572746000-kotlin.trap.gz (4651 of 4882)
[2026-09-27 14:24:28] Importing MultiValueMap.members#61.0-1760572746000-kotlin.trap.gz (4652 of 4882)
[2026-09-27 14:24:28] Importing PathMatcher.members#61.0-1760572746000-kotlin.trap.gz (4653 of 4882)
[2026-09-27 14:24:28] Importing StringValueResolver.members#61.0-1760572746000-kotlin.trap.gz (4654 of 4882)
[2026-09-27 14:24:28] Importing ContentNegotiationStrategy.members#61.0-1760572772000-kotlin.trap.gz (4655 of 4882)
[2026-09-27 14:24:28] Importing ControllerMappingReflectiveProcessor.members#61.0-1760572772000-kotlin.trap.gz (4656 of 4882)
[2026-09-27 14:24:28] Importing GetMapping.members#61.0-1760572772000-kotlin.trap.gz (4657 of 4882)
[2026-09-27 14:24:28] Importing Mapping.members#61.0-1760572772000-kotlin.trap.gz (4658 of 4882)
[2026-09-27 14:24:28] Importing PathVariable.members#61.0-1760572772000-kotlin.trap.gz (4659 of 4882)
[2026-09-27 14:24:28] Importing PostMapping.members#61.0-1760572772000-kotlin.trap.gz (4660 of 4882)
[2026-09-27 14:24:28] Importing PutMapping.members#61.0-1760572772000-kotlin.trap.gz (4661 of 4882)
[2026-09-27 14:24:28] Importing RequestBody.members#61.0-1760572772000-kotlin.trap.gz (4662 of 4882)
[2026-09-27 14:24:28] Importing RequestHeader.members#61.0-1760572772000-kotlin.trap.gz (4663 of 4882)
[2026-09-27 14:24:28] Importing RequestMapping.members#61.0-1760572772000-kotlin.trap.gz (4664 of 4882)
[2026-09-27 14:24:28] Importing RequestMethod.members#61.0-1760572772000-kotlin.trap.gz (4665 of 4882)
[2026-09-27 14:24:28] Importing RequestParam.members#61.0-1760572772000-kotlin.trap.gz (4666 of 4882)
[2026-09-27 14:24:28] Importing ResponseBody.members#61.0-1760572772000-kotlin.trap.gz (4667 of 4882)
[2026-09-27 14:24:28] Importing RestController.members#61.0-1760572772000-kotlin.trap.gz (4668 of 4882)
[2026-09-27 14:24:28] Importing RequestCallback.members#61.0-1760572772000-kotlin.trap.gz (4669 of 4882)
[2026-09-27 14:24:28] Importing ResponseExtractor.members#61.0-1760572772000-kotlin.trap.gz (4670 of 4882)
[2026-09-27 14:24:28] Importing RestOperations.members#61.0-1760572772000-kotlin.trap.gz (4671 of 4882)
[2026-09-27 14:24:28] Importing ServletContextAware.members#61.0-1760572772000-kotlin.trap.gz (4672 of 4882)
[2026-09-27 14:24:28] Importing NativeWebRequest.members#61.0-1760572772000-kotlin.trap.gz (4673 of 4882)
[2026-09-27 14:24:28] Importing RequestAttributes.members#61.0-1760572772000-kotlin.trap.gz (4674 of 4882)
[2026-09-27 14:24:28] Importing WebRequest.members#61.0-1760572772000-kotlin.trap.gz (4675 of 4882)
[2026-09-27 14:24:28] Importing CorsConfiguration.members#61.0-1760572772000-kotlin.trap.gz (4676 of 4882)
[2026-09-27 14:24:28] Importing CorsConfigurationSource.members#61.0-1760572772000-kotlin.trap.gz (4677 of 4882)
[2026-09-27 14:24:28] Importing PreFlightRequestHandler.members#61.0-1760572772000-kotlin.trap.gz (4678 of 4882)
[2026-09-27 14:24:28] Importing GenericFilterBean.members#61.0-1760572772000-kotlin.trap.gz (4679 of 4882)
[2026-09-27 14:24:28] Importing OncePerRequestFilter.members#61.0-1760572772000-kotlin.trap.gz (4680 of 4882)
[2026-09-27 14:24:28] Importing HandlerExecutionChain.members#61.0-1760572786000-kotlin.trap.gz (4681 of 4882)
[2026-09-27 14:24:28] Importing HandlerInterceptor.members#61.0-1760572786000-kotlin.trap.gz (4682 of 4882)
[2026-09-27 14:24:28] Importing HandlerMapping.members#61.0-1760572786000-kotlin.trap.gz (4683 of 4882)
[2026-09-27 14:24:28] Importing ModelAndView.members#61.0-1760572786000-kotlin.trap.gz (4684 of 4882)
[2026-09-27 14:24:28] Importing View.members#61.0-1760572786000-kotlin.trap.gz (4685 of 4882)
[2026-09-27 14:24:28] Importing HandlerMappingIntrospector$CachedResult.members#61.0-1760572786000-kotlin.trap.gz (4686 of 4882)
[2026-09-27 14:24:28] Importing HandlerMappingIntrospector.members#61.0-1760572786000-kotlin.trap.gz (4687 of 4882)
[2026-09-27 14:24:28] Importing MatchableHandlerMapping.members#61.0-1760572786000-kotlin.trap.gz (4688 of 4882)
[2026-09-27 14:24:28] Importing RequestMatchResult.members#61.0-1760572786000-kotlin.trap.gz (4689 of 4882)
[2026-09-27 14:24:28] Importing UrlPathHelper.members#61.0-1760572772000-kotlin.trap.gz (4690 of 4882)
[2026-09-27 14:24:28] Importing PathElement.members#61.0-1760572772000-kotlin.trap.gz (4691 of 4882)
[2026-09-27 14:24:28] Importing PathPattern$MatchingContext.members#61.0-1760572772000-kotlin.trap.gz (4692 of 4882)
[2026-09-27 14:24:28] Importing PathPattern$PathMatchInfo.members#61.0-1760572772000-kotlin.trap.gz (4693 of 4882)
[2026-09-27 14:24:28] Importing PathPattern$PathRemainingMatchInfo.members#61.0-1760572772000-kotlin.trap.gz (4694 of 4882)
[2026-09-27 14:24:28] Importing PathPattern.members#61.0-1760572772000-kotlin.trap.gz (4695 of 4882)
[2026-09-27 14:24:28] Importing PathPatternParser.members#61.0-1760572772000-kotlin.trap.gz (4696 of 4882)
[2026-09-27 14:24:28] Importing AppContext$CreateThreadAction.members#65.0-1789983753036-kotlin.trap.gz (4697 of 4882)
[2026-09-27 14:24:28] Importing AppContext$PostShutdownEventRunnable.members#65.0-1789983753036-kotlin.trap.gz (4698 of 4882)
[2026-09-27 14:24:28] Importing AppContext.members#65.0-1789983753036-kotlin.trap.gz (4699 of 4882)
[2026-09-27 14:24:28] Importing ComponentFactory.members#65.0-1789983753036-kotlin.trap.gz (4700 of 4882)
[2026-09-27 14:24:28] Importing ConstrainableGraphics.members#65.0-1789983753036-kotlin.trap.gz (4701 of 4882)
[2026-09-27 14:24:28] Importing DisplayChangedListener.members#65.0-1789983753036-kotlin.trap.gz (4702 of 4882)
[2026-09-27 14:24:28] Importing EventQueueItem.members#65.0-1789983753036-kotlin.trap.gz (4703 of 4882)
[2026-09-27 14:24:28] Importing ModalExclude.members#65.0-1789983753036-kotlin.trap.gz (4704 of 4882)
[2026-09-27 14:24:28] Importing RequestFocusController.members#65.0-1789983753036-kotlin.trap.gz (4705 of 4882)
[2026-09-27 14:24:28] Importing DataTransferer$ReencodingInputStream.members#65.0-1789983753036-kotlin.trap.gz (4706 of 4882)
[2026-09-27 14:24:28] Importing DataTransferer.members#65.0-1789983753036-kotlin.trap.gz (4707 of 4882)
[2026-09-27 14:24:28] Importing ToolkitThreadBlockedHandler.members#65.0-1789983753036-kotlin.trap.gz (4708 of 4882)
[2026-09-27 14:24:28] Importing PathConsumer2D.members#65.0-1789983753036-kotlin.trap.gz (4709 of 4882)
[2026-09-27 14:24:28] Importing PixelConverter$Argb.members#65.0-1789983753036-kotlin.trap.gz (4710 of 4882)
[2026-09-27 14:24:28] Importing PixelConverter$ArgbBm.members#65.0-1789983753036-kotlin.trap.gz (4711 of 4882)
[2026-09-27 14:24:28] Importing PixelConverter$ArgbPre.members#65.0-1789983753036-kotlin.trap.gz (4712 of 4882)
[2026-09-27 14:24:28] Importing PixelConverter$Bgrx.members#65.0-1789983753036-kotlin.trap.gz (4713 of 4882)
[2026-09-27 14:24:28] Importing PixelConverter$ByteGray.members#65.0-1789983753036-kotlin.trap.gz (4714 of 4882)
[2026-09-27 14:24:28] Importing PixelConverter$Rgba.members#65.0-1789983753036-kotlin.trap.gz (4715 of 4882)
[2026-09-27 14:24:28] Importing PixelConverter$RgbaPre.members#65.0-1789983753036-kotlin.trap.gz (4716 of 4882)
[2026-09-27 14:24:28] Importing PixelConverter$Rgbx.members#65.0-1789983753036-kotlin.trap.gz (4717 of 4882)
[2026-09-27 14:24:28] Importing PixelConverter$Ushort4444Argb.members#65.0-1789983753036-kotlin.trap.gz (4718 of 4882)
[2026-09-27 14:24:28] Importing PixelConverter$Ushort555Rgb.members#65.0-1789983753036-kotlin.trap.gz (4719 of 4882)
[2026-09-27 14:24:28] Importing PixelConverter$Ushort555Rgbx.members#65.0-1789983753036-kotlin.trap.gz (4720 of 4882)
[2026-09-27 14:24:28] Importing PixelConverter$Ushort565Rgb.members#65.0-1789983753036-kotlin.trap.gz (4721 of 4882)
[2026-09-27 14:24:28] Importing PixelConverter$UshortGray.members#65.0-1789983753036-kotlin.trap.gz (4722 of 4882)
[2026-09-27 14:24:28] Importing PixelConverter$Xbgr.members#65.0-1789983753036-kotlin.trap.gz (4723 of 4882)
[2026-09-27 14:24:28] Importing PixelConverter$Xrgb.members#65.0-1789983753036-kotlin.trap.gz (4724 of 4882)
[2026-09-27 14:24:28] Importing PixelConverter.members#65.0-1789983753036-kotlin.trap.gz (4725 of 4882)
[2026-09-27 14:24:28] Importing SurfaceManager$FlushableCacheData.members#65.0-1789983753036-kotlin.trap.gz (4726 of 4882)
[2026-09-27 14:24:28] Importing SurfaceManager$ImageAccessor.members#65.0-1789983753036-kotlin.trap.gz (4727 of 4882)
[2026-09-27 14:24:28] Importing SurfaceManager$ImageCapabilitiesGc.members#65.0-1789983753036-kotlin.trap.gz (4728 of 4882)
[2026-09-27 14:24:28] Importing SurfaceManager$ProxiedGraphicsConfig.members#65.0-1789983753036-kotlin.trap.gz (4729 of 4882)
[2026-09-27 14:24:28] Importing SurfaceManager.members#65.0-1789983753036-kotlin.trap.gz (4730 of 4882)
[2026-09-27 14:24:28] Importing IdentityArrayList.members#65.0-1789983753036-kotlin.trap.gz (4731 of 4882)
[2026-09-27 14:24:28] Importing CharToGlyphMapper.members#65.0-1789983753036-kotlin.trap.gz (4732 of 4882)
[2026-09-27 14:24:28] Importing Font2D.members#65.0-1789983753036-kotlin.trap.gz (4733 of 4882)
[2026-09-27 14:24:28] Importing Font2DHandle.members#65.0-1789983753036-kotlin.trap.gz (4734 of 4882)
[2026-09-27 14:24:28] Importing FontFamily.members#65.0-1789983753036-kotlin.trap.gz (4735 of 4882)
[2026-09-27 14:24:28] Importing FontStrike.members#65.0-1789983753036-kotlin.trap.gz (4736 of 4882)
[2026-09-27 14:24:28] Importing FontStrikeDesc.members#65.0-1789983753036-kotlin.trap.gz (4737 of 4882)
[2026-09-27 14:24:28] Importing FontStrikeDisposer.members#65.0-1789983753036-kotlin.trap.gz (4738 of 4882)
[2026-09-27 14:24:28] Importing GlyphList.members#65.0-1789983753036-kotlin.trap.gz (4739 of 4882)
[2026-09-27 14:24:28] Importing StrikeMetrics.members#65.0-1789983753036-kotlin.trap.gz (4740 of 4882)
[2026-09-27 14:24:28] Importing Empty.members#65.0-1789983753036-kotlin.trap.gz (4741 of 4882)
[2026-09-27 14:24:28] Importing Wrapper.members#65.0-1789983753036-kotlin.trap.gz (4742 of 4882)
[2026-09-27 14:24:28] Importing DestSurfaceProvider.members#65.0-1789983753036-kotlin.trap.gz (4743 of 4882)
[2026-09-27 14:24:28] Importing Disposer$PollDisposable.members#65.0-1789983753036-kotlin.trap.gz (4744 of 4882)
[2026-09-27 14:24:28] Importing Disposer.members#65.0-1789983753036-kotlin.trap.gz (4745 of 4882)
[2026-09-27 14:24:28] Importing DisposerRecord.members#65.0-1789983753036-kotlin.trap.gz (4746 of 4882)
[2026-09-27 14:24:28] Importing DisposerTarget.members#65.0-1789983753036-kotlin.trap.gz (4747 of 4882)
[2026-09-27 14:24:28] Importing ReentrantContext.members#65.0-1789983753036-kotlin.trap.gz (4748 of 4882)
[2026-09-27 14:24:28] Importing StateTrackable$State.members#65.0-1789983753036-kotlin.trap.gz (4749 of 4882)
[2026-09-27 14:24:28] Importing StateTrackable.members#65.0-1789983753036-kotlin.trap.gz (4750 of 4882)
[2026-09-27 14:24:28] Importing StateTrackableDelegate.members#65.0-1789983753036-kotlin.trap.gz (4751 of 4882)
[2026-09-27 14:24:28] Importing StateTracker.members#65.0-1789983753036-kotlin.trap.gz (4752 of 4882)
[2026-09-27 14:24:28] Importing SunGraphics2D.members#65.0-1789983753036-kotlin.trap.gz (4753 of 4882)
[2026-09-27 14:24:28] Importing Surface.members#65.0-1789983753036-kotlin.trap.gz (4754 of 4882)
[2026-09-27 14:24:28] Importing SurfaceData$PixelToPgramLoopConverter.members#65.0-1789983753036-kotlin.trap.gz (4755 of 4882)
[2026-09-27 14:24:28] Importing SurfaceData$PixelToShapeLoopConverter.members#65.0-1789983753036-kotlin.trap.gz (4756 of 4882)
[2026-09-27 14:24:28] Importing SurfaceData.members#65.0-1789983753036-kotlin.trap.gz (4757 of 4882)
[2026-09-27 14:24:28] Importing SurfaceDataProxy$CountdownTracker.members#65.0-1789983753036-kotlin.trap.gz (4758 of 4882)
[2026-09-27 14:24:28] Importing SurfaceDataProxy.members#65.0-1789983753036-kotlin.trap.gz (4759 of 4882)
[2026-09-27 14:24:28] Importing Profile.members#65.0-1789983753036-kotlin.trap.gz (4760 of 4882)
[2026-09-27 14:24:28] Importing ProfileDeferralInfo.members#65.0-1789983753036-kotlin.trap.gz (4761 of 4882)
[2026-09-27 14:24:28] Importing Blit.members#65.0-1789983753036-kotlin.trap.gz (4762 of 4882)
[2026-09-27 14:24:28] Importing CompositeType.members#65.0-1789983753036-kotlin.trap.gz (4763 of 4882)
[2026-09-27 14:24:28] Importing DrawGlyphList.members#65.0-1789983753036-kotlin.trap.gz (4764 of 4882)
[2026-09-27 14:24:28] Importing DrawGlyphListAA$General.members#65.0-1789983753036-kotlin.trap.gz (4765 of 4882)
[2026-09-27 14:24:28] Importing DrawGlyphListAA.members#65.0-1789983753036-kotlin.trap.gz (4766 of 4882)
[2026-09-27 14:24:28] Importing DrawGlyphListColor.members#65.0-1789983753036-kotlin.trap.gz (4767 of 4882)
[2026-09-27 14:24:28] Importing DrawGlyphListLCD.members#65.0-1789983753036-kotlin.trap.gz (4768 of 4882)
[2026-09-27 14:24:28] Importing DrawLine.members#65.0-1789983753036-kotlin.trap.gz (4769 of 4882)
[2026-09-27 14:24:28] Importing DrawParallelogram.members#65.0-1789983753036-kotlin.trap.gz (4770 of 4882)
[2026-09-27 14:24:28] Importing DrawPath.members#65.0-1789983753036-kotlin.trap.gz (4771 of 4882)
[2026-09-27 14:24:28] Importing DrawPolygons.members#65.0-1789983753036-kotlin.trap.gz (4772 of 4882)
[2026-09-27 14:24:28] Importing DrawRect.members#65.0-1789983753036-kotlin.trap.gz (4773 of 4882)
[2026-09-27 14:24:28] Importing FillParallelogram.members#65.0-1789983753036-kotlin.trap.gz (4774 of 4882)
[2026-09-27 14:24:28] Importing FillPath.members#65.0-1789983753036-kotlin.trap.gz (4775 of 4882)
[2026-09-27 14:24:28] Importing FillRect$General.members#65.0-1789983753036-kotlin.trap.gz (4776 of 4882)
[2026-09-27 14:24:28] Importing FillRect.members#65.0-1789983753036-kotlin.trap.gz (4777 of 4882)
[2026-09-27 14:24:28] Importing FillSpans.members#65.0-1789983753036-kotlin.trap.gz (4778 of 4882)
[2026-09-27 14:24:28] Importing FontInfo.members#65.0-1789983753036-kotlin.trap.gz (4779 of 4882)
[2026-09-27 14:24:28] Importing GraphicsPrimitive$GeneralBinaryOp.members#65.0-1789983753036-kotlin.trap.gz (4780 of 4882)
[2026-09-27 14:24:28] Importing GraphicsPrimitive$GeneralUnaryOp.members#65.0-1789983753036-kotlin.trap.gz (4781 of 4882)
[2026-09-27 14:24:28] Importing GraphicsPrimitive$TraceReporter.members#65.0-1789983753036-kotlin.trap.gz (4782 of 4882)
[2026-09-27 14:24:28] Importing GraphicsPrimitive.members#65.0-1789983753036-kotlin.trap.gz (4783 of 4882)
[2026-09-27 14:24:28] Importing MaskFill.members#65.0-1789983753036-kotlin.trap.gz (4784 of 4882)
[2026-09-27 14:24:28] Importing RenderLoops.members#65.0-1789983753036-kotlin.trap.gz (4785 of 4882)
[2026-09-27 14:24:28] Importing SurfaceType.members#65.0-1789983753036-kotlin.trap.gz (4786 of 4882)
[2026-09-27 14:24:28] Importing AAShapePipe$TileState.members#65.0-1789983753036-kotlin.trap.gz (4787 of 4882)
[2026-09-27 14:24:28] Importing AAShapePipe.members#65.0-1789983753036-kotlin.trap.gz (4788 of 4882)
[2026-09-27 14:24:28] Importing AATileGenerator.members#65.0-1789983753036-kotlin.trap.gz (4789 of 4882)
[2026-09-27 14:24:28] Importing AlphaColorPipe.members#65.0-1789983753036-kotlin.trap.gz (4790 of 4882)
[2026-09-27 14:24:28] Importing CompositePipe.members#65.0-1789983753036-kotlin.trap.gz (4791 of 4882)
[2026-09-27 14:24:28] Importing DrawImagePipe.members#65.0-1789983753036-kotlin.trap.gz (4792 of 4882)
[2026-09-27 14:24:28] Importing LoopBasedPipe.members#65.0-1789983753036-kotlin.trap.gz (4793 of 4882)
[2026-09-27 14:24:28] Importing LoopPipe.members#65.0-1789983753036-kotlin.trap.gz (4794 of 4882)
[2026-09-27 14:24:28] Importing ParallelogramPipe.members#65.0-1789983753036-kotlin.trap.gz (4795 of 4882)
[2026-09-27 14:24:28] Importing PixelDrawPipe.members#65.0-1789983753036-kotlin.trap.gz (4796 of 4882)
[2026-09-27 14:24:28] Importing PixelFillPipe.members#65.0-1789983753036-kotlin.trap.gz (4797 of 4882)
[2026-09-27 14:24:28] Importing PixelToParallelogramConverter.members#65.0-1789983753036-kotlin.trap.gz (4798 of 4882)
[2026-09-27 14:24:28] Importing PixelToShapeConverter.members#65.0-1789983753036-kotlin.trap.gz (4799 of 4882)
[2026-09-27 14:24:28] Importing Region.members#65.0-1789983753036-kotlin.trap.gz (4800 of 4882)
[2026-09-27 14:24:28] Importing RegionIterator.members#65.0-1789983753036-kotlin.trap.gz (4801 of 4882)
[2026-09-27 14:24:28] Importing RenderingEngine$Tracer.members#65.0-1789983753036-kotlin.trap.gz (4802 of 4882)
[2026-09-27 14:24:28] Importing RenderingEngine.members#65.0-1789983753036-kotlin.trap.gz (4803 of 4882)
[2026-09-27 14:24:28] Importing ShapeDrawPipe.members#65.0-1789983753036-kotlin.trap.gz (4804 of 4882)
[2026-09-27 14:24:28] Importing ShapeSpanIterator.members#65.0-1789983753036-kotlin.trap.gz (4805 of 4882)
[2026-09-27 14:24:28] Importing SpanIterator.members#65.0-1789983753036-kotlin.trap.gz (4806 of 4882)
[2026-09-27 14:24:28] Importing SpanShapeRenderer$Composite.members#65.0-1789983753036-kotlin.trap.gz (4807 of 4882)
[2026-09-27 14:24:28] Importing SpanShapeRenderer$Simple.members#65.0-1789983753036-kotlin.trap.gz (4808 of 4882)
[2026-09-27 14:24:28] Importing SpanShapeRenderer.members#65.0-1789983753036-kotlin.trap.gz (4809 of 4882)
[2026-09-27 14:24:28] Importing TextPipe.members#65.0-1789983753036-kotlin.trap.gz (4810 of 4882)
[2026-09-27 14:24:28] Importing ValidatePipe.members#65.0-1789983753036-kotlin.trap.gz (4811 of 4882)
[2026-09-27 14:24:28] Importing PlatformSocketImpl.members#65.0-1789983753036-kotlin.trap.gz (4812 of 4882)
[2026-09-27 14:24:28] Importing Interruptible.members#65.0-1789983753036-kotlin.trap.gz (4813 of 4882)
[2026-09-27 14:24:28] Importing AnnotationType.members#65.0-1789983753036-kotlin.trap.gz (4814 of 4882)
[2026-09-27 14:24:28] Importing GenericsFactory.members#65.0-1789983753036-kotlin.trap.gz (4815 of 4882)
[2026-09-27 14:24:28] Importing AbstractRepository.members#65.0-1789983753036-kotlin.trap.gz (4816 of 4882)
[2026-09-27 14:24:28] Importing ConstructorRepository.members#65.0-1789983753036-kotlin.trap.gz (4817 of 4882)
[2026-09-27 14:24:28] Importing GenericDeclRepository.members#65.0-1789983753036-kotlin.trap.gz (4818 of 4882)
[2026-09-27 14:24:28] Importing MethodRepository.members#65.0-1789983753036-kotlin.trap.gz (4819 of 4882)
[2026-09-27 14:24:28] Importing ArrayTypeSignature.members#65.0-1789983753036-kotlin.trap.gz (4820 of 4882)
[2026-09-27 14:24:28] Importing BaseType.members#65.0-1789983753036-kotlin.trap.gz (4821 of 4882)
[2026-09-27 14:24:28] Importing BooleanSignature.members#65.0-1789983753036-kotlin.trap.gz (4822 of 4882)
[2026-09-27 14:24:28] Importing BottomSignature.members#65.0-1789983753036-kotlin.trap.gz (4823 of 4882)
[2026-09-27 14:24:28] Importing ByteSignature.members#65.0-1789983753036-kotlin.trap.gz (4824 of 4882)
[2026-09-27 14:24:28] Importing CharSignature.members#65.0-1789983753036-kotlin.trap.gz (4825 of 4882)
[2026-09-27 14:24:28] Importing ClassSignature.members#65.0-1789983753036-kotlin.trap.gz (4826 of 4882)
[2026-09-27 14:24:28] Importing ClassTypeSignature.members#65.0-1789983753036-kotlin.trap.gz (4827 of 4882)
[2026-09-27 14:24:28] Importing DoubleSignature.members#65.0-1789983753036-kotlin.trap.gz (4828 of 4882)
[2026-09-27 14:24:28] Importing FieldTypeSignature.members#65.0-1789983753036-kotlin.trap.gz (4829 of 4882)
[2026-09-27 14:24:28] Importing FloatSignature.members#65.0-1789983753036-kotlin.trap.gz (4830 of 4882)
[2026-09-27 14:24:28] Importing FormalTypeParameter.members#65.0-1789983753036-kotlin.trap.gz (4831 of 4882)
[2026-09-27 14:24:28] Importing IntSignature.members#65.0-1789983753036-kotlin.trap.gz (4832 of 4882)
[2026-09-27 14:24:28] Importing LongSignature.members#65.0-1789983753036-kotlin.trap.gz (4833 of 4882)
[2026-09-27 14:24:28] Importing MethodTypeSignature.members#65.0-1789983753036-kotlin.trap.gz (4834 of 4882)
[2026-09-27 14:24:28] Importing ReturnType.members#65.0-1789983753036-kotlin.trap.gz (4835 of 4882)
[2026-09-27 14:24:28] Importing ShortSignature.members#65.0-1789983753036-kotlin.trap.gz (4836 of 4882)
[2026-09-27 14:24:28] Importing Signature.members#65.0-1789983753036-kotlin.trap.gz (4837 of 4882)
[2026-09-27 14:24:28] Importing SimpleClassTypeSignature.members#65.0-1789983753036-kotlin.trap.gz (4838 of 4882)
[2026-09-27 14:24:28] Importing Tree.members#65.0-1789983753036-kotlin.trap.gz (4839 of 4882)
[2026-09-27 14:24:28] Importing TypeArgument.members#65.0-1789983753036-kotlin.trap.gz (4840 of 4882)
[2026-09-27 14:24:28] Importing TypeSignature.members#65.0-1789983753036-kotlin.trap.gz (4841 of 4882)
[2026-09-27 14:24:28] Importing TypeTree.members#65.0-1789983753036-kotlin.trap.gz (4842 of 4882)
[2026-09-27 14:24:28] Importing TypeVariableSignature.members#65.0-1789983753036-kotlin.trap.gz (4843 of 4882)
[2026-09-27 14:24:28] Importing VoidDescriptor.members#65.0-1789983753036-kotlin.trap.gz (4844 of 4882)
[2026-09-27 14:24:28] Importing Wildcard.members#65.0-1789983753036-kotlin.trap.gz (4845 of 4882)
[2026-09-27 14:24:28] Importing Reifier.members#65.0-1789983753036-kotlin.trap.gz (4846 of 4882)
[2026-09-27 14:24:28] Importing TypeTreeVisitor.members#65.0-1789983753036-kotlin.trap.gz (4847 of 4882)
[2026-09-27 14:24:28] Importing Visitor.members#65.0-1789983753036-kotlin.trap.gz (4848 of 4882)
[2026-09-27 14:24:28] Importing BitArray.members#65.0-1789983753036-kotlin.trap.gz (4849 of 4882)
[2026-09-27 14:24:28] Importing Debug.members#65.0-1789983753036-kotlin.trap.gz (4850 of 4882)
[2026-09-27 14:24:28] Importing DerEncoder.members#65.0-1789983753036-kotlin.trap.gz (4851 of 4882)
[2026-09-27 14:24:28] Importing DerInputStream.members#65.0-1789983753036-kotlin.trap.gz (4852 of 4882)
[2026-09-27 14:24:28] Importing DerOutputStream.members#65.0-1789983753036-kotlin.trap.gz (4853 of 4882)
[2026-09-27 14:24:28] Importing DerValue.members#65.0-1789983753036-kotlin.trap.gz (4854 of 4882)
[2026-09-27 14:24:28] Importing KnownOIDs.members#65.0-1789983753036-kotlin.trap.gz (4855 of 4882)
[2026-09-27 14:24:28] Importing ObjectIdentifier$HugeOidNotSupportedByOldJDK.members#65.0-1789983753036-kotlin.trap.gz (4856 of 4882)
[2026-09-27 14:24:28] Importing ObjectIdentifier.members#65.0-1789983753036-kotlin.trap.gz (4857 of 4882)
[2026-09-27 14:24:28] Importing AVA.members#65.0-1789983753036-kotlin.trap.gz (4858 of 4882)
[2026-09-27 14:24:28] Importing GeneralNameInterface.members#65.0-1789983753036-kotlin.trap.gz (4859 of 4882)
[2026-09-27 14:24:28] Importing RDN.members#65.0-1789983753036-kotlin.trap.gz (4860 of 4882)
[2026-09-27 14:24:28] Importing X500Name.members#65.0-1789983753036-kotlin.trap.gz (4861 of 4882)
[2026-09-27 14:24:28] Importing UIAction.members#65.0-1789983753036-kotlin.trap.gz (4862 of 4882)
[2026-09-27 14:24:28] Importing BaseLocale.members#65.0-1789983753036-kotlin.trap.gz (4863 of 4882)
[2026-09-27 14:24:28] Importing Extension.members#65.0-1789983753036-kotlin.trap.gz (4864 of 4882)
[2026-09-27 14:24:28] Importing InternalLocaleBuilder$CaseInsensitiveChar.members#65.0-1789983753036-kotlin.trap.gz (4865 of 4882)
[2026-09-27 14:24:28] Importing InternalLocaleBuilder$CaseInsensitiveString.members#65.0-1789983753036-kotlin.trap.gz (4866 of 4882)
[2026-09-27 14:24:28] Importing InternalLocaleBuilder.members#65.0-1789983753036-kotlin.trap.gz (4867 of 4882)
[2026-09-27 14:24:28] Importing LanguageTag.members#65.0-1789983753036-kotlin.trap.gz (4868 of 4882)
[2026-09-27 14:24:28] Importing LocaleExtensions.members#65.0-1789983753036-kotlin.trap.gz (4869 of 4882)
[2026-09-27 14:24:28] Importing ParseStatus.members#65.0-1789983753036-kotlin.trap.gz (4870 of 4882)
[2026-09-27 14:24:28] Importing kotlin.10617331415244069954.trap (4871 of 4882)
[2026-09-27 14:24:28] Importing kotlin.12860881258602346434.trap (4872 of 4882)
[2026-09-27 14:24:28] Importing kotlin.1295960898115041251.trap (4873 of 4882)
[2026-09-27 14:24:28] Importing kotlin.13828076987794792199.trap (4874 of 4882)
[2026-09-27 14:24:28] Importing kotlin.1386480860665593508.trap (4875 of 4882)
[2026-09-27 14:24:28] Importing kotlin.15855700469318658723.trap (4876 of 4882)
[2026-09-27 14:24:28] Importing kotlin.16776541268503181452.trap (4877 of 4882)
[2026-09-27 14:24:28] Importing kotlin.17067947719123378515.trap (4878 of 4882)
[2026-09-27 14:24:28] Importing kotlin.2863557046767733438.trap (4879 of 4882)
[2026-09-27 14:24:28] Importing kotlin.6053875757755203039.trap (4880 of 4882)
[2026-09-27 14:24:28] Importing kotlin.9917783653867139114.trap (4881 of 4882)
[2026-09-27 14:24:28] Importing metadata.trap.gz (4882 of 4882)
[2026-09-27 14:24:28] [PROGRESS] dataset import> Merging relations
[2026-09-27 14:24:28] Merging 1 fragment for 'files'.
[2026-09-27 14:24:28] Merged 8638 bytes (8.44 KiB) for 'files'.
[2026-09-27 14:24:28] Merging 2 fragments for 'folders'.
[2026-09-27 14:24:28] Merged 2201 bytes (2.15 KiB) for 'folders'.
[2026-09-27 14:24:28] Merging 2 fragments for 'containerparent'.
[2026-09-27 14:24:28] Merged 8326 bytes (8.13 KiB) for 'containerparent'.
[2026-09-27 14:24:28] Merging 1 fragment for 'configs'.
[2026-09-27 14:24:28] Merged 85 bytes for 'configs'.
[2026-09-27 14:24:28] Merging 1 fragment for 'locations_default'.
[2026-09-27 14:24:28] Merged 156223 bytes (152.56 KiB) for 'locations_default'.
[2026-09-27 14:24:28] Merging 1 fragment for 'configLocations'.
[2026-09-27 14:24:28] Merged 390 bytes for 'configLocations'.
[2026-09-27 14:24:28] Merging 1 fragment for 'configNames'.
[2026-09-27 14:24:28] Merged 236 bytes for 'configNames'.
[2026-09-27 14:24:28] Merging 1 fragment for 'configValues'.
[2026-09-27 14:24:28] Merged 235 bytes for 'configValues'.
[2026-09-27 14:24:28] Merging 1 fragment for 'xmllocations'.
[2026-09-27 14:24:28] Merged 2110 bytes (2.06 KiB) for 'xmllocations'.
[2026-09-27 14:24:28] Merging 1 fragment for 'xmlElements'.
[2026-09-27 14:24:28] Merged 1351 bytes (1.32 KiB) for 'xmlElements'.
[2026-09-27 14:24:28] Merging 1 fragment for 'xmlAttrs'.
[2026-09-27 14:24:28] Merged 4647 bytes (4.54 KiB) for 'xmlAttrs'.
[2026-09-27 14:24:28] Merging 1 fragment for 'numlines'.
[2026-09-27 14:24:28] Merged 17944 bytes (17.52 KiB) for 'numlines'.
[2026-09-27 14:24:28] Merging 1 fragment for 'xmlEncoding'.
[2026-09-27 14:24:28] Merged 59 bytes for 'xmlEncoding'.
[2026-09-27 14:24:28] Merging 1 fragment for 'xmlChars'.
[2026-09-27 14:24:28] Merged 82 bytes for 'xmlChars'.
[2026-09-27 14:24:28] Merging 1 fragment for 'packages'.
[2026-09-27 14:24:28] Merged 1297 bytes (1.27 KiB) for 'packages'.
[2026-09-27 14:24:28] Merging 5 fragments for 'hasLocation'.
[2026-09-27 14:24:28] Merged 532481 bytes (520.00 KiB) for 'hasLocation'.
[2026-09-27 14:24:28] Merging 1 fragment for 'cupackage'.
[2026-09-27 14:24:28] Merged 6246 bytes (6.10 KiB) for 'cupackage'.
[2026-09-27 14:24:28] Merging 1 fragment for 'classes_or_interfaces'.
[2026-09-27 14:24:28] Merged 98140 bytes (95.84 KiB) for 'classes_or_interfaces'.
[2026-09-27 14:24:28] Merging 1 fragment for 'file_class'.
[2026-09-27 14:24:28] Merged 119 bytes for 'file_class'.
[2026-09-27 14:24:28] Merging 1 fragment for 'modifiers'.
[2026-09-27 14:24:28] Merged 70 bytes for 'modifiers'.
[2026-09-27 14:24:28] Merging 3 fragments for 'hasModifier'.
[2026-09-27 14:24:28] Merged 484139 bytes (472.79 KiB) for 'hasModifier'.
[2026-09-27 14:24:28] Merging 1 fragment for 'ktProperties'.
[2026-09-27 14:24:28] Merged 36579 bytes (35.72 KiB) for 'ktProperties'.
[2026-09-27 14:24:28] Merging 1 fragment for 'kt_nullable_types'.
[2026-09-27 14:24:28] Merged 28 bytes for 'kt_nullable_types'.
[2026-09-27 14:24:28] Merging 1 fragment for 'methods'.
[2026-09-27 14:24:28] Merged 452185 bytes (441.59 KiB) for 'methods'.
[2026-09-27 14:24:28] Merging 1 fragment for 'methodsKotlinType'.
[2026-09-27 14:24:28] Merged 60843 bytes (59.42 KiB) for 'methodsKotlinType'.
[2026-09-27 14:24:28] Merging 1 fragment for 'compiler_generated'.
[2026-09-27 14:24:28] Merged 8003 bytes (7.82 KiB) for 'compiler_generated'.
[2026-09-27 14:24:28] Merging 2 fragments for 'exprs'.
[2026-09-27 14:24:28] Merged 801886 bytes (783.09 KiB) for 'exprs'.
[2026-09-27 14:24:28] Merging 2 fragments for 'exprsKotlinType'.
[2026-09-27 14:24:28] Merged 144802 bytes (141.41 KiB) for 'exprsKotlinType'.
[2026-09-27 14:24:28] Merging 1 fragment for 'stmts'.
[2026-09-27 14:24:28] Merged 166964 bytes (163.05 KiB) for 'stmts'.
[2026-09-27 14:24:28] Merging 1 fragment for 'callableEnclosingExpr'.
[2026-09-27 14:24:28] Merged 114681 bytes (111.99 KiB) for 'callableEnclosingExpr'.
[2026-09-27 14:24:28] Merging 1 fragment for 'statementEnclosingExpr'.
[2026-09-27 14:24:28] Merged 143259 bytes (139.90 KiB) for 'statementEnclosingExpr'.
[2026-09-27 14:24:28] Merging 1 fragment for 'variableBinding'.
[2026-09-27 14:24:28] Merged 80392 bytes (78.51 KiB) for 'variableBinding'.
[2026-09-27 14:24:28] Merging 1 fragment for 'namestrings'.
[2026-09-27 14:24:28] Merged 37356 bytes (36.48 KiB) for 'namestrings'.
[2026-09-27 14:24:28] Merging 1 fragment for 'annotValue'.
[2026-09-27 14:24:28] Merged 35867 bytes (35.03 KiB) for 'annotValue'.
[2026-09-27 14:24:28] Merging 1 fragment for 'ktPropertyGetters'.
[2026-09-27 14:24:28] Merged 6641 bytes (6.49 KiB) for 'ktPropertyGetters'.
[2026-09-27 14:24:28] Merging 1 fragment for 'fields'.
[2026-09-27 14:24:28] Merged 62170 bytes (60.71 KiB) for 'fields'.
[2026-09-27 14:24:28] Merging 1 fragment for 'fieldsKotlinType'.
[2026-09-27 14:24:28] Merged 13862 bytes (13.54 KiB) for 'fieldsKotlinType'.
[2026-09-27 14:24:28] Merging 1 fragment for 'fielddecls'.
[2026-09-27 14:24:28] Merged 3193 bytes (3.12 KiB) for 'fielddecls'.
[2026-09-27 14:24:28] Merging 1 fragment for 'fieldDeclaredIn'.
[2026-09-27 14:24:28] Merged 3517 bytes (3.43 KiB) for 'fieldDeclaredIn'.
[2026-09-27 14:24:28] Merging 1 fragment for 'ktPropertyBackingFields'.
[2026-09-27 14:24:28] Merged 22951 bytes (22.41 KiB) for 'ktPropertyBackingFields'.
[2026-09-27 14:24:28] Merging 1 fragment for 'ktFunctionOriginalNames'.
[2026-09-27 14:24:28] Merged 2239 bytes (2.19 KiB) for 'ktFunctionOriginalNames'.
[2026-09-27 14:24:28] Merging 1 fragment for 'ktDataClasses'.
[2026-09-27 14:24:28] Merged 335 bytes for 'ktDataClasses'.
[2026-09-27 14:24:28] Merging 1 fragment for 'primitives'.
[2026-09-27 14:24:28] Merged 61 bytes for 'primitives'.
[2026-09-27 14:24:28] Merging 1 fragment for 'params'.
[2026-09-27 14:24:28] Merged 413187 bytes (403.50 KiB) for 'params'.
[2026-09-27 14:24:28] Merging 1 fragment for 'paramsKotlinType'.
[2026-09-27 14:24:28] Merged 71011 bytes (69.35 KiB) for 'paramsKotlinType'.
[2026-09-27 14:24:28] Merging 1 fragment for 'paramName'.
[2026-09-27 14:24:28] Merged 149414 bytes (145.91 KiB) for 'paramName'.
[2026-09-27 14:24:28] Merging 1 fragment for 'constrs'.
[2026-09-27 14:24:28] Merged 35411 bytes (34.58 KiB) for 'constrs'.
[2026-09-27 14:24:28] Merging 1 fragment for 'constrsKotlinType'.
[2026-09-27 14:24:28] Merged 6534 bytes (6.38 KiB) for 'constrsKotlinType'.
[2026-09-27 14:24:28] Merging 1 fragment for 'callableBinding'.
[2026-09-27 14:24:28] Merged 44624 bytes (43.58 KiB) for 'callableBinding'.
[2026-09-27 14:24:28] Merging 1 fragment for 'ktInitializerAssignment'.
[2026-09-27 14:24:28] Merged 1714 bytes (1.67 KiB) for 'ktInitializerAssignment'.
[2026-09-27 14:24:28] Merging 1 fragment for 'wildcards'.
[2026-09-27 14:24:28] Merged 4484 bytes (4.38 KiB) for 'wildcards'.
[2026-09-27 14:24:28] Merging 1 fragment for 'typeBounds'.
[2026-09-27 14:24:28] Merged 6760 bytes (6.60 KiB) for 'typeBounds'.
[2026-09-27 14:24:28] Merging 1 fragment for 'isInterface'.
[2026-09-27 14:24:28] Merged 10734 bytes (10.48 KiB) for 'isInterface'.
[2026-09-27 14:24:28] Merging 1 fragment for 'typeArgs'.
[2026-09-27 14:24:28] Merged 33795 bytes (33.00 KiB) for 'typeArgs'.
[2026-09-27 14:24:28] Merging 1 fragment for 'isParameterized'.
[2026-09-27 14:24:28] Merged 12343 bytes (12.05 KiB) for 'isParameterized'.
[2026-09-27 14:24:28] Merging 1 fragment for 'extendsReftype'.
[2026-09-27 14:24:28] Merged 69089 bytes (67.47 KiB) for 'extendsReftype'.
[2026-09-27 14:24:28] Merging 1 fragment for 'isRaw'.
[2026-09-27 14:24:28] Merged 544 bytes for 'isRaw'.
[2026-09-27 14:24:28] Merging 1 fragment for 'kt_notnull_types'.
[2026-09-27 14:24:28] Merged 2887 bytes (2.82 KiB) for 'kt_notnull_types'.
[2026-09-27 14:24:28] Merging 1 fragment for 'lambdaKind'.
[2026-09-27 14:24:28] Merged 1275 bytes (1.25 KiB) for 'lambdaKind'.
[2026-09-27 14:24:28] Merging 1 fragment for 'implInterface'.
[2026-09-27 14:24:28] Merged 26025 bytes (25.42 KiB) for 'implInterface'.
[2026-09-27 14:24:28] Merging 1 fragment for 'enclInReftype'.
[2026-09-27 14:24:28] Merged 8424 bytes (8.23 KiB) for 'enclInReftype'.
[2026-09-27 14:24:28] Merging 1 fragment for 'isAnonymClass'.
[2026-09-27 14:24:28] Merged 2881 bytes (2.81 KiB) for 'isAnonymClass'.
[2026-09-27 14:24:28] Merging 1 fragment for 'localvars'.
[2026-09-27 14:24:28] Merged 11642 bytes (11.37 KiB) for 'localvars'.
[2026-09-27 14:24:28] Merging 1 fragment for 'localvarsKotlinType'.
[2026-09-27 14:24:28] Merged 2146 bytes (2.10 KiB) for 'localvarsKotlinType'.
[2026-09-27 14:24:28] Merging 1 fragment for 'when_branch_else'.
[2026-09-27 14:24:28] Merged 946 bytes for 'when_branch_else'.
[2026-09-27 14:24:28] Merging 1 fragment for 'when_if'.
[2026-09-27 14:24:28] Merged 425 bytes for 'when_if'.
[2026-09-27 14:24:28] Merging 1 fragment for 'arrays'.
[2026-09-27 14:24:28] Merged 4400 bytes (4.30 KiB) for 'arrays'.
[2026-09-27 14:24:28] Merging 1 fragment for 'typeVars'.
[2026-09-27 14:24:28] Merged 9555 bytes (9.33 KiB) for 'typeVars'.
[2026-09-27 14:24:28] Merging 1 fragment for 'isVarargsParam'.
[2026-09-27 14:24:28] Merged 1171 bytes (1.14 KiB) for 'isVarargsParam'.
[2026-09-27 14:24:28] Merging 1 fragment for 'memberRefBinding'.
[2026-09-27 14:24:28] Merged 173 bytes for 'memberRefBinding'.
[2026-09-27 14:24:28] Merging 1 fragment for 'ktComments'.
[2026-09-27 14:24:28] Merged 1708 bytes (1.67 KiB) for 'ktComments'.
[2026-09-27 14:24:28] Merging 1 fragment for 'ktCommentOwners'.
[2026-09-27 14:24:28] Merged 2888 bytes (2.82 KiB) for 'ktCommentOwners'.
[2026-09-27 14:24:28] Merging 1 fragment for 'isEnumType'.
[2026-09-27 14:24:28] Merged 368 bytes for 'isEnumType'.
[2026-09-27 14:24:28] Merging 1 fragment for 'isEnumConst'.
[2026-09-27 14:24:28] Merged 2017 bytes (1.97 KiB) for 'isEnumConst'.
[2026-09-27 14:24:28] Merging 1 fragment for 'ktSyntheticBody'.
[2026-09-27 14:24:28] Merged 234 bytes for 'ktSyntheticBody'.
[2026-09-27 14:24:28] Merging 1 fragment for 'class_object'.
[2026-09-27 14:24:28] Merged 96 bytes for 'class_object'.
[2026-09-27 14:24:28] Merging 1 fragment for 'isLocalClassOrInterface'.
[2026-09-27 14:24:28] Merged 187 bytes for 'isLocalClassOrInterface'.
[2026-09-27 14:24:28] Merging 1 fragment for 'ktLocalFunction'.
[2026-09-27 14:24:28] Merged 71 bytes for 'ktLocalFunction'.
[2026-09-27 14:24:28] Merging 1 fragment for 'ktExtensionFunctions'.
[2026-09-27 14:24:28] Merged 1206 bytes (1.18 KiB) for 'ktExtensionFunctions'.
[2026-09-27 14:24:28] Merging 1 fragment for 'type_companion_object'.
[2026-09-27 14:24:28] Merged 432 bytes for 'type_companion_object'.
[2026-09-27 14:24:28] Merging 1 fragment for 'ktPropertyDelegates'.
[2026-09-27 14:24:28] Merged 84 bytes for 'ktPropertyDelegates'.
[2026-09-27 14:24:28] Merging 1 fragment for 'propertyRefGetBinding'.
[2026-09-27 14:24:28] Merged 111 bytes for 'propertyRefGetBinding'.
[2026-09-27 14:24:28] Merging 1 fragment for 'ktPropertySetters'.
[2026-09-27 14:24:28] Merged 41 bytes for 'ktPropertySetters'.
[2026-09-27 14:24:28] Merging 1 fragment for 'isAnnotType'.
[2026-09-27 14:24:28] Merged 228 bytes for 'isAnnotType'.
[2026-09-27 14:24:28] Merging 1 fragment for 'isAnnotElem'.
[2026-09-27 14:24:28] Merged 350 bytes for 'isAnnotElem'.
[2026-09-27 14:24:28] Merging 1 fragment for 'compilations'.
[2026-09-27 14:24:28] Merged 76 bytes for 'compilations'.
[2026-09-27 14:24:28] Merging 1 fragment for 'compilation_args'.
[2026-09-27 14:24:28] Merged 831 bytes for 'compilation_args'.
[2026-09-27 14:24:28] Merging 1 fragment for 'compilation_started'.
[2026-09-27 14:24:28] Merged 31 bytes for 'compilation_started'.
[2026-09-27 14:24:28] Merging 1 fragment for 'compilation_info'.
[2026-09-27 14:24:28] Merged 181 bytes for 'compilation_info'.
[2026-09-27 14:24:28] Merging 1 fragment for 'compilation_compiler_times'.
[2026-09-27 14:24:28] Merged 169 bytes for 'compilation_compiler_times'.
[2026-09-27 14:24:28] Merging 1 fragment for 'compilation_compiling_files'.
[2026-09-27 14:24:28] Merged 464 bytes for 'compilation_compiling_files'.
[2026-09-27 14:24:28] Merging 1 fragment for 'compilation_compiling_files_completed'.
[2026-09-27 14:24:28] Merged 200 bytes for 'compilation_compiling_files_completed'.
[2026-09-27 14:24:28] Merging 1 fragment for 'compilation_finished'.
[2026-09-27 14:24:28] Merged 186 bytes for 'compilation_finished'.
[2026-09-27 14:24:28] Merging 1 fragment for 'diagnostics'.
[2026-09-27 14:24:28] Merged 676 bytes for 'diagnostics'.
[2026-09-27 14:24:28] Merging 1 fragment for 'diagnostic_for'.
[2026-09-27 14:24:28] Merged 483 bytes for 'diagnostic_for'.
[2026-09-27 14:24:28] Merging 1 fragment for 'sourceLocationPrefix'.
[2026-09-27 14:24:28] Merged 17 bytes for 'sourceLocationPrefix'.
[2026-09-27 14:24:28] Saving string and id pools to disk.
[2026-09-27 14:24:28] Finished importing TRAP files.
[2026-09-27 14:24:28] Read 121.88 MiB of uncompressed TRAP data.
[2026-09-27 14:24:28] Uncompressed relation data size: 17.22 MiB
[2026-09-27 14:24:28] Relation data size: 4.26 MiB (merge rate: 14.81 MiB/s)
[2026-09-27 14:24:28] String pool size: 9.53 MiB
[2026-09-27 14:24:28] ID pool size: 21.00 MiB
[2026-09-27 14:24:28] [PROGRESS] dataset import> Finished writing database (relations: 4.26 MiB; string pool: 9.53 MiB).
[2026-09-27 14:24:28] Pausing evaluation to close the cache at sequence stamp o+215
[2026-09-27 14:24:28] The disk cache is freshly trimmed; leave it be.
[2026-09-27 14:24:28] Unpausing evaluation
[2026-09-27 14:24:28] Plumbing command codeql dataset import completed.
[2026-09-27 14:24:28] [PROGRESS] database finalize> TRAP import complete (4.4s).
[2026-09-27 14:24:28] Running plumbing command: codeql database cleanup -- /Users/macbook/Octo/static_analysis_codeql_1/codeql-kotlin.db
[2026-09-27 14:24:29] [PROGRESS] database cleanup> Cleaning up existing TRAP files after import...
[2026-09-27 14:24:30] [PROGRESS] database cleanup> TRAP files cleaned up (1.8s).
[2026-09-27 14:24:30] [PROGRESS] database cleanup> Cleaning up scratch directory...
[2026-09-27 14:24:30] [PROGRESS] database cleanup> Scratch directory cleaned up (6ms).
[2026-09-27 14:24:30] Running plumbing command: codeql dataset cleanup -- /Users/macbook/Octo/static_analysis_codeql_1/codeql-kotlin.db/db-java
[2026-09-27 14:24:30] [PROGRESS] dataset cleanup> Cleaning up dataset in /Users/macbook/Octo/static_analysis_codeql_1/codeql-kotlin.db/db-java.
[2026-09-27 14:24:30] Trimming disk cache at /Users/macbook/Octo/static_analysis_codeql_1/codeql-kotlin.db/db-java/default/cache in mode trim.
[2026-09-27 14:24:30] Sequence stamp origin is -5863773374977788809
[2026-09-27 14:24:30] Pausing evaluation to quickly trim memory at sequence stamp o+0
[2026-09-27 14:24:30] Unpausing evaluation
[2026-09-27 14:24:30] Pausing evaluation to zealously trim disk at sequence stamp o+1
[2026-09-27 14:24:30] Unpausing evaluation
[2026-09-27 14:24:30] Trimming completed (1ms): Trimmed disposable data from cache.
[2026-09-27 14:24:30] Pausing evaluation to close the cache at sequence stamp o+2
[2026-09-27 14:24:30] The disk cache is freshly trimmed; leave it be.
[2026-09-27 14:24:30] Unpausing evaluation
[2026-09-27 14:24:30] [PROGRESS] dataset cleanup> Trimmed disposable data from cache.
[2026-09-27 14:24:30] [PROGRESS] dataset cleanup> Finalizing dataset in /Users/macbook/Octo/static_analysis_codeql_1/codeql-kotlin.db/db-java
[2026-09-27 14:24:30] [DETAILS] dataset cleanup> Finished deleting ID pool from /Users/macbook/Octo/static_analysis_codeql_1/codeql-kotlin.db/db-java (2ms).
[2026-09-27 14:24:30] Plumbing command codeql dataset cleanup completed.
[2026-09-27 14:24:30] Plumbing command codeql database cleanup completed with status 0.
[2026-09-27 14:24:30] [PROGRESS] database finalize> Finished zipping source archive (268.47 KiB).
[2026-09-27 14:24:30] Plumbing command codeql database finalize completed.
[2026-09-27 14:24:30] [PROGRESS] database create> Successfully created database at /Users/macbook/Octo/static_analysis_codeql_1/codeql-kotlin.db.
[2026-09-27 14:24:30] Terminating normally.
