[2026-09-27 14:14:14] This is codeql database index-files --include-extension=.java --exclude=**/module-info.java --exclude=**/package-info.java --size-limit=50m --language=java --working-dir=. /Users/macbook/Octo/static_analysis_codeql_1/codeql-kotlin.db
[2026-09-27 14:14:14] Log file was started late.
[2026-09-27 14:14:14] Using index-files script /opt/homebrew/Caskroom/codeql/2.26.3/codeql/java/tools/index-files.sh.
[2026-09-27 14:14:14] [PROGRESS] database index-files> Scanning for files in /Users/macbook/Octo...
[2026-09-27 14:14:14] Calling plumbing command: codeql resolve files --include-extension=.java --exclude=**/module-info.java --exclude=**/package-info.java --size-limit=50m /Users/macbook/Octo --format=json
[2026-09-27 14:14:14] [PROGRESS] resolve files> Scanning /Users/macbook/Octo...
[2026-09-27 14:14:14] [PROGRESS] resolve files> Scanning /Users/macbook/Octo/infra...
[2026-09-27 14:14:14] [PROGRESS] resolve files> Scanning /Users/macbook/Octo/infra/supabase...
[2026-09-27 14:14:14] [PROGRESS] resolve files> Scanning /Users/macbook/Octo/infra/supabase/local...
[2026-09-27 14:14:14] [PROGRESS] resolve files> Scanning /Users/macbook/Octo/infra/supabase/local/supabase...
[2026-09-27 14:14:14] [PROGRESS] resolve files> Scanning /Users/macbook/Octo/infra/supabase/vendor...
[2026-09-27 14:14:14] [PROGRESS] resolve files> Scanning /Users/macbook/Octo/infra/supabase/vendor/tests...
[2026-09-27 14:14:14] [PROGRESS] resolve files> Scanning /Users/macbook/Octo/infra/supabase/vendor/utils...
[2026-09-27 14:14:14] [PROGRESS] resolve files> Scanning /Users/macbook/Octo/infra/supabase/vendor/dev...
[2026-09-27 14:14:14] [PROGRESS] resolve files> Scanning /Users/macbook/Octo/infra/supabase/vendor/volumes...
[2026-09-27 14:14:14] [PROGRESS] resolve files> Scanning /Users/macbook/Octo/infra/supabase/vendor/volumes/snippets...
[2026-09-27 14:14:14] [PROGRESS] resolve files> Scanning /Users/macbook/Octo/infra/supabase/vendor/volumes/proxy...
[2026-09-27 14:14:14] [PROGRESS] resolve files> Scanning /Users/macbook/Octo/infra/supabase/vendor/volumes/proxy/nginx...
[2026-09-27 14:14:14] [PROGRESS] resolve files> Scanning /Users/macbook/Octo/infra/supabase/vendor/volumes/proxy/caddy...
[2026-09-27 14:14:14] [PROGRESS] resolve files> Scanning /Users/macbook/Octo/infra/supabase/vendor/volumes/logs...
[2026-09-27 14:14:14] [PROGRESS] resolve files> Scanning /Users/macbook/Octo/infra/supabase/vendor/volumes/db...
[2026-09-27 14:14:14] [PROGRESS] resolve files> Scanning /Users/macbook/Octo/infra/supabase/vendor/volumes/db/init...
[2026-09-27 14:14:14] [PROGRESS] resolve files> Scanning /Users/macbook/Octo/infra/supabase/vendor/volumes/api...
[2026-09-27 14:14:14] [PROGRESS] resolve files> Scanning /Users/macbook/Octo/infra/supabase/vendor/volumes/api/envoy...
[2026-09-27 14:14:14] [PROGRESS] resolve files> Scanning /Users/macbook/Octo/infra/supabase/vendor/volumes/functions...
[2026-09-27 14:14:14] [PROGRESS] resolve files> Scanning /Users/macbook/Octo/infra/supabase/vendor/volumes/functions/hello...
[2026-09-27 14:14:14] [PROGRESS] resolve files> Scanning /Users/macbook/Octo/infra/supabase/vendor/volumes/functions/main...
[2026-09-27 14:14:14] [PROGRESS] resolve files> Scanning /Users/macbook/Octo/infra/supabase/vendor/volumes/pooler...
[2026-09-27 14:14:14] [PROGRESS] resolve files> Scanning /Users/macbook/Octo/static_analysis_codeql_1...
[2026-09-27 14:14:14] [PROGRESS] resolve files> Scanning /Users/macbook/Octo/static_analysis_codeql_1/codeql-js.db...
[2026-09-27 14:14:14] [PROGRESS] resolve files> Scanning /Users/macbook/Octo/static_analysis_codeql_1/codeql-js.db/temp...
[2026-09-27 14:14:14] [PROGRESS] resolve files> Scanning /Users/macbook/Octo/static_analysis_codeql_1/codeql-js.db/db-javascript...
[2026-09-27 14:14:14] [PROGRESS] resolve files> Scanning /Users/macbook/Octo/static_analysis_codeql_1/codeql-js.db/db-javascript/default...
[2026-09-27 14:14:14] [PROGRESS] resolve files> Scanning /Users/macbook/Octo/static_analysis_codeql_1/codeql-js.db/db-javascript/default/strings...
[2026-09-27 14:14:14] [PROGRESS] resolve files> Scanning /Users/macbook/Octo/static_analysis_codeql_1/codeql-js.db/db-javascript/default/pools...
[2026-09-27 14:14:14] [PROGRESS] resolve files> Scanning /Users/macbook/Octo/static_analysis_codeql_1/codeql-js.db/db-javascript/default/pools/0...
[2026-09-27 14:14:14] [PROGRESS] resolve files> Scanning /Users/macbook/Octo/static_analysis_codeql_1/codeql-js.db/db-javascript/default/pools/0/buckets...
[2026-09-27 14:14:14] [PROGRESS] resolve files> Scanning /Users/macbook/Octo/static_analysis_codeql_1/codeql-js.db/db-javascript/default/pools/0/pageDump...
[2026-09-27 14:14:14] [PROGRESS] resolve files> Scanning /Users/macbook/Octo/static_analysis_codeql_1/codeql-js.db/db-javascript/default/pools/0/metadata...
[2026-09-27 14:14:14] [PROGRESS] resolve files> Scanning /Users/macbook/Octo/static_analysis_codeql_1/codeql-js.db/db-javascript/default/pools/1...
[2026-09-27 14:14:14] [PROGRESS] resolve files> Scanning /Users/macbook/Octo/static_analysis_codeql_1/codeql-js.db/db-javascript/default/pools/1/buckets...
[2026-09-27 14:14:14] [PROGRESS] resolve files> Scanning /Users/macbook/Octo/static_analysis_codeql_1/codeql-js.db/db-javascript/default/pools/1/pageDump...
[2026-09-27 14:14:14] [PROGRESS] resolve files> Scanning /Users/macbook/Octo/static_analysis_codeql_1/codeql-js.db/db-javascript/default/pools/1/ids1...
[2026-09-27 14:14:14] [PROGRESS] resolve files> Scanning /Users/macbook/Octo/static_analysis_codeql_1/codeql-js.db/db-javascript/default/pools/1/metadata...
[2026-09-27 14:14:14] [PROGRESS] resolve files> Scanning /Users/macbook/Octo/static_analysis_codeql_1/codeql-js.db/db-javascript/default/pools/1/indices1...
[2026-09-27 14:14:14] [PROGRESS] resolve files> Scanning /Users/macbook/Octo/static_analysis_codeql_1/codeql-js.db/db-javascript/default/cache...
[2026-09-27 14:14:14] [PROGRESS] resolve files> Scanning /Users/macbook/Octo/static_analysis_codeql_1/codeql-js.db/db-javascript/default/cache/cached-strings...
[2026-09-27 14:14:14] [PROGRESS] resolve files> Scanning /Users/macbook/Octo/static_analysis_codeql_1/codeql-js.db/db-javascript/default/cache/cached-strings/pools...
[2026-09-27 14:14:14] [PROGRESS] resolve files> Scanning /Users/macbook/Octo/static_analysis_codeql_1/codeql-js.db/db-javascript/default/cache/cached-strings/pools/0...
[2026-09-27 14:14:14] [PROGRESS] resolve files> Scanning /Users/macbook/Octo/static_analysis_codeql_1/codeql-js.db/db-javascript/default/cache/cached-strings/pools/0/buckets...
[2026-09-27 14:14:14] [PROGRESS] resolve files> Scanning /Users/macbook/Octo/static_analysis_codeql_1/codeql-js.db/db-javascript/default/cache/cached-strings/pools/0/pageDump...
[2026-09-27 14:14:14] [PROGRESS] resolve files> Scanning /Users/macbook/Octo/static_analysis_codeql_1/codeql-js.db/db-javascript/default/cache/cached-strings/pools/0/ids1...
[2026-09-27 14:14:14] [PROGRESS] resolve files> Scanning /Users/macbook/Octo/static_analysis_codeql_1/codeql-js.db/db-javascript/default/cache/cached-strings/pools/0/metadata...
[2026-09-27 14:14:14] [PROGRESS] resolve files> Scanning /Users/macbook/Octo/static_analysis_codeql_1/codeql-js.db/db-javascript/default/cache/cached-strings/pools/0/indices1...
[2026-09-27 14:14:14] [PROGRESS] resolve files> Scanning /Users/macbook/Octo/static_analysis_codeql_1/codeql-js.db/db-javascript/default/cache/cached-strings/tuple-pool...
[2026-09-27 14:14:14] [PROGRESS] resolve files> Scanning /Users/macbook/Octo/static_analysis_codeql_1/codeql-js.db/diagnostic...
[2026-09-27 14:14:14] [PROGRESS] resolve files> Scanning /Users/macbook/Octo/static_analysis_codeql_1/codeql-js.db/diagnostic/tracer...
[2026-09-27 14:14:14] [PROGRESS] resolve files> Scanning /Users/macbook/Octo/static_analysis_codeql_1/codeql-js.db/diagnostic/extractors...
[2026-09-27 14:14:14] [PROGRESS] resolve files> Scanning /Users/macbook/Octo/static_analysis_codeql_1/codeql-js.db/diagnostic/extractors/javascript...
[2026-09-27 14:14:14] [PROGRESS] resolve files> Scanning /Users/macbook/Octo/static_analysis_codeql_1/codeql-js.db/log...
[2026-09-27 14:14:14] [PROGRESS] resolve files> Scanning /Users/macbook/Octo/static_analysis_codeql_1/codeql-kotlin.db...
[2026-09-27 14:14:14] [PROGRESS] resolve files> Scanning /Users/macbook/Octo/static_analysis_codeql_1/codeql-kotlin.db/diagnostic...
[2026-09-27 14:14:14] [PROGRESS] resolve files> Scanning /Users/macbook/Octo/static_analysis_codeql_1/codeql-kotlin.db/diagnostic/tracer...
[2026-09-27 14:14:14] [PROGRESS] resolve files> Scanning /Users/macbook/Octo/static_analysis_codeql_1/codeql-kotlin.db/diagnostic/extractors...
[2026-09-27 14:14:14] [PROGRESS] resolve files> Scanning /Users/macbook/Octo/static_analysis_codeql_1/codeql-kotlin.db/diagnostic/extractors/java...
[2026-09-27 14:14:14] [PROGRESS] resolve files> Scanning /Users/macbook/Octo/static_analysis_codeql_1/codeql-kotlin.db/working...
[2026-09-27 14:14:14] [PROGRESS] resolve files> Scanning /Users/macbook/Octo/static_analysis_codeql_1/codeql-kotlin.db/working/java-standalone-dependency-graph11281209972171435163...
[2026-09-27 14:14:14] [PROGRESS] resolve files> Scanning /Users/macbook/Octo/static_analysis_codeql_1/codeql-kotlin.db/log...
[2026-09-27 14:14:14] [PROGRESS] resolve files> Scanning /Users/macbook/Octo/static_analysis_codeql_1/extensions...
[2026-09-27 14:14:14] [PROGRESS] resolve files> Scanning /Users/macbook/Octo/static_analysis_codeql_1/results...
[2026-09-27 14:14:14] [PROGRESS] resolve files> Scanning /Users/macbook/Octo/static_analysis_codeql_1/diagnostics...
[2026-09-27 14:14:14] [PROGRESS] resolve files> Scanning /Users/macbook/Octo/static_analysis_codeql_1/raw...
[2026-09-27 14:14:14] [PROGRESS] resolve files> Scanning /Users/macbook/Octo/.pytest_cache...
[2026-09-27 14:14:14] [PROGRESS] resolve files> Scanning /Users/macbook/Octo/.pytest_cache/v...
[2026-09-27 14:14:14] [PROGRESS] resolve files> Scanning /Users/macbook/Octo/.pytest_cache/v/cache...
[2026-09-27 14:14:14] [PROGRESS] resolve files> Scanning /Users/macbook/Octo/web...
[2026-09-27 14:14:14] [PROGRESS] resolve files> Scanning /Users/macbook/Octo/web/app...
[2026-09-27 14:14:14] [PROGRESS] resolve files> Scanning /Users/macbook/Octo/web/app/app...
[2026-09-27 14:14:14] [PROGRESS] resolve files> Scanning /Users/macbook/Octo/web/app/admin...
[2026-09-27 14:14:14] [PROGRESS] resolve files> Scanning /Users/macbook/Octo/web/app/login...
[2026-09-27 14:14:14] [PROGRESS] resolve files> Scanning /Users/macbook/Octo/web/node_modules...
[2026-09-27 14:14:14] [PROGRESS] resolve files> Scanning /Users/macbook/Octo/web/node_modules/@alloc...
[2026-09-27 14:14:14] [PROGRESS] resolve files> Scanning /Users/macbook/Octo/web/node_modules/@alloc/quick-lru...
[2026-09-27 14:14:14] [PROGRESS] resolve files> Scanning /Users/macbook/Octo/web/node_modules/tapable...
[2026-09-27 14:14:14] [PROGRESS] resolve files> Scanning /Users/macbook/Octo/web/node_modules/tapable/lib...
[2026-09-27 14:14:14] [PROGRESS] resolve files> Scanning /Users/macbook/Octo/web/node_modules/styled-jsx...
[2026-09-27 14:14:14] [PROGRESS] resolve files> Scanning /Users/macbook/Octo/web/node_modules/styled-jsx/dist...
[2026-09-27 14:14:14] [PROGRESS] resolve files> Scanning /Users/macbook/Octo/web/node_modules/styled-jsx/dist/webpack...
[2026-09-27 14:14:14] [PROGRESS] resolve files> Scanning /Users/macbook/Octo/web/node_modules/styled-jsx/dist/babel...
[2026-09-27 14:14:14] [PROGRESS] resolve files> Scanning /Users/macbook/Octo/web/node_modules/styled-jsx/dist/index...
[2026-09-27 14:14:14] [PROGRESS] resolve files> Scanning /Users/macbook/Octo/web/node_modules/styled-jsx/lib...
[2026-09-27 14:14:14] [PROGRESS] resolve files> Scanning /Users/macbook/Octo/web/node_modules/@types...
[2026-09-27 14:14:14] [PROGRESS] resolve files> Scanning /Users/macbook/Octo/web/node_modules/@types/react-dom...
[2026-09-27 14:14:14] [PROGRESS] resolve files> Scanning /Users/macbook/Octo/web/node_modules/@types/react-dom/test-utils...
[2026-09-27 14:14:14] [PROGRESS] resolve files> Scanning /Users/macbook/Octo/web/node_modules/@types/node...
[2026-09-27 14:14:14] [PROGRESS] resolve files> Scanning /Users/macbook/Octo/web/node_modules/@types/node/compatibility...
[2026-09-27 14:14:14] [PROGRESS] resolve files> Scanning /Users/macbook/Octo/web/node_modules/@types/node/timers...
[2026-09-27 14:14:14] [PROGRESS] resolve files> Scanning /Users/macbook/Octo/web/node_modules/@types/node/stream...
[2026-09-27 14:14:14] [PROGRESS] resolve files> Scanning /Users/macbook/Octo/web/node_modules/@types/node/readline...
[2026-09-27 14:14:14] [PROGRESS] resolve files> Scanning /Users/macbook/Octo/web/node_modules/@types/node/web-globals...
[2026-09-27 14:14:14] [PROGRESS] resolve files> Scanning /Users/macbook/Octo/web/node_modules/@types/node/assert...
[2026-09-27 14:14:14] [PROGRESS] resolve files> Scanning /Users/macbook/Octo/web/node_modules/@types/node/ts5.6...
[2026-09-27 14:14:14] [PROGRESS] resolve files> Scanning /Users/macbook/Octo/web/node_modules/@types/node/dns...
[2026-09-27 14:14:14] [PROGRESS] resolve files> Scanning /Users/macbook/Octo/web/node_modules/@types/node/fs...
[2026-09-27 14:14:14] [PROGRESS] resolve files> Scanning /Users/macbook/Octo/web/node_modules/@types/react...
[2026-09-27 14:14:14] [PROGRESS] resolve files> Scanning /Users/macbook/Octo/web/node_modules/@types/react/ts5.0...
[2026-09-27 14:14:14] [PROGRESS] resolve files> Scanning /Users/macbook/Octo/web/node_modules/next...
[2026-09-27 14:14:14] [PROGRESS] resolve files> Scanning /Users/macbook/Octo/web/node_modules/next/experimental...
[2026-09-27 14:14:14] [PROGRESS] resolve files> Scanning /Users/macbook/Octo/web/node_modules/next/experimental/testing...
[2026-09-27 14:14:14] [PROGRESS] resolve files> Scanning /Users/macbook/Octo/web/node_modules/next/experimental/testmode...
[2026-09-27 14:14:14] [PROGRESS] resolve files> Scanning /Users/macbook/Octo/web/node_modules/next/experimental/testmode/playwright...
[2026-09-27 14:14:14] [PROGRESS] resolve files> Scanning /Users/macbook/Octo/web/node_modules/next/image-types...
[2026-09-27 14:14:14] [PROGRESS] resolve files> Scanning /Users/macbook/Octo/web/node_modules/next/compat...
[2026-09-27 14:14:14] [PROGRESS] resolve files> Scanning /Users/macbook/Octo/web/node_modules/next/types...
[2026-09-27 14:14:14] [PROGRESS] resolve files> Scanning /Users/macbook/Octo/web/node_modules/next/dist...
[2026-09-27 14:14:14] [PROGRESS] resolve files> Scanning /Users/macbook/Octo/web/node_modules/next/dist/styled-jsx...
[2026-09-27 14:14:14] [PROGRESS] resolve files> Scanning /Users/macbook/Octo/web/node_modules/next/dist/styled-jsx/types...
[2026-09-27 14:14:14] [PROGRESS] resolve files> Scanning /Users/macbook/Octo/web/node_modules/next/dist/experimental...
[2026-09-27 14:14:14] [PROGRESS] resolve files> Scanning /Users/macbook/Octo/web/node_modules/next/dist/experimental/testing...
[2026-09-27 14:14:14] [PROGRESS] resolve files> Scanning /Users/macbook/Octo/web/node_modules/next/dist/experimental/testing/server...
[2026-09-27 14:14:14] [PROGRESS] resolve files> Scanning /Users/macbook/Octo/web/node_modules/next/dist/experimental/testmode...
[2026-09-27 14:14:14] [PROGRESS] resolve files> Scanning /Users/macbook/Octo/web/node_modules/next/dist/experimental/testmode/proxy...
[2026-09-27 14:14:14] [PROGRESS] resolve files> Scanning /Users/macbook/Octo/web/node_modules/next/dist/experimental/testmode/playwright...
[2026-09-27 14:14:14] [PROGRESS] resolve files> Scanning /Users/macbook/Octo/web/node_modules/next/dist/trace...
[2026-09-27 14:14:14] [PROGRESS] resolve files> Scanning /Users/macbook/Octo/web/node_modules/next/dist/trace/report...
[2026-09-27 14:14:14] [PROGRESS] resolve files> Scanning /Users/macbook/Octo/web/node_modules/next/dist/bin...
[2026-09-27 14:14:14] [PROGRESS] resolve files> Scanning /Users/macbook/Octo/web/node_modules/next/dist/esm...
[2026-09-27 14:14:14] [PROGRESS] resolve files> Scanning /Users/macbook/Octo/web/node_modules/next/dist/esm/server...
[2026-09-27 14:14:14] [PROGRESS] resolve files> Scanning /Users/macbook/Octo/web/node_modules/next/dist/esm/server/normalizers...
[2026-09-27 14:14:14] [PROGRESS] resolve files> Scanning /Users/macbook/Octo/web/node_modules/next/dist/esm/server/normalizers/built...
[2026-09-27 14:14:14] [PROGRESS] resolve files> Scanning /Users/macbook/Octo/web/node_modules/next/dist/esm/server/normalizers/built/app...
[2026-09-27 14:14:14] [PROGRESS] resolve files> Scanning /Users/macbook/Octo/web/node_modules/next/dist/esm/server/normalizers/built/pages...
[2026-09-27 14:14:14] [PROGRESS] resolve files> Scanning /Users/macbook/Octo/web/node_modules/next/dist/esm/server/normalizers/request...
[2026-09-27 14:14:14] [PROGRESS] resolve files> Scanning /Users/macbook/Octo/web/node_modules/next/dist/esm/server/stream-utils...
[2026-09-27 14:14:14] [PROGRESS] resolve files> Scanning /Users/macbook/Octo/web/node_modules/next/dist/esm/server/route-matches...
[2026-09-27 14:14:14] [PROGRESS] resolve files> Scanning /Users/macbook/Octo/web/node_modules/next/dist/esm/server/async-storage...
[2026-09-27 14:14:14] [PROGRESS] resolve files> Scanning /Users/macbook/Octo/web/node_modules/next/dist/esm/server/web...
[2026-09-27 14:14:14] [PROGRESS] resolve files> Scanning /Users/macbook/Octo/web/node_modules/next/dist/esm/server/web/spec-extension...
[2026-09-27 14:14:14] [PROGRESS] resolve files> Scanning /Users/macbook/Octo/web/node_modules/next/dist/esm/server/web/spec-extension/adapters...
[2026-09-27 14:14:14] [PROGRESS] resolve files> Scanning /Users/macbook/Octo/web/node_modules/next/dist/esm/server/web/exports...
[2026-09-27 14:14:14] [PROGRESS] resolve files> Scanning /Users/macbook/Octo/web/node_modules/next/dist/esm/server/web/sandbox...
[2026-09-27 14:14:14] [PROGRESS] resolve files> Scanning /Users/macbook/Octo/web/node_modules/next/dist/esm/server/typescript...
[2026-09-27 14:14:14] [PROGRESS] resolve files> Scanning /Users/macbook/Octo/web/node_modules/next/dist/esm/server/typescript/rules...
[2026-09-27 14:14:14] [PROGRESS] resolve files> Scanning /Users/macbook/Octo/web/node_modules/next/dist/esm/server/resume-data-cache...
[2026-09-27 14:14:14] [PROGRESS] resolve files> Scanning /Users/macbook/Octo/web/node_modules/next/dist/esm/server/instrumentation...
[2026-09-27 14:14:14] [PROGRESS] resolve files> Scanning /Users/macbook/Octo/web/node_modules/next/dist/esm/server/app-render...
[2026-09-27 14:14:14] [PROGRESS] resolve files> Scanning /Users/macbook/Octo/web/node_modules/next/dist/esm/server/app-render/metadata-insertion...
[2026-09-27 14:14:14] [PROGRESS] resolve files> Scanning /Users/macbook/Octo/web/node_modules/next/dist/esm/server/app-render/module-loading...
[2026-09-27 14:14:14] [PROGRESS] resolve files> Scanning /Users/macbook/Octo/web/node_modules/next/dist/esm/server/app-render/rsc...
[2026-09-27 14:14:14] [PROGRESS] resolve files> Scanning /Users/macbook/Octo/web/node_modules/next/dist/esm/server/route-matchers...
[2026-09-27 14:14:14] [PROGRESS] resolve files> Scanning /Users/macbook/Octo/web/node_modules/next/dist/esm/server/route-modules...
[2026-09-27 14:14:14] [PROGRESS] resolve files> Scanning /Users/macbook/Octo/web/node_modules/next/dist/esm/server/route-modules/app-route...
[2026-09-27 14:14:14] [PROGRESS] resolve files> Scanning /Users/macbook/Octo/web/node_modules/next/dist/esm/server/route-modules/app-route/helpers...
[2026-09-27 14:14:14] [PROGRESS] resolve files> Scanning /Users/macbook/Octo/web/node_modules/next/dist/esm/server/route-modules/app-page...
[2026-09-27 14:14:14] [PROGRESS] resolve files> Scanning /Users/macbook/Octo/web/node_modules/next/dist/esm/server/route-modules/app-page/vendored...
[2026-09-27 14:14:14] [PROGRESS] resolve files> Scanning /Users/macbook/Octo/web/node_modules/next/dist/esm/server/route-modules/app-page/vendored/contexts...
[2026-09-27 14:14:14] [PROGRESS] resolve files> Scanning /Users/macbook/Octo/web/node_modules/next/dist/esm/server/route-modules/app-page/vendored/ssr...
[2026-09-27 14:14:14] [PROGRESS] resolve files> Scanning /Users/macbook/Octo/web/node_modules/next/dist/esm/server/route-modules/app-page/vendored/rsc...
[2026-09-27 14:14:14] [PROGRESS] resolve files> Scanning /Users/macbook/Octo/web/node_modules/next/dist/esm/server/route-modules/app-page/helpers...
[2026-09-27 14:14:14] [PROGRESS] resolve files> Scanning /Users/macbook/Octo/web/node_modules/next/dist/esm/server/route-modules/pages-api...
[2026-09-27 14:14:14] [PROGRESS] resolve files> Scanning /Users/macbook/Octo/web/node_modules/next/dist/esm/server/route-modules/pages...
[2026-09-27 14:14:14] [PROGRESS] resolve files> Scanning /Users/macbook/Octo/web/node_modules/next/dist/esm/server/route-modules/pages/vendored...
[2026-09-27 14:14:14] [PROGRESS] resolve files> Scanning /Users/macbook/Octo/web/node_modules/next/dist/esm/server/route-modules/pages/vendored/contexts...
[2026-09-27 14:14:14] [PROGRESS] resolve files> Scanning /Users/macbook/Octo/web/node_modules/next/dist/esm/server/route-modules/pages/builtin...
[2026-09-27 14:14:14] [PROGRESS] resolve files> Scanning /Users/macbook/Octo/web/node_modules/next/dist/esm/server/route-matcher-managers...
[2026-09-27 14:14:14] [PROGRESS] resolve files> Scanning /Users/macbook/Octo/web/node_modules/next/dist/esm/server/node-environment-extensions...
[2026-09-27 14:14:14] [PROGRESS] resolve files> Scanning /Users/macbook/Octo/web/node_modules/next/dist/esm/server/route-matcher-providers...
[2026-09-27 14:14:14] [PROGRESS] resolve files> Scanning /Users/macbook/Octo/web/node_modules/next/dist/esm/server/route-matcher-providers/dev...
[2026-09-27 14:14:14] [PROGRESS] resolve files> Scanning /Users/macbook/Octo/web/node_modules/next/dist/esm/server/route-matcher-providers/dev/helpers...
[2026-09-27 14:14:14] [PROGRESS] resolve files> Scanning /Users/macbook/Octo/web/node_modules/next/dist/esm/server/route-matcher-providers/dev/helpers/file-reader...
[2026-09-27 14:14:14] [PROGRESS] resolve files> Scanning /Users/macbook/Octo/web/node_modules/next/dist/esm/server/route-matcher-providers/helpers...
[2026-09-27 14:14:14] [PROGRESS] resolve files> Scanning /Users/macbook/Octo/web/node_modules/next/dist/esm/server/route-matcher-providers/helpers/manifest-loaders...
[2026-09-27 14:14:14] [PROGRESS] resolve files> Scanning /Users/macbook/Octo/web/node_modules/next/dist/esm/server/lib...
[2026-09-27 14:14:14] [PROGRESS] resolve files> Scanning /Users/macbook/Octo/web/node_modules/next/dist/esm/server/lib/server-ipc...
[2026-09-27 14:14:14] [PROGRESS] resolve files> Scanning /Users/macbook/Octo/web/node_modules/next/dist/esm/server/lib/module-loader...
[2026-09-27 14:14:14] [PROGRESS] resolve files> Scanning /Users/macbook/Octo/web/node_modules/next/dist/esm/server/lib/experimental...
[2026-09-27 14:14:14] [PROGRESS] resolve files> Scanning /Users/macbook/Octo/web/node_modules/next/dist/esm/server/lib/trace...
[2026-09-27 14:14:14] [PROGRESS] resolve files> Scanning /Users/macbook/Octo/web/node_modules/next/dist/esm/server/lib/incremental-cache...
[2026-09-27 14:14:14] [PROGRESS] resolve files> Scanning /Users/macbook/Octo/web/node_modules/next/dist/esm/server/lib/cache-handlers...
[2026-09-27 14:14:14] [PROGRESS] resolve files> Scanning /Users/macbook/Octo/web/node_modules/next/dist/esm/server/lib/router-utils...
[2026-09-27 14:14:14] [PROGRESS] resolve files> Scanning /Users/macbook/Octo/web/node_modules/next/dist/esm/server/dev...
[2026-09-27 14:14:14] [PROGRESS] resolve files> Scanning /Users/macbook/Octo/web/node_modules/next/dist/esm/server/dev/browser-logs...
[2026-09-27 14:14:14] [PROGRESS] resolve files> Scanning /Users/macbook/Octo/web/node_modules/next/dist/esm/server/request...
[2026-09-27 14:14:14] [PROGRESS] resolve files> Scanning /Users/macbook/Octo/web/node_modules/next/dist/esm/server/after...
[2026-09-27 14:14:14] [PROGRESS] resolve files> Scanning /Users/macbook/Octo/web/node_modules/next/dist/esm/server/route-definitions...
[2026-09-27 14:14:14] [PROGRESS] resolve files> Scanning /Users/macbook/Octo/web/node_modules/next/dist/esm/server/og...
[2026-09-27 14:14:14] [PROGRESS] resolve files> Scanning /Users/macbook/Octo/web/node_modules/next/dist/esm/server/use-cache...
[2026-09-27 14:14:14] [PROGRESS] resolve files> Scanning /Users/macbook/Octo/web/node_modules/next/dist/esm/server/base-http...
[2026-09-27 14:14:14] [PROGRESS] resolve files> Scanning /Users/macbook/Octo/web/node_modules/next/dist/esm/server/response-cache...
[2026-09-27 14:14:14] [PROGRESS] resolve files> Scanning /Users/macbook/Octo/web/node_modules/next/dist/esm/server/api-utils...
[2026-09-27 14:14:14] [PROGRESS] resolve files> Scanning /Users/macbook/Octo/web/node_modules/next/dist/esm/server/api-utils/node...
[2026-09-27 14:14:14] [PROGRESS] resolve files> Scanning /Users/macbook/Octo/web/node_modules/next/dist/esm/shared...
[2026-09-27 14:14:14] [PROGRESS] resolve files> Scanning /Users/macbook/Octo/web/node_modules/next/dist/esm/shared/lib...
[2026-09-27 14:14:14] [PROGRESS] resolve files> Scanning /Users/macbook/Octo/web/node_modules/next/dist/esm/shared/lib/segment-cache...
[2026-09-27 14:14:14] [PROGRESS] resolve files> Scanning /Users/macbook/Octo/web/node_modules/next/dist/esm/shared/lib/page-path...
[2026-09-27 14:14:14] [PROGRESS] resolve files> Scanning /Users/macbook/Octo/web/node_modules/next/dist/esm/shared/lib/isomorphic...
[2026-09-27 14:14:14] [PROGRESS] resolve files> Scanning /Users/macbook/Octo/web/node_modules/next/dist/esm/shared/lib/turbopack...
[2026-09-27 14:14:14] [PROGRESS] resolve files> Scanning /Users/macbook/Octo/web/node_modules/next/dist/esm/shared/lib/utils...
[2026-09-27 14:14:14] [PROGRESS] resolve files> Scanning /Users/macbook/Octo/web/node_modules/next/dist/esm/shared/lib/lazy-dynamic...
[2026-09-27 14:14:14] [PROGRESS] resolve files> Scanning /Users/macbook/Octo/web/node_modules/next/dist/esm/shared/lib/errors...
[2026-09-27 14:14:14] [PROGRESS] resolve files> Scanning /Users/macbook/Octo/web/node_modules/next/dist/esm/shared/lib/i18n...
[2026-09-27 14:14:14] [PROGRESS] resolve files> Scanning /Users/macbook/Octo/web/node_modules/next/dist/esm/shared/lib/router...
[2026-09-27 14:14:14] [PROGRESS] resolve files> Scanning /Users/macbook/Octo/web/node_modules/next/dist/esm/shared/lib/router/utils...
[2026-09-27 14:14:14] [PROGRESS] resolve files> Scanning /Users/macbook/Octo/web/node_modules/next/dist/esm/next-devtools...
[2026-09-27 14:14:14] [PROGRESS] resolve files> Scanning /Users/macbook/Octo/web/node_modules/next/dist/esm/next-devtools/server...
[2026-09-27 14:14:14] [PROGRESS] resolve files> Scanning /Users/macbook/Octo/web/node_modules/next/dist/esm/next-devtools/server/font...
[2026-09-27 14:14:14] [PROGRESS] resolve files> Scanning /Users/macbook/Octo/web/node_modules/next/dist/esm/next-devtools/shared...
[2026-09-27 14:14:14] [PROGRESS] resolve files> Scanning /Users/macbook/Octo/web/node_modules/next/dist/esm/next-devtools/userspace...
[2026-09-27 14:14:14] [PROGRESS] resolve files> Scanning /Users/macbook/Octo/web/node_modules/next/dist/esm/next-devtools/userspace/app...
[2026-09-27 14:14:14] [PROGRESS] resolve files> Scanning /Users/macbook/Octo/web/node_modules/next/dist/esm/next-devtools/userspace/app/errors...
[2026-09-27 14:14:14] [PROGRESS] resolve files> Scanning /Users/macbook/Octo/web/node_modules/next/dist/esm/next-devtools/userspace/pages...
[2026-09-27 14:14:14] [PROGRESS] resolve files> Scanning /Users/macbook/Octo/web/node_modules/next/dist/esm/lib...
[2026-09-27 14:14:14] [PROGRESS] resolve files> Scanning /Users/macbook/Octo/web/node_modules/next/dist/esm/lib/memory...
[2026-09-27 14:14:14] [PROGRESS] resolve files> Scanning /Users/macbook/Octo/web/node_modules/next/dist/esm/lib/framework...
[2026-09-27 14:14:14] [PROGRESS] resolve files> Scanning /Users/macbook/Octo/web/node_modules/next/dist/esm/lib/typescript...
[2026-09-27 14:14:14] [PROGRESS] resolve files> Scanning /Users/macbook/Octo/web/node_modules/next/dist/esm/lib/eslint...
[2026-09-27 14:14:14] [PROGRESS] resolve files> Scanning /Users/macbook/Octo/web/node_modules/next/dist/esm/lib/fs...
[2026-09-27 14:14:14] [PROGRESS] resolve files> Scanning /Users/macbook/Octo/web/node_modules/next/dist/esm/lib/metadata...
[2026-09-27 14:14:14] [PROGRESS] resolve files> Scanning /Users/macbook/Octo/web/node_modules/next/dist/esm/lib/metadata/types...
[2026-09-27 14:14:14] [PROGRESS] resolve files> Scanning /Users/macbook/Octo/web/node_modules/next/dist/esm/lib/metadata/resolvers...
[2026-09-27 14:14:14] [PROGRESS] resolve files> Scanning /Users/macbook/Octo/web/node_modules/next/dist/esm/lib/metadata/generate...
[2026-09-27 14:14:14] [PROGRESS] resolve files> Scanning /Users/macbook/Octo/web/node_modules/next/dist/esm/lib/helpers...
[2026-09-27 14:14:14] [PROGRESS] resolve files> Scanning /Users/macbook/Octo/web/node_modules/next/dist/esm/api...
[2026-09-27 14:14:14] [PROGRESS] resolve files> Scanning /Users/macbook/Octo/web/node_modules/next/dist/esm/build...
[2026-09-27 14:14:14] [PROGRESS] resolve files> Scanning /Users/macbook/Octo/web/node_modules/next/dist/esm/build/next-config-ts...
[2026-09-27 14:14:14] [PROGRESS] resolve files> Scanning /Users/macbook/Octo/web/node_modules/next/dist/esm/build/static-paths...
[2026-09-27 14:14:14] [PROGRESS] resolve files> Scanning /Users/macbook/Octo/web/node_modules/next/dist/esm/build/analysis...
[2026-09-27 14:14:14] [PROGRESS] resolve files> Scanning /Users/macbook/Octo/web/node_modules/next/dist/esm/build/segment-config...
[2026-09-27 14:14:14] [PROGRESS] resolve files> Scanning /Users/macbook/Octo/web/node_modules/next/dist/esm/build/segment-config/middleware...
[2026-09-27 14:14:14] [PROGRESS] resolve files> Scanning /Users/macbook/Octo/web/node_modules/next/dist/esm/build/segment-config/app...
[2026-09-27 14:14:14] [PROGRESS] resolve files> Scanning /Users/macbook/Octo/web/node_modules/next/dist/esm/build/segment-config/pages...
[2026-09-27 14:14:14] [PROGRESS] resolve files> Scanning /Users/macbook/Octo/web/node_modules/next/dist/esm/build/output...
[2026-09-27 14:14:14] [PROGRESS] resolve files> Scanning /Users/macbook/Octo/web/node_modules/next/dist/esm/build/webpack-build...
[2026-09-27 14:14:14] [PROGRESS] resolve files> Scanning /Users/macbook/Octo/web/node_modules/next/dist/esm/build/adapter...
[2026-09-27 14:14:14] [PROGRESS] resolve files> Scanning /Users/macbook/Octo/web/node_modules/next/dist/esm/build/turborepo-access-trace...
[2026-09-27 14:14:14] [PROGRESS] resolve files> Scanning /Users/macbook/Octo/web/node_modules/next/dist/esm/build/swc...
[2026-09-27 14:14:14] [PROGRESS] resolve files> Scanning /Users/macbook/Octo/web/node_modules/next/dist/esm/build/webpack...
[2026-09-27 14:14:14] [PROGRESS] resolve files> Scanning /Users/macbook/Octo/web/node_modules/next/dist/esm/build/webpack/alias...
[2026-09-27 14:14:14] [PROGRESS] resolve files> Scanning /Users/macbook/Octo/web/node_modules/next/dist/esm/build/webpack/config...
[2026-09-27 14:14:14] [PROGRESS] resolve files> Scanning /Users/macbook/Octo/web/node_modules/next/dist/esm/build/webpack/config/blocks...
[2026-09-27 14:14:14] [PROGRESS] resolve files> Scanning /Users/macbook/Octo/web/node_modules/next/dist/esm/build/webpack/config/blocks/css...
[2026-09-27 14:14:14] [PROGRESS] resolve files> Scanning /Users/macbook/Octo/web/node_modules/next/dist/esm/build/webpack/config/blocks/css/loaders...
[2026-09-27 14:14:14] [PROGRESS] resolve files> Scanning /Users/macbook/Octo/web/node_modules/next/dist/esm/build/webpack/config/blocks/images...
[2026-09-27 14:14:14] [PROGRESS] resolve files> Scanning /Users/macbook/Octo/web/node_modules/next/dist/esm/build/webpack/plugins...
[2026-09-27 14:14:14] [PROGRESS] resolve files> Scanning /Users/macbook/Octo/web/node_modules/next/dist/esm/build/webpack/plugins/telemetry-plugin...
[2026-09-27 14:14:14] [PROGRESS] resolve files> Scanning /Users/macbook/Octo/web/node_modules/next/dist/esm/build/webpack/plugins/minify-webpack-plugin...
[2026-09-27 14:14:14] [PROGRESS] resolve files> Scanning /Users/macbook/Octo/web/node_modules/next/dist/esm/build/webpack/plugins/minify-webpack-plugin/src...
[2026-09-27 14:14:14] [PROGRESS] resolve files> Scanning /Users/macbook/Octo/web/node_modules/next/dist/esm/build/webpack/plugins/next-types-plugin...
[2026-09-27 14:14:14] [PROGRESS] resolve files> Scanning /Users/macbook/Octo/web/node_modules/next/dist/esm/build/webpack/plugins/wellknown-errors-plugin...
[2026-09-27 14:14:14] [PROGRESS] resolve files> Scanning /Users/macbook/Octo/web/node_modules/next/dist/esm/build/webpack/loaders...
[2026-09-27 14:14:14] [PROGRESS] resolve files> Scanning /Users/macbook/Octo/web/node_modules/next/dist/esm/build/webpack/loaders/css-loader...
[2026-09-27 14:14:14] [PROGRESS] resolve files> Scanning /Users/macbook/Octo/web/node_modules/next/dist/esm/build/webpack/loaders/css-loader/src...
[2026-09-27 14:14:14] [PROGRESS] resolve files> Scanning /Users/macbook/Octo/web/node_modules/next/dist/esm/build/webpack/loaders/css-loader/src/plugins...
[2026-09-27 14:14:14] [PROGRESS] resolve files> Scanning /Users/macbook/Octo/web/node_modules/next/dist/esm/build/webpack/loaders/css-loader/src/runtime...
[2026-09-27 14:14:14] [PROGRESS] resolve files> Scanning /Users/macbook/Octo/web/node_modules/next/dist/esm/build/webpack/loaders/next-font-loader...
[2026-09-27 14:14:14] [PROGRESS] resolve files> Scanning /Users/macbook/Octo/web/node_modules/next/dist/esm/build/webpack/loaders/next-app-loader...
[2026-09-27 14:14:14] [PROGRESS] resolve files> Scanning /Users/macbook/Octo/web/node_modules/next/dist/esm/build/webpack/loaders/next-style-loader...
[2026-09-27 14:14:14] [PROGRESS] resolve files> Scanning /Users/macbook/Octo/web/node_modules/next/dist/esm/build/webpack/loaders/next-style-loader/runtime...
[2026-09-27 14:14:14] [PROGRESS] resolve files> Scanning /Users/macbook/Octo/web/node_modules/next/dist/esm/build/webpack/loaders/lightningcss-loader...
[2026-09-27 14:14:14] [PROGRESS] resolve files> Scanning /Users/macbook/Octo/web/node_modules/next/dist/esm/build/webpack/loaders/lightningcss-loader/src...
[2026-09-27 14:14:14] [PROGRESS] resolve files> Scanning /Users/macbook/Octo/web/node_modules/next/dist/esm/build/webpack/loaders/resolve-url-loader...
[2026-09-27 14:14:14] [PROGRESS] resolve files> Scanning /Users/macbook/Octo/web/node_modules/next/dist/esm/build/webpack/loaders/resolve-url-loader/lib...
[2026-09-27 14:14:14] [PROGRESS] resolve files> Scanning /Users/macbook/Octo/web/node_modules/next/dist/esm/build/webpack/loaders/next-route-loader...
[2026-09-27 14:14:14] [PROGRESS] resolve files> Scanning /Users/macbook/Octo/web/node_modules/next/dist/esm/build/webpack/loaders/next-flight-loader...
[2026-09-27 14:14:14] [PROGRESS] resolve files> Scanning /Users/macbook/Octo/web/node_modules/next/dist/esm/build/webpack/loaders/next-image-loader...
[2026-09-27 14:14:14] [PROGRESS] resolve files> Scanning /Users/macbook/Octo/web/node_modules/next/dist/esm/build/webpack/loaders/next-edge-ssr-loader...
[2026-09-27 14:14:14] [PROGRESS] resolve files> Scanning /Users/macbook/Octo/web/node_modules/next/dist/esm/build/webpack/loaders/next-edge-app-route-loader...
[2026-09-27 14:14:14] [PROGRESS] resolve files> Scanning /Users/macbook/Octo/web/node_modules/next/dist/esm/build/webpack/loaders/devtool...
[2026-09-27 14:14:14] [PROGRESS] resolve files> Scanning /Users/macbook/Octo/web/node_modules/next/dist/esm/build/webpack/loaders/postcss-loader...
[2026-09-27 14:14:14] [PROGRESS] resolve files> Scanning /Users/macbook/Octo/web/node_modules/next/dist/esm/build/webpack/loaders/postcss-loader/src...
[2026-09-27 14:14:14] [PROGRESS] resolve files> Scanning /Users/macbook/Octo/web/node_modules/next/dist/esm/build/webpack/loaders/metadata...
[2026-09-27 14:14:14] [PROGRESS] resolve files> Scanning /Users/macbook/Octo/web/node_modules/next/dist/esm/build/babel...
[2026-09-27 14:14:14] [PROGRESS] resolve files> Scanning /Users/macbook/Octo/web/node_modules/next/dist/esm/build/babel/plugins...
[2026-09-27 14:14:14] [PROGRESS] resolve files> Scanning /Users/macbook/Octo/web/node_modules/next/dist/esm/build/babel/loader...
[2026-09-27 14:14:14] [PROGRESS] resolve files> Scanning /Users/macbook/Octo/web/node_modules/next/dist/esm/build/polyfills...
[2026-09-27 14:14:14] [PROGRESS] resolve files> Scanning /Users/macbook/Octo/web/node_modules/next/dist/esm/build/polyfills/fetch...
[2026-09-27 14:14:14] [PROGRESS] resolve files> Scanning /Users/macbook/Octo/web/node_modules/next/dist/esm/build/polyfills/object.assign...
[2026-09-27 14:14:14] [PROGRESS] resolve files> Scanning /Users/macbook/Octo/web/node_modules/next/dist/esm/build/templates...
[2026-09-27 14:14:14] [PROGRESS] resolve files> Scanning /Users/macbook/Octo/web/node_modules/next/dist/esm/build/manifests...
[2026-09-27 14:14:14] [PROGRESS] resolve files> Scanning /Users/macbook/Octo/web/node_modules/next/dist/esm/build/manifests/formatter...
[2026-09-27 14:14:14] [PROGRESS] resolve files> Scanning /Users/macbook/Octo/web/node_modules/next/dist/esm/build/turbopack-build...
[2026-09-27 14:14:14] [PROGRESS] resolve files> Scanning /Users/macbook/Octo/web/node_modules/next/dist/esm/build/webpack-config-rules...
[2026-09-27 14:14:14] [PROGRESS] resolve files> Scanning /Users/macbook/Octo/web/node_modules/next/dist/esm/export...
[2026-09-27 14:14:14] [PROGRESS] resolve files> Scanning /Users/macbook/Octo/web/node_modules/next/dist/esm/export/routes...
[2026-09-27 14:14:14] [PROGRESS] resolve files> Scanning /Users/macbook/Octo/web/node_modules/next/dist/esm/export/helpers...
[2026-09-27 14:14:14] [PROGRESS] resolve files> Scanning /Users/macbook/Octo/web/node_modules/next/dist/esm/pages...
[2026-09-27 14:14:14] [PROGRESS] resolve files> Scanning /Users/macbook/Octo/web/node_modules/next/dist/esm/client...
[2026-09-27 14:14:14] [PROGRESS] resolve files> Scanning /Users/macbook/Octo/web/node_modules/next/dist/esm/client/tracing...
[2026-09-27 14:14:14] [PROGRESS] resolve files> Scanning /Users/macbook/Octo/web/node_modules/next/dist/esm/client/app-dir...
[2026-09-27 14:14:14] [PROGRESS] resolve files> Scanning /Users/macbook/Octo/web/node_modules/next/dist/esm/client/compat...
[2026-09-27 14:14:14] [PROGRESS] resolve files> Scanning /Users/macbook/Octo/web/node_modules/next/dist/esm/client/portal...
[2026-09-27 14:14:14] [PROGRESS] resolve files> Scanning /Users/macbook/Octo/web/node_modules/next/dist/esm/client/legacy...
[2026-09-27 14:14:14] [PROGRESS] resolve files> Scanning /Users/macbook/Octo/web/node_modules/next/dist/esm/client/react-client-callbacks...
[2026-09-27 14:14:14] [PROGRESS] resolve files> Scanning /Users/macbook/Octo/web/node_modules/next/dist/esm/client/components...
[2026-09-27 14:14:14] [PROGRESS] resolve files> Scanning /Users/macbook/Octo/web/node_modules/next/dist/esm/client/components/router-reducer...
[2026-09-27 14:14:14] [PROGRESS] resolve files> Scanning /Users/macbook/Octo/web/node_modules/next/dist/esm/client/components/router-reducer/reducers...
[2026-09-27 14:14:14] [PROGRESS] resolve files> Scanning /Users/macbook/Octo/web/node_modules/next/dist/esm/client/components/http-access-fallback...
[2026-09-27 14:14:14] [PROGRESS] resolve files> Scanning /Users/macbook/Octo/web/node_modules/next/dist/esm/client/components/styles...
[2026-09-27 14:14:14] [PROGRESS] resolve files> Scanning /Users/macbook/Octo/web/node_modules/next/dist/esm/client/components/segment-cache-impl...
[2026-09-27 14:14:14] [PROGRESS] resolve files> Scanning /Users/macbook/Octo/web/node_modules/next/dist/esm/client/components/errors...
[2026-09-27 14:14:14] [PROGRESS] resolve files> Scanning /Users/macbook/Octo/web/node_modules/next/dist/esm/client/components/metadata...
[2026-09-27 14:14:14] [PROGRESS] resolve files> Scanning /Users/macbook/Octo/web/node_modules/next/dist/esm/client/components/builtin...
[2026-09-27 14:14:14] [PROGRESS] resolve files> Scanning /Users/macbook/Octo/web/node_modules/next/dist/esm/client/lib...
[2026-09-27 14:14:14] [PROGRESS] resolve files> Scanning /Users/macbook/Octo/web/node_modules/next/dist/esm/client/dev...
[2026-09-27 14:14:14] [PROGRESS] resolve files> Scanning /Users/macbook/Octo/web/node_modules/next/dist/esm/client/dev/error-overlay...
[2026-09-27 14:14:14] [PROGRESS] resolve files> Scanning /Users/macbook/Octo/web/node_modules/next/dist/esm/client/dev/hot-reloader...
[2026-09-27 14:14:14] [PROGRESS] resolve files> Scanning /Users/macbook/Octo/web/node_modules/next/dist/esm/client/dev/hot-reloader/app...
[2026-09-27 14:14:14] [PROGRESS] resolve files> Scanning /Users/macbook/Octo/web/node_modules/next/dist/esm/client/dev/hot-reloader/pages...
[2026-09-27 14:14:14] [PROGRESS] resolve files> Scanning /Users/macbook/Octo/web/node_modules/next/dist/esm/client/request...
[2026-09-27 14:14:14] [PROGRESS] resolve files> Scanning /Users/macbook/Octo/web/node_modules/next/dist/server...
[2026-09-27 14:14:14] [PROGRESS] resolve files> Scanning /Users/macbook/Octo/web/node_modules/next/dist/server/normalizers...
[2026-09-27 14:14:14] [PROGRESS] resolve files> Scanning /Users/macbook/Octo/web/node_modules/next/dist/server/normalizers/built...
[2026-09-27 14:14:14] [PROGRESS] resolve files> Scanning /Users/macbook/Octo/web/node_modules/next/dist/server/normalizers/built/app...
[2026-09-27 14:14:14] [PROGRESS] resolve files> Scanning /Users/macbook/Octo/web/node_modules/next/dist/server/normalizers/built/pages...
[2026-09-27 14:14:14] [PROGRESS] resolve files> Scanning /Users/macbook/Octo/web/node_modules/next/dist/server/normalizers/request...
[2026-09-27 14:14:14] [PROGRESS] resolve files> Scanning /Users/macbook/Octo/web/node_modules/next/dist/server/stream-utils...
[2026-09-27 14:14:14] [PROGRESS] resolve files> Scanning /Users/macbook/Octo/web/node_modules/next/dist/server/route-matches...
[2026-09-27 14:14:14] [PROGRESS] resolve files> Scanning /Users/macbook/Octo/web/node_modules/next/dist/server/async-storage...
[2026-09-27 14:14:14] [PROGRESS] resolve files> Scanning /Users/macbook/Octo/web/node_modules/next/dist/server/web...
[2026-09-27 14:14:14] [PROGRESS] resolve files> Scanning /Users/macbook/Octo/web/node_modules/next/dist/server/web/spec-extension...
[2026-09-27 14:14:14] [PROGRESS] resolve files> Scanning /Users/macbook/Octo/web/node_modules/next/dist/server/web/spec-extension/adapters...
[2026-09-27 14:14:14] [PROGRESS] resolve files> Scanning /Users/macbook/Octo/web/node_modules/next/dist/server/web/exports...
[2026-09-27 14:14:14] [PROGRESS] resolve files> Scanning /Users/macbook/Octo/web/node_modules/next/dist/server/web/sandbox...
[2026-09-27 14:14:14] [PROGRESS] resolve files> Scanning /Users/macbook/Octo/web/node_modules/next/dist/server/typescript...
[2026-09-27 14:14:14] [PROGRESS] resolve files> Scanning /Users/macbook/Octo/web/node_modules/next/dist/server/typescript/rules...
[2026-09-27 14:14:14] [PROGRESS] resolve files> Scanning /Users/macbook/Octo/web/node_modules/next/dist/server/resume-data-cache...
[2026-09-27 14:14:14] [PROGRESS] resolve files> Scanning /Users/macbook/Octo/web/node_modules/next/dist/server/instrumentation...
[2026-09-27 14:14:14] [PROGRESS] resolve files> Scanning /Users/macbook/Octo/web/node_modules/next/dist/server/app-render...
[2026-09-27 14:14:14] [PROGRESS] resolve files> Scanning /Users/macbook/Octo/web/node_modules/next/dist/server/app-render/metadata-insertion...
[2026-09-27 14:14:14] [PROGRESS] resolve files> Scanning /Users/macbook/Octo/web/node_modules/next/dist/server/app-render/module-loading...
[2026-09-27 14:14:14] [PROGRESS] resolve files> Scanning /Users/macbook/Octo/web/node_modules/next/dist/server/app-render/rsc...
[2026-09-27 14:14:14] [PROGRESS] resolve files> Scanning /Users/macbook/Octo/web/node_modules/next/dist/server/route-matchers...
[2026-09-27 14:14:14] [PROGRESS] resolve files> Scanning /Users/macbook/Octo/web/node_modules/next/dist/server/route-modules...
[2026-09-27 14:14:14] [PROGRESS] resolve files> Scanning /Users/macbook/Octo/web/node_modules/next/dist/server/route-modules/app-route...
[2026-09-27 14:14:14] [PROGRESS] resolve files> Scanning /Users/macbook/Octo/web/node_modules/next/dist/server/route-modules/app-route/helpers...
[2026-09-27 14:14:14] [PROGRESS] resolve files> Scanning /Users/macbook/Octo/web/node_modules/next/dist/server/route-modules/app-page...
[2026-09-27 14:14:14] [PROGRESS] resolve files> Scanning /Users/macbook/Octo/web/node_modules/next/dist/server/route-modules/app-page/vendored...
[2026-09-27 14:14:14] [PROGRESS] resolve files> Scanning /Users/macbook/Octo/web/node_modules/next/dist/server/route-modules/app-page/vendored/contexts...
[2026-09-27 14:14:14] [PROGRESS] resolve files> Scanning /Users/macbook/Octo/web/node_modules/next/dist/server/route-modules/app-page/vendored/ssr...
[2026-09-27 14:14:14] [PROGRESS] resolve files> Scanning /Users/macbook/Octo/web/node_modules/next/dist/server/route-modules/app-page/vendored/rsc...
[2026-09-27 14:14:14] [PROGRESS] resolve files> Scanning /Users/macbook/Octo/web/node_modules/next/dist/server/route-modules/app-page/helpers...
[2026-09-27 14:14:14] [PROGRESS] resolve files> Scanning /Users/macbook/Octo/web/node_modules/next/dist/server/route-modules/pages-api...
[2026-09-27 14:14:14] [PROGRESS] resolve files> Scanning /Users/macbook/Octo/web/node_modules/next/dist/server/route-modules/pages...
[2026-09-27 14:14:14] [PROGRESS] resolve files> Scanning /Users/macbook/Octo/web/node_modules/next/dist/server/route-modules/pages/vendored...
[2026-09-27 14:14:14] [PROGRESS] resolve files> Scanning /Users/macbook/Octo/web/node_modules/next/dist/server/route-modules/pages/vendored/contexts...
[2026-09-27 14:14:14] [PROGRESS] resolve files> Scanning /Users/macbook/Octo/web/node_modules/next/dist/server/route-modules/pages/builtin...
[2026-09-27 14:14:14] [PROGRESS] resolve files> Scanning /Users/macbook/Octo/web/node_modules/next/dist/server/route-matcher-managers...
[2026-09-27 14:14:14] [PROGRESS] resolve files> Scanning /Users/macbook/Octo/web/node_modules/next/dist/server/node-environment-extensions...
[2026-09-27 14:14:14] [PROGRESS] resolve files> Scanning /Users/macbook/Octo/web/node_modules/next/dist/server/route-matcher-providers...
[2026-09-27 14:14:14] [PROGRESS] resolve files> Scanning /Users/macbook/Octo/web/node_modules/next/dist/server/route-matcher-providers/dev...
[2026-09-27 14:14:14] [PROGRESS] resolve files> Scanning /Users/macbook/Octo/web/node_modules/next/dist/server/route-matcher-providers/dev/helpers...
[2026-09-27 14:14:14] [PROGRESS] resolve files> Scanning /Users/macbook/Octo/web/node_modules/next/dist/server/route-matcher-providers/dev/helpers/file-reader...
[2026-09-27 14:14:14] [PROGRESS] resolve files> Scanning /Users/macbook/Octo/web/node_modules/next/dist/server/route-matcher-providers/helpers...
[2026-09-27 14:14:14] [PROGRESS] resolve files> Scanning /Users/macbook/Octo/web/node_modules/next/dist/server/route-matcher-providers/helpers/manifest-loaders...
[2026-09-27 14:14:14] [PROGRESS] resolve files> Scanning /Users/macbook/Octo/web/node_modules/next/dist/server/lib...
[2026-09-27 14:14:14] [PROGRESS] resolve files> Scanning /Users/macbook/Octo/web/node_modules/next/dist/server/lib/server-ipc...
[2026-09-27 14:14:14] [PROGRESS] resolve files> Scanning /Users/macbook/Octo/web/node_modules/next/dist/server/lib/module-loader...
[2026-09-27 14:14:14] [PROGRESS] resolve files> Scanning /Users/macbook/Octo/web/node_modules/next/dist/server/lib/experimental...
[2026-09-27 14:14:14] [PROGRESS] resolve files> Scanning /Users/macbook/Octo/web/node_modules/next/dist/server/lib/trace...
[2026-09-27 14:14:14] [PROGRESS] resolve files> Scanning /Users/macbook/Octo/web/node_modules/next/dist/server/lib/incremental-cache...
[2026-09-27 14:14:14] [PROGRESS] resolve files> Scanning /Users/macbook/Octo/web/node_modules/next/dist/server/lib/cache-handlers...
[2026-09-27 14:14:14] [PROGRESS] resolve files> Scanning /Users/macbook/Octo/web/node_modules/next/dist/server/lib/router-utils...
[2026-09-27 14:14:14] [PROGRESS] resolve files> Scanning /Users/macbook/Octo/web/node_modules/next/dist/server/dev...
[2026-09-27 14:14:14] [PROGRESS] resolve files> Scanning /Users/macbook/Octo/web/node_modules/next/dist/server/dev/browser-logs...
[2026-09-27 14:14:14] [PROGRESS] resolve files> Scanning /Users/macbook/Octo/web/node_modules/next/dist/server/request...
[2026-09-27 14:14:14] [PROGRESS] resolve files> Scanning /Users/macbook/Octo/web/node_modules/next/dist/server/after...
[2026-09-27 14:14:14] [PROGRESS] resolve files> Scanning /Users/macbook/Octo/web/node_modules/next/dist/server/route-definitions...
[2026-09-27 14:14:14] [PROGRESS] resolve files> Scanning /Users/macbook/Octo/web/node_modules/next/dist/server/og...
[2026-09-27 14:14:14] [PROGRESS] resolve files> Scanning /Users/macbook/Octo/web/node_modules/next/dist/server/use-cache...
[2026-09-27 14:14:14] [PROGRESS] resolve files> Scanning /Users/macbook/Octo/web/node_modules/next/dist/server/base-http...
[2026-09-27 14:14:14] [PROGRESS] resolve files> Scanning /Users/macbook/Octo/web/node_modules/next/dist/server/response-cache...
[2026-09-27 14:14:14] [PROGRESS] resolve files> Scanning /Users/macbook/Octo/web/node_modules/next/dist/server/api-utils...
[2026-09-27 14:14:14] [PROGRESS] resolve files> Scanning /Users/macbook/Octo/web/node_modules/next/dist/server/api-utils/node...
[2026-09-27 14:14:14] [PROGRESS] resolve files> Scanning /Users/macbook/Octo/web/node_modules/next/dist/compiled...
[2026-09-27 14:14:14] [PROGRESS] resolve files> Scanning /Users/macbook/Octo/web/node_modules/next/dist/compiled/is-docker...
[2026-09-27 14:14:14] [PROGRESS] resolve files> Scanning /Users/macbook/Octo/web/node_modules/next/dist/compiled/babel-packages...
[2026-09-27 14:14:14] [PROGRESS] resolve files> Scanning /Users/macbook/Octo/web/node_modules/next/dist/compiled/zod...
[2026-09-27 14:14:14] [PROGRESS] resolve files> Scanning /Users/macbook/Octo/web/node_modules/next/dist/compiled/constants-browserify...
[2026-09-27 14:14:14] [PROGRESS] resolve files> Scanning /Users/macbook/Octo/web/node_modules/next/dist/compiled/anser...
[2026-09-27 14:14:14] [PROGRESS] resolve files> Scanning /Users/macbook/Octo/web/node_modules/next/dist/compiled/browserslist...
[2026-09-27 14:14:14] [PROGRESS] resolve files> Scanning /Users/macbook/Octo/web/node_modules/next/dist/compiled/is-wsl...
[2026-09-27 14:14:14] [PROGRESS] resolve files> Scanning /Users/macbook/Octo/web/node_modules/next/dist/compiled/webpack-sources3...
[2026-09-27 14:14:14] [PROGRESS] resolve files> Scanning /Users/macbook/Octo/web/node_modules/next/dist/compiled/jest-worker...
[2026-09-27 14:14:14] [PROGRESS] resolve files> Scanning /Users/macbook/Octo/web/node_modules/next/dist/compiled/stacktrace-parser...
[2026-09-27 14:14:14] [PROGRESS] resolve files> Scanning /Users/macbook/Octo/web/node_modules/next/dist/compiled/cli-select...
[2026-09-27 14:14:14] [PROGRESS] resolve files> Scanning /Users/macbook/Octo/web/node_modules/next/dist/compiled/tty-browserify...
[2026-09-27 14:14:14] [PROGRESS] resolve files> Scanning /Users/macbook/Octo/web/node_modules/next/dist/compiled/strip-ansi...
[2026-09-27 14:14:14] [PROGRESS] resolve files> Scanning /Users/macbook/Octo/web/node_modules/next/dist/compiled/react-experimental...
[2026-09-27 14:14:14] [PROGRESS] resolve files> Scanning /Users/macbook/Octo/web/node_modules/next/dist/compiled/react-experimental/cjs...
[2026-09-27 14:14:14] [PROGRESS] resolve files> Scanning /Users/macbook/Octo/web/node_modules/next/dist/compiled/content-type...
[2026-09-27 14:14:14] [PROGRESS] resolve files> Scanning /Users/macbook/Octo/web/node_modules/next/dist/compiled/async-sema...
[2026-09-27 14:14:14] [PROGRESS] resolve files> Scanning /Users/macbook/Octo/web/node_modules/next/dist/compiled/react-is...
[2026-09-27 14:14:14] [PROGRESS] resolve files> Scanning /Users/macbook/Octo/web/node_modules/next/dist/compiled/react-is/cjs...
[2026-09-27 14:14:14] [PROGRESS] resolve files> Scanning /Users/macbook/Octo/web/node_modules/next/dist/compiled/content-disposition...
[2026-09-27 14:14:14] [PROGRESS] resolve files> Scanning /Users/macbook/Octo/web/node_modules/next/dist/compiled/web-vitals...
[2026-09-27 14:14:14] [PROGRESS] resolve files> Scanning /Users/macbook/Octo/web/node_modules/next/dist/compiled/vm-browserify...
[2026-09-27 14:14:14] [PROGRESS] resolve files> Scanning /Users/macbook/Octo/web/node_modules/next/dist/compiled/lru-cache...
[2026-09-27 14:14:14] [PROGRESS] resolve files> Scanning /Users/macbook/Octo/web/node_modules/next/dist/compiled/sass-loader...
[2026-09-27 14:14:14] [PROGRESS] resolve files> Scanning /Users/macbook/Octo/web/node_modules/next/dist/compiled/commander...
[2026-09-27 14:14:14] [PROGRESS] resolve files> Scanning /Users/macbook/Octo/web/node_modules/next/dist/compiled/punycode...
[2026-09-27 14:14:14] [PROGRESS] resolve files> Scanning /Users/macbook/Octo/web/node_modules/next/dist/compiled/ci-info...
[2026-09-27 14:14:14] [PROGRESS] resolve files> Scanning /Users/macbook/Octo/web/node_modules/next/dist/compiled/loader-utils3...
[2026-09-27 14:14:14] [PROGRESS] resolve files> Scanning /Users/macbook/Octo/web/node_modules/next/dist/compiled/text-table...
[2026-09-27 14:14:14] [PROGRESS] resolve files> Scanning /Users/macbook/Octo/web/node_modules/next/dist/compiled/react-server-dom-turbopack-experimental...
[2026-09-27 14:14:14] [PROGRESS] resolve files> Scanning /Users/macbook/Octo/web/node_modules/next/dist/compiled/react-server-dom-turbopack-experimental/cjs...
[2026-09-27 14:14:14] [PROGRESS] resolve files> Scanning /Users/macbook/Octo/web/node_modules/next/dist/compiled/bytes...
[2026-09-27 14:14:14] [PROGRESS] resolve files> Scanning /Users/macbook/Octo/web/node_modules/next/dist/compiled/util...
[2026-09-27 14:14:14] [PROGRESS] resolve files> Scanning /Users/macbook/Octo/web/node_modules/next/dist/compiled/@opentelemetry...
[2026-09-27 14:14:14] [PROGRESS] resolve files> Scanning /Users/macbook/Octo/web/node_modules/next/dist/compiled/@opentelemetry/api...
[2026-09-27 14:14:14] [PROGRESS] resolve files> Scanning /Users/macbook/Octo/web/node_modules/next/dist/compiled/watchpack...
[2026-09-27 14:14:14] [PROGRESS] resolve files> Scanning /Users/macbook/Octo/web/node_modules/next/dist/compiled/nanoid...
[2026-09-27 14:14:14] [PROGRESS] resolve files> Scanning /Users/macbook/Octo/web/node_modules/next/dist/compiled/loader-utils2...
[2026-09-27 14:14:14] [PROGRESS] resolve files> Scanning /Users/macbook/Octo/web/node_modules/next/dist/compiled/string-hash...
[2026-09-27 14:14:14] [PROGRESS] resolve files> Scanning /Users/macbook/Octo/web/node_modules/next/dist/compiled/acorn...
[2026-09-27 14:14:14] [PROGRESS] resolve files> Scanning /Users/macbook/Octo/web/node_modules/next/dist/compiled/regenerator-runtime...
[2026-09-27 14:14:14] [PROGRESS] resolve files> Scanning /Users/macbook/Octo/web/node_modules/next/dist/compiled/timers-browserify...
[2026-09-27 14:14:14] [PROGRESS] resolve files> Scanning /Users/macbook/Octo/web/node_modules/next/dist/compiled/browserify-zlib...
[2026-09-27 14:14:14] [PROGRESS] resolve files> Scanning /Users/macbook/Octo/web/node_modules/next/dist/compiled/react-server-dom-turbopack...
[2026-09-27 14:14:14] [PROGRESS] resolve files> Scanning /Users/macbook/Octo/web/node_modules/next/dist/compiled/react-server-dom-turbopack/cjs...
[2026-09-27 14:14:14] [PROGRESS] resolve files> Scanning /Users/macbook/Octo/web/node_modules/next/dist/compiled/ignore-loader...
[2026-09-27 14:14:14] [PROGRESS] resolve files> Scanning /Users/macbook/Octo/web/node_modules/next/dist/compiled/unistore...
[2026-09-27 14:14:14] [PROGRESS] resolve files> Scanning /Users/macbook/Octo/web/node_modules/next/dist/compiled/string_decoder...
[2026-09-27 14:14:14] [PROGRESS] resolve files> Scanning /Users/macbook/Octo/web/node_modules/next/dist/compiled/superstruct...
[2026-09-27 14:14:14] [PROGRESS] resolve files> Scanning /Users/macbook/Octo/web/node_modules/next/dist/compiled/icss-utils...
[2026-09-27 14:14:14] [PROGRESS] resolve files> Scanning /Users/macbook/Octo/web/node_modules/next/dist/compiled/picomatch...
[2026-09-27 14:14:14] [PROGRESS] resolve files> Scanning /Users/macbook/Octo/web/node_modules/next/dist/compiled/comment-json...
[2026-09-27 14:14:14] [PROGRESS] resolve files> Scanning /Users/macbook/Octo/web/node_modules/next/dist/compiled/stream-http...
[2026-09-27 14:14:14] [PROGRESS] resolve files> Scanning /Users/macbook/Octo/web/node_modules/next/dist/compiled/postcss-scss...
[2026-09-27 14:14:14] [PROGRESS] resolve files> Scanning /Users/macbook/Octo/web/node_modules/next/dist/compiled/@ampproject...
[2026-09-27 14:14:14] [PROGRESS] resolve files> Scanning /Users/macbook/Octo/web/node_modules/next/dist/compiled/@ampproject/toolbox-optimizer...
[2026-09-27 14:14:14] [PROGRESS] resolve files> Scanning /Users/macbook/Octo/web/node_modules/next/dist/compiled/ora...
[2026-09-27 14:14:14] [PROGRESS] resolve files> Scanning /Users/macbook/Octo/web/node_modules/next/dist/compiled/jsonwebtoken...
[2026-09-27 14:14:14] [PROGRESS] resolve files> Scanning /Users/macbook/Octo/web/node_modules/next/dist/compiled/cssnano-simple...
[2026-09-27 14:14:14] [PROGRESS] resolve files> Scanning /Users/macbook/Octo/web/node_modules/next/dist/compiled/fresh...
[2026-09-27 14:14:14] [PROGRESS] resolve files> Scanning /Users/macbook/Octo/web/node_modules/next/dist/compiled/path-browserify...
[2026-09-27 14:14:14] [PROGRESS] resolve files> Scanning /Users/macbook/Octo/web/node_modules/next/dist/compiled/setimmediate...
[2026-09-27 14:14:14] [PROGRESS] resolve files> Scanning /Users/macbook/Octo/web/node_modules/next/dist/compiled/querystring-es3...
[2026-09-27 14:14:14] [PROGRESS] resolve files> Scanning /Users/macbook/Octo/web/node_modules/next/dist/compiled/scheduler...
[2026-09-27 14:14:14] [PROGRESS] resolve files> Scanning /Users/macbook/Octo/web/node_modules/next/dist/compiled/scheduler/cjs...
[2026-09-27 14:14:14] [PROGRESS] resolve files> Scanning /Users/macbook/Octo/web/node_modules/next/dist/compiled/os-browserify...
[2026-09-27 14:14:14] [PROGRESS] resolve files> Scanning /Users/macbook/Octo/web/node_modules/next/dist/compiled/postcss-preset-env...
[2026-09-27 14:14:14] [PROGRESS] resolve files> Scanning /Users/macbook/Octo/web/node_modules/next/dist/compiled/path-to-regexp...
[2026-09-27 14:14:14] [PROGRESS] resolve files> Scanning /Users/macbook/Octo/web/node_modules/next/dist/compiled/p-limit...
[2026-09-27 14:14:14] [PROGRESS] resolve files> Scanning /Users/macbook/Octo/web/node_modules/next/dist/compiled/babel-code-frame...
[2026-09-27 14:14:14] [PROGRESS] resolve files> Scanning /Users/macbook/Octo/web/node_modules/next/dist/compiled/server-only...
[2026-09-27 14:14:14] [PROGRESS] resolve files> Scanning /Users/macbook/Octo/web/node_modules/next/dist/compiled/react-refresh...
[2026-09-27 14:14:14] [PROGRESS] resolve files> Scanning /Users/macbook/Octo/web/node_modules/next/dist/compiled/react-refresh/cjs...
[2026-09-27 14:14:14] [PROGRESS] resolve files> Scanning /Users/macbook/Octo/web/node_modules/next/dist/compiled/postcss-plugin-stub-for-cssnano-simple...
[2026-09-27 14:14:14] [PROGRESS] resolve files> Scanning /Users/macbook/Octo/web/node_modules/next/dist/compiled/find-up...
[2026-09-27 14:14:14] [PROGRESS] resolve files> Scanning /Users/macbook/Octo/web/node_modules/next/dist/compiled/assert...
[2026-09-27 14:14:14] [PROGRESS] resolve files> Scanning /Users/macbook/Octo/web/node_modules/next/dist/compiled/next-server...
[2026-09-27 14:14:14] [PROGRESS] resolve files> Scanning /Users/macbook/Octo/web/node_modules/next/dist/compiled/postcss-modules-local-by-default...
[2026-09-27 14:14:14] [PROGRESS] resolve files> Scanning /Users/macbook/Octo/web/node_modules/next/dist/compiled/react-server-dom-webpack-experimental...
[2026-09-27 14:14:14] [PROGRESS] resolve files> Scanning /Users/macbook/Octo/web/node_modules/next/dist/compiled/react-server-dom-webpack-experimental/cjs...
[2026-09-27 14:14:14] [PROGRESS] resolve files> Scanning /Users/macbook/Octo/web/node_modules/next/dist/compiled/postcss-modules-values...
[2026-09-27 14:14:14] [PROGRESS] resolve files> Scanning /Users/macbook/Octo/web/node_modules/next/dist/compiled/@mswjs...
[2026-09-27 14:14:14] [PROGRESS] resolve files> Scanning /Users/macbook/Octo/web/node_modules/next/dist/compiled/@mswjs/interceptors...
[2026-09-27 14:14:14] [PROGRESS] resolve files> Scanning /Users/macbook/Octo/web/node_modules/next/dist/compiled/@mswjs/interceptors/ClientRequest...
[2026-09-27 14:14:14] [PROGRESS] resolve files> Scanning /Users/macbook/Octo/web/node_modules/next/dist/compiled/next-devtools...
[2026-09-27 14:14:14] [PROGRESS] resolve files> Scanning /Users/macbook/Octo/web/node_modules/next/dist/compiled/crypto-browserify...
[2026-09-27 14:14:14] [PROGRESS] resolve files> Scanning /Users/macbook/Octo/web/node_modules/next/dist/compiled/lodash.curry...
[2026-09-27 14:14:14] [PROGRESS] resolve files> Scanning /Users/macbook/Octo/web/node_modules/next/dist/compiled/stream-browserify...
[2026-09-27 14:14:14] [PROGRESS] resolve files> Scanning /Users/macbook/Octo/web/node_modules/next/dist/compiled/gzip-size...
[2026-09-27 14:14:14] [PROGRESS] resolve files> Scanning /Users/macbook/Octo/web/node_modules/next/dist/compiled/react-dom...
[2026-09-27 14:14:14] [PROGRESS] resolve files> Scanning /Users/macbook/Octo/web/node_modules/next/dist/compiled/react-dom/cjs...
[2026-09-27 14:14:14] [PROGRESS] resolve files> Scanning /Users/macbook/Octo/web/node_modules/next/dist/compiled/webpack...
[2026-09-27 14:14:14] [PROGRESS] resolve files> Scanning /Users/macbook/Octo/web/node_modules/next/dist/compiled/babel...
[2026-09-27 14:14:14] [PROGRESS] resolve files> Scanning /Users/macbook/Octo/web/node_modules/next/dist/compiled/webpack-sources1...
[2026-09-27 14:14:14] [PROGRESS] resolve files> Scanning /Users/macbook/Octo/web/node_modules/next/dist/compiled/image-detector...
[2026-09-27 14:14:14] [PROGRESS] resolve files> Scanning /Users/macbook/Octo/web/node_modules/next/dist/compiled/@napi-rs...
[2026-09-27 14:14:14] [PROGRESS] resolve files> Scanning /Users/macbook/Octo/web/node_modules/next/dist/compiled/@napi-rs/triples...
[2026-09-27 14:14:14] [PROGRESS] resolve files> Scanning /Users/macbook/Octo/web/node_modules/next/dist/compiled/raw-body...
[2026-09-27 14:14:14] [PROGRESS] resolve files> Scanning /Users/macbook/Octo/web/node_modules/next/dist/compiled/semver...
[2026-09-27 14:14:14] [PROGRESS] resolve files> Scanning /Users/macbook/Octo/web/node_modules/next/dist/compiled/postcss-value-parser...
[2026-09-27 14:14:14] [PROGRESS] resolve files> Scanning /Users/macbook/Octo/web/node_modules/next/dist/compiled/safe-stable-stringify...
[2026-09-27 14:14:14] [PROGRESS] resolve files> Scanning /Users/macbook/Octo/web/node_modules/next/dist/compiled/postcss-modules-scope...
[2026-09-27 14:14:14] [PROGRESS] resolve files> Scanning /Users/macbook/Octo/web/node_modules/next/dist/compiled/@edge-runtime...
[2026-09-27 14:14:14] [PROGRESS] resolve files> Scanning /Users/macbook/Octo/web/node_modules/next/dist/compiled/@edge-runtime/ponyfill...
[2026-09-27 14:14:14] [PROGRESS] resolve files> Scanning /Users/macbook/Octo/web/node_modules/next/dist/compiled/@edge-runtime/primitives...
[2026-09-27 14:14:14] [PROGRESS] resolve files> Scanning /Users/macbook/Octo/web/node_modules/next/dist/compiled/@edge-runtime/cookies...
[2026-09-27 14:14:14] [PROGRESS] resolve files> Scanning /Users/macbook/Octo/web/node_modules/next/dist/compiled/zod-validation-error...
[2026-09-27 14:14:14] [PROGRESS] resolve files> Scanning /Users/macbook/Octo/web/node_modules/next/dist/compiled/react-server-dom-webpack...
[2026-09-27 14:14:14] [PROGRESS] resolve files> Scanning /Users/macbook/Octo/web/node_modules/next/dist/compiled/react-server-dom-webpack/cjs...
[2026-09-27 14:14:14] [PROGRESS] resolve files> Scanning /Users/macbook/Octo/web/node_modules/next/dist/compiled/client-only...
[2026-09-27 14:14:14] [PROGRESS] resolve files> Scanning /Users/macbook/Octo/web/node_modules/next/dist/compiled/@babel...
[2026-09-27 14:14:14] [PROGRESS] resolve files> Scanning /Users/macbook/Octo/web/node_modules/next/dist/compiled/@babel/runtime...
[2026-09-27 14:14:14] [PROGRESS] resolve files> Scanning /Users/macbook/Octo/web/node_modules/next/dist/compiled/@babel/runtime/regenerator...
[2026-09-27 14:14:14] [PROGRESS] resolve files> Scanning /Users/macbook/Octo/web/node_modules/next/dist/compiled/@babel/runtime/helpers...
[2026-09-27 14:14:14] [PROGRESS] resolve files> Scanning /Users/macbook/Octo/web/node_modules/next/dist/compiled/@babel/runtime/helpers/esm...
[2026-09-27 14:14:14] [PROGRESS] resolve files> Scanning /Users/macbook/Octo/web/node_modules/next/dist/compiled/shell-quote...
[2026-09-27 14:14:14] [PROGRESS] resolve files> Scanning /Users/macbook/Octo/web/node_modules/next/dist/compiled/image-size...
[2026-09-27 14:14:14] [PROGRESS] resolve files> Scanning /Users/macbook/Octo/web/node_modules/next/dist/compiled/compression...
[2026-09-27 14:14:14] [PROGRESS] resolve files> Scanning /Users/macbook/Octo/web/node_modules/next/dist/compiled/json5...
[2026-09-27 14:14:14] [PROGRESS] resolve files> Scanning /Users/macbook/Octo/web/node_modules/next/dist/compiled/postcss-modules-extract-imports...
[2026-09-27 14:14:14] [PROGRESS] resolve files> Scanning /Users/macbook/Octo/web/node_modules/next/dist/compiled/cross-spawn...
[2026-09-27 14:14:14] [PROGRESS] resolve files> Scanning /Users/macbook/Octo/web/node_modules/next/dist/compiled/ua-parser-js...
[2026-09-27 14:14:14] [PROGRESS] resolve files> Scanning /Users/macbook/Octo/web/node_modules/next/dist/compiled/native-url...
[2026-09-27 14:14:14] [PROGRESS] resolve files> Scanning /Users/macbook/Octo/web/node_modules/next/dist/compiled/source-map08...
[2026-09-27 14:14:14] [PROGRESS] resolve files> Scanning /Users/macbook/Octo/web/node_modules/next/dist/compiled/glob...
[2026-09-27 14:14:14] [PROGRESS] resolve files> Scanning /Users/macbook/Octo/web/node_modules/next/dist/compiled/cookie...
[2026-09-27 14:14:14] [PROGRESS] resolve files> Scanning /Users/macbook/Octo/web/node_modules/next/dist/compiled/neo-async...
[2026-09-27 14:14:14] [PROGRESS] resolve files> Scanning /Users/macbook/Octo/web/node_modules/next/dist/compiled/mini-css-extract-plugin...
[2026-09-27 14:14:14] [PROGRESS] resolve files> Scanning /Users/macbook/Octo/web/node_modules/next/dist/compiled/mini-css-extract-plugin/hmr...
[2026-09-27 14:14:14] [PROGRESS] resolve files> Scanning /Users/macbook/Octo/web/node_modules/next/dist/compiled/source-map...
[2026-09-27 14:14:14] [PROGRESS] resolve files> Scanning /Users/macbook/Octo/web/node_modules/next/dist/compiled/schema-utils3...
[2026-09-27 14:14:14] [PROGRESS] resolve files> Scanning /Users/macbook/Octo/web/node_modules/next/dist/compiled/is-animated...
[2026-09-27 14:14:14] [PROGRESS] resolve files> Scanning /Users/macbook/Octo/web/node_modules/next/dist/compiled/@next...
[2026-09-27 14:14:14] [PROGRESS] resolve files> Scanning /Users/macbook/Octo/web/node_modules/next/dist/compiled/@next/react-refresh-utils...
[2026-09-27 14:14:14] [PROGRESS] resolve files> Scanning /Users/macbook/Octo/web/node_modules/next/dist/compiled/@next/react-refresh-utils/dist...
[2026-09-27 14:14:14] [PROGRESS] resolve files> Scanning /Users/macbook/Octo/web/node_modules/next/dist/compiled/@next/react-refresh-utils/dist/internal...
[2026-09-27 14:14:14] [PROGRESS] resolve files> Scanning /Users/macbook/Octo/web/node_modules/next/dist/compiled/@next/font...
[2026-09-27 14:14:14] [PROGRESS] resolve files> Scanning /Users/macbook/Octo/web/node_modules/next/dist/compiled/@next/font/dist...
[2026-09-27 14:14:14] [PROGRESS] resolve files> Scanning /Users/macbook/Octo/web/node_modules/next/dist/compiled/@next/font/dist/google...
[2026-09-27 14:14:14] [PROGRESS] resolve files> Scanning /Users/macbook/Octo/web/node_modules/next/dist/compiled/@next/font/dist/fontkit...
[2026-09-27 14:14:14] [PROGRESS] resolve files> Scanning /Users/macbook/Octo/web/node_modules/next/dist/compiled/@next/font/dist/local...
[2026-09-27 14:14:14] [PROGRESS] resolve files> Scanning /Users/macbook/Octo/web/node_modules/next/dist/compiled/@next/font/google...
[2026-09-27 14:14:14] [PROGRESS] resolve files> Scanning /Users/macbook/Octo/web/node_modules/next/dist/compiled/@next/font/local...
[2026-09-27 14:14:14] [PROGRESS] resolve files> Scanning /Users/macbook/Octo/web/node_modules/next/dist/compiled/async-retry...
[2026-09-27 14:14:14] [PROGRESS] resolve files> Scanning /Users/macbook/Octo/web/node_modules/next/dist/compiled/busboy...
[2026-09-27 14:14:14] [PROGRESS] resolve files> Scanning /Users/macbook/Octo/web/node_modules/next/dist/compiled/@vercel...
[2026-09-27 14:14:14] [PROGRESS] resolve files> Scanning /Users/macbook/Octo/web/node_modules/next/dist/compiled/@vercel/nft...
[2026-09-27 14:14:14] [PROGRESS] resolve files> Scanning /Users/macbook/Octo/web/node_modules/next/dist/compiled/@vercel/og...
[2026-09-27 14:14:14] [PROGRESS] resolve files> Scanning /Users/macbook/Octo/web/node_modules/next/dist/compiled/@vercel/og/emoji...
[2026-09-27 14:14:14] [PROGRESS] resolve files> Scanning /Users/macbook/Octo/web/node_modules/next/dist/compiled/@vercel/og/language...
[2026-09-27 14:14:14] [PROGRESS] resolve files> Scanning /Users/macbook/Octo/web/node_modules/next/dist/compiled/@vercel/og/figma...
[2026-09-27 14:14:14] [PROGRESS] resolve files> Scanning /Users/macbook/Octo/web/node_modules/next/dist/compiled/@vercel/og/satori...
[2026-09-27 14:14:14] [PROGRESS] resolve files> Scanning /Users/macbook/Octo/web/node_modules/next/dist/compiled/https-proxy-agent...
[2026-09-27 14:14:14] [PROGRESS] resolve files> Scanning /Users/macbook/Octo/web/node_modules/next/dist/compiled/events...
[2026-09-27 14:14:14] [PROGRESS] resolve files> Scanning /Users/macbook/Octo/web/node_modules/next/dist/compiled/terser...
[2026-09-27 14:14:14] [PROGRESS] resolve files> Scanning /Users/macbook/Octo/web/node_modules/next/dist/compiled/node-html-parser...
[2026-09-27 14:14:14] [PROGRESS] resolve files> Scanning /Users/macbook/Octo/web/node_modules/next/dist/compiled/postcss-flexbugs-fixes...
[2026-09-27 14:14:14] [PROGRESS] resolve files> Scanning /Users/macbook/Octo/web/node_modules/next/dist/compiled/https-browserify...
[2026-09-27 14:14:14] [PROGRESS] resolve files> Scanning /Users/macbook/Octo/web/node_modules/next/dist/compiled/http-proxy-agent...
[2026-09-27 14:14:14] [PROGRESS] resolve files> Scanning /Users/macbook/Octo/web/node_modules/next/dist/compiled/postcss-safe-parser...
[2026-09-27 14:14:14] [PROGRESS] resolve files> Scanning /Users/macbook/Octo/web/node_modules/next/dist/compiled/schema-utils2...
[2026-09-27 14:14:14] [PROGRESS] resolve files> Scanning /Users/macbook/Octo/web/node_modules/next/dist/compiled/send...
[2026-09-27 14:14:14] [PROGRESS] resolve files> Scanning /Users/macbook/Octo/web/node_modules/next/dist/compiled/data-uri-to-buffer...
[2026-09-27 14:14:14] [PROGRESS] resolve files> Scanning /Users/macbook/Octo/web/node_modules/next/dist/compiled/domain-browser...
[2026-09-27 14:14:14] [PROGRESS] resolve files> Scanning /Users/macbook/Octo/web/node_modules/next/dist/compiled/conf...
[2026-09-27 14:14:14] [PROGRESS] resolve files> Scanning /Users/macbook/Octo/web/node_modules/next/dist/compiled/css.escape...
[2026-09-27 14:14:14] [PROGRESS] resolve files> Scanning /Users/macbook/Octo/web/node_modules/next/dist/compiled/tar...
[2026-09-27 14:14:14] [PROGRESS] resolve files> Scanning /Users/macbook/Octo/web/node_modules/next/dist/compiled/http-proxy...
[2026-09-27 14:14:14] [PROGRESS] resolve files> Scanning /Users/macbook/Octo/web/node_modules/next/dist/compiled/@hapi...
[2026-09-27 14:14:14] [PROGRESS] resolve files> Scanning /Users/macbook/Octo/web/node_modules/next/dist/compiled/@hapi/accept...
[2026-09-27 14:14:14] [PROGRESS] resolve files> Scanning /Users/macbook/Octo/web/node_modules/next/dist/compiled/react...
[2026-09-27 14:14:14] [PROGRESS] resolve files> Scanning /Users/macbook/Octo/web/node_modules/next/dist/compiled/react/cjs...
[2026-09-27 14:14:14] [PROGRESS] resolve files> Scanning /Users/macbook/Octo/web/node_modules/next/dist/compiled/p-queue...
[2026-09-27 14:14:14] [PROGRESS] resolve files> Scanning /Users/macbook/Octo/web/node_modules/next/dist/compiled/amphtml-validator...
[2026-09-27 14:14:14] [PROGRESS] resolve files> Scanning /Users/macbook/Octo/web/node_modules/next/dist/compiled/devalue...
[2026-09-27 14:14:14] [PROGRESS] resolve files> Scanning /Users/macbook/Octo/web/node_modules/next/dist/compiled/loader-runner...
[2026-09-27 14:14:14] [PROGRESS] resolve files> Scanning /Users/macbook/Octo/web/node_modules/next/dist/compiled/ws...
[2026-09-27 14:14:14] [PROGRESS] resolve files> Scanning /Users/macbook/Octo/web/node_modules/next/dist/compiled/react-dom-experimental...
[2026-09-27 14:14:14] [PROGRESS] resolve files> Scanning /Users/macbook/Octo/web/node_modules/next/dist/compiled/react-dom-experimental/cjs...
[2026-09-27 14:14:14] [PROGRESS] resolve files> Scanning /Users/macbook/Octo/web/node_modules/next/dist/compiled/process...
[2026-09-27 14:14:14] [PROGRESS] resolve files> Scanning /Users/macbook/Octo/web/node_modules/next/dist/compiled/edge-runtime...
[2026-09-27 14:14:14] [PROGRESS] resolve files> Scanning /Users/macbook/Octo/web/node_modules/next/dist/compiled/debug...
[2026-09-27 14:14:14] [PROGRESS] resolve files> Scanning /Users/macbook/Octo/web/node_modules/next/dist/compiled/buffer...
[2026-09-27 14:14:14] [PROGRESS] resolve files> Scanning /Users/macbook/Octo/web/node_modules/next/dist/compiled/scheduler-experimental...
[2026-09-27 14:14:14] [PROGRESS] resolve files> Scanning /Users/macbook/Octo/web/node_modules/next/dist/compiled/scheduler-experimental/cjs...
[2026-09-27 14:14:14] [PROGRESS] resolve files> Scanning /Users/macbook/Octo/web/node_modules/next/dist/compiled/web-vitals-attribution...
[2026-09-27 14:14:14] [PROGRESS] resolve files> Scanning /Users/macbook/Octo/web/node_modules/next/dist/shared...
[2026-09-27 14:14:14] [PROGRESS] resolve files> Scanning /Users/macbook/Octo/web/node_modules/next/dist/shared/lib...
[2026-09-27 14:14:14] [PROGRESS] resolve files> Scanning /Users/macbook/Octo/web/node_modules/next/dist/shared/lib/segment-cache...
[2026-09-27 14:14:14] [PROGRESS] resolve files> Scanning /Users/macbook/Octo/web/node_modules/next/dist/shared/lib/page-path...
[2026-09-27 14:14:14] [PROGRESS] resolve files> Scanning /Users/macbook/Octo/web/node_modules/next/dist/shared/lib/isomorphic...
[2026-09-27 14:14:14] [PROGRESS] resolve files> Scanning /Users/macbook/Octo/web/node_modules/next/dist/shared/lib/turbopack...
[2026-09-27 14:14:14] [PROGRESS] resolve files> Scanning /Users/macbook/Octo/web/node_modules/next/dist/shared/lib/utils...
[2026-09-27 14:14:14] [PROGRESS] resolve files> Scanning /Users/macbook/Octo/web/node_modules/next/dist/shared/lib/lazy-dynamic...
[2026-09-27 14:14:14] [PROGRESS] resolve files> Scanning /Users/macbook/Octo/web/node_modules/next/dist/shared/lib/errors...
[2026-09-27 14:14:14] [PROGRESS] resolve files> Scanning /Users/macbook/Octo/web/node_modules/next/dist/shared/lib/i18n...
[2026-09-27 14:14:14] [PROGRESS] resolve files> Scanning /Users/macbook/Octo/web/node_modules/next/dist/shared/lib/router...
[2026-09-27 14:14:14] [PROGRESS] resolve files> Scanning /Users/macbook/Octo/web/node_modules/next/dist/shared/lib/router/utils...
[2026-09-27 14:14:14] [PROGRESS] resolve files> Scanning /Users/macbook/Octo/web/node_modules/next/dist/cli...
[2026-09-27 14:14:14] [PROGRESS] resolve files> Scanning /Users/macbook/Octo/web/node_modules/next/dist/cli/internal...
[2026-09-27 14:14:14] [PROGRESS] resolve files> Scanning /Users/macbook/Octo/web/node_modules/next/dist/next-devtools...
[2026-09-27 14:14:14] [PROGRESS] resolve files> Scanning /Users/macbook/Octo/web/node_modules/next/dist/next-devtools/server...
[2026-09-27 14:14:14] [PROGRESS] resolve files> Scanning /Users/macbook/Octo/web/node_modules/next/dist/next-devtools/server/font...
[2026-09-27 14:14:14] [PROGRESS] resolve files> Scanning /Users/macbook/Octo/web/node_modules/next/dist/next-devtools/shared...
[2026-09-27 14:14:14] [PROGRESS] resolve files> Scanning /Users/macbook/Octo/web/node_modules/next/dist/next-devtools/dev-overlay...
[2026-09-27 14:14:14] [PROGRESS] resolve files> Scanning /Users/macbook/Octo/web/node_modules/next/dist/next-devtools/dev-overlay/panel...
[2026-09-27 14:14:14] [PROGRESS] resolve files> Scanning /Users/macbook/Octo/web/node_modules/next/dist/next-devtools/dev-overlay/utils...
[2026-09-27 14:14:14] [PROGRESS] resolve files> Scanning /Users/macbook/Octo/web/node_modules/next/dist/next-devtools/dev-overlay/container...
[2026-09-27 14:14:14] [PROGRESS] resolve files> Scanning /Users/macbook/Octo/web/node_modules/next/dist/next-devtools/dev-overlay/container/runtime-error...
[2026-09-27 14:14:14] [PROGRESS] resolve files> Scanning /Users/macbook/Octo/web/node_modules/next/dist/next-devtools/dev-overlay/styles...
[2026-09-27 14:14:14] [PROGRESS] resolve files> Scanning /Users/macbook/Octo/web/node_modules/next/dist/next-devtools/dev-overlay/components...
[2026-09-27 14:14:14] [PROGRESS] resolve files> Scanning /Users/macbook/Octo/web/node_modules/next/dist/next-devtools/dev-overlay/components/tooltip...
[2026-09-27 14:14:14] [PROGRESS] resolve files> Scanning /Users/macbook/Octo/web/node_modules/next/dist/next-devtools/dev-overlay/components/devtools-indicator...
[2026-09-27 14:14:14] [PROGRESS] resolve files> Scanning /Users/macbook/Octo/web/node_modules/next/dist/next-devtools/dev-overlay/components/devtools-indicator/hooks...
[2026-09-27 14:14:14] [PROGRESS] resolve files> Scanning /Users/macbook/Octo/web/node_modules/next/dist/next-devtools/dev-overlay/components/copy-button...
[2026-09-27 14:14:14] [PROGRESS] resolve files> Scanning /Users/macbook/Octo/web/node_modules/next/dist/next-devtools/dev-overlay/components/toast...
[2026-09-27 14:14:14] [PROGRESS] resolve files> Scanning /Users/macbook/Octo/web/node_modules/next/dist/next-devtools/dev-overlay/components/terminal...
[2026-09-27 14:14:14] [PROGRESS] resolve files> Scanning /Users/macbook/Octo/web/node_modules/next/dist/next-devtools/dev-overlay/components/call-stack...
[2026-09-27 14:14:14] [PROGRESS] resolve files> Scanning /Users/macbook/Octo/web/node_modules/next/dist/next-devtools/dev-overlay/components/dialog...
[2026-09-27 14:14:14] [PROGRESS] resolve files> Scanning /Users/macbook/Octo/web/node_modules/next/dist/next-devtools/dev-overlay/components/devtools-panel...
[2026-09-27 14:14:14] [PROGRESS] resolve files> Scanning /Users/macbook/Octo/web/node_modules/next/dist/next-devtools/dev-overlay/components/devtools-panel/resize...
[2026-09-27 14:14:14] [PROGRESS] resolve files> Scanning /Users/macbook/Octo/web/node_modules/next/dist/next-devtools/dev-overlay/components/resizer...
[2026-09-27 14:14:14] [PROGRESS] resolve files> Scanning /Users/macbook/Octo/web/node_modules/next/dist/next-devtools/dev-overlay/components/fader...
[2026-09-27 14:14:14] [PROGRESS] resolve files> Scanning /Users/macbook/Octo/web/node_modules/next/dist/next-devtools/dev-overlay/components/code-frame...
[2026-09-27 14:14:14] [PROGRESS] resolve files> Scanning /Users/macbook/Octo/web/node_modules/next/dist/next-devtools/dev-overlay/components/version-staleness-info...
[2026-09-27 14:14:14] [PROGRESS] resolve files> Scanning /Users/macbook/Octo/web/node_modules/next/dist/next-devtools/dev-overlay/components/errors...
[2026-09-27 14:14:14] [PROGRESS] resolve files> Scanning /Users/macbook/Octo/web/node_modules/next/dist/next-devtools/dev-overlay/components/errors/error-overlay-bottom-stack...
[2026-09-27 14:14:14] [PROGRESS] resolve files> Scanning /Users/macbook/Octo/web/node_modules/next/dist/next-devtools/dev-overlay/components/errors/environment-name-label...
[2026-09-27 14:14:14] [PROGRESS] resolve files> Scanning /Users/macbook/Octo/web/node_modules/next/dist/next-devtools/dev-overlay/components/errors/dev-tools-indicator...
[2026-09-27 14:14:14] [PROGRESS] resolve files> Scanning /Users/macbook/Octo/web/node_modules/next/dist/next-devtools/dev-overlay/components/errors/dev-tools-indicator/dev-tools-info...
[2026-09-27 14:14:14] [PROGRESS] resolve files> Scanning /Users/macbook/Octo/web/node_modules/next/dist/next-devtools/dev-overlay/components/errors/error-overlay-call-stack...
[2026-09-27 14:14:14] [PROGRESS] resolve files> Scanning /Users/macbook/Octo/web/node_modules/next/dist/next-devtools/dev-overlay/components/errors/error-overlay...
[2026-09-27 14:14:14] [PROGRESS] resolve files> Scanning /Users/macbook/Octo/web/node_modules/next/dist/next-devtools/dev-overlay/components/errors/error-overlay-pagination...
[2026-09-27 14:14:14] [PROGRESS] resolve files> Scanning /Users/macbook/Octo/web/node_modules/next/dist/next-devtools/dev-overlay/components/errors/dialog...
[2026-09-27 14:14:14] [PROGRESS] resolve files> Scanning /Users/macbook/Octo/web/node_modules/next/dist/next-devtools/dev-overlay/components/errors/error-message...
[2026-09-27 14:14:14] [PROGRESS] resolve files> Scanning /Users/macbook/Octo/web/node_modules/next/dist/next-devtools/dev-overlay/components/errors/error-type-label...
[2026-09-27 14:14:14] [PROGRESS] resolve files> Scanning /Users/macbook/Octo/web/node_modules/next/dist/next-devtools/dev-overlay/components/errors/error-overlay-layout...
[2026-09-27 14:14:14] [PROGRESS] resolve files> Scanning /Users/macbook/Octo/web/node_modules/next/dist/next-devtools/dev-overlay/components/errors/error-overlay-toolbar...
[2026-09-27 14:14:14] [PROGRESS] resolve files> Scanning /Users/macbook/Octo/web/node_modules/next/dist/next-devtools/dev-overlay/components/errors/error-overlay-nav...
[2026-09-27 14:14:14] [PROGRESS] resolve files> Scanning /Users/macbook/Octo/web/node_modules/next/dist/next-devtools/dev-overlay/components/errors/overlay...
[2026-09-27 14:14:14] [PROGRESS] resolve files> Scanning /Users/macbook/Octo/web/node_modules/next/dist/next-devtools/dev-overlay/components/errors/error-overlay-footer...
[2026-09-27 14:14:14] [PROGRESS] resolve files> Scanning /Users/macbook/Octo/web/node_modules/next/dist/next-devtools/dev-overlay/components/errors/error-overlay-footer/error-feedback...
[2026-09-27 14:14:14] [PROGRESS] resolve files> Scanning /Users/macbook/Octo/web/node_modules/next/dist/next-devtools/dev-overlay/components/overview...
[2026-09-27 14:14:14] [PROGRESS] resolve files> Scanning /Users/macbook/Octo/web/node_modules/next/dist/next-devtools/dev-overlay/components/overlay...
[2026-09-27 14:14:14] [PROGRESS] resolve files> Scanning /Users/macbook/Octo/web/node_modules/next/dist/next-devtools/dev-overlay/components/hydration-diff...
[2026-09-27 14:14:14] [PROGRESS] resolve files> Scanning /Users/macbook/Octo/web/node_modules/next/dist/next-devtools/dev-overlay/components/call-stack-frame...
[2026-09-27 14:14:14] [PROGRESS] resolve files> Scanning /Users/macbook/Octo/web/node_modules/next/dist/next-devtools/dev-overlay/components/hot-linked-text...
[2026-09-27 14:14:14] [PROGRESS] resolve files> Scanning /Users/macbook/Octo/web/node_modules/next/dist/next-devtools/dev-overlay/hooks...
[2026-09-27 14:14:14] [PROGRESS] resolve files> Scanning /Users/macbook/Octo/web/node_modules/next/dist/next-devtools/dev-overlay/icons...
[2026-09-27 14:14:14] [PROGRESS] resolve files> Scanning /Users/macbook/Octo/web/node_modules/next/dist/next-devtools/dev-overlay/icons/thumbs...
[2026-09-27 14:14:14] [PROGRESS] resolve files> Scanning /Users/macbook/Octo/web/node_modules/next/dist/next-devtools/dev-overlay/menu...
[2026-09-27 14:14:14] [PROGRESS] resolve files> Scanning /Users/macbook/Octo/web/node_modules/next/dist/next-devtools/dev-overlay/font...
[2026-09-27 14:14:14] [PROGRESS] resolve files> Scanning /Users/macbook/Octo/web/node_modules/next/dist/next-devtools/userspace...
[2026-09-27 14:14:14] [PROGRESS] resolve files> Scanning /Users/macbook/Octo/web/node_modules/next/dist/next-devtools/userspace/app...
[2026-09-27 14:14:14] [PROGRESS] resolve files> Scanning /Users/macbook/Octo/web/node_modules/next/dist/next-devtools/userspace/app/errors...
[2026-09-27 14:14:14] [PROGRESS] resolve files> Scanning /Users/macbook/Octo/web/node_modules/next/dist/next-devtools/userspace/pages...
[2026-09-27 14:14:14] [PROGRESS] resolve files> Scanning /Users/macbook/Octo/web/node_modules/next/dist/diagnostics...
[2026-09-27 14:14:14] [PROGRESS] resolve files> Scanning /Users/macbook/Octo/web/node_modules/next/dist/lib...
[2026-09-27 14:14:14] [PROGRESS] resolve files> Scanning /Users/macbook/Octo/web/node_modules/next/dist/lib/memory...
[2026-09-27 14:14:14] [PROGRESS] resolve files> Scanning /Users/macbook/Octo/web/node_modules/next/dist/lib/framework...
[2026-09-27 14:14:14] [PROGRESS] resolve files> Scanning /Users/macbook/Octo/web/node_modules/next/dist/lib/typescript...
[2026-09-27 14:14:14] [PROGRESS] resolve files> Scanning /Users/macbook/Octo/web/node_modules/next/dist/lib/eslint...
[2026-09-27 14:14:14] [PROGRESS] resolve files> Scanning /Users/macbook/Octo/web/node_modules/next/dist/lib/fs...
[2026-09-27 14:14:14] [PROGRESS] resolve files> Scanning /Users/macbook/Octo/web/node_modules/next/dist/lib/metadata...
[2026-09-27 14:14:14] [PROGRESS] resolve files> Scanning /Users/macbook/Octo/web/node_modules/next/dist/lib/metadata/types...
[2026-09-27 14:14:14] [PROGRESS] resolve files> Scanning /Users/macbook/Octo/web/node_modules/next/dist/lib/metadata/resolvers...
[2026-09-27 14:14:14] [PROGRESS] resolve files> Scanning /Users/macbook/Octo/web/node_modules/next/dist/lib/metadata/generate...
[2026-09-27 14:14:14] [PROGRESS] resolve files> Scanning /Users/macbook/Octo/web/node_modules/next/dist/lib/helpers...
[2026-09-27 14:14:14] [PROGRESS] resolve files> Scanning /Users/macbook/Octo/web/node_modules/next/dist/api...
[2026-09-27 14:14:14] [PROGRESS] resolve files> Scanning /Users/macbook/Octo/web/node_modules/next/dist/telemetry...
[2026-09-27 14:14:14] [PROGRESS] resolve files> Scanning /Users/macbook/Octo/web/node_modules/next/dist/telemetry/events...
[2026-09-27 14:14:14] [PROGRESS] resolve files> Scanning /Users/macbook/Octo/web/node_modules/next/dist/build...
[2026-09-27 14:14:14] [PROGRESS] resolve files> Scanning /Users/macbook/Octo/web/node_modules/next/dist/build/next-config-ts...
[2026-09-27 14:14:14] [PROGRESS] resolve files> Scanning /Users/macbook/Octo/web/node_modules/next/dist/build/static-paths...
[2026-09-27 14:14:14] [PROGRESS] resolve files> Scanning /Users/macbook/Octo/web/node_modules/next/dist/build/analysis...
[2026-09-27 14:14:14] [PROGRESS] resolve files> Scanning /Users/macbook/Octo/web/node_modules/next/dist/build/segment-config...
[2026-09-27 14:14:14] [PROGRESS] resolve files> Scanning /Users/macbook/Octo/web/node_modules/next/dist/build/segment-config/middleware...
[2026-09-27 14:14:14] [PROGRESS] resolve files> Scanning /Users/macbook/Octo/web/node_modules/next/dist/build/segment-config/app...
[2026-09-27 14:14:14] [PROGRESS] resolve files> Scanning /Users/macbook/Octo/web/node_modules/next/dist/build/segment-config/pages...
[2026-09-27 14:14:14] [PROGRESS] resolve files> Scanning /Users/macbook/Octo/web/node_modules/next/dist/build/output...
[2026-09-27 14:14:14] [PROGRESS] resolve files> Scanning /Users/macbook/Octo/web/node_modules/next/dist/build/webpack-build...
[2026-09-27 14:14:14] [PROGRESS] resolve files> Scanning /Users/macbook/Octo/web/node_modules/next/dist/build/adapter...
[2026-09-27 14:14:14] [PROGRESS] resolve files> Scanning /Users/macbook/Octo/web/node_modules/next/dist/build/turborepo-access-trace...
[2026-09-27 14:14:14] [PROGRESS] resolve files> Scanning /Users/macbook/Octo/web/node_modules/next/dist/build/swc...
[2026-09-27 14:14:14] [PROGRESS] resolve files> Scanning /Users/macbook/Octo/web/node_modules/next/dist/build/webpack...
[2026-09-27 14:14:14] [PROGRESS] resolve files> Scanning /Users/macbook/Octo/web/node_modules/next/dist/build/webpack/alias...
[2026-09-27 14:14:14] [PROGRESS] resolve files> Scanning /Users/macbook/Octo/web/node_modules/next/dist/build/webpack/config...
[2026-09-27 14:14:14] [PROGRESS] resolve files> Scanning /Users/macbook/Octo/web/node_modules/next/dist/build/webpack/config/blocks...
[2026-09-27 14:14:14] [PROGRESS] resolve files> Scanning /Users/macbook/Octo/web/node_modules/next/dist/build/webpack/config/blocks/css...
[2026-09-27 14:14:14] [PROGRESS] resolve files> Scanning /Users/macbook/Octo/web/node_modules/next/dist/build/webpack/config/blocks/css/loaders...
[2026-09-27 14:14:14] [PROGRESS] resolve files> Scanning /Users/macbook/Octo/web/node_modules/next/dist/build/webpack/config/blocks/images...
[2026-09-27 14:14:14] [PROGRESS] resolve files> Scanning /Users/macbook/Octo/web/node_modules/next/dist/build/webpack/plugins...
[2026-09-27 14:14:14] [PROGRESS] resolve files> Scanning /Users/macbook/Octo/web/node_modules/next/dist/build/webpack/plugins/telemetry-plugin...
[2026-09-27 14:14:14] [PROGRESS] resolve files> Scanning /Users/macbook/Octo/web/node_modules/next/dist/build/webpack/plugins/minify-webpack-plugin...
[2026-09-27 14:14:14] [PROGRESS] resolve files> Scanning /Users/macbook/Octo/web/node_modules/next/dist/build/webpack/plugins/minify-webpack-plugin/src...
[2026-09-27 14:14:14] [PROGRESS] resolve files> Scanning /Users/macbook/Octo/web/node_modules/next/dist/build/webpack/plugins/next-types-plugin...
[2026-09-27 14:14:14] [PROGRESS] resolve files> Scanning /Users/macbook/Octo/web/node_modules/next/dist/build/webpack/plugins/wellknown-errors-plugin...
[2026-09-27 14:14:14] [PROGRESS] resolve files> Scanning /Users/macbook/Octo/web/node_modules/next/dist/build/webpack/loaders...
[2026-09-27 14:14:14] [PROGRESS] resolve files> Scanning /Users/macbook/Octo/web/node_modules/next/dist/build/webpack/loaders/css-loader...
[2026-09-27 14:14:14] [PROGRESS] resolve files> Scanning /Users/macbook/Octo/web/node_modules/next/dist/build/webpack/loaders/css-loader/src...
[2026-09-27 14:14:14] [PROGRESS] resolve files> Scanning /Users/macbook/Octo/web/node_modules/next/dist/build/webpack/loaders/css-loader/src/plugins...
[2026-09-27 14:14:14] [PROGRESS] resolve files> Scanning /Users/macbook/Octo/web/node_modules/next/dist/build/webpack/loaders/css-loader/src/runtime...
[2026-09-27 14:14:14] [PROGRESS] resolve files> Scanning /Users/macbook/Octo/web/node_modules/next/dist/build/webpack/loaders/next-font-loader...
[2026-09-27 14:14:14] [PROGRESS] resolve files> Scanning /Users/macbook/Octo/web/node_modules/next/dist/build/webpack/loaders/next-app-loader...
[2026-09-27 14:14:14] [PROGRESS] resolve files> Scanning /Users/macbook/Octo/web/node_modules/next/dist/build/webpack/loaders/next-style-loader...
[2026-09-27 14:14:14] [PROGRESS] resolve files> Scanning /Users/macbook/Octo/web/node_modules/next/dist/build/webpack/loaders/next-style-loader/runtime...
[2026-09-27 14:14:14] [PROGRESS] resolve files> Scanning /Users/macbook/Octo/web/node_modules/next/dist/build/webpack/loaders/lightningcss-loader...
[2026-09-27 14:14:14] [PROGRESS] resolve files> Scanning /Users/macbook/Octo/web/node_modules/next/dist/build/webpack/loaders/lightningcss-loader/src...
[2026-09-27 14:14:14] [PROGRESS] resolve files> Scanning /Users/macbook/Octo/web/node_modules/next/dist/build/webpack/loaders/resolve-url-loader...
[2026-09-27 14:14:14] [PROGRESS] resolve files> Scanning /Users/macbook/Octo/web/node_modules/next/dist/build/webpack/loaders/resolve-url-loader/lib...
[2026-09-27 14:14:14] [PROGRESS] resolve files> Scanning /Users/macbook/Octo/web/node_modules/next/dist/build/webpack/loaders/next-route-loader...
[2026-09-27 14:14:14] [PROGRESS] resolve files> Scanning /Users/macbook/Octo/web/node_modules/next/dist/build/webpack/loaders/next-flight-loader...
[2026-09-27 14:14:14] [PROGRESS] resolve files> Scanning /Users/macbook/Octo/web/node_modules/next/dist/build/webpack/loaders/next-image-loader...
[2026-09-27 14:14:14] [PROGRESS] resolve files> Scanning /Users/macbook/Octo/web/node_modules/next/dist/build/webpack/loaders/next-edge-ssr-loader...
[2026-09-27 14:14:14] [PROGRESS] resolve files> Scanning /Users/macbook/Octo/web/node_modules/next/dist/build/webpack/loaders/next-edge-app-route-loader...
[2026-09-27 14:14:14] [PROGRESS] resolve files> Scanning /Users/macbook/Octo/web/node_modules/next/dist/build/webpack/loaders/devtool...
[2026-09-27 14:14:14] [PROGRESS] resolve files> Scanning /Users/macbook/Octo/web/node_modules/next/dist/build/webpack/loaders/postcss-loader...
[2026-09-27 14:14:14] [PROGRESS] resolve files> Scanning /Users/macbook/Octo/web/node_modules/next/dist/build/webpack/loaders/postcss-loader/src...
[2026-09-27 14:14:14] [PROGRESS] resolve files> Scanning /Users/macbook/Octo/web/node_modules/next/dist/build/webpack/loaders/metadata...
[2026-09-27 14:14:14] [PROGRESS] resolve files> Scanning /Users/macbook/Octo/web/node_modules/next/dist/build/babel...
[2026-09-27 14:14:14] [PROGRESS] resolve files> Scanning /Users/macbook/Octo/web/node_modules/next/dist/build/babel/plugins...
[2026-09-27 14:14:14] [PROGRESS] resolve files> Scanning /Users/macbook/Octo/web/node_modules/next/dist/build/babel/loader...
[2026-09-27 14:14:14] [PROGRESS] resolve files> Scanning /Users/macbook/Octo/web/node_modules/next/dist/build/polyfills...
[2026-09-27 14:14:14] [PROGRESS] resolve files> Scanning /Users/macbook/Octo/web/node_modules/next/dist/build/polyfills/fetch...
[2026-09-27 14:14:14] [PROGRESS] resolve files> Scanning /Users/macbook/Octo/web/node_modules/next/dist/build/polyfills/object.assign...
[2026-09-27 14:14:14] [PROGRESS] resolve files> Scanning /Users/macbook/Octo/web/node_modules/next/dist/build/templates...
[2026-09-27 14:14:14] [PROGRESS] resolve files> Scanning /Users/macbook/Octo/web/node_modules/next/dist/build/manifests...
[2026-09-27 14:14:14] [PROGRESS] resolve files> Scanning /Users/macbook/Octo/web/node_modules/next/dist/build/manifests/formatter...
[2026-09-27 14:14:14] [PROGRESS] resolve files> Scanning /Users/macbook/Octo/web/node_modules/next/dist/build/turbopack-build...
[2026-09-27 14:14:14] [PROGRESS] resolve files> Scanning /Users/macbook/Octo/web/node_modules/next/dist/build/webpack-config-rules...
[2026-09-27 14:14:14] [PROGRESS] resolve files> Scanning /Users/macbook/Octo/web/node_modules/next/dist/build/jest...
[2026-09-27 14:14:14] [PROGRESS] resolve files> Scanning /Users/macbook/Octo/web/node_modules/next/dist/build/jest/__mocks__...
[2026-09-27 14:14:14] [PROGRESS] resolve files> Scanning /Users/macbook/Octo/web/node_modules/next/dist/export...
[2026-09-27 14:14:14] [PROGRESS] resolve files> Scanning /Users/macbook/Octo/web/node_modules/next/dist/export/routes...
[2026-09-27 14:14:14] [PROGRESS] resolve files> Scanning /Users/macbook/Octo/web/node_modules/next/dist/export/helpers...
[2026-09-27 14:14:14] [PROGRESS] resolve files> Scanning /Users/macbook/Octo/web/node_modules/next/dist/pages...
[2026-09-27 14:14:14] [PROGRESS] resolve files> Scanning /Users/macbook/Octo/web/node_modules/next/dist/client...
[2026-09-27 14:14:14] [PROGRESS] resolve files> Scanning /Users/macbook/Octo/web/node_modules/next/dist/client/tracing...
[2026-09-27 14:14:14] [PROGRESS] resolve files> Scanning /Users/macbook/Octo/web/node_modules/next/dist/client/app-dir...
[2026-09-27 14:14:14] [PROGRESS] resolve files> Scanning /Users/macbook/Octo/web/node_modules/next/dist/client/compat...
[2026-09-27 14:14:14] [PROGRESS] resolve files> Scanning /Users/macbook/Octo/web/node_modules/next/dist/client/portal...
[2026-09-27 14:14:14] [PROGRESS] resolve files> Scanning /Users/macbook/Octo/web/node_modules/next/dist/client/legacy...
[2026-09-27 14:14:14] [PROGRESS] resolve files> Scanning /Users/macbook/Octo/web/node_modules/next/dist/client/react-client-callbacks...
[2026-09-27 14:14:14] [PROGRESS] resolve files> Scanning /Users/macbook/Octo/web/node_modules/next/dist/client/components...
[2026-09-27 14:14:14] [PROGRESS] resolve files> Scanning /Users/macbook/Octo/web/node_modules/next/dist/client/components/router-reducer...
[2026-09-27 14:14:14] [PROGRESS] resolve files> Scanning /Users/macbook/Octo/web/node_modules/next/dist/client/components/router-reducer/reducers...
[2026-09-27 14:14:14] [PROGRESS] resolve files> Scanning /Users/macbook/Octo/web/node_modules/next/dist/client/components/http-access-fallback...
[2026-09-27 14:14:14] [PROGRESS] resolve files> Scanning /Users/macbook/Octo/web/node_modules/next/dist/client/components/styles...
[2026-09-27 14:14:14] [PROGRESS] resolve files> Scanning /Users/macbook/Octo/web/node_modules/next/dist/client/components/segment-cache-impl...
[2026-09-27 14:14:14] [PROGRESS] resolve files> Scanning /Users/macbook/Octo/web/node_modules/next/dist/client/components/errors...
[2026-09-27 14:14:14] [PROGRESS] resolve files> Scanning /Users/macbook/Octo/web/node_modules/next/dist/client/components/metadata...
[2026-09-27 14:14:14] [PROGRESS] resolve files> Scanning /Users/macbook/Octo/web/node_modules/next/dist/client/components/builtin...
[2026-09-27 14:14:14] [PROGRESS] resolve files> Scanning /Users/macbook/Octo/web/node_modules/next/dist/client/lib...
[2026-09-27 14:14:14] [PROGRESS] resolve files> Scanning /Users/macbook/Octo/web/node_modules/next/dist/client/dev...
[2026-09-27 14:14:14] [PROGRESS] resolve files> Scanning /Users/macbook/Octo/web/node_modules/next/dist/client/dev/error-overlay...
[2026-09-27 14:14:14] [PROGRESS] resolve files> Scanning /Users/macbook/Octo/web/node_modules/next/dist/client/dev/hot-reloader...
[2026-09-27 14:14:14] [PROGRESS] resolve files> Scanning /Users/macbook/Octo/web/node_modules/next/dist/client/dev/hot-reloader/app...
[2026-09-27 14:14:14] [PROGRESS] resolve files> Scanning /Users/macbook/Octo/web/node_modules/next/dist/client/dev/hot-reloader/pages...
[2026-09-27 14:14:14] [PROGRESS] resolve files> Scanning /Users/macbook/Octo/web/node_modules/next/dist/client/request...
[2026-09-27 14:14:14] [PROGRESS] resolve files> Scanning /Users/macbook/Octo/web/node_modules/next/navigation-types...
[2026-09-27 14:14:14] [PROGRESS] resolve files> Scanning /Users/macbook/Octo/web/node_modules/next/navigation-types/compat...
[2026-09-27 14:14:14] [PROGRESS] resolve files> Scanning /Users/macbook/Octo/web/node_modules/next/node_modules...
[2026-09-27 14:14:14] [PROGRESS] resolve files> Scanning /Users/macbook/Octo/web/node_modules/next/node_modules/postcss...
[2026-09-27 14:14:14] [PROGRESS] resolve files> Scanning /Users/macbook/Octo/web/node_modules/next/node_modules/postcss/lib...
[2026-09-27 14:14:14] [PROGRESS] resolve files> Scanning /Users/macbook/Octo/web/node_modules/next/legacy...
[2026-09-27 14:14:14] [PROGRESS] resolve files> Scanning /Users/macbook/Octo/web/node_modules/next/font...
[2026-09-27 14:14:14] [PROGRESS] resolve files> Scanning /Users/macbook/Octo/web/node_modules/next/font/google...
[2026-09-27 14:14:14] [PROGRESS] resolve files> Scanning /Users/macbook/Octo/web/node_modules/next/font/local...
[2026-09-27 14:14:14] [PROGRESS] resolve files> Scanning /Users/macbook/Octo/web/node_modules/.bin...
[2026-09-27 14:14:14] [PROGRESS] resolve files> Scanning /Users/macbook/Octo/web/node_modules/tailwind-merge...
[2026-09-27 14:14:14] [PROGRESS] resolve files> Scanning /Users/macbook/Octo/web/node_modules/tailwind-merge/dist...
[2026-09-27 14:14:14] [PROGRESS] resolve files> Scanning /Users/macbook/Octo/web/node_modules/tailwind-merge/dist/es5...
[2026-09-27 14:14:14] [PROGRESS] resolve files> Scanning /Users/macbook/Octo/web/node_modules/tailwind-merge/src...
[2026-09-27 14:14:14] [PROGRESS] resolve files> Scanning /Users/macbook/Octo/web/node_modules/tailwind-merge/src/lib...
[2026-09-27 14:14:14] [PROGRESS] resolve files> Scanning /Users/macbook/Octo/web/node_modules/jiti...
[2026-09-27 14:14:14] [PROGRESS] resolve files> Scanning /Users/macbook/Octo/web/node_modules/jiti/dist...
[2026-09-27 14:14:14] [PROGRESS] resolve files> Scanning /Users/macbook/Octo/web/node_modules/jiti/lib...
[2026-09-27 14:14:14] [PROGRESS] resolve files> Scanning /Users/macbook/Octo/web/node_modules/@emnapi...
[2026-09-27 14:14:14] [PROGRESS] resolve files> Scanning /Users/macbook/Octo/web/node_modules/@emnapi/runtime...
[2026-09-27 14:14:14] [PROGRESS] resolve files> Scanning /Users/macbook/Octo/web/node_modules/@emnapi/runtime/dist...
[2026-09-27 14:14:14] [PROGRESS] resolve files> Scanning /Users/macbook/Octo/web/node_modules/csstype...
[2026-09-27 14:14:14] [PROGRESS] resolve files> Scanning /Users/macbook/Octo/web/node_modules/lightningcss-darwin-arm64...
[2026-09-27 14:14:14] [PROGRESS] resolve files> Scanning /Users/macbook/Octo/web/node_modules/detect-libc...
[2026-09-27 14:14:14] [PROGRESS] resolve files> Scanning /Users/macbook/Octo/web/node_modules/detect-libc/lib...
[2026-09-27 14:14:14] [PROGRESS] resolve files> Scanning /Users/macbook/Octo/web/node_modules/nanoid...
[2026-09-27 14:14:14] [PROGRESS] resolve files> Scanning /Users/macbook/Octo/web/node_modules/nanoid/bin...
[2026-09-27 14:14:14] [PROGRESS] resolve files> Scanning /Users/macbook/Octo/web/node_modules/nanoid/async...
[2026-09-27 14:14:14] [PROGRESS] resolve files> Scanning /Users/macbook/Octo/web/node_modules/nanoid/non-secure...
[2026-09-27 14:14:14] [PROGRESS] resolve files> Scanning /Users/macbook/Octo/web/node_modules/nanoid/url-alphabet...
[2026-09-27 14:14:14] [PROGRESS] resolve files> Scanning /Users/macbook/Octo/web/node_modules/motion-utils...
[2026-09-27 14:14:14] [PROGRESS] resolve files> Scanning /Users/macbook/Octo/web/node_modules/motion-utils/dist...
[2026-09-27 14:14:14] [PROGRESS] resolve files> Scanning /Users/macbook/Octo/web/node_modules/motion-utils/dist/es...
[2026-09-27 14:14:14] [PROGRESS] resolve files> Scanning /Users/macbook/Octo/web/node_modules/motion-utils/dist/cjs...
[2026-09-27 14:14:14] [PROGRESS] resolve files> Scanning /Users/macbook/Octo/web/node_modules/tslib...
[2026-09-27 14:14:14] [PROGRESS] resolve files> Scanning /Users/macbook/Octo/web/node_modules/tslib/modules...
[2026-09-27 14:14:14] [PROGRESS] resolve files> Scanning /Users/macbook/Octo/web/node_modules/@tailwindcss...
[2026-09-27 14:14:14] [PROGRESS] resolve files> Scanning /Users/macbook/Octo/web/node_modules/@tailwindcss/postcss...
[2026-09-27 14:14:14] [PROGRESS] resolve files> Scanning /Users/macbook/Octo/web/node_modules/@tailwindcss/postcss/dist...
[2026-09-27 14:14:14] [PROGRESS] resolve files> Scanning /Users/macbook/Octo/web/node_modules/@tailwindcss/oxide...
[2026-09-27 14:14:14] [PROGRESS] resolve files> Scanning /Users/macbook/Octo/web/node_modules/@tailwindcss/oxide-darwin-arm64...
[2026-09-27 14:14:14] [PROGRESS] resolve files> Scanning /Users/macbook/Octo/web/node_modules/@tailwindcss/node...
[2026-09-27 14:14:14] [PROGRESS] resolve files> Scanning /Users/macbook/Octo/web/node_modules/@tailwindcss/node/dist...
[2026-09-27 14:14:14] [PROGRESS] resolve files> Scanning /Users/macbook/Octo/web/node_modules/magic-string...
[2026-09-27 14:14:14] [PROGRESS] resolve files> Scanning /Users/macbook/Octo/web/node_modules/magic-string/dist...
[2026-09-27 14:14:14] [PROGRESS] resolve files> Scanning /Users/macbook/Octo/web/node_modules/typescript...
[2026-09-27 14:14:14] [PROGRESS] resolve files> Scanning /Users/macbook/Octo/web/node_modules/typescript/bin...
[2026-09-27 14:14:14] [PROGRESS] resolve files> Scanning /Users/macbook/Octo/web/node_modules/typescript/lib...
[2026-09-27 14:14:14] [PROGRESS] resolve files> Scanning /Users/macbook/Octo/web/node_modules/typescript/lib/pl...
[2026-09-27 14:14:14] [PROGRESS] resolve files> Scanning /Users/macbook/Octo/web/node_modules/typescript/lib/ja...
[2026-09-27 14:14:14] [PROGRESS] resolve files> Scanning /Users/macbook/Octo/web/node_modules/typescript/lib/it...
[2026-09-27 14:14:14] [PROGRESS] resolve files> Scanning /Users/macbook/Octo/web/node_modules/typescript/lib/cs...
[2026-09-27 14:14:14] [PROGRESS] resolve files> Scanning /Users/macbook/Octo/web/node_modules/typescript/lib/ru...
[2026-09-27 14:14:14] [PROGRESS] resolve files> Scanning /Users/macbook/Octo/web/node_modules/typescript/lib/zh-cn...
[2026-09-27 14:14:14] [PROGRESS] resolve files> Scanning /Users/macbook/Octo/web/node_modules/typescript/lib/zh-tw...
[2026-09-27 14:14:14] [PROGRESS] resolve files> Scanning /Users/macbook/Octo/web/node_modules/typescript/lib/pt-br...
[2026-09-27 14:14:14] [PROGRESS] resolve files> Scanning /Users/macbook/Octo/web/node_modules/typescript/lib/de...
[2026-09-27 14:14:14] [PROGRESS] resolve files> Scanning /Users/macbook/Octo/web/node_modules/typescript/lib/ko...
[2026-09-27 14:14:14] [PROGRESS] resolve files> Scanning /Users/macbook/Octo/web/node_modules/typescript/lib/fr...
[2026-09-27 14:14:14] [PROGRESS] resolve files> Scanning /Users/macbook/Octo/web/node_modules/typescript/lib/es...
[2026-09-27 14:14:14] [PROGRESS] resolve files> Scanning /Users/macbook/Octo/web/node_modules/typescript/lib/tr...
[2026-09-27 14:14:14] [PROGRESS] resolve files> Scanning /Users/macbook/Octo/web/node_modules/@swc...
[2026-09-27 14:14:14] [PROGRESS] resolve files> Scanning /Users/macbook/Octo/web/node_modules/@swc/helpers...
[2026-09-27 14:14:14] [PROGRESS] resolve files> Scanning /Users/macbook/Octo/web/node_modules/@swc/helpers/esm...
[2026-09-27 14:14:14] [PROGRESS] resolve files> Scanning /Users/macbook/Octo/web/node_modules/@swc/helpers/_...
[2026-09-27 14:14:14] [PROGRESS] resolve files> Scanning /Users/macbook/Octo/web/node_modules/@swc/helpers/_/_using...
[2026-09-27 14:14:14] [PROGRESS] resolve files> Scanning /Users/macbook/Octo/web/node_modules/@swc/helpers/_/_class_call_check...
[2026-09-27 14:14:14] [PROGRESS] resolve files> Scanning /Users/macbook/Octo/web/node_modules/@swc/helpers/_/_ts_param...
[2026-09-27 14:14:14] [PROGRESS] resolve files> Scanning /Users/macbook/Octo/web/node_modules/@swc/helpers/_/_class_private_method_init...
[2026-09-27 14:14:14] [PROGRESS] resolve files> Scanning /Users/macbook/Octo/web/node_modules/@swc/helpers/_/_new_arrow_check...
[2026-09-27 14:14:14] [PROGRESS] resolve files> Scanning /Users/macbook/Octo/web/node_modules/@swc/helpers/_/_class_private_field_loose_base...
[2026-09-27 14:14:14] [PROGRESS] resolve files> Scanning /Users/macbook/Octo/web/node_modules/@swc/helpers/_/_initializer_define_property...
[2026-09-27 14:14:14] [PROGRESS] resolve files> Scanning /Users/macbook/Octo/web/node_modules/@swc/helpers/_/_construct...
[2026-09-27 14:14:14] [PROGRESS] resolve files> Scanning /Users/macbook/Octo/web/node_modules/@swc/helpers/_/_array_with_holes...
[2026-09-27 14:14:14] [PROGRESS] resolve files> Scanning /Users/macbook/Octo/web/node_modules/@swc/helpers/_/_set...
[2026-09-27 14:14:14] [PROGRESS] resolve files> Scanning /Users/macbook/Octo/web/node_modules/@swc/helpers/_/_object_without_properties...
[2026-09-27 14:14:14] [PROGRESS] resolve files> Scanning /Users/macbook/Octo/web/node_modules/@swc/helpers/_/_unsupported_iterable_to_array...
[2026-09-27 14:14:14] [PROGRESS] resolve files> Scanning /Users/macbook/Octo/web/node_modules/@swc/helpers/_/_write_only_error...
[2026-09-27 14:14:14] [PROGRESS] resolve files> Scanning /Users/macbook/Octo/web/node_modules/@swc/helpers/_/_ts_generator...
[2026-09-27 14:14:14] [PROGRESS] resolve files> Scanning /Users/macbook/Octo/web/node_modules/@swc/helpers/_/_class_apply_descriptor_destructure...
[2026-09-27 14:14:14] [PROGRESS] resolve files> Scanning /Users/macbook/Octo/web/node_modules/@swc/helpers/_/_class_static_private_field_destructure...
[2026-09-27 14:14:14] [PROGRESS] resolve files> Scanning /Users/macbook/Octo/web/node_modules/@swc/helpers/_/_read_only_error...
[2026-09-27 14:14:14] [PROGRESS] resolve files> Scanning /Users/macbook/Octo/web/node_modules/@swc/helpers/_/_create_class...
[2026-09-27 14:14:14] [PROGRESS] resolve files> Scanning /Users/macbook/Octo/web/node_modules/@swc/helpers/_/_class_check_private_static_field_descriptor...
[2026-09-27 14:14:14] [PROGRESS] resolve files> Scanning /Users/macbook/Octo/web/node_modules/@swc/helpers/_/_async_to_generator...
[2026-09-27 14:14:14] [PROGRESS] resolve files> Scanning /Users/macbook/Octo/web/node_modules/@swc/helpers/_/_async_iterator...
[2026-09-27 14:14:14] [PROGRESS] resolve files> Scanning /Users/macbook/Octo/web/node_modules/@swc/helpers/_/_instanceof...
[2026-09-27 14:14:14] [PROGRESS] resolve files> Scanning /Users/macbook/Octo/web/node_modules/@swc/helpers/_/_class_private_field_destructure...
[2026-09-27 14:14:14] [PROGRESS] resolve files> Scanning /Users/macbook/Octo/web/node_modules/@swc/helpers/_/_ts_values...
[2026-09-27 14:14:14] [PROGRESS] resolve files> Scanning /Users/macbook/Octo/web/node_modules/@swc/helpers/_/_class_private_method_get...
[2026-09-27 14:14:14] [PROGRESS] resolve files> Scanning /Users/macbook/Octo/web/node_modules/@swc/helpers/_/_iterable_to_array...
[2026-09-27 14:14:14] [PROGRESS] resolve files> Scanning /Users/macbook/Octo/web/node_modules/@swc/helpers/_/_class_static_private_field_spec_set...
[2026-09-27 14:14:14] [PROGRESS] resolve files> Scanning /Users/macbook/Octo/web/node_modules/@swc/helpers/_/_jsx...
[2026-09-27 14:14:14] [PROGRESS] resolve files> Scanning /Users/macbook/Octo/web/node_modules/@swc/helpers/_/_create_super...
[2026-09-27 14:14:14] [PROGRESS] resolve files> Scanning /Users/macbook/Octo/web/node_modules/@swc/helpers/_/_class_private_field_set...
[2026-09-27 14:14:14] [PROGRESS] resolve files> Scanning /Users/macbook/Octo/web/node_modules/@swc/helpers/_/_to_array...
[2026-09-27 14:14:14] [PROGRESS] resolve files> Scanning /Users/macbook/Octo/web/node_modules/@swc/helpers/_/_class_name_tdz_error...
[2026-09-27 14:14:14] [PROGRESS] resolve files> Scanning /Users/macbook/Octo/web/node_modules/@swc/helpers/_/_inherits...
[2026-09-27 14:14:14] [PROGRESS] resolve files> Scanning /Users/macbook/Octo/web/node_modules/@swc/helpers/_/_non_iterable_rest...
[2026-09-27 14:14:14] [PROGRESS] resolve files> Scanning /Users/macbook/Octo/web/node_modules/@swc/helpers/_/_possible_constructor_return...
[2026-09-27 14:14:14] [PROGRESS] resolve files> Scanning /Users/macbook/Octo/web/node_modules/@swc/helpers/_/_tagged_template_literal_loose...
[2026-09-27 14:14:14] [PROGRESS] resolve files> Scanning /Users/macbook/Octo/web/node_modules/@swc/helpers/_/_array_without_holes...
[2026-09-27 14:14:14] [PROGRESS] resolve files> Scanning /Users/macbook/Octo/web/node_modules/@swc/helpers/_/_class_apply_descriptor_get...
[2026-09-27 14:14:14] [PROGRESS] resolve files> Scanning /Users/macbook/Octo/web/node_modules/@swc/helpers/_/_class_apply_descriptor_update...
[2026-09-27 14:14:14] [PROGRESS] resolve files> Scanning /Users/macbook/Octo/web/node_modules/@swc/helpers/_/_identity...
[2026-09-27 14:14:14] [PROGRESS] resolve files> Scanning /Users/macbook/Octo/web/node_modules/@swc/helpers/_/_non_iterable_spread...
[2026-09-27 14:14:14] [PROGRESS] resolve files> Scanning /Users/macbook/Octo/web/node_modules/@swc/helpers/_/_check_private_redeclaration...
[2026-09-27 14:14:14] [PROGRESS] resolve files> Scanning /Users/macbook/Octo/web/node_modules/@swc/helpers/_/_dispose...
[2026-09-27 14:14:14] [PROGRESS] resolve files> Scanning /Users/macbook/Octo/web/node_modules/@swc/helpers/_/_interop_require_wildcard...
[2026-09-27 14:14:14] [PROGRESS] resolve files> Scanning /Users/macbook/Octo/web/node_modules/@swc/helpers/_/_using_ctx...
[2026-09-27 14:14:14] [PROGRESS] resolve files> Scanning /Users/macbook/Octo/web/node_modules/@swc/helpers/_/_export_star...
[2026-09-27 14:14:14] [PROGRESS] resolve files> Scanning /Users/macbook/Octo/web/node_modules/@swc/helpers/_/_call_super...
[2026-09-27 14:14:14] [PROGRESS] resolve files> Scanning /Users/macbook/Octo/web/node_modules/@swc/helpers/_/_set_prototype_of...
[2026-09-27 14:14:14] [PROGRESS] resolve files> Scanning /Users/macbook/Octo/web/node_modules/@swc/helpers/_/_iterable_to_array_limit_loose...
[2026-09-27 14:14:14] [PROGRESS] resolve files> Scanning /Users/macbook/Octo/web/node_modules/@swc/helpers/_/_wrap_async_generator...
[2026-09-27 14:14:14] [PROGRESS] resolve files> Scanning /Users/macbook/Octo/web/node_modules/@swc/helpers/_/_to_primitive...
[2026-09-27 14:14:14] [PROGRESS] resolve files> Scanning /Users/macbook/Octo/web/node_modules/@swc/helpers/_/_class_private_field_init...
[2026-09-27 14:14:14] [PROGRESS] resolve files> Scanning /Users/macbook/Octo/web/node_modules/@swc/helpers/_/_class_private_field_loose_key...
[2026-09-27 14:14:14] [PROGRESS] resolve files> Scanning /Users/macbook/Octo/web/node_modules/@swc/helpers/_/_ts_decorate...
[2026-09-27 14:14:14] [PROGRESS] resolve files> Scanning /Users/macbook/Octo/web/node_modules/@swc/helpers/_/_get_prototype_of...
[2026-09-27 14:14:14] [PROGRESS] resolve files> Scanning /Users/macbook/Octo/web/node_modules/@swc/helpers/_/_sliced_to_array...
[2026-09-27 14:14:14] [PROGRESS] resolve files> Scanning /Users/macbook/Octo/web/node_modules/@swc/helpers/_/_class_private_field_get...
[2026-09-27 14:14:14] [PROGRESS] resolve files> Scanning /Users/macbook/Octo/web/node_modules/@swc/helpers/_/_ts_metadata...
[2026-09-27 14:14:14] [PROGRESS] resolve files> Scanning /Users/macbook/Octo/web/node_modules/@swc/helpers/_/_apply_decs_2203_r...
[2026-09-27 14:14:14] [PROGRESS] resolve files> Scanning /Users/macbook/Octo/web/node_modules/@swc/helpers/_/_decorate...
[2026-09-27 14:14:14] [PROGRESS] resolve files> Scanning /Users/macbook/Octo/web/node_modules/@swc/helpers/_/_create_for_of_iterator_helper_loose...
[2026-09-27 14:14:14] [PROGRESS] resolve files> Scanning /Users/macbook/Octo/web/node_modules/@swc/helpers/_/_class_static_private_method_get...
[2026-09-27 14:14:14] [PROGRESS] resolve files> Scanning /Users/macbook/Octo/web/node_modules/@swc/helpers/_/_class_private_method_set...
[2026-09-27 14:14:14] [PROGRESS] resolve files> Scanning /Users/macbook/Octo/web/node_modules/@swc/helpers/_/_class_static_private_field_spec_get...
[2026-09-27 14:14:14] [PROGRESS] resolve files> Scanning /Users/macbook/Octo/web/node_modules/@swc/helpers/_/_iterable_to_array_limit...
[2026-09-27 14:14:14] [PROGRESS] resolve files> Scanning /Users/macbook/Octo/web/node_modules/@swc/helpers/_/_object_destructuring_empty...
[2026-09-27 14:14:14] [PROGRESS] resolve files> Scanning /Users/macbook/Octo/web/node_modules/@swc/helpers/_/_ts_dispose_resources...
[2026-09-27 14:14:14] [PROGRESS] resolve files> Scanning /Users/macbook/Octo/web/node_modules/@swc/helpers/_/_object_spread...
[2026-09-27 14:14:14] [PROGRESS] resolve files> Scanning /Users/macbook/Octo/web/node_modules/@swc/helpers/_/_interop_require_default...
[2026-09-27 14:14:14] [PROGRESS] resolve files> Scanning /Users/macbook/Octo/web/node_modules/@swc/helpers/_/_initializer_warning_helper...
[2026-09-27 14:14:14] [PROGRESS] resolve files> Scanning /Users/macbook/Octo/web/node_modules/@swc/helpers/_/_get...
[2026-09-27 14:14:14] [PROGRESS] resolve files> Scanning /Users/macbook/Octo/web/node_modules/@swc/helpers/_/_is_native_function...
[2026-09-27 14:14:14] [PROGRESS] resolve files> Scanning /Users/macbook/Octo/web/node_modules/@swc/helpers/_/index...
[2026-09-27 14:14:14] [PROGRESS] resolve files> Scanning /Users/macbook/Octo/web/node_modules/@swc/helpers/_/_to_consumable_array...
[2026-09-27 14:14:14] [PROGRESS] resolve files> Scanning /Users/macbook/Octo/web/node_modules/@swc/helpers/_/_to_property_key...
[2026-09-27 14:14:14] [PROGRESS] resolve files> Scanning /Users/macbook/Octo/web/node_modules/@swc/helpers/_/_wrap_native_super...
[2026-09-27 14:14:14] [PROGRESS] resolve files> Scanning /Users/macbook/Octo/web/node_modules/@swc/helpers/_/_apply_decorated_descriptor...
[2026-09-27 14:14:14] [PROGRESS] resolve files> Scanning /Users/macbook/Octo/web/node_modules/@swc/helpers/_/_super_prop_base...
[2026-09-27 14:14:14] [PROGRESS] resolve files> Scanning /Users/macbook/Octo/web/node_modules/@swc/helpers/_/_async_generator...
[2026-09-27 14:14:14] [PROGRESS] resolve files> Scanning /Users/macbook/Octo/web/node_modules/@swc/helpers/_/_define_enumerable_properties...
[2026-09-27 14:14:14] [PROGRESS] resolve files> Scanning /Users/macbook/Octo/web/node_modules/@swc/helpers/_/_class_static_private_field_update...
[2026-09-27 14:14:14] [PROGRESS] resolve files> Scanning /Users/macbook/Octo/web/node_modules/@swc/helpers/_/_skip_first_generator_next...
[2026-09-27 14:14:14] [PROGRESS] resolve files> Scanning /Users/macbook/Octo/web/node_modules/@swc/helpers/_/_await_async_generator...
[2026-09-27 14:14:14] [PROGRESS] resolve files> Scanning /Users/macbook/Octo/web/node_modules/@swc/helpers/_/_ts_add_disposable_resource...
[2026-09-27 14:14:14] [PROGRESS] resolve files> Scanning /Users/macbook/Octo/web/node_modules/@swc/helpers/_/_tagged_template_literal...
[2026-09-27 14:14:14] [PROGRESS] resolve files> Scanning /Users/macbook/Octo/web/node_modules/@swc/helpers/_/_inherits_loose...
[2026-09-27 14:14:14] [PROGRESS] resolve files> Scanning /Users/macbook/Octo/web/node_modules/@swc/helpers/_/_class_check_private_static_access...
[2026-09-27 14:14:14] [PROGRESS] resolve files> Scanning /Users/macbook/Octo/web/node_modules/@swc/helpers/_/_object_spread_props...
[2026-09-27 14:14:14] [PROGRESS] resolve files> Scanning /Users/macbook/Octo/web/node_modules/@swc/helpers/_/_throw...
[2026-09-27 14:14:14] [PROGRESS] resolve files> Scanning /Users/macbook/Octo/web/node_modules/@swc/helpers/_/_defaults...
[2026-09-27 14:14:14] [PROGRESS] resolve files> Scanning /Users/macbook/Octo/web/node_modules/@swc/helpers/_/_object_without_properties_loose...
[2026-09-27 14:14:14] [PROGRESS] resolve files> Scanning /Users/macbook/Octo/web/node_modules/@swc/helpers/_/_define_property...
[2026-09-27 14:14:14] [PROGRESS] resolve files> Scanning /Users/macbook/Octo/web/node_modules/@swc/helpers/_/_class_extract_field_descriptor...
[2026-09-27 14:14:14] [PROGRESS] resolve files> Scanning /Users/macbook/Octo/web/node_modules/@swc/helpers/_/_sliced_to_array_loose...
[2026-09-27 14:14:14] [PROGRESS] resolve files> Scanning /Users/macbook/Octo/web/node_modules/@swc/helpers/_/_async_generator_delegate...
[2026-09-27 14:14:14] [PROGRESS] resolve files> Scanning /Users/macbook/Octo/web/node_modules/@swc/helpers/_/_extends...
[2026-09-27 14:14:14] [PROGRESS] resolve files> Scanning /Users/macbook/Octo/web/node_modules/@swc/helpers/_/_assert_this_initialized...
[2026-09-27 14:14:14] [PROGRESS] resolve files> Scanning /Users/macbook/Octo/web/node_modules/@swc/helpers/_/_class_private_field_update...
[2026-09-27 14:14:14] [PROGRESS] resolve files> Scanning /Users/macbook/Octo/web/node_modules/@swc/helpers/_/_class_apply_descriptor_set...
[2026-09-27 14:14:14] [PROGRESS] resolve files> Scanning /Users/macbook/Octo/web/node_modules/@swc/helpers/_/_await_value...
[2026-09-27 14:14:14] [PROGRESS] resolve files> Scanning /Users/macbook/Octo/web/node_modules/@swc/helpers/_/_type_of...
[2026-09-27 14:14:14] [PROGRESS] resolve files> Scanning /Users/macbook/Octo/web/node_modules/@swc/helpers/_/_is_native_reflect_construct...
[2026-09-27 14:14:14] [PROGRESS] resolve files> Scanning /Users/macbook/Octo/web/node_modules/@swc/helpers/_/_update...
[2026-09-27 14:14:14] [PROGRESS] resolve files> Scanning /Users/macbook/Octo/web/node_modules/@swc/helpers/_/_array_like_to_array...
[2026-09-27 14:14:14] [PROGRESS] resolve files> Scanning /Users/macbook/Octo/web/node_modules/@swc/helpers/scripts...
[2026-09-27 14:14:14] [PROGRESS] resolve files> Scanning /Users/macbook/Octo/web/node_modules/@swc/helpers/src...
[2026-09-27 14:14:14] [PROGRESS] resolve files> Scanning /Users/macbook/Octo/web/node_modules/@swc/helpers/cjs...
[2026-09-27 14:14:14] [PROGRESS] resolve files> Scanning /Users/macbook/Octo/web/node_modules/postcss...
[2026-09-27 14:14:14] [PROGRESS] resolve files> Scanning /Users/macbook/Octo/web/node_modules/postcss/lib...
[2026-09-27 14:14:14] [PROGRESS] resolve files> Scanning /Users/macbook/Octo/web/node_modules/lucide-react...
[2026-09-27 14:14:14] [PROGRESS] resolve files> Scanning /Users/macbook/Octo/web/node_modules/lucide-react/dist...
[2026-09-27 14:14:14] [PROGRESS] resolve files> Scanning /Users/macbook/Octo/web/node_modules/lucide-react/dist/esm...
[2026-09-27 14:14:14] [PROGRESS] resolve files> Scanning /Users/macbook/Octo/web/node_modules/lucide-react/dist/esm/shared...
[2026-09-27 14:14:14] [PROGRESS] resolve files> Scanning /Users/macbook/Octo/web/node_modules/lucide-react/dist/esm/shared/src...
[2026-09-27 14:14:14] [PROGRESS] resolve files> Scanning /Users/macbook/Octo/web/node_modules/lucide-react/dist/esm/icons...
[2026-09-27 14:14:14] [PROGRESS] resolve files> Scanning /Users/macbook/Octo/web/node_modules/lucide-react/dist/umd...
[2026-09-27 14:14:14] [PROGRESS] resolve files> Scanning /Users/macbook/Octo/web/node_modules/lucide-react/dist/cjs...
[2026-09-27 14:14:14] [PROGRESS] resolve files> Scanning /Users/macbook/Octo/web/node_modules/scheduler...
[2026-09-27 14:14:14] [PROGRESS] resolve files> Scanning /Users/macbook/Octo/web/node_modules/scheduler/cjs...
[2026-09-27 14:14:14] [PROGRESS] resolve files> Scanning /Users/macbook/Octo/web/node_modules/undici-types...
[2026-09-27 14:14:14] [PROGRESS] resolve files> Scanning /Users/macbook/Octo/web/node_modules/motion...
[2026-09-27 14:14:14] [PROGRESS] resolve files> Scanning /Users/macbook/Octo/web/node_modules/motion/mini...
[2026-09-27 14:14:14] [PROGRESS] resolve files> Scanning /Users/macbook/Octo/web/node_modules/motion/dist...
[2026-09-27 14:14:14] [PROGRESS] resolve files> Scanning /Users/macbook/Octo/web/node_modules/motion/dist/es...
[2026-09-27 14:14:14] [PROGRESS] resolve files> Scanning /Users/macbook/Octo/web/node_modules/motion/dist/es/motion-utils...
[2026-09-27 14:14:14] [PROGRESS] resolve files> Scanning /Users/macbook/Octo/web/node_modules/motion/dist/es/motion-utils/dist...
[2026-09-27 14:14:14] [PROGRESS] resolve files> Scanning /Users/macbook/Octo/web/node_modules/motion/dist/es/motion-utils/dist/es...
[2026-09-27 14:14:14] [PROGRESS] resolve files> Scanning /Users/macbook/Octo/web/node_modules/motion/dist/es/motion...
[2026-09-27 14:14:14] [PROGRESS] resolve files> Scanning /Users/macbook/Octo/web/node_modules/motion/dist/es/motion/lib...
[2026-09-27 14:14:14] [PROGRESS] resolve files> Scanning /Users/macbook/Octo/web/node_modules/motion/dist/es/motion-dom...
[2026-09-27 14:14:14] [PROGRESS] resolve files> Scanning /Users/macbook/Octo/web/node_modules/motion/dist/es/motion-dom/dist...
[2026-09-27 14:14:14] [PROGRESS] resolve files> Scanning /Users/macbook/Octo/web/node_modules/motion/dist/es/motion-dom/dist/es...
[2026-09-27 14:14:14] [PROGRESS] resolve files> Scanning /Users/macbook/Octo/web/node_modules/motion/dist/es/motion-dom/dist/es/animation...
[2026-09-27 14:14:14] [PROGRESS] resolve files> Scanning /Users/macbook/Octo/web/node_modules/motion/dist/es/motion-dom/dist/es/animation/waapi...
[2026-09-27 14:14:14] [PROGRESS] resolve files> Scanning /Users/macbook/Octo/web/node_modules/motion/dist/es/motion-dom/dist/es/animation/waapi/utils...
[2026-09-27 14:14:14] [PROGRESS] resolve files> Scanning /Users/macbook/Octo/web/node_modules/motion/dist/es/motion-dom/dist/es/animation/utils...
[2026-09-27 14:14:14] [PROGRESS] resolve files> Scanning /Users/macbook/Octo/web/node_modules/motion/dist/es/motion-dom/dist/es/animation/controls...
[2026-09-27 14:14:14] [PROGRESS] resolve files> Scanning /Users/macbook/Octo/web/node_modules/motion/dist/es/motion-dom/dist/es/animation/generators...
[2026-09-27 14:14:14] [PROGRESS] resolve files> Scanning /Users/macbook/Octo/web/node_modules/motion/dist/es/motion-dom/dist/es/animation/generators/utils...
[2026-09-27 14:14:14] [PROGRESS] resolve files> Scanning /Users/macbook/Octo/web/node_modules/motion/dist/es/motion-dom/dist/es/utils...
[2026-09-27 14:14:14] [PROGRESS] resolve files> Scanning /Users/macbook/Octo/web/node_modules/motion/dist/es/motion-dom/dist/es/utils/supports...
[2026-09-27 14:14:14] [PROGRESS] resolve files> Scanning /Users/macbook/Octo/web/node_modules/motion/dist/es/motion-dom/dist/es/gestures...
[2026-09-27 14:14:14] [PROGRESS] resolve files> Scanning /Users/macbook/Octo/web/node_modules/motion/dist/es/motion-dom/dist/es/gestures/press...
[2026-09-27 14:14:14] [PROGRESS] resolve files> Scanning /Users/macbook/Octo/web/node_modules/motion/dist/es/motion-dom/dist/es/gestures/press/utils...
[2026-09-27 14:14:14] [PROGRESS] resolve files> Scanning /Users/macbook/Octo/web/node_modules/motion/dist/es/motion-dom/dist/es/gestures/utils...
[2026-09-27 14:14:14] [PROGRESS] resolve files> Scanning /Users/macbook/Octo/web/node_modules/motion/dist/es/motion-dom/dist/es/gestures/drag...
[2026-09-27 14:14:14] [PROGRESS] resolve files> Scanning /Users/macbook/Octo/web/node_modules/motion/dist/es/motion-dom/dist/es/gestures/drag/state...
[2026-09-27 14:14:14] [PROGRESS] resolve files> Scanning /Users/macbook/Octo/web/node_modules/motion/dist/es/framer-motion...
[2026-09-27 14:14:14] [PROGRESS] resolve files> Scanning /Users/macbook/Octo/web/node_modules/motion/dist/es/framer-motion/dist...
[2026-09-27 14:14:14] [PROGRESS] resolve files> Scanning /Users/macbook/Octo/web/node_modules/motion/dist/es/framer-motion/dist/es...
[2026-09-27 14:14:14] [PROGRESS] resolve files> Scanning /Users/macbook/Octo/web/node_modules/motion/dist/es/framer-motion/dist/es/easing...
[2026-09-27 14:14:14] [PROGRESS] resolve files> Scanning /Users/macbook/Octo/web/node_modules/motion/dist/es/framer-motion/dist/es/easing/modifiers...
[2026-09-27 14:14:14] [PROGRESS] resolve files> Scanning /Users/macbook/Octo/web/node_modules/motion/dist/es/framer-motion/dist/es/easing/utils...
[2026-09-27 14:14:14] [PROGRESS] resolve files> Scanning /Users/macbook/Octo/web/node_modules/motion/dist/es/framer-motion/dist/es/context...
[2026-09-27 14:14:14] [PROGRESS] resolve files> Scanning /Users/macbook/Octo/web/node_modules/motion/dist/es/framer-motion/dist/es/context/MotionContext...
[2026-09-27 14:14:14] [PROGRESS] resolve files> Scanning /Users/macbook/Octo/web/node_modules/motion/dist/es/framer-motion/dist/es/value...
[2026-09-27 14:14:14] [PROGRESS] resolve files> Scanning /Users/macbook/Octo/web/node_modules/motion/dist/es/framer-motion/dist/es/value/use-will-change...
[2026-09-27 14:14:14] [PROGRESS] resolve files> Scanning /Users/macbook/Octo/web/node_modules/motion/dist/es/framer-motion/dist/es/value/types...
[2026-09-27 14:14:14] [PROGRESS] resolve files> Scanning /Users/macbook/Octo/web/node_modules/motion/dist/es/framer-motion/dist/es/value/types/numbers...
[2026-09-27 14:14:14] [PROGRESS] resolve files> Scanning /Users/macbook/Octo/web/node_modules/motion/dist/es/framer-motion/dist/es/value/types/complex...
[2026-09-27 14:14:14] [PROGRESS] resolve files> Scanning /Users/macbook/Octo/web/node_modules/motion/dist/es/framer-motion/dist/es/value/types/color...
[2026-09-27 14:14:14] [PROGRESS] resolve files> Scanning /Users/macbook/Octo/web/node_modules/motion/dist/es/framer-motion/dist/es/value/types/utils...
[2026-09-27 14:14:14] [PROGRESS] resolve files> Scanning /Users/macbook/Octo/web/node_modules/motion/dist/es/framer-motion/dist/es/value/scroll...
[2026-09-27 14:14:14] [PROGRESS] resolve files> Scanning /Users/macbook/Octo/web/node_modules/motion/dist/es/framer-motion/dist/es/value/utils...
[2026-09-27 14:14:14] [PROGRESS] resolve files> Scanning /Users/macbook/Octo/web/node_modules/motion/dist/es/framer-motion/dist/es/render...
[2026-09-27 14:14:14] [PROGRESS] resolve files> Scanning /Users/macbook/Octo/web/node_modules/motion/dist/es/framer-motion/dist/es/render/svg...
[2026-09-27 14:14:14] [PROGRESS] resolve files> Scanning /Users/macbook/Octo/web/node_modules/motion/dist/es/framer-motion/dist/es/render/svg/utils...
[2026-09-27 14:14:14] [PROGRESS] resolve files> Scanning /Users/macbook/Octo/web/node_modules/motion/dist/es/framer-motion/dist/es/render/utils...
[2026-09-27 14:14:14] [PROGRESS] resolve files> Scanning /Users/macbook/Octo/web/node_modules/motion/dist/es/framer-motion/dist/es/render/html...
[2026-09-27 14:14:14] [PROGRESS] resolve files> Scanning /Users/macbook/Octo/web/node_modules/motion/dist/es/framer-motion/dist/es/render/html/utils...
[2026-09-27 14:14:14] [PROGRESS] resolve files> Scanning /Users/macbook/Octo/web/node_modules/motion/dist/es/framer-motion/dist/es/render/components...
[2026-09-27 14:14:14] [PROGRESS] resolve files> Scanning /Users/macbook/Octo/web/node_modules/motion/dist/es/framer-motion/dist/es/render/components/motion...
[2026-09-27 14:14:14] [PROGRESS] resolve files> Scanning /Users/macbook/Octo/web/node_modules/motion/dist/es/framer-motion/dist/es/render/components/m...
[2026-09-27 14:14:14] [PROGRESS] resolve files> Scanning /Users/macbook/Octo/web/node_modules/motion/dist/es/framer-motion/dist/es/render/object...
[2026-09-27 14:14:14] [PROGRESS] resolve files> Scanning /Users/macbook/Octo/web/node_modules/motion/dist/es/framer-motion/dist/es/render/dom...
[2026-09-27 14:14:14] [PROGRESS] resolve files> Scanning /Users/macbook/Octo/web/node_modules/motion/dist/es/framer-motion/dist/es/render/dom/viewport...
[2026-09-27 14:14:14] [PROGRESS] resolve files> Scanning /Users/macbook/Octo/web/node_modules/motion/dist/es/framer-motion/dist/es/render/dom/scroll...
[2026-09-27 14:14:14] [PROGRESS] resolve files> Scanning /Users/macbook/Octo/web/node_modules/motion/dist/es/framer-motion/dist/es/render/dom/scroll/offsets...
[2026-09-27 14:14:14] [PROGRESS] resolve files> Scanning /Users/macbook/Octo/web/node_modules/motion/dist/es/framer-motion/dist/es/render/dom/utils...
[2026-09-27 14:14:14] [PROGRESS] resolve files> Scanning /Users/macbook/Octo/web/node_modules/motion/dist/es/framer-motion/dist/es/render/dom/value-types...
[2026-09-27 14:14:14] [PROGRESS] resolve files> Scanning /Users/macbook/Octo/web/node_modules/motion/dist/es/framer-motion/dist/es/render/dom/resize...
[2026-09-27 14:14:14] [PROGRESS] resolve files> Scanning /Users/macbook/Octo/web/node_modules/motion/dist/es/framer-motion/dist/es/animation...
[2026-09-27 14:14:14] [PROGRESS] resolve files> Scanning /Users/macbook/Octo/web/node_modules/motion/dist/es/framer-motion/dist/es/animation/animate...
[2026-09-27 14:14:14] [PROGRESS] resolve files> Scanning /Users/macbook/Octo/web/node_modules/motion/dist/es/framer-motion/dist/es/animation/animators...
[2026-09-27 14:14:14] [PROGRESS] resolve files> Scanning /Users/macbook/Octo/web/node_modules/motion/dist/es/framer-motion/dist/es/animation/animators/waapi...
[2026-09-27 14:14:14] [PROGRESS] resolve files> Scanning /Users/macbook/Octo/web/node_modules/motion/dist/es/framer-motion/dist/es/animation/animators/waapi/utils...
[2026-09-27 14:14:14] [PROGRESS] resolve files> Scanning /Users/macbook/Octo/web/node_modules/motion/dist/es/framer-motion/dist/es/animation/animators/drivers...
[2026-09-27 14:14:14] [PROGRESS] resolve files> Scanning /Users/macbook/Octo/web/node_modules/motion/dist/es/framer-motion/dist/es/animation/animators/utils...
[2026-09-27 14:14:14] [PROGRESS] resolve files> Scanning /Users/macbook/Octo/web/node_modules/motion/dist/es/framer-motion/dist/es/animation/utils...
[2026-09-27 14:14:14] [PROGRESS] resolve files> Scanning /Users/macbook/Octo/web/node_modules/motion/dist/es/framer-motion/dist/es/animation/hooks...
[2026-09-27 14:14:14] [PROGRESS] resolve files> Scanning /Users/macbook/Octo/web/node_modules/motion/dist/es/framer-motion/dist/es/animation/generators...
[2026-09-27 14:14:14] [PROGRESS] resolve files> Scanning /Users/macbook/Octo/web/node_modules/motion/dist/es/framer-motion/dist/es/animation/generators/utils...
[2026-09-27 14:14:14] [PROGRESS] resolve files> Scanning /Users/macbook/Octo/web/node_modules/motion/dist/es/framer-motion/dist/es/animation/generators/spring...
[2026-09-27 14:14:14] [PROGRESS] resolve files> Scanning /Users/macbook/Octo/web/node_modules/motion/dist/es/framer-motion/dist/es/animation/optimized-appear...
[2026-09-27 14:14:14] [PROGRESS] resolve files> Scanning /Users/macbook/Octo/web/node_modules/motion/dist/es/framer-motion/dist/es/animation/sequence...
[2026-09-27 14:14:14] [PROGRESS] resolve files> Scanning /Users/macbook/Octo/web/node_modules/motion/dist/es/framer-motion/dist/es/animation/sequence/utils...
[2026-09-27 14:14:14] [PROGRESS] resolve files> Scanning /Users/macbook/Octo/web/node_modules/motion/dist/es/framer-motion/dist/es/animation/interfaces...
[2026-09-27 14:14:14] [PROGRESS] resolve files> Scanning /Users/macbook/Octo/web/node_modules/motion/dist/es/framer-motion/dist/es/frameloop...
[2026-09-27 14:14:14] [PROGRESS] resolve files> Scanning /Users/macbook/Octo/web/node_modules/motion/dist/es/framer-motion/dist/es/utils...
[2026-09-27 14:14:14] [PROGRESS] resolve files> Scanning /Users/macbook/Octo/web/node_modules/motion/dist/es/framer-motion/dist/es/utils/mix...
[2026-09-27 14:14:14] [PROGRESS] resolve files> Scanning /Users/macbook/Octo/web/node_modules/motion/dist/es/framer-motion/dist/es/utils/reduced-motion...
[2026-09-27 14:14:14] [PROGRESS] resolve files> Scanning /Users/macbook/Octo/web/node_modules/motion/dist/es/framer-motion/dist/es/utils/offsets...
[2026-09-27 14:14:14] [PROGRESS] resolve files> Scanning /Users/macbook/Octo/web/node_modules/motion/dist/es/framer-motion/dist/es/motion...
[2026-09-27 14:14:14] [PROGRESS] resolve files> Scanning /Users/macbook/Octo/web/node_modules/motion/dist/es/framer-motion/dist/es/motion/features...
[2026-09-27 14:14:14] [PROGRESS] resolve files> Scanning /Users/macbook/Octo/web/node_modules/motion/dist/es/framer-motion/dist/es/motion/features/viewport...
[2026-09-27 14:14:14] [PROGRESS] resolve files> Scanning /Users/macbook/Octo/web/node_modules/motion/dist/es/framer-motion/dist/es/motion/features/layout...
[2026-09-27 14:14:14] [PROGRESS] resolve files> Scanning /Users/macbook/Octo/web/node_modules/motion/dist/es/framer-motion/dist/es/motion/features/animation...
[2026-09-27 14:14:14] [PROGRESS] resolve files> Scanning /Users/macbook/Octo/web/node_modules/motion/dist/es/framer-motion/dist/es/motion/utils...
[2026-09-27 14:14:14] [PROGRESS] resolve files> Scanning /Users/macbook/Octo/web/node_modules/motion/dist/es/framer-motion/dist/es/components...
[2026-09-27 14:14:14] [PROGRESS] resolve files> Scanning /Users/macbook/Octo/web/node_modules/motion/dist/es/framer-motion/dist/es/components/Reorder...
[2026-09-27 14:14:14] [PROGRESS] resolve files> Scanning /Users/macbook/Octo/web/node_modules/motion/dist/es/framer-motion/dist/es/components/Reorder/utils...
[2026-09-27 14:14:14] [PROGRESS] resolve files> Scanning /Users/macbook/Octo/web/node_modules/motion/dist/es/framer-motion/dist/es/components/LayoutGroup...
[2026-09-27 14:14:14] [PROGRESS] resolve files> Scanning /Users/macbook/Octo/web/node_modules/motion/dist/es/framer-motion/dist/es/components/MotionConfig...
[2026-09-27 14:14:14] [PROGRESS] resolve files> Scanning /Users/macbook/Octo/web/node_modules/motion/dist/es/framer-motion/dist/es/components/AnimatePresence...
[2026-09-27 14:14:14] [PROGRESS] resolve files> Scanning /Users/macbook/Octo/web/node_modules/motion/dist/es/framer-motion/dist/es/components/LazyMotion...
[2026-09-27 14:14:14] [PROGRESS] resolve files> Scanning /Users/macbook/Octo/web/node_modules/motion/dist/es/framer-motion/dist/es/gestures...
[2026-09-27 14:14:14] [PROGRESS] resolve files> Scanning /Users/macbook/Octo/web/node_modules/motion/dist/es/framer-motion/dist/es/gestures/drag...
[2026-09-27 14:14:14] [PROGRESS] resolve files> Scanning /Users/macbook/Octo/web/node_modules/motion/dist/es/framer-motion/dist/es/gestures/drag/utils...
[2026-09-27 14:14:14] [PROGRESS] resolve files> Scanning /Users/macbook/Octo/web/node_modules/motion/dist/es/framer-motion/dist/es/gestures/pan...
[2026-09-27 14:14:14] [PROGRESS] resolve files> Scanning /Users/macbook/Octo/web/node_modules/motion/dist/es/framer-motion/dist/es/events...
[2026-09-27 14:14:14] [PROGRESS] resolve files> Scanning /Users/macbook/Octo/web/node_modules/motion/dist/es/framer-motion/dist/es/projection...
[2026-09-27 14:14:14] [PROGRESS] resolve files> Scanning /Users/macbook/Octo/web/node_modules/motion/dist/es/framer-motion/dist/es/projection/animation...
[2026-09-27 14:14:14] [PROGRESS] resolve files> Scanning /Users/macbook/Octo/web/node_modules/motion/dist/es/framer-motion/dist/es/projection/utils...
[2026-09-27 14:14:14] [PROGRESS] resolve files> Scanning /Users/macbook/Octo/web/node_modules/motion/dist/es/framer-motion/dist/es/projection/shared...
[2026-09-27 14:14:14] [PROGRESS] resolve files> Scanning /Users/macbook/Octo/web/node_modules/motion/dist/es/framer-motion/dist/es/projection/styles...
[2026-09-27 14:14:14] [PROGRESS] resolve files> Scanning /Users/macbook/Octo/web/node_modules/motion/dist/es/framer-motion/dist/es/projection/geometry...
[2026-09-27 14:14:14] [PROGRESS] resolve files> Scanning /Users/macbook/Octo/web/node_modules/motion/dist/es/framer-motion/dist/es/projection/node...
[2026-09-27 14:14:14] [PROGRESS] resolve files> Scanning /Users/macbook/Octo/web/node_modules/motion/dist/cjs...
[2026-09-27 14:14:14] [PROGRESS] resolve files> Scanning /Users/macbook/Octo/web/node_modules/motion/react-m...
[2026-09-27 14:14:14] [PROGRESS] resolve files> Scanning /Users/macbook/Octo/web/node_modules/motion/react...
[2026-09-27 14:14:14] [PROGRESS] resolve files> Scanning /Users/macbook/Octo/web/node_modules/motion/react-client...
[2026-09-27 14:14:14] [PROGRESS] resolve files> Scanning /Users/macbook/Octo/web/node_modules/enhanced-resolve...
[2026-09-27 14:14:14] [PROGRESS] resolve files> Scanning /Users/macbook/Octo/web/node_modules/enhanced-resolve/lib...
[2026-09-27 14:14:14] [PROGRESS] resolve files> Scanning /Users/macbook/Octo/web/node_modules/enhanced-resolve/lib/util...
[2026-09-27 14:14:14] [PROGRESS] resolve files> Scanning /Users/macbook/Octo/web/node_modules/motion-dom...
[2026-09-27 14:14:14] [PROGRESS] resolve files> Scanning /Users/macbook/Octo/web/node_modules/motion-dom/dist...
[2026-09-27 14:14:14] [PROGRESS] resolve files> Scanning /Users/macbook/Octo/web/node_modules/motion-dom/dist/es...
[2026-09-27 14:14:14] [PROGRESS] resolve files> Scanning /Users/macbook/Octo/web/node_modules/motion-dom/dist/es/animation...
[2026-09-27 14:14:14] [PROGRESS] resolve files> Scanning /Users/macbook/Octo/web/node_modules/motion-dom/dist/es/animation/waapi...
[2026-09-27 14:14:14] [PROGRESS] resolve files> Scanning /Users/macbook/Octo/web/node_modules/motion-dom/dist/es/animation/waapi/utils...
[2026-09-27 14:14:14] [PROGRESS] resolve files> Scanning /Users/macbook/Octo/web/node_modules/motion-dom/dist/es/animation/utils...
[2026-09-27 14:14:14] [PROGRESS] resolve files> Scanning /Users/macbook/Octo/web/node_modules/motion-dom/dist/es/animation/controls...
[2026-09-27 14:14:14] [PROGRESS] resolve files> Scanning /Users/macbook/Octo/web/node_modules/motion-dom/dist/es/animation/generators...
[2026-09-27 14:14:14] [PROGRESS] resolve files> Scanning /Users/macbook/Octo/web/node_modules/motion-dom/dist/es/animation/generators/utils...
[2026-09-27 14:14:14] [PROGRESS] resolve files> Scanning /Users/macbook/Octo/web/node_modules/motion-dom/dist/es/utils...
[2026-09-27 14:14:14] [PROGRESS] resolve files> Scanning /Users/macbook/Octo/web/node_modules/motion-dom/dist/es/utils/supports...
[2026-09-27 14:14:14] [PROGRESS] resolve files> Scanning /Users/macbook/Octo/web/node_modules/motion-dom/dist/es/gestures...
[2026-09-27 14:14:14] [PROGRESS] resolve files> Scanning /Users/macbook/Octo/web/node_modules/motion-dom/dist/es/gestures/press...
[2026-09-27 14:14:14] [PROGRESS] resolve files> Scanning /Users/macbook/Octo/web/node_modules/motion-dom/dist/es/gestures/press/utils...
[2026-09-27 14:14:14] [PROGRESS] resolve files> Scanning /Users/macbook/Octo/web/node_modules/motion-dom/dist/es/gestures/utils...
[2026-09-27 14:14:14] [PROGRESS] resolve files> Scanning /Users/macbook/Octo/web/node_modules/motion-dom/dist/es/gestures/drag...
[2026-09-27 14:14:14] [PROGRESS] resolve files> Scanning /Users/macbook/Octo/web/node_modules/motion-dom/dist/es/gestures/drag/state...
[2026-09-27 14:14:14] [PROGRESS] resolve files> Scanning /Users/macbook/Octo/web/node_modules/motion-dom/dist/es/view...
[2026-09-27 14:14:14] [PROGRESS] resolve files> Scanning /Users/macbook/Octo/web/node_modules/motion-dom/dist/es/view/utils...
[2026-09-27 14:14:14] [PROGRESS] resolve files> Scanning /Users/macbook/Octo/web/node_modules/motion-dom/dist/cjs...
[2026-09-27 14:14:14] [PROGRESS] resolve files> Scanning /Users/macbook/Octo/web/node_modules/react-dom...
[2026-09-27 14:14:14] [PROGRESS] resolve files> Scanning /Users/macbook/Octo/web/node_modules/react-dom/cjs...
[2026-09-27 14:14:14] [PROGRESS] resolve files> Scanning /Users/macbook/Octo/web/node_modules/clsx...
[2026-09-27 14:14:14] [PROGRESS] resolve files> Scanning /Users/macbook/Octo/web/node_modules/clsx/dist...
[2026-09-27 14:14:14] [PROGRESS] resolve files> Scanning /Users/macbook/Octo/web/node_modules/picocolors...
[2026-09-27 14:14:14] [PROGRESS] resolve files> Scanning /Users/macbook/Octo/web/node_modules/semver...
[2026-09-27 14:14:14] [PROGRESS] resolve files> Scanning /Users/macbook/Octo/web/node_modules/semver/ranges...
[2026-09-27 14:14:14] [PROGRESS] resolve files> Scanning /Users/macbook/Octo/web/node_modules/semver/bin...
[2026-09-27 14:14:14] [PROGRESS] resolve files> Scanning /Users/macbook/Octo/web/node_modules/semver/classes...
[2026-09-27 14:14:14] [PROGRESS] resolve files> Scanning /Users/macbook/Octo/web/node_modules/semver/internal...
[2026-09-27 14:14:14] [PROGRESS] resolve files> Scanning /Users/macbook/Octo/web/node_modules/semver/functions...
[2026-09-27 14:14:14] [PROGRESS] resolve files> Scanning /Users/macbook/Octo/web/node_modules/client-only...
[2026-09-27 14:14:14] [PROGRESS] resolve files> Scanning /Users/macbook/Octo/web/node_modules/@img...
[2026-09-27 14:14:14] [PROGRESS] resolve files> Scanning /Users/macbook/Octo/web/node_modules/@img/sharp-wasm32...
[2026-09-27 14:14:14] [PROGRESS] resolve files> Scanning /Users/macbook/Octo/web/node_modules/@img/sharp-wasm32/lib...
[2026-09-27 14:14:14] [PROGRESS] resolve files> Scanning /Users/macbook/Octo/web/node_modules/@img/sharp-libvips-darwin-arm64...
[2026-09-27 14:14:14] [PROGRESS] resolve files> Scanning /Users/macbook/Octo/web/node_modules/@img/sharp-libvips-darwin-arm64/lib...
[2026-09-27 14:14:14] [PROGRESS] resolve files> Scanning /Users/macbook/Octo/web/node_modules/@img/sharp-libvips-darwin-arm64/lib/glib-2.0...
[2026-09-27 14:14:14] [PROGRESS] resolve files> Scanning /Users/macbook/Octo/web/node_modules/@img/sharp-libvips-darwin-arm64/lib/glib-2.0/include...
[2026-09-27 14:14:14] [PROGRESS] resolve files> Scanning /Users/macbook/Octo/web/node_modules/@img/sharp-darwin-arm64...
[2026-09-27 14:14:14] [PROGRESS] resolve files> Scanning /Users/macbook/Octo/web/node_modules/@img/sharp-darwin-arm64/lib...
[2026-09-27 14:14:14] [PROGRESS] resolve files> Scanning /Users/macbook/Octo/web/node_modules/@img/colour...
[2026-09-27 14:14:14] [PROGRESS] resolve files> Scanning /Users/macbook/Octo/web/node_modules/@supabase...
[2026-09-27 14:14:14] [PROGRESS] resolve files> Scanning /Users/macbook/Octo/web/node_modules/@supabase/functions-js...
[2026-09-27 14:14:14] [PROGRESS] resolve files> Scanning /Users/macbook/Octo/web/node_modules/@supabase/functions-js/migrations...
[2026-09-27 14:14:14] [PROGRESS] resolve files> Scanning /Users/macbook/Octo/web/node_modules/@supabase/functions-js/dist...
[2026-09-27 14:14:14] [PROGRESS] resolve files> Scanning /Users/macbook/Octo/web/node_modules/@supabase/functions-js/dist/module...
[2026-09-27 14:14:14] [PROGRESS] resolve files> Scanning /Users/macbook/Octo/web/node_modules/@supabase/functions-js/dist/main...
[2026-09-27 14:14:14] [PROGRESS] resolve files> Scanning /Users/macbook/Octo/web/node_modules/@supabase/functions-js/src...
[2026-09-27 14:14:14] [PROGRESS] resolve files> Scanning /Users/macbook/Octo/web/node_modules/@supabase/auth-js...
[2026-09-27 14:14:14] [PROGRESS] resolve files> Scanning /Users/macbook/Octo/web/node_modules/@supabase/auth-js/migrations...
[2026-09-27 14:14:14] [PROGRESS] resolve files> Scanning /Users/macbook/Octo/web/node_modules/@supabase/auth-js/dist...
[2026-09-27 14:14:14] [PROGRESS] resolve files> Scanning /Users/macbook/Octo/web/node_modules/@supabase/auth-js/dist/module...
[2026-09-27 14:14:14] [PROGRESS] resolve files> Scanning /Users/macbook/Octo/web/node_modules/@supabase/auth-js/dist/module/lib...
[2026-09-27 14:14:14] [PROGRESS] resolve files> Scanning /Users/macbook/Octo/web/node_modules/@supabase/auth-js/dist/module/lib/web3...
[2026-09-27 14:14:14] [PROGRESS] resolve files> Scanning /Users/macbook/Octo/web/node_modules/@supabase/auth-js/dist/main...
[2026-09-27 14:14:14] [PROGRESS] resolve files> Scanning /Users/macbook/Octo/web/node_modules/@supabase/auth-js/dist/main/lib...
[2026-09-27 14:14:14] [PROGRESS] resolve files> Scanning /Users/macbook/Octo/web/node_modules/@supabase/auth-js/dist/main/lib/web3...
[2026-09-27 14:14:14] [PROGRESS] resolve files> Scanning /Users/macbook/Octo/web/node_modules/@supabase/auth-js/src...
[2026-09-27 14:14:14] [PROGRESS] resolve files> Scanning /Users/macbook/Octo/web/node_modules/@supabase/auth-js/src/lib...
[2026-09-27 14:14:14] [PROGRESS] resolve files> Scanning /Users/macbook/Octo/web/node_modules/@supabase/auth-js/src/lib/web3...
[2026-09-27 14:14:14] [PROGRESS] resolve files> Scanning /Users/macbook/Octo/web/node_modules/@supabase/supabase-js...
[2026-09-27 14:14:14] [PROGRESS] resolve files> Scanning /Users/macbook/Octo/web/node_modules/@supabase/supabase-js/migrations...
[2026-09-27 14:14:14] [PROGRESS] resolve files> Scanning /Users/macbook/Octo/web/node_modules/@supabase/supabase-js/dist...
[2026-09-27 14:14:14] [PROGRESS] resolve files> Scanning /Users/macbook/Octo/web/node_modules/@supabase/supabase-js/dist/umd...
[2026-09-27 14:14:14] [PROGRESS] resolve files> Scanning /Users/macbook/Octo/web/node_modules/@supabase/supabase-js/src...
[2026-09-27 14:14:14] [PROGRESS] resolve files> Scanning /Users/macbook/Octo/web/node_modules/@supabase/supabase-js/src/lib...
[2026-09-27 14:14:14] [PROGRESS] resolve files> Scanning /Users/macbook/Octo/web/node_modules/@supabase/supabase-js/src/lib/rest...
[2026-09-27 14:14:14] [PROGRESS] resolve files> Scanning /Users/macbook/Octo/web/node_modules/@supabase/supabase-js/src/lib/rest/types...
[2026-09-27 14:14:14] [PROGRESS] resolve files> Scanning /Users/macbook/Octo/web/node_modules/@supabase/supabase-js/src/lib/rest/types/common...
[2026-09-27 14:14:14] [PROGRESS] resolve files> Scanning /Users/macbook/Octo/web/node_modules/@supabase/realtime-js...
[2026-09-27 14:14:14] [PROGRESS] resolve files> Scanning /Users/macbook/Octo/web/node_modules/@supabase/realtime-js/migrations...
[2026-09-27 14:14:14] [PROGRESS] resolve files> Scanning /Users/macbook/Octo/web/node_modules/@supabase/realtime-js/dist...
[2026-09-27 14:14:14] [PROGRESS] resolve files> Scanning /Users/macbook/Octo/web/node_modules/@supabase/realtime-js/dist/module...
[2026-09-27 14:14:14] [PROGRESS] resolve files> Scanning /Users/macbook/Octo/web/node_modules/@supabase/realtime-js/dist/module/phoenix...
[2026-09-27 14:14:14] [PROGRESS] resolve files> Scanning /Users/macbook/Octo/web/node_modules/@supabase/realtime-js/dist/module/lib...
[2026-09-27 14:14:14] [PROGRESS] resolve files> Scanning /Users/macbook/Octo/web/node_modules/@supabase/realtime-js/dist/main...
[2026-09-27 14:14:14] [PROGRESS] resolve files> Scanning /Users/macbook/Octo/web/node_modules/@supabase/realtime-js/dist/main/phoenix...
[2026-09-27 14:14:14] [PROGRESS] resolve files> Scanning /Users/macbook/Octo/web/node_modules/@supabase/realtime-js/dist/main/lib...
[2026-09-27 14:14:14] [PROGRESS] resolve files> Scanning /Users/macbook/Octo/web/node_modules/@supabase/realtime-js/src...
[2026-09-27 14:14:14] [PROGRESS] resolve files> Scanning /Users/macbook/Octo/web/node_modules/@supabase/realtime-js/src/phoenix...
[2026-09-27 14:14:14] [PROGRESS] resolve files> Scanning /Users/macbook/Octo/web/node_modules/@supabase/realtime-js/src/lib...
[2026-09-27 14:14:14] [PROGRESS] resolve files> Scanning /Users/macbook/Octo/web/node_modules/@supabase/phoenix...
[2026-09-27 14:14:14] [PROGRESS] resolve files> Scanning /Users/macbook/Octo/web/node_modules/@supabase/phoenix/priv...
[2026-09-27 14:14:14] [PROGRESS] resolve files> Scanning /Users/macbook/Octo/web/node_modules/@supabase/phoenix/priv/static...
[2026-09-27 14:14:14] [PROGRESS] resolve files> Scanning /Users/macbook/Octo/web/node_modules/@supabase/phoenix/priv/static/types...
[2026-09-27 14:14:14] [PROGRESS] resolve files> Scanning /Users/macbook/Octo/web/node_modules/@supabase/phoenix/assets...
[2026-09-27 14:14:14] [PROGRESS] resolve files> Scanning /Users/macbook/Octo/web/node_modules/@supabase/phoenix/assets/js...
[2026-09-27 14:14:14] [PROGRESS] resolve files> Scanning /Users/macbook/Octo/web/node_modules/@supabase/phoenix/assets/js/phoenix...
[2026-09-27 14:14:14] [PROGRESS] resolve files> Scanning /Users/macbook/Octo/web/node_modules/@supabase/storage-js...
[2026-09-27 14:14:14] [PROGRESS] resolve files> Scanning /Users/macbook/Octo/web/node_modules/@supabase/storage-js/migrations...
[2026-09-27 14:14:14] [PROGRESS] resolve files> Scanning /Users/macbook/Octo/web/node_modules/@supabase/storage-js/dist...
[2026-09-27 14:14:14] [PROGRESS] resolve files> Scanning /Users/macbook/Octo/web/node_modules/@supabase/storage-js/dist/umd...
[2026-09-27 14:14:14] [PROGRESS] resolve files> Scanning /Users/macbook/Octo/web/node_modules/@supabase/storage-js/src...
[2026-09-27 14:14:14] [PROGRESS] resolve files> Scanning /Users/macbook/Octo/web/node_modules/@supabase/storage-js/src/packages...
[2026-09-27 14:14:14] [PROGRESS] resolve files> Scanning /Users/macbook/Octo/web/node_modules/@supabase/storage-js/src/lib...
[2026-09-27 14:14:14] [PROGRESS] resolve files> Scanning /Users/macbook/Octo/web/node_modules/@supabase/storage-js/src/lib/common...
[2026-09-27 14:14:14] [PROGRESS] resolve files> Scanning /Users/macbook/Octo/web/node_modules/@supabase/postgrest-js...
[2026-09-27 14:14:14] [PROGRESS] resolve files> Scanning /Users/macbook/Octo/web/node_modules/@supabase/postgrest-js/migrations...
[2026-09-27 14:14:14] [PROGRESS] resolve files> Scanning /Users/macbook/Octo/web/node_modules/@supabase/postgrest-js/dist...
[2026-09-27 14:14:14] [PROGRESS] resolve files> Scanning /Users/macbook/Octo/web/node_modules/@supabase/postgrest-js/src...
[2026-09-27 14:14:14] [PROGRESS] resolve files> Scanning /Users/macbook/Octo/web/node_modules/@supabase/postgrest-js/src/types...
[2026-09-27 14:14:14] [PROGRESS] resolve files> Scanning /Users/macbook/Octo/web/node_modules/@supabase/postgrest-js/src/types/common...
[2026-09-27 14:14:14] [PROGRESS] resolve files> Scanning /Users/macbook/Octo/web/node_modules/@supabase/postgrest-js/src/select-query-parser...
[2026-09-27 14:14:14] [PROGRESS] resolve files> Scanning /Users/macbook/Octo/web/node_modules/iceberg-js...
[2026-09-27 14:14:14] [PROGRESS] resolve files> Scanning /Users/macbook/Octo/web/node_modules/iceberg-js/dist...
[2026-09-27 14:14:14] [PROGRESS] resolve files> Scanning /Users/macbook/Octo/web/node_modules/@next...
[2026-09-27 14:14:14] [PROGRESS] resolve files> Scanning /Users/macbook/Octo/web/node_modules/@next/env...
[2026-09-27 14:14:14] [PROGRESS] resolve files> Scanning /Users/macbook/Octo/web/node_modules/@next/env/dist...
[2026-09-27 14:14:14] [PROGRESS] resolve files> Scanning /Users/macbook/Octo/web/node_modules/@next/swc-darwin-arm64...
[2026-09-27 14:14:14] [PROGRESS] resolve files> Scanning /Users/macbook/Octo/web/node_modules/gsap...
[2026-09-27 14:14:14] [PROGRESS] resolve files> Scanning /Users/macbook/Octo/web/node_modules/gsap/types...
[2026-09-27 14:14:14] [PROGRESS] resolve files> Scanning /Users/macbook/Octo/web/node_modules/gsap/types/utils...
[2026-09-27 14:14:14] [PROGRESS] resolve files> Scanning /Users/macbook/Octo/web/node_modules/gsap/dist...
[2026-09-27 14:14:14] [PROGRESS] resolve files> Scanning /Users/macbook/Octo/web/node_modules/gsap/utils...
[2026-09-27 14:14:14] [PROGRESS] resolve files> Scanning /Users/macbook/Octo/web/node_modules/gsap/src...
[2026-09-27 14:14:14] [PROGRESS] resolve files> Scanning /Users/macbook/Octo/web/node_modules/gsap/src/utils...
[2026-09-27 14:14:14] [PROGRESS] resolve files> Scanning /Users/macbook/Octo/web/node_modules/@jridgewell...
[2026-09-27 14:14:14] [PROGRESS] resolve files> Scanning /Users/macbook/Octo/web/node_modules/@jridgewell/sourcemap-codec...
[2026-09-27 14:14:14] [PROGRESS] resolve files> Scanning /Users/macbook/Octo/web/node_modules/@jridgewell/sourcemap-codec/types...
[2026-09-27 14:14:14] [PROGRESS] resolve files> Scanning /Users/macbook/Octo/web/node_modules/@jridgewell/sourcemap-codec/dist...
[2026-09-27 14:14:14] [PROGRESS] resolve files> Scanning /Users/macbook/Octo/web/node_modules/@jridgewell/sourcemap-codec/src...
[2026-09-27 14:14:14] [PROGRESS] resolve files> Scanning /Users/macbook/Octo/web/node_modules/@jridgewell/trace-mapping...
[2026-09-27 14:14:14] [PROGRESS] resolve files> Scanning /Users/macbook/Octo/web/node_modules/@jridgewell/trace-mapping/types...
[2026-09-27 14:14:14] [PROGRESS] resolve files> Scanning /Users/macbook/Octo/web/node_modules/@jridgewell/trace-mapping/dist...
[2026-09-27 14:14:14] [PROGRESS] resolve files> Scanning /Users/macbook/Octo/web/node_modules/@jridgewell/trace-mapping/src...
[2026-09-27 14:14:14] [PROGRESS] resolve files> Scanning /Users/macbook/Octo/web/node_modules/@jridgewell/gen-mapping...
[2026-09-27 14:14:14] [PROGRESS] resolve files> Scanning /Users/macbook/Octo/web/node_modules/@jridgewell/gen-mapping/types...
[2026-09-27 14:14:14] [PROGRESS] resolve files> Scanning /Users/macbook/Octo/web/node_modules/@jridgewell/gen-mapping/dist...
[2026-09-27 14:14:14] [PROGRESS] resolve files> Scanning /Users/macbook/Octo/web/node_modules/@jridgewell/gen-mapping/dist/types...
[2026-09-27 14:14:14] [PROGRESS] resolve files> Scanning /Users/macbook/Octo/web/node_modules/@jridgewell/gen-mapping/src...
[2026-09-27 14:14:14] [PROGRESS] resolve files> Scanning /Users/macbook/Octo/web/node_modules/@jridgewell/resolve-uri...
[2026-09-27 14:14:14] [PROGRESS] resolve files> Scanning /Users/macbook/Octo/web/node_modules/@jridgewell/resolve-uri/dist...
[2026-09-27 14:14:14] [PROGRESS] resolve files> Scanning /Users/macbook/Octo/web/node_modules/@jridgewell/resolve-uri/dist/types...
[2026-09-27 14:14:14] [PROGRESS] resolve files> Scanning /Users/macbook/Octo/web/node_modules/@jridgewell/remapping...
[2026-09-27 14:14:14] [PROGRESS] resolve files> Scanning /Users/macbook/Octo/web/node_modules/@jridgewell/remapping/types...
[2026-09-27 14:14:14] [PROGRESS] resolve files> Scanning /Users/macbook/Octo/web/node_modules/@jridgewell/remapping/dist...
[2026-09-27 14:14:14] [PROGRESS] resolve files> Scanning /Users/macbook/Octo/web/node_modules/@jridgewell/remapping/src...
[2026-09-27 14:14:14] [PROGRESS] resolve files> Scanning /Users/macbook/Octo/web/node_modules/tailwindcss...
[2026-09-27 14:14:14] [PROGRESS] resolve files> Scanning /Users/macbook/Octo/web/node_modules/tailwindcss/dist...
[2026-09-27 14:14:14] [PROGRESS] resolve files> Scanning /Users/macbook/Octo/web/node_modules/framer-motion...
[2026-09-27 14:14:14] [PROGRESS] resolve files> Scanning /Users/macbook/Octo/web/node_modules/framer-motion/mini...
[2026-09-27 14:14:14] [PROGRESS] resolve files> Scanning /Users/macbook/Octo/web/node_modules/framer-motion/dist...
[2026-09-27 14:14:14] [PROGRESS] resolve files> Scanning /Users/macbook/Octo/web/node_modules/framer-motion/dist/es...
[2026-09-27 14:14:14] [PROGRESS] resolve files> Scanning /Users/macbook/Octo/web/node_modules/framer-motion/dist/es/easing...
[2026-09-27 14:14:14] [PROGRESS] resolve files> Scanning /Users/macbook/Octo/web/node_modules/framer-motion/dist/es/easing/modifiers...
[2026-09-27 14:14:14] [PROGRESS] resolve files> Scanning /Users/macbook/Octo/web/node_modules/framer-motion/dist/es/easing/utils...
[2026-09-27 14:14:14] [PROGRESS] resolve files> Scanning /Users/macbook/Octo/web/node_modules/framer-motion/dist/es/context...
[2026-09-27 14:14:14] [PROGRESS] resolve files> Scanning /Users/macbook/Octo/web/node_modules/framer-motion/dist/es/context/MotionContext...
[2026-09-27 14:14:14] [PROGRESS] resolve files> Scanning /Users/macbook/Octo/web/node_modules/framer-motion/dist/es/value...
[2026-09-27 14:14:14] [PROGRESS] resolve files> Scanning /Users/macbook/Octo/web/node_modules/framer-motion/dist/es/value/use-will-change...
[2026-09-27 14:14:14] [PROGRESS] resolve files> Scanning /Users/macbook/Octo/web/node_modules/framer-motion/dist/es/value/types...
[2026-09-27 14:14:14] [PROGRESS] resolve files> Scanning /Users/macbook/Octo/web/node_modules/framer-motion/dist/es/value/types/numbers...
[2026-09-27 14:14:14] [PROGRESS] resolve files> Scanning /Users/macbook/Octo/web/node_modules/framer-motion/dist/es/value/types/complex...
[2026-09-27 14:14:14] [PROGRESS] resolve files> Scanning /Users/macbook/Octo/web/node_modules/framer-motion/dist/es/value/types/color...
[2026-09-27 14:14:14] [PROGRESS] resolve files> Scanning /Users/macbook/Octo/web/node_modules/framer-motion/dist/es/value/types/utils...
[2026-09-27 14:14:14] [PROGRESS] resolve files> Scanning /Users/macbook/Octo/web/node_modules/framer-motion/dist/es/value/scroll...
[2026-09-27 14:14:14] [PROGRESS] resolve files> Scanning /Users/macbook/Octo/web/node_modules/framer-motion/dist/es/value/utils...
[2026-09-27 14:14:14] [PROGRESS] resolve files> Scanning /Users/macbook/Octo/web/node_modules/framer-motion/dist/es/render...
[2026-09-27 14:14:14] [PROGRESS] resolve files> Scanning /Users/macbook/Octo/web/node_modules/framer-motion/dist/es/render/svg...
[2026-09-27 14:14:14] [PROGRESS] resolve files> Scanning /Users/macbook/Octo/web/node_modules/framer-motion/dist/es/render/svg/utils...
[2026-09-27 14:14:14] [PROGRESS] resolve files> Scanning /Users/macbook/Octo/web/node_modules/framer-motion/dist/es/render/utils...
[2026-09-27 14:14:14] [PROGRESS] resolve files> Scanning /Users/macbook/Octo/web/node_modules/framer-motion/dist/es/render/html...
[2026-09-27 14:14:14] [PROGRESS] resolve files> Scanning /Users/macbook/Octo/web/node_modules/framer-motion/dist/es/render/html/utils...
[2026-09-27 14:14:14] [PROGRESS] resolve files> Scanning /Users/macbook/Octo/web/node_modules/framer-motion/dist/es/render/components...
[2026-09-27 14:14:14] [PROGRESS] resolve files> Scanning /Users/macbook/Octo/web/node_modules/framer-motion/dist/es/render/components/motion...
[2026-09-27 14:14:14] [PROGRESS] resolve files> Scanning /Users/macbook/Octo/web/node_modules/framer-motion/dist/es/render/components/m...
[2026-09-27 14:14:14] [PROGRESS] resolve files> Scanning /Users/macbook/Octo/web/node_modules/framer-motion/dist/es/render/object...
[2026-09-27 14:14:14] [PROGRESS] resolve files> Scanning /Users/macbook/Octo/web/node_modules/framer-motion/dist/es/render/dom...
[2026-09-27 14:14:14] [PROGRESS] resolve files> Scanning /Users/macbook/Octo/web/node_modules/framer-motion/dist/es/render/dom/viewport...
[2026-09-27 14:14:14] [PROGRESS] resolve files> Scanning /Users/macbook/Octo/web/node_modules/framer-motion/dist/es/render/dom/scroll...
[2026-09-27 14:14:14] [PROGRESS] resolve files> Scanning /Users/macbook/Octo/web/node_modules/framer-motion/dist/es/render/dom/scroll/offsets...
[2026-09-27 14:14:14] [PROGRESS] resolve files> Scanning /Users/macbook/Octo/web/node_modules/framer-motion/dist/es/render/dom/utils...
[2026-09-27 14:14:14] [PROGRESS] resolve files> Scanning /Users/macbook/Octo/web/node_modules/framer-motion/dist/es/render/dom/value-types...
[2026-09-27 14:14:14] [PROGRESS] resolve files> Scanning /Users/macbook/Octo/web/node_modules/framer-motion/dist/es/render/dom/resize...
[2026-09-27 14:14:14] [PROGRESS] resolve files> Scanning /Users/macbook/Octo/web/node_modules/framer-motion/dist/es/animation...
[2026-09-27 14:14:14] [PROGRESS] resolve files> Scanning /Users/macbook/Octo/web/node_modules/framer-motion/dist/es/animation/animate...
[2026-09-27 14:14:14] [PROGRESS] resolve files> Scanning /Users/macbook/Octo/web/node_modules/framer-motion/dist/es/animation/animators...
[2026-09-27 14:14:14] [PROGRESS] resolve files> Scanning /Users/macbook/Octo/web/node_modules/framer-motion/dist/es/animation/animators/waapi...
[2026-09-27 14:14:14] [PROGRESS] resolve files> Scanning /Users/macbook/Octo/web/node_modules/framer-motion/dist/es/animation/animators/waapi/utils...
[2026-09-27 14:14:14] [PROGRESS] resolve files> Scanning /Users/macbook/Octo/web/node_modules/framer-motion/dist/es/animation/animators/drivers...
[2026-09-27 14:14:14] [PROGRESS] resolve files> Scanning /Users/macbook/Octo/web/node_modules/framer-motion/dist/es/animation/animators/utils...
[2026-09-27 14:14:14] [PROGRESS] resolve files> Scanning /Users/macbook/Octo/web/node_modules/framer-motion/dist/es/animation/utils...
[2026-09-27 14:14:14] [PROGRESS] resolve files> Scanning /Users/macbook/Octo/web/node_modules/framer-motion/dist/es/animation/hooks...
[2026-09-27 14:14:14] [PROGRESS] resolve files> Scanning /Users/macbook/Octo/web/node_modules/framer-motion/dist/es/animation/generators...
[2026-09-27 14:14:14] [PROGRESS] resolve files> Scanning /Users/macbook/Octo/web/node_modules/framer-motion/dist/es/animation/generators/utils...
[2026-09-27 14:14:14] [PROGRESS] resolve files> Scanning /Users/macbook/Octo/web/node_modules/framer-motion/dist/es/animation/generators/spring...
[2026-09-27 14:14:14] [PROGRESS] resolve files> Scanning /Users/macbook/Octo/web/node_modules/framer-motion/dist/es/animation/optimized-appear...
[2026-09-27 14:14:14] [PROGRESS] resolve files> Scanning /Users/macbook/Octo/web/node_modules/framer-motion/dist/es/animation/sequence...
[2026-09-27 14:14:14] [PROGRESS] resolve files> Scanning /Users/macbook/Octo/web/node_modules/framer-motion/dist/es/animation/sequence/utils...
[2026-09-27 14:14:14] [PROGRESS] resolve files> Scanning /Users/macbook/Octo/web/node_modules/framer-motion/dist/es/animation/interfaces...
[2026-09-27 14:14:14] [PROGRESS] resolve files> Scanning /Users/macbook/Octo/web/node_modules/framer-motion/dist/es/frameloop...
[2026-09-27 14:14:14] [PROGRESS] resolve files> Scanning /Users/macbook/Octo/web/node_modules/framer-motion/dist/es/utils...
[2026-09-27 14:14:14] [PROGRESS] resolve files> Scanning /Users/macbook/Octo/web/node_modules/framer-motion/dist/es/utils/mix...
[2026-09-27 14:14:14] [PROGRESS] resolve files> Scanning /Users/macbook/Octo/web/node_modules/framer-motion/dist/es/utils/reduced-motion...
[2026-09-27 14:14:14] [PROGRESS] resolve files> Scanning /Users/macbook/Octo/web/node_modules/framer-motion/dist/es/utils/offsets...
[2026-09-27 14:14:14] [PROGRESS] resolve files> Scanning /Users/macbook/Octo/web/node_modules/framer-motion/dist/es/motion...
[2026-09-27 14:14:14] [PROGRESS] resolve files> Scanning /Users/macbook/Octo/web/node_modules/framer-motion/dist/es/motion/features...
[2026-09-27 14:14:14] [PROGRESS] resolve files> Scanning /Users/macbook/Octo/web/node_modules/framer-motion/dist/es/motion/features/viewport...
[2026-09-27 14:14:14] [PROGRESS] resolve files> Scanning /Users/macbook/Octo/web/node_modules/framer-motion/dist/es/motion/features/layout...
[2026-09-27 14:14:14] [PROGRESS] resolve files> Scanning /Users/macbook/Octo/web/node_modules/framer-motion/dist/es/motion/features/animation...
[2026-09-27 14:14:14] [PROGRESS] resolve files> Scanning /Users/macbook/Octo/web/node_modules/framer-motion/dist/es/motion/utils...
[2026-09-27 14:14:14] [PROGRESS] resolve files> Scanning /Users/macbook/Octo/web/node_modules/framer-motion/dist/es/components...
[2026-09-27 14:14:14] [PROGRESS] resolve files> Scanning /Users/macbook/Octo/web/node_modules/framer-motion/dist/es/components/Reorder...
[2026-09-27 14:14:14] [PROGRESS] resolve files> Scanning /Users/macbook/Octo/web/node_modules/framer-motion/dist/es/components/Reorder/utils...
[2026-09-27 14:14:14] [PROGRESS] resolve files> Scanning /Users/macbook/Octo/web/node_modules/framer-motion/dist/es/components/LayoutGroup...
[2026-09-27 14:14:14] [PROGRESS] resolve files> Scanning /Users/macbook/Octo/web/node_modules/framer-motion/dist/es/components/MotionConfig...
[2026-09-27 14:14:14] [PROGRESS] resolve files> Scanning /Users/macbook/Octo/web/node_modules/framer-motion/dist/es/components/AnimatePresence...
[2026-09-27 14:14:14] [PROGRESS] resolve files> Scanning /Users/macbook/Octo/web/node_modules/framer-motion/dist/es/components/LazyMotion...
[2026-09-27 14:14:14] [PROGRESS] resolve files> Scanning /Users/macbook/Octo/web/node_modules/framer-motion/dist/es/gestures...
[2026-09-27 14:14:14] [PROGRESS] resolve files> Scanning /Users/macbook/Octo/web/node_modules/framer-motion/dist/es/gestures/drag...
[2026-09-27 14:14:14] [PROGRESS] resolve files> Scanning /Users/macbook/Octo/web/node_modules/framer-motion/dist/es/gestures/drag/utils...
[2026-09-27 14:14:14] [PROGRESS] resolve files> Scanning /Users/macbook/Octo/web/node_modules/framer-motion/dist/es/gestures/pan...
[2026-09-27 14:14:14] [PROGRESS] resolve files> Scanning /Users/macbook/Octo/web/node_modules/framer-motion/dist/es/events...
[2026-09-27 14:14:14] [PROGRESS] resolve files> Scanning /Users/macbook/Octo/web/node_modules/framer-motion/dist/es/projection...
[2026-09-27 14:14:14] [PROGRESS] resolve files> Scanning /Users/macbook/Octo/web/node_modules/framer-motion/dist/es/projection/animation...
[2026-09-27 14:14:14] [PROGRESS] resolve files> Scanning /Users/macbook/Octo/web/node_modules/framer-motion/dist/es/projection/utils...
[2026-09-27 14:14:14] [PROGRESS] resolve files> Scanning /Users/macbook/Octo/web/node_modules/framer-motion/dist/es/projection/shared...
[2026-09-27 14:14:14] [PROGRESS] resolve files> Scanning /Users/macbook/Octo/web/node_modules/framer-motion/dist/es/projection/styles...
[2026-09-27 14:14:14] [PROGRESS] resolve files> Scanning /Users/macbook/Octo/web/node_modules/framer-motion/dist/es/projection/geometry...
[2026-09-27 14:14:14] [PROGRESS] resolve files> Scanning /Users/macbook/Octo/web/node_modules/framer-motion/dist/es/projection/node...
[2026-09-27 14:14:14] [PROGRESS] resolve files> Scanning /Users/macbook/Octo/web/node_modules/framer-motion/dist/cjs...
[2026-09-27 14:14:14] [PROGRESS] resolve files> Scanning /Users/macbook/Octo/web/node_modules/framer-motion/dom...
[2026-09-27 14:14:14] [PROGRESS] resolve files> Scanning /Users/macbook/Octo/web/node_modules/framer-motion/dom/mini...
[2026-09-27 14:14:14] [PROGRESS] resolve files> Scanning /Users/macbook/Octo/web/node_modules/framer-motion/m...
[2026-09-27 14:14:14] [PROGRESS] resolve files> Scanning /Users/macbook/Octo/web/node_modules/framer-motion/client...
[2026-09-27 14:14:14] [PROGRESS] resolve files> Scanning /Users/macbook/Octo/web/node_modules/caniuse-lite...
[2026-09-27 14:14:14] [PROGRESS] resolve files> Scanning /Users/macbook/Octo/web/node_modules/caniuse-lite/dist...
[2026-09-27 14:14:14] [PROGRESS] resolve files> Scanning /Users/macbook/Octo/web/node_modules/caniuse-lite/dist/unpacker...
[2026-09-27 14:14:14] [PROGRESS] resolve files> Scanning /Users/macbook/Octo/web/node_modules/caniuse-lite/dist/lib...
[2026-09-27 14:14:14] [PROGRESS] resolve files> Scanning /Users/macbook/Octo/web/node_modules/caniuse-lite/data...
[2026-09-27 14:14:14] [PROGRESS] resolve files> Scanning /Users/macbook/Octo/web/node_modules/caniuse-lite/data/regions...
[2026-09-27 14:14:14] [PROGRESS] resolve files> Scanning /Users/macbook/Octo/web/node_modules/caniuse-lite/data/features...
[2026-09-27 14:14:14] [PROGRESS] resolve files> Scanning /Users/macbook/Octo/web/node_modules/react...
[2026-09-27 14:14:14] [PROGRESS] resolve files> Scanning /Users/macbook/Octo/web/node_modules/react/cjs...
[2026-09-27 14:14:14] [PROGRESS] resolve files> Scanning /Users/macbook/Octo/web/node_modules/sharp...
[2026-09-27 14:14:14] [PROGRESS] resolve files> Scanning /Users/macbook/Octo/web/node_modules/sharp/install...
[2026-09-27 14:14:14] [PROGRESS] resolve files> Scanning /Users/macbook/Octo/web/node_modules/sharp/dist...
[2026-09-27 14:14:14] [PROGRESS] resolve files> Scanning /Users/macbook/Octo/web/node_modules/sharp/lib...
[2026-09-27 14:14:14] [PROGRESS] resolve files> Scanning /Users/macbook/Octo/web/node_modules/sharp/src...
[2026-09-27 14:14:14] [PROGRESS] resolve files> Scanning /Users/macbook/Octo/web/node_modules/graceful-fs...
[2026-09-27 14:14:14] [PROGRESS] resolve files> Scanning /Users/macbook/Octo/web/node_modules/lightningcss...
[2026-09-27 14:14:14] [PROGRESS] resolve files> Scanning /Users/macbook/Octo/web/node_modules/lightningcss/node...
[2026-09-27 14:14:14] [PROGRESS] resolve files> Scanning /Users/macbook/Octo/web/node_modules/source-map-js...
[2026-09-27 14:14:14] [PROGRESS] resolve files> Scanning /Users/macbook/Octo/web/node_modules/source-map-js/lib...
[2026-09-27 14:14:14] [PROGRESS] resolve files> Scanning /Users/macbook/Octo/web/.next...
[2026-09-27 14:14:14] [PROGRESS] resolve files> Scanning /Users/macbook/Octo/web/.next/types...
[2026-09-27 14:14:14] [PROGRESS] resolve files> Scanning /Users/macbook/Octo/web/.next/types/app...
[2026-09-27 14:14:14] [PROGRESS] resolve files> Scanning /Users/macbook/Octo/web/.next/types/app/app...
[2026-09-27 14:14:14] [PROGRESS] resolve files> Scanning /Users/macbook/Octo/web/.next/types/app/admin...
[2026-09-27 14:14:14] [PROGRESS] resolve files> Scanning /Users/macbook/Octo/web/.next/types/app/login...
[2026-09-27 14:14:14] [PROGRESS] resolve files> Scanning /Users/macbook/Octo/web/.next/cache...
[2026-09-27 14:14:14] [PROGRESS] resolve files> Scanning /Users/macbook/Octo/web/.next/cache/swc...
[2026-09-27 14:14:14] [PROGRESS] resolve files> Scanning /Users/macbook/Octo/web/.next/cache/swc/plugins...
[2026-09-27 14:14:14] [PROGRESS] resolve files> Scanning /Users/macbook/Octo/web/.next/cache/swc/plugins/macos_aarch64_18.0.0...
[2026-09-27 14:14:14] [PROGRESS] resolve files> Scanning /Users/macbook/Octo/web/.next/cache/webpack...
[2026-09-27 14:14:14] [PROGRESS] resolve files> Scanning /Users/macbook/Octo/web/.next/cache/webpack/client-production...
[2026-09-27 14:14:14] [PROGRESS] resolve files> Scanning /Users/macbook/Octo/web/.next/cache/webpack/edge-server-production...
[2026-09-27 14:14:14] [PROGRESS] resolve files> Scanning /Users/macbook/Octo/web/.next/cache/webpack/server-production...
[2026-09-27 14:14:14] [PROGRESS] resolve files> Scanning /Users/macbook/Octo/web/.next/standalone...
[2026-09-27 14:14:14] [PROGRESS] resolve files> Scanning /Users/macbook/Octo/web/.next/standalone/node_modules...
[2026-09-27 14:14:14] [PROGRESS] resolve files> Scanning /Users/macbook/Octo/web/.next/standalone/node_modules/styled-jsx...
[2026-09-27 14:14:14] [PROGRESS] resolve files> Scanning /Users/macbook/Octo/web/.next/standalone/node_modules/styled-jsx/dist...
[2026-09-27 14:14:14] [PROGRESS] resolve files> Scanning /Users/macbook/Octo/web/.next/standalone/node_modules/styled-jsx/dist/index...
[2026-09-27 14:14:14] [PROGRESS] resolve files> Scanning /Users/macbook/Octo/web/.next/standalone/node_modules/next...
[2026-09-27 14:14:14] [PROGRESS] resolve files> Scanning /Users/macbook/Octo/web/.next/standalone/node_modules/next/dist...
[2026-09-27 14:14:14] [PROGRESS] resolve files> Scanning /Users/macbook/Octo/web/.next/standalone/node_modules/next/dist/experimental...
[2026-09-27 14:14:14] [PROGRESS] resolve files> Scanning /Users/macbook/Octo/web/.next/standalone/node_modules/next/dist/experimental/testmode...
[2026-09-27 14:14:14] [PROGRESS] resolve files> Scanning /Users/macbook/Octo/web/.next/standalone/node_modules/next/dist/trace...
[2026-09-27 14:14:14] [PROGRESS] resolve files> Scanning /Users/macbook/Octo/web/.next/standalone/node_modules/next/dist/trace/report...
[2026-09-27 14:14:14] [PROGRESS] resolve files> Scanning /Users/macbook/Octo/web/.next/standalone/node_modules/next/dist/server...
[2026-09-27 14:14:14] [PROGRESS] resolve files> Scanning /Users/macbook/Octo/web/.next/standalone/node_modules/next/dist/server/normalizers...
[2026-09-27 14:14:14] [PROGRESS] resolve files> Scanning /Users/macbook/Octo/web/.next/standalone/node_modules/next/dist/server/normalizers/built...
[2026-09-27 14:14:14] [PROGRESS] resolve files> Scanning /Users/macbook/Octo/web/.next/standalone/node_modules/next/dist/server/normalizers/built/app...
[2026-09-27 14:14:14] [PROGRESS] resolve files> Scanning /Users/macbook/Octo/web/.next/standalone/node_modules/next/dist/server/normalizers/built/pages...
[2026-09-27 14:14:14] [PROGRESS] resolve files> Scanning /Users/macbook/Octo/web/.next/standalone/node_modules/next/dist/server/normalizers/request...
[2026-09-27 14:14:14] [PROGRESS] resolve files> Scanning /Users/macbook/Octo/web/.next/standalone/node_modules/next/dist/server/stream-utils...
[2026-09-27 14:14:14] [PROGRESS] resolve files> Scanning /Users/macbook/Octo/web/.next/standalone/node_modules/next/dist/server/route-matches...
[2026-09-27 14:14:14] [PROGRESS] resolve files> Scanning /Users/macbook/Octo/web/.next/standalone/node_modules/next/dist/server/async-storage...
[2026-09-27 14:14:14] [PROGRESS] resolve files> Scanning /Users/macbook/Octo/web/.next/standalone/node_modules/next/dist/server/web...
[2026-09-27 14:14:14] [PROGRESS] resolve files> Scanning /Users/macbook/Octo/web/.next/standalone/node_modules/next/dist/server/web/spec-extension...
[2026-09-27 14:14:14] [PROGRESS] resolve files> Scanning /Users/macbook/Octo/web/.next/standalone/node_modules/next/dist/server/web/spec-extension/adapters...
[2026-09-27 14:14:14] [PROGRESS] resolve files> Scanning /Users/macbook/Octo/web/.next/standalone/node_modules/next/dist/server/web/sandbox...
[2026-09-27 14:14:14] [PROGRESS] resolve files> Scanning /Users/macbook/Octo/web/.next/standalone/node_modules/next/dist/server/typescript...
[2026-09-27 14:14:14] [PROGRESS] resolve files> Scanning /Users/macbook/Octo/web/.next/standalone/node_modules/next/dist/server/typescript/rules...
[2026-09-27 14:14:14] [PROGRESS] resolve files> Scanning /Users/macbook/Octo/web/.next/standalone/node_modules/next/dist/server/resume-data-cache...
[2026-09-27 14:14:14] [PROGRESS] resolve files> Scanning /Users/macbook/Octo/web/.next/standalone/node_modules/next/dist/server/instrumentation...
[2026-09-27 14:14:14] [PROGRESS] resolve files> Scanning /Users/macbook/Octo/web/.next/standalone/node_modules/next/dist/server/app-render...
[2026-09-27 14:14:14] [PROGRESS] resolve files> Scanning /Users/macbook/Octo/web/.next/standalone/node_modules/next/dist/server/app-render/metadata-insertion...
[2026-09-27 14:14:14] [PROGRESS] resolve files> Scanning /Users/macbook/Octo/web/.next/standalone/node_modules/next/dist/server/app-render/module-loading...
[2026-09-27 14:14:14] [PROGRESS] resolve files> Scanning /Users/macbook/Octo/web/.next/standalone/node_modules/next/dist/server/route-matchers...
[2026-09-27 14:14:14] [PROGRESS] resolve files> Scanning /Users/macbook/Octo/web/.next/standalone/node_modules/next/dist/server/route-modules...
[2026-09-27 14:14:14] [PROGRESS] resolve files> Scanning /Users/macbook/Octo/web/.next/standalone/node_modules/next/dist/server/route-modules/app-page...
[2026-09-27 14:14:14] [PROGRESS] resolve files> Scanning /Users/macbook/Octo/web/.next/standalone/node_modules/next/dist/server/route-modules/app-page/vendored...
[2026-09-27 14:14:14] [PROGRESS] resolve files> Scanning /Users/macbook/Octo/web/.next/standalone/node_modules/next/dist/server/route-modules/app-page/vendored/contexts...
[2026-09-27 14:14:14] [PROGRESS] resolve files> Scanning /Users/macbook/Octo/web/.next/standalone/node_modules/next/dist/server/route-modules/app-page/vendored/ssr...
[2026-09-27 14:14:14] [PROGRESS] resolve files> Scanning /Users/macbook/Octo/web/.next/standalone/node_modules/next/dist/server/route-modules/app-page/vendored/rsc...
[2026-09-27 14:14:14] [PROGRESS] resolve files> Scanning /Users/macbook/Octo/web/.next/standalone/node_modules/next/dist/server/route-modules/app-page/helpers...
[2026-09-27 14:14:14] [PROGRESS] resolve files> Scanning /Users/macbook/Octo/web/.next/standalone/node_modules/next/dist/server/route-modules/pages...
[2026-09-27 14:14:14] [PROGRESS] resolve files> Scanning /Users/macbook/Octo/web/.next/standalone/node_modules/next/dist/server/route-modules/pages/vendored...
[2026-09-27 14:14:14] [PROGRESS] resolve files> Scanning /Users/macbook/Octo/web/.next/standalone/node_modules/next/dist/server/route-modules/pages/vendored/contexts...
[2026-09-27 14:14:14] [PROGRESS] resolve files> Scanning /Users/macbook/Octo/web/.next/standalone/node_modules/next/dist/server/route-modules/pages/builtin...
[2026-09-27 14:14:14] [PROGRESS] resolve files> Scanning /Users/macbook/Octo/web/.next/standalone/node_modules/next/dist/server/route-matcher-managers...
[2026-09-27 14:14:14] [PROGRESS] resolve files> Scanning /Users/macbook/Octo/web/.next/standalone/node_modules/next/dist/server/node-environment-extensions...
[2026-09-27 14:14:14] [PROGRESS] resolve files> Scanning /Users/macbook/Octo/web/.next/standalone/node_modules/next/dist/server/route-matcher-providers...
[2026-09-27 14:14:14] [PROGRESS] resolve files> Scanning /Users/macbook/Octo/web/.next/standalone/node_modules/next/dist/server/route-matcher-providers/dev...
[2026-09-27 14:14:14] [PROGRESS] resolve files> Scanning /Users/macbook/Octo/web/.next/standalone/node_modules/next/dist/server/route-matcher-providers/dev/helpers...
[2026-09-27 14:14:14] [PROGRESS] resolve files> Scanning /Users/macbook/Octo/web/.next/standalone/node_modules/next/dist/server/route-matcher-providers/dev/helpers/file-reader...
[2026-09-27 14:14:14] [PROGRESS] resolve files> Scanning /Users/macbook/Octo/web/.next/standalone/node_modules/next/dist/server/route-matcher-providers/helpers...
[2026-09-27 14:14:14] [PROGRESS] resolve files> Scanning /Users/macbook/Octo/web/.next/standalone/node_modules/next/dist/server/route-matcher-providers/helpers/manifest-loaders...
[2026-09-27 14:14:14] [PROGRESS] resolve files> Scanning /Users/macbook/Octo/web/.next/standalone/node_modules/next/dist/server/lib...
[2026-09-27 14:14:14] [PROGRESS] resolve files> Scanning /Users/macbook/Octo/web/.next/standalone/node_modules/next/dist/server/lib/server-ipc...
[2026-09-27 14:14:14] [PROGRESS] resolve files> Scanning /Users/macbook/Octo/web/.next/standalone/node_modules/next/dist/server/lib/module-loader...
[2026-09-27 14:14:14] [PROGRESS] resolve files> Scanning /Users/macbook/Octo/web/.next/standalone/node_modules/next/dist/server/lib/experimental...
[2026-09-27 14:14:14] [PROGRESS] resolve files> Scanning /Users/macbook/Octo/web/.next/standalone/node_modules/next/dist/server/lib/trace...
[2026-09-27 14:14:14] [PROGRESS] resolve files> Scanning /Users/macbook/Octo/web/.next/standalone/node_modules/next/dist/server/lib/incremental-cache...
[2026-09-27 14:14:14] [PROGRESS] resolve files> Scanning /Users/macbook/Octo/web/.next/standalone/node_modules/next/dist/server/lib/cache-handlers...
[2026-09-27 14:14:14] [PROGRESS] resolve files> Scanning /Users/macbook/Octo/web/.next/standalone/node_modules/next/dist/server/lib/router-utils...
[2026-09-27 14:14:14] [PROGRESS] resolve files> Scanning /Users/macbook/Octo/web/.next/standalone/node_modules/next/dist/server/dev...
[2026-09-27 14:14:14] [PROGRESS] resolve files> Scanning /Users/macbook/Octo/web/.next/standalone/node_modules/next/dist/server/dev/browser-logs...
[2026-09-27 14:14:14] [PROGRESS] resolve files> Scanning /Users/macbook/Octo/web/.next/standalone/node_modules/next/dist/server/after...
[2026-09-27 14:14:14] [PROGRESS] resolve files> Scanning /Users/macbook/Octo/web/.next/standalone/node_modules/next/dist/server/route-definitions...
[2026-09-27 14:14:14] [PROGRESS] resolve files> Scanning /Users/macbook/Octo/web/.next/standalone/node_modules/next/dist/server/use-cache...
[2026-09-27 14:14:14] [PROGRESS] resolve files> Scanning /Users/macbook/Octo/web/.next/standalone/node_modules/next/dist/server/base-http...
[2026-09-27 14:14:14] [PROGRESS] resolve files> Scanning /Users/macbook/Octo/web/.next/standalone/node_modules/next/dist/server/response-cache...
[2026-09-27 14:14:14] [PROGRESS] resolve files> Scanning /Users/macbook/Octo/web/.next/standalone/node_modules/next/dist/server/api-utils...
[2026-09-27 14:14:14] [PROGRESS] resolve files> Scanning /Users/macbook/Octo/web/.next/standalone/node_modules/next/dist/server/api-utils/node...
[2026-09-27 14:14:14] [PROGRESS] resolve files> Scanning /Users/macbook/Octo/web/.next/standalone/node_modules/next/dist/compiled...
[2026-09-27 14:14:14] [PROGRESS] resolve files> Scanning /Users/macbook/Octo/web/.next/standalone/node_modules/next/dist/compiled/is-docker...
[2026-09-27 14:14:14] [PROGRESS] resolve files> Scanning /Users/macbook/Octo/web/.next/standalone/node_modules/next/dist/compiled/babel-packages...
[2026-09-27 14:14:14] [PROGRESS] resolve files> Scanning /Users/macbook/Octo/web/.next/standalone/node_modules/next/dist/compiled/zod...
[2026-09-27 14:14:14] [PROGRESS] resolve files> Scanning /Users/macbook/Octo/web/.next/standalone/node_modules/next/dist/compiled/constants-browserify...
[2026-09-27 14:14:14] [PROGRESS] resolve files> Scanning /Users/macbook/Octo/web/.next/standalone/node_modules/next/dist/compiled/browserslist...
[2026-09-27 14:14:14] [PROGRESS] resolve files> Scanning /Users/macbook/Octo/web/.next/standalone/node_modules/next/dist/compiled/is-wsl...
[2026-09-27 14:14:14] [PROGRESS] resolve files> Scanning /Users/macbook/Octo/web/.next/standalone/node_modules/next/dist/compiled/webpack-sources3...
[2026-09-27 14:14:14] [PROGRESS] resolve files> Scanning /Users/macbook/Octo/web/.next/standalone/node_modules/next/dist/compiled/jest-worker...
[2026-09-27 14:14:14] [PROGRESS] resolve files> Scanning /Users/macbook/Octo/web/.next/standalone/node_modules/next/dist/compiled/stacktrace-parser...
[2026-09-27 14:14:14] [PROGRESS] resolve files> Scanning /Users/macbook/Octo/web/.next/standalone/node_modules/next/dist/compiled/tty-browserify...
[2026-09-27 14:14:14] [PROGRESS] resolve files> Scanning /Users/macbook/Octo/web/.next/standalone/node_modules/next/dist/compiled/strip-ansi...
[2026-09-27 14:14:14] [PROGRESS] resolve files> Scanning /Users/macbook/Octo/web/.next/standalone/node_modules/next/dist/compiled/async-sema...
[2026-09-27 14:14:14] [PROGRESS] resolve files> Scanning /Users/macbook/Octo/web/.next/standalone/node_modules/next/dist/compiled/react-is...
[2026-09-27 14:14:14] [PROGRESS] resolve files> Scanning /Users/macbook/Octo/web/.next/standalone/node_modules/next/dist/compiled/react-is/cjs...
[2026-09-27 14:14:14] [PROGRESS] resolve files> Scanning /Users/macbook/Octo/web/.next/standalone/node_modules/next/dist/compiled/content-disposition...
[2026-09-27 14:14:14] [PROGRESS] resolve files> Scanning /Users/macbook/Octo/web/.next/standalone/node_modules/next/dist/compiled/vm-browserify...
[2026-09-27 14:14:14] [PROGRESS] resolve files> Scanning /Users/macbook/Octo/web/.next/standalone/node_modules/next/dist/compiled/lru-cache...
[2026-09-27 14:14:14] [PROGRESS] resolve files> Scanning /Users/macbook/Octo/web/.next/standalone/node_modules/next/dist/compiled/sass-loader...
[2026-09-27 14:14:14] [PROGRESS] resolve files> Scanning /Users/macbook/Octo/web/.next/standalone/node_modules/next/dist/compiled/commander...
[2026-09-27 14:14:14] [PROGRESS] resolve files> Scanning /Users/macbook/Octo/web/.next/standalone/node_modules/next/dist/compiled/punycode...
[2026-09-27 14:14:14] [PROGRESS] resolve files> Scanning /Users/macbook/Octo/web/.next/standalone/node_modules/next/dist/compiled/ci-info...
[2026-09-27 14:14:14] [PROGRESS] resolve files> Scanning /Users/macbook/Octo/web/.next/standalone/node_modules/next/dist/compiled/loader-utils3...
[2026-09-27 14:14:14] [PROGRESS] resolve files> Scanning /Users/macbook/Octo/web/.next/standalone/node_modules/next/dist/compiled/text-table...
[2026-09-27 14:14:14] [PROGRESS] resolve files> Scanning /Users/macbook/Octo/web/.next/standalone/node_modules/next/dist/compiled/bytes...
[2026-09-27 14:14:14] [PROGRESS] resolve files> Scanning /Users/macbook/Octo/web/.next/standalone/node_modules/next/dist/compiled/util...
[2026-09-27 14:14:14] [PROGRESS] resolve files> Scanning /Users/macbook/Octo/web/.next/standalone/node_modules/next/dist/compiled/@opentelemetry...
[2026-09-27 14:14:14] [PROGRESS] resolve files> Scanning /Users/macbook/Octo/web/.next/standalone/node_modules/next/dist/compiled/@opentelemetry/api...
[2026-09-27 14:14:14] [PROGRESS] resolve files> Scanning /Users/macbook/Octo/web/.next/standalone/node_modules/next/dist/compiled/watchpack...
[2026-09-27 14:14:14] [PROGRESS] resolve files> Scanning /Users/macbook/Octo/web/.next/standalone/node_modules/next/dist/compiled/nanoid...
[2026-09-27 14:14:14] [PROGRESS] resolve files> Scanning /Users/macbook/Octo/web/.next/standalone/node_modules/next/dist/compiled/loader-utils2...
[2026-09-27 14:14:14] [PROGRESS] resolve files> Scanning /Users/macbook/Octo/web/.next/standalone/node_modules/next/dist/compiled/string-hash...
[2026-09-27 14:14:14] [PROGRESS] resolve files> Scanning /Users/macbook/Octo/web/.next/standalone/node_modules/next/dist/compiled/acorn...
[2026-09-27 14:14:14] [PROGRESS] resolve files> Scanning /Users/macbook/Octo/web/.next/standalone/node_modules/next/dist/compiled/regenerator-runtime...
[2026-09-27 14:14:14] [PROGRESS] resolve files> Scanning /Users/macbook/Octo/web/.next/standalone/node_modules/next/dist/compiled/timers-browserify...
[2026-09-27 14:14:14] [PROGRESS] resolve files> Scanning /Users/macbook/Octo/web/.next/standalone/node_modules/next/dist/compiled/browserify-zlib...
[2026-09-27 14:14:14] [PROGRESS] resolve files> Scanning /Users/macbook/Octo/web/.next/standalone/node_modules/next/dist/compiled/ignore-loader...
[2026-09-27 14:14:14] [PROGRESS] resolve files> Scanning /Users/macbook/Octo/web/.next/standalone/node_modules/next/dist/compiled/unistore...
[2026-09-27 14:14:14] [PROGRESS] resolve files> Scanning /Users/macbook/Octo/web/.next/standalone/node_modules/next/dist/compiled/string_decoder...
[2026-09-27 14:14:14] [PROGRESS] resolve files> Scanning /Users/macbook/Octo/web/.next/standalone/node_modules/next/dist/compiled/superstruct...
[2026-09-27 14:14:14] [PROGRESS] resolve files> Scanning /Users/macbook/Octo/web/.next/standalone/node_modules/next/dist/compiled/icss-utils...
[2026-09-27 14:14:14] [PROGRESS] resolve files> Scanning /Users/macbook/Octo/web/.next/standalone/node_modules/next/dist/compiled/picomatch...
[2026-09-27 14:14:14] [PROGRESS] resolve files> Scanning /Users/macbook/Octo/web/.next/standalone/node_modules/next/dist/compiled/comment-json...
[2026-09-27 14:14:14] [PROGRESS] resolve files> Scanning /Users/macbook/Octo/web/.next/standalone/node_modules/next/dist/compiled/stream-http...
[2026-09-27 14:14:14] [PROGRESS] resolve files> Scanning /Users/macbook/Octo/web/.next/standalone/node_modules/next/dist/compiled/postcss-scss...
[2026-09-27 14:14:14] [PROGRESS] resolve files> Scanning /Users/macbook/Octo/web/.next/standalone/node_modules/next/dist/compiled/jsonwebtoken...
[2026-09-27 14:14:14] [PROGRESS] resolve files> Scanning /Users/macbook/Octo/web/.next/standalone/node_modules/next/dist/compiled/cssnano-simple...
[2026-09-27 14:14:14] [PROGRESS] resolve files> Scanning /Users/macbook/Octo/web/.next/standalone/node_modules/next/dist/compiled/fresh...
[2026-09-27 14:14:14] [PROGRESS] resolve files> Scanning /Users/macbook/Octo/web/.next/standalone/node_modules/next/dist/compiled/path-browserify...
[2026-09-27 14:14:14] [PROGRESS] resolve files> Scanning /Users/macbook/Octo/web/.next/standalone/node_modules/next/dist/compiled/setimmediate...
[2026-09-27 14:14:14] [PROGRESS] resolve files> Scanning /Users/macbook/Octo/web/.next/standalone/node_modules/next/dist/compiled/querystring-es3...
[2026-09-27 14:14:14] [PROGRESS] resolve files> Scanning /Users/macbook/Octo/web/.next/standalone/node_modules/next/dist/compiled/os-browserify...
[2026-09-27 14:14:14] [PROGRESS] resolve files> Scanning /Users/macbook/Octo/web/.next/standalone/node_modules/next/dist/compiled/postcss-preset-env...
[2026-09-27 14:14:14] [PROGRESS] resolve files> Scanning /Users/macbook/Octo/web/.next/standalone/node_modules/next/dist/compiled/path-to-regexp...
[2026-09-27 14:14:14] [PROGRESS] resolve files> Scanning /Users/macbook/Octo/web/.next/standalone/node_modules/next/dist/compiled/p-limit...
[2026-09-27 14:14:14] [PROGRESS] resolve files> Scanning /Users/macbook/Octo/web/.next/standalone/node_modules/next/dist/compiled/babel-code-frame...
[2026-09-27 14:14:14] [PROGRESS] resolve files> Scanning /Users/macbook/Octo/web/.next/standalone/node_modules/next/dist/compiled/react-refresh...
[2026-09-27 14:14:14] [PROGRESS] resolve files> Scanning /Users/macbook/Octo/web/.next/standalone/node_modules/next/dist/compiled/react-refresh/cjs...
[2026-09-27 14:14:14] [PROGRESS] resolve files> Scanning /Users/macbook/Octo/web/.next/standalone/node_modules/next/dist/compiled/postcss-plugin-stub-for-cssnano-simple...
[2026-09-27 14:14:14] [PROGRESS] resolve files> Scanning /Users/macbook/Octo/web/.next/standalone/node_modules/next/dist/compiled/find-up...
[2026-09-27 14:14:14] [PROGRESS] resolve files> Scanning /Users/macbook/Octo/web/.next/standalone/node_modules/next/dist/compiled/assert...
[2026-09-27 14:14:14] [PROGRESS] resolve files> Scanning /Users/macbook/Octo/web/.next/standalone/node_modules/next/dist/compiled/next-server...
[2026-09-27 14:14:14] [PROGRESS] resolve files> Scanning /Users/macbook/Octo/web/.next/standalone/node_modules/next/dist/compiled/postcss-modules-local-by-default...
[2026-09-27 14:14:14] [PROGRESS] resolve files> Scanning /Users/macbook/Octo/web/.next/standalone/node_modules/next/dist/compiled/postcss-modules-values...
[2026-09-27 14:14:14] [PROGRESS] resolve files> Scanning /Users/macbook/Octo/web/.next/standalone/node_modules/next/dist/compiled/@mswjs...
[2026-09-27 14:14:14] [PROGRESS] resolve files> Scanning /Users/macbook/Octo/web/.next/standalone/node_modules/next/dist/compiled/@mswjs/interceptors...
[2026-09-27 14:14:14] [PROGRESS] resolve files> Scanning /Users/macbook/Octo/web/.next/standalone/node_modules/next/dist/compiled/@mswjs/interceptors/ClientRequest...
[2026-09-27 14:14:14] [PROGRESS] resolve files> Scanning /Users/macbook/Octo/web/.next/standalone/node_modules/next/dist/compiled/next-devtools...
[2026-09-27 14:14:14] [PROGRESS] resolve files> Scanning /Users/macbook/Octo/web/.next/standalone/node_modules/next/dist/compiled/crypto-browserify...
[2026-09-27 14:14:14] [PROGRESS] resolve files> Scanning /Users/macbook/Octo/web/.next/standalone/node_modules/next/dist/compiled/lodash.curry...
[2026-09-27 14:14:14] [PROGRESS] resolve files> Scanning /Users/macbook/Octo/web/.next/standalone/node_modules/next/dist/compiled/stream-browserify...
[2026-09-27 14:14:14] [PROGRESS] resolve files> Scanning /Users/macbook/Octo/web/.next/standalone/node_modules/next/dist/compiled/gzip-size...
[2026-09-27 14:14:14] [PROGRESS] resolve files> Scanning /Users/macbook/Octo/web/.next/standalone/node_modules/next/dist/compiled/babel...
[2026-09-27 14:14:14] [PROGRESS] resolve files> Scanning /Users/macbook/Octo/web/.next/standalone/node_modules/next/dist/compiled/image-detector...
[2026-09-27 14:14:14] [PROGRESS] resolve files> Scanning /Users/macbook/Octo/web/.next/standalone/node_modules/next/dist/compiled/@napi-rs...
[2026-09-27 14:14:14] [PROGRESS] resolve files> Scanning /Users/macbook/Octo/web/.next/standalone/node_modules/next/dist/compiled/@napi-rs/triples...
[2026-09-27 14:14:14] [PROGRESS] resolve files> Scanning /Users/macbook/Octo/web/.next/standalone/node_modules/next/dist/compiled/semver...
[2026-09-27 14:14:14] [PROGRESS] resolve files> Scanning /Users/macbook/Octo/web/.next/standalone/node_modules/next/dist/compiled/postcss-value-parser...
[2026-09-27 14:14:14] [PROGRESS] resolve files> Scanning /Users/macbook/Octo/web/.next/standalone/node_modules/next/dist/compiled/safe-stable-stringify...
[2026-09-27 14:14:14] [PROGRESS] resolve files> Scanning /Users/macbook/Octo/web/.next/standalone/node_modules/next/dist/compiled/postcss-modules-scope...
[2026-09-27 14:14:14] [PROGRESS] resolve files> Scanning /Users/macbook/Octo/web/.next/standalone/node_modules/next/dist/compiled/@edge-runtime...
[2026-09-27 14:14:14] [PROGRESS] resolve files> Scanning /Users/macbook/Octo/web/.next/standalone/node_modules/next/dist/compiled/@edge-runtime/ponyfill...
[2026-09-27 14:14:14] [PROGRESS] resolve files> Scanning /Users/macbook/Octo/web/.next/standalone/node_modules/next/dist/compiled/@edge-runtime/primitives...
[2026-09-27 14:14:14] [PROGRESS] resolve files> Scanning /Users/macbook/Octo/web/.next/standalone/node_modules/next/dist/compiled/@edge-runtime/cookies...
[2026-09-27 14:14:14] [PROGRESS] resolve files> Scanning /Users/macbook/Octo/web/.next/standalone/node_modules/next/dist/compiled/zod-validation-error...
[2026-09-27 14:14:14] [PROGRESS] resolve files> Scanning /Users/macbook/Octo/web/.next/standalone/node_modules/next/dist/compiled/shell-quote...
[2026-09-27 14:14:14] [PROGRESS] resolve files> Scanning /Users/macbook/Octo/web/.next/standalone/node_modules/next/dist/compiled/image-size...
[2026-09-27 14:14:14] [PROGRESS] resolve files> Scanning /Users/macbook/Octo/web/.next/standalone/node_modules/next/dist/compiled/compression...
[2026-09-27 14:14:14] [PROGRESS] resolve files> Scanning /Users/macbook/Octo/web/.next/standalone/node_modules/next/dist/compiled/json5...
[2026-09-27 14:14:14] [PROGRESS] resolve files> Scanning /Users/macbook/Octo/web/.next/standalone/node_modules/next/dist/compiled/postcss-modules-extract-imports...
[2026-09-27 14:14:14] [PROGRESS] resolve files> Scanning /Users/macbook/Octo/web/.next/standalone/node_modules/next/dist/compiled/cross-spawn...
[2026-09-27 14:14:14] [PROGRESS] resolve files> Scanning /Users/macbook/Octo/web/.next/standalone/node_modules/next/dist/compiled/native-url...
[2026-09-27 14:14:14] [PROGRESS] resolve files> Scanning /Users/macbook/Octo/web/.next/standalone/node_modules/next/dist/compiled/source-map08...
[2026-09-27 14:14:14] [PROGRESS] resolve files> Scanning /Users/macbook/Octo/web/.next/standalone/node_modules/next/dist/compiled/glob...
[2026-09-27 14:14:14] [PROGRESS] resolve files> Scanning /Users/macbook/Octo/web/.next/standalone/node_modules/next/dist/compiled/cookie...
[2026-09-27 14:14:14] [PROGRESS] resolve files> Scanning /Users/macbook/Octo/web/.next/standalone/node_modules/next/dist/compiled/neo-async...
[2026-09-27 14:14:14] [PROGRESS] resolve files> Scanning /Users/macbook/Octo/web/.next/standalone/node_modules/next/dist/compiled/mini-css-extract-plugin...
[2026-09-27 14:14:14] [PROGRESS] resolve files> Scanning /Users/macbook/Octo/web/.next/standalone/node_modules/next/dist/compiled/source-map...
[2026-09-27 14:14:14] [PROGRESS] resolve files> Scanning /Users/macbook/Octo/web/.next/standalone/node_modules/next/dist/compiled/schema-utils3...
[2026-09-27 14:14:14] [PROGRESS] resolve files> Scanning /Users/macbook/Octo/web/.next/standalone/node_modules/next/dist/compiled/is-animated...
[2026-09-27 14:14:14] [PROGRESS] resolve files> Scanning /Users/macbook/Octo/web/.next/standalone/node_modules/next/dist/compiled/@next...
[2026-09-27 14:14:14] [PROGRESS] resolve files> Scanning /Users/macbook/Octo/web/.next/standalone/node_modules/next/dist/compiled/@next/react-refresh-utils...
[2026-09-27 14:14:14] [PROGRESS] resolve files> Scanning /Users/macbook/Octo/web/.next/standalone/node_modules/next/dist/compiled/@next/react-refresh-utils/dist...
[2026-09-27 14:14:14] [PROGRESS] resolve files> Scanning /Users/macbook/Octo/web/.next/standalone/node_modules/next/dist/compiled/@next/react-refresh-utils/dist/internal...
[2026-09-27 14:14:14] [PROGRESS] resolve files> Scanning /Users/macbook/Octo/web/.next/standalone/node_modules/next/dist/compiled/@next/font...
[2026-09-27 14:14:14] [PROGRESS] resolve files> Scanning /Users/macbook/Octo/web/.next/standalone/node_modules/next/dist/compiled/@next/font/dist...
[2026-09-27 14:14:14] [PROGRESS] resolve files> Scanning /Users/macbook/Octo/web/.next/standalone/node_modules/next/dist/compiled/@next/font/dist/google...
[2026-09-27 14:14:14] [PROGRESS] resolve files> Scanning /Users/macbook/Octo/web/.next/standalone/node_modules/next/dist/compiled/@next/font/dist/fontkit...
[2026-09-27 14:14:14] [PROGRESS] resolve files> Scanning /Users/macbook/Octo/web/.next/standalone/node_modules/next/dist/compiled/@next/font/dist/local...
[2026-09-27 14:14:14] [PROGRESS] resolve files> Scanning /Users/macbook/Octo/web/.next/standalone/node_modules/next/dist/compiled/@next/font/google...
[2026-09-27 14:14:14] [PROGRESS] resolve files> Scanning /Users/macbook/Octo/web/.next/standalone/node_modules/next/dist/compiled/@next/font/local...
[2026-09-27 14:14:14] [PROGRESS] resolve files> Scanning /Users/macbook/Octo/web/.next/standalone/node_modules/next/dist/compiled/async-retry...
[2026-09-27 14:14:14] [PROGRESS] resolve files> Scanning /Users/macbook/Octo/web/.next/standalone/node_modules/next/dist/compiled/busboy...
[2026-09-27 14:14:14] [PROGRESS] resolve files> Scanning /Users/macbook/Octo/web/.next/standalone/node_modules/next/dist/compiled/@vercel...
[2026-09-27 14:14:14] [PROGRESS] resolve files> Scanning /Users/macbook/Octo/web/.next/standalone/node_modules/next/dist/compiled/@vercel/nft...
[2026-09-27 14:14:14] [PROGRESS] resolve files> Scanning /Users/macbook/Octo/web/.next/standalone/node_modules/next/dist/compiled/https-proxy-agent...
[2026-09-27 14:14:14] [PROGRESS] resolve files> Scanning /Users/macbook/Octo/web/.next/standalone/node_modules/next/dist/compiled/events...
[2026-09-27 14:14:14] [PROGRESS] resolve files> Scanning /Users/macbook/Octo/web/.next/standalone/node_modules/next/dist/compiled/postcss-flexbugs-fixes...
[2026-09-27 14:14:14] [PROGRESS] resolve files> Scanning /Users/macbook/Octo/web/.next/standalone/node_modules/next/dist/compiled/https-browserify...
[2026-09-27 14:14:14] [PROGRESS] resolve files> Scanning /Users/macbook/Octo/web/.next/standalone/node_modules/next/dist/compiled/http-proxy-agent...
[2026-09-27 14:14:14] [PROGRESS] resolve files> Scanning /Users/macbook/Octo/web/.next/standalone/node_modules/next/dist/compiled/send...
[2026-09-27 14:14:14] [PROGRESS] resolve files> Scanning /Users/macbook/Octo/web/.next/standalone/node_modules/next/dist/compiled/data-uri-to-buffer...
[2026-09-27 14:14:14] [PROGRESS] resolve files> Scanning /Users/macbook/Octo/web/.next/standalone/node_modules/next/dist/compiled/domain-browser...
[2026-09-27 14:14:14] [PROGRESS] resolve files> Scanning /Users/macbook/Octo/web/.next/standalone/node_modules/next/dist/compiled/conf...
[2026-09-27 14:14:14] [PROGRESS] resolve files> Scanning /Users/macbook/Octo/web/.next/standalone/node_modules/next/dist/compiled/tar...
[2026-09-27 14:14:14] [PROGRESS] resolve files> Scanning /Users/macbook/Octo/web/.next/standalone/node_modules/next/dist/compiled/http-proxy...
[2026-09-27 14:14:14] [PROGRESS] resolve files> Scanning /Users/macbook/Octo/web/.next/standalone/node_modules/next/dist/compiled/@hapi...
[2026-09-27 14:14:14] [PROGRESS] resolve files> Scanning /Users/macbook/Octo/web/.next/standalone/node_modules/next/dist/compiled/@hapi/accept...
[2026-09-27 14:14:14] [PROGRESS] resolve files> Scanning /Users/macbook/Octo/web/.next/standalone/node_modules/next/dist/compiled/p-queue...
[2026-09-27 14:14:14] [PROGRESS] resolve files> Scanning /Users/macbook/Octo/web/.next/standalone/node_modules/next/dist/compiled/amphtml-validator...
[2026-09-27 14:14:14] [PROGRESS] resolve files> Scanning /Users/macbook/Octo/web/.next/standalone/node_modules/next/dist/compiled/devalue...
[2026-09-27 14:14:14] [PROGRESS] resolve files> Scanning /Users/macbook/Octo/web/.next/standalone/node_modules/next/dist/compiled/ws...
[2026-09-27 14:14:14] [PROGRESS] resolve files> Scanning /Users/macbook/Octo/web/.next/standalone/node_modules/next/dist/compiled/process...
[2026-09-27 14:14:14] [PROGRESS] resolve files> Scanning /Users/macbook/Octo/web/.next/standalone/node_modules/next/dist/compiled/edge-runtime...
[2026-09-27 14:14:14] [PROGRESS] resolve files> Scanning /Users/macbook/Octo/web/.next/standalone/node_modules/next/dist/compiled/debug...
[2026-09-27 14:14:14] [PROGRESS] resolve files> Scanning /Users/macbook/Octo/web/.next/standalone/node_modules/next/dist/compiled/buffer...
[2026-09-27 14:14:14] [PROGRESS] resolve files> Scanning /Users/macbook/Octo/web/.next/standalone/node_modules/next/dist/shared...
[2026-09-27 14:14:14] [PROGRESS] resolve files> Scanning /Users/macbook/Octo/web/.next/standalone/node_modules/next/dist/shared/lib...
[2026-09-27 14:14:14] [PROGRESS] resolve files> Scanning /Users/macbook/Octo/web/.next/standalone/node_modules/next/dist/shared/lib/segment-cache...
[2026-09-27 14:14:14] [PROGRESS] resolve files> Scanning /Users/macbook/Octo/web/.next/standalone/node_modules/next/dist/shared/lib/page-path...
[2026-09-27 14:14:14] [PROGRESS] resolve files> Scanning /Users/macbook/Octo/web/.next/standalone/node_modules/next/dist/shared/lib/isomorphic...
[2026-09-27 14:14:14] [PROGRESS] resolve files> Scanning /Users/macbook/Octo/web/.next/standalone/node_modules/next/dist/shared/lib/turbopack...
[2026-09-27 14:14:14] [PROGRESS] resolve files> Scanning /Users/macbook/Octo/web/.next/standalone/node_modules/next/dist/shared/lib/utils...
[2026-09-27 14:14:14] [PROGRESS] resolve files> Scanning /Users/macbook/Octo/web/.next/standalone/node_modules/next/dist/shared/lib/lazy-dynamic...
[2026-09-27 14:14:14] [PROGRESS] resolve files> Scanning /Users/macbook/Octo/web/.next/standalone/node_modules/next/dist/shared/lib/errors...
[2026-09-27 14:14:14] [PROGRESS] resolve files> Scanning /Users/macbook/Octo/web/.next/standalone/node_modules/next/dist/shared/lib/i18n...
[2026-09-27 14:14:14] [PROGRESS] resolve files> Scanning /Users/macbook/Octo/web/.next/standalone/node_modules/next/dist/shared/lib/router...
[2026-09-27 14:14:14] [PROGRESS] resolve files> Scanning /Users/macbook/Octo/web/.next/standalone/node_modules/next/dist/shared/lib/router/utils...
[2026-09-27 14:14:14] [PROGRESS] resolve files> Scanning /Users/macbook/Octo/web/.next/standalone/node_modules/next/dist/cli...
[2026-09-27 14:14:14] [PROGRESS] resolve files> Scanning /Users/macbook/Octo/web/.next/standalone/node_modules/next/dist/next-devtools...
[2026-09-27 14:14:14] [PROGRESS] resolve files> Scanning /Users/macbook/Octo/web/.next/standalone/node_modules/next/dist/next-devtools/server...
[2026-09-27 14:14:14] [PROGRESS] resolve files> Scanning /Users/macbook/Octo/web/.next/standalone/node_modules/next/dist/next-devtools/server/font...
[2026-09-27 14:14:14] [PROGRESS] resolve files> Scanning /Users/macbook/Octo/web/.next/standalone/node_modules/next/dist/next-devtools/shared...
[2026-09-27 14:14:14] [PROGRESS] resolve files> Scanning /Users/macbook/Octo/web/.next/standalone/node_modules/next/dist/next-devtools/userspace...
[2026-09-27 14:14:14] [PROGRESS] resolve files> Scanning /Users/macbook/Octo/web/.next/standalone/node_modules/next/dist/next-devtools/userspace/app...
[2026-09-27 14:14:14] [PROGRESS] resolve files> Scanning /Users/macbook/Octo/web/.next/standalone/node_modules/next/dist/next-devtools/userspace/app/errors...
[2026-09-27 14:14:14] [PROGRESS] resolve files> Scanning /Users/macbook/Octo/web/.next/standalone/node_modules/next/dist/next-devtools/userspace/pages...
[2026-09-27 14:14:14] [PROGRESS] resolve files> Scanning /Users/macbook/Octo/web/.next/standalone/node_modules/next/dist/lib...
[2026-09-27 14:14:14] [PROGRESS] resolve files> Scanning /Users/macbook/Octo/web/.next/standalone/node_modules/next/dist/lib/framework...
[2026-09-27 14:14:14] [PROGRESS] resolve files> Scanning /Users/macbook/Octo/web/.next/standalone/node_modules/next/dist/lib/typescript...
[2026-09-27 14:14:14] [PROGRESS] resolve files> Scanning /Users/macbook/Octo/web/.next/standalone/node_modules/next/dist/lib/fs...
[2026-09-27 14:14:14] [PROGRESS] resolve files> Scanning /Users/macbook/Octo/web/.next/standalone/node_modules/next/dist/lib/metadata...
[2026-09-27 14:14:14] [PROGRESS] resolve files> Scanning /Users/macbook/Octo/web/.next/standalone/node_modules/next/dist/lib/helpers...
[2026-09-27 14:14:14] [PROGRESS] resolve files> Scanning /Users/macbook/Octo/web/.next/standalone/node_modules/next/dist/telemetry...
[2026-09-27 14:14:14] [PROGRESS] resolve files> Scanning /Users/macbook/Octo/web/.next/standalone/node_modules/next/dist/telemetry/events...
[2026-09-27 14:14:14] [PROGRESS] resolve files> Scanning /Users/macbook/Octo/web/.next/standalone/node_modules/next/dist/build...
[2026-09-27 14:14:14] [PROGRESS] resolve files> Scanning /Users/macbook/Octo/web/.next/standalone/node_modules/next/dist/build/next-config-ts...
[2026-09-27 14:14:14] [PROGRESS] resolve files> Scanning /Users/macbook/Octo/web/.next/standalone/node_modules/next/dist/build/static-paths...
[2026-09-27 14:14:14] [PROGRESS] resolve files> Scanning /Users/macbook/Octo/web/.next/standalone/node_modules/next/dist/build/analysis...
[2026-09-27 14:14:14] [PROGRESS] resolve files> Scanning /Users/macbook/Octo/web/.next/standalone/node_modules/next/dist/build/segment-config...
[2026-09-27 14:14:14] [PROGRESS] resolve files> Scanning /Users/macbook/Octo/web/.next/standalone/node_modules/next/dist/build/segment-config/middleware...
[2026-09-27 14:14:14] [PROGRESS] resolve files> Scanning /Users/macbook/Octo/web/.next/standalone/node_modules/next/dist/build/segment-config/app...
[2026-09-27 14:14:14] [PROGRESS] resolve files> Scanning /Users/macbook/Octo/web/.next/standalone/node_modules/next/dist/build/segment-config/pages...
[2026-09-27 14:14:14] [PROGRESS] resolve files> Scanning /Users/macbook/Octo/web/.next/standalone/node_modules/next/dist/build/output...
[2026-09-27 14:14:14] [PROGRESS] resolve files> Scanning /Users/macbook/Octo/web/.next/standalone/node_modules/next/dist/build/swc...
[2026-09-27 14:14:14] [PROGRESS] resolve files> Scanning /Users/macbook/Octo/web/.next/standalone/node_modules/next/dist/build/webpack...
[2026-09-27 14:14:14] [PROGRESS] resolve files> Scanning /Users/macbook/Octo/web/.next/standalone/node_modules/next/dist/build/webpack/config...
[2026-09-27 14:14:14] [PROGRESS] resolve files> Scanning /Users/macbook/Octo/web/.next/standalone/node_modules/next/dist/build/webpack/config/blocks...
[2026-09-27 14:14:14] [PROGRESS] resolve files> Scanning /Users/macbook/Octo/web/.next/standalone/node_modules/next/dist/build/webpack/config/blocks/css...
[2026-09-27 14:14:14] [PROGRESS] resolve files> Scanning /Users/macbook/Octo/web/.next/standalone/node_modules/next/dist/build/webpack/config/blocks/css/loaders...
[2026-09-27 14:14:14] [PROGRESS] resolve files> Scanning /Users/macbook/Octo/web/.next/standalone/node_modules/next/dist/build/webpack/config/blocks/images...
[2026-09-27 14:14:14] [PROGRESS] resolve files> Scanning /Users/macbook/Octo/web/.next/standalone/node_modules/next/dist/build/webpack/plugins...
[2026-09-27 14:14:14] [PROGRESS] resolve files> Scanning /Users/macbook/Octo/web/.next/standalone/node_modules/next/dist/build/webpack/plugins/telemetry-plugin...
[2026-09-27 14:14:14] [PROGRESS] resolve files> Scanning /Users/macbook/Octo/web/.next/standalone/node_modules/next/dist/build/webpack/plugins/minify-webpack-plugin...
[2026-09-27 14:14:14] [PROGRESS] resolve files> Scanning /Users/macbook/Octo/web/.next/standalone/node_modules/next/dist/build/webpack/plugins/minify-webpack-plugin/src...
[2026-09-27 14:14:14] [PROGRESS] resolve files> Scanning /Users/macbook/Octo/web/.next/standalone/node_modules/next/dist/build/webpack/plugins/next-types-plugin...
[2026-09-27 14:14:14] [PROGRESS] resolve files> Scanning /Users/macbook/Octo/web/.next/standalone/node_modules/next/dist/build/webpack/plugins/wellknown-errors-plugin...
[2026-09-27 14:14:14] [PROGRESS] resolve files> Scanning /Users/macbook/Octo/web/.next/standalone/node_modules/next/dist/build/webpack/loaders...
[2026-09-27 14:14:14] [PROGRESS] resolve files> Scanning /Users/macbook/Octo/web/.next/standalone/node_modules/next/dist/build/webpack/loaders/css-loader...
[2026-09-27 14:14:14] [PROGRESS] resolve files> Scanning /Users/macbook/Octo/web/.next/standalone/node_modules/next/dist/build/webpack/loaders/css-loader/src...
[2026-09-27 14:14:14] [PROGRESS] resolve files> Scanning /Users/macbook/Octo/web/.next/standalone/node_modules/next/dist/build/webpack/loaders/css-loader/src/plugins...
[2026-09-27 14:14:14] [PROGRESS] resolve files> Scanning /Users/macbook/Octo/web/.next/standalone/node_modules/next/dist/build/webpack/loaders/css-loader/src/runtime...
[2026-09-27 14:14:14] [PROGRESS] resolve files> Scanning /Users/macbook/Octo/web/.next/standalone/node_modules/next/dist/build/webpack/loaders/lightningcss-loader...
[2026-09-27 14:14:14] [PROGRESS] resolve files> Scanning /Users/macbook/Octo/web/.next/standalone/node_modules/next/dist/build/webpack/loaders/lightningcss-loader/src...
[2026-09-27 14:14:14] [PROGRESS] resolve files> Scanning /Users/macbook/Octo/web/.next/standalone/node_modules/next/dist/build/webpack/loaders/resolve-url-loader...
[2026-09-27 14:14:14] [PROGRESS] resolve files> Scanning /Users/macbook/Octo/web/.next/standalone/node_modules/next/dist/build/webpack/loaders/resolve-url-loader/lib...
[2026-09-27 14:14:14] [PROGRESS] resolve files> Scanning /Users/macbook/Octo/web/.next/standalone/node_modules/next/dist/build/webpack/loaders/next-route-loader...
[2026-09-27 14:14:14] [PROGRESS] resolve files> Scanning /Users/macbook/Octo/web/.next/standalone/node_modules/next/dist/build/webpack/loaders/next-flight-loader...
[2026-09-27 14:14:14] [PROGRESS] resolve files> Scanning /Users/macbook/Octo/web/.next/standalone/node_modules/next/dist/build/webpack/loaders/postcss-loader...
[2026-09-27 14:14:14] [PROGRESS] resolve files> Scanning /Users/macbook/Octo/web/.next/standalone/node_modules/next/dist/build/webpack/loaders/postcss-loader/src...
[2026-09-27 14:14:14] [PROGRESS] resolve files> Scanning /Users/macbook/Octo/web/.next/standalone/node_modules/next/dist/build/babel...
[2026-09-27 14:14:14] [PROGRESS] resolve files> Scanning /Users/macbook/Octo/web/.next/standalone/node_modules/next/dist/build/babel/plugins...
[2026-09-27 14:14:14] [PROGRESS] resolve files> Scanning /Users/macbook/Octo/web/.next/standalone/node_modules/next/dist/build/babel/loader...
[2026-09-27 14:14:14] [PROGRESS] resolve files> Scanning /Users/macbook/Octo/web/.next/standalone/node_modules/next/dist/build/polyfills...
[2026-09-27 14:14:14] [PROGRESS] resolve files> Scanning /Users/macbook/Octo/web/.next/standalone/node_modules/next/dist/build/polyfills/fetch...
[2026-09-27 14:14:14] [PROGRESS] resolve files> Scanning /Users/macbook/Octo/web/.next/standalone/node_modules/next/dist/build/polyfills/object.assign...
[2026-09-27 14:14:14] [PROGRESS] resolve files> Scanning /Users/macbook/Octo/web/.next/standalone/node_modules/next/dist/build/webpack-config-rules...
[2026-09-27 14:14:14] [PROGRESS] resolve files> Scanning /Users/macbook/Octo/web/.next/standalone/node_modules/next/dist/export...
[2026-09-27 14:14:14] [PROGRESS] resolve files> Scanning /Users/macbook/Octo/web/.next/standalone/node_modules/next/dist/export/helpers...
[2026-09-27 14:14:14] [PROGRESS] resolve files> Scanning /Users/macbook/Octo/web/.next/standalone/node_modules/next/dist/pages...
[2026-09-27 14:14:14] [PROGRESS] resolve files> Scanning /Users/macbook/Octo/web/.next/standalone/node_modules/next/dist/client...
[2026-09-27 14:14:14] [PROGRESS] resolve files> Scanning /Users/macbook/Octo/web/.next/standalone/node_modules/next/dist/client/react-client-callbacks...
[2026-09-27 14:14:14] [PROGRESS] resolve files> Scanning /Users/macbook/Octo/web/.next/standalone/node_modules/next/dist/client/components...
[2026-09-27 14:14:14] [PROGRESS] resolve files> Scanning /Users/macbook/Octo/web/.next/standalone/node_modules/next/dist/client/components/router-reducer...
[2026-09-27 14:14:14] [PROGRESS] resolve files> Scanning /Users/macbook/Octo/web/.next/standalone/node_modules/next/dist/client/components/router-reducer/reducers...
[2026-09-27 14:14:14] [PROGRESS] resolve files> Scanning /Users/macbook/Octo/web/.next/standalone/node_modules/next/dist/client/components/http-access-fallback...
[2026-09-27 14:14:14] [PROGRESS] resolve files> Scanning /Users/macbook/Octo/web/.next/standalone/node_modules/next/dist/client/components/styles...
[2026-09-27 14:14:14] [PROGRESS] resolve files> Scanning /Users/macbook/Octo/web/.next/standalone/node_modules/next/dist/client/components/segment-cache-impl...
[2026-09-27 14:14:14] [PROGRESS] resolve files> Scanning /Users/macbook/Octo/web/.next/standalone/node_modules/next/dist/client/components/errors...
[2026-09-27 14:14:14] [PROGRESS] resolve files> Scanning /Users/macbook/Octo/web/.next/standalone/node_modules/next/dist/client/components/builtin...
[2026-09-27 14:14:14] [PROGRESS] resolve files> Scanning /Users/macbook/Octo/web/.next/standalone/node_modules/next/dist/client/lib...
[2026-09-27 14:14:14] [PROGRESS] resolve files> Scanning /Users/macbook/Octo/web/.next/standalone/node_modules/next/dist/client/dev...
[2026-09-27 14:14:14] [PROGRESS] resolve files> Scanning /Users/macbook/Octo/web/.next/standalone/node_modules/next/dist/client/dev/hot-reloader...
[2026-09-27 14:14:14] [PROGRESS] resolve files> Scanning /Users/macbook/Octo/web/.next/standalone/node_modules/next/dist/client/dev/hot-reloader/app...
[2026-09-27 14:14:14] [PROGRESS] resolve files> Scanning /Users/macbook/Octo/web/.next/standalone/node_modules/next/dist/client/dev/hot-reloader/pages...
[2026-09-27 14:14:14] [PROGRESS] resolve files> Scanning /Users/macbook/Octo/web/.next/standalone/node_modules/next/node_modules...
[2026-09-27 14:14:14] [PROGRESS] resolve files> Scanning /Users/macbook/Octo/web/.next/standalone/node_modules/next/node_modules/postcss...
[2026-09-27 14:14:14] [PROGRESS] resolve files> Scanning /Users/macbook/Octo/web/.next/standalone/node_modules/next/node_modules/postcss/lib...
[2026-09-27 14:14:14] [PROGRESS] resolve files> Scanning /Users/macbook/Octo/web/.next/standalone/node_modules/next/font...
[2026-09-27 14:14:14] [PROGRESS] resolve files> Scanning /Users/macbook/Octo/web/.next/standalone/node_modules/next/font/google...
[2026-09-27 14:14:14] [PROGRESS] resolve files> Scanning /Users/macbook/Octo/web/.next/standalone/node_modules/@emnapi...
[2026-09-27 14:14:14] [PROGRESS] resolve files> Scanning /Users/macbook/Octo/web/.next/standalone/node_modules/@emnapi/runtime...
[2026-09-27 14:14:14] [PROGRESS] resolve files> Scanning /Users/macbook/Octo/web/.next/standalone/node_modules/@emnapi/runtime/dist...
[2026-09-27 14:14:14] [PROGRESS] resolve files> Scanning /Users/macbook/Octo/web/.next/standalone/node_modules/detect-libc...
[2026-09-27 14:14:14] [PROGRESS] resolve files> Scanning /Users/macbook/Octo/web/.next/standalone/node_modules/detect-libc/lib...
[2026-09-27 14:14:14] [PROGRESS] resolve files> Scanning /Users/macbook/Octo/web/.next/standalone/node_modules/nanoid...
[2026-09-27 14:14:14] [PROGRESS] resolve files> Scanning /Users/macbook/Octo/web/.next/standalone/node_modules/nanoid/non-secure...
[2026-09-27 14:14:14] [PROGRESS] resolve files> Scanning /Users/macbook/Octo/web/.next/standalone/node_modules/typescript...
[2026-09-27 14:14:14] [PROGRESS] resolve files> Scanning /Users/macbook/Octo/web/.next/standalone/node_modules/typescript/lib...
[2026-09-27 14:14:14] [PROGRESS] resolve files> Scanning /Users/macbook/Octo/web/.next/standalone/node_modules/@swc...
[2026-09-27 14:14:14] [PROGRESS] resolve files> Scanning /Users/macbook/Octo/web/.next/standalone/node_modules/@swc/helpers...
[2026-09-27 14:14:14] [PROGRESS] resolve files> Scanning /Users/macbook/Octo/web/.next/standalone/node_modules/@swc/helpers/_...
[2026-09-27 14:14:14] [PROGRESS] resolve files> Scanning /Users/macbook/Octo/web/.next/standalone/node_modules/@swc/helpers/_/_class_private_field_loose_base...
[2026-09-27 14:14:14] [PROGRESS] resolve files> Scanning /Users/macbook/Octo/web/.next/standalone/node_modules/@swc/helpers/_/_interop_require_wildcard...
[2026-09-27 14:14:14] [PROGRESS] resolve files> Scanning /Users/macbook/Octo/web/.next/standalone/node_modules/@swc/helpers/_/_class_private_field_loose_key...
[2026-09-27 14:14:14] [PROGRESS] resolve files> Scanning /Users/macbook/Octo/web/.next/standalone/node_modules/@swc/helpers/_/_interop_require_default...
[2026-09-27 14:14:14] [PROGRESS] resolve files> Scanning /Users/macbook/Octo/web/.next/standalone/node_modules/@swc/helpers/cjs...
[2026-09-27 14:14:14] [PROGRESS] resolve files> Scanning /Users/macbook/Octo/web/.next/standalone/node_modules/react-dom...
[2026-09-27 14:14:14] [PROGRESS] resolve files> Scanning /Users/macbook/Octo/web/.next/standalone/node_modules/react-dom/cjs...
[2026-09-27 14:14:14] [PROGRESS] resolve files> Scanning /Users/macbook/Octo/web/.next/standalone/node_modules/picocolors...
[2026-09-27 14:14:14] [PROGRESS] resolve files> Scanning /Users/macbook/Octo/web/.next/standalone/node_modules/semver...
[2026-09-27 14:14:14] [PROGRESS] resolve files> Scanning /Users/macbook/Octo/web/.next/standalone/node_modules/semver/ranges...
[2026-09-27 14:14:14] [PROGRESS] resolve files> Scanning /Users/macbook/Octo/web/.next/standalone/node_modules/semver/classes...
[2026-09-27 14:14:14] [PROGRESS] resolve files> Scanning /Users/macbook/Octo/web/.next/standalone/node_modules/semver/internal...
[2026-09-27 14:14:14] [PROGRESS] resolve files> Scanning /Users/macbook/Octo/web/.next/standalone/node_modules/semver/functions...
[2026-09-27 14:14:14] [PROGRESS] resolve files> Scanning /Users/macbook/Octo/web/.next/standalone/node_modules/client-only...
[2026-09-27 14:14:14] [PROGRESS] resolve files> Scanning /Users/macbook/Octo/web/.next/standalone/node_modules/@img...
[2026-09-27 14:14:14] [PROGRESS] resolve files> Scanning /Users/macbook/Octo/web/.next/standalone/node_modules/@img/sharp-wasm32...
[2026-09-27 14:14:14] [PROGRESS] resolve files> Scanning /Users/macbook/Octo/web/.next/standalone/node_modules/@img/sharp-wasm32/lib...
[2026-09-27 14:14:14] [PROGRESS] resolve files> Scanning /Users/macbook/Octo/web/.next/standalone/node_modules/@img/sharp-libvips-darwin-arm64...
[2026-09-27 14:14:14] [PROGRESS] resolve files> Scanning /Users/macbook/Octo/web/.next/standalone/node_modules/@img/sharp-libvips-darwin-arm64/lib...
[2026-09-27 14:14:14] [PROGRESS] resolve files> Scanning /Users/macbook/Octo/web/.next/standalone/node_modules/@img/sharp-darwin-arm64...
[2026-09-27 14:14:14] [PROGRESS] resolve files> Scanning /Users/macbook/Octo/web/.next/standalone/node_modules/@img/sharp-darwin-arm64/lib...
[2026-09-27 14:14:14] [PROGRESS] resolve files> Scanning /Users/macbook/Octo/web/.next/standalone/node_modules/@img/colour...
[2026-09-27 14:14:14] [PROGRESS] resolve files> Scanning /Users/macbook/Octo/web/.next/standalone/node_modules/@next...
[2026-09-27 14:14:14] [PROGRESS] resolve files> Scanning /Users/macbook/Octo/web/.next/standalone/node_modules/@next/env...
[2026-09-27 14:14:14] [PROGRESS] resolve files> Scanning /Users/macbook/Octo/web/.next/standalone/node_modules/@next/env/dist...
[2026-09-27 14:14:14] [PROGRESS] resolve files> Scanning /Users/macbook/Octo/web/.next/standalone/node_modules/caniuse-lite...
[2026-09-27 14:14:14] [PROGRESS] resolve files> Scanning /Users/macbook/Octo/web/.next/standalone/node_modules/caniuse-lite/dist...
[2026-09-27 14:14:14] [PROGRESS] resolve files> Scanning /Users/macbook/Octo/web/.next/standalone/node_modules/caniuse-lite/dist/unpacker...
[2026-09-27 14:14:14] [PROGRESS] resolve files> Scanning /Users/macbook/Octo/web/.next/standalone/node_modules/caniuse-lite/dist/lib...
[2026-09-27 14:14:14] [PROGRESS] resolve files> Scanning /Users/macbook/Octo/web/.next/standalone/node_modules/caniuse-lite/data...
[2026-09-27 14:14:14] [PROGRESS] resolve files> Scanning /Users/macbook/Octo/web/.next/standalone/node_modules/caniuse-lite/data/features...
[2026-09-27 14:14:14] [PROGRESS] resolve files> Scanning /Users/macbook/Octo/web/.next/standalone/node_modules/react...
[2026-09-27 14:14:14] [PROGRESS] resolve files> Scanning /Users/macbook/Octo/web/.next/standalone/node_modules/react/cjs...
[2026-09-27 14:14:14] [PROGRESS] resolve files> Scanning /Users/macbook/Octo/web/.next/standalone/node_modules/sharp...
[2026-09-27 14:14:14] [PROGRESS] resolve files> Scanning /Users/macbook/Octo/web/.next/standalone/node_modules/sharp/dist...
[2026-09-27 14:14:14] [PROGRESS] resolve files> Scanning /Users/macbook/Octo/web/.next/standalone/node_modules/source-map-js...
[2026-09-27 14:14:14] [PROGRESS] resolve files> Scanning /Users/macbook/Octo/web/.next/standalone/node_modules/source-map-js/lib...
[2026-09-27 14:14:14] [PROGRESS] resolve files> Scanning /Users/macbook/Octo/web/.next/standalone/.next...
[2026-09-27 14:14:14] [PROGRESS] resolve files> Scanning /Users/macbook/Octo/web/.next/standalone/.next/server...
[2026-09-27 14:14:14] [PROGRESS] resolve files> Scanning /Users/macbook/Octo/web/.next/standalone/.next/server/app...
[2026-09-27 14:14:14] [PROGRESS] resolve files> Scanning /Users/macbook/Octo/web/.next/standalone/.next/server/app/app...
[2026-09-27 14:14:14] [PROGRESS] resolve files> Scanning /Users/macbook/Octo/web/.next/standalone/.next/server/app/admin...
[2026-09-27 14:14:14] [PROGRESS] resolve files> Scanning /Users/macbook/Octo/web/.next/standalone/.next/server/app/_not-found...
[2026-09-27 14:14:14] [PROGRESS] resolve files> Scanning /Users/macbook/Octo/web/.next/standalone/.next/server/app/login...
[2026-09-27 14:14:14] [PROGRESS] resolve files> Scanning /Users/macbook/Octo/web/.next/standalone/.next/server/chunks...
[2026-09-27 14:14:14] [PROGRESS] resolve files> Scanning /Users/macbook/Octo/web/.next/standalone/.next/server/pages...
[2026-09-27 14:14:14] [PROGRESS] resolve files> Scanning /Users/macbook/Octo/web/.next/server...
[2026-09-27 14:14:14] [PROGRESS] resolve files> Scanning /Users/macbook/Octo/web/.next/server/app...
[2026-09-27 14:14:14] [PROGRESS] resolve files> Scanning /Users/macbook/Octo/web/.next/server/app/app...
[2026-09-27 14:14:14] [PROGRESS] resolve files> Scanning /Users/macbook/Octo/web/.next/server/app/admin...
[2026-09-27 14:14:14] [PROGRESS] resolve files> Scanning /Users/macbook/Octo/web/.next/server/app/_not-found...
[2026-09-27 14:14:14] [PROGRESS] resolve files> Scanning /Users/macbook/Octo/web/.next/server/app/login...
[2026-09-27 14:14:14] [PROGRESS] resolve files> Scanning /Users/macbook/Octo/web/.next/server/chunks...
[2026-09-27 14:14:14] [PROGRESS] resolve files> Scanning /Users/macbook/Octo/web/.next/server/pages...
[2026-09-27 14:14:14] [PROGRESS] resolve files> Scanning /Users/macbook/Octo/web/.next/static...
[2026-09-27 14:14:14] [PROGRESS] resolve files> Scanning /Users/macbook/Octo/web/.next/static/css...
[2026-09-27 14:14:14] [PROGRESS] resolve files> Scanning /Users/macbook/Octo/web/.next/static/j984REezxiU_yF5aVl2Rs...
[2026-09-27 14:14:14] [PROGRESS] resolve files> Scanning /Users/macbook/Octo/web/.next/static/chunks...
[2026-09-27 14:14:14] [PROGRESS] resolve files> Scanning /Users/macbook/Octo/web/.next/static/chunks/app...
[2026-09-27 14:14:14] [PROGRESS] resolve files> Scanning /Users/macbook/Octo/web/.next/static/chunks/app/app...
[2026-09-27 14:14:14] [PROGRESS] resolve files> Scanning /Users/macbook/Octo/web/.next/static/chunks/app/admin...
[2026-09-27 14:14:14] [PROGRESS] resolve files> Scanning /Users/macbook/Octo/web/.next/static/chunks/app/_not-found...
[2026-09-27 14:14:14] [PROGRESS] resolve files> Scanning /Users/macbook/Octo/web/.next/static/chunks/app/login...
[2026-09-27 14:14:14] [PROGRESS] resolve files> Scanning /Users/macbook/Octo/web/.next/static/chunks/pages...
[2026-09-27 14:14:14] [PROGRESS] resolve files> Scanning /Users/macbook/Octo/web/.next/diagnostics...
[2026-09-27 14:14:14] [PROGRESS] resolve files> Scanning /Users/macbook/Octo/web/components...
[2026-09-27 14:14:14] [PROGRESS] resolve files> Scanning /Users/macbook/Octo/web/components/blocks...
[2026-09-27 14:14:14] [PROGRESS] resolve files> Scanning /Users/macbook/Octo/web/public...
[2026-09-27 14:14:14] [PROGRESS] resolve files> Scanning /Users/macbook/Octo/web/lib...
[2026-09-27 14:14:14] [PROGRESS] resolve files> Scanning /Users/macbook/Octo/deploy...
[2026-09-27 14:14:14] [PROGRESS] resolve files> Scanning /Users/macbook/Octo/.kotlin...
[2026-09-27 14:14:14] [PROGRESS] resolve files> Scanning /Users/macbook/Octo/.kotlin/sessions...
[2026-09-27 14:14:14] [PROGRESS] resolve files> Scanning /Users/macbook/Octo/.claude...
[2026-09-27 14:14:14] [PROGRESS] resolve files> Scanning /Users/macbook/Octo/.claude/worktrees...
[2026-09-27 14:14:14] [PROGRESS] resolve files> Scanning /Users/macbook/Octo/.claude/worktrees/wonderful-spence-08433c...
[2026-09-27 14:14:14] [PROGRESS] resolve files> Scanning /Users/macbook/Octo/.claude/worktrees/wonderful-spence-08433c/infra...
[2026-09-27 14:14:14] [PROGRESS] resolve files> Scanning /Users/macbook/Octo/.claude/worktrees/wonderful-spence-08433c/infra/supabase...
[2026-09-27 14:14:14] [PROGRESS] resolve files> Scanning /Users/macbook/Octo/.claude/worktrees/wonderful-spence-08433c/web...
[2026-09-27 14:14:14] [PROGRESS] resolve files> Scanning /Users/macbook/Octo/.claude/worktrees/wonderful-spence-08433c/web/app...
[2026-09-27 14:14:14] [PROGRESS] resolve files> Scanning /Users/macbook/Octo/.claude/worktrees/wonderful-spence-08433c/web/components...
[2026-09-27 14:14:14] [PROGRESS] resolve files> Scanning /Users/macbook/Octo/.claude/worktrees/wonderful-spence-08433c/web/components/blocks...
[2026-09-27 14:14:14] [PROGRESS] resolve files> Scanning /Users/macbook/Octo/.claude/worktrees/wonderful-spence-08433c/.claude...
[2026-09-27 14:14:14] [PROGRESS] resolve files> Scanning /Users/macbook/Octo/.claude/worktrees/wonderful-spence-08433c/docs...
[2026-09-27 14:14:14] [PROGRESS] resolve files> Scanning /Users/macbook/Octo/.claude/worktrees/wonderful-spence-08433c/docs/adr...
[2026-09-27 14:14:14] [PROGRESS] resolve files> Scanning /Users/macbook/Octo/.claude/worktrees/wonderful-spence-08433c/ontology...
[2026-09-27 14:14:14] [PROGRESS] resolve files> Scanning /Users/macbook/Octo/.claude/worktrees/wonderful-spence-08433c/ontology/samples...
[2026-09-27 14:14:14] [PROGRESS] resolve files> Scanning /Users/macbook/Octo/.claude/worktrees/wonderful-spence-08433c/ontology/samples/valid...
[2026-09-27 14:14:14] [PROGRESS] resolve files> Scanning /Users/macbook/Octo/.claude/worktrees/wonderful-spence-08433c/ontology/samples/invalid...
[2026-09-27 14:14:14] [PROGRESS] resolve files> Scanning /Users/macbook/Octo/.claude/worktrees/wonderful-spence-08433c/gradle...
[2026-09-27 14:14:14] [PROGRESS] resolve files> Scanning /Users/macbook/Octo/.claude/worktrees/wonderful-spence-08433c/gradle/wrapper...
[2026-09-27 14:14:14] [PROGRESS] resolve files> Scanning /Users/macbook/Octo/.claude/worktrees/wonderful-spence-08433c/.github...
[2026-09-27 14:14:14] [PROGRESS] resolve files> Scanning /Users/macbook/Octo/.claude/worktrees/wonderful-spence-08433c/.github/workflows...
[2026-09-27 14:14:14] [PROGRESS] resolve files> Scanning /Users/macbook/Octo/.claude/worktrees/wonderful-spence-08433c/.gradle...
[2026-09-27 14:14:14] [PROGRESS] resolve files> Scanning /Users/macbook/Octo/.claude/worktrees/wonderful-spence-08433c/.gradle/vcs-1...
[2026-09-27 14:14:14] [PROGRESS] resolve files> Scanning /Users/macbook/Octo/.claude/worktrees/wonderful-spence-08433c/.gradle/buildOutputCleanup...
[2026-09-27 14:14:14] [PROGRESS] resolve files> Scanning /Users/macbook/Octo/.claude/worktrees/wonderful-spence-08433c/.gradle/9.4.1...
[2026-09-27 14:14:14] [PROGRESS] resolve files> Scanning /Users/macbook/Octo/.claude/worktrees/wonderful-spence-08433c/.gradle/9.4.1/expanded...
[2026-09-27 14:14:14] [PROGRESS] resolve files> Scanning /Users/macbook/Octo/.claude/worktrees/wonderful-spence-08433c/.gradle/9.4.1/executionHistory...
[2026-09-27 14:14:14] [PROGRESS] resolve files> Scanning /Users/macbook/Octo/.claude/worktrees/wonderful-spence-08433c/.gradle/9.4.1/fileChanges...
[2026-09-27 14:14:14] [PROGRESS] resolve files> Scanning /Users/macbook/Octo/.claude/worktrees/wonderful-spence-08433c/.gradle/9.4.1/checksums...
[2026-09-27 14:14:14] [PROGRESS] resolve files> Scanning /Users/macbook/Octo/.claude/worktrees/wonderful-spence-08433c/.gradle/9.4.1/vcsMetadata...
[2026-09-27 14:14:14] [PROGRESS] resolve files> Scanning /Users/macbook/Octo/.claude/worktrees/wonderful-spence-08433c/.gradle/9.4.1/fileHashes...
[2026-09-27 14:14:14] [PROGRESS] resolve files> Scanning /Users/macbook/Octo/.claude/worktrees/wonderful-spence-08433c/db...
[2026-09-27 14:14:14] [PROGRESS] resolve files> Scanning /Users/macbook/Octo/.claude/worktrees/wonderful-spence-08433c/db/migrations...
[2026-09-27 14:14:14] [PROGRESS] resolve files> Scanning /Users/macbook/Octo/.claude/worktrees/wonderful-spence-08433c/modules...
[2026-09-27 14:14:14] [PROGRESS] resolve files> Scanning /Users/macbook/Octo/.claude/worktrees/wonderful-spence-08433c/modules/ibor-core...
[2026-09-27 14:14:14] [PROGRESS] resolve files> Scanning /Users/macbook/Octo/.claude/worktrees/wonderful-spence-08433c/modules/ibor-core/build...
[2026-09-27 14:14:14] [PROGRESS] resolve files> Scanning /Users/macbook/Octo/.claude/worktrees/wonderful-spence-08433c/modules/ibor-core/build/kover...
[2026-09-27 14:14:14] [PROGRESS] resolve files> Scanning /Users/macbook/Octo/.claude/worktrees/wonderful-spence-08433c/modules/ibor-core/build/kover/bin-reports...
[2026-09-27 14:14:14] [PROGRESS] resolve files> Scanning /Users/macbook/Octo/.claude/worktrees/wonderful-spence-08433c/modules/ibor-core/build/classes...
[2026-09-27 14:14:14] [PROGRESS] resolve files> Scanning /Users/macbook/Octo/.claude/worktrees/wonderful-spence-08433c/modules/ibor-core/build/classes/kotlin...
[2026-09-27 14:14:14] [PROGRESS] resolve files> Scanning /Users/macbook/Octo/.claude/worktrees/wonderful-spence-08433c/modules/ibor-core/build/classes/kotlin/test...
[2026-09-27 14:14:14] [PROGRESS] resolve files> Scanning /Users/macbook/Octo/.claude/worktrees/wonderful-spence-08433c/modules/ibor-core/build/classes/kotlin/test/META-INF...
[2026-09-27 14:14:14] [PROGRESS] resolve files> Scanning /Users/macbook/Octo/.claude/worktrees/wonderful-spence-08433c/modules/ibor-core/build/classes/kotlin/test/com...
[2026-09-27 14:14:14] [PROGRESS] resolve files> Scanning /Users/macbook/Octo/.claude/worktrees/wonderful-spence-08433c/modules/ibor-core/build/classes/kotlin/test/com/mesta...
[2026-09-27 14:14:14] [PROGRESS] resolve files> Scanning /Users/macbook/Octo/.claude/worktrees/wonderful-spence-08433c/modules/ibor-core/build/classes/kotlin/test/com/mesta/asset...
[2026-09-27 14:14:14] [PROGRESS] resolve files> Scanning /Users/macbook/Octo/.claude/worktrees/wonderful-spence-08433c/modules/ibor-core/build/classes/kotlin/test/com/mesta/asset/iborcore...
[2026-09-27 14:14:14] [PROGRESS] resolve files> Scanning /Users/macbook/Octo/.claude/worktrees/wonderful-spence-08433c/modules/ibor-core/build/classes/kotlin/main...
[2026-09-27 14:14:14] [PROGRESS] resolve files> Scanning /Users/macbook/Octo/.claude/worktrees/wonderful-spence-08433c/modules/ibor-core/build/classes/kotlin/main/META-INF...
[2026-09-27 14:14:14] [PROGRESS] resolve files> Scanning /Users/macbook/Octo/.claude/worktrees/wonderful-spence-08433c/modules/ibor-core/build/classes/kotlin/main/com...
[2026-09-27 14:14:14] [PROGRESS] resolve files> Scanning /Users/macbook/Octo/.claude/worktrees/wonderful-spence-08433c/modules/ibor-core/build/classes/kotlin/main/com/mesta...
[2026-09-27 14:14:14] [PROGRESS] resolve files> Scanning /Users/macbook/Octo/.claude/worktrees/wonderful-spence-08433c/modules/ibor-core/build/classes/kotlin/main/com/mesta/asset...
[2026-09-27 14:14:14] [PROGRESS] resolve files> Scanning /Users/macbook/Octo/.claude/worktrees/wonderful-spence-08433c/modules/ibor-core/build/classes/kotlin/main/com/mesta/asset/iborcore...
[2026-09-27 14:14:14] [PROGRESS] resolve files> Scanning /Users/macbook/Octo/.claude/worktrees/wonderful-spence-08433c/modules/ibor-core/build/classes/kotlin/main/com/mesta/asset/iborcore/persistence...
[2026-09-27 14:14:14] [PROGRESS] resolve files> Scanning /Users/macbook/Octo/.claude/worktrees/wonderful-spence-08433c/modules/ibor-core/build/kotlin...
[2026-09-27 14:14:14] [PROGRESS] resolve files> Scanning /Users/macbook/Octo/.claude/worktrees/wonderful-spence-08433c/modules/ibor-core/build/kotlin/compileKotlin...
[2026-09-27 14:14:14] [PROGRESS] resolve files> Scanning /Users/macbook/Octo/.claude/worktrees/wonderful-spence-08433c/modules/ibor-core/build/kotlin/compileKotlin/cacheable...
[2026-09-27 14:14:14] [PROGRESS] resolve files> Scanning /Users/macbook/Octo/.claude/worktrees/wonderful-spence-08433c/modules/ibor-core/build/kotlin/compileKotlin/cacheable/caches-jvm...
[2026-09-27 14:14:14] [PROGRESS] resolve files> Scanning /Users/macbook/Octo/.claude/worktrees/wonderful-spence-08433c/modules/ibor-core/build/kotlin/compileKotlin/cacheable/caches-jvm/lookups...
[2026-09-27 14:14:14] [PROGRESS] resolve files> Scanning /Users/macbook/Octo/.claude/worktrees/wonderful-spence-08433c/modules/ibor-core/build/kotlin/compileKotlin/cacheable/caches-jvm/jvm...
[2026-09-27 14:14:14] [PROGRESS] resolve files> Scanning /Users/macbook/Octo/.claude/worktrees/wonderful-spence-08433c/modules/ibor-core/build/kotlin/compileKotlin/cacheable/caches-jvm/jvm/kotlin...
[2026-09-27 14:14:14] [PROGRESS] resolve files> Scanning /Users/macbook/Octo/.claude/worktrees/wonderful-spence-08433c/modules/ibor-core/build/kotlin/compileKotlin/cacheable/caches-jvm/inputs...
[2026-09-27 14:14:14] [PROGRESS] resolve files> Scanning /Users/macbook/Octo/.claude/worktrees/wonderful-spence-08433c/modules/ibor-core/build/kotlin/compileKotlin/classpath-snapshot...
[2026-09-27 14:14:14] [PROGRESS] resolve files> Scanning /Users/macbook/Octo/.claude/worktrees/wonderful-spence-08433c/modules/ibor-core/build/kotlin/compileKotlin/local-state...
[2026-09-27 14:14:14] [PROGRESS] resolve files> Scanning /Users/macbook/Octo/.claude/worktrees/wonderful-spence-08433c/modules/ibor-core/build/kotlin/compileTestKotlin...
[2026-09-27 14:14:14] [PROGRESS] resolve files> Scanning /Users/macbook/Octo/.claude/worktrees/wonderful-spence-08433c/modules/ibor-core/build/kotlin/compileTestKotlin/cacheable...
[2026-09-27 14:14:14] [PROGRESS] resolve files> Scanning /Users/macbook/Octo/.claude/worktrees/wonderful-spence-08433c/modules/ibor-core/build/kotlin/compileTestKotlin/cacheable/caches-jvm...
[2026-09-27 14:14:14] [PROGRESS] resolve files> Scanning /Users/macbook/Octo/.claude/worktrees/wonderful-spence-08433c/modules/ibor-core/build/kotlin/compileTestKotlin/cacheable/caches-jvm/lookups...
[2026-09-27 14:14:14] [PROGRESS] resolve files> Scanning /Users/macbook/Octo/.claude/worktrees/wonderful-spence-08433c/modules/ibor-core/build/kotlin/compileTestKotlin/cacheable/caches-jvm/jvm...
[2026-09-27 14:14:14] [PROGRESS] resolve files> Scanning /Users/macbook/Octo/.claude/worktrees/wonderful-spence-08433c/modules/ibor-core/build/kotlin/compileTestKotlin/cacheable/caches-jvm/jvm/kotlin...
[2026-09-27 14:14:14] [PROGRESS] resolve files> Scanning /Users/macbook/Octo/.claude/worktrees/wonderful-spence-08433c/modules/ibor-core/build/kotlin/compileTestKotlin/cacheable/caches-jvm/inputs...
[2026-09-27 14:14:14] [PROGRESS] resolve files> Scanning /Users/macbook/Octo/.claude/worktrees/wonderful-spence-08433c/modules/ibor-core/build/kotlin/compileTestKotlin/classpath-snapshot...
[2026-09-27 14:14:14] [PROGRESS] resolve files> Scanning /Users/macbook/Octo/.claude/worktrees/wonderful-spence-08433c/modules/ibor-core/build/kotlin/compileTestKotlin/local-state...
[2026-09-27 14:14:14] [PROGRESS] resolve files> Scanning /Users/macbook/Octo/.claude/worktrees/wonderful-spence-08433c/modules/ibor-core/build/libs...
[2026-09-27 14:14:14] [PROGRESS] resolve files> Scanning /Users/macbook/Octo/.claude/worktrees/wonderful-spence-08433c/modules/ibor-core/build/intermediates...
[2026-09-27 14:14:14] [PROGRESS] resolve files> Scanning /Users/macbook/Octo/.claude/worktrees/wonderful-spence-08433c/modules/ibor-core/build/intermediates/ktLint...
[2026-09-27 14:14:14] [PROGRESS] resolve files> Scanning /Users/macbook/Octo/.claude/worktrees/wonderful-spence-08433c/modules/ibor-core/build/test-results...
[2026-09-27 14:14:14] [PROGRESS] resolve files> Scanning /Users/macbook/Octo/.claude/worktrees/wonderful-spence-08433c/modules/ibor-core/build/test-results/test...
[2026-09-27 14:14:14] [PROGRESS] resolve files> Scanning /Users/macbook/Octo/.claude/worktrees/wonderful-spence-08433c/modules/ibor-core/build/test-results/test/binary...
[2026-09-27 14:14:14] [PROGRESS] resolve files> Scanning /Users/macbook/Octo/.claude/worktrees/wonderful-spence-08433c/modules/ibor-core/build/tmp...
[2026-09-27 14:14:14] [PROGRESS] resolve files> Scanning /Users/macbook/Octo/.claude/worktrees/wonderful-spence-08433c/modules/ibor-core/build/tmp/koverCachedVerify...
[2026-09-27 14:14:14] [PROGRESS] resolve files> Scanning /Users/macbook/Octo/.claude/worktrees/wonderful-spence-08433c/modules/ibor-core/build/tmp/test...
[2026-09-27 14:14:14] [PROGRESS] resolve files> Scanning /Users/macbook/Octo/.claude/worktrees/wonderful-spence-08433c/modules/ibor-core/build/tmp/jar...
[2026-09-27 14:14:14] [PROGRESS] resolve files> Scanning /Users/macbook/Octo/.claude/worktrees/wonderful-spence-08433c/modules/ibor-core/build/reports...
[2026-09-27 14:14:14] [PROGRESS] resolve files> Scanning /Users/macbook/Octo/.claude/worktrees/wonderful-spence-08433c/modules/ibor-core/build/reports/kover...
[2026-09-27 14:14:14] [PROGRESS] resolve files> Scanning /Users/macbook/Octo/.claude/worktrees/wonderful-spence-08433c/modules/ibor-core/build/reports/ktlint...
[2026-09-27 14:14:14] [PROGRESS] resolve files> Scanning /Users/macbook/Octo/.claude/worktrees/wonderful-spence-08433c/modules/ibor-core/build/reports/ktlint/ktlintKotlinScriptCheck...
[2026-09-27 14:14:14] [PROGRESS] resolve files> Scanning /Users/macbook/Octo/.claude/worktrees/wonderful-spence-08433c/modules/ibor-core/build/reports/ktlint/ktlintMainSourceSetCheck...
[2026-09-27 14:14:14] [PROGRESS] resolve files> Scanning /Users/macbook/Octo/.claude/worktrees/wonderful-spence-08433c/modules/ibor-core/build/reports/ktlint/ktlintTestSourceSetCheck...
[2026-09-27 14:14:14] [PROGRESS] resolve files> Scanning /Users/macbook/Octo/.claude/worktrees/wonderful-spence-08433c/modules/ibor-core/build/reports/tests...
[2026-09-27 14:14:14] [PROGRESS] resolve files> Scanning /Users/macbook/Octo/.claude/worktrees/wonderful-spence-08433c/modules/ibor-core/build/reports/tests/test...
[2026-09-27 14:14:14] [PROGRESS] resolve files> Scanning /Users/macbook/Octo/.claude/worktrees/wonderful-spence-08433c/modules/ibor-core/build/reports/tests/test/css...
[2026-09-27 14:14:14] [PROGRESS] resolve files> Scanning /Users/macbook/Octo/.claude/worktrees/wonderful-spence-08433c/modules/ibor-core/build/reports/tests/test/js...
[2026-09-27 14:14:14] [PROGRESS] resolve files> Scanning /Users/macbook/Octo/.claude/worktrees/wonderful-spence-08433c/modules/ibor-core/build/reports/tests/test/KqxcmuT02Ck...
[2026-09-27 14:14:14] [PROGRESS] resolve files> Scanning /Users/macbook/Octo/.claude/worktrees/wonderful-spence-08433c/modules/ibor-core/build/reports/tests/test/99ple8RXr8k...
[2026-09-27 14:14:14] [PROGRESS] resolve files> Scanning /Users/macbook/Octo/.claude/worktrees/wonderful-spence-08433c/modules/ibor-core/build/reports/tests/test/qHhHa5WGoW8...
[2026-09-27 14:14:14] [PROGRESS] resolve files> Scanning /Users/macbook/Octo/.claude/worktrees/wonderful-spence-08433c/modules/ibor-core/build/reports/tests/test/SP20H0DeMXU...
[2026-09-27 14:14:14] [PROGRESS] resolve files> Scanning /Users/macbook/Octo/.claude/worktrees/wonderful-spence-08433c/modules/ibor-core/src...
[2026-09-27 14:14:14] [PROGRESS] resolve files> Scanning /Users/macbook/Octo/.claude/worktrees/wonderful-spence-08433c/modules/ibor-core/src/test...
[2026-09-27 14:14:14] [PROGRESS] resolve files> Scanning /Users/macbook/Octo/.claude/worktrees/wonderful-spence-08433c/modules/ibor-core/src/test/kotlin...
[2026-09-27 14:14:14] [PROGRESS] resolve files> Scanning /Users/macbook/Octo/.claude/worktrees/wonderful-spence-08433c/modules/ibor-core/src/test/kotlin/com...
[2026-09-27 14:14:14] [PROGRESS] resolve files> Scanning /Users/macbook/Octo/.claude/worktrees/wonderful-spence-08433c/modules/ibor-core/src/test/kotlin/com/mesta...
[2026-09-27 14:14:14] [PROGRESS] resolve files> Scanning /Users/macbook/Octo/.claude/worktrees/wonderful-spence-08433c/modules/ibor-core/src/test/kotlin/com/mesta/asset...
[2026-09-27 14:14:14] [PROGRESS] resolve files> Scanning /Users/macbook/Octo/.claude/worktrees/wonderful-spence-08433c/modules/ibor-core/src/test/kotlin/com/mesta/asset/iborcore...
[2026-09-27 14:14:14] [PROGRESS] resolve files> Scanning /Users/macbook/Octo/.claude/worktrees/wonderful-spence-08433c/modules/ibor-core/src/main...
[2026-09-27 14:14:14] [PROGRESS] resolve files> Scanning /Users/macbook/Octo/.claude/worktrees/wonderful-spence-08433c/modules/ibor-core/src/main/kotlin...
[2026-09-27 14:14:14] [PROGRESS] resolve files> Scanning /Users/macbook/Octo/.claude/worktrees/wonderful-spence-08433c/modules/ibor-core/src/main/kotlin/com...
[2026-09-27 14:14:14] [PROGRESS] resolve files> Scanning /Users/macbook/Octo/.claude/worktrees/wonderful-spence-08433c/modules/ibor-core/src/main/kotlin/com/mesta...
[2026-09-27 14:14:14] [PROGRESS] resolve files> Scanning /Users/macbook/Octo/.claude/worktrees/wonderful-spence-08433c/modules/ibor-core/src/main/kotlin/com/mesta/asset...
[2026-09-27 14:14:14] [PROGRESS] resolve files> Scanning /Users/macbook/Octo/.claude/worktrees/wonderful-spence-08433c/modules/ibor-core/src/main/kotlin/com/mesta/asset/iborcore...
[2026-09-27 14:14:14] [PROGRESS] resolve files> Scanning /Users/macbook/Octo/.claude/worktrees/wonderful-spence-08433c/modules/ibor-core/src/main/kotlin/com/mesta/asset/iborcore/persistence...
[2026-09-27 14:14:14] [PROGRESS] resolve files> Scanning /Users/macbook/Octo/.claude/worktrees/wonderful-spence-08433c/modules/ingestion...
[2026-09-27 14:14:14] [PROGRESS] resolve files> Scanning /Users/macbook/Octo/.claude/worktrees/wonderful-spence-08433c/modules/ingestion/build...
[2026-09-27 14:14:14] [PROGRESS] resolve files> Scanning /Users/macbook/Octo/.claude/worktrees/wonderful-spence-08433c/modules/ingestion/build/kover...
[2026-09-27 14:14:14] [PROGRESS] resolve files> Scanning /Users/macbook/Octo/.claude/worktrees/wonderful-spence-08433c/modules/ingestion/build/classes...
[2026-09-27 14:14:14] [PROGRESS] resolve files> Scanning /Users/macbook/Octo/.claude/worktrees/wonderful-spence-08433c/modules/ingestion/build/classes/kotlin...
[2026-09-27 14:14:14] [PROGRESS] resolve files> Scanning /Users/macbook/Octo/.claude/worktrees/wonderful-spence-08433c/modules/ingestion/build/classes/kotlin/main...
[2026-09-27 14:14:14] [PROGRESS] resolve files> Scanning /Users/macbook/Octo/.claude/worktrees/wonderful-spence-08433c/modules/ingestion/build/resources...
[2026-09-27 14:14:14] [PROGRESS] resolve files> Scanning /Users/macbook/Octo/.claude/worktrees/wonderful-spence-08433c/modules/ingestion/build/resources/test...
[2026-09-27 14:14:14] [PROGRESS] resolve files> Scanning /Users/macbook/Octo/.claude/worktrees/wonderful-spence-08433c/modules/ingestion/build/resources/test/evals...
[2026-09-27 14:14:14] [PROGRESS] resolve files> Scanning /Users/macbook/Octo/.claude/worktrees/wonderful-spence-08433c/modules/ingestion/build/kotlin...
[2026-09-27 14:14:14] [PROGRESS] resolve files> Scanning /Users/macbook/Octo/.claude/worktrees/wonderful-spence-08433c/modules/ingestion/build/kotlin/compileKotlin...
[2026-09-27 14:14:14] [PROGRESS] resolve files> Scanning /Users/macbook/Octo/.claude/worktrees/wonderful-spence-08433c/modules/ingestion/build/kotlin/compileKotlin/cacheable...
[2026-09-27 14:14:14] [PROGRESS] resolve files> Scanning /Users/macbook/Octo/.claude/worktrees/wonderful-spence-08433c/modules/ingestion/build/kotlin/compileKotlin/cacheable/caches-jvm...
[2026-09-27 14:14:14] [PROGRESS] resolve files> Scanning /Users/macbook/Octo/.claude/worktrees/wonderful-spence-08433c/modules/ingestion/build/kotlin/compileKotlin/cacheable/caches-jvm/lookups...
[2026-09-27 14:14:14] [PROGRESS] resolve files> Scanning /Users/macbook/Octo/.claude/worktrees/wonderful-spence-08433c/modules/ingestion/build/kotlin/compileKotlin/cacheable/caches-jvm/jvm...
[2026-09-27 14:14:14] [PROGRESS] resolve files> Scanning /Users/macbook/Octo/.claude/worktrees/wonderful-spence-08433c/modules/ingestion/build/kotlin/compileKotlin/cacheable/caches-jvm/inputs...
[2026-09-27 14:14:14] [PROGRESS] resolve files> Scanning /Users/macbook/Octo/.claude/worktrees/wonderful-spence-08433c/modules/ingestion/build/kotlin/compileKotlin/classpath-snapshot...
[2026-09-27 14:14:14] [PROGRESS] resolve files> Scanning /Users/macbook/Octo/.claude/worktrees/wonderful-spence-08433c/modules/ingestion/build/kotlin/compileKotlin/local-state...
[2026-09-27 14:14:14] [PROGRESS] resolve files> Scanning /Users/macbook/Octo/.claude/worktrees/wonderful-spence-08433c/modules/ingestion/build/intermediates...
[2026-09-27 14:14:14] [PROGRESS] resolve files> Scanning /Users/macbook/Octo/.claude/worktrees/wonderful-spence-08433c/modules/ingestion/build/intermediates/ktLint...
[2026-09-27 14:14:14] [PROGRESS] resolve files> Scanning /Users/macbook/Octo/.claude/worktrees/wonderful-spence-08433c/modules/ingestion/build/tmp...
[2026-09-27 14:14:14] [PROGRESS] resolve files> Scanning /Users/macbook/Octo/.claude/worktrees/wonderful-spence-08433c/modules/ingestion/build/tmp/test...
[2026-09-27 14:14:14] [PROGRESS] resolve files> Scanning /Users/macbook/Octo/.claude/worktrees/wonderful-spence-08433c/modules/ingestion/build/reports...
[2026-09-27 14:14:14] [PROGRESS] resolve files> Scanning /Users/macbook/Octo/.claude/worktrees/wonderful-spence-08433c/modules/ingestion/build/reports/ktlint...
[2026-09-27 14:14:14] [PROGRESS] resolve files> Scanning /Users/macbook/Octo/.claude/worktrees/wonderful-spence-08433c/modules/ingestion/build/reports/ktlint/ktlintKotlinScriptCheck...
[2026-09-27 14:14:14] [PROGRESS] resolve files> Scanning /Users/macbook/Octo/.claude/worktrees/wonderful-spence-08433c/modules/ingestion/build/reports/ktlint/ktlintMainSourceSetCheck...
[2026-09-27 14:14:14] [PROGRESS] resolve files> Scanning /Users/macbook/Octo/.claude/worktrees/wonderful-spence-08433c/modules/ingestion/build/reports/ktlint/ktlintTestSourceSetCheck...
[2026-09-27 14:14:14] [PROGRESS] resolve files> Scanning /Users/macbook/Octo/.claude/worktrees/wonderful-spence-08433c/modules/ingestion/src...
[2026-09-27 14:14:14] [PROGRESS] resolve files> Scanning /Users/macbook/Octo/.claude/worktrees/wonderful-spence-08433c/modules/ingestion/src/test...
[2026-09-27 14:14:14] [PROGRESS] resolve files> Scanning /Users/macbook/Octo/.claude/worktrees/wonderful-spence-08433c/modules/ingestion/src/test/resources...
[2026-09-27 14:14:14] [PROGRESS] resolve files> Scanning /Users/macbook/Octo/.claude/worktrees/wonderful-spence-08433c/modules/ingestion/src/test/resources/evals...
[2026-09-27 14:14:14] [PROGRESS] resolve files> Scanning /Users/macbook/Octo/.claude/worktrees/wonderful-spence-08433c/modules/ingestion/src/test/kotlin...
[2026-09-27 14:14:14] [PROGRESS] resolve files> Scanning /Users/macbook/Octo/.claude/worktrees/wonderful-spence-08433c/modules/ingestion/src/test/kotlin/com...
[2026-09-27 14:14:14] [PROGRESS] resolve files> Scanning /Users/macbook/Octo/.claude/worktrees/wonderful-spence-08433c/modules/ingestion/src/test/kotlin/com/mesta...
[2026-09-27 14:14:14] [PROGRESS] resolve files> Scanning /Users/macbook/Octo/.claude/worktrees/wonderful-spence-08433c/modules/ingestion/src/test/kotlin/com/mesta/asset...
[2026-09-27 14:14:14] [PROGRESS] resolve files> Scanning /Users/macbook/Octo/.claude/worktrees/wonderful-spence-08433c/modules/ingestion/src/test/kotlin/com/mesta/asset/ingestion...
[2026-09-27 14:14:14] [PROGRESS] resolve files> Scanning /Users/macbook/Octo/.claude/worktrees/wonderful-spence-08433c/modules/ingestion/src/test/kotlin/com/mesta/asset/ingestion/classification...
[2026-09-27 14:14:14] [PROGRESS] resolve files> Scanning /Users/macbook/Octo/.claude/worktrees/wonderful-spence-08433c/modules/ingestion/src/test/kotlin/com/mesta/asset/ingestion/onchain...
[2026-09-27 14:14:14] [PROGRESS] resolve files> Scanning /Users/macbook/Octo/.claude/worktrees/wonderful-spence-08433c/modules/ingestion/src/test/kotlin/com/mesta/asset/ingestion/onchain/helius...
[2026-09-27 14:14:14] [PROGRESS] resolve files> Scanning /Users/macbook/Octo/.claude/worktrees/wonderful-spence-08433c/modules/ingestion/src/test/kotlin/com/mesta/asset/ingestion/eval...
[2026-09-27 14:14:14] [PROGRESS] resolve files> Scanning /Users/macbook/Octo/.claude/worktrees/wonderful-spence-08433c/modules/ingestion/src/test/kotlin/com/mesta/asset/ingestion/extraction...
[2026-09-27 14:14:14] [PROGRESS] resolve files> Scanning /Users/macbook/Octo/.claude/worktrees/wonderful-spence-08433c/modules/ingestion/src/main...
[2026-09-27 14:14:14] [PROGRESS] resolve files> Scanning /Users/macbook/Octo/.claude/worktrees/wonderful-spence-08433c/modules/ingestion/src/main/kotlin...
[2026-09-27 14:14:14] [PROGRESS] resolve files> Scanning /Users/macbook/Octo/.claude/worktrees/wonderful-spence-08433c/modules/ingestion/src/main/kotlin/com...
[2026-09-27 14:14:14] [PROGRESS] resolve files> Scanning /Users/macbook/Octo/.claude/worktrees/wonderful-spence-08433c/modules/ingestion/src/main/kotlin/com/mesta...
[2026-09-27 14:14:14] [PROGRESS] resolve files> Scanning /Users/macbook/Octo/.claude/worktrees/wonderful-spence-08433c/modules/ingestion/src/main/kotlin/com/mesta/asset...
[2026-09-27 14:14:14] [PROGRESS] resolve files> Scanning /Users/macbook/Octo/.claude/worktrees/wonderful-spence-08433c/modules/ingestion/src/main/kotlin/com/mesta/asset/ingestion...
[2026-09-27 14:14:14] [PROGRESS] resolve files> Scanning /Users/macbook/Octo/.claude/worktrees/wonderful-spence-08433c/modules/ingestion/src/main/kotlin/com/mesta/asset/ingestion/classification...
[2026-09-27 14:14:14] [PROGRESS] resolve files> Scanning /Users/macbook/Octo/.claude/worktrees/wonderful-spence-08433c/modules/ingestion/src/main/kotlin/com/mesta/asset/ingestion/onchain...
[2026-09-27 14:14:14] [PROGRESS] resolve files> Scanning /Users/macbook/Octo/.claude/worktrees/wonderful-spence-08433c/modules/ingestion/src/main/kotlin/com/mesta/asset/ingestion/onchain/persistence...
[2026-09-27 14:14:14] [PROGRESS] resolve files> Scanning /Users/macbook/Octo/.claude/worktrees/wonderful-spence-08433c/modules/ingestion/src/main/kotlin/com/mesta/asset/ingestion/onchain/helius...
[2026-09-27 14:14:14] [PROGRESS] resolve files> Scanning /Users/macbook/Octo/.claude/worktrees/wonderful-spence-08433c/modules/ingestion/src/main/kotlin/com/mesta/asset/ingestion/persistence...
[2026-09-27 14:14:14] [PROGRESS] resolve files> Scanning /Users/macbook/Octo/.claude/worktrees/wonderful-spence-08433c/modules/ingestion/src/main/kotlin/com/mesta/asset/ingestion/extraction...
[2026-09-27 14:14:14] [PROGRESS] resolve files> Scanning /Users/macbook/Octo/.claude/worktrees/wonderful-spence-08433c/modules/lookthrough...
[2026-09-27 14:14:14] [PROGRESS] resolve files> Scanning /Users/macbook/Octo/.claude/worktrees/wonderful-spence-08433c/modules/lookthrough/build...
[2026-09-27 14:14:14] [PROGRESS] resolve files> Scanning /Users/macbook/Octo/.claude/worktrees/wonderful-spence-08433c/modules/lookthrough/build/kover...
[2026-09-27 14:14:14] [PROGRESS] resolve files> Scanning /Users/macbook/Octo/.claude/worktrees/wonderful-spence-08433c/modules/lookthrough/build/kover/bin-reports...
[2026-09-27 14:14:14] [PROGRESS] resolve files> Scanning /Users/macbook/Octo/.claude/worktrees/wonderful-spence-08433c/modules/lookthrough/build/classes...
[2026-09-27 14:14:14] [PROGRESS] resolve files> Scanning /Users/macbook/Octo/.claude/worktrees/wonderful-spence-08433c/modules/lookthrough/build/classes/kotlin...
[2026-09-27 14:14:14] [PROGRESS] resolve files> Scanning /Users/macbook/Octo/.claude/worktrees/wonderful-spence-08433c/modules/lookthrough/build/classes/kotlin/test...
[2026-09-27 14:14:14] [PROGRESS] resolve files> Scanning /Users/macbook/Octo/.claude/worktrees/wonderful-spence-08433c/modules/lookthrough/build/classes/kotlin/test/META-INF...
[2026-09-27 14:14:14] [PROGRESS] resolve files> Scanning /Users/macbook/Octo/.claude/worktrees/wonderful-spence-08433c/modules/lookthrough/build/classes/kotlin/test/com...
[2026-09-27 14:14:14] [PROGRESS] resolve files> Scanning /Users/macbook/Octo/.claude/worktrees/wonderful-spence-08433c/modules/lookthrough/build/classes/kotlin/test/com/mesta...
[2026-09-27 14:14:14] [PROGRESS] resolve files> Scanning /Users/macbook/Octo/.claude/worktrees/wonderful-spence-08433c/modules/lookthrough/build/classes/kotlin/test/com/mesta/asset...
[2026-09-27 14:14:14] [PROGRESS] resolve files> Scanning /Users/macbook/Octo/.claude/worktrees/wonderful-spence-08433c/modules/lookthrough/build/classes/kotlin/test/com/mesta/asset/lookthrough...
[2026-09-27 14:14:14] [PROGRESS] resolve files> Scanning /Users/macbook/Octo/.claude/worktrees/wonderful-spence-08433c/modules/lookthrough/build/classes/kotlin/main...
[2026-09-27 14:14:14] [PROGRESS] resolve files> Scanning /Users/macbook/Octo/.claude/worktrees/wonderful-spence-08433c/modules/lookthrough/build/classes/kotlin/main/META-INF...
[2026-09-27 14:14:14] [PROGRESS] resolve files> Scanning /Users/macbook/Octo/.claude/worktrees/wonderful-spence-08433c/modules/lookthrough/build/classes/kotlin/main/com...
[2026-09-27 14:14:14] [PROGRESS] resolve files> Scanning /Users/macbook/Octo/.claude/worktrees/wonderful-spence-08433c/modules/lookthrough/build/classes/kotlin/main/com/mesta...
[2026-09-27 14:14:14] [PROGRESS] resolve files> Scanning /Users/macbook/Octo/.claude/worktrees/wonderful-spence-08433c/modules/lookthrough/build/classes/kotlin/main/com/mesta/asset...
[2026-09-27 14:14:14] [PROGRESS] resolve files> Scanning /Users/macbook/Octo/.claude/worktrees/wonderful-spence-08433c/modules/lookthrough/build/classes/kotlin/main/com/mesta/asset/lookthrough...
[2026-09-27 14:14:14] [PROGRESS] resolve files> Scanning /Users/macbook/Octo/.claude/worktrees/wonderful-spence-08433c/modules/lookthrough/build/kotlin...
[2026-09-27 14:14:14] [PROGRESS] resolve files> Scanning /Users/macbook/Octo/.claude/worktrees/wonderful-spence-08433c/modules/lookthrough/build/kotlin/compileKotlin...
[2026-09-27 14:14:14] [PROGRESS] resolve files> Scanning /Users/macbook/Octo/.claude/worktrees/wonderful-spence-08433c/modules/lookthrough/build/kotlin/compileKotlin/cacheable...
[2026-09-27 14:14:14] [PROGRESS] resolve files> Scanning /Users/macbook/Octo/.claude/worktrees/wonderful-spence-08433c/modules/lookthrough/build/kotlin/compileKotlin/cacheable/caches-jvm...
[2026-09-27 14:14:14] [PROGRESS] resolve files> Scanning /Users/macbook/Octo/.claude/worktrees/wonderful-spence-08433c/modules/lookthrough/build/kotlin/compileKotlin/cacheable/caches-jvm/lookups...
[2026-09-27 14:14:14] [PROGRESS] resolve files> Scanning /Users/macbook/Octo/.claude/worktrees/wonderful-spence-08433c/modules/lookthrough/build/kotlin/compileKotlin/cacheable/caches-jvm/jvm...
[2026-09-27 14:14:14] [PROGRESS] resolve files> Scanning /Users/macbook/Octo/.claude/worktrees/wonderful-spence-08433c/modules/lookthrough/build/kotlin/compileKotlin/cacheable/caches-jvm/jvm/kotlin...
[2026-09-27 14:14:14] [PROGRESS] resolve files> Scanning /Users/macbook/Octo/.claude/worktrees/wonderful-spence-08433c/modules/lookthrough/build/kotlin/compileKotlin/cacheable/caches-jvm/inputs...
[2026-09-27 14:14:14] [PROGRESS] resolve files> Scanning /Users/macbook/Octo/.claude/worktrees/wonderful-spence-08433c/modules/lookthrough/build/kotlin/compileKotlin/classpath-snapshot...
[2026-09-27 14:14:14] [PROGRESS] resolve files> Scanning /Users/macbook/Octo/.claude/worktrees/wonderful-spence-08433c/modules/lookthrough/build/kotlin/compileKotlin/local-state...
[2026-09-27 14:14:14] [PROGRESS] resolve files> Scanning /Users/macbook/Octo/.claude/worktrees/wonderful-spence-08433c/modules/lookthrough/build/kotlin/compileTestKotlin...
[2026-09-27 14:14:14] [PROGRESS] resolve files> Scanning /Users/macbook/Octo/.claude/worktrees/wonderful-spence-08433c/modules/lookthrough/build/kotlin/compileTestKotlin/cacheable...
[2026-09-27 14:14:14] [PROGRESS] resolve files> Scanning /Users/macbook/Octo/.claude/worktrees/wonderful-spence-08433c/modules/lookthrough/build/kotlin/compileTestKotlin/cacheable/caches-jvm...
[2026-09-27 14:14:14] [PROGRESS] resolve files> Scanning /Users/macbook/Octo/.claude/worktrees/wonderful-spence-08433c/modules/lookthrough/build/kotlin/compileTestKotlin/cacheable/caches-jvm/lookups...
[2026-09-27 14:14:14] [PROGRESS] resolve files> Scanning /Users/macbook/Octo/.claude/worktrees/wonderful-spence-08433c/modules/lookthrough/build/kotlin/compileTestKotlin/cacheable/caches-jvm/jvm...
[2026-09-27 14:14:14] [PROGRESS] resolve files> Scanning /Users/macbook/Octo/.claude/worktrees/wonderful-spence-08433c/modules/lookthrough/build/kotlin/compileTestKotlin/cacheable/caches-jvm/jvm/kotlin...
[2026-09-27 14:14:14] [PROGRESS] resolve files> Scanning /Users/macbook/Octo/.claude/worktrees/wonderful-spence-08433c/modules/lookthrough/build/kotlin/compileTestKotlin/cacheable/caches-jvm/inputs...
[2026-09-27 14:14:14] [PROGRESS] resolve files> Scanning /Users/macbook/Octo/.claude/worktrees/wonderful-spence-08433c/modules/lookthrough/build/kotlin/compileTestKotlin/classpath-snapshot...
[2026-09-27 14:14:14] [PROGRESS] resolve files> Scanning /Users/macbook/Octo/.claude/worktrees/wonderful-spence-08433c/modules/lookthrough/build/kotlin/compileTestKotlin/local-state...
[2026-09-27 14:14:14] [PROGRESS] resolve files> Scanning /Users/macbook/Octo/.claude/worktrees/wonderful-spence-08433c/modules/lookthrough/build/libs...
[2026-09-27 14:14:14] [PROGRESS] resolve files> Scanning /Users/macbook/Octo/.claude/worktrees/wonderful-spence-08433c/modules/lookthrough/build/intermediates...
[2026-09-27 14:14:14] [PROGRESS] resolve files> Scanning /Users/macbook/Octo/.claude/worktrees/wonderful-spence-08433c/modules/lookthrough/build/intermediates/ktLint...
[2026-09-27 14:14:14] [PROGRESS] resolve files> Scanning /Users/macbook/Octo/.claude/worktrees/wonderful-spence-08433c/modules/lookthrough/build/test-results...
[2026-09-27 14:14:14] [PROGRESS] resolve files> Scanning /Users/macbook/Octo/.claude/worktrees/wonderful-spence-08433c/modules/lookthrough/build/test-results/test...
[2026-09-27 14:14:14] [PROGRESS] resolve files> Scanning /Users/macbook/Octo/.claude/worktrees/wonderful-spence-08433c/modules/lookthrough/build/test-results/test/binary...
[2026-09-27 14:14:14] [PROGRESS] resolve files> Scanning /Users/macbook/Octo/.claude/worktrees/wonderful-spence-08433c/modules/lookthrough/build/tmp...
[2026-09-27 14:14:14] [PROGRESS] resolve files> Scanning /Users/macbook/Octo/.claude/worktrees/wonderful-spence-08433c/modules/lookthrough/build/tmp/koverCachedVerify...
[2026-09-27 14:14:14] [PROGRESS] resolve files> Scanning /Users/macbook/Octo/.claude/worktrees/wonderful-spence-08433c/modules/lookthrough/build/tmp/test...
[2026-09-27 14:14:14] [PROGRESS] resolve files> Scanning /Users/macbook/Octo/.claude/worktrees/wonderful-spence-08433c/modules/lookthrough/build/tmp/jar...
[2026-09-27 14:14:14] [PROGRESS] resolve files> Scanning /Users/macbook/Octo/.claude/worktrees/wonderful-spence-08433c/modules/lookthrough/build/reports...
[2026-09-27 14:14:14] [PROGRESS] resolve files> Scanning /Users/macbook/Octo/.claude/worktrees/wonderful-spence-08433c/modules/lookthrough/build/reports/kover...
[2026-09-27 14:14:14] [PROGRESS] resolve files> Scanning /Users/macbook/Octo/.claude/worktrees/wonderful-spence-08433c/modules/lookthrough/build/reports/ktlint...
[2026-09-27 14:14:14] [PROGRESS] resolve files> Scanning /Users/macbook/Octo/.claude/worktrees/wonderful-spence-08433c/modules/lookthrough/build/reports/ktlint/ktlintKotlinScriptCheck...
[2026-09-27 14:14:14] [PROGRESS] resolve files> Scanning /Users/macbook/Octo/.claude/worktrees/wonderful-spence-08433c/modules/lookthrough/build/reports/ktlint/ktlintMainSourceSetCheck...
[2026-09-27 14:14:14] [PROGRESS] resolve files> Scanning /Users/macbook/Octo/.claude/worktrees/wonderful-spence-08433c/modules/lookthrough/build/reports/ktlint/ktlintTestSourceSetCheck...
[2026-09-27 14:14:14] [PROGRESS] resolve files> Scanning /Users/macbook/Octo/.claude/worktrees/wonderful-spence-08433c/modules/lookthrough/build/reports/tests...
[2026-09-27 14:14:14] [PROGRESS] resolve files> Scanning /Users/macbook/Octo/.claude/worktrees/wonderful-spence-08433c/modules/lookthrough/build/reports/tests/test...
[2026-09-27 14:14:14] [PROGRESS] resolve files> Scanning /Users/macbook/Octo/.claude/worktrees/wonderful-spence-08433c/modules/lookthrough/build/reports/tests/test/VgZAmp4oS8E...
[2026-09-27 14:14:14] [PROGRESS] resolve files> Scanning /Users/macbook/Octo/.claude/worktrees/wonderful-spence-08433c/modules/lookthrough/build/reports/tests/test/css...
[2026-09-27 14:14:14] [PROGRESS] resolve files> Scanning /Users/macbook/Octo/.claude/worktrees/wonderful-spence-08433c/modules/lookthrough/build/reports/tests/test/js...
[2026-09-27 14:14:14] [PROGRESS] resolve files> Scanning /Users/macbook/Octo/.claude/worktrees/wonderful-spence-08433c/modules/lookthrough/src...
[2026-09-27 14:14:14] [PROGRESS] resolve files> Scanning /Users/macbook/Octo/.claude/worktrees/wonderful-spence-08433c/modules/lookthrough/src/test...
[2026-09-27 14:14:14] [PROGRESS] resolve files> Scanning /Users/macbook/Octo/.claude/worktrees/wonderful-spence-08433c/modules/lookthrough/src/test/kotlin...
[2026-09-27 14:14:14] [PROGRESS] resolve files> Scanning /Users/macbook/Octo/.claude/worktrees/wonderful-spence-08433c/modules/lookthrough/src/test/kotlin/com...
[2026-09-27 14:14:14] [PROGRESS] resolve files> Scanning /Users/macbook/Octo/.claude/worktrees/wonderful-spence-08433c/modules/lookthrough/src/test/kotlin/com/mesta...
[2026-09-27 14:14:14] [PROGRESS] resolve files> Scanning /Users/macbook/Octo/.claude/worktrees/wonderful-spence-08433c/modules/lookthrough/src/test/kotlin/com/mesta/asset...
[2026-09-27 14:14:14] [PROGRESS] resolve files> Scanning /Users/macbook/Octo/.claude/worktrees/wonderful-spence-08433c/modules/lookthrough/src/test/kotlin/com/mesta/asset/lookthrough...
[2026-09-27 14:14:14] [PROGRESS] resolve files> Scanning /Users/macbook/Octo/.claude/worktrees/wonderful-spence-08433c/modules/lookthrough/src/main...
[2026-09-27 14:14:14] [PROGRESS] resolve files> Scanning /Users/macbook/Octo/.claude/worktrees/wonderful-spence-08433c/modules/lookthrough/src/main/kotlin...
[2026-09-27 14:14:14] [PROGRESS] resolve files> Scanning /Users/macbook/Octo/.claude/worktrees/wonderful-spence-08433c/modules/lookthrough/src/main/kotlin/com...
[2026-09-27 14:14:14] [PROGRESS] resolve files> Scanning /Users/macbook/Octo/.claude/worktrees/wonderful-spence-08433c/modules/lookthrough/src/main/kotlin/com/mesta...
[2026-09-27 14:14:14] [PROGRESS] resolve files> Scanning /Users/macbook/Octo/.claude/worktrees/wonderful-spence-08433c/modules/lookthrough/src/main/kotlin/com/mesta/asset...
[2026-09-27 14:14:14] [PROGRESS] resolve files> Scanning /Users/macbook/Octo/.claude/worktrees/wonderful-spence-08433c/modules/lookthrough/src/main/kotlin/com/mesta/asset/lookthrough...
[2026-09-27 14:14:14] [PROGRESS] resolve files> Scanning /Users/macbook/Octo/.claude/worktrees/wonderful-spence-08433c/modules/control-panel...
[2026-09-27 14:14:14] [PROGRESS] resolve files> Scanning /Users/macbook/Octo/.claude/worktrees/wonderful-spence-08433c/modules/control-panel/build...
[2026-09-27 14:14:14] [PROGRESS] resolve files> Scanning /Users/macbook/Octo/.claude/worktrees/wonderful-spence-08433c/modules/control-panel/build/kover...
[2026-09-27 14:14:14] [PROGRESS] resolve files> Scanning /Users/macbook/Octo/.claude/worktrees/wonderful-spence-08433c/modules/control-panel/build/kover/bin-reports...
[2026-09-27 14:14:14] [PROGRESS] resolve files> Scanning /Users/macbook/Octo/.claude/worktrees/wonderful-spence-08433c/modules/control-panel/build/classes...
[2026-09-27 14:14:14] [PROGRESS] resolve files> Scanning /Users/macbook/Octo/.claude/worktrees/wonderful-spence-08433c/modules/control-panel/build/classes/kotlin...
[2026-09-27 14:14:14] [PROGRESS] resolve files> Scanning /Users/macbook/Octo/.claude/worktrees/wonderful-spence-08433c/modules/control-panel/build/classes/kotlin/test...
[2026-09-27 14:14:14] [PROGRESS] resolve files> Scanning /Users/macbook/Octo/.claude/worktrees/wonderful-spence-08433c/modules/control-panel/build/classes/kotlin/test/META-INF...
[2026-09-27 14:14:14] [PROGRESS] resolve files> Scanning /Users/macbook/Octo/.claude/worktrees/wonderful-spence-08433c/modules/control-panel/build/classes/kotlin/test/com...
[2026-09-27 14:14:14] [PROGRESS] resolve files> Scanning /Users/macbook/Octo/.claude/worktrees/wonderful-spence-08433c/modules/control-panel/build/classes/kotlin/test/com/mesta...
[2026-09-27 14:14:14] [PROGRESS] resolve files> Scanning /Users/macbook/Octo/.claude/worktrees/wonderful-spence-08433c/modules/control-panel/build/classes/kotlin/test/com/mesta/asset...
[2026-09-27 14:14:14] [PROGRESS] resolve files> Scanning /Users/macbook/Octo/.claude/worktrees/wonderful-spence-08433c/modules/control-panel/build/classes/kotlin/test/com/mesta/asset/controlpanel...
[2026-09-27 14:14:14] [PROGRESS] resolve files> Scanning /Users/macbook/Octo/.claude/worktrees/wonderful-spence-08433c/modules/control-panel/build/classes/kotlin/test/com/mesta/asset/controlpanel/judgment...
[2026-09-27 14:14:14] [PROGRESS] resolve files> Scanning /Users/macbook/Octo/.claude/worktrees/wonderful-spence-08433c/modules/control-panel/build/classes/kotlin/main...
[2026-09-27 14:14:14] [PROGRESS] resolve files> Scanning /Users/macbook/Octo/.claude/worktrees/wonderful-spence-08433c/modules/control-panel/build/classes/kotlin/main/META-INF...
[2026-09-27 14:14:14] [PROGRESS] resolve files> Scanning /Users/macbook/Octo/.claude/worktrees/wonderful-spence-08433c/modules/control-panel/build/classes/kotlin/main/com...
[2026-09-27 14:14:14] [PROGRESS] resolve files> Scanning /Users/macbook/Octo/.claude/worktrees/wonderful-spence-08433c/modules/control-panel/build/classes/kotlin/main/com/mesta...
[2026-09-27 14:14:14] [PROGRESS] resolve files> Scanning /Users/macbook/Octo/.claude/worktrees/wonderful-spence-08433c/modules/control-panel/build/classes/kotlin/main/com/mesta/asset...
[2026-09-27 14:14:14] [PROGRESS] resolve files> Scanning /Users/macbook/Octo/.claude/worktrees/wonderful-spence-08433c/modules/control-panel/build/classes/kotlin/main/com/mesta/asset/controlpanel...
[2026-09-27 14:14:14] [PROGRESS] resolve files> Scanning /Users/macbook/Octo/.claude/worktrees/wonderful-spence-08433c/modules/control-panel/build/classes/kotlin/main/com/mesta/asset/controlpanel/judgment...
[2026-09-27 14:14:14] [PROGRESS] resolve files> Scanning /Users/macbook/Octo/.claude/worktrees/wonderful-spence-08433c/modules/control-panel/build/kotlin...
[2026-09-27 14:14:14] [PROGRESS] resolve files> Scanning /Users/macbook/Octo/.claude/worktrees/wonderful-spence-08433c/modules/control-panel/build/kotlin/compileKotlin...
[2026-09-27 14:14:14] [PROGRESS] resolve files> Scanning /Users/macbook/Octo/.claude/worktrees/wonderful-spence-08433c/modules/control-panel/build/kotlin/compileKotlin/cacheable...
[2026-09-27 14:14:14] [PROGRESS] resolve files> Scanning /Users/macbook/Octo/.claude/worktrees/wonderful-spence-08433c/modules/control-panel/build/kotlin/compileKotlin/cacheable/caches-jvm...
[2026-09-27 14:14:14] [PROGRESS] resolve files> Scanning /Users/macbook/Octo/.claude/worktrees/wonderful-spence-08433c/modules/control-panel/build/kotlin/compileKotlin/cacheable/caches-jvm/lookups...
[2026-09-27 14:14:14] [PROGRESS] resolve files> Scanning /Users/macbook/Octo/.claude/worktrees/wonderful-spence-08433c/modules/control-panel/build/kotlin/compileKotlin/cacheable/caches-jvm/jvm...
[2026-09-27 14:14:14] [PROGRESS] resolve files> Scanning /Users/macbook/Octo/.claude/worktrees/wonderful-spence-08433c/modules/control-panel/build/kotlin/compileKotlin/cacheable/caches-jvm/jvm/kotlin...
[2026-09-27 14:14:14] [PROGRESS] resolve files> Scanning /Users/macbook/Octo/.claude/worktrees/wonderful-spence-08433c/modules/control-panel/build/kotlin/compileKotlin/cacheable/caches-jvm/inputs...
[2026-09-27 14:14:14] [PROGRESS] resolve files> Scanning /Users/macbook/Octo/.claude/worktrees/wonderful-spence-08433c/modules/control-panel/build/kotlin/compileKotlin/classpath-snapshot...
[2026-09-27 14:14:14] [PROGRESS] resolve files> Scanning /Users/macbook/Octo/.claude/worktrees/wonderful-spence-08433c/modules/control-panel/build/kotlin/compileKotlin/local-state...
[2026-09-27 14:14:14] [PROGRESS] resolve files> Scanning /Users/macbook/Octo/.claude/worktrees/wonderful-spence-08433c/modules/control-panel/build/kotlin/compileTestKotlin...
[2026-09-27 14:14:14] [PROGRESS] resolve files> Scanning /Users/macbook/Octo/.claude/worktrees/wonderful-spence-08433c/modules/control-panel/build/kotlin/compileTestKotlin/cacheable...
[2026-09-27 14:14:14] [PROGRESS] resolve files> Scanning /Users/macbook/Octo/.claude/worktrees/wonderful-spence-08433c/modules/control-panel/build/kotlin/compileTestKotlin/cacheable/caches-jvm...
[2026-09-27 14:14:14] [PROGRESS] resolve files> Scanning /Users/macbook/Octo/.claude/worktrees/wonderful-spence-08433c/modules/control-panel/build/kotlin/compileTestKotlin/cacheable/caches-jvm/lookups...
[2026-09-27 14:14:14] [PROGRESS] resolve files> Scanning /Users/macbook/Octo/.claude/worktrees/wonderful-spence-08433c/modules/control-panel/build/kotlin/compileTestKotlin/cacheable/caches-jvm/jvm...
[2026-09-27 14:14:14] [PROGRESS] resolve files> Scanning /Users/macbook/Octo/.claude/worktrees/wonderful-spence-08433c/modules/control-panel/build/kotlin/compileTestKotlin/cacheable/caches-jvm/jvm/kotlin...
[2026-09-27 14:14:14] [PROGRESS] resolve files> Scanning /Users/macbook/Octo/.claude/worktrees/wonderful-spence-08433c/modules/control-panel/build/kotlin/compileTestKotlin/cacheable/caches-jvm/inputs...
[2026-09-27 14:14:14] [PROGRESS] resolve files> Scanning /Users/macbook/Octo/.claude/worktrees/wonderful-spence-08433c/modules/control-panel/build/kotlin/compileTestKotlin/classpath-snapshot...
[2026-09-27 14:14:14] [PROGRESS] resolve files> Scanning /Users/macbook/Octo/.claude/worktrees/wonderful-spence-08433c/modules/control-panel/build/kotlin/compileTestKotlin/local-state...
[2026-09-27 14:14:14] [PROGRESS] resolve files> Scanning /Users/macbook/Octo/.claude/worktrees/wonderful-spence-08433c/modules/control-panel/build/libs...
[2026-09-27 14:14:14] [PROGRESS] resolve files> Scanning /Users/macbook/Octo/.claude/worktrees/wonderful-spence-08433c/modules/control-panel/build/intermediates...
[2026-09-27 14:14:14] [PROGRESS] resolve files> Scanning /Users/macbook/Octo/.claude/worktrees/wonderful-spence-08433c/modules/control-panel/build/intermediates/ktLint...
[2026-09-27 14:14:14] [PROGRESS] resolve files> Scanning /Users/macbook/Octo/.claude/worktrees/wonderful-spence-08433c/modules/control-panel/build/test-results...
[2026-09-27 14:14:14] [PROGRESS] resolve files> Scanning /Users/macbook/Octo/.claude/worktrees/wonderful-spence-08433c/modules/control-panel/build/test-results/test...
[2026-09-27 14:14:14] [PROGRESS] resolve files> Scanning /Users/macbook/Octo/.claude/worktrees/wonderful-spence-08433c/modules/control-panel/build/test-results/test/binary...
[2026-09-27 14:14:14] [PROGRESS] resolve files> Scanning /Users/macbook/Octo/.claude/worktrees/wonderful-spence-08433c/modules/control-panel/build/tmp...
[2026-09-27 14:14:14] [PROGRESS] resolve files> Scanning /Users/macbook/Octo/.claude/worktrees/wonderful-spence-08433c/modules/control-panel/build/tmp/koverCachedVerify...
[2026-09-27 14:14:14] [PROGRESS] resolve files> Scanning /Users/macbook/Octo/.claude/worktrees/wonderful-spence-08433c/modules/control-panel/build/tmp/test...
[2026-09-27 14:14:14] [PROGRESS] resolve files> Scanning /Users/macbook/Octo/.claude/worktrees/wonderful-spence-08433c/modules/control-panel/build/tmp/jar...
[2026-09-27 14:14:14] [PROGRESS] resolve files> Scanning /Users/macbook/Octo/.claude/worktrees/wonderful-spence-08433c/modules/control-panel/build/reports...
[2026-09-27 14:14:14] [PROGRESS] resolve files> Scanning /Users/macbook/Octo/.claude/worktrees/wonderful-spence-08433c/modules/control-panel/build/reports/kover...
[2026-09-27 14:14:14] [PROGRESS] resolve files> Scanning /Users/macbook/Octo/.claude/worktrees/wonderful-spence-08433c/modules/control-panel/build/reports/ktlint...
[2026-09-27 14:14:14] [PROGRESS] resolve files> Scanning /Users/macbook/Octo/.claude/worktrees/wonderful-spence-08433c/modules/control-panel/build/reports/ktlint/ktlintKotlinScriptCheck...
[2026-09-27 14:14:14] [PROGRESS] resolve files> Scanning /Users/macbook/Octo/.claude/worktrees/wonderful-spence-08433c/modules/control-panel/build/reports/ktlint/ktlintMainSourceSetCheck...
[2026-09-27 14:14:14] [PROGRESS] resolve files> Scanning /Users/macbook/Octo/.claude/worktrees/wonderful-spence-08433c/modules/control-panel/build/reports/ktlint/ktlintTestSourceSetCheck...
[2026-09-27 14:14:14] [PROGRESS] resolve files> Scanning /Users/macbook/Octo/.claude/worktrees/wonderful-spence-08433c/modules/control-panel/build/reports/tests...
[2026-09-27 14:14:14] [PROGRESS] resolve files> Scanning /Users/macbook/Octo/.claude/worktrees/wonderful-spence-08433c/modules/control-panel/build/reports/tests/test...
[2026-09-27 14:14:14] [PROGRESS] resolve files> Scanning /Users/macbook/Octo/.claude/worktrees/wonderful-spence-08433c/modules/control-panel/build/reports/tests/test/t9GgHPROf-0...
[2026-09-27 14:14:14] [PROGRESS] resolve files> Scanning /Users/macbook/Octo/.claude/worktrees/wonderful-spence-08433c/modules/control-panel/build/reports/tests/test/css...
[2026-09-27 14:14:14] [PROGRESS] resolve files> Scanning /Users/macbook/Octo/.claude/worktrees/wonderful-spence-08433c/modules/control-panel/build/reports/tests/test/js...
[2026-09-27 14:14:14] [PROGRESS] resolve files> Scanning /Users/macbook/Octo/.claude/worktrees/wonderful-spence-08433c/modules/control-panel/build/reports/tests/test/65I8KlHYUo4...
[2026-09-27 14:14:14] [PROGRESS] resolve files> Scanning /Users/macbook/Octo/.claude/worktrees/wonderful-spence-08433c/modules/control-panel/build/reports/tests/test/Wj8oKJuc12M...
[2026-09-27 14:14:14] [PROGRESS] resolve files> Scanning /Users/macbook/Octo/.claude/worktrees/wonderful-spence-08433c/modules/control-panel/src...
[2026-09-27 14:14:14] [PROGRESS] resolve files> Scanning /Users/macbook/Octo/.claude/worktrees/wonderful-spence-08433c/modules/control-panel/src/test...
[2026-09-27 14:14:14] [PROGRESS] resolve files> Scanning /Users/macbook/Octo/.claude/worktrees/wonderful-spence-08433c/modules/control-panel/src/test/kotlin...
[2026-09-27 14:14:14] [PROGRESS] resolve files> Scanning /Users/macbook/Octo/.claude/worktrees/wonderful-spence-08433c/modules/control-panel/src/test/kotlin/com...
[2026-09-27 14:14:14] [PROGRESS] resolve files> Scanning /Users/macbook/Octo/.claude/worktrees/wonderful-spence-08433c/modules/control-panel/src/test/kotlin/com/mesta...
[2026-09-27 14:14:14] [PROGRESS] resolve files> Scanning /Users/macbook/Octo/.claude/worktrees/wonderful-spence-08433c/modules/control-panel/src/test/kotlin/com/mesta/asset...
[2026-09-27 14:14:14] [PROGRESS] resolve files> Scanning /Users/macbook/Octo/.claude/worktrees/wonderful-spence-08433c/modules/control-panel/src/test/kotlin/com/mesta/asset/controlpanel...
[2026-09-27 14:14:14] [PROGRESS] resolve files> Scanning /Users/macbook/Octo/.claude/worktrees/wonderful-spence-08433c/modules/control-panel/src/test/kotlin/com/mesta/asset/controlpanel/judgment...
[2026-09-27 14:14:14] [PROGRESS] resolve files> Scanning /Users/macbook/Octo/.claude/worktrees/wonderful-spence-08433c/modules/control-panel/src/main...
[2026-09-27 14:14:14] [PROGRESS] resolve files> Scanning /Users/macbook/Octo/.claude/worktrees/wonderful-spence-08433c/modules/control-panel/src/main/kotlin...
[2026-09-27 14:14:14] [PROGRESS] resolve files> Scanning /Users/macbook/Octo/.claude/worktrees/wonderful-spence-08433c/modules/control-panel/src/main/kotlin/com...
[2026-09-27 14:14:14] [PROGRESS] resolve files> Scanning /Users/macbook/Octo/.claude/worktrees/wonderful-spence-08433c/modules/control-panel/src/main/kotlin/com/mesta...
[2026-09-27 14:14:14] [PROGRESS] resolve files> Scanning /Users/macbook/Octo/.claude/worktrees/wonderful-spence-08433c/modules/control-panel/src/main/kotlin/com/mesta/asset...
[2026-09-27 14:14:14] [PROGRESS] resolve files> Scanning /Users/macbook/Octo/.claude/worktrees/wonderful-spence-08433c/modules/control-panel/src/main/kotlin/com/mesta/asset/controlpanel...
[2026-09-27 14:14:14] [PROGRESS] resolve files> Scanning /Users/macbook/Octo/.claude/worktrees/wonderful-spence-08433c/modules/control-panel/src/main/kotlin/com/mesta/asset/controlpanel/judgment...
[2026-09-27 14:14:14] [PROGRESS] resolve files> Scanning /Users/macbook/Octo/.claude/worktrees/wonderful-spence-08433c/modules/ontology...
[2026-09-27 14:14:14] [PROGRESS] resolve files> Scanning /Users/macbook/Octo/.claude/worktrees/wonderful-spence-08433c/modules/ontology/build...
[2026-09-27 14:14:14] [PROGRESS] resolve files> Scanning /Users/macbook/Octo/.claude/worktrees/wonderful-spence-08433c/modules/ontology/build/kover...
[2026-09-27 14:14:14] [PROGRESS] resolve files> Scanning /Users/macbook/Octo/.claude/worktrees/wonderful-spence-08433c/modules/ontology/build/kover/bin-reports...
[2026-09-27 14:14:14] [PROGRESS] resolve files> Scanning /Users/macbook/Octo/.claude/worktrees/wonderful-spence-08433c/modules/ontology/build/classes...
[2026-09-27 14:14:14] [PROGRESS] resolve files> Scanning /Users/macbook/Octo/.claude/worktrees/wonderful-spence-08433c/modules/ontology/build/classes/kotlin...
[2026-09-27 14:14:14] [PROGRESS] resolve files> Scanning /Users/macbook/Octo/.claude/worktrees/wonderful-spence-08433c/modules/ontology/build/classes/kotlin/test...
[2026-09-27 14:14:14] [PROGRESS] resolve files> Scanning /Users/macbook/Octo/.claude/worktrees/wonderful-spence-08433c/modules/ontology/build/classes/kotlin/test/META-INF...
[2026-09-27 14:14:14] [PROGRESS] resolve files> Scanning /Users/macbook/Octo/.claude/worktrees/wonderful-spence-08433c/modules/ontology/build/classes/kotlin/test/com...
[2026-09-27 14:14:14] [PROGRESS] resolve files> Scanning /Users/macbook/Octo/.claude/worktrees/wonderful-spence-08433c/modules/ontology/build/classes/kotlin/test/com/mesta...
[2026-09-27 14:14:14] [PROGRESS] resolve files> Scanning /Users/macbook/Octo/.claude/worktrees/wonderful-spence-08433c/modules/ontology/build/classes/kotlin/test/com/mesta/asset...
[2026-09-27 14:14:14] [PROGRESS] resolve files> Scanning /Users/macbook/Octo/.claude/worktrees/wonderful-spence-08433c/modules/ontology/build/classes/kotlin/test/com/mesta/asset/ontology...
[2026-09-27 14:14:14] [PROGRESS] resolve files> Scanning /Users/macbook/Octo/.claude/worktrees/wonderful-spence-08433c/modules/ontology/build/classes/kotlin/main...
[2026-09-27 14:14:14] [PROGRESS] resolve files> Scanning /Users/macbook/Octo/.claude/worktrees/wonderful-spence-08433c/modules/ontology/build/classes/kotlin/main/META-INF...
[2026-09-27 14:14:14] [PROGRESS] resolve files> Scanning /Users/macbook/Octo/.claude/worktrees/wonderful-spence-08433c/modules/ontology/build/classes/kotlin/main/com...
[2026-09-27 14:14:14] [PROGRESS] resolve files> Scanning /Users/macbook/Octo/.claude/worktrees/wonderful-spence-08433c/modules/ontology/build/classes/kotlin/main/com/mesta...
[2026-09-27 14:14:14] [PROGRESS] resolve files> Scanning /Users/macbook/Octo/.claude/worktrees/wonderful-spence-08433c/modules/ontology/build/classes/kotlin/main/com/mesta/asset...
[2026-09-27 14:14:14] [PROGRESS] resolve files> Scanning /Users/macbook/Octo/.claude/worktrees/wonderful-spence-08433c/modules/ontology/build/classes/kotlin/main/com/mesta/asset/ontology...
[2026-09-27 14:14:14] [PROGRESS] resolve files> Scanning /Users/macbook/Octo/.claude/worktrees/wonderful-spence-08433c/modules/ontology/build/resources...
[2026-09-27 14:14:14] [PROGRESS] resolve files> Scanning /Users/macbook/Octo/.claude/worktrees/wonderful-spence-08433c/modules/ontology/build/resources/test...
[2026-09-27 14:14:14] [PROGRESS] resolve files> Scanning /Users/macbook/Octo/.claude/worktrees/wonderful-spence-08433c/modules/ontology/build/kotlin...
[2026-09-27 14:14:14] [PROGRESS] resolve files> Scanning /Users/macbook/Octo/.claude/worktrees/wonderful-spence-08433c/modules/ontology/build/kotlin/compileKotlin...
[2026-09-27 14:14:14] [PROGRESS] resolve files> Scanning /Users/macbook/Octo/.claude/worktrees/wonderful-spence-08433c/modules/ontology/build/kotlin/compileKotlin/cacheable...
[2026-09-27 14:14:14] [PROGRESS] resolve files> Scanning /Users/macbook/Octo/.claude/worktrees/wonderful-spence-08433c/modules/ontology/build/kotlin/compileKotlin/cacheable/caches-jvm...
[2026-09-27 14:14:14] [PROGRESS] resolve files> Scanning /Users/macbook/Octo/.claude/worktrees/wonderful-spence-08433c/modules/ontology/build/kotlin/compileKotlin/cacheable/caches-jvm/lookups...
[2026-09-27 14:14:14] [PROGRESS] resolve files> Scanning /Users/macbook/Octo/.claude/worktrees/wonderful-spence-08433c/modules/ontology/build/kotlin/compileKotlin/cacheable/caches-jvm/jvm...
[2026-09-27 14:14:14] [PROGRESS] resolve files> Scanning /Users/macbook/Octo/.claude/worktrees/wonderful-spence-08433c/modules/ontology/build/kotlin/compileKotlin/cacheable/caches-jvm/jvm/kotlin...
[2026-09-27 14:14:14] [PROGRESS] resolve files> Scanning /Users/macbook/Octo/.claude/worktrees/wonderful-spence-08433c/modules/ontology/build/kotlin/compileKotlin/cacheable/caches-jvm/inputs...
[2026-09-27 14:14:14] [PROGRESS] resolve files> Scanning /Users/macbook/Octo/.claude/worktrees/wonderful-spence-08433c/modules/ontology/build/kotlin/compileKotlin/classpath-snapshot...
[2026-09-27 14:14:14] [PROGRESS] resolve files> Scanning /Users/macbook/Octo/.claude/worktrees/wonderful-spence-08433c/modules/ontology/build/kotlin/compileKotlin/local-state...
[2026-09-27 14:14:14] [PROGRESS] resolve files> Scanning /Users/macbook/Octo/.claude/worktrees/wonderful-spence-08433c/modules/ontology/build/kotlin/compileTestKotlin...
[2026-09-27 14:14:14] [PROGRESS] resolve files> Scanning /Users/macbook/Octo/.claude/worktrees/wonderful-spence-08433c/modules/ontology/build/kotlin/compileTestKotlin/cacheable...
[2026-09-27 14:14:14] [PROGRESS] resolve files> Scanning /Users/macbook/Octo/.claude/worktrees/wonderful-spence-08433c/modules/ontology/build/kotlin/compileTestKotlin/cacheable/caches-jvm...
[2026-09-27 14:14:14] [PROGRESS] resolve files> Scanning /Users/macbook/Octo/.claude/worktrees/wonderful-spence-08433c/modules/ontology/build/kotlin/compileTestKotlin/cacheable/caches-jvm/lookups...
[2026-09-27 14:14:14] [PROGRESS] resolve files> Scanning /Users/macbook/Octo/.claude/worktrees/wonderful-spence-08433c/modules/ontology/build/kotlin/compileTestKotlin/cacheable/caches-jvm/jvm...
[2026-09-27 14:14:14] [PROGRESS] resolve files> Scanning /Users/macbook/Octo/.claude/worktrees/wonderful-spence-08433c/modules/ontology/build/kotlin/compileTestKotlin/cacheable/caches-jvm/jvm/kotlin...
[2026-09-27 14:14:14] [PROGRESS] resolve files> Scanning /Users/macbook/Octo/.claude/worktrees/wonderful-spence-08433c/modules/ontology/build/kotlin/compileTestKotlin/cacheable/caches-jvm/inputs...
[2026-09-27 14:14:14] [PROGRESS] resolve files> Scanning /Users/macbook/Octo/.claude/worktrees/wonderful-spence-08433c/modules/ontology/build/kotlin/compileTestKotlin/classpath-snapshot...
[2026-09-27 14:14:14] [PROGRESS] resolve files> Scanning /Users/macbook/Octo/.claude/worktrees/wonderful-spence-08433c/modules/ontology/build/kotlin/compileTestKotlin/local-state...
[2026-09-27 14:14:14] [PROGRESS] resolve files> Scanning /Users/macbook/Octo/.claude/worktrees/wonderful-spence-08433c/modules/ontology/build/libs...
[2026-09-27 14:14:14] [PROGRESS] resolve files> Scanning /Users/macbook/Octo/.claude/worktrees/wonderful-spence-08433c/modules/ontology/build/intermediates...
[2026-09-27 14:14:14] [PROGRESS] resolve files> Scanning /Users/macbook/Octo/.claude/worktrees/wonderful-spence-08433c/modules/ontology/build/intermediates/ktLint...
[2026-09-27 14:14:14] [PROGRESS] resolve files> Scanning /Users/macbook/Octo/.claude/worktrees/wonderful-spence-08433c/modules/ontology/build/test-results...
[2026-09-27 14:14:14] [PROGRESS] resolve files> Scanning /Users/macbook/Octo/.claude/worktrees/wonderful-spence-08433c/modules/ontology/build/test-results/test...
[2026-09-27 14:14:14] [PROGRESS] resolve files> Scanning /Users/macbook/Octo/.claude/worktrees/wonderful-spence-08433c/modules/ontology/build/test-results/test/binary...
[2026-09-27 14:14:14] [PROGRESS] resolve files> Scanning /Users/macbook/Octo/.claude/worktrees/wonderful-spence-08433c/modules/ontology/build/tmp...
[2026-09-27 14:14:14] [PROGRESS] resolve files> Scanning /Users/macbook/Octo/.claude/worktrees/wonderful-spence-08433c/modules/ontology/build/tmp/koverCachedVerify...
[2026-09-27 14:14:14] [PROGRESS] resolve files> Scanning /Users/macbook/Octo/.claude/worktrees/wonderful-spence-08433c/modules/ontology/build/tmp/test...
[2026-09-27 14:14:14] [PROGRESS] resolve files> Scanning /Users/macbook/Octo/.claude/worktrees/wonderful-spence-08433c/modules/ontology/build/tmp/jar...
[2026-09-27 14:14:14] [PROGRESS] resolve files> Scanning /Users/macbook/Octo/.claude/worktrees/wonderful-spence-08433c/modules/ontology/build/reports...
[2026-09-27 14:14:14] [PROGRESS] resolve files> Scanning /Users/macbook/Octo/.claude/worktrees/wonderful-spence-08433c/modules/ontology/build/reports/kover...
[2026-09-27 14:14:14] [PROGRESS] resolve files> Scanning /Users/macbook/Octo/.claude/worktrees/wonderful-spence-08433c/modules/ontology/build/reports/ktlint...
[2026-09-27 14:14:14] [PROGRESS] resolve files> Scanning /Users/macbook/Octo/.claude/worktrees/wonderful-spence-08433c/modules/ontology/build/reports/ktlint/ktlintKotlinScriptCheck...
[2026-09-27 14:14:14] [PROGRESS] resolve files> Scanning /Users/macbook/Octo/.claude/worktrees/wonderful-spence-08433c/modules/ontology/build/reports/ktlint/ktlintMainSourceSetCheck...
[2026-09-27 14:14:14] [PROGRESS] resolve files> Scanning /Users/macbook/Octo/.claude/worktrees/wonderful-spence-08433c/modules/ontology/build/reports/ktlint/ktlintTestSourceSetCheck...
[2026-09-27 14:14:14] [PROGRESS] resolve files> Scanning /Users/macbook/Octo/.claude/worktrees/wonderful-spence-08433c/modules/ontology/build/reports/tests...
[2026-09-27 14:14:14] [PROGRESS] resolve files> Scanning /Users/macbook/Octo/.claude/worktrees/wonderful-spence-08433c/modules/ontology/build/reports/tests/test...
[2026-09-27 14:14:14] [PROGRESS] resolve files> Scanning /Users/macbook/Octo/.claude/worktrees/wonderful-spence-08433c/modules/ontology/build/reports/tests/test/css...
[2026-09-27 14:14:14] [PROGRESS] resolve files> Scanning /Users/macbook/Octo/.claude/worktrees/wonderful-spence-08433c/modules/ontology/build/reports/tests/test/js...
[2026-09-27 14:14:14] [PROGRESS] resolve files> Scanning /Users/macbook/Octo/.claude/worktrees/wonderful-spence-08433c/modules/ontology/build/reports/tests/test/Z5cIs7hySXU...
[2026-09-27 14:14:14] [PROGRESS] resolve files> Scanning /Users/macbook/Octo/.claude/worktrees/wonderful-spence-08433c/modules/ontology/build/reports/tests/test/7X-zbdBdwS0...
[2026-09-27 14:14:14] [PROGRESS] resolve files> Scanning /Users/macbook/Octo/.claude/worktrees/wonderful-spence-08433c/modules/ontology/build/reports/tests/test/x7faquWhZ2A...
[2026-09-27 14:14:14] [PROGRESS] resolve files> Scanning /Users/macbook/Octo/.claude/worktrees/wonderful-spence-08433c/modules/ontology/src...
[2026-09-27 14:14:14] [PROGRESS] resolve files> Scanning /Users/macbook/Octo/.claude/worktrees/wonderful-spence-08433c/modules/ontology/src/test...
[2026-09-27 14:14:14] [PROGRESS] resolve files> Scanning /Users/macbook/Octo/.claude/worktrees/wonderful-spence-08433c/modules/ontology/src/test/resources...
[2026-09-27 14:14:14] [PROGRESS] resolve files> Scanning /Users/macbook/Octo/.claude/worktrees/wonderful-spence-08433c/modules/ontology/src/test/kotlin...
[2026-09-27 14:14:14] [PROGRESS] resolve files> Scanning /Users/macbook/Octo/.claude/worktrees/wonderful-spence-08433c/modules/ontology/src/test/kotlin/com...
[2026-09-27 14:14:14] [PROGRESS] resolve files> Scanning /Users/macbook/Octo/.claude/worktrees/wonderful-spence-08433c/modules/ontology/src/test/kotlin/com/mesta...
[2026-09-27 14:14:14] [PROGRESS] resolve files> Scanning /Users/macbook/Octo/.claude/worktrees/wonderful-spence-08433c/modules/ontology/src/test/kotlin/com/mesta/asset...
[2026-09-27 14:14:14] [PROGRESS] resolve files> Scanning /Users/macbook/Octo/.claude/worktrees/wonderful-spence-08433c/modules/ontology/src/test/kotlin/com/mesta/asset/ontology...
[2026-09-27 14:14:14] [PROGRESS] resolve files> Scanning /Users/macbook/Octo/.claude/worktrees/wonderful-spence-08433c/modules/ontology/src/main...
[2026-09-27 14:14:14] [PROGRESS] resolve files> Scanning /Users/macbook/Octo/.claude/worktrees/wonderful-spence-08433c/modules/ontology/src/main/kotlin...
[2026-09-27 14:14:14] [PROGRESS] resolve files> Scanning /Users/macbook/Octo/.claude/worktrees/wonderful-spence-08433c/modules/ontology/src/main/kotlin/com...
[2026-09-27 14:14:14] [PROGRESS] resolve files> Scanning /Users/macbook/Octo/.claude/worktrees/wonderful-spence-08433c/modules/ontology/src/main/kotlin/com/mesta...
[2026-09-27 14:14:14] [PROGRESS] resolve files> Scanning /Users/macbook/Octo/.claude/worktrees/wonderful-spence-08433c/modules/ontology/src/main/kotlin/com/mesta/asset...
[2026-09-27 14:14:14] [PROGRESS] resolve files> Scanning /Users/macbook/Octo/.claude/worktrees/wonderful-spence-08433c/modules/ontology/src/main/kotlin/com/mesta/asset/ontology...
[2026-09-27 14:14:14] [PROGRESS] resolve files> Scanning /Users/macbook/Octo/.claude/worktrees/wonderful-spence-08433c/modules/workflow...
[2026-09-27 14:14:14] [PROGRESS] resolve files> Scanning /Users/macbook/Octo/.claude/worktrees/wonderful-spence-08433c/modules/workflow/build...
[2026-09-27 14:14:14] [PROGRESS] resolve files> Scanning /Users/macbook/Octo/.claude/worktrees/wonderful-spence-08433c/modules/workflow/build/kover...
[2026-09-27 14:14:14] [PROGRESS] resolve files> Scanning /Users/macbook/Octo/.claude/worktrees/wonderful-spence-08433c/modules/workflow/build/kover/bin-reports...
[2026-09-27 14:14:14] [PROGRESS] resolve files> Scanning /Users/macbook/Octo/.claude/worktrees/wonderful-spence-08433c/modules/workflow/build/classes...
[2026-09-27 14:14:14] [PROGRESS] resolve files> Scanning /Users/macbook/Octo/.claude/worktrees/wonderful-spence-08433c/modules/workflow/build/classes/kotlin...
[2026-09-27 14:14:14] [PROGRESS] resolve files> Scanning /Users/macbook/Octo/.claude/worktrees/wonderful-spence-08433c/modules/workflow/build/classes/kotlin/test...
[2026-09-27 14:14:14] [PROGRESS] resolve files> Scanning /Users/macbook/Octo/.claude/worktrees/wonderful-spence-08433c/modules/workflow/build/classes/kotlin/test/META-INF...
[2026-09-27 14:14:14] [PROGRESS] resolve files> Scanning /Users/macbook/Octo/.claude/worktrees/wonderful-spence-08433c/modules/workflow/build/classes/kotlin/test/com...
[2026-09-27 14:14:14] [PROGRESS] resolve files> Scanning /Users/macbook/Octo/.claude/worktrees/wonderful-spence-08433c/modules/workflow/build/classes/kotlin/test/com/mesta...
[2026-09-27 14:14:14] [PROGRESS] resolve files> Scanning /Users/macbook/Octo/.claude/worktrees/wonderful-spence-08433c/modules/workflow/build/classes/kotlin/test/com/mesta/asset...
[2026-09-27 14:14:14] [PROGRESS] resolve files> Scanning /Users/macbook/Octo/.claude/worktrees/wonderful-spence-08433c/modules/workflow/build/classes/kotlin/test/com/mesta/asset/workflow...
[2026-09-27 14:14:14] [PROGRESS] resolve files> Scanning /Users/macbook/Octo/.claude/worktrees/wonderful-spence-08433c/modules/workflow/build/classes/kotlin/test/com/mesta/asset/workflow/audit...
[2026-09-27 14:14:14] [PROGRESS] resolve files> Scanning /Users/macbook/Octo/.claude/worktrees/wonderful-spence-08433c/modules/workflow/build/classes/kotlin/main...
[2026-09-27 14:14:14] [PROGRESS] resolve files> Scanning /Users/macbook/Octo/.claude/worktrees/wonderful-spence-08433c/modules/workflow/build/classes/kotlin/main/META-INF...
[2026-09-27 14:14:14] [PROGRESS] resolve files> Scanning /Users/macbook/Octo/.claude/worktrees/wonderful-spence-08433c/modules/workflow/build/classes/kotlin/main/com...
[2026-09-27 14:14:14] [PROGRESS] resolve files> Scanning /Users/macbook/Octo/.claude/worktrees/wonderful-spence-08433c/modules/workflow/build/classes/kotlin/main/com/mesta...
[2026-09-27 14:14:14] [PROGRESS] resolve files> Scanning /Users/macbook/Octo/.claude/worktrees/wonderful-spence-08433c/modules/workflow/build/classes/kotlin/main/com/mesta/asset...
[2026-09-27 14:14:14] [PROGRESS] resolve files> Scanning /Users/macbook/Octo/.claude/worktrees/wonderful-spence-08433c/modules/workflow/build/classes/kotlin/main/com/mesta/asset/workflow...
[2026-09-27 14:14:14] [PROGRESS] resolve files> Scanning /Users/macbook/Octo/.claude/worktrees/wonderful-spence-08433c/modules/workflow/build/classes/kotlin/main/com/mesta/asset/workflow/audit...
[2026-09-27 14:14:14] [PROGRESS] resolve files> Scanning /Users/macbook/Octo/.claude/worktrees/wonderful-spence-08433c/modules/workflow/build/classes/kotlin/main/com/mesta/asset/workflow/persistence...
[2026-09-27 14:14:14] [PROGRESS] resolve files> Scanning /Users/macbook/Octo/.claude/worktrees/wonderful-spence-08433c/modules/workflow/build/classes/kotlin/main/com/mesta/asset/workflow/report...
[2026-09-27 14:14:14] [PROGRESS] resolve files> Scanning /Users/macbook/Octo/.claude/worktrees/wonderful-spence-08433c/modules/workflow/build/kotlin...
[2026-09-27 14:14:14] [PROGRESS] resolve files> Scanning /Users/macbook/Octo/.claude/worktrees/wonderful-spence-08433c/modules/workflow/build/kotlin/compileKotlin...
[2026-09-27 14:14:14] [PROGRESS] resolve files> Scanning /Users/macbook/Octo/.claude/worktrees/wonderful-spence-08433c/modules/workflow/build/kotlin/compileKotlin/cacheable...
[2026-09-27 14:14:14] [PROGRESS] resolve files> Scanning /Users/macbook/Octo/.claude/worktrees/wonderful-spence-08433c/modules/workflow/build/kotlin/compileKotlin/cacheable/caches-jvm...
[2026-09-27 14:14:14] [PROGRESS] resolve files> Scanning /Users/macbook/Octo/.claude/worktrees/wonderful-spence-08433c/modules/workflow/build/kotlin/compileKotlin/cacheable/caches-jvm/lookups...
[2026-09-27 14:14:14] [PROGRESS] resolve files> Scanning /Users/macbook/Octo/.claude/worktrees/wonderful-spence-08433c/modules/workflow/build/kotlin/compileKotlin/cacheable/caches-jvm/jvm...
[2026-09-27 14:14:14] [PROGRESS] resolve files> Scanning /Users/macbook/Octo/.claude/worktrees/wonderful-spence-08433c/modules/workflow/build/kotlin/compileKotlin/cacheable/caches-jvm/jvm/kotlin...
[2026-09-27 14:14:14] [PROGRESS] resolve files> Scanning /Users/macbook/Octo/.claude/worktrees/wonderful-spence-08433c/modules/workflow/build/kotlin/compileKotlin/cacheable/caches-jvm/inputs...
[2026-09-27 14:14:14] [PROGRESS] resolve files> Scanning /Users/macbook/Octo/.claude/worktrees/wonderful-spence-08433c/modules/workflow/build/kotlin/compileKotlin/classpath-snapshot...
[2026-09-27 14:14:14] [PROGRESS] resolve files> Scanning /Users/macbook/Octo/.claude/worktrees/wonderful-spence-08433c/modules/workflow/build/kotlin/compileKotlin/local-state...
[2026-09-27 14:14:14] [PROGRESS] resolve files> Scanning /Users/macbook/Octo/.claude/worktrees/wonderful-spence-08433c/modules/workflow/build/kotlin/compileTestKotlin...
[2026-09-27 14:14:14] [PROGRESS] resolve files> Scanning /Users/macbook/Octo/.claude/worktrees/wonderful-spence-08433c/modules/workflow/build/kotlin/compileTestKotlin/cacheable...
[2026-09-27 14:14:14] [PROGRESS] resolve files> Scanning /Users/macbook/Octo/.claude/worktrees/wonderful-spence-08433c/modules/workflow/build/kotlin/compileTestKotlin/cacheable/caches-jvm...
[2026-09-27 14:14:14] [PROGRESS] resolve files> Scanning /Users/macbook/Octo/.claude/worktrees/wonderful-spence-08433c/modules/workflow/build/kotlin/compileTestKotlin/cacheable/caches-jvm/lookups...
[2026-09-27 14:14:14] [PROGRESS] resolve files> Scanning /Users/macbook/Octo/.claude/worktrees/wonderful-spence-08433c/modules/workflow/build/kotlin/compileTestKotlin/cacheable/caches-jvm/jvm...
[2026-09-27 14:14:14] [PROGRESS] resolve files> Scanning /Users/macbook/Octo/.claude/worktrees/wonderful-spence-08433c/modules/workflow/build/kotlin/compileTestKotlin/cacheable/caches-jvm/jvm/kotlin...
[2026-09-27 14:14:14] [PROGRESS] resolve files> Scanning /Users/macbook/Octo/.claude/worktrees/wonderful-spence-08433c/modules/workflow/build/kotlin/compileTestKotlin/cacheable/caches-jvm/inputs...
[2026-09-27 14:14:14] [PROGRESS] resolve files> Scanning /Users/macbook/Octo/.claude/worktrees/wonderful-spence-08433c/modules/workflow/build/kotlin/compileTestKotlin/classpath-snapshot...
[2026-09-27 14:14:14] [PROGRESS] resolve files> Scanning /Users/macbook/Octo/.claude/worktrees/wonderful-spence-08433c/modules/workflow/build/kotlin/compileTestKotlin/local-state...
[2026-09-27 14:14:14] [PROGRESS] resolve files> Scanning /Users/macbook/Octo/.claude/worktrees/wonderful-spence-08433c/modules/workflow/build/libs...
[2026-09-27 14:14:14] [PROGRESS] resolve files> Scanning /Users/macbook/Octo/.claude/worktrees/wonderful-spence-08433c/modules/workflow/build/intermediates...
[2026-09-27 14:14:14] [PROGRESS] resolve files> Scanning /Users/macbook/Octo/.claude/worktrees/wonderful-spence-08433c/modules/workflow/build/intermediates/ktLint...
[2026-09-27 14:14:14] [PROGRESS] resolve files> Scanning /Users/macbook/Octo/.claude/worktrees/wonderful-spence-08433c/modules/workflow/build/test-results...
[2026-09-27 14:14:14] [PROGRESS] resolve files> Scanning /Users/macbook/Octo/.claude/worktrees/wonderful-spence-08433c/modules/workflow/build/test-results/test...
[2026-09-27 14:14:14] [PROGRESS] resolve files> Scanning /Users/macbook/Octo/.claude/worktrees/wonderful-spence-08433c/modules/workflow/build/test-results/test/binary...
[2026-09-27 14:14:14] [PROGRESS] resolve files> Scanning /Users/macbook/Octo/.claude/worktrees/wonderful-spence-08433c/modules/workflow/build/tmp...
[2026-09-27 14:14:14] [PROGRESS] resolve files> Scanning /Users/macbook/Octo/.claude/worktrees/wonderful-spence-08433c/modules/workflow/build/tmp/koverCachedVerify...
[2026-09-27 14:14:14] [PROGRESS] resolve files> Scanning /Users/macbook/Octo/.claude/worktrees/wonderful-spence-08433c/modules/workflow/build/tmp/test...
[2026-09-27 14:14:14] [PROGRESS] resolve files> Scanning /Users/macbook/Octo/.claude/worktrees/wonderful-spence-08433c/modules/workflow/build/tmp/jar...
[2026-09-27 14:14:14] [PROGRESS] resolve files> Scanning /Users/macbook/Octo/.claude/worktrees/wonderful-spence-08433c/modules/workflow/build/reports...
[2026-09-27 14:14:14] [PROGRESS] resolve files> Scanning /Users/macbook/Octo/.claude/worktrees/wonderful-spence-08433c/modules/workflow/build/reports/kover...
[2026-09-27 14:14:14] [PROGRESS] resolve files> Scanning /Users/macbook/Octo/.claude/worktrees/wonderful-spence-08433c/modules/workflow/build/reports/ktlint...
[2026-09-27 14:14:14] [PROGRESS] resolve files> Scanning /Users/macbook/Octo/.claude/worktrees/wonderful-spence-08433c/modules/workflow/build/reports/ktlint/ktlintKotlinScriptCheck...
[2026-09-27 14:14:14] [PROGRESS] resolve files> Scanning /Users/macbook/Octo/.claude/worktrees/wonderful-spence-08433c/modules/workflow/build/reports/ktlint/ktlintMainSourceSetCheck...
[2026-09-27 14:14:14] [PROGRESS] resolve files> Scanning /Users/macbook/Octo/.claude/worktrees/wonderful-spence-08433c/modules/workflow/build/reports/ktlint/ktlintTestSourceSetCheck...
[2026-09-27 14:14:14] [PROGRESS] resolve files> Scanning /Users/macbook/Octo/.claude/worktrees/wonderful-spence-08433c/modules/workflow/build/reports/tests...
[2026-09-27 14:14:14] [PROGRESS] resolve files> Scanning /Users/macbook/Octo/.claude/worktrees/wonderful-spence-08433c/modules/workflow/build/reports/tests/test...
[2026-09-27 14:14:14] [PROGRESS] resolve files> Scanning /Users/macbook/Octo/.claude/worktrees/wonderful-spence-08433c/modules/workflow/build/reports/tests/test/AKXdQzrE6Mc...
[2026-09-27 14:14:14] [PROGRESS] resolve files> Scanning /Users/macbook/Octo/.claude/worktrees/wonderful-spence-08433c/modules/workflow/build/reports/tests/test/css...
[2026-09-27 14:14:14] [PROGRESS] resolve files> Scanning /Users/macbook/Octo/.claude/worktrees/wonderful-spence-08433c/modules/workflow/build/reports/tests/test/js...
[2026-09-27 14:14:14] [PROGRESS] resolve files> Scanning /Users/macbook/Octo/.claude/worktrees/wonderful-spence-08433c/modules/workflow/build/reports/tests/test/6ybjrBrWHZk...
[2026-09-27 14:14:14] [PROGRESS] resolve files> Scanning /Users/macbook/Octo/.claude/worktrees/wonderful-spence-08433c/modules/workflow/src...
[2026-09-27 14:14:14] [PROGRESS] resolve files> Scanning /Users/macbook/Octo/.claude/worktrees/wonderful-spence-08433c/modules/workflow/src/test...
[2026-09-27 14:14:14] [PROGRESS] resolve files> Scanning /Users/macbook/Octo/.claude/worktrees/wonderful-spence-08433c/modules/workflow/src/test/kotlin...
[2026-09-27 14:14:14] [PROGRESS] resolve files> Scanning /Users/macbook/Octo/.claude/worktrees/wonderful-spence-08433c/modules/workflow/src/test/kotlin/com...
[2026-09-27 14:14:14] [PROGRESS] resolve files> Scanning /Users/macbook/Octo/.claude/worktrees/wonderful-spence-08433c/modules/workflow/src/test/kotlin/com/mesta...
[2026-09-27 14:14:14] [PROGRESS] resolve files> Scanning /Users/macbook/Octo/.claude/worktrees/wonderful-spence-08433c/modules/workflow/src/test/kotlin/com/mesta/asset...
[2026-09-27 14:14:14] [PROGRESS] resolve files> Scanning /Users/macbook/Octo/.claude/worktrees/wonderful-spence-08433c/modules/workflow/src/test/kotlin/com/mesta/asset/workflow...
[2026-09-27 14:14:14] [PROGRESS] resolve files> Scanning /Users/macbook/Octo/.claude/worktrees/wonderful-spence-08433c/modules/workflow/src/test/kotlin/com/mesta/asset/workflow/audit...
[2026-09-27 14:14:14] [PROGRESS] resolve files> Scanning /Users/macbook/Octo/.claude/worktrees/wonderful-spence-08433c/modules/workflow/src/main...
[2026-09-27 14:14:14] [PROGRESS] resolve files> Scanning /Users/macbook/Octo/.claude/worktrees/wonderful-spence-08433c/modules/workflow/src/main/kotlin...
[2026-09-27 14:14:14] [PROGRESS] resolve files> Scanning /Users/macbook/Octo/.claude/worktrees/wonderful-spence-08433c/modules/workflow/src/main/kotlin/com...
[2026-09-27 14:14:14] [PROGRESS] resolve files> Scanning /Users/macbook/Octo/.claude/worktrees/wonderful-spence-08433c/modules/workflow/src/main/kotlin/com/mesta...
[2026-09-27 14:14:14] [PROGRESS] resolve files> Scanning /Users/macbook/Octo/.claude/worktrees/wonderful-spence-08433c/modules/workflow/src/main/kotlin/com/mesta/asset...
[2026-09-27 14:14:14] [PROGRESS] resolve files> Scanning /Users/macbook/Octo/.claude/worktrees/wonderful-spence-08433c/modules/workflow/src/main/kotlin/com/mesta/asset/workflow...
[2026-09-27 14:14:14] [PROGRESS] resolve files> Scanning /Users/macbook/Octo/.claude/worktrees/wonderful-spence-08433c/modules/workflow/src/main/kotlin/com/mesta/asset/workflow/audit...
[2026-09-27 14:14:14] [PROGRESS] resolve files> Scanning /Users/macbook/Octo/.claude/worktrees/wonderful-spence-08433c/modules/workflow/src/main/kotlin/com/mesta/asset/workflow/persistence...
[2026-09-27 14:14:14] [PROGRESS] resolve files> Scanning /Users/macbook/Octo/.claude/worktrees/wonderful-spence-08433c/modules/workflow/src/main/kotlin/com/mesta/asset/workflow/report...
[2026-09-27 14:14:14] [PROGRESS] resolve files> Scanning /Users/macbook/Octo/.claude/worktrees/wonderful-spence-08433c/modules/deal-sourcing...
[2026-09-27 14:14:14] [PROGRESS] resolve files> Scanning /Users/macbook/Octo/.claude/worktrees/wonderful-spence-08433c/modules/deal-sourcing/build...
[2026-09-27 14:14:14] [PROGRESS] resolve files> Scanning /Users/macbook/Octo/.claude/worktrees/wonderful-spence-08433c/modules/deal-sourcing/build/kover...
[2026-09-27 14:14:14] [PROGRESS] resolve files> Scanning /Users/macbook/Octo/.claude/worktrees/wonderful-spence-08433c/modules/deal-sourcing/build/classes...
[2026-09-27 14:14:14] [PROGRESS] resolve files> Scanning /Users/macbook/Octo/.claude/worktrees/wonderful-spence-08433c/modules/deal-sourcing/build/classes/kotlin...
[2026-09-27 14:14:14] [PROGRESS] resolve files> Scanning /Users/macbook/Octo/.claude/worktrees/wonderful-spence-08433c/modules/deal-sourcing/build/classes/kotlin/main...
[2026-09-27 14:14:14] [PROGRESS] resolve files> Scanning /Users/macbook/Octo/.claude/worktrees/wonderful-spence-08433c/modules/deal-sourcing/build/classes/kotlin/main/META-INF...
[2026-09-27 14:14:14] [PROGRESS] resolve files> Scanning /Users/macbook/Octo/.claude/worktrees/wonderful-spence-08433c/modules/deal-sourcing/build/kotlin...
[2026-09-27 14:14:14] [PROGRESS] resolve files> Scanning /Users/macbook/Octo/.claude/worktrees/wonderful-spence-08433c/modules/deal-sourcing/build/kotlin/compileKotlin...
[2026-09-27 14:14:14] [PROGRESS] resolve files> Scanning /Users/macbook/Octo/.claude/worktrees/wonderful-spence-08433c/modules/deal-sourcing/build/kotlin/compileKotlin/cacheable...
[2026-09-27 14:14:14] [PROGRESS] resolve files> Scanning /Users/macbook/Octo/.claude/worktrees/wonderful-spence-08433c/modules/deal-sourcing/build/kotlin/compileKotlin/cacheable/caches-jvm...
[2026-09-27 14:14:14] [PROGRESS] resolve files> Scanning /Users/macbook/Octo/.claude/worktrees/wonderful-spence-08433c/modules/deal-sourcing/build/kotlin/compileKotlin/cacheable/caches-jvm/lookups...
[2026-09-27 14:14:14] [PROGRESS] resolve files> Scanning /Users/macbook/Octo/.claude/worktrees/wonderful-spence-08433c/modules/deal-sourcing/build/kotlin/compileKotlin/cacheable/caches-jvm/jvm...
[2026-09-27 14:14:14] [PROGRESS] resolve files> Scanning /Users/macbook/Octo/.claude/worktrees/wonderful-spence-08433c/modules/deal-sourcing/build/kotlin/compileKotlin/cacheable/caches-jvm/jvm/kotlin...
[2026-09-27 14:14:14] [PROGRESS] resolve files> Scanning /Users/macbook/Octo/.claude/worktrees/wonderful-spence-08433c/modules/deal-sourcing/build/kotlin/compileKotlin/cacheable/caches-jvm/inputs...
[2026-09-27 14:14:14] [PROGRESS] resolve files> Scanning /Users/macbook/Octo/.claude/worktrees/wonderful-spence-08433c/modules/deal-sourcing/build/kotlin/compileKotlin/classpath-snapshot...
[2026-09-27 14:14:14] [PROGRESS] resolve files> Scanning /Users/macbook/Octo/.claude/worktrees/wonderful-spence-08433c/modules/deal-sourcing/build/kotlin/compileKotlin/local-state...
[2026-09-27 14:14:14] [PROGRESS] resolve files> Scanning /Users/macbook/Octo/.claude/worktrees/wonderful-spence-08433c/modules/deal-sourcing/build/libs...
[2026-09-27 14:14:14] [PROGRESS] resolve files> Scanning /Users/macbook/Octo/.claude/worktrees/wonderful-spence-08433c/modules/deal-sourcing/build/intermediates...
[2026-09-27 14:14:14] [PROGRESS] resolve files> Scanning /Users/macbook/Octo/.claude/worktrees/wonderful-spence-08433c/modules/deal-sourcing/build/intermediates/ktLint...
[2026-09-27 14:14:14] [PROGRESS] resolve files> Scanning /Users/macbook/Octo/.claude/worktrees/wonderful-spence-08433c/modules/deal-sourcing/build/tmp...
[2026-09-27 14:14:14] [PROGRESS] resolve files> Scanning /Users/macbook/Octo/.claude/worktrees/wonderful-spence-08433c/modules/deal-sourcing/build/tmp/koverCachedVerify...
[2026-09-27 14:14:14] [PROGRESS] resolve files> Scanning /Users/macbook/Octo/.claude/worktrees/wonderful-spence-08433c/modules/deal-sourcing/build/tmp/test...
[2026-09-27 14:14:14] [PROGRESS] resolve files> Scanning /Users/macbook/Octo/.claude/worktrees/wonderful-spence-08433c/modules/deal-sourcing/build/tmp/jar...
[2026-09-27 14:14:14] [PROGRESS] resolve files> Scanning /Users/macbook/Octo/.claude/worktrees/wonderful-spence-08433c/modules/deal-sourcing/build/reports...
[2026-09-27 14:14:14] [PROGRESS] resolve files> Scanning /Users/macbook/Octo/.claude/worktrees/wonderful-spence-08433c/modules/deal-sourcing/build/reports/kover...
[2026-09-27 14:14:14] [PROGRESS] resolve files> Scanning /Users/macbook/Octo/.claude/worktrees/wonderful-spence-08433c/modules/deal-sourcing/build/reports/ktlint...
[2026-09-27 14:14:14] [PROGRESS] resolve files> Scanning /Users/macbook/Octo/.claude/worktrees/wonderful-spence-08433c/modules/deal-sourcing/build/reports/ktlint/ktlintKotlinScriptCheck...
[2026-09-27 14:14:14] [PROGRESS] resolve files> Scanning /Users/macbook/Octo/.claude/worktrees/wonderful-spence-08433c/modules/deal-sourcing/build/reports/ktlint/ktlintMainSourceSetCheck...
[2026-09-27 14:14:14] [PROGRESS] resolve files> Scanning /Users/macbook/Octo/.claude/worktrees/wonderful-spence-08433c/modules/deal-sourcing/src...
[2026-09-27 14:14:14] [PROGRESS] resolve files> Scanning /Users/macbook/Octo/.claude/worktrees/wonderful-spence-08433c/modules/deal-sourcing/src/main...
[2026-09-27 14:14:14] [PROGRESS] resolve files> Scanning /Users/macbook/Octo/.claude/worktrees/wonderful-spence-08433c/modules/deal-sourcing/src/main/kotlin...
[2026-09-27 14:14:14] [PROGRESS] resolve files> Scanning /Users/macbook/Octo/.claude/worktrees/wonderful-spence-08433c/modules/deal-sourcing/src/main/kotlin/com...
[2026-09-27 14:14:14] [PROGRESS] resolve files> Scanning /Users/macbook/Octo/.claude/worktrees/wonderful-spence-08433c/modules/deal-sourcing/src/main/kotlin/com/mesta...
[2026-09-27 14:14:14] [PROGRESS] resolve files> Scanning /Users/macbook/Octo/.claude/worktrees/wonderful-spence-08433c/modules/deal-sourcing/src/main/kotlin/com/mesta/asset...
[2026-09-27 14:14:14] [PROGRESS] resolve files> Scanning /Users/macbook/Octo/.claude/worktrees/wonderful-spence-08433c/modules/deal-sourcing/src/main/kotlin/com/mesta/asset/dealsourcing...
[2026-09-27 14:14:14] [PROGRESS] resolve files> Scanning /Users/macbook/Octo/.claude/worktrees/wonderful-spence-08433c/modules/api...
[2026-09-27 14:14:14] [PROGRESS] resolve files> Scanning /Users/macbook/Octo/.claude/worktrees/wonderful-spence-08433c/modules/api/build...
[2026-09-27 14:14:14] [PROGRESS] resolve files> Scanning /Users/macbook/Octo/.claude/worktrees/wonderful-spence-08433c/modules/api/build/kover...
[2026-09-27 14:14:14] [PROGRESS] resolve files> Scanning /Users/macbook/Octo/.claude/worktrees/wonderful-spence-08433c/modules/api/build/resources...
[2026-09-27 14:14:14] [PROGRESS] resolve files> Scanning /Users/macbook/Octo/.claude/worktrees/wonderful-spence-08433c/modules/api/build/resources/test...
[2026-09-27 14:14:14] [PROGRESS] resolve files> Scanning /Users/macbook/Octo/.claude/worktrees/wonderful-spence-08433c/modules/api/build/resources/main...
[2026-09-27 14:14:14] [PROGRESS] resolve files> Scanning /Users/macbook/Octo/.claude/worktrees/wonderful-spence-08433c/modules/api/build/resources/main/db...
[2026-09-27 14:14:14] [PROGRESS] resolve files> Scanning /Users/macbook/Octo/.claude/worktrees/wonderful-spence-08433c/modules/api/build/resources/main/db/migration...
[2026-09-27 14:14:14] [PROGRESS] resolve files> Scanning /Users/macbook/Octo/.claude/worktrees/wonderful-spence-08433c/modules/api/build/intermediates...
[2026-09-27 14:14:14] [PROGRESS] resolve files> Scanning /Users/macbook/Octo/.claude/worktrees/wonderful-spence-08433c/modules/api/build/intermediates/ktLint...
[2026-09-27 14:14:14] [PROGRESS] resolve files> Scanning /Users/macbook/Octo/.claude/worktrees/wonderful-spence-08433c/modules/api/build/tmp...
[2026-09-27 14:14:14] [PROGRESS] resolve files> Scanning /Users/macbook/Octo/.claude/worktrees/wonderful-spence-08433c/modules/api/build/tmp/test...
[2026-09-27 14:14:14] [PROGRESS] resolve files> Scanning /Users/macbook/Octo/.claude/worktrees/wonderful-spence-08433c/modules/api/build/reports...
[2026-09-27 14:14:14] [PROGRESS] resolve files> Scanning /Users/macbook/Octo/.claude/worktrees/wonderful-spence-08433c/modules/api/build/reports/ktlint...
[2026-09-27 14:14:14] [PROGRESS] resolve files> Scanning /Users/macbook/Octo/.claude/worktrees/wonderful-spence-08433c/modules/api/build/reports/ktlint/ktlintKotlinScriptCheck...
[2026-09-27 14:14:14] [PROGRESS] resolve files> Scanning /Users/macbook/Octo/.claude/worktrees/wonderful-spence-08433c/modules/api/build/reports/ktlint/ktlintMainSourceSetCheck...
[2026-09-27 14:14:14] [PROGRESS] resolve files> Scanning /Users/macbook/Octo/.claude/worktrees/wonderful-spence-08433c/modules/api/build/reports/ktlint/ktlintTestSourceSetCheck...
[2026-09-27 14:14:14] [PROGRESS] resolve files> Scanning /Users/macbook/Octo/.claude/worktrees/wonderful-spence-08433c/modules/api/src...
[2026-09-27 14:14:14] [PROGRESS] resolve files> Scanning /Users/macbook/Octo/.claude/worktrees/wonderful-spence-08433c/modules/api/src/test...
[2026-09-27 14:14:14] [PROGRESS] resolve files> Scanning /Users/macbook/Octo/.claude/worktrees/wonderful-spence-08433c/modules/api/src/test/resources...
[2026-09-27 14:14:14] [PROGRESS] resolve files> Scanning /Users/macbook/Octo/.claude/worktrees/wonderful-spence-08433c/modules/api/src/test/kotlin...
[2026-09-27 14:14:14] [PROGRESS] resolve files> Scanning /Users/macbook/Octo/.claude/worktrees/wonderful-spence-08433c/modules/api/src/test/kotlin/com...
[2026-09-27 14:14:14] [PROGRESS] resolve files> Scanning /Users/macbook/Octo/.claude/worktrees/wonderful-spence-08433c/modules/api/src/test/kotlin/com/mesta...
[2026-09-27 14:14:14] [PROGRESS] resolve files> Scanning /Users/macbook/Octo/.claude/worktrees/wonderful-spence-08433c/modules/api/src/test/kotlin/com/mesta/asset...
[2026-09-27 14:14:14] [PROGRESS] resolve files> Scanning /Users/macbook/Octo/.claude/worktrees/wonderful-spence-08433c/modules/api/src/test/kotlin/com/mesta/asset/api...
[2026-09-27 14:14:14] [PROGRESS] resolve files> Scanning /Users/macbook/Octo/.claude/worktrees/wonderful-spence-08433c/modules/api/src/test/kotlin/com/mesta/asset/api/reconciliation...
[2026-09-27 14:14:14] [PROGRESS] resolve files> Scanning /Users/macbook/Octo/.claude/worktrees/wonderful-spence-08433c/modules/api/src/test/kotlin/com/mesta/asset/api/ingestion...
[2026-09-27 14:14:14] [PROGRESS] resolve files> Scanning /Users/macbook/Octo/.claude/worktrees/wonderful-spence-08433c/modules/api/src/test/kotlin/com/mesta/asset/api/asset...
[2026-09-27 14:14:14] [PROGRESS] resolve files> Scanning /Users/macbook/Octo/.claude/worktrees/wonderful-spence-08433c/modules/api/src/test/kotlin/com/mesta/asset/api/access...
[2026-09-27 14:14:14] [PROGRESS] resolve files> Scanning /Users/macbook/Octo/.claude/worktrees/wonderful-spence-08433c/modules/api/src/test/kotlin/com/mesta/asset/api/compliance...
[2026-09-27 14:14:14] [PROGRESS] resolve files> Scanning /Users/macbook/Octo/.claude/worktrees/wonderful-spence-08433c/modules/api/src/test/kotlin/com/mesta/asset/api/report...
[2026-09-27 14:14:14] [PROGRESS] resolve files> Scanning /Users/macbook/Octo/.claude/worktrees/wonderful-spence-08433c/modules/api/src/test/kotlin/com/mesta/asset/api/data...
[2026-09-27 14:14:14] [PROGRESS] resolve files> Scanning /Users/macbook/Octo/.claude/worktrees/wonderful-spence-08433c/modules/api/src/main...
[2026-09-27 14:14:14] [PROGRESS] resolve files> Scanning /Users/macbook/Octo/.claude/worktrees/wonderful-spence-08433c/modules/api/src/main/resources...
[2026-09-27 14:14:14] [PROGRESS] resolve files> Scanning /Users/macbook/Octo/.claude/worktrees/wonderful-spence-08433c/modules/api/src/main/kotlin...
[2026-09-27 14:14:14] [PROGRESS] resolve files> Scanning /Users/macbook/Octo/.claude/worktrees/wonderful-spence-08433c/modules/api/src/main/kotlin/com...
[2026-09-27 14:14:14] [PROGRESS] resolve files> Scanning /Users/macbook/Octo/.claude/worktrees/wonderful-spence-08433c/modules/api/src/main/kotlin/com/mesta...
[2026-09-27 14:14:14] [PROGRESS] resolve files> Scanning /Users/macbook/Octo/.claude/worktrees/wonderful-spence-08433c/modules/api/src/main/kotlin/com/mesta/asset...
[2026-09-27 14:14:14] [PROGRESS] resolve files> Scanning /Users/macbook/Octo/.claude/worktrees/wonderful-spence-08433c/modules/api/src/main/kotlin/com/mesta/asset/api...
[2026-09-27 14:14:14] [PROGRESS] resolve files> Scanning /Users/macbook/Octo/.claude/worktrees/wonderful-spence-08433c/modules/api/src/main/kotlin/com/mesta/asset/api/reconciliation...
[2026-09-27 14:14:14] [PROGRESS] resolve files> Scanning /Users/macbook/Octo/.claude/worktrees/wonderful-spence-08433c/modules/api/src/main/kotlin/com/mesta/asset/api/ingestion...
[2026-09-27 14:14:14] [PROGRESS] resolve files> Scanning /Users/macbook/Octo/.claude/worktrees/wonderful-spence-08433c/modules/api/src/main/kotlin/com/mesta/asset/api/asset...
[2026-09-27 14:14:14] [PROGRESS] resolve files> Scanning /Users/macbook/Octo/.claude/worktrees/wonderful-spence-08433c/modules/api/src/main/kotlin/com/mesta/asset/api/asset/persistence...
[2026-09-27 14:14:14] [PROGRESS] resolve files> Scanning /Users/macbook/Octo/.claude/worktrees/wonderful-spence-08433c/modules/api/src/main/kotlin/com/mesta/asset/api/access...
[2026-09-27 14:14:14] [PROGRESS] resolve files> Scanning /Users/macbook/Octo/.claude/worktrees/wonderful-spence-08433c/modules/api/src/main/kotlin/com/mesta/asset/api/access/persistence...
[2026-09-27 14:14:14] [PROGRESS] resolve files> Scanning /Users/macbook/Octo/.claude/worktrees/wonderful-spence-08433c/modules/api/src/main/kotlin/com/mesta/asset/api/compliance...
[2026-09-27 14:14:14] [PROGRESS] resolve files> Scanning /Users/macbook/Octo/.claude/worktrees/wonderful-spence-08433c/modules/api/src/main/kotlin/com/mesta/asset/api/report...
[2026-09-27 14:14:14] [PROGRESS] resolve files> Scanning /Users/macbook/Octo/.claude/worktrees/wonderful-spence-08433c/modules/api/src/main/kotlin/com/mesta/asset/api/data...
[2026-09-27 14:14:14] [PROGRESS] resolve files> Scanning /Users/macbook/Octo/.claude/worktrees/wonderful-spence-08433c/modules/recon...
[2026-09-27 14:14:14] [PROGRESS] resolve files> Scanning /Users/macbook/Octo/.claude/worktrees/wonderful-spence-08433c/modules/recon/build...
[2026-09-27 14:14:14] [PROGRESS] resolve files> Scanning /Users/macbook/Octo/.claude/worktrees/wonderful-spence-08433c/modules/recon/build/kover...
[2026-09-27 14:14:14] [PROGRESS] resolve files> Scanning /Users/macbook/Octo/.claude/worktrees/wonderful-spence-08433c/modules/recon/build/kover/bin-reports...
[2026-09-27 14:14:14] [PROGRESS] resolve files> Scanning /Users/macbook/Octo/.claude/worktrees/wonderful-spence-08433c/modules/recon/build/classes...
[2026-09-27 14:14:14] [PROGRESS] resolve files> Scanning /Users/macbook/Octo/.claude/worktrees/wonderful-spence-08433c/modules/recon/build/classes/kotlin...
[2026-09-27 14:14:14] [PROGRESS] resolve files> Scanning /Users/macbook/Octo/.claude/worktrees/wonderful-spence-08433c/modules/recon/build/classes/kotlin/test...
[2026-09-27 14:14:14] [PROGRESS] resolve files> Scanning /Users/macbook/Octo/.claude/worktrees/wonderful-spence-08433c/modules/recon/build/classes/kotlin/test/META-INF...
[2026-09-27 14:14:14] [PROGRESS] resolve files> Scanning /Users/macbook/Octo/.claude/worktrees/wonderful-spence-08433c/modules/recon/build/classes/kotlin/test/com...
[2026-09-27 14:14:14] [PROGRESS] resolve files> Scanning /Users/macbook/Octo/.claude/worktrees/wonderful-spence-08433c/modules/recon/build/classes/kotlin/test/com/mesta...
[2026-09-27 14:14:14] [PROGRESS] resolve files> Scanning /Users/macbook/Octo/.claude/worktrees/wonderful-spence-08433c/modules/recon/build/classes/kotlin/test/com/mesta/asset...
[2026-09-27 14:14:14] [PROGRESS] resolve files> Scanning /Users/macbook/Octo/.claude/worktrees/wonderful-spence-08433c/modules/recon/build/classes/kotlin/test/com/mesta/asset/recon...
[2026-09-27 14:14:14] [PROGRESS] resolve files> Scanning /Users/macbook/Octo/.claude/worktrees/wonderful-spence-08433c/modules/recon/build/classes/kotlin/test/com/mesta/asset/recon/matching...
[2026-09-27 14:14:14] [PROGRESS] resolve files> Scanning /Users/macbook/Octo/.claude/worktrees/wonderful-spence-08433c/modules/recon/build/classes/kotlin/test/com/mesta/asset/recon/compliance...
[2026-09-27 14:14:14] [PROGRESS] resolve files> Scanning /Users/macbook/Octo/.claude/worktrees/wonderful-spence-08433c/modules/recon/build/classes/kotlin/main...
[2026-09-27 14:14:14] [PROGRESS] resolve files> Scanning /Users/macbook/Octo/.claude/worktrees/wonderful-spence-08433c/modules/recon/build/classes/kotlin/main/META-INF...
[2026-09-27 14:14:14] [PROGRESS] resolve files> Scanning /Users/macbook/Octo/.claude/worktrees/wonderful-spence-08433c/modules/recon/build/classes/kotlin/main/com...
[2026-09-27 14:14:14] [PROGRESS] resolve files> Scanning /Users/macbook/Octo/.claude/worktrees/wonderful-spence-08433c/modules/recon/build/classes/kotlin/main/com/mesta...
[2026-09-27 14:14:14] [PROGRESS] resolve files> Scanning /Users/macbook/Octo/.claude/worktrees/wonderful-spence-08433c/modules/recon/build/classes/kotlin/main/com/mesta/asset...
[2026-09-27 14:14:14] [PROGRESS] resolve files> Scanning /Users/macbook/Octo/.claude/worktrees/wonderful-spence-08433c/modules/recon/build/classes/kotlin/main/com/mesta/asset/recon...
[2026-09-27 14:14:14] [PROGRESS] resolve files> Scanning /Users/macbook/Octo/.claude/worktrees/wonderful-spence-08433c/modules/recon/build/classes/kotlin/main/com/mesta/asset/recon/matching...
[2026-09-27 14:14:14] [PROGRESS] resolve files> Scanning /Users/macbook/Octo/.claude/worktrees/wonderful-spence-08433c/modules/recon/build/classes/kotlin/main/com/mesta/asset/recon/matching/persistence...
[2026-09-27 14:14:14] [PROGRESS] resolve files> Scanning /Users/macbook/Octo/.claude/worktrees/wonderful-spence-08433c/modules/recon/build/classes/kotlin/main/com/mesta/asset/recon/compliance...
[2026-09-27 14:14:14] [PROGRESS] resolve files> Scanning /Users/macbook/Octo/.claude/worktrees/wonderful-spence-08433c/modules/recon/build/classes/kotlin/main/com/mesta/asset/recon/compliance/persistence...
[2026-09-27 14:14:14] [PROGRESS] resolve files> Scanning /Users/macbook/Octo/.claude/worktrees/wonderful-spence-08433c/modules/recon/build/kotlin...
[2026-09-27 14:14:14] [PROGRESS] resolve files> Scanning /Users/macbook/Octo/.claude/worktrees/wonderful-spence-08433c/modules/recon/build/kotlin/compileKotlin...
[2026-09-27 14:14:14] [PROGRESS] resolve files> Scanning /Users/macbook/Octo/.claude/worktrees/wonderful-spence-08433c/modules/recon/build/kotlin/compileKotlin/cacheable...
[2026-09-27 14:14:14] [PROGRESS] resolve files> Scanning /Users/macbook/Octo/.claude/worktrees/wonderful-spence-08433c/modules/recon/build/kotlin/compileKotlin/cacheable/caches-jvm...
[2026-09-27 14:14:14] [PROGRESS] resolve files> Scanning /Users/macbook/Octo/.claude/worktrees/wonderful-spence-08433c/modules/recon/build/kotlin/compileKotlin/cacheable/caches-jvm/lookups...
[2026-09-27 14:14:14] [PROGRESS] resolve files> Scanning /Users/macbook/Octo/.claude/worktrees/wonderful-spence-08433c/modules/recon/build/kotlin/compileKotlin/cacheable/caches-jvm/jvm...
[2026-09-27 14:14:14] [PROGRESS] resolve files> Scanning /Users/macbook/Octo/.claude/worktrees/wonderful-spence-08433c/modules/recon/build/kotlin/compileKotlin/cacheable/caches-jvm/jvm/kotlin...
[2026-09-27 14:14:14] [PROGRESS] resolve files> Scanning /Users/macbook/Octo/.claude/worktrees/wonderful-spence-08433c/modules/recon/build/kotlin/compileKotlin/cacheable/caches-jvm/inputs...
[2026-09-27 14:14:14] [PROGRESS] resolve files> Scanning /Users/macbook/Octo/.claude/worktrees/wonderful-spence-08433c/modules/recon/build/kotlin/compileKotlin/classpath-snapshot...
[2026-09-27 14:14:14] [PROGRESS] resolve files> Scanning /Users/macbook/Octo/.claude/worktrees/wonderful-spence-08433c/modules/recon/build/kotlin/compileKotlin/local-state...
[2026-09-27 14:14:14] [PROGRESS] resolve files> Scanning /Users/macbook/Octo/.claude/worktrees/wonderful-spence-08433c/modules/recon/build/kotlin/compileTestKotlin...
[2026-09-27 14:14:14] [PROGRESS] resolve files> Scanning /Users/macbook/Octo/.claude/worktrees/wonderful-spence-08433c/modules/recon/build/kotlin/compileTestKotlin/cacheable...
[2026-09-27 14:14:14] [PROGRESS] resolve files> Scanning /Users/macbook/Octo/.claude/worktrees/wonderful-spence-08433c/modules/recon/build/kotlin/compileTestKotlin/cacheable/caches-jvm...
[2026-09-27 14:14:14] [PROGRESS] resolve files> Scanning /Users/macbook/Octo/.claude/worktrees/wonderful-spence-08433c/modules/recon/build/kotlin/compileTestKotlin/cacheable/caches-jvm/lookups...
[2026-09-27 14:14:14] [PROGRESS] resolve files> Scanning /Users/macbook/Octo/.claude/worktrees/wonderful-spence-08433c/modules/recon/build/kotlin/compileTestKotlin/cacheable/caches-jvm/jvm...
[2026-09-27 14:14:14] [PROGRESS] resolve files> Scanning /Users/macbook/Octo/.claude/worktrees/wonderful-spence-08433c/modules/recon/build/kotlin/compileTestKotlin/cacheable/caches-jvm/jvm/kotlin...
[2026-09-27 14:14:14] [PROGRESS] resolve files> Scanning /Users/macbook/Octo/.claude/worktrees/wonderful-spence-08433c/modules/recon/build/kotlin/compileTestKotlin/cacheable/caches-jvm/inputs...
[2026-09-27 14:14:14] [PROGRESS] resolve files> Scanning /Users/macbook/Octo/.claude/worktrees/wonderful-spence-08433c/modules/recon/build/kotlin/compileTestKotlin/classpath-snapshot...
[2026-09-27 14:14:14] [PROGRESS] resolve files> Scanning /Users/macbook/Octo/.claude/worktrees/wonderful-spence-08433c/modules/recon/build/kotlin/compileTestKotlin/local-state...
[2026-09-27 14:14:14] [PROGRESS] resolve files> Scanning /Users/macbook/Octo/.claude/worktrees/wonderful-spence-08433c/modules/recon/build/libs...
[2026-09-27 14:14:14] [PROGRESS] resolve files> Scanning /Users/macbook/Octo/.claude/worktrees/wonderful-spence-08433c/modules/recon/build/intermediates...
[2026-09-27 14:14:14] [PROGRESS] resolve files> Scanning /Users/macbook/Octo/.claude/worktrees/wonderful-spence-08433c/modules/recon/build/intermediates/ktLint...
[2026-09-27 14:14:14] [PROGRESS] resolve files> Scanning /Users/macbook/Octo/.claude/worktrees/wonderful-spence-08433c/modules/recon/build/test-results...
[2026-09-27 14:14:14] [PROGRESS] resolve files> Scanning /Users/macbook/Octo/.claude/worktrees/wonderful-spence-08433c/modules/recon/build/test-results/test...
[2026-09-27 14:14:14] [PROGRESS] resolve files> Scanning /Users/macbook/Octo/.claude/worktrees/wonderful-spence-08433c/modules/recon/build/test-results/test/binary...
[2026-09-27 14:14:14] [PROGRESS] resolve files> Scanning /Users/macbook/Octo/.claude/worktrees/wonderful-spence-08433c/modules/recon/build/tmp...
[2026-09-27 14:14:14] [PROGRESS] resolve files> Scanning /Users/macbook/Octo/.claude/worktrees/wonderful-spence-08433c/modules/recon/build/tmp/koverCachedVerify...
[2026-09-27 14:14:14] [PROGRESS] resolve files> Scanning /Users/macbook/Octo/.claude/worktrees/wonderful-spence-08433c/modules/recon/build/tmp/test...
[2026-09-27 14:14:14] [PROGRESS] resolve files> Scanning /Users/macbook/Octo/.claude/worktrees/wonderful-spence-08433c/modules/recon/build/tmp/jar...
[2026-09-27 14:14:14] [PROGRESS] resolve files> Scanning /Users/macbook/Octo/.claude/worktrees/wonderful-spence-08433c/modules/recon/build/reports...
[2026-09-27 14:14:14] [PROGRESS] resolve files> Scanning /Users/macbook/Octo/.claude/worktrees/wonderful-spence-08433c/modules/recon/build/reports/kover...
[2026-09-27 14:14:14] [PROGRESS] resolve files> Scanning /Users/macbook/Octo/.claude/worktrees/wonderful-spence-08433c/modules/recon/build/reports/ktlint...
[2026-09-27 14:14:14] [PROGRESS] resolve files> Scanning /Users/macbook/Octo/.claude/worktrees/wonderful-spence-08433c/modules/recon/build/reports/ktlint/ktlintKotlinScriptCheck...
[2026-09-27 14:14:14] [PROGRESS] resolve files> Scanning /Users/macbook/Octo/.claude/worktrees/wonderful-spence-08433c/modules/recon/build/reports/ktlint/ktlintMainSourceSetCheck...
[2026-09-27 14:14:14] [PROGRESS] resolve files> Scanning /Users/macbook/Octo/.claude/worktrees/wonderful-spence-08433c/modules/recon/build/reports/ktlint/ktlintTestSourceSetCheck...
[2026-09-27 14:14:14] [PROGRESS] resolve files> Scanning /Users/macbook/Octo/.claude/worktrees/wonderful-spence-08433c/modules/recon/build/reports/tests...
[2026-09-27 14:14:14] [PROGRESS] resolve files> Scanning /Users/macbook/Octo/.claude/worktrees/wonderful-spence-08433c/modules/recon/build/reports/tests/test...
[2026-09-27 14:14:14] [PROGRESS] resolve files> Scanning /Users/macbook/Octo/.claude/worktrees/wonderful-spence-08433c/modules/recon/build/reports/tests/test/css...
[2026-09-27 14:14:14] [PROGRESS] resolve files> Scanning /Users/macbook/Octo/.claude/worktrees/wonderful-spence-08433c/modules/recon/build/reports/tests/test/1Ar0sNm3ICE...
[2026-09-27 14:14:14] [PROGRESS] resolve files> Scanning /Users/macbook/Octo/.claude/worktrees/wonderful-spence-08433c/modules/recon/build/reports/tests/test/js...
[2026-09-27 14:14:14] [PROGRESS] resolve files> Scanning /Users/macbook/Octo/.claude/worktrees/wonderful-spence-08433c/modules/recon/build/reports/tests/test/2NQI2LwWleM...
[2026-09-27 14:14:14] [PROGRESS] resolve files> Scanning /Users/macbook/Octo/.claude/worktrees/wonderful-spence-08433c/modules/recon/build/reports/tests/test/bPJ6CekDO9g...
[2026-09-27 14:14:14] [PROGRESS] resolve files> Scanning /Users/macbook/Octo/.claude/worktrees/wonderful-spence-08433c/modules/recon/src...
[2026-09-27 14:14:14] [PROGRESS] resolve files> Scanning /Users/macbook/Octo/.claude/worktrees/wonderful-spence-08433c/modules/recon/src/test...
[2026-09-27 14:14:14] [PROGRESS] resolve files> Scanning /Users/macbook/Octo/.claude/worktrees/wonderful-spence-08433c/modules/recon/src/test/kotlin...
[2026-09-27 14:14:14] [PROGRESS] resolve files> Scanning /Users/macbook/Octo/.claude/worktrees/wonderful-spence-08433c/modules/recon/src/test/kotlin/com...
[2026-09-27 14:14:14] [PROGRESS] resolve files> Scanning /Users/macbook/Octo/.claude/worktrees/wonderful-spence-08433c/modules/recon/src/test/kotlin/com/mesta...
[2026-09-27 14:14:14] [PROGRESS] resolve files> Scanning /Users/macbook/Octo/.claude/worktrees/wonderful-spence-08433c/modules/recon/src/test/kotlin/com/mesta/asset...
[2026-09-27 14:14:14] [PROGRESS] resolve files> Scanning /Users/macbook/Octo/.claude/worktrees/wonderful-spence-08433c/modules/recon/src/test/kotlin/com/mesta/asset/recon...
[2026-09-27 14:14:14] [PROGRESS] resolve files> Scanning /Users/macbook/Octo/.claude/worktrees/wonderful-spence-08433c/modules/recon/src/test/kotlin/com/mesta/asset/recon/matching...
[2026-09-27 14:14:14] [PROGRESS] resolve files> Scanning /Users/macbook/Octo/.claude/worktrees/wonderful-spence-08433c/modules/recon/src/test/kotlin/com/mesta/asset/recon/compliance...
[2026-09-27 14:14:14] [PROGRESS] resolve files> Scanning /Users/macbook/Octo/.claude/worktrees/wonderful-spence-08433c/modules/recon/src/main...
[2026-09-27 14:14:14] [PROGRESS] resolve files> Scanning /Users/macbook/Octo/.claude/worktrees/wonderful-spence-08433c/modules/recon/src/main/kotlin...
[2026-09-27 14:14:14] [PROGRESS] resolve files> Scanning /Users/macbook/Octo/.claude/worktrees/wonderful-spence-08433c/modules/recon/src/main/kotlin/com...
[2026-09-27 14:14:14] [PROGRESS] resolve files> Scanning /Users/macbook/Octo/.claude/worktrees/wonderful-spence-08433c/modules/recon/src/main/kotlin/com/mesta...
[2026-09-27 14:14:14] [PROGRESS] resolve files> Scanning /Users/macbook/Octo/.claude/worktrees/wonderful-spence-08433c/modules/recon/src/main/kotlin/com/mesta/asset...
[2026-09-27 14:14:14] [PROGRESS] resolve files> Scanning /Users/macbook/Octo/.claude/worktrees/wonderful-spence-08433c/modules/recon/src/main/kotlin/com/mesta/asset/recon...
[2026-09-27 14:14:14] [PROGRESS] resolve files> Scanning /Users/macbook/Octo/.claude/worktrees/wonderful-spence-08433c/modules/recon/src/main/kotlin/com/mesta/asset/recon/matching...
[2026-09-27 14:14:14] [PROGRESS] resolve files> Scanning /Users/macbook/Octo/.claude/worktrees/wonderful-spence-08433c/modules/recon/src/main/kotlin/com/mesta/asset/recon/matching/persistence...
[2026-09-27 14:14:14] [PROGRESS] resolve files> Scanning /Users/macbook/Octo/.claude/worktrees/wonderful-spence-08433c/modules/recon/src/main/kotlin/com/mesta/asset/recon/compliance...
[2026-09-27 14:14:14] [PROGRESS] resolve files> Scanning /Users/macbook/Octo/.claude/worktrees/wonderful-spence-08433c/modules/recon/src/main/kotlin/com/mesta/asset/recon/compliance/persistence...
[2026-09-27 14:14:14] [PROGRESS] resolve files> Scanning /Users/macbook/Octo/.claude/worktrees/wonderful-spence-08433c/modules/analytics...
[2026-09-27 14:14:14] [PROGRESS] resolve files> Scanning /Users/macbook/Octo/.claude/worktrees/wonderful-spence-08433c/modules/analytics/build...
[2026-09-27 14:14:14] [PROGRESS] resolve files> Scanning /Users/macbook/Octo/.claude/worktrees/wonderful-spence-08433c/modules/analytics/build/kover...
[2026-09-27 14:14:14] [PROGRESS] resolve files> Scanning /Users/macbook/Octo/.claude/worktrees/wonderful-spence-08433c/modules/analytics/build/kover/bin-reports...
[2026-09-27 14:14:14] [PROGRESS] resolve files> Scanning /Users/macbook/Octo/.claude/worktrees/wonderful-spence-08433c/modules/analytics/build/classes...
[2026-09-27 14:14:14] [PROGRESS] resolve files> Scanning /Users/macbook/Octo/.claude/worktrees/wonderful-spence-08433c/modules/analytics/build/classes/kotlin...
[2026-09-27 14:14:14] [PROGRESS] resolve files> Scanning /Users/macbook/Octo/.claude/worktrees/wonderful-spence-08433c/modules/analytics/build/classes/kotlin/test...
[2026-09-27 14:14:14] [PROGRESS] resolve files> Scanning /Users/macbook/Octo/.claude/worktrees/wonderful-spence-08433c/modules/analytics/build/classes/kotlin/test/META-INF...
[2026-09-27 14:14:14] [PROGRESS] resolve files> Scanning /Users/macbook/Octo/.claude/worktrees/wonderful-spence-08433c/modules/analytics/build/classes/kotlin/test/com...
[2026-09-27 14:14:14] [PROGRESS] resolve files> Scanning /Users/macbook/Octo/.claude/worktrees/wonderful-spence-08433c/modules/analytics/build/classes/kotlin/test/com/mesta...
[2026-09-27 14:14:14] [PROGRESS] resolve files> Scanning /Users/macbook/Octo/.claude/worktrees/wonderful-spence-08433c/modules/analytics/build/classes/kotlin/test/com/mesta/asset...
[2026-09-27 14:14:14] [PROGRESS] resolve files> Scanning /Users/macbook/Octo/.claude/worktrees/wonderful-spence-08433c/modules/analytics/build/classes/kotlin/test/com/mesta/asset/analytics...
[2026-09-27 14:14:14] [PROGRESS] resolve files> Scanning /Users/macbook/Octo/.claude/worktrees/wonderful-spence-08433c/modules/analytics/build/classes/kotlin/main...
[2026-09-27 14:14:14] [PROGRESS] resolve files> Scanning /Users/macbook/Octo/.claude/worktrees/wonderful-spence-08433c/modules/analytics/build/classes/kotlin/main/META-INF...
[2026-09-27 14:14:14] [PROGRESS] resolve files> Scanning /Users/macbook/Octo/.claude/worktrees/wonderful-spence-08433c/modules/analytics/build/classes/kotlin/main/com...
[2026-09-27 14:14:14] [PROGRESS] resolve files> Scanning /Users/macbook/Octo/.claude/worktrees/wonderful-spence-08433c/modules/analytics/build/classes/kotlin/main/com/mesta...
[2026-09-27 14:14:14] [PROGRESS] resolve files> Scanning /Users/macbook/Octo/.claude/worktrees/wonderful-spence-08433c/modules/analytics/build/classes/kotlin/main/com/mesta/asset...
[2026-09-27 14:14:14] [PROGRESS] resolve files> Scanning /Users/macbook/Octo/.claude/worktrees/wonderful-spence-08433c/modules/analytics/build/classes/kotlin/main/com/mesta/asset/analytics...
[2026-09-27 14:14:14] [PROGRESS] resolve files> Scanning /Users/macbook/Octo/.claude/worktrees/wonderful-spence-08433c/modules/analytics/build/classes/kotlin/main/com/mesta/asset/analytics/persistence...
[2026-09-27 14:14:14] [PROGRESS] resolve files> Scanning /Users/macbook/Octo/.claude/worktrees/wonderful-spence-08433c/modules/analytics/build/kotlin...
[2026-09-27 14:14:14] [PROGRESS] resolve files> Scanning /Users/macbook/Octo/.claude/worktrees/wonderful-spence-08433c/modules/analytics/build/kotlin/compileKotlin...
[2026-09-27 14:14:14] [PROGRESS] resolve files> Scanning /Users/macbook/Octo/.claude/worktrees/wonderful-spence-08433c/modules/analytics/build/kotlin/compileKotlin/cacheable...
[2026-09-27 14:14:14] [PROGRESS] resolve files> Scanning /Users/macbook/Octo/.claude/worktrees/wonderful-spence-08433c/modules/analytics/build/kotlin/compileKotlin/cacheable/caches-jvm...
[2026-09-27 14:14:14] [PROGRESS] resolve files> Scanning /Users/macbook/Octo/.claude/worktrees/wonderful-spence-08433c/modules/analytics/build/kotlin/compileKotlin/cacheable/caches-jvm/lookups...
[2026-09-27 14:14:14] [PROGRESS] resolve files> Scanning /Users/macbook/Octo/.claude/worktrees/wonderful-spence-08433c/modules/analytics/build/kotlin/compileKotlin/cacheable/caches-jvm/jvm...
[2026-09-27 14:14:14] [PROGRESS] resolve files> Scanning /Users/macbook/Octo/.claude/worktrees/wonderful-spence-08433c/modules/analytics/build/kotlin/compileKotlin/cacheable/caches-jvm/jvm/kotlin...
[2026-09-27 14:14:14] [PROGRESS] resolve files> Scanning /Users/macbook/Octo/.claude/worktrees/wonderful-spence-08433c/modules/analytics/build/kotlin/compileKotlin/cacheable/caches-jvm/inputs...
[2026-09-27 14:14:14] [PROGRESS] resolve files> Scanning /Users/macbook/Octo/.claude/worktrees/wonderful-spence-08433c/modules/analytics/build/kotlin/compileKotlin/classpath-snapshot...
[2026-09-27 14:14:14] [PROGRESS] resolve files> Scanning /Users/macbook/Octo/.claude/worktrees/wonderful-spence-08433c/modules/analytics/build/kotlin/compileKotlin/local-state...
[2026-09-27 14:14:14] [PROGRESS] resolve files> Scanning /Users/macbook/Octo/.claude/worktrees/wonderful-spence-08433c/modules/analytics/build/kotlin/compileTestKotlin...
[2026-09-27 14:14:14] [PROGRESS] resolve files> Scanning /Users/macbook/Octo/.claude/worktrees/wonderful-spence-08433c/modules/analytics/build/kotlin/compileTestKotlin/cacheable...
[2026-09-27 14:14:14] [PROGRESS] resolve files> Scanning /Users/macbook/Octo/.claude/worktrees/wonderful-spence-08433c/modules/analytics/build/kotlin/compileTestKotlin/cacheable/caches-jvm...
[2026-09-27 14:14:14] [PROGRESS] resolve files> Scanning /Users/macbook/Octo/.claude/worktrees/wonderful-spence-08433c/modules/analytics/build/kotlin/compileTestKotlin/cacheable/caches-jvm/lookups...
[2026-09-27 14:14:14] [PROGRESS] resolve files> Scanning /Users/macbook/Octo/.claude/worktrees/wonderful-spence-08433c/modules/analytics/build/kotlin/compileTestKotlin/cacheable/caches-jvm/jvm...
[2026-09-27 14:14:14] [PROGRESS] resolve files> Scanning /Users/macbook/Octo/.claude/worktrees/wonderful-spence-08433c/modules/analytics/build/kotlin/compileTestKotlin/cacheable/caches-jvm/jvm/kotlin...
[2026-09-27 14:14:14] [PROGRESS] resolve files> Scanning /Users/macbook/Octo/.claude/worktrees/wonderful-spence-08433c/modules/analytics/build/kotlin/compileTestKotlin/cacheable/caches-jvm/inputs...
[2026-09-27 14:14:14] [PROGRESS] resolve files> Scanning /Users/macbook/Octo/.claude/worktrees/wonderful-spence-08433c/modules/analytics/build/kotlin/compileTestKotlin/classpath-snapshot...
[2026-09-27 14:14:14] [PROGRESS] resolve files> Scanning /Users/macbook/Octo/.claude/worktrees/wonderful-spence-08433c/modules/analytics/build/kotlin/compileTestKotlin/local-state...
[2026-09-27 14:14:14] [PROGRESS] resolve files> Scanning /Users/macbook/Octo/.claude/worktrees/wonderful-spence-08433c/modules/analytics/build/libs...
[2026-09-27 14:14:14] [PROGRESS] resolve files> Scanning /Users/macbook/Octo/.claude/worktrees/wonderful-spence-08433c/modules/analytics/build/intermediates...
[2026-09-27 14:14:14] [PROGRESS] resolve files> Scanning /Users/macbook/Octo/.claude/worktrees/wonderful-spence-08433c/modules/analytics/build/intermediates/ktLint...
[2026-09-27 14:14:14] [PROGRESS] resolve files> Scanning /Users/macbook/Octo/.claude/worktrees/wonderful-spence-08433c/modules/analytics/build/test-results...
[2026-09-27 14:14:14] [PROGRESS] resolve files> Scanning /Users/macbook/Octo/.claude/worktrees/wonderful-spence-08433c/modules/analytics/build/test-results/test...
[2026-09-27 14:14:14] [PROGRESS] resolve files> Scanning /Users/macbook/Octo/.claude/worktrees/wonderful-spence-08433c/modules/analytics/build/test-results/test/binary...
[2026-09-27 14:14:14] [PROGRESS] resolve files> Scanning /Users/macbook/Octo/.claude/worktrees/wonderful-spence-08433c/modules/analytics/build/tmp...
[2026-09-27 14:14:14] [PROGRESS] resolve files> Scanning /Users/macbook/Octo/.claude/worktrees/wonderful-spence-08433c/modules/analytics/build/tmp/koverCachedVerify...
[2026-09-27 14:14:14] [PROGRESS] resolve files> Scanning /Users/macbook/Octo/.claude/worktrees/wonderful-spence-08433c/modules/analytics/build/tmp/test...
[2026-09-27 14:14:14] [PROGRESS] resolve files> Scanning /Users/macbook/Octo/.claude/worktrees/wonderful-spence-08433c/modules/analytics/build/tmp/jar...
[2026-09-27 14:14:14] [PROGRESS] resolve files> Scanning /Users/macbook/Octo/.claude/worktrees/wonderful-spence-08433c/modules/analytics/build/reports...
[2026-09-27 14:14:14] [PROGRESS] resolve files> Scanning /Users/macbook/Octo/.claude/worktrees/wonderful-spence-08433c/modules/analytics/build/reports/kover...
[2026-09-27 14:14:14] [PROGRESS] resolve files> Scanning /Users/macbook/Octo/.claude/worktrees/wonderful-spence-08433c/modules/analytics/build/reports/ktlint...
[2026-09-27 14:14:14] [PROGRESS] resolve files> Scanning /Users/macbook/Octo/.claude/worktrees/wonderful-spence-08433c/modules/analytics/build/reports/ktlint/ktlintKotlinScriptCheck...
[2026-09-27 14:14:14] [PROGRESS] resolve files> Scanning /Users/macbook/Octo/.claude/worktrees/wonderful-spence-08433c/modules/analytics/build/reports/ktlint/ktlintMainSourceSetCheck...
[2026-09-27 14:14:14] [PROGRESS] resolve files> Scanning /Users/macbook/Octo/.claude/worktrees/wonderful-spence-08433c/modules/analytics/build/reports/ktlint/ktlintTestSourceSetCheck...
[2026-09-27 14:14:14] [PROGRESS] resolve files> Scanning /Users/macbook/Octo/.claude/worktrees/wonderful-spence-08433c/modules/analytics/build/reports/tests...
[2026-09-27 14:14:14] [PROGRESS] resolve files> Scanning /Users/macbook/Octo/.claude/worktrees/wonderful-spence-08433c/modules/analytics/build/reports/tests/test...
[2026-09-27 14:14:14] [PROGRESS] resolve files> Scanning /Users/macbook/Octo/.claude/worktrees/wonderful-spence-08433c/modules/analytics/build/reports/tests/test/4mjHda871cI...
[2026-09-27 14:14:14] [PROGRESS] resolve files> Scanning /Users/macbook/Octo/.claude/worktrees/wonderful-spence-08433c/modules/analytics/build/reports/tests/test/USj2_RSCOuM...
[2026-09-27 14:14:14] [PROGRESS] resolve files> Scanning /Users/macbook/Octo/.claude/worktrees/wonderful-spence-08433c/modules/analytics/build/reports/tests/test/UnUdSTvhf3s...
[2026-09-27 14:14:14] [PROGRESS] resolve files> Scanning /Users/macbook/Octo/.claude/worktrees/wonderful-spence-08433c/modules/analytics/build/reports/tests/test/css...
[2026-09-27 14:14:14] [PROGRESS] resolve files> Scanning /Users/macbook/Octo/.claude/worktrees/wonderful-spence-08433c/modules/analytics/build/reports/tests/test/SpXyNmwIcUg...
[2026-09-27 14:14:14] [PROGRESS] resolve files> Scanning /Users/macbook/Octo/.claude/worktrees/wonderful-spence-08433c/modules/analytics/build/reports/tests/test/js...
[2026-09-27 14:14:14] [PROGRESS] resolve files> Scanning /Users/macbook/Octo/.claude/worktrees/wonderful-spence-08433c/modules/analytics/build/reports/tests/test/mtG1DOI7bGU...
[2026-09-27 14:14:14] [PROGRESS] resolve files> Scanning /Users/macbook/Octo/.claude/worktrees/wonderful-spence-08433c/modules/analytics/build/reports/tests/test/XcOf7vphINg...
[2026-09-27 14:14:14] [PROGRESS] resolve files> Scanning /Users/macbook/Octo/.claude/worktrees/wonderful-spence-08433c/modules/analytics/build/reports/tests/test/P19TY_dvptg...
[2026-09-27 14:14:14] [PROGRESS] resolve files> Scanning /Users/macbook/Octo/.claude/worktrees/wonderful-spence-08433c/modules/analytics/build/reports/tests/test/1HXzU6EDaOU...
[2026-09-27 14:14:14] [PROGRESS] resolve files> Scanning /Users/macbook/Octo/.claude/worktrees/wonderful-spence-08433c/modules/analytics/build/reports/tests/test/xtnTuAbVtuI...
[2026-09-27 14:14:14] [PROGRESS] resolve files> Scanning /Users/macbook/Octo/.claude/worktrees/wonderful-spence-08433c/modules/analytics/build/reports/tests/test/pXP8lNKIT80...
[2026-09-27 14:14:14] [PROGRESS] resolve files> Scanning /Users/macbook/Octo/.claude/worktrees/wonderful-spence-08433c/modules/analytics/build/reports/tests/test/8F37yvRK1O4...
[2026-09-27 14:14:14] [PROGRESS] resolve files> Scanning /Users/macbook/Octo/.claude/worktrees/wonderful-spence-08433c/modules/analytics/build/reports/tests/test/2cEDaVw8vRI...
[2026-09-27 14:14:14] [PROGRESS] resolve files> Scanning /Users/macbook/Octo/.claude/worktrees/wonderful-spence-08433c/modules/analytics/build/reports/tests/test/wowX2Lhy5mQ...
[2026-09-27 14:14:14] [PROGRESS] resolve files> Scanning /Users/macbook/Octo/.claude/worktrees/wonderful-spence-08433c/modules/analytics/build/reports/tests/test/A4HPPgyqiTU...
[2026-09-27 14:14:14] [PROGRESS] resolve files> Scanning /Users/macbook/Octo/.claude/worktrees/wonderful-spence-08433c/modules/analytics/build/reports/tests/test/xZ0_URD86n0...
[2026-09-27 14:14:14] [PROGRESS] resolve files> Scanning /Users/macbook/Octo/.claude/worktrees/wonderful-spence-08433c/modules/analytics/src...
[2026-09-27 14:14:14] [PROGRESS] resolve files> Scanning /Users/macbook/Octo/.claude/worktrees/wonderful-spence-08433c/modules/analytics/src/test...
[2026-09-27 14:14:14] [PROGRESS] resolve files> Scanning /Users/macbook/Octo/.claude/worktrees/wonderful-spence-08433c/modules/analytics/src/test/kotlin...
[2026-09-27 14:14:14] [PROGRESS] resolve files> Scanning /Users/macbook/Octo/.claude/worktrees/wonderful-spence-08433c/modules/analytics/src/test/kotlin/com...
[2026-09-27 14:14:14] [PROGRESS] resolve files> Scanning /Users/macbook/Octo/.claude/worktrees/wonderful-spence-08433c/modules/analytics/src/test/kotlin/com/mesta...
[2026-09-27 14:14:14] [PROGRESS] resolve files> Scanning /Users/macbook/Octo/.claude/worktrees/wonderful-spence-08433c/modules/analytics/src/test/kotlin/com/mesta/asset...
[2026-09-27 14:14:14] [PROGRESS] resolve files> Scanning /Users/macbook/Octo/.claude/worktrees/wonderful-spence-08433c/modules/analytics/src/test/kotlin/com/mesta/asset/analytics...
[2026-09-27 14:14:14] [PROGRESS] resolve files> Scanning /Users/macbook/Octo/.claude/worktrees/wonderful-spence-08433c/modules/analytics/src/main...
[2026-09-27 14:14:14] [PROGRESS] resolve files> Scanning /Users/macbook/Octo/.claude/worktrees/wonderful-spence-08433c/modules/analytics/src/main/kotlin...
[2026-09-27 14:14:14] [PROGRESS] resolve files> Scanning /Users/macbook/Octo/.claude/worktrees/wonderful-spence-08433c/modules/analytics/src/main/kotlin/com...
[2026-09-27 14:14:14] [PROGRESS] resolve files> Scanning /Users/macbook/Octo/.claude/worktrees/wonderful-spence-08433c/modules/analytics/src/main/kotlin/com/mesta...
[2026-09-27 14:14:14] [PROGRESS] resolve files> Scanning /Users/macbook/Octo/.claude/worktrees/wonderful-spence-08433c/modules/analytics/src/main/kotlin/com/mesta/asset...
[2026-09-27 14:14:14] [PROGRESS] resolve files> Scanning /Users/macbook/Octo/.claude/worktrees/wonderful-spence-08433c/modules/analytics/src/main/kotlin/com/mesta/asset/analytics...
[2026-09-27 14:14:14] [PROGRESS] resolve files> Scanning /Users/macbook/Octo/.claude/worktrees/wonderful-spence-08433c/modules/analytics/src/main/kotlin/com/mesta/asset/analytics/persistence...
[2026-09-27 14:14:14] [PROGRESS] resolve files> Scanning /Users/macbook/Octo/docs...
[2026-09-27 14:14:14] [PROGRESS] resolve files> Scanning /Users/macbook/Octo/docs/adr...
[2026-09-27 14:14:14] [PROGRESS] resolve files> Scanning /Users/macbook/Octo/ontology...
[2026-09-27 14:14:14] [PROGRESS] resolve files> Scanning /Users/macbook/Octo/ontology/samples...
[2026-09-27 14:14:14] [PROGRESS] resolve files> Scanning /Users/macbook/Octo/ontology/samples/valid...
[2026-09-27 14:14:14] [PROGRESS] resolve files> Scanning /Users/macbook/Octo/ontology/samples/invalid...
[2026-09-27 14:14:14] [PROGRESS] resolve files> Scanning /Users/macbook/Octo/gradle...
[2026-09-27 14:14:14] [PROGRESS] resolve files> Scanning /Users/macbook/Octo/gradle/wrapper...
[2026-09-27 14:14:14] [PROGRESS] resolve files> Scanning /Users/macbook/Octo/.github...
[2026-09-27 14:14:14] [PROGRESS] resolve files> Scanning /Users/macbook/Octo/.github/workflows...
[2026-09-27 14:14:14] [PROGRESS] resolve files> Scanning /Users/macbook/Octo/.gradle...
[2026-09-27 14:14:14] [PROGRESS] resolve files> Scanning /Users/macbook/Octo/.gradle/vcs-1...
[2026-09-27 14:14:14] [PROGRESS] resolve files> Scanning /Users/macbook/Octo/.gradle/buildOutputCleanup...
[2026-09-27 14:14:14] [PROGRESS] resolve files> Scanning /Users/macbook/Octo/.gradle/9.4.1...
[2026-09-27 14:14:14] [PROGRESS] resolve files> Scanning /Users/macbook/Octo/.gradle/9.4.1/expanded...
[2026-09-27 14:14:14] [PROGRESS] resolve files> Scanning /Users/macbook/Octo/.gradle/9.4.1/executionHistory...
[2026-09-27 14:14:14] [PROGRESS] resolve files> Scanning /Users/macbook/Octo/.gradle/9.4.1/fileChanges...
[2026-09-27 14:14:14] [PROGRESS] resolve files> Scanning /Users/macbook/Octo/.gradle/9.4.1/checksums...
[2026-09-27 14:14:14] [PROGRESS] resolve files> Scanning /Users/macbook/Octo/.gradle/9.4.1/vcsMetadata...
[2026-09-27 14:14:14] [PROGRESS] resolve files> Scanning /Users/macbook/Octo/.gradle/9.4.1/fileHashes...
[2026-09-27 14:14:14] [PROGRESS] resolve files> Scanning /Users/macbook/Octo/db...
[2026-09-27 14:14:14] [PROGRESS] resolve files> Scanning /Users/macbook/Octo/db/migrations...
[2026-09-27 14:14:14] [PROGRESS] resolve files> Scanning /Users/macbook/Octo/build...
[2026-09-27 14:14:14] [PROGRESS] resolve files> Scanning /Users/macbook/Octo/build/reports...
[2026-09-27 14:14:14] [PROGRESS] resolve files> Scanning /Users/macbook/Octo/build/reports/problems...
[2026-09-27 14:14:14] [PROGRESS] resolve files> Scanning /Users/macbook/Octo/.git...
[2026-09-27 14:14:14] [PROGRESS] resolve files> Scanning /Users/macbook/Octo/.git/objects...
[2026-09-27 14:14:14] [PROGRESS] resolve files> Scanning /Users/macbook/Octo/.git/objects/61...
[2026-09-27 14:14:14] [PROGRESS] resolve files> Scanning /Users/macbook/Octo/.git/objects/0d...
[2026-09-27 14:14:14] [PROGRESS] resolve files> Scanning /Users/macbook/Octo/.git/objects/95...
[2026-09-27 14:14:14] [PROGRESS] resolve files> Scanning /Users/macbook/Octo/.git/objects/59...
[2026-09-27 14:14:14] [PROGRESS] resolve files> Scanning /Users/macbook/Octo/.git/objects/92...
[2026-09-27 14:14:14] [PROGRESS] resolve files> Scanning /Users/macbook/Octo/.git/objects/0c...
[2026-09-27 14:14:14] [PROGRESS] resolve files> Scanning /Users/macbook/Octo/.git/objects/66...
[2026-09-27 14:14:14] [PROGRESS] resolve files> Scanning /Users/macbook/Octo/.git/objects/3e...
[2026-09-27 14:14:14] [PROGRESS] resolve files> Scanning /Users/macbook/Octo/.git/objects/50...
[2026-09-27 14:14:14] [PROGRESS] resolve files> Scanning /Users/macbook/Octo/.git/objects/68...
[2026-09-27 14:14:14] [PROGRESS] resolve files> Scanning /Users/macbook/Octo/.git/objects/57...
[2026-09-27 14:14:14] [PROGRESS] resolve files> Scanning /Users/macbook/Octo/.git/objects/3b...
[2026-09-27 14:14:14] [PROGRESS] resolve files> Scanning /Users/macbook/Octo/.git/objects/6f...
[2026-09-27 14:14:14] [PROGRESS] resolve files> Scanning /Users/macbook/Octo/.git/objects/03...
[2026-09-27 14:14:14] [PROGRESS] resolve files> Scanning /Users/macbook/Octo/.git/objects/9b...
[2026-09-27 14:14:14] [PROGRESS] resolve files> Scanning /Users/macbook/Octo/.git/objects/9e...
[2026-09-27 14:14:14] [PROGRESS] resolve files> Scanning /Users/macbook/Octo/.git/objects/04...
[2026-09-27 14:14:14] [PROGRESS] resolve files> Scanning /Users/macbook/Octo/.git/objects/6a...
[2026-09-27 14:14:14] [PROGRESS] resolve files> Scanning /Users/macbook/Octo/.git/objects/32...
[2026-09-27 14:14:14] [PROGRESS] resolve files> Scanning /Users/macbook/Octo/.git/objects/35...
[2026-09-27 14:14:14] [PROGRESS] resolve files> Scanning /Users/macbook/Octo/.git/objects/69...
[2026-09-27 14:14:14] [PROGRESS] resolve files> Scanning /Users/macbook/Octo/.git/objects/3c...
[2026-09-27 14:14:14] [PROGRESS] resolve files> Scanning /Users/macbook/Octo/.git/objects/56...
[2026-09-27 14:14:14] [PROGRESS] resolve files> Scanning /Users/macbook/Octo/.git/objects/51...
[2026-09-27 14:14:14] [PROGRESS] resolve files> Scanning /Users/macbook/Octo/.git/objects/3d...
[2026-09-27 14:14:14] [PROGRESS] resolve files> Scanning /Users/macbook/Octo/.git/objects/58...
[2026-09-27 14:14:14] [PROGRESS] resolve files> Scanning /Users/macbook/Octo/.git/objects/67...
[2026-09-27 14:14:14] [PROGRESS] resolve files> Scanning /Users/macbook/Octo/.git/objects/0b...
[2026-09-27 14:14:14] [PROGRESS] resolve files> Scanning /Users/macbook/Octo/.git/objects/93...
[2026-09-27 14:14:14] [PROGRESS] resolve files> Scanning /Users/macbook/Octo/.git/objects/94...
[2026-09-27 14:14:14] [PROGRESS] resolve files> Scanning /Users/macbook/Octo/.git/objects/0e...
[2026-09-27 14:14:14] [PROGRESS] resolve files> Scanning /Users/macbook/Octo/.git/objects/60...
[2026-09-27 14:14:14] [PROGRESS] resolve files> Scanning /Users/macbook/Octo/.git/objects/34...
[2026-09-27 14:14:14] [PROGRESS] resolve files> Scanning /Users/macbook/Octo/.git/objects/5a...
[2026-09-27 14:14:14] [PROGRESS] resolve files> Scanning /Users/macbook/Octo/.git/objects/5f...
[2026-09-27 14:14:14] [PROGRESS] resolve files> Scanning /Users/macbook/Octo/.git/objects/33...
[2026-09-27 14:14:14] [PROGRESS] resolve files> Scanning /Users/macbook/Octo/.git/objects/05...
[2026-09-27 14:14:14] [PROGRESS] resolve files> Scanning /Users/macbook/Octo/.git/objects/9d...
[2026-09-27 14:14:14] [PROGRESS] resolve files> Scanning /Users/macbook/Octo/.git/objects/9c...
[2026-09-27 14:14:14] [PROGRESS] resolve files> Scanning /Users/macbook/Octo/.git/objects/02...
[2026-09-27 14:14:14] [PROGRESS] resolve files> Scanning /Users/macbook/Octo/.git/objects/a4...
[2026-09-27 14:14:14] [PROGRESS] resolve files> Scanning /Users/macbook/Octo/.git/objects/a3...
[2026-09-27 14:14:14] [PROGRESS] resolve files> Scanning /Users/macbook/Octo/.git/objects/b5...
[2026-09-27 14:14:14] [PROGRESS] resolve files> Scanning /Users/macbook/Octo/.git/objects/b2...
[2026-09-27 14:14:14] [PROGRESS] resolve files> Scanning /Users/macbook/Octo/.git/objects/d9...
[2026-09-27 14:14:14] [PROGRESS] resolve files> Scanning /Users/macbook/Octo/.git/objects/ac...
[2026-09-27 14:14:14] [PROGRESS] resolve files> Scanning /Users/macbook/Octo/.git/objects/ad...
[2026-09-27 14:14:14] [PROGRESS] resolve files> Scanning /Users/macbook/Octo/.git/objects/bb...
[2026-09-27 14:14:14] [PROGRESS] resolve files> Scanning /Users/macbook/Octo/.git/objects/d7...
[2026-09-27 14:14:14] [PROGRESS] resolve files> Scanning /Users/macbook/Octo/.git/objects/d0...
[2026-09-27 14:14:14] [PROGRESS] resolve files> Scanning /Users/macbook/Octo/.git/objects/be...
[2026-09-27 14:14:14] [PROGRESS] resolve files> Scanning /Users/macbook/Octo/.git/objects/b3...
[2026-09-27 14:14:14] [PROGRESS] resolve files> Scanning /Users/macbook/Octo/.git/objects/df...
[2026-09-27 14:14:14] [PROGRESS] resolve files> Scanning /Users/macbook/Octo/.git/objects/da...
[2026-09-27 14:14:14] [PROGRESS] resolve files> Scanning /Users/macbook/Octo/.git/objects/b4...
[2026-09-27 14:14:14] [PROGRESS] resolve files> Scanning /Users/macbook/Octo/.git/objects/a2...
[2026-09-27 14:14:14] [PROGRESS] resolve files> Scanning /Users/macbook/Octo/.git/objects/a5...
[2026-09-27 14:14:14] [PROGRESS] resolve files> Scanning /Users/macbook/Octo/.git/objects/bd...
[2026-09-27 14:14:14] [PROGRESS] resolve files> Scanning /Users/macbook/Octo/.git/objects/d1...
[2026-09-27 14:14:14] [PROGRESS] resolve files> Scanning /Users/macbook/Octo/.git/objects/d6...
[2026-09-27 14:14:14] [PROGRESS] resolve files> Scanning /Users/macbook/Octo/.git/objects/bc...
[2026-09-27 14:14:14] [PROGRESS] resolve files> Scanning /Users/macbook/Octo/.git/objects/ae...
[2026-09-27 14:14:14] [PROGRESS] resolve files> Scanning /Users/macbook/Octo/.git/objects/d8...
[2026-09-27 14:14:14] [PROGRESS] resolve files> Scanning /Users/macbook/Octo/.git/objects/ab...
[2026-09-27 14:14:14] [PROGRESS] resolve files> Scanning /Users/macbook/Octo/.git/objects/e5...
[2026-09-27 14:14:14] [PROGRESS] resolve files> Scanning /Users/macbook/Octo/.git/objects/e2...
[2026-09-27 14:14:14] [PROGRESS] resolve files> Scanning /Users/macbook/Octo/.git/objects/f4...
[2026-09-27 14:14:14] [PROGRESS] resolve files> Scanning /Users/macbook/Octo/.git/objects/f3...
[2026-09-27 14:14:14] [PROGRESS] resolve files> Scanning /Users/macbook/Octo/.git/objects/eb...
[2026-09-27 14:14:14] [PROGRESS] resolve files> Scanning /Users/macbook/Octo/.git/objects/c7...
[2026-09-27 14:14:14] [PROGRESS] resolve files> Scanning /Users/macbook/Octo/.git/objects/c0...
[2026-09-27 14:14:14] [PROGRESS] resolve files> Scanning /Users/macbook/Octo/.git/objects/ee...
[2026-09-27 14:14:14] [PROGRESS] resolve files> Scanning /Users/macbook/Octo/.git/objects/c9...
[2026-09-27 14:14:14] [PROGRESS] resolve files> Scanning /Users/macbook/Octo/.git/objects/fc...
[2026-09-27 14:14:14] [PROGRESS] resolve files> Scanning /Users/macbook/Octo/.git/objects/fd...
[2026-09-27 14:14:14] [PROGRESS] resolve files> Scanning /Users/macbook/Octo/.git/objects/f2...
[2026-09-27 14:14:14] [PROGRESS] resolve files> Scanning /Users/macbook/Octo/.git/objects/f5...
[2026-09-27 14:14:14] [PROGRESS] resolve files> Scanning /Users/macbook/Octo/.git/objects/e3...
[2026-09-27 14:14:14] [PROGRESS] resolve files> Scanning /Users/macbook/Octo/.git/objects/cf...
[2026-09-27 14:14:14] [PROGRESS] resolve files> Scanning /Users/macbook/Octo/.git/objects/ca...
[2026-09-27 14:14:14] [PROGRESS] resolve files> Scanning /Users/macbook/Octo/.git/objects/e4...
[2026-09-27 14:14:14] [PROGRESS] resolve files> Scanning /Users/macbook/Octo/.git/objects/fe...
[2026-09-27 14:14:14] [PROGRESS] resolve files> Scanning /Users/macbook/Octo/.git/objects/c8...
[2026-09-27 14:14:14] [PROGRESS] resolve files> Scanning /Users/macbook/Octo/.git/objects/fb...
[2026-09-27 14:14:14] [PROGRESS] resolve files> Scanning /Users/macbook/Octo/.git/objects/ed...
[2026-09-27 14:14:14] [PROGRESS] resolve files> Scanning /Users/macbook/Octo/.git/objects/c1...
[2026-09-27 14:14:14] [PROGRESS] resolve files> Scanning /Users/macbook/Octo/.git/objects/c6...
[2026-09-27 14:14:14] [PROGRESS] resolve files> Scanning /Users/macbook/Octo/.git/objects/ec...
[2026-09-27 14:14:14] [PROGRESS] resolve files> Scanning /Users/macbook/Octo/.git/objects/4e...
[2026-09-27 14:14:14] [PROGRESS] resolve files> Scanning /Users/macbook/Octo/.git/objects/20...
[2026-09-27 14:14:14] [PROGRESS] resolve files> Scanning /Users/macbook/Octo/.git/objects/18...
[2026-09-27 14:14:14] [PROGRESS] resolve files> Scanning /Users/macbook/Octo/.git/objects/27...
[2026-09-27 14:14:14] [PROGRESS] resolve files> Scanning /Users/macbook/Octo/.git/objects/4b...
[2026-09-27 14:14:14] [PROGRESS] resolve files> Scanning /Users/macbook/Octo/.git/objects/pack...
[2026-09-27 14:14:14] [PROGRESS] resolve files> Scanning /Users/macbook/Octo/.git/objects/11...
[2026-09-27 14:14:14] [PROGRESS] resolve files> Scanning /Users/macbook/Octo/.git/objects/7d...
[2026-09-27 14:14:14] [PROGRESS] resolve files> Scanning /Users/macbook/Octo/.git/objects/29...
[2026-09-27 14:14:14] [PROGRESS] resolve files> Scanning /Users/macbook/Octo/.git/objects/7c...
[2026-09-27 14:14:14] [PROGRESS] resolve files> Scanning /Users/macbook/Octo/.git/objects/16...
[2026-09-27 14:14:14] [PROGRESS] resolve files> Scanning /Users/macbook/Octo/.git/objects/42...
[2026-09-27 14:14:14] [PROGRESS] resolve files> Scanning /Users/macbook/Octo/.git/objects/89...
[2026-09-27 14:14:14] [PROGRESS] resolve files> Scanning /Users/macbook/Octo/.git/objects/45...
[2026-09-27 14:14:14] [PROGRESS] resolve files> Scanning /Users/macbook/Octo/.git/objects/1f...
[2026-09-27 14:14:14] [PROGRESS] resolve files> Scanning /Users/macbook/Octo/.git/objects/73...
[2026-09-27 14:14:14] [PROGRESS] resolve files> Scanning /Users/macbook/Octo/.git/objects/87...
[2026-09-27 14:14:14] [PROGRESS] resolve files> Scanning /Users/macbook/Octo/.git/objects/80...
[2026-09-27 14:14:14] [PROGRESS] resolve files> Scanning /Users/macbook/Octo/.git/objects/74...
[2026-09-27 14:14:14] [PROGRESS] resolve files> Scanning /Users/macbook/Octo/.git/objects/1a...
[2026-09-27 14:14:14] [PROGRESS] resolve files> Scanning /Users/macbook/Octo/.git/objects/28...
[2026-09-27 14:14:14] [PROGRESS] resolve files> Scanning /Users/macbook/Octo/.git/objects/17...
[2026-09-27 14:14:14] [PROGRESS] resolve files> Scanning /Users/macbook/Octo/.git/objects/7b...
[2026-09-27 14:14:14] [PROGRESS] resolve files> Scanning /Users/macbook/Octo/.git/objects/8f...
[2026-09-27 14:14:14] [PROGRESS] resolve files> Scanning /Users/macbook/Octo/.git/objects/8a...
[2026-09-27 14:14:14] [PROGRESS] resolve files> Scanning /Users/macbook/Octo/.git/objects/7e...
[2026-09-27 14:14:14] [PROGRESS] resolve files> Scanning /Users/macbook/Octo/.git/objects/10...
[2026-09-27 14:14:14] [PROGRESS] resolve files> Scanning /Users/macbook/Octo/.git/objects/19...
[2026-09-27 14:14:14] [PROGRESS] resolve files> Scanning /Users/macbook/Octo/.git/objects/4c...
[2026-09-27 14:14:14] [PROGRESS] resolve files> Scanning /Users/macbook/Octo/.git/objects/26...
[2026-09-27 14:14:14] [PROGRESS] resolve files> Scanning /Users/macbook/Octo/.git/objects/21...
[2026-09-27 14:14:14] [PROGRESS] resolve files> Scanning /Users/macbook/Octo/.git/objects/4d...
[2026-09-27 14:14:14] [PROGRESS] resolve files> Scanning /Users/macbook/Octo/.git/objects/75...
[2026-09-27 14:14:14] [PROGRESS] resolve files> Scanning /Users/macbook/Octo/.git/objects/81...
[2026-09-27 14:14:14] [PROGRESS] resolve files> Scanning /Users/macbook/Octo/.git/objects/86...
[2026-09-27 14:14:14] [PROGRESS] resolve files> Scanning /Users/macbook/Octo/.git/objects/72...
[2026-09-27 14:14:14] [PROGRESS] resolve files> Scanning /Users/macbook/Octo/.git/objects/44...
[2026-09-27 14:14:14] [PROGRESS] resolve files> Scanning /Users/macbook/Octo/.git/objects/2a...
[2026-09-27 14:14:14] [PROGRESS] resolve files> Scanning /Users/macbook/Octo/.git/objects/2f...
[2026-09-27 14:14:14] [PROGRESS] resolve files> Scanning /Users/macbook/Octo/.git/objects/43...
[2026-09-27 14:14:14] [PROGRESS] resolve files> Scanning /Users/macbook/Octo/.git/objects/88...
[2026-09-27 14:14:14] [PROGRESS] resolve files> Scanning /Users/macbook/Octo/.git/objects/9f...
[2026-09-27 14:14:14] [PROGRESS] resolve files> Scanning /Users/macbook/Octo/.git/objects/6b...
[2026-09-27 14:14:14] [PROGRESS] resolve files> Scanning /Users/macbook/Octo/.git/objects/07...
[2026-09-27 14:14:14] [PROGRESS] resolve files> Scanning /Users/macbook/Octo/.git/objects/38...
[2026-09-27 14:14:14] [PROGRESS] resolve files> Scanning /Users/macbook/Octo/.git/objects/00...
[2026-09-27 14:14:14] [PROGRESS] resolve files> Scanning /Users/macbook/Octo/.git/objects/6e...
[2026-09-27 14:14:14] [PROGRESS] resolve files> Scanning /Users/macbook/Octo/.git/objects/9a...
[2026-09-27 14:14:14] [PROGRESS] resolve files> Scanning /Users/macbook/Octo/.git/objects/36...
[2026-09-27 14:14:14] [PROGRESS] resolve files> Scanning /Users/macbook/Octo/.git/objects/5c...
[2026-09-27 14:14:14] [PROGRESS] resolve files> Scanning /Users/macbook/Octo/.git/objects/09...
[2026-09-27 14:14:14] [PROGRESS] resolve files> Scanning /Users/macbook/Octo/.git/objects/5d...
[2026-09-27 14:14:14] [PROGRESS] resolve files> Scanning /Users/macbook/Octo/.git/objects/31...
[2026-09-27 14:14:14] [PROGRESS] resolve files> Scanning /Users/macbook/Octo/.git/objects/info...
[2026-09-27 14:14:14] [PROGRESS] resolve files> Scanning /Users/macbook/Octo/.git/objects/91...
[2026-09-27 14:14:14] [PROGRESS] resolve files> Scanning /Users/macbook/Octo/.git/objects/65...
[2026-09-27 14:14:14] [PROGRESS] resolve files> Scanning /Users/macbook/Octo/.git/objects/62...
[2026-09-27 14:14:14] [PROGRESS] resolve files> Scanning /Users/macbook/Octo/.git/objects/96...
[2026-09-27 14:14:14] [PROGRESS] resolve files> Scanning /Users/macbook/Octo/.git/objects/3a...
[2026-09-27 14:14:14] [PROGRESS] resolve files> Scanning /Users/macbook/Octo/.git/objects/54...
[2026-09-27 14:14:14] [PROGRESS] resolve files> Scanning /Users/macbook/Octo/.git/objects/98...
[2026-09-27 14:14:14] [PROGRESS] resolve files> Scanning /Users/macbook/Octo/.git/objects/53...
[2026-09-27 14:14:14] [PROGRESS] resolve files> Scanning /Users/macbook/Octo/.git/objects/3f...
[2026-09-27 14:14:14] [PROGRESS] resolve files> Scanning /Users/macbook/Octo/.git/objects/30...
[2026-09-27 14:14:14] [PROGRESS] resolve files> Scanning /Users/macbook/Octo/.git/objects/5e...
[2026-09-27 14:14:14] [PROGRESS] resolve files> Scanning /Users/macbook/Octo/.git/objects/5b...
[2026-09-27 14:14:14] [PROGRESS] resolve files> Scanning /Users/macbook/Octo/.git/objects/37...
[2026-09-27 14:14:14] [PROGRESS] resolve files> Scanning /Users/macbook/Octo/.git/objects/08...
[2026-09-27 14:14:14] [PROGRESS] resolve files> Scanning /Users/macbook/Octo/.git/objects/6d...
[2026-09-27 14:14:14] [PROGRESS] resolve files> Scanning /Users/macbook/Octo/.git/objects/01...
[2026-09-27 14:14:14] [PROGRESS] resolve files> Scanning /Users/macbook/Octo/.git/objects/06...
[2026-09-27 14:14:14] [PROGRESS] resolve files> Scanning /Users/macbook/Octo/.git/objects/6c...
[2026-09-27 14:14:14] [PROGRESS] resolve files> Scanning /Users/macbook/Octo/.git/objects/39...
[2026-09-27 14:14:14] [PROGRESS] resolve files> Scanning /Users/macbook/Octo/.git/objects/99...
[2026-09-27 14:14:14] [PROGRESS] resolve files> Scanning /Users/macbook/Octo/.git/objects/52...
[2026-09-27 14:14:14] [PROGRESS] resolve files> Scanning /Users/macbook/Octo/.git/objects/55...
[2026-09-27 14:14:14] [PROGRESS] resolve files> Scanning /Users/macbook/Octo/.git/objects/97...
[2026-09-27 14:14:14] [PROGRESS] resolve files> Scanning /Users/macbook/Octo/.git/objects/63...
[2026-09-27 14:14:14] [PROGRESS] resolve files> Scanning /Users/macbook/Octo/.git/objects/0f...
[2026-09-27 14:14:14] [PROGRESS] resolve files> Scanning /Users/macbook/Octo/.git/objects/0a...
[2026-09-27 14:14:14] [PROGRESS] resolve files> Scanning /Users/macbook/Octo/.git/objects/64...
[2026-09-27 14:14:14] [PROGRESS] resolve files> Scanning /Users/macbook/Octo/.git/objects/90...
[2026-09-27 14:14:14] [PROGRESS] resolve files> Scanning /Users/macbook/Octo/.git/objects/bf...
[2026-09-27 14:14:14] [PROGRESS] resolve files> Scanning /Users/macbook/Octo/.git/objects/d3...
[2026-09-27 14:14:14] [PROGRESS] resolve files> Scanning /Users/macbook/Octo/.git/objects/d4...
[2026-09-27 14:14:14] [PROGRESS] resolve files> Scanning /Users/macbook/Octo/.git/objects/ba...
[2026-09-27 14:14:14] [PROGRESS] resolve files> Scanning /Users/macbook/Octo/.git/objects/a0...
[2026-09-27 14:14:14] [PROGRESS] resolve files> Scanning /Users/macbook/Octo/.git/objects/a7...
[2026-09-27 14:14:14] [PROGRESS] resolve files> Scanning /Users/macbook/Octo/.git/objects/b8...
[2026-09-27 14:14:14] [PROGRESS] resolve files> Scanning /Users/macbook/Octo/.git/objects/b1...
[2026-09-27 14:14:14] [PROGRESS] resolve files> Scanning /Users/macbook/Octo/.git/objects/dd...
[2026-09-27 14:14:14] [PROGRESS] resolve files> Scanning /Users/macbook/Octo/.git/objects/dc...
[2026-09-27 14:14:14] [PROGRESS] resolve files> Scanning /Users/macbook/Octo/.git/objects/b6...
[2026-09-27 14:14:14] [PROGRESS] resolve files> Scanning /Users/macbook/Octo/.git/objects/a9...
[2026-09-27 14:14:14] [PROGRESS] resolve files> Scanning /Users/macbook/Octo/.git/objects/d5...
[2026-09-27 14:14:14] [PROGRESS] resolve files> Scanning /Users/macbook/Octo/.git/objects/d2...
[2026-09-27 14:14:14] [PROGRESS] resolve files> Scanning /Users/macbook/Octo/.git/objects/aa...
[2026-09-27 14:14:14] [PROGRESS] resolve files> Scanning /Users/macbook/Octo/.git/objects/af...
[2026-09-27 14:14:14] [PROGRESS] resolve files> Scanning /Users/macbook/Octo/.git/objects/b7...
[2026-09-27 14:14:14] [PROGRESS] resolve files> Scanning /Users/macbook/Octo/.git/objects/db...
[2026-09-27 14:14:14] [PROGRESS] resolve files> Scanning /Users/macbook/Octo/.git/objects/a8...
[2026-09-27 14:14:14] [PROGRESS] resolve files> Scanning /Users/macbook/Octo/.git/objects/de...
[2026-09-27 14:14:14] [PROGRESS] resolve files> Scanning /Users/macbook/Octo/.git/objects/b0...
[2026-09-27 14:14:14] [PROGRESS] resolve files> Scanning /Users/macbook/Octo/.git/objects/a6...
[2026-09-27 14:14:14] [PROGRESS] resolve files> Scanning /Users/macbook/Octo/.git/objects/b9...
[2026-09-27 14:14:14] [PROGRESS] resolve files> Scanning /Users/macbook/Octo/.git/objects/a1...
[2026-09-27 14:14:14] [PROGRESS] resolve files> Scanning /Users/macbook/Octo/.git/objects/ef...
[2026-09-27 14:14:14] [PROGRESS] resolve files> Scanning /Users/macbook/Octo/.git/objects/c3...
[2026-09-27 14:14:14] [PROGRESS] resolve files> Scanning /Users/macbook/Octo/.git/objects/c4...
[2026-09-27 14:14:14] [PROGRESS] resolve files> Scanning /Users/macbook/Octo/.git/objects/ea...
[2026-09-27 14:14:14] [PROGRESS] resolve files> Scanning /Users/macbook/Octo/.git/objects/e1...
[2026-09-27 14:14:14] [PROGRESS] resolve files> Scanning /Users/macbook/Octo/.git/objects/cd...
[2026-09-27 14:14:14] [PROGRESS] resolve files> Scanning /Users/macbook/Octo/.git/objects/cc...
[2026-09-27 14:14:14] [PROGRESS] resolve files> Scanning /Users/macbook/Octo/.git/objects/e6...
[2026-09-27 14:14:14] [PROGRESS] resolve files> Scanning /Users/macbook/Octo/.git/objects/f9...
[2026-09-27 14:14:14] [PROGRESS] resolve files> Scanning /Users/macbook/Octo/.git/objects/f0...
[2026-09-27 14:14:14] [PROGRESS] resolve files> Scanning /Users/macbook/Octo/.git/objects/f7...
[2026-09-27 14:14:14] [PROGRESS] resolve files> Scanning /Users/macbook/Octo/.git/objects/e8...
[2026-09-27 14:14:14] [PROGRESS] resolve files> Scanning /Users/macbook/Octo/.git/objects/fa...
[2026-09-27 14:14:14] [PROGRESS] resolve files> Scanning /Users/macbook/Octo/.git/objects/ff...
[2026-09-27 14:14:14] [PROGRESS] resolve files> Scanning /Users/macbook/Octo/.git/objects/c5...
[2026-09-27 14:14:14] [PROGRESS] resolve files> Scanning /Users/macbook/Octo/.git/objects/c2...
[2026-09-27 14:14:14] [PROGRESS] resolve files> Scanning /Users/macbook/Octo/.git/objects/f6...
[2026-09-27 14:14:14] [PROGRESS] resolve files> Scanning /Users/macbook/Octo/.git/objects/e9...
[2026-09-27 14:14:14] [PROGRESS] resolve files> Scanning /Users/macbook/Octo/.git/objects/f1...
[2026-09-27 14:14:14] [PROGRESS] resolve files> Scanning /Users/macbook/Octo/.git/objects/e7...
[2026-09-27 14:14:14] [PROGRESS] resolve files> Scanning /Users/macbook/Octo/.git/objects/cb...
[2026-09-27 14:14:14] [PROGRESS] resolve files> Scanning /Users/macbook/Octo/.git/objects/f8...
[2026-09-27 14:14:14] [PROGRESS] resolve files> Scanning /Users/macbook/Octo/.git/objects/ce...
[2026-09-27 14:14:14] [PROGRESS] resolve files> Scanning /Users/macbook/Octo/.git/objects/e0...
[2026-09-27 14:14:14] [PROGRESS] resolve files> Scanning /Users/macbook/Octo/.git/objects/46...
[2026-09-27 14:14:14] [PROGRESS] resolve files> Scanning /Users/macbook/Octo/.git/objects/2c...
[2026-09-27 14:14:14] [PROGRESS] resolve files> Scanning /Users/macbook/Octo/.git/objects/79...
[2026-09-27 14:14:14] [PROGRESS] resolve files> Scanning /Users/macbook/Octo/.git/objects/2d...
[2026-09-27 14:14:14] [PROGRESS] resolve files> Scanning /Users/macbook/Octo/.git/objects/41...
[2026-09-27 14:14:14] [PROGRESS] resolve files> Scanning /Users/macbook/Octo/.git/objects/83...
[2026-09-27 14:14:14] [PROGRESS] resolve files> Scanning /Users/macbook/Octo/.git/objects/1b...
[2026-09-27 14:14:14] [PROGRESS] resolve files> Scanning /Users/macbook/Octo/.git/objects/77...
[2026-09-27 14:14:14] [PROGRESS] resolve files> Scanning /Users/macbook/Octo/.git/objects/48...
[2026-09-27 14:14:14] [PROGRESS] resolve files> Scanning /Users/macbook/Octo/.git/objects/70...
[2026-09-27 14:14:14] [PROGRESS] resolve files> Scanning /Users/macbook/Octo/.git/objects/1e...
[2026-09-27 14:14:14] [PROGRESS] resolve files> Scanning /Users/macbook/Octo/.git/objects/84...
[2026-09-27 14:14:14] [PROGRESS] resolve files> Scanning /Users/macbook/Octo/.git/objects/4a...
[2026-09-27 14:14:14] [PROGRESS] resolve files> Scanning /Users/macbook/Octo/.git/objects/24...
[2026-09-27 14:14:14] [PROGRESS] resolve files> Scanning /Users/macbook/Octo/.git/objects/23...
[2026-09-27 14:14:14] [PROGRESS] resolve files> Scanning /Users/macbook/Octo/.git/objects/4f...
[2026-09-27 14:14:14] [PROGRESS] resolve files> Scanning /Users/macbook/Octo/.git/objects/8d...
[2026-09-27 14:14:14] [PROGRESS] resolve files> Scanning /Users/macbook/Octo/.git/objects/15...
[2026-09-27 14:14:14] [PROGRESS] resolve files> Scanning /Users/macbook/Octo/.git/objects/12...
[2026-09-27 14:14:14] [PROGRESS] resolve files> Scanning /Users/macbook/Octo/.git/objects/8c...
[2026-09-27 14:14:14] [PROGRESS] resolve files> Scanning /Users/macbook/Octo/.git/objects/85...
[2026-09-27 14:14:14] [PROGRESS] resolve files> Scanning /Users/macbook/Octo/.git/objects/1d...
[2026-09-27 14:14:14] [PROGRESS] resolve files> Scanning /Users/macbook/Octo/.git/objects/71...
[2026-09-27 14:14:14] [PROGRESS] resolve files> Scanning /Users/macbook/Octo/.git/objects/76...
[2026-09-27 14:14:14] [PROGRESS] resolve files> Scanning /Users/macbook/Octo/.git/objects/1c...
[2026-09-27 14:14:14] [PROGRESS] resolve files> Scanning /Users/macbook/Octo/.git/objects/82...
[2026-09-27 14:14:14] [PROGRESS] resolve files> Scanning /Users/macbook/Octo/.git/objects/49...
[2026-09-27 14:14:14] [PROGRESS] resolve files> Scanning /Users/macbook/Octo/.git/objects/40...
[2026-09-27 14:14:14] [PROGRESS] resolve files> Scanning /Users/macbook/Octo/.git/objects/2e...
[2026-09-27 14:14:14] [PROGRESS] resolve files> Scanning /Users/macbook/Octo/.git/objects/2b...
[2026-09-27 14:14:14] [PROGRESS] resolve files> Scanning /Users/macbook/Octo/.git/objects/47...
[2026-09-27 14:14:14] [PROGRESS] resolve files> Scanning /Users/macbook/Octo/.git/objects/78...
[2026-09-27 14:14:14] [PROGRESS] resolve files> Scanning /Users/macbook/Octo/.git/objects/8b...
[2026-09-27 14:14:14] [PROGRESS] resolve files> Scanning /Users/macbook/Octo/.git/objects/13...
[2026-09-27 14:14:14] [PROGRESS] resolve files> Scanning /Users/macbook/Octo/.git/objects/7f...
[2026-09-27 14:14:14] [PROGRESS] resolve files> Scanning /Users/macbook/Octo/.git/objects/7a...
[2026-09-27 14:14:14] [PROGRESS] resolve files> Scanning /Users/macbook/Octo/.git/objects/14...
[2026-09-27 14:14:14] [PROGRESS] resolve files> Scanning /Users/macbook/Octo/.git/objects/8e...
[2026-09-27 14:14:14] [PROGRESS] resolve files> Scanning /Users/macbook/Octo/.git/objects/22...
[2026-09-27 14:14:14] [PROGRESS] resolve files> Scanning /Users/macbook/Octo/.git/objects/25...
[2026-09-27 14:14:14] [PROGRESS] resolve files> Scanning /Users/macbook/Octo/.git/info...
[2026-09-27 14:14:14] [PROGRESS] resolve files> Scanning /Users/macbook/Octo/.git/logs...
[2026-09-27 14:14:14] [PROGRESS] resolve files> Scanning /Users/macbook/Octo/.git/logs/refs...
[2026-09-27 14:14:14] [PROGRESS] resolve files> Scanning /Users/macbook/Octo/.git/logs/refs/heads...
[2026-09-27 14:14:14] [PROGRESS] resolve files> Scanning /Users/macbook/Octo/.git/logs/refs/heads/hotfix...
[2026-09-27 14:14:14] [PROGRESS] resolve files> Scanning /Users/macbook/Octo/.git/logs/refs/heads/feat...
[2026-09-27 14:14:14] [PROGRESS] resolve files> Scanning /Users/macbook/Octo/.git/logs/refs/heads/docs...
[2026-09-27 14:14:14] [PROGRESS] resolve files> Scanning /Users/macbook/Octo/.git/logs/refs/heads/daemon...
[2026-09-27 14:14:14] [PROGRESS] resolve files> Scanning /Users/macbook/Octo/.git/logs/refs/heads/fix...
[2026-09-27 14:14:14] [PROGRESS] resolve files> Scanning /Users/macbook/Octo/.git/logs/refs/heads/chore...
[2026-09-27 14:14:14] [PROGRESS] resolve files> Scanning /Users/macbook/Octo/.git/logs/refs/heads/backup...
[2026-09-27 14:14:14] [PROGRESS] resolve files> Scanning /Users/macbook/Octo/.git/logs/refs/remotes...
[2026-09-27 14:14:14] [PROGRESS] resolve files> Scanning /Users/macbook/Octo/.git/logs/refs/remotes/origin...
[2026-09-27 14:14:14] [PROGRESS] resolve files> Scanning /Users/macbook/Octo/.git/logs/refs/remotes/origin/hotfix...
[2026-09-27 14:14:14] [PROGRESS] resolve files> Scanning /Users/macbook/Octo/.git/logs/refs/remotes/origin/feat...
[2026-09-27 14:14:14] [PROGRESS] resolve files> Scanning /Users/macbook/Octo/.git/logs/refs/remotes/origin/docs...
[2026-09-27 14:14:14] [PROGRESS] resolve files> Scanning /Users/macbook/Octo/.git/logs/refs/remotes/origin/fix...
[2026-09-27 14:14:14] [PROGRESS] resolve files> Scanning /Users/macbook/Octo/.git/logs/refs/remotes/origin/chore...
[2026-09-27 14:14:14] [PROGRESS] resolve files> Scanning /Users/macbook/Octo/.git/logs/refs/remotes/mirror...
[2026-09-27 14:14:14] [PROGRESS] resolve files> Scanning /Users/macbook/Octo/.git/logs/refs/remotes/mirror/feat...
[2026-09-27 14:14:14] [PROGRESS] resolve files> Scanning /Users/macbook/Octo/.git/logs/refs/remotes/mirror/chore...
[2026-09-27 14:14:14] [PROGRESS] resolve files> Scanning /Users/macbook/Octo/.git/hooks...
[2026-09-27 14:14:14] [PROGRESS] resolve files> Scanning /Users/macbook/Octo/.git/worktrees...
[2026-09-27 14:14:14] [PROGRESS] resolve files> Scanning /Users/macbook/Octo/.git/worktrees/octo-api-src...
[2026-09-27 14:14:14] [PROGRESS] resolve files> Scanning /Users/macbook/Octo/.git/worktrees/octo-api-src/logs...
[2026-09-27 14:14:14] [PROGRESS] resolve files> Scanning /Users/macbook/Octo/.git/worktrees/octo-api-src/refs...
[2026-09-27 14:14:14] [PROGRESS] resolve files> Scanning /Users/macbook/Octo/.git/worktrees/octo-checklist-fix...
[2026-09-27 14:14:14] [PROGRESS] resolve files> Scanning /Users/macbook/Octo/.git/worktrees/octo-checklist-fix/logs...
[2026-09-27 14:14:14] [PROGRESS] resolve files> Scanning /Users/macbook/Octo/.git/worktrees/octo-checklist-fix/refs...
[2026-09-27 14:14:14] [PROGRESS] resolve files> Scanning /Users/macbook/Octo/.git/worktrees/octo-189-drop-typedb...
[2026-09-27 14:14:14] [PROGRESS] resolve files> Scanning /Users/macbook/Octo/.git/worktrees/octo-189-drop-typedb/logs...
[2026-09-27 14:14:14] [PROGRESS] resolve files> Scanning /Users/macbook/Octo/.git/worktrees/octo-189-drop-typedb/refs...
[2026-09-27 14:14:14] [PROGRESS] resolve files> Scanning /Users/macbook/Octo/.git/worktrees/old...
[2026-09-27 14:14:14] [PROGRESS] resolve files> Scanning /Users/macbook/Octo/.git/worktrees/old/logs...
[2026-09-27 14:14:14] [PROGRESS] resolve files> Scanning /Users/macbook/Octo/.git/worktrees/old/refs...
[2026-09-27 14:14:14] [PROGRESS] resolve files> Scanning /Users/macbook/Octo/.git/worktrees/octo-web-src...
[2026-09-27 14:14:14] [PROGRESS] resolve files> Scanning /Users/macbook/Octo/.git/worktrees/octo-web-src/logs...
[2026-09-27 14:14:14] [PROGRESS] resolve files> Scanning /Users/macbook/Octo/.git/worktrees/octo-web-src/refs...
[2026-09-27 14:14:14] [PROGRESS] resolve files> Scanning /Users/macbook/Octo/.git/worktrees/wonderful-spence-08433c...
[2026-09-27 14:14:14] [PROGRESS] resolve files> Scanning /Users/macbook/Octo/.git/worktrees/wonderful-spence-08433c/logs...
[2026-09-27 14:14:14] [PROGRESS] resolve files> Scanning /Users/macbook/Octo/.git/worktrees/wonderful-spence-08433c/refs...
[2026-09-27 14:14:14] [PROGRESS] resolve files> Scanning /Users/macbook/Octo/.git/worktrees/octo-ui...
[2026-09-27 14:14:14] [PROGRESS] resolve files> Scanning /Users/macbook/Octo/.git/worktrees/octo-ui/logs...
[2026-09-27 14:14:14] [PROGRESS] resolve files> Scanning /Users/macbook/Octo/.git/worktrees/octo-ui/refs...
[2026-09-27 14:14:14] [PROGRESS] resolve files> Scanning /Users/macbook/Octo/.git/worktrees/octo-wt-helius...
[2026-09-27 14:14:14] [PROGRESS] resolve files> Scanning /Users/macbook/Octo/.git/worktrees/octo-wt-helius/logs...
[2026-09-27 14:14:14] [PROGRESS] resolve files> Scanning /Users/macbook/Octo/.git/worktrees/octo-wt-helius/refs...
[2026-09-27 14:14:14] [PROGRESS] resolve files> Scanning /Users/macbook/Octo/.git/refs...
[2026-09-27 14:14:14] [PROGRESS] resolve files> Scanning /Users/macbook/Octo/.git/refs/heads...
[2026-09-27 14:14:14] [PROGRESS] resolve files> Scanning /Users/macbook/Octo/.git/refs/heads/hotfix...
[2026-09-27 14:14:14] [PROGRESS] resolve files> Scanning /Users/macbook/Octo/.git/refs/heads/feat...
[2026-09-27 14:14:14] [PROGRESS] resolve files> Scanning /Users/macbook/Octo/.git/refs/heads/docs...
[2026-09-27 14:14:14] [PROGRESS] resolve files> Scanning /Users/macbook/Octo/.git/refs/heads/daemon...
[2026-09-27 14:14:14] [PROGRESS] resolve files> Scanning /Users/macbook/Octo/.git/refs/heads/fix...
[2026-09-27 14:14:14] [PROGRESS] resolve files> Scanning /Users/macbook/Octo/.git/refs/heads/chore...
[2026-09-27 14:14:14] [PROGRESS] resolve files> Scanning /Users/macbook/Octo/.git/refs/heads/backup...
[2026-09-27 14:14:14] [PROGRESS] resolve files> Scanning /Users/macbook/Octo/.git/refs/tags...
[2026-09-27 14:14:14] [PROGRESS] resolve files> Scanning /Users/macbook/Octo/.git/refs/remotes...
[2026-09-27 14:14:14] [PROGRESS] resolve files> Scanning /Users/macbook/Octo/.git/refs/remotes/origin...
[2026-09-27 14:14:14] [PROGRESS] resolve files> Scanning /Users/macbook/Octo/.git/refs/remotes/origin/hotfix...
[2026-09-27 14:14:14] [PROGRESS] resolve files> Scanning /Users/macbook/Octo/.git/refs/remotes/origin/feat...
[2026-09-27 14:14:14] [PROGRESS] resolve files> Scanning /Users/macbook/Octo/.git/refs/remotes/origin/docs...
[2026-09-27 14:14:14] [PROGRESS] resolve files> Scanning /Users/macbook/Octo/.git/refs/remotes/origin/fix...
[2026-09-27 14:14:14] [PROGRESS] resolve files> Scanning /Users/macbook/Octo/.git/refs/remotes/origin/chore...
[2026-09-27 14:14:14] [PROGRESS] resolve files> Scanning /Users/macbook/Octo/.git/refs/remotes/mirror...
[2026-09-27 14:14:14] [PROGRESS] resolve files> Scanning /Users/macbook/Octo/.git/refs/remotes/mirror/feat...
[2026-09-27 14:14:14] [PROGRESS] resolve files> Scanning /Users/macbook/Octo/.git/refs/remotes/mirror/chore...
[2026-09-27 14:14:14] [PROGRESS] resolve files> Scanning /Users/macbook/Octo/modules...
[2026-09-27 14:14:14] [PROGRESS] resolve files> Scanning /Users/macbook/Octo/modules/ibor-core...
[2026-09-27 14:14:14] [PROGRESS] resolve files> Scanning /Users/macbook/Octo/modules/ibor-core/build...
[2026-09-27 14:14:14] [PROGRESS] resolve files> Scanning /Users/macbook/Octo/modules/ibor-core/build/kover...
[2026-09-27 14:14:14] [PROGRESS] resolve files> Scanning /Users/macbook/Octo/modules/ibor-core/build/kover/bin-reports...
[2026-09-27 14:14:14] [PROGRESS] resolve files> Scanning /Users/macbook/Octo/modules/ibor-core/build/classes...
[2026-09-27 14:14:14] [PROGRESS] resolve files> Scanning /Users/macbook/Octo/modules/ibor-core/build/classes/kotlin...
[2026-09-27 14:14:14] [PROGRESS] resolve files> Scanning /Users/macbook/Octo/modules/ibor-core/build/classes/kotlin/test...
[2026-09-27 14:14:14] [PROGRESS] resolve files> Scanning /Users/macbook/Octo/modules/ibor-core/build/classes/kotlin/test/META-INF...
[2026-09-27 14:14:14] [PROGRESS] resolve files> Scanning /Users/macbook/Octo/modules/ibor-core/build/classes/kotlin/test/com...
[2026-09-27 14:14:14] [PROGRESS] resolve files> Scanning /Users/macbook/Octo/modules/ibor-core/build/classes/kotlin/test/com/octo...
[2026-09-27 14:14:14] [PROGRESS] resolve files> Scanning /Users/macbook/Octo/modules/ibor-core/build/classes/kotlin/test/com/octo/iborcore...
[2026-09-27 14:14:14] [PROGRESS] resolve files> Scanning /Users/macbook/Octo/modules/ibor-core/build/classes/kotlin/main...
[2026-09-27 14:14:14] [PROGRESS] resolve files> Scanning /Users/macbook/Octo/modules/ibor-core/build/classes/kotlin/main/META-INF...
[2026-09-27 14:14:14] [PROGRESS] resolve files> Scanning /Users/macbook/Octo/modules/ibor-core/build/classes/kotlin/main/com...
[2026-09-27 14:14:14] [PROGRESS] resolve files> Scanning /Users/macbook/Octo/modules/ibor-core/build/classes/kotlin/main/com/octo...
[2026-09-27 14:14:14] [PROGRESS] resolve files> Scanning /Users/macbook/Octo/modules/ibor-core/build/classes/kotlin/main/com/octo/iborcore...
[2026-09-27 14:14:14] [PROGRESS] resolve files> Scanning /Users/macbook/Octo/modules/ibor-core/build/classes/kotlin/main/com/octo/iborcore/persistence...
[2026-09-27 14:14:14] [PROGRESS] resolve files> Scanning /Users/macbook/Octo/modules/ibor-core/build/kotlin...
[2026-09-27 14:14:14] [PROGRESS] resolve files> Scanning /Users/macbook/Octo/modules/ibor-core/build/kotlin/compileKotlin...
[2026-09-27 14:14:14] [PROGRESS] resolve files> Scanning /Users/macbook/Octo/modules/ibor-core/build/kotlin/compileKotlin/cacheable...
[2026-09-27 14:14:14] [PROGRESS] resolve files> Scanning /Users/macbook/Octo/modules/ibor-core/build/kotlin/compileKotlin/cacheable/caches-jvm...
[2026-09-27 14:14:14] [PROGRESS] resolve files> Scanning /Users/macbook/Octo/modules/ibor-core/build/kotlin/compileKotlin/cacheable/caches-jvm/lookups...
[2026-09-27 14:14:14] [PROGRESS] resolve files> Scanning /Users/macbook/Octo/modules/ibor-core/build/kotlin/compileKotlin/cacheable/caches-jvm/jvm...
[2026-09-27 14:14:14] [PROGRESS] resolve files> Scanning /Users/macbook/Octo/modules/ibor-core/build/kotlin/compileKotlin/cacheable/caches-jvm/jvm/kotlin...
[2026-09-27 14:14:14] [PROGRESS] resolve files> Scanning /Users/macbook/Octo/modules/ibor-core/build/kotlin/compileKotlin/cacheable/caches-jvm/inputs...
[2026-09-27 14:14:14] [PROGRESS] resolve files> Scanning /Users/macbook/Octo/modules/ibor-core/build/kotlin/compileKotlin/classpath-snapshot...
[2026-09-27 14:14:14] [PROGRESS] resolve files> Scanning /Users/macbook/Octo/modules/ibor-core/build/kotlin/compileKotlin/local-state...
[2026-09-27 14:14:14] [PROGRESS] resolve files> Scanning /Users/macbook/Octo/modules/ibor-core/build/kotlin/compileTestKotlin...
[2026-09-27 14:14:14] [PROGRESS] resolve files> Scanning /Users/macbook/Octo/modules/ibor-core/build/kotlin/compileTestKotlin/cacheable...
[2026-09-27 14:14:14] [PROGRESS] resolve files> Scanning /Users/macbook/Octo/modules/ibor-core/build/kotlin/compileTestKotlin/cacheable/caches-jvm...
[2026-09-27 14:14:14] [PROGRESS] resolve files> Scanning /Users/macbook/Octo/modules/ibor-core/build/kotlin/compileTestKotlin/cacheable/caches-jvm/lookups...
[2026-09-27 14:14:14] [PROGRESS] resolve files> Scanning /Users/macbook/Octo/modules/ibor-core/build/kotlin/compileTestKotlin/cacheable/caches-jvm/jvm...
[2026-09-27 14:14:14] [PROGRESS] resolve files> Scanning /Users/macbook/Octo/modules/ibor-core/build/kotlin/compileTestKotlin/cacheable/caches-jvm/jvm/kotlin...
[2026-09-27 14:14:14] [PROGRESS] resolve files> Scanning /Users/macbook/Octo/modules/ibor-core/build/kotlin/compileTestKotlin/cacheable/caches-jvm/inputs...
[2026-09-27 14:14:14] [PROGRESS] resolve files> Scanning /Users/macbook/Octo/modules/ibor-core/build/kotlin/compileTestKotlin/classpath-snapshot...
[2026-09-27 14:14:14] [PROGRESS] resolve files> Scanning /Users/macbook/Octo/modules/ibor-core/build/kotlin/compileTestKotlin/local-state...
[2026-09-27 14:14:14] [PROGRESS] resolve files> Scanning /Users/macbook/Octo/modules/ibor-core/build/libs...
[2026-09-27 14:14:14] [PROGRESS] resolve files> Scanning /Users/macbook/Octo/modules/ibor-core/build/intermediates...
[2026-09-27 14:14:14] [PROGRESS] resolve files> Scanning /Users/macbook/Octo/modules/ibor-core/build/intermediates/ktLint...
[2026-09-27 14:14:14] [PROGRESS] resolve files> Scanning /Users/macbook/Octo/modules/ibor-core/build/test-results...
[2026-09-27 14:14:14] [PROGRESS] resolve files> Scanning /Users/macbook/Octo/modules/ibor-core/build/test-results/test...
[2026-09-27 14:14:14] [PROGRESS] resolve files> Scanning /Users/macbook/Octo/modules/ibor-core/build/test-results/test/binary...
[2026-09-27 14:14:14] [PROGRESS] resolve files> Scanning /Users/macbook/Octo/modules/ibor-core/build/tmp...
[2026-09-27 14:14:14] [PROGRESS] resolve files> Scanning /Users/macbook/Octo/modules/ibor-core/build/tmp/koverCachedVerify...
[2026-09-27 14:14:14] [PROGRESS] resolve files> Scanning /Users/macbook/Octo/modules/ibor-core/build/tmp/test...
[2026-09-27 14:14:14] [PROGRESS] resolve files> Scanning /Users/macbook/Octo/modules/ibor-core/build/tmp/jar...
[2026-09-27 14:14:14] [PROGRESS] resolve files> Scanning /Users/macbook/Octo/modules/ibor-core/build/tmp/koverLog...
[2026-09-27 14:14:14] [PROGRESS] resolve files> Scanning /Users/macbook/Octo/modules/ibor-core/build/reports...
[2026-09-27 14:14:14] [PROGRESS] resolve files> Scanning /Users/macbook/Octo/modules/ibor-core/build/reports/kover...
[2026-09-27 14:14:14] [PROGRESS] resolve files> Scanning /Users/macbook/Octo/modules/ibor-core/build/reports/ktlint...
[2026-09-27 14:14:14] [PROGRESS] resolve files> Scanning /Users/macbook/Octo/modules/ibor-core/build/reports/ktlint/ktlintKotlinScriptCheck...
[2026-09-27 14:14:14] [PROGRESS] resolve files> Scanning /Users/macbook/Octo/modules/ibor-core/build/reports/ktlint/ktlintMainSourceSetFormat...
[2026-09-27 14:14:14] [PROGRESS] resolve files> Scanning /Users/macbook/Octo/modules/ibor-core/build/reports/ktlint/ktlintMainSourceSetCheck...
[2026-09-27 14:14:14] [PROGRESS] resolve files> Scanning /Users/macbook/Octo/modules/ibor-core/build/reports/ktlint/ktlintKotlinScriptFormat...
[2026-09-27 14:14:14] [PROGRESS] resolve files> Scanning /Users/macbook/Octo/modules/ibor-core/build/reports/ktlint/ktlintTestSourceSetFormat...
[2026-09-27 14:14:14] [PROGRESS] resolve files> Scanning /Users/macbook/Octo/modules/ibor-core/build/reports/ktlint/ktlintTestSourceSetCheck...
[2026-09-27 14:14:14] [PROGRESS] resolve files> Scanning /Users/macbook/Octo/modules/ibor-core/build/reports/tests...
[2026-09-27 14:14:14] [PROGRESS] resolve files> Scanning /Users/macbook/Octo/modules/ibor-core/build/reports/tests/test...
[2026-09-27 14:14:14] [PROGRESS] resolve files> Scanning /Users/macbook/Octo/modules/ibor-core/build/reports/tests/test/HaKaLtjXHFw...
[2026-09-27 14:14:14] [PROGRESS] resolve files> Scanning /Users/macbook/Octo/modules/ibor-core/build/reports/tests/test/css...
[2026-09-27 14:14:14] [PROGRESS] resolve files> Scanning /Users/macbook/Octo/modules/ibor-core/build/reports/tests/test/js...
[2026-09-27 14:14:14] [PROGRESS] resolve files> Scanning /Users/macbook/Octo/modules/ibor-core/build/reports/tests/test/y7zgy-b7RCk...
[2026-09-27 14:14:14] [PROGRESS] resolve files> Scanning /Users/macbook/Octo/modules/ibor-core/build/reports/tests/test/KqxcmuT02Ck...
[2026-09-27 14:14:14] [PROGRESS] resolve files> Scanning /Users/macbook/Octo/modules/ibor-core/build/reports/tests/test/hwmF42jLVD8...
[2026-09-27 14:14:14] [PROGRESS] resolve files> Scanning /Users/macbook/Octo/modules/ibor-core/build/reports/tests/test/99ple8RXr8k...
[2026-09-27 14:14:14] [PROGRESS] resolve files> Scanning /Users/macbook/Octo/modules/ibor-core/build/reports/tests/test/qHhHa5WGoW8...
[2026-09-27 14:14:14] [PROGRESS] resolve files> Scanning /Users/macbook/Octo/modules/ibor-core/build/reports/tests/test/paOAdqxyo4k...
[2026-09-27 14:14:14] [PROGRESS] resolve files> Scanning /Users/macbook/Octo/modules/ibor-core/build/reports/tests/test/SP20H0DeMXU...
[2026-09-27 14:14:14] [PROGRESS] resolve files> Scanning /Users/macbook/Octo/modules/ibor-core/src...
[2026-09-27 14:14:14] [PROGRESS] resolve files> Scanning /Users/macbook/Octo/modules/ibor-core/src/test...
[2026-09-27 14:14:14] [PROGRESS] resolve files> Scanning /Users/macbook/Octo/modules/ibor-core/src/test/kotlin...
[2026-09-27 14:14:14] [PROGRESS] resolve files> Scanning /Users/macbook/Octo/modules/ibor-core/src/test/kotlin/com...
[2026-09-27 14:14:14] [PROGRESS] resolve files> Scanning /Users/macbook/Octo/modules/ibor-core/src/test/kotlin/com/octo...
[2026-09-27 14:14:14] [PROGRESS] resolve files> Scanning /Users/macbook/Octo/modules/ibor-core/src/test/kotlin/com/octo/iborcore...
[2026-09-27 14:14:14] [PROGRESS] resolve files> Scanning /Users/macbook/Octo/modules/ibor-core/src/main...
[2026-09-27 14:14:14] [PROGRESS] resolve files> Scanning /Users/macbook/Octo/modules/ibor-core/src/main/kotlin...
[2026-09-27 14:14:14] [PROGRESS] resolve files> Scanning /Users/macbook/Octo/modules/ibor-core/src/main/kotlin/com...
[2026-09-27 14:14:14] [PROGRESS] resolve files> Scanning /Users/macbook/Octo/modules/ibor-core/src/main/kotlin/com/octo...
[2026-09-27 14:14:14] [PROGRESS] resolve files> Scanning /Users/macbook/Octo/modules/ibor-core/src/main/kotlin/com/octo/iborcore...
[2026-09-27 14:14:14] [PROGRESS] resolve files> Scanning /Users/macbook/Octo/modules/ibor-core/src/main/kotlin/com/octo/iborcore/persistence...
[2026-09-27 14:14:14] [PROGRESS] resolve files> Scanning /Users/macbook/Octo/modules/ingestion...
[2026-09-27 14:14:14] [PROGRESS] resolve files> Scanning /Users/macbook/Octo/modules/ingestion/build...
[2026-09-27 14:14:14] [PROGRESS] resolve files> Scanning /Users/macbook/Octo/modules/ingestion/build/kover...
[2026-09-27 14:14:14] [PROGRESS] resolve files> Scanning /Users/macbook/Octo/modules/ingestion/build/kover/bin-reports...
[2026-09-27 14:14:14] [PROGRESS] resolve files> Scanning /Users/macbook/Octo/modules/ingestion/build/classes...
[2026-09-27 14:14:14] [PROGRESS] resolve files> Scanning /Users/macbook/Octo/modules/ingestion/build/classes/kotlin...
[2026-09-27 14:14:14] [PROGRESS] resolve files> Scanning /Users/macbook/Octo/modules/ingestion/build/classes/kotlin/test...
[2026-09-27 14:14:14] [PROGRESS] resolve files> Scanning /Users/macbook/Octo/modules/ingestion/build/classes/kotlin/test/META-INF...
[2026-09-27 14:14:14] [PROGRESS] resolve files> Scanning /Users/macbook/Octo/modules/ingestion/build/classes/kotlin/test/com...
[2026-09-27 14:14:14] [PROGRESS] resolve files> Scanning /Users/macbook/Octo/modules/ingestion/build/classes/kotlin/test/com/octo...
[2026-09-27 14:14:14] [PROGRESS] resolve files> Scanning /Users/macbook/Octo/modules/ingestion/build/classes/kotlin/test/com/octo/ingestion...
[2026-09-27 14:14:14] [PROGRESS] resolve files> Scanning /Users/macbook/Octo/modules/ingestion/build/classes/kotlin/test/com/octo/ingestion/classification...
[2026-09-27 14:14:14] [PROGRESS] resolve files> Scanning /Users/macbook/Octo/modules/ingestion/build/classes/kotlin/test/com/octo/ingestion/onchain...
[2026-09-27 14:14:14] [PROGRESS] resolve files> Scanning /Users/macbook/Octo/modules/ingestion/build/classes/kotlin/test/com/octo/ingestion/onchain/evm...
[2026-09-27 14:14:14] [PROGRESS] resolve files> Scanning /Users/macbook/Octo/modules/ingestion/build/classes/kotlin/test/com/octo/ingestion/onchain/helius...
[2026-09-27 14:14:14] [PROGRESS] resolve files> Scanning /Users/macbook/Octo/modules/ingestion/build/classes/kotlin/test/com/octo/ingestion/marketdata...
[2026-09-27 14:14:14] [PROGRESS] resolve files> Scanning /Users/macbook/Octo/modules/ingestion/build/classes/kotlin/test/com/octo/ingestion/marketdata/alphavantage...
[2026-09-27 14:14:14] [PROGRESS] resolve files> Scanning /Users/macbook/Octo/modules/ingestion/build/classes/kotlin/test/com/octo/ingestion/http...
[2026-09-27 14:14:14] [PROGRESS] resolve files> Scanning /Users/macbook/Octo/modules/ingestion/build/classes/kotlin/test/com/octo/ingestion/eval...
[2026-09-27 14:14:14] [PROGRESS] resolve files> Scanning /Users/macbook/Octo/modules/ingestion/build/classes/kotlin/test/com/octo/ingestion/extraction...
[2026-09-27 14:14:14] [PROGRESS] resolve files> Scanning /Users/macbook/Octo/modules/ingestion/build/classes/kotlin/main...
[2026-09-27 14:14:14] [PROGRESS] resolve files> Scanning /Users/macbook/Octo/modules/ingestion/build/classes/kotlin/main/META-INF...
[2026-09-27 14:14:14] [PROGRESS] resolve files> Scanning /Users/macbook/Octo/modules/ingestion/build/classes/kotlin/main/com...
[2026-09-27 14:14:14] [PROGRESS] resolve files> Scanning /Users/macbook/Octo/modules/ingestion/build/classes/kotlin/main/com/octo...
[2026-09-27 14:14:14] [PROGRESS] resolve files> Scanning /Users/macbook/Octo/modules/ingestion/build/classes/kotlin/main/com/octo/ingestion...
[2026-09-27 14:14:14] [PROGRESS] resolve files> Scanning /Users/macbook/Octo/modules/ingestion/build/classes/kotlin/main/com/octo/ingestion/classification...
[2026-09-27 14:14:14] [PROGRESS] resolve files> Scanning /Users/macbook/Octo/modules/ingestion/build/classes/kotlin/main/com/octo/ingestion/onchain...
[2026-09-27 14:14:14] [PROGRESS] resolve files> Scanning /Users/macbook/Octo/modules/ingestion/build/classes/kotlin/main/com/octo/ingestion/onchain/persistence...
[2026-09-27 14:14:14] [PROGRESS] resolve files> Scanning /Users/macbook/Octo/modules/ingestion/build/classes/kotlin/main/com/octo/ingestion/onchain/evm...
[2026-09-27 14:14:14] [PROGRESS] resolve files> Scanning /Users/macbook/Octo/modules/ingestion/build/classes/kotlin/main/com/octo/ingestion/onchain/helius...
[2026-09-27 14:14:14] [PROGRESS] resolve files> Scanning /Users/macbook/Octo/modules/ingestion/build/classes/kotlin/main/com/octo/ingestion/marketdata...
[2026-09-27 14:14:14] [PROGRESS] resolve files> Scanning /Users/macbook/Octo/modules/ingestion/build/classes/kotlin/main/com/octo/ingestion/marketdata/alphavantage...
[2026-09-27 14:14:14] [PROGRESS] resolve files> Scanning /Users/macbook/Octo/modules/ingestion/build/classes/kotlin/main/com/octo/ingestion/http...
[2026-09-27 14:14:14] [PROGRESS] resolve files> Scanning /Users/macbook/Octo/modules/ingestion/build/classes/kotlin/main/com/octo/ingestion/persistence...
[2026-09-27 14:14:14] [PROGRESS] resolve files> Scanning /Users/macbook/Octo/modules/ingestion/build/classes/kotlin/main/com/octo/ingestion/extraction...
[2026-09-27 14:14:14] [PROGRESS] resolve files> Scanning /Users/macbook/Octo/modules/ingestion/build/resources...
[2026-09-27 14:14:14] [PROGRESS] resolve files> Scanning /Users/macbook/Octo/modules/ingestion/build/resources/test...
[2026-09-27 14:14:14] [PROGRESS] resolve files> Scanning /Users/macbook/Octo/modules/ingestion/build/resources/test/evals...
[2026-09-27 14:14:14] [PROGRESS] resolve files> Scanning /Users/macbook/Octo/modules/ingestion/build/kotlin...
[2026-09-27 14:14:14] [PROGRESS] resolve files> Scanning /Users/macbook/Octo/modules/ingestion/build/kotlin/compileKotlin...
[2026-09-27 14:14:14] [PROGRESS] resolve files> Scanning /Users/macbook/Octo/modules/ingestion/build/kotlin/compileKotlin/cacheable...
[2026-09-27 14:14:14] [PROGRESS] resolve files> Scanning /Users/macbook/Octo/modules/ingestion/build/kotlin/compileKotlin/cacheable/caches-jvm...
[2026-09-27 14:14:14] [PROGRESS] resolve files> Scanning /Users/macbook/Octo/modules/ingestion/build/kotlin/compileKotlin/cacheable/caches-jvm/lookups...
[2026-09-27 14:14:14] [PROGRESS] resolve files> Scanning /Users/macbook/Octo/modules/ingestion/build/kotlin/compileKotlin/cacheable/caches-jvm/jvm...
[2026-09-27 14:14:14] [PROGRESS] resolve files> Scanning /Users/macbook/Octo/modules/ingestion/build/kotlin/compileKotlin/cacheable/caches-jvm/jvm/kotlin...
[2026-09-27 14:14:14] [PROGRESS] resolve files> Scanning /Users/macbook/Octo/modules/ingestion/build/kotlin/compileKotlin/cacheable/caches-jvm/inputs...
[2026-09-27 14:14:14] [PROGRESS] resolve files> Scanning /Users/macbook/Octo/modules/ingestion/build/kotlin/compileKotlin/classpath-snapshot...
[2026-09-27 14:14:14] [PROGRESS] resolve files> Scanning /Users/macbook/Octo/modules/ingestion/build/kotlin/compileKotlin/local-state...
[2026-09-27 14:14:14] [PROGRESS] resolve files> Scanning /Users/macbook/Octo/modules/ingestion/build/kotlin/compileTestKotlin...
[2026-09-27 14:14:14] [PROGRESS] resolve files> Scanning /Users/macbook/Octo/modules/ingestion/build/kotlin/compileTestKotlin/cacheable...
[2026-09-27 14:14:14] [PROGRESS] resolve files> Scanning /Users/macbook/Octo/modules/ingestion/build/kotlin/compileTestKotlin/cacheable/caches-jvm...
[2026-09-27 14:14:14] [PROGRESS] resolve files> Scanning /Users/macbook/Octo/modules/ingestion/build/kotlin/compileTestKotlin/cacheable/caches-jvm/lookups...
[2026-09-27 14:14:14] [PROGRESS] resolve files> Scanning /Users/macbook/Octo/modules/ingestion/build/kotlin/compileTestKotlin/cacheable/caches-jvm/jvm...
[2026-09-27 14:14:14] [PROGRESS] resolve files> Scanning /Users/macbook/Octo/modules/ingestion/build/kotlin/compileTestKotlin/cacheable/caches-jvm/jvm/kotlin...
[2026-09-27 14:14:14] [PROGRESS] resolve files> Scanning /Users/macbook/Octo/modules/ingestion/build/kotlin/compileTestKotlin/cacheable/caches-jvm/inputs...
[2026-09-27 14:14:14] [PROGRESS] resolve files> Scanning /Users/macbook/Octo/modules/ingestion/build/kotlin/compileTestKotlin/classpath-snapshot...
[2026-09-27 14:14:14] [PROGRESS] resolve files> Scanning /Users/macbook/Octo/modules/ingestion/build/kotlin/compileTestKotlin/local-state...
[2026-09-27 14:14:14] [PROGRESS] resolve files> Scanning /Users/macbook/Octo/modules/ingestion/build/libs...
[2026-09-27 14:14:14] [PROGRESS] resolve files> Scanning /Users/macbook/Octo/modules/ingestion/build/intermediates...
[2026-09-27 14:14:14] [PROGRESS] resolve files> Scanning /Users/macbook/Octo/modules/ingestion/build/intermediates/ktLint...
[2026-09-27 14:14:14] [PROGRESS] resolve files> Scanning /Users/macbook/Octo/modules/ingestion/build/test-results...
[2026-09-27 14:14:14] [PROGRESS] resolve files> Scanning /Users/macbook/Octo/modules/ingestion/build/test-results/test...
[2026-09-27 14:14:14] [PROGRESS] resolve files> Scanning /Users/macbook/Octo/modules/ingestion/build/test-results/test/binary...
[2026-09-27 14:14:14] [PROGRESS] resolve files> Scanning /Users/macbook/Octo/modules/ingestion/build/tmp...
[2026-09-27 14:14:14] [PROGRESS] resolve files> Scanning /Users/macbook/Octo/modules/ingestion/build/tmp/koverCachedVerify...
[2026-09-27 14:14:14] [PROGRESS] resolve files> Scanning /Users/macbook/Octo/modules/ingestion/build/tmp/test...
[2026-09-27 14:14:14] [PROGRESS] resolve files> Scanning /Users/macbook/Octo/modules/ingestion/build/tmp/koverXmlReport...
[2026-09-27 14:14:14] [PROGRESS] resolve files> Scanning /Users/macbook/Octo/modules/ingestion/build/tmp/jar...
[2026-09-27 14:14:14] [PROGRESS] resolve files> Scanning /Users/macbook/Octo/modules/ingestion/build/reports...
[2026-09-27 14:14:14] [PROGRESS] resolve files> Scanning /Users/macbook/Octo/modules/ingestion/build/reports/kover...
[2026-09-27 14:14:14] [PROGRESS] resolve files> Scanning /Users/macbook/Octo/modules/ingestion/build/reports/ktlint...
[2026-09-27 14:14:14] [PROGRESS] resolve files> Scanning /Users/macbook/Octo/modules/ingestion/build/reports/ktlint/ktlintKotlinScriptCheck...
[2026-09-27 14:14:14] [PROGRESS] resolve files> Scanning /Users/macbook/Octo/modules/ingestion/build/reports/ktlint/ktlintMainSourceSetFormat...
[2026-09-27 14:14:14] [PROGRESS] resolve files> Scanning /Users/macbook/Octo/modules/ingestion/build/reports/ktlint/ktlintMainSourceSetCheck...
[2026-09-27 14:14:14] [PROGRESS] resolve files> Scanning /Users/macbook/Octo/modules/ingestion/build/reports/ktlint/ktlintKotlinScriptFormat...
[2026-09-27 14:14:14] [PROGRESS] resolve files> Scanning /Users/macbook/Octo/modules/ingestion/build/reports/ktlint/ktlintTestSourceSetFormat...
[2026-09-27 14:14:14] [PROGRESS] resolve files> Scanning /Users/macbook/Octo/modules/ingestion/build/reports/ktlint/ktlintTestSourceSetCheck...
[2026-09-27 14:14:14] [PROGRESS] resolve files> Scanning /Users/macbook/Octo/modules/ingestion/build/reports/tests...
[2026-09-27 14:14:14] [PROGRESS] resolve files> Scanning /Users/macbook/Octo/modules/ingestion/build/reports/tests/test...
[2026-09-27 14:14:14] [PROGRESS] resolve files> Scanning /Users/macbook/Octo/modules/ingestion/build/reports/tests/test/k9A3FaXYzXU...
[2026-09-27 14:14:14] [PROGRESS] resolve files> Scanning /Users/macbook/Octo/modules/ingestion/build/reports/tests/test/mBc_P7GOvoM...
[2026-09-27 14:14:14] [PROGRESS] resolve files> Scanning /Users/macbook/Octo/modules/ingestion/build/reports/tests/test/BZJP983kgXo...
[2026-09-27 14:14:14] [PROGRESS] resolve files> Scanning /Users/macbook/Octo/modules/ingestion/build/reports/tests/test/p9Hc7TSUKLw...
[2026-09-27 14:14:14] [PROGRESS] resolve files> Scanning /Users/macbook/Octo/modules/ingestion/build/reports/tests/test/ndARSYm7ryA...
[2026-09-27 14:14:14] [PROGRESS] resolve files> Scanning /Users/macbook/Octo/modules/ingestion/build/reports/tests/test/yjl47bd-S0c...
[2026-09-27 14:14:14] [PROGRESS] resolve files> Scanning /Users/macbook/Octo/modules/ingestion/build/reports/tests/test/FV8G_ONpgoQ...
[2026-09-27 14:14:14] [PROGRESS] resolve files> Scanning /Users/macbook/Octo/modules/ingestion/build/reports/tests/test/w8wYFvq2xdU...
[2026-09-27 14:14:14] [PROGRESS] resolve files> Scanning /Users/macbook/Octo/modules/ingestion/build/reports/tests/test/16vPKkAQCCo...
[2026-09-27 14:14:14] [PROGRESS] resolve files> Scanning /Users/macbook/Octo/modules/ingestion/build/reports/tests/test/QiUxLrg0EEE...
[2026-09-27 14:14:14] [PROGRESS] resolve files> Scanning /Users/macbook/Octo/modules/ingestion/build/reports/tests/test/it2SSQ2OHRg...
[2026-09-27 14:14:14] [PROGRESS] resolve files> Scanning /Users/macbook/Octo/modules/ingestion/build/reports/tests/test/QMgkdHUhLTI...
[2026-09-27 14:14:14] [PROGRESS] resolve files> Scanning /Users/macbook/Octo/modules/ingestion/build/reports/tests/test/DlBIHjTiDas...
[2026-09-27 14:14:14] [PROGRESS] resolve files> Scanning /Users/macbook/Octo/modules/ingestion/build/reports/tests/test/80DYu227Bzc...
[2026-09-27 14:14:14] [PROGRESS] resolve files> Scanning /Users/macbook/Octo/modules/ingestion/build/reports/tests/test/SmZN2bcVDMA...
[2026-09-27 14:14:14] [PROGRESS] resolve files> Scanning /Users/macbook/Octo/modules/ingestion/build/reports/tests/test/css...
[2026-09-27 14:14:14] [PROGRESS] resolve files> Scanning /Users/macbook/Octo/modules/ingestion/build/reports/tests/test/KuHY3NbvURo...
[2026-09-27 14:14:14] [PROGRESS] resolve files> Scanning /Users/macbook/Octo/modules/ingestion/build/reports/tests/test/1znwRXhIBL4...
[2026-09-27 14:14:14] [PROGRESS] resolve files> Scanning /Users/macbook/Octo/modules/ingestion/build/reports/tests/test/js...
[2026-09-27 14:14:14] [PROGRESS] resolve files> Scanning /Users/macbook/Octo/modules/ingestion/build/reports/tests/test/IKDJfDwItKc...
[2026-09-27 14:14:14] [PROGRESS] resolve files> Scanning /Users/macbook/Octo/modules/ingestion/build/reports/tests/test/7NFDFjQ5AJ4...
[2026-09-27 14:14:14] [PROGRESS] resolve files> Scanning /Users/macbook/Octo/modules/ingestion/build/reports/tests/test/YYyOX-OZB8c...
[2026-09-27 14:14:14] [PROGRESS] resolve files> Scanning /Users/macbook/Octo/modules/ingestion/build/reports/tests/test/-Rn1AkxjZcs...
[2026-09-27 14:14:14] [PROGRESS] resolve files> Scanning /Users/macbook/Octo/modules/ingestion/build/reports/tests/test/RelPbPL7yNA...
[2026-09-27 14:14:14] [PROGRESS] resolve files> Scanning /Users/macbook/Octo/modules/ingestion/build/reports/tests/test/7wwUCAolmMQ...
[2026-09-27 14:14:14] [PROGRESS] resolve files> Scanning /Users/macbook/Octo/modules/ingestion/build/reports/tests/test/yVJjHQeqSjI...
[2026-09-27 14:14:14] [PROGRESS] resolve files> Scanning /Users/macbook/Octo/modules/ingestion/build/reports/tests/test/yD1y0XQwihY...
[2026-09-27 14:14:14] [PROGRESS] resolve files> Scanning /Users/macbook/Octo/modules/ingestion/build/reports/tests/test/OWsLXS623ww...
[2026-09-27 14:14:14] [PROGRESS] resolve files> Scanning /Users/macbook/Octo/modules/ingestion/build/reports/tests/test/JBB1oshT5oA...
[2026-09-27 14:14:14] [PROGRESS] resolve files> Scanning /Users/macbook/Octo/modules/ingestion/build/reports/tests/test/-bQo9Bz36Fk...
[2026-09-27 14:14:14] [PROGRESS] resolve files> Scanning /Users/macbook/Octo/modules/ingestion/build/reports/tests/test/QmNryBwkldE...
[2026-09-27 14:14:14] [PROGRESS] resolve files> Scanning /Users/macbook/Octo/modules/ingestion/build/reports/tests/test/ilSK8jQ6zBo...
[2026-09-27 14:14:14] [PROGRESS] resolve files> Scanning /Users/macbook/Octo/modules/ingestion/build/reports/tests/test/oiKxMzlT_BQ...
[2026-09-27 14:14:14] [PROGRESS] resolve files> Scanning /Users/macbook/Octo/modules/ingestion/build/reports/tests/test/W91czKu3Vu0...
[2026-09-27 14:14:14] [PROGRESS] resolve files> Scanning /Users/macbook/Octo/modules/ingestion/build/reports/tests/test/tCPkchJdBAk...
[2026-09-27 14:14:14] [PROGRESS] resolve files> Scanning /Users/macbook/Octo/modules/ingestion/build/reports/tests/test/RyX86Oz9gLE...
[2026-09-27 14:14:14] [PROGRESS] resolve files> Scanning /Users/macbook/Octo/modules/ingestion/build/reports/tests/test/YmZgUkxLQMk...
[2026-09-27 14:14:14] [PROGRESS] resolve files> Scanning /Users/macbook/Octo/modules/ingestion/build/reports/tests/test/4CYgU0KXAsA...
[2026-09-27 14:14:14] [PROGRESS] resolve files> Scanning /Users/macbook/Octo/modules/ingestion/build/reports/tests/test/kFbiI3vi3Ec...
[2026-09-27 14:14:14] [PROGRESS] resolve files> Scanning /Users/macbook/Octo/modules/ingestion/build/reports/tests/test/y5JH4ETwGhw...
[2026-09-27 14:14:14] [PROGRESS] resolve files> Scanning /Users/macbook/Octo/modules/ingestion/build/reports/tests/test/ugOg5B-DsC8...
[2026-09-27 14:14:14] [PROGRESS] resolve files> Scanning /Users/macbook/Octo/modules/ingestion/build/reports/tests/test/_-usYzb3KL4...
[2026-09-27 14:14:14] [PROGRESS] resolve files> Scanning /Users/macbook/Octo/modules/ingestion/build/reports/tests/test/8yZ4t9bvxGA...
[2026-09-27 14:14:14] [PROGRESS] resolve files> Scanning /Users/macbook/Octo/modules/ingestion/build/reports/tests/test/DPVZ5ITk_HQ...
[2026-09-27 14:14:14] [PROGRESS] resolve files> Scanning /Users/macbook/Octo/modules/ingestion/build/reports/tests/test/YslEY7xJy1g...
[2026-09-27 14:14:14] [PROGRESS] resolve files> Scanning /Users/macbook/Octo/modules/ingestion/build/reports/tests/test/ll53Eki-Xek...
[2026-09-27 14:14:14] [PROGRESS] resolve files> Scanning /Users/macbook/Octo/modules/ingestion/build/reports/tests/test/wFWMtS81EA4...
[2026-09-27 14:14:14] [PROGRESS] resolve files> Scanning /Users/macbook/Octo/modules/ingestion/build/reports/tests/test/2a-LfSfBRXA...
[2026-09-27 14:14:14] [PROGRESS] resolve files> Scanning /Users/macbook/Octo/modules/ingestion/build/reports/tests/test/eiKYyY_n88Y...
[2026-09-27 14:14:14] [PROGRESS] resolve files> Scanning /Users/macbook/Octo/modules/ingestion/build/reports/tests/test/gP0mtzqX3Hk...
[2026-09-27 14:14:14] [PROGRESS] resolve files> Scanning /Users/macbook/Octo/modules/ingestion/build/reports/tests/test/W6OiJAhJ2_c...
[2026-09-27 14:14:14] [PROGRESS] resolve files> Scanning /Users/macbook/Octo/modules/ingestion/build/reports/tests/test/IJ7r8QrcPqY...
[2026-09-27 14:14:14] [PROGRESS] resolve files> Scanning /Users/macbook/Octo/modules/ingestion/build/reports/tests/test/orEe7uxiavw...
[2026-09-27 14:14:14] [PROGRESS] resolve files> Scanning /Users/macbook/Octo/modules/ingestion/build/reports/tests/test/Tt9SaL8pF6o...
[2026-09-27 14:14:14] [PROGRESS] resolve files> Scanning /Users/macbook/Octo/modules/ingestion/build/reports/tests/test/8bEp64aCvm0...
[2026-09-27 14:14:14] [PROGRESS] resolve files> Scanning /Users/macbook/Octo/modules/ingestion/build/reports/tests/test/fdPkUoxj8fA...
[2026-09-27 14:14:14] [PROGRESS] resolve files> Scanning /Users/macbook/Octo/modules/ingestion/build/reports/tests/test/FaGNHaxRgzg...
[2026-09-27 14:14:14] [PROGRESS] resolve files> Scanning /Users/macbook/Octo/modules/ingestion/src...
[2026-09-27 14:14:14] [PROGRESS] resolve files> Scanning /Users/macbook/Octo/modules/ingestion/src/test...
[2026-09-27 14:14:14] [PROGRESS] resolve files> Scanning /Users/macbook/Octo/modules/ingestion/src/test/resources...
[2026-09-27 14:14:14] [PROGRESS] resolve files> Scanning /Users/macbook/Octo/modules/ingestion/src/test/resources/evals...
[2026-09-27 14:14:14] [PROGRESS] resolve files> Scanning /Users/macbook/Octo/modules/ingestion/src/test/kotlin...
[2026-09-27 14:14:14] [PROGRESS] resolve files> Scanning /Users/macbook/Octo/modules/ingestion/src/test/kotlin/com...
[2026-09-27 14:14:14] [PROGRESS] resolve files> Scanning /Users/macbook/Octo/modules/ingestion/src/test/kotlin/com/octo...
[2026-09-27 14:14:14] [PROGRESS] resolve files> Scanning /Users/macbook/Octo/modules/ingestion/src/test/kotlin/com/octo/ingestion...
[2026-09-27 14:14:14] [PROGRESS] resolve files> Scanning /Users/macbook/Octo/modules/ingestion/src/test/kotlin/com/octo/ingestion/classification...
[2026-09-27 14:14:14] [PROGRESS] resolve files> Scanning /Users/macbook/Octo/modules/ingestion/src/test/kotlin/com/octo/ingestion/onchain...
[2026-09-27 14:14:14] [PROGRESS] resolve files> Scanning /Users/macbook/Octo/modules/ingestion/src/test/kotlin/com/octo/ingestion/onchain/evm...
[2026-09-27 14:14:14] [PROGRESS] resolve files> Scanning /Users/macbook/Octo/modules/ingestion/src/test/kotlin/com/octo/ingestion/onchain/helius...
[2026-09-27 14:14:14] [PROGRESS] resolve files> Scanning /Users/macbook/Octo/modules/ingestion/src/test/kotlin/com/octo/ingestion/marketdata...
[2026-09-27 14:14:14] [PROGRESS] resolve files> Scanning /Users/macbook/Octo/modules/ingestion/src/test/kotlin/com/octo/ingestion/marketdata/alphavantage...
[2026-09-27 14:14:14] [PROGRESS] resolve files> Scanning /Users/macbook/Octo/modules/ingestion/src/test/kotlin/com/octo/ingestion/http...
[2026-09-27 14:14:14] [PROGRESS] resolve files> Scanning /Users/macbook/Octo/modules/ingestion/src/test/kotlin/com/octo/ingestion/eval...
[2026-09-27 14:14:14] [PROGRESS] resolve files> Scanning /Users/macbook/Octo/modules/ingestion/src/test/kotlin/com/octo/ingestion/extraction...
[2026-09-27 14:14:14] [PROGRESS] resolve files> Scanning /Users/macbook/Octo/modules/ingestion/src/main...
[2026-09-27 14:14:14] [PROGRESS] resolve files> Scanning /Users/macbook/Octo/modules/ingestion/src/main/kotlin...
[2026-09-27 14:14:14] [PROGRESS] resolve files> Scanning /Users/macbook/Octo/modules/ingestion/src/main/kotlin/com...
[2026-09-27 14:14:14] [PROGRESS] resolve files> Scanning /Users/macbook/Octo/modules/ingestion/src/main/kotlin/com/octo...
[2026-09-27 14:14:14] [PROGRESS] resolve files> Scanning /Users/macbook/Octo/modules/ingestion/src/main/kotlin/com/octo/ingestion...
[2026-09-27 14:14:14] [PROGRESS] resolve files> Scanning /Users/macbook/Octo/modules/ingestion/src/main/kotlin/com/octo/ingestion/classification...
[2026-09-27 14:14:14] [PROGRESS] resolve files> Scanning /Users/macbook/Octo/modules/ingestion/src/main/kotlin/com/octo/ingestion/onchain...
[2026-09-27 14:14:14] [PROGRESS] resolve files> Scanning /Users/macbook/Octo/modules/ingestion/src/main/kotlin/com/octo/ingestion/onchain/persistence...
[2026-09-27 14:14:14] [PROGRESS] resolve files> Scanning /Users/macbook/Octo/modules/ingestion/src/main/kotlin/com/octo/ingestion/onchain/evm...
[2026-09-27 14:14:14] [PROGRESS] resolve files> Scanning /Users/macbook/Octo/modules/ingestion/src/main/kotlin/com/octo/ingestion/onchain/helius...
[2026-09-27 14:14:14] [PROGRESS] resolve files> Scanning /Users/macbook/Octo/modules/ingestion/src/main/kotlin/com/octo/ingestion/marketdata...
[2026-09-27 14:14:14] [PROGRESS] resolve files> Scanning /Users/macbook/Octo/modules/ingestion/src/main/kotlin/com/octo/ingestion/marketdata/alphavantage...
[2026-09-27 14:14:14] [PROGRESS] resolve files> Scanning /Users/macbook/Octo/modules/ingestion/src/main/kotlin/com/octo/ingestion/http...
[2026-09-27 14:14:14] [PROGRESS] resolve files> Scanning /Users/macbook/Octo/modules/ingestion/src/main/kotlin/com/octo/ingestion/persistence...
[2026-09-27 14:14:14] [PROGRESS] resolve files> Scanning /Users/macbook/Octo/modules/ingestion/src/main/kotlin/com/octo/ingestion/extraction...
[2026-09-27 14:14:14] [PROGRESS] resolve files> Scanning /Users/macbook/Octo/modules/lookthrough...
[2026-09-27 14:14:14] [PROGRESS] resolve files> Scanning /Users/macbook/Octo/modules/lookthrough/build...
[2026-09-27 14:14:14] [PROGRESS] resolve files> Scanning /Users/macbook/Octo/modules/lookthrough/build/kover...
[2026-09-27 14:14:14] [PROGRESS] resolve files> Scanning /Users/macbook/Octo/modules/lookthrough/build/kover/bin-reports...
[2026-09-27 14:14:14] [PROGRESS] resolve files> Scanning /Users/macbook/Octo/modules/lookthrough/build/classes...
[2026-09-27 14:14:14] [PROGRESS] resolve files> Scanning /Users/macbook/Octo/modules/lookthrough/build/classes/kotlin...
[2026-09-27 14:14:14] [PROGRESS] resolve files> Scanning /Users/macbook/Octo/modules/lookthrough/build/classes/kotlin/test...
[2026-09-27 14:14:14] [PROGRESS] resolve files> Scanning /Users/macbook/Octo/modules/lookthrough/build/classes/kotlin/test/META-INF...
[2026-09-27 14:14:14] [PROGRESS] resolve files> Scanning /Users/macbook/Octo/modules/lookthrough/build/classes/kotlin/test/com...
[2026-09-27 14:14:14] [PROGRESS] resolve files> Scanning /Users/macbook/Octo/modules/lookthrough/build/classes/kotlin/test/com/octo...
[2026-09-27 14:14:14] [PROGRESS] resolve files> Scanning /Users/macbook/Octo/modules/lookthrough/build/classes/kotlin/test/com/octo/lookthrough...
[2026-09-27 14:14:14] [PROGRESS] resolve files> Scanning /Users/macbook/Octo/modules/lookthrough/build/classes/kotlin/main...
[2026-09-27 14:14:14] [PROGRESS] resolve files> Scanning /Users/macbook/Octo/modules/lookthrough/build/classes/kotlin/main/META-INF...
[2026-09-27 14:14:14] [PROGRESS] resolve files> Scanning /Users/macbook/Octo/modules/lookthrough/build/classes/kotlin/main/com...
[2026-09-27 14:14:14] [PROGRESS] resolve files> Scanning /Users/macbook/Octo/modules/lookthrough/build/classes/kotlin/main/com/octo...
[2026-09-27 14:14:14] [PROGRESS] resolve files> Scanning /Users/macbook/Octo/modules/lookthrough/build/classes/kotlin/main/com/octo/lookthrough...
[2026-09-27 14:14:14] [PROGRESS] resolve files> Scanning /Users/macbook/Octo/modules/lookthrough/build/kotlin...
[2026-09-27 14:14:14] [PROGRESS] resolve files> Scanning /Users/macbook/Octo/modules/lookthrough/build/kotlin/compileKotlin...
[2026-09-27 14:14:14] [PROGRESS] resolve files> Scanning /Users/macbook/Octo/modules/lookthrough/build/kotlin/compileKotlin/cacheable...
[2026-09-27 14:14:14] [PROGRESS] resolve files> Scanning /Users/macbook/Octo/modules/lookthrough/build/kotlin/compileKotlin/cacheable/caches-jvm...
[2026-09-27 14:14:14] [PROGRESS] resolve files> Scanning /Users/macbook/Octo/modules/lookthrough/build/kotlin/compileKotlin/cacheable/caches-jvm/lookups...
[2026-09-27 14:14:14] [PROGRESS] resolve files> Scanning /Users/macbook/Octo/modules/lookthrough/build/kotlin/compileKotlin/cacheable/caches-jvm/jvm...
[2026-09-27 14:14:14] [PROGRESS] resolve files> Scanning /Users/macbook/Octo/modules/lookthrough/build/kotlin/compileKotlin/cacheable/caches-jvm/jvm/kotlin...
[2026-09-27 14:14:14] [PROGRESS] resolve files> Scanning /Users/macbook/Octo/modules/lookthrough/build/kotlin/compileKotlin/cacheable/caches-jvm/inputs...
[2026-09-27 14:14:14] [PROGRESS] resolve files> Scanning /Users/macbook/Octo/modules/lookthrough/build/kotlin/compileKotlin/classpath-snapshot...
[2026-09-27 14:14:14] [PROGRESS] resolve files> Scanning /Users/macbook/Octo/modules/lookthrough/build/kotlin/compileKotlin/local-state...
[2026-09-27 14:14:14] [PROGRESS] resolve files> Scanning /Users/macbook/Octo/modules/lookthrough/build/kotlin/compileTestKotlin...
[2026-09-27 14:14:14] [PROGRESS] resolve files> Scanning /Users/macbook/Octo/modules/lookthrough/build/kotlin/compileTestKotlin/cacheable...
[2026-09-27 14:14:14] [PROGRESS] resolve files> Scanning /Users/macbook/Octo/modules/lookthrough/build/kotlin/compileTestKotlin/cacheable/caches-jvm...
[2026-09-27 14:14:14] [PROGRESS] resolve files> Scanning /Users/macbook/Octo/modules/lookthrough/build/kotlin/compileTestKotlin/cacheable/caches-jvm/lookups...
[2026-09-27 14:14:14] [PROGRESS] resolve files> Scanning /Users/macbook/Octo/modules/lookthrough/build/kotlin/compileTestKotlin/cacheable/caches-jvm/jvm...
[2026-09-27 14:14:14] [PROGRESS] resolve files> Scanning /Users/macbook/Octo/modules/lookthrough/build/kotlin/compileTestKotlin/cacheable/caches-jvm/jvm/kotlin...
[2026-09-27 14:14:14] [PROGRESS] resolve files> Scanning /Users/macbook/Octo/modules/lookthrough/build/kotlin/compileTestKotlin/cacheable/caches-jvm/inputs...
[2026-09-27 14:14:14] [PROGRESS] resolve files> Scanning /Users/macbook/Octo/modules/lookthrough/build/kotlin/compileTestKotlin/classpath-snapshot...
[2026-09-27 14:14:14] [PROGRESS] resolve files> Scanning /Users/macbook/Octo/modules/lookthrough/build/kotlin/compileTestKotlin/local-state...
[2026-09-27 14:14:14] [PROGRESS] resolve files> Scanning /Users/macbook/Octo/modules/lookthrough/build/libs...
[2026-09-27 14:14:14] [PROGRESS] resolve files> Scanning /Users/macbook/Octo/modules/lookthrough/build/intermediates...
[2026-09-27 14:14:14] [PROGRESS] resolve files> Scanning /Users/macbook/Octo/modules/lookthrough/build/intermediates/ktLint...
[2026-09-27 14:14:14] [PROGRESS] resolve files> Scanning /Users/macbook/Octo/modules/lookthrough/build/test-results...
[2026-09-27 14:14:14] [PROGRESS] resolve files> Scanning /Users/macbook/Octo/modules/lookthrough/build/test-results/test...
[2026-09-27 14:14:14] [PROGRESS] resolve files> Scanning /Users/macbook/Octo/modules/lookthrough/build/test-results/test/binary...
[2026-09-27 14:14:14] [PROGRESS] resolve files> Scanning /Users/macbook/Octo/modules/lookthrough/build/tmp...
[2026-09-27 14:14:14] [PROGRESS] resolve files> Scanning /Users/macbook/Octo/modules/lookthrough/build/tmp/koverCachedVerify...
[2026-09-27 14:14:14] [PROGRESS] resolve files> Scanning /Users/macbook/Octo/modules/lookthrough/build/tmp/test...
[2026-09-27 14:14:14] [PROGRESS] resolve files> Scanning /Users/macbook/Octo/modules/lookthrough/build/tmp/jar...
[2026-09-27 14:14:14] [PROGRESS] resolve files> Scanning /Users/macbook/Octo/modules/lookthrough/build/tmp/koverLog...
[2026-09-27 14:14:14] [PROGRESS] resolve files> Scanning /Users/macbook/Octo/modules/lookthrough/build/reports...
[2026-09-27 14:14:14] [PROGRESS] resolve files> Scanning /Users/macbook/Octo/modules/lookthrough/build/reports/kover...
[2026-09-27 14:14:14] [PROGRESS] resolve files> Scanning /Users/macbook/Octo/modules/lookthrough/build/reports/ktlint...
[2026-09-27 14:14:14] [PROGRESS] resolve files> Scanning /Users/macbook/Octo/modules/lookthrough/build/reports/ktlint/ktlintKotlinScriptCheck...
[2026-09-27 14:14:14] [PROGRESS] resolve files> Scanning /Users/macbook/Octo/modules/lookthrough/build/reports/ktlint/ktlintMainSourceSetFormat...
[2026-09-27 14:14:14] [PROGRESS] resolve files> Scanning /Users/macbook/Octo/modules/lookthrough/build/reports/ktlint/ktlintMainSourceSetCheck...
[2026-09-27 14:14:14] [PROGRESS] resolve files> Scanning /Users/macbook/Octo/modules/lookthrough/build/reports/ktlint/ktlintKotlinScriptFormat...
[2026-09-27 14:14:14] [PROGRESS] resolve files> Scanning /Users/macbook/Octo/modules/lookthrough/build/reports/ktlint/ktlintTestSourceSetFormat...
[2026-09-27 14:14:14] [PROGRESS] resolve files> Scanning /Users/macbook/Octo/modules/lookthrough/build/reports/ktlint/ktlintTestSourceSetCheck...
[2026-09-27 14:14:14] [PROGRESS] resolve files> Scanning /Users/macbook/Octo/modules/lookthrough/build/reports/tests...
[2026-09-27 14:14:14] [PROGRESS] resolve files> Scanning /Users/macbook/Octo/modules/lookthrough/build/reports/tests/test...
[2026-09-27 14:14:14] [PROGRESS] resolve files> Scanning /Users/macbook/Octo/modules/lookthrough/build/reports/tests/test/VgZAmp4oS8E...
[2026-09-27 14:14:14] [PROGRESS] resolve files> Scanning /Users/macbook/Octo/modules/lookthrough/build/reports/tests/test/css...
[2026-09-27 14:14:14] [PROGRESS] resolve files> Scanning /Users/macbook/Octo/modules/lookthrough/build/reports/tests/test/js...
[2026-09-27 14:14:14] [PROGRESS] resolve files> Scanning /Users/macbook/Octo/modules/lookthrough/build/reports/tests/test/VeJBf5_G8f8...
[2026-09-27 14:14:14] [PROGRESS] resolve files> Scanning /Users/macbook/Octo/modules/lookthrough/src...
[2026-09-27 14:14:14] [PROGRESS] resolve files> Scanning /Users/macbook/Octo/modules/lookthrough/src/test...
[2026-09-27 14:14:14] [PROGRESS] resolve files> Scanning /Users/macbook/Octo/modules/lookthrough/src/test/kotlin...
[2026-09-27 14:14:14] [PROGRESS] resolve files> Scanning /Users/macbook/Octo/modules/lookthrough/src/test/kotlin/com...
[2026-09-27 14:14:14] [PROGRESS] resolve files> Scanning /Users/macbook/Octo/modules/lookthrough/src/test/kotlin/com/octo...
[2026-09-27 14:14:14] [PROGRESS] resolve files> Scanning /Users/macbook/Octo/modules/lookthrough/src/test/kotlin/com/octo/lookthrough...
[2026-09-27 14:14:14] [PROGRESS] resolve files> Scanning /Users/macbook/Octo/modules/lookthrough/src/main...
[2026-09-27 14:14:14] [PROGRESS] resolve files> Scanning /Users/macbook/Octo/modules/lookthrough/src/main/kotlin...
[2026-09-27 14:14:14] [PROGRESS] resolve files> Scanning /Users/macbook/Octo/modules/lookthrough/src/main/kotlin/com...
[2026-09-27 14:14:14] [PROGRESS] resolve files> Scanning /Users/macbook/Octo/modules/lookthrough/src/main/kotlin/com/octo...
[2026-09-27 14:14:14] [PROGRESS] resolve files> Scanning /Users/macbook/Octo/modules/lookthrough/src/main/kotlin/com/octo/lookthrough...
[2026-09-27 14:14:14] [PROGRESS] resolve files> Scanning /Users/macbook/Octo/modules/control-panel...
[2026-09-27 14:14:14] [PROGRESS] resolve files> Scanning /Users/macbook/Octo/modules/control-panel/build...
[2026-09-27 14:14:14] [PROGRESS] resolve files> Scanning /Users/macbook/Octo/modules/control-panel/build/kover...
[2026-09-27 14:14:14] [PROGRESS] resolve files> Scanning /Users/macbook/Octo/modules/control-panel/build/kover/bin-reports...
[2026-09-27 14:14:14] [PROGRESS] resolve files> Scanning /Users/macbook/Octo/modules/control-panel/build/classes...
[2026-09-27 14:14:14] [PROGRESS] resolve files> Scanning /Users/macbook/Octo/modules/control-panel/build/classes/kotlin...
[2026-09-27 14:14:14] [PROGRESS] resolve files> Scanning /Users/macbook/Octo/modules/control-panel/build/classes/kotlin/test...
[2026-09-27 14:14:14] [PROGRESS] resolve files> Scanning /Users/macbook/Octo/modules/control-panel/build/classes/kotlin/test/META-INF...
[2026-09-27 14:14:14] [PROGRESS] resolve files> Scanning /Users/macbook/Octo/modules/control-panel/build/classes/kotlin/test/com...
[2026-09-27 14:14:14] [PROGRESS] resolve files> Scanning /Users/macbook/Octo/modules/control-panel/build/classes/kotlin/test/com/octo...
[2026-09-27 14:14:14] [PROGRESS] resolve files> Scanning /Users/macbook/Octo/modules/control-panel/build/classes/kotlin/test/com/octo/controlpanel...
[2026-09-27 14:14:14] [PROGRESS] resolve files> Scanning /Users/macbook/Octo/modules/control-panel/build/classes/kotlin/test/com/octo/controlpanel/judgment...
[2026-09-27 14:14:14] [PROGRESS] resolve files> Scanning /Users/macbook/Octo/modules/control-panel/build/classes/kotlin/main...
[2026-09-27 14:14:14] [PROGRESS] resolve files> Scanning /Users/macbook/Octo/modules/control-panel/build/classes/kotlin/main/META-INF...
[2026-09-27 14:14:14] [PROGRESS] resolve files> Scanning /Users/macbook/Octo/modules/control-panel/build/classes/kotlin/main/com...
[2026-09-27 14:14:14] [PROGRESS] resolve files> Scanning /Users/macbook/Octo/modules/control-panel/build/classes/kotlin/main/com/octo...
[2026-09-27 14:14:14] [PROGRESS] resolve files> Scanning /Users/macbook/Octo/modules/control-panel/build/classes/kotlin/main/com/octo/controlpanel...
[2026-09-27 14:14:14] [PROGRESS] resolve files> Scanning /Users/macbook/Octo/modules/control-panel/build/classes/kotlin/main/com/octo/controlpanel/judgment...
[2026-09-27 14:14:14] [PROGRESS] resolve files> Scanning /Users/macbook/Octo/modules/control-panel/build/kotlin...
[2026-09-27 14:14:14] [PROGRESS] resolve files> Scanning /Users/macbook/Octo/modules/control-panel/build/kotlin/compileKotlin...
[2026-09-27 14:14:14] [PROGRESS] resolve files> Scanning /Users/macbook/Octo/modules/control-panel/build/kotlin/compileKotlin/cacheable...
[2026-09-27 14:14:14] [PROGRESS] resolve files> Scanning /Users/macbook/Octo/modules/control-panel/build/kotlin/compileKotlin/cacheable/caches-jvm...
[2026-09-27 14:14:14] [PROGRESS] resolve files> Scanning /Users/macbook/Octo/modules/control-panel/build/kotlin/compileKotlin/cacheable/caches-jvm/lookups...
[2026-09-27 14:14:14] [PROGRESS] resolve files> Scanning /Users/macbook/Octo/modules/control-panel/build/kotlin/compileKotlin/cacheable/caches-jvm/jvm...
[2026-09-27 14:14:14] [PROGRESS] resolve files> Scanning /Users/macbook/Octo/modules/control-panel/build/kotlin/compileKotlin/cacheable/caches-jvm/jvm/kotlin...
[2026-09-27 14:14:14] [PROGRESS] resolve files> Scanning /Users/macbook/Octo/modules/control-panel/build/kotlin/compileKotlin/cacheable/caches-jvm/inputs...
[2026-09-27 14:14:14] [PROGRESS] resolve files> Scanning /Users/macbook/Octo/modules/control-panel/build/kotlin/compileKotlin/classpath-snapshot...
[2026-09-27 14:14:14] [PROGRESS] resolve files> Scanning /Users/macbook/Octo/modules/control-panel/build/kotlin/compileKotlin/local-state...
[2026-09-27 14:14:14] [PROGRESS] resolve files> Scanning /Users/macbook/Octo/modules/control-panel/build/kotlin/compileTestKotlin...
[2026-09-27 14:14:14] [PROGRESS] resolve files> Scanning /Users/macbook/Octo/modules/control-panel/build/kotlin/compileTestKotlin/cacheable...
[2026-09-27 14:14:14] [PROGRESS] resolve files> Scanning /Users/macbook/Octo/modules/control-panel/build/kotlin/compileTestKotlin/cacheable/caches-jvm...
[2026-09-27 14:14:14] [PROGRESS] resolve files> Scanning /Users/macbook/Octo/modules/control-panel/build/kotlin/compileTestKotlin/cacheable/caches-jvm/lookups...
[2026-09-27 14:14:14] [PROGRESS] resolve files> Scanning /Users/macbook/Octo/modules/control-panel/build/kotlin/compileTestKotlin/cacheable/caches-jvm/jvm...
[2026-09-27 14:14:14] [PROGRESS] resolve files> Scanning /Users/macbook/Octo/modules/control-panel/build/kotlin/compileTestKotlin/cacheable/caches-jvm/jvm/kotlin...
[2026-09-27 14:14:14] [PROGRESS] resolve files> Scanning /Users/macbook/Octo/modules/control-panel/build/kotlin/compileTestKotlin/cacheable/caches-jvm/inputs...
[2026-09-27 14:14:14] [PROGRESS] resolve files> Scanning /Users/macbook/Octo/modules/control-panel/build/kotlin/compileTestKotlin/classpath-snapshot...
[2026-09-27 14:14:14] [PROGRESS] resolve files> Scanning /Users/macbook/Octo/modules/control-panel/build/kotlin/compileTestKotlin/local-state...
[2026-09-27 14:14:14] [PROGRESS] resolve files> Scanning /Users/macbook/Octo/modules/control-panel/build/libs...
[2026-09-27 14:14:14] [PROGRESS] resolve files> Scanning /Users/macbook/Octo/modules/control-panel/build/intermediates...
[2026-09-27 14:14:14] [PROGRESS] resolve files> Scanning /Users/macbook/Octo/modules/control-panel/build/intermediates/ktLint...
[2026-09-27 14:14:14] [PROGRESS] resolve files> Scanning /Users/macbook/Octo/modules/control-panel/build/test-results...
[2026-09-27 14:14:14] [PROGRESS] resolve files> Scanning /Users/macbook/Octo/modules/control-panel/build/test-results/test...
[2026-09-27 14:14:14] [PROGRESS] resolve files> Scanning /Users/macbook/Octo/modules/control-panel/build/test-results/test/binary...
[2026-09-27 14:14:14] [PROGRESS] resolve files> Scanning /Users/macbook/Octo/modules/control-panel/build/tmp...
[2026-09-27 14:14:14] [PROGRESS] resolve files> Scanning /Users/macbook/Octo/modules/control-panel/build/tmp/koverCachedVerify...
[2026-09-27 14:14:14] [PROGRESS] resolve files> Scanning /Users/macbook/Octo/modules/control-panel/build/tmp/test...
[2026-09-27 14:14:14] [PROGRESS] resolve files> Scanning /Users/macbook/Octo/modules/control-panel/build/tmp/jar...
[2026-09-27 14:14:14] [PROGRESS] resolve files> Scanning /Users/macbook/Octo/modules/control-panel/build/reports...
[2026-09-27 14:14:14] [PROGRESS] resolve files> Scanning /Users/macbook/Octo/modules/control-panel/build/reports/kover...
[2026-09-27 14:14:14] [PROGRESS] resolve files> Scanning /Users/macbook/Octo/modules/control-panel/build/reports/ktlint...
[2026-09-27 14:14:14] [PROGRESS] resolve files> Scanning /Users/macbook/Octo/modules/control-panel/build/reports/ktlint/ktlintKotlinScriptCheck...
[2026-09-27 14:14:14] [PROGRESS] resolve files> Scanning /Users/macbook/Octo/modules/control-panel/build/reports/ktlint/ktlintMainSourceSetFormat...
[2026-09-27 14:14:14] [PROGRESS] resolve files> Scanning /Users/macbook/Octo/modules/control-panel/build/reports/ktlint/ktlintMainSourceSetCheck...
[2026-09-27 14:14:14] [PROGRESS] resolve files> Scanning /Users/macbook/Octo/modules/control-panel/build/reports/ktlint/ktlintKotlinScriptFormat...
[2026-09-27 14:14:14] [PROGRESS] resolve files> Scanning /Users/macbook/Octo/modules/control-panel/build/reports/ktlint/ktlintTestSourceSetFormat...
[2026-09-27 14:14:14] [PROGRESS] resolve files> Scanning /Users/macbook/Octo/modules/control-panel/build/reports/ktlint/ktlintTestSourceSetCheck...
[2026-09-27 14:14:14] [PROGRESS] resolve files> Scanning /Users/macbook/Octo/modules/control-panel/build/reports/tests...
[2026-09-27 14:14:14] [PROGRESS] resolve files> Scanning /Users/macbook/Octo/modules/control-panel/build/reports/tests/test...
[2026-09-27 14:14:14] [PROGRESS] resolve files> Scanning /Users/macbook/Octo/modules/control-panel/build/reports/tests/test/t9GgHPROf-0...
[2026-09-27 14:14:14] [PROGRESS] resolve files> Scanning /Users/macbook/Octo/modules/control-panel/build/reports/tests/test/ruFu6Q45TOI...
[2026-09-27 14:14:14] [PROGRESS] resolve files> Scanning /Users/macbook/Octo/modules/control-panel/build/reports/tests/test/css...
[2026-09-27 14:14:14] [PROGRESS] resolve files> Scanning /Users/macbook/Octo/modules/control-panel/build/reports/tests/test/js...
[2026-09-27 14:14:14] [PROGRESS] resolve files> Scanning /Users/macbook/Octo/modules/control-panel/build/reports/tests/test/ExIzrQ5NxJI...
[2026-09-27 14:14:14] [PROGRESS] resolve files> Scanning /Users/macbook/Octo/modules/control-panel/build/reports/tests/test/65I8KlHYUo4...
[2026-09-27 14:14:14] [PROGRESS] resolve files> Scanning /Users/macbook/Octo/modules/control-panel/build/reports/tests/test/s1BIA4iesVc...
[2026-09-27 14:14:14] [PROGRESS] resolve files> Scanning /Users/macbook/Octo/modules/control-panel/build/reports/tests/test/Wj8oKJuc12M...
[2026-09-27 14:14:14] [PROGRESS] resolve files> Scanning /Users/macbook/Octo/modules/control-panel/src...
[2026-09-27 14:14:14] [PROGRESS] resolve files> Scanning /Users/macbook/Octo/modules/control-panel/src/test...
[2026-09-27 14:14:14] [PROGRESS] resolve files> Scanning /Users/macbook/Octo/modules/control-panel/src/test/kotlin...
[2026-09-27 14:14:14] [PROGRESS] resolve files> Scanning /Users/macbook/Octo/modules/control-panel/src/test/kotlin/com...
[2026-09-27 14:14:14] [PROGRESS] resolve files> Scanning /Users/macbook/Octo/modules/control-panel/src/test/kotlin/com/octo...
[2026-09-27 14:14:14] [PROGRESS] resolve files> Scanning /Users/macbook/Octo/modules/control-panel/src/test/kotlin/com/octo/controlpanel...
[2026-09-27 14:14:14] [PROGRESS] resolve files> Scanning /Users/macbook/Octo/modules/control-panel/src/test/kotlin/com/octo/controlpanel/judgment...
[2026-09-27 14:14:14] [PROGRESS] resolve files> Scanning /Users/macbook/Octo/modules/control-panel/src/main...
[2026-09-27 14:14:14] [PROGRESS] resolve files> Scanning /Users/macbook/Octo/modules/control-panel/src/main/kotlin...
[2026-09-27 14:14:14] [PROGRESS] resolve files> Scanning /Users/macbook/Octo/modules/control-panel/src/main/kotlin/com...
[2026-09-27 14:14:14] [PROGRESS] resolve files> Scanning /Users/macbook/Octo/modules/control-panel/src/main/kotlin/com/octo...
[2026-09-27 14:14:14] [PROGRESS] resolve files> Scanning /Users/macbook/Octo/modules/control-panel/src/main/kotlin/com/octo/controlpanel...
[2026-09-27 14:14:14] [PROGRESS] resolve files> Scanning /Users/macbook/Octo/modules/control-panel/src/main/kotlin/com/octo/controlpanel/judgment...
[2026-09-27 14:14:14] [PROGRESS] resolve files> Scanning /Users/macbook/Octo/modules/ontology...
[2026-09-27 14:14:14] [PROGRESS] resolve files> Scanning /Users/macbook/Octo/modules/ontology/build...
[2026-09-27 14:14:14] [PROGRESS] resolve files> Scanning /Users/macbook/Octo/modules/ontology/build/kover...
[2026-09-27 14:14:14] [PROGRESS] resolve files> Scanning /Users/macbook/Octo/modules/ontology/build/kover/bin-reports...
[2026-09-27 14:14:14] [PROGRESS] resolve files> Scanning /Users/macbook/Octo/modules/ontology/build/classes...
[2026-09-27 14:14:14] [PROGRESS] resolve files> Scanning /Users/macbook/Octo/modules/ontology/build/classes/kotlin...
[2026-09-27 14:14:14] [PROGRESS] resolve files> Scanning /Users/macbook/Octo/modules/ontology/build/classes/kotlin/test...
[2026-09-27 14:14:14] [PROGRESS] resolve files> Scanning /Users/macbook/Octo/modules/ontology/build/classes/kotlin/test/META-INF...
[2026-09-27 14:14:14] [PROGRESS] resolve files> Scanning /Users/macbook/Octo/modules/ontology/build/classes/kotlin/test/com...
[2026-09-27 14:14:14] [PROGRESS] resolve files> Scanning /Users/macbook/Octo/modules/ontology/build/classes/kotlin/test/com/octo...
[2026-09-27 14:14:14] [PROGRESS] resolve files> Scanning /Users/macbook/Octo/modules/ontology/build/classes/kotlin/test/com/octo/ontology...
[2026-09-27 14:14:14] [PROGRESS] resolve files> Scanning /Users/macbook/Octo/modules/ontology/build/classes/kotlin/main...
[2026-09-27 14:14:14] [PROGRESS] resolve files> Scanning /Users/macbook/Octo/modules/ontology/build/classes/kotlin/main/META-INF...
[2026-09-27 14:14:14] [PROGRESS] resolve files> Scanning /Users/macbook/Octo/modules/ontology/build/classes/kotlin/main/com...
[2026-09-27 14:14:14] [PROGRESS] resolve files> Scanning /Users/macbook/Octo/modules/ontology/build/classes/kotlin/main/com/octo...
[2026-09-27 14:14:14] [PROGRESS] resolve files> Scanning /Users/macbook/Octo/modules/ontology/build/classes/kotlin/main/com/octo/ontology...
[2026-09-27 14:14:14] [PROGRESS] resolve files> Scanning /Users/macbook/Octo/modules/ontology/build/resources...
[2026-09-27 14:14:14] [PROGRESS] resolve files> Scanning /Users/macbook/Octo/modules/ontology/build/resources/test...
[2026-09-27 14:14:14] [PROGRESS] resolve files> Scanning /Users/macbook/Octo/modules/ontology/build/kotlin...
[2026-09-27 14:14:14] [PROGRESS] resolve files> Scanning /Users/macbook/Octo/modules/ontology/build/kotlin/compileKotlin...
[2026-09-27 14:14:14] [PROGRESS] resolve files> Scanning /Users/macbook/Octo/modules/ontology/build/kotlin/compileKotlin/cacheable...
[2026-09-27 14:14:14] [PROGRESS] resolve files> Scanning /Users/macbook/Octo/modules/ontology/build/kotlin/compileKotlin/cacheable/caches-jvm...
[2026-09-27 14:14:14] [PROGRESS] resolve files> Scanning /Users/macbook/Octo/modules/ontology/build/kotlin/compileKotlin/cacheable/caches-jvm/lookups...
[2026-09-27 14:14:14] [PROGRESS] resolve files> Scanning /Users/macbook/Octo/modules/ontology/build/kotlin/compileKotlin/cacheable/caches-jvm/jvm...
[2026-09-27 14:14:14] [PROGRESS] resolve files> Scanning /Users/macbook/Octo/modules/ontology/build/kotlin/compileKotlin/cacheable/caches-jvm/jvm/kotlin...
[2026-09-27 14:14:14] [PROGRESS] resolve files> Scanning /Users/macbook/Octo/modules/ontology/build/kotlin/compileKotlin/cacheable/caches-jvm/inputs...
[2026-09-27 14:14:14] [PROGRESS] resolve files> Scanning /Users/macbook/Octo/modules/ontology/build/kotlin/compileKotlin/classpath-snapshot...
[2026-09-27 14:14:14] [PROGRESS] resolve files> Scanning /Users/macbook/Octo/modules/ontology/build/kotlin/compileKotlin/local-state...
[2026-09-27 14:14:14] [PROGRESS] resolve files> Scanning /Users/macbook/Octo/modules/ontology/build/kotlin/compileTestKotlin...
[2026-09-27 14:14:14] [PROGRESS] resolve files> Scanning /Users/macbook/Octo/modules/ontology/build/kotlin/compileTestKotlin/cacheable...
[2026-09-27 14:14:14] [PROGRESS] resolve files> Scanning /Users/macbook/Octo/modules/ontology/build/kotlin/compileTestKotlin/cacheable/caches-jvm...
[2026-09-27 14:14:14] [PROGRESS] resolve files> Scanning /Users/macbook/Octo/modules/ontology/build/kotlin/compileTestKotlin/cacheable/caches-jvm/lookups...
[2026-09-27 14:14:14] [PROGRESS] resolve files> Scanning /Users/macbook/Octo/modules/ontology/build/kotlin/compileTestKotlin/cacheable/caches-jvm/jvm...
[2026-09-27 14:14:14] [PROGRESS] resolve files> Scanning /Users/macbook/Octo/modules/ontology/build/kotlin/compileTestKotlin/cacheable/caches-jvm/jvm/kotlin...
[2026-09-27 14:14:14] [PROGRESS] resolve files> Scanning /Users/macbook/Octo/modules/ontology/build/kotlin/compileTestKotlin/cacheable/caches-jvm/inputs...
[2026-09-27 14:14:14] [PROGRESS] resolve files> Scanning /Users/macbook/Octo/modules/ontology/build/kotlin/compileTestKotlin/classpath-snapshot...
[2026-09-27 14:14:14] [PROGRESS] resolve files> Scanning /Users/macbook/Octo/modules/ontology/build/kotlin/compileTestKotlin/local-state...
[2026-09-27 14:14:14] [PROGRESS] resolve files> Scanning /Users/macbook/Octo/modules/ontology/build/libs...
[2026-09-27 14:14:14] [PROGRESS] resolve files> Scanning /Users/macbook/Octo/modules/ontology/build/intermediates...
[2026-09-27 14:14:14] [PROGRESS] resolve files> Scanning /Users/macbook/Octo/modules/ontology/build/intermediates/ktLint...
[2026-09-27 14:14:14] [PROGRESS] resolve files> Scanning /Users/macbook/Octo/modules/ontology/build/test-results...
[2026-09-27 14:14:14] [PROGRESS] resolve files> Scanning /Users/macbook/Octo/modules/ontology/build/test-results/test...
[2026-09-27 14:14:14] [PROGRESS] resolve files> Scanning /Users/macbook/Octo/modules/ontology/build/test-results/test/binary...
[2026-09-27 14:14:14] [PROGRESS] resolve files> Scanning /Users/macbook/Octo/modules/ontology/build/tmp...
[2026-09-27 14:14:14] [PROGRESS] resolve files> Scanning /Users/macbook/Octo/modules/ontology/build/tmp/koverCachedVerify...
[2026-09-27 14:14:14] [PROGRESS] resolve files> Scanning /Users/macbook/Octo/modules/ontology/build/tmp/test...
[2026-09-27 14:14:14] [PROGRESS] resolve files> Scanning /Users/macbook/Octo/modules/ontology/build/tmp/jar...
[2026-09-27 14:14:14] [PROGRESS] resolve files> Scanning /Users/macbook/Octo/modules/ontology/build/reports...
[2026-09-27 14:14:14] [PROGRESS] resolve files> Scanning /Users/macbook/Octo/modules/ontology/build/reports/kover...
[2026-09-27 14:14:14] [PROGRESS] resolve files> Scanning /Users/macbook/Octo/modules/ontology/build/reports/ktlint...
[2026-09-27 14:14:14] [PROGRESS] resolve files> Scanning /Users/macbook/Octo/modules/ontology/build/reports/ktlint/ktlintKotlinScriptCheck...
[2026-09-27 14:14:14] [PROGRESS] resolve files> Scanning /Users/macbook/Octo/modules/ontology/build/reports/ktlint/ktlintMainSourceSetFormat...
[2026-09-27 14:14:14] [PROGRESS] resolve files> Scanning /Users/macbook/Octo/modules/ontology/build/reports/ktlint/ktlintMainSourceSetCheck...
[2026-09-27 14:14:14] [PROGRESS] resolve files> Scanning /Users/macbook/Octo/modules/ontology/build/reports/ktlint/ktlintKotlinScriptFormat...
[2026-09-27 14:14:14] [PROGRESS] resolve files> Scanning /Users/macbook/Octo/modules/ontology/build/reports/ktlint/ktlintTestSourceSetFormat...
[2026-09-27 14:14:14] [PROGRESS] resolve files> Scanning /Users/macbook/Octo/modules/ontology/build/reports/ktlint/ktlintTestSourceSetCheck...
[2026-09-27 14:14:14] [PROGRESS] resolve files> Scanning /Users/macbook/Octo/modules/ontology/build/reports/tests...
[2026-09-27 14:14:14] [PROGRESS] resolve files> Scanning /Users/macbook/Octo/modules/ontology/build/reports/tests/test...
[2026-09-27 14:14:14] [PROGRESS] resolve files> Scanning /Users/macbook/Octo/modules/ontology/build/reports/tests/test/M2Fw0ZPoTvs...
[2026-09-27 14:14:14] [PROGRESS] resolve files> Scanning /Users/macbook/Octo/modules/ontology/build/reports/tests/test/css...
[2026-09-27 14:14:14] [PROGRESS] resolve files> Scanning /Users/macbook/Octo/modules/ontology/build/reports/tests/test/js...
[2026-09-27 14:14:14] [PROGRESS] resolve files> Scanning /Users/macbook/Octo/modules/ontology/build/reports/tests/test/vYc4Nml4ZIo...
[2026-09-27 14:14:14] [PROGRESS] resolve files> Scanning /Users/macbook/Octo/modules/ontology/build/reports/tests/test/NbvIEtfmNss...
[2026-09-27 14:14:14] [PROGRESS] resolve files> Scanning /Users/macbook/Octo/modules/ontology/build/reports/tests/test/Z5cIs7hySXU...
[2026-09-27 14:14:14] [PROGRESS] resolve files> Scanning /Users/macbook/Octo/modules/ontology/build/reports/tests/test/7X-zbdBdwS0...
[2026-09-27 14:14:14] [PROGRESS] resolve files> Scanning /Users/macbook/Octo/modules/ontology/build/reports/tests/test/FaGWTWPDM2o...
[2026-09-27 14:14:14] [PROGRESS] resolve files> Scanning /Users/macbook/Octo/modules/ontology/build/reports/tests/test/lI20hbB_Psg...
[2026-09-27 14:14:14] [PROGRESS] resolve files> Scanning /Users/macbook/Octo/modules/ontology/build/reports/tests/test/rm63L77_fks...
[2026-09-27 14:14:14] [PROGRESS] resolve files> Scanning /Users/macbook/Octo/modules/ontology/build/reports/tests/test/x7faquWhZ2A...
[2026-09-27 14:14:14] [PROGRESS] resolve files> Scanning /Users/macbook/Octo/modules/ontology/src...
[2026-09-27 14:14:14] [PROGRESS] resolve files> Scanning /Users/macbook/Octo/modules/ontology/src/test...
[2026-09-27 14:14:14] [PROGRESS] resolve files> Scanning /Users/macbook/Octo/modules/ontology/src/test/resources...
[2026-09-27 14:14:14] [PROGRESS] resolve files> Scanning /Users/macbook/Octo/modules/ontology/src/test/kotlin...
[2026-09-27 14:14:14] [PROGRESS] resolve files> Scanning /Users/macbook/Octo/modules/ontology/src/test/kotlin/com...
[2026-09-27 14:14:14] [PROGRESS] resolve files> Scanning /Users/macbook/Octo/modules/ontology/src/test/kotlin/com/octo...
[2026-09-27 14:14:14] [PROGRESS] resolve files> Scanning /Users/macbook/Octo/modules/ontology/src/test/kotlin/com/octo/ontology...
[2026-09-27 14:14:14] [PROGRESS] resolve files> Scanning /Users/macbook/Octo/modules/ontology/src/main...
[2026-09-27 14:14:14] [PROGRESS] resolve files> Scanning /Users/macbook/Octo/modules/ontology/src/main/kotlin...
[2026-09-27 14:14:14] [PROGRESS] resolve files> Scanning /Users/macbook/Octo/modules/ontology/src/main/kotlin/com...
[2026-09-27 14:14:14] [PROGRESS] resolve files> Scanning /Users/macbook/Octo/modules/ontology/src/main/kotlin/com/octo...
[2026-09-27 14:14:14] [PROGRESS] resolve files> Scanning /Users/macbook/Octo/modules/ontology/src/main/kotlin/com/octo/ontology...
[2026-09-27 14:14:14] [PROGRESS] resolve files> Scanning /Users/macbook/Octo/modules/workflow...
[2026-09-27 14:14:14] [PROGRESS] resolve files> Scanning /Users/macbook/Octo/modules/workflow/build...
[2026-09-27 14:14:14] [PROGRESS] resolve files> Scanning /Users/macbook/Octo/modules/workflow/build/kover...
[2026-09-27 14:14:14] [PROGRESS] resolve files> Scanning /Users/macbook/Octo/modules/workflow/build/kover/bin-reports...
[2026-09-27 14:14:14] [PROGRESS] resolve files> Scanning /Users/macbook/Octo/modules/workflow/build/classes...
[2026-09-27 14:14:14] [PROGRESS] resolve files> Scanning /Users/macbook/Octo/modules/workflow/build/classes/kotlin...
[2026-09-27 14:14:14] [PROGRESS] resolve files> Scanning /Users/macbook/Octo/modules/workflow/build/classes/kotlin/test...
[2026-09-27 14:14:14] [PROGRESS] resolve files> Scanning /Users/macbook/Octo/modules/workflow/build/classes/kotlin/test/META-INF...
[2026-09-27 14:14:14] [PROGRESS] resolve files> Scanning /Users/macbook/Octo/modules/workflow/build/classes/kotlin/test/com...
[2026-09-27 14:14:14] [PROGRESS] resolve files> Scanning /Users/macbook/Octo/modules/workflow/build/classes/kotlin/test/com/octo...
[2026-09-27 14:14:14] [PROGRESS] resolve files> Scanning /Users/macbook/Octo/modules/workflow/build/classes/kotlin/test/com/octo/workflow...
[2026-09-27 14:14:14] [PROGRESS] resolve files> Scanning /Users/macbook/Octo/modules/workflow/build/classes/kotlin/test/com/octo/workflow/audit...
[2026-09-27 14:14:14] [PROGRESS] resolve files> Scanning /Users/macbook/Octo/modules/workflow/build/classes/kotlin/main...
[2026-09-27 14:14:14] [PROGRESS] resolve files> Scanning /Users/macbook/Octo/modules/workflow/build/classes/kotlin/main/META-INF...
[2026-09-27 14:14:14] [PROGRESS] resolve files> Scanning /Users/macbook/Octo/modules/workflow/build/classes/kotlin/main/com...
[2026-09-27 14:14:14] [PROGRESS] resolve files> Scanning /Users/macbook/Octo/modules/workflow/build/classes/kotlin/main/com/octo...
[2026-09-27 14:14:14] [PROGRESS] resolve files> Scanning /Users/macbook/Octo/modules/workflow/build/classes/kotlin/main/com/octo/workflow...
[2026-09-27 14:14:14] [PROGRESS] resolve files> Scanning /Users/macbook/Octo/modules/workflow/build/classes/kotlin/main/com/octo/workflow/audit...
[2026-09-27 14:14:14] [PROGRESS] resolve files> Scanning /Users/macbook/Octo/modules/workflow/build/classes/kotlin/main/com/octo/workflow/persistence...
[2026-09-27 14:14:14] [PROGRESS] resolve files> Scanning /Users/macbook/Octo/modules/workflow/build/classes/kotlin/main/com/octo/workflow/report...
[2026-09-27 14:14:14] [PROGRESS] resolve files> Scanning /Users/macbook/Octo/modules/workflow/build/kotlin...
[2026-09-27 14:14:14] [PROGRESS] resolve files> Scanning /Users/macbook/Octo/modules/workflow/build/kotlin/compileKotlin...
[2026-09-27 14:14:14] [PROGRESS] resolve files> Scanning /Users/macbook/Octo/modules/workflow/build/kotlin/compileKotlin/cacheable...
[2026-09-27 14:14:14] [PROGRESS] resolve files> Scanning /Users/macbook/Octo/modules/workflow/build/kotlin/compileKotlin/cacheable/caches-jvm...
[2026-09-27 14:14:14] [PROGRESS] resolve files> Scanning /Users/macbook/Octo/modules/workflow/build/kotlin/compileKotlin/cacheable/caches-jvm/lookups...
[2026-09-27 14:14:14] [PROGRESS] resolve files> Scanning /Users/macbook/Octo/modules/workflow/build/kotlin/compileKotlin/cacheable/caches-jvm/jvm...
[2026-09-27 14:14:14] [PROGRESS] resolve files> Scanning /Users/macbook/Octo/modules/workflow/build/kotlin/compileKotlin/cacheable/caches-jvm/jvm/kotlin...
[2026-09-27 14:14:14] [PROGRESS] resolve files> Scanning /Users/macbook/Octo/modules/workflow/build/kotlin/compileKotlin/cacheable/caches-jvm/inputs...
[2026-09-27 14:14:14] [PROGRESS] resolve files> Scanning /Users/macbook/Octo/modules/workflow/build/kotlin/compileKotlin/classpath-snapshot...
[2026-09-27 14:14:14] [PROGRESS] resolve files> Scanning /Users/macbook/Octo/modules/workflow/build/kotlin/compileKotlin/local-state...
[2026-09-27 14:14:14] [PROGRESS] resolve files> Scanning /Users/macbook/Octo/modules/workflow/build/kotlin/compileTestKotlin...
[2026-09-27 14:14:14] [PROGRESS] resolve files> Scanning /Users/macbook/Octo/modules/workflow/build/kotlin/compileTestKotlin/cacheable...
[2026-09-27 14:14:14] [PROGRESS] resolve files> Scanning /Users/macbook/Octo/modules/workflow/build/kotlin/compileTestKotlin/cacheable/caches-jvm...
[2026-09-27 14:14:14] [PROGRESS] resolve files> Scanning /Users/macbook/Octo/modules/workflow/build/kotlin/compileTestKotlin/cacheable/caches-jvm/lookups...
[2026-09-27 14:14:14] [PROGRESS] resolve files> Scanning /Users/macbook/Octo/modules/workflow/build/kotlin/compileTestKotlin/cacheable/caches-jvm/jvm...
[2026-09-27 14:14:14] [PROGRESS] resolve files> Scanning /Users/macbook/Octo/modules/workflow/build/kotlin/compileTestKotlin/cacheable/caches-jvm/jvm/kotlin...
[2026-09-27 14:14:14] [PROGRESS] resolve files> Scanning /Users/macbook/Octo/modules/workflow/build/kotlin/compileTestKotlin/cacheable/caches-jvm/inputs...
[2026-09-27 14:14:14] [PROGRESS] resolve files> Scanning /Users/macbook/Octo/modules/workflow/build/kotlin/compileTestKotlin/classpath-snapshot...
[2026-09-27 14:14:14] [PROGRESS] resolve files> Scanning /Users/macbook/Octo/modules/workflow/build/kotlin/compileTestKotlin/local-state...
[2026-09-27 14:14:14] [PROGRESS] resolve files> Scanning /Users/macbook/Octo/modules/workflow/build/libs...
[2026-09-27 14:14:14] [PROGRESS] resolve files> Scanning /Users/macbook/Octo/modules/workflow/build/intermediates...
[2026-09-27 14:14:14] [PROGRESS] resolve files> Scanning /Users/macbook/Octo/modules/workflow/build/intermediates/ktLint...
[2026-09-27 14:14:14] [PROGRESS] resolve files> Scanning /Users/macbook/Octo/modules/workflow/build/test-results...
[2026-09-27 14:14:14] [PROGRESS] resolve files> Scanning /Users/macbook/Octo/modules/workflow/build/test-results/test...
[2026-09-27 14:14:14] [PROGRESS] resolve files> Scanning /Users/macbook/Octo/modules/workflow/build/test-results/test/binary...
[2026-09-27 14:14:14] [PROGRESS] resolve files> Scanning /Users/macbook/Octo/modules/workflow/build/tmp...
[2026-09-27 14:14:14] [PROGRESS] resolve files> Scanning /Users/macbook/Octo/modules/workflow/build/tmp/koverCachedVerify...
[2026-09-27 14:14:14] [PROGRESS] resolve files> Scanning /Users/macbook/Octo/modules/workflow/build/tmp/test...
[2026-09-27 14:14:14] [PROGRESS] resolve files> Scanning /Users/macbook/Octo/modules/workflow/build/tmp/jar...
[2026-09-27 14:14:14] [PROGRESS] resolve files> Scanning /Users/macbook/Octo/modules/workflow/build/reports...
[2026-09-27 14:14:14] [PROGRESS] resolve files> Scanning /Users/macbook/Octo/modules/workflow/build/reports/kover...
[2026-09-27 14:14:14] [PROGRESS] resolve files> Scanning /Users/macbook/Octo/modules/workflow/build/reports/ktlint...
[2026-09-27 14:14:14] [PROGRESS] resolve files> Scanning /Users/macbook/Octo/modules/workflow/build/reports/ktlint/ktlintKotlinScriptCheck...
[2026-09-27 14:14:14] [PROGRESS] resolve files> Scanning /Users/macbook/Octo/modules/workflow/build/reports/ktlint/ktlintMainSourceSetFormat...
[2026-09-27 14:14:14] [PROGRESS] resolve files> Scanning /Users/macbook/Octo/modules/workflow/build/reports/ktlint/ktlintMainSourceSetCheck...
[2026-09-27 14:14:14] [PROGRESS] resolve files> Scanning /Users/macbook/Octo/modules/workflow/build/reports/ktlint/ktlintKotlinScriptFormat...
[2026-09-27 14:14:14] [PROGRESS] resolve files> Scanning /Users/macbook/Octo/modules/workflow/build/reports/ktlint/ktlintTestSourceSetFormat...
[2026-09-27 14:14:14] [PROGRESS] resolve files> Scanning /Users/macbook/Octo/modules/workflow/build/reports/ktlint/ktlintTestSourceSetCheck...
[2026-09-27 14:14:14] [PROGRESS] resolve files> Scanning /Users/macbook/Octo/modules/workflow/build/reports/tests...
[2026-09-27 14:14:14] [PROGRESS] resolve files> Scanning /Users/macbook/Octo/modules/workflow/build/reports/tests/test...
[2026-09-27 14:14:14] [PROGRESS] resolve files> Scanning /Users/macbook/Octo/modules/workflow/build/reports/tests/test/AKXdQzrE6Mc...
[2026-09-27 14:14:14] [PROGRESS] resolve files> Scanning /Users/macbook/Octo/modules/workflow/build/reports/tests/test/ba600E-LgRQ...
[2026-09-27 14:14:14] [PROGRESS] resolve files> Scanning /Users/macbook/Octo/modules/workflow/build/reports/tests/test/css...
[2026-09-27 14:14:14] [PROGRESS] resolve files> Scanning /Users/macbook/Octo/modules/workflow/build/reports/tests/test/js...
[2026-09-27 14:14:14] [PROGRESS] resolve files> Scanning /Users/macbook/Octo/modules/workflow/build/reports/tests/test/6ybjrBrWHZk...
[2026-09-27 14:14:14] [PROGRESS] resolve files> Scanning /Users/macbook/Octo/modules/workflow/build/reports/tests/test/MjDqyFmY3HA...
[2026-09-27 14:14:14] [PROGRESS] resolve files> Scanning /Users/macbook/Octo/modules/workflow/build/reports/tests/test/JGkLReU1hew...
[2026-09-27 14:14:14] [PROGRESS] resolve files> Scanning /Users/macbook/Octo/modules/workflow/build/reports/tests/test/ZB6GUktDJFs...
[2026-09-27 14:14:14] [PROGRESS] resolve files> Scanning /Users/macbook/Octo/modules/workflow/src...
[2026-09-27 14:14:14] [PROGRESS] resolve files> Scanning /Users/macbook/Octo/modules/workflow/src/test...
[2026-09-27 14:14:14] [PROGRESS] resolve files> Scanning /Users/macbook/Octo/modules/workflow/src/test/kotlin...
[2026-09-27 14:14:14] [PROGRESS] resolve files> Scanning /Users/macbook/Octo/modules/workflow/src/test/kotlin/com...
[2026-09-27 14:14:14] [PROGRESS] resolve files> Scanning /Users/macbook/Octo/modules/workflow/src/test/kotlin/com/octo...
[2026-09-27 14:14:14] [PROGRESS] resolve files> Scanning /Users/macbook/Octo/modules/workflow/src/test/kotlin/com/octo/workflow...
[2026-09-27 14:14:14] [PROGRESS] resolve files> Scanning /Users/macbook/Octo/modules/workflow/src/test/kotlin/com/octo/workflow/audit...
[2026-09-27 14:14:14] [PROGRESS] resolve files> Scanning /Users/macbook/Octo/modules/workflow/src/main...
[2026-09-27 14:14:14] [PROGRESS] resolve files> Scanning /Users/macbook/Octo/modules/workflow/src/main/kotlin...
[2026-09-27 14:14:14] [PROGRESS] resolve files> Scanning /Users/macbook/Octo/modules/workflow/src/main/kotlin/com...
[2026-09-27 14:14:14] [PROGRESS] resolve files> Scanning /Users/macbook/Octo/modules/workflow/src/main/kotlin/com/octo...
[2026-09-27 14:14:14] [PROGRESS] resolve files> Scanning /Users/macbook/Octo/modules/workflow/src/main/kotlin/com/octo/workflow...
[2026-09-27 14:14:14] [PROGRESS] resolve files> Scanning /Users/macbook/Octo/modules/workflow/src/main/kotlin/com/octo/workflow/audit...
[2026-09-27 14:14:14] [PROGRESS] resolve files> Scanning /Users/macbook/Octo/modules/workflow/src/main/kotlin/com/octo/workflow/persistence...
[2026-09-27 14:14:14] [PROGRESS] resolve files> Scanning /Users/macbook/Octo/modules/workflow/src/main/kotlin/com/octo/workflow/report...
[2026-09-27 14:14:14] [PROGRESS] resolve files> Scanning /Users/macbook/Octo/modules/deal-sourcing...
[2026-09-27 14:14:14] [PROGRESS] resolve files> Scanning /Users/macbook/Octo/modules/deal-sourcing/build...
[2026-09-27 14:14:14] [PROGRESS] resolve files> Scanning /Users/macbook/Octo/modules/deal-sourcing/build/kover...
[2026-09-27 14:14:14] [PROGRESS] resolve files> Scanning /Users/macbook/Octo/modules/deal-sourcing/build/kover/bin-reports...
[2026-09-27 14:14:14] [PROGRESS] resolve files> Scanning /Users/macbook/Octo/modules/deal-sourcing/build/classes...
[2026-09-27 14:14:14] [PROGRESS] resolve files> Scanning /Users/macbook/Octo/modules/deal-sourcing/build/classes/kotlin...
[2026-09-27 14:14:14] [PROGRESS] resolve files> Scanning /Users/macbook/Octo/modules/deal-sourcing/build/classes/kotlin/test...
[2026-09-27 14:14:14] [PROGRESS] resolve files> Scanning /Users/macbook/Octo/modules/deal-sourcing/build/classes/kotlin/test/META-INF...
[2026-09-27 14:14:14] [PROGRESS] resolve files> Scanning /Users/macbook/Octo/modules/deal-sourcing/build/classes/kotlin/test/com...
[2026-09-27 14:14:14] [PROGRESS] resolve files> Scanning /Users/macbook/Octo/modules/deal-sourcing/build/classes/kotlin/test/com/octo...
[2026-09-27 14:14:14] [PROGRESS] resolve files> Scanning /Users/macbook/Octo/modules/deal-sourcing/build/classes/kotlin/test/com/octo/dealsourcing...
[2026-09-27 14:14:14] [PROGRESS] resolve files> Scanning /Users/macbook/Octo/modules/deal-sourcing/build/classes/kotlin/main...
[2026-09-27 14:14:14] [PROGRESS] resolve files> Scanning /Users/macbook/Octo/modules/deal-sourcing/build/classes/kotlin/main/META-INF...
[2026-09-27 14:14:14] [PROGRESS] resolve files> Scanning /Users/macbook/Octo/modules/deal-sourcing/build/classes/kotlin/main/com...
[2026-09-27 14:14:14] [PROGRESS] resolve files> Scanning /Users/macbook/Octo/modules/deal-sourcing/build/classes/kotlin/main/com/octo...
[2026-09-27 14:14:14] [PROGRESS] resolve files> Scanning /Users/macbook/Octo/modules/deal-sourcing/build/classes/kotlin/main/com/octo/dealsourcing...
[2026-09-27 14:14:14] [PROGRESS] resolve files> Scanning /Users/macbook/Octo/modules/deal-sourcing/build/classes/kotlin/main/com/octo/dealsourcing/persistence...
[2026-09-27 14:14:14] [PROGRESS] resolve files> Scanning /Users/macbook/Octo/modules/deal-sourcing/build/kotlin...
[2026-09-27 14:14:14] [PROGRESS] resolve files> Scanning /Users/macbook/Octo/modules/deal-sourcing/build/kotlin/compileKotlin...
[2026-09-27 14:14:14] [PROGRESS] resolve files> Scanning /Users/macbook/Octo/modules/deal-sourcing/build/kotlin/compileKotlin/cacheable...
[2026-09-27 14:14:14] [PROGRESS] resolve files> Scanning /Users/macbook/Octo/modules/deal-sourcing/build/kotlin/compileKotlin/cacheable/caches-jvm...
[2026-09-27 14:14:14] [PROGRESS] resolve files> Scanning /Users/macbook/Octo/modules/deal-sourcing/build/kotlin/compileKotlin/cacheable/caches-jvm/lookups...
[2026-09-27 14:14:14] [PROGRESS] resolve files> Scanning /Users/macbook/Octo/modules/deal-sourcing/build/kotlin/compileKotlin/cacheable/caches-jvm/jvm...
[2026-09-27 14:14:14] [PROGRESS] resolve files> Scanning /Users/macbook/Octo/modules/deal-sourcing/build/kotlin/compileKotlin/cacheable/caches-jvm/jvm/kotlin...
[2026-09-27 14:14:14] [PROGRESS] resolve files> Scanning /Users/macbook/Octo/modules/deal-sourcing/build/kotlin/compileKotlin/cacheable/caches-jvm/inputs...
[2026-09-27 14:14:14] [PROGRESS] resolve files> Scanning /Users/macbook/Octo/modules/deal-sourcing/build/kotlin/compileKotlin/classpath-snapshot...
[2026-09-27 14:14:14] [PROGRESS] resolve files> Scanning /Users/macbook/Octo/modules/deal-sourcing/build/kotlin/compileKotlin/local-state...
[2026-09-27 14:14:14] [PROGRESS] resolve files> Scanning /Users/macbook/Octo/modules/deal-sourcing/build/kotlin/compileTestKotlin...
[2026-09-27 14:14:14] [PROGRESS] resolve files> Scanning /Users/macbook/Octo/modules/deal-sourcing/build/kotlin/compileTestKotlin/cacheable...
[2026-09-27 14:14:14] [PROGRESS] resolve files> Scanning /Users/macbook/Octo/modules/deal-sourcing/build/kotlin/compileTestKotlin/cacheable/caches-jvm...
[2026-09-27 14:14:14] [PROGRESS] resolve files> Scanning /Users/macbook/Octo/modules/deal-sourcing/build/kotlin/compileTestKotlin/cacheable/caches-jvm/lookups...
[2026-09-27 14:14:14] [PROGRESS] resolve files> Scanning /Users/macbook/Octo/modules/deal-sourcing/build/kotlin/compileTestKotlin/cacheable/caches-jvm/jvm...
[2026-09-27 14:14:14] [PROGRESS] resolve files> Scanning /Users/macbook/Octo/modules/deal-sourcing/build/kotlin/compileTestKotlin/cacheable/caches-jvm/jvm/kotlin...
[2026-09-27 14:14:14] [PROGRESS] resolve files> Scanning /Users/macbook/Octo/modules/deal-sourcing/build/kotlin/compileTestKotlin/cacheable/caches-jvm/inputs...
[2026-09-27 14:14:14] [PROGRESS] resolve files> Scanning /Users/macbook/Octo/modules/deal-sourcing/build/kotlin/compileTestKotlin/classpath-snapshot...
[2026-09-27 14:14:14] [PROGRESS] resolve files> Scanning /Users/macbook/Octo/modules/deal-sourcing/build/kotlin/compileTestKotlin/local-state...
[2026-09-27 14:14:14] [PROGRESS] resolve files> Scanning /Users/macbook/Octo/modules/deal-sourcing/build/libs...
[2026-09-27 14:14:14] [PROGRESS] resolve files> Scanning /Users/macbook/Octo/modules/deal-sourcing/build/intermediates...
[2026-09-27 14:14:14] [PROGRESS] resolve files> Scanning /Users/macbook/Octo/modules/deal-sourcing/build/intermediates/ktLint...
[2026-09-27 14:14:14] [PROGRESS] resolve files> Scanning /Users/macbook/Octo/modules/deal-sourcing/build/test-results...
[2026-09-27 14:14:14] [PROGRESS] resolve files> Scanning /Users/macbook/Octo/modules/deal-sourcing/build/test-results/test...
[2026-09-27 14:14:14] [PROGRESS] resolve files> Scanning /Users/macbook/Octo/modules/deal-sourcing/build/test-results/test/binary...
[2026-09-27 14:14:14] [PROGRESS] resolve files> Scanning /Users/macbook/Octo/modules/deal-sourcing/build/tmp...
[2026-09-27 14:14:14] [PROGRESS] resolve files> Scanning /Users/macbook/Octo/modules/deal-sourcing/build/tmp/koverCachedVerify...
[2026-09-27 14:14:14] [PROGRESS] resolve files> Scanning /Users/macbook/Octo/modules/deal-sourcing/build/tmp/test...
[2026-09-27 14:14:14] [PROGRESS] resolve files> Scanning /Users/macbook/Octo/modules/deal-sourcing/build/tmp/jar...
[2026-09-27 14:14:14] [PROGRESS] resolve files> Scanning /Users/macbook/Octo/modules/deal-sourcing/build/reports...
[2026-09-27 14:14:14] [PROGRESS] resolve files> Scanning /Users/macbook/Octo/modules/deal-sourcing/build/reports/kover...
[2026-09-27 14:14:14] [PROGRESS] resolve files> Scanning /Users/macbook/Octo/modules/deal-sourcing/build/reports/ktlint...
[2026-09-27 14:14:14] [PROGRESS] resolve files> Scanning /Users/macbook/Octo/modules/deal-sourcing/build/reports/ktlint/ktlintKotlinScriptCheck...
[2026-09-27 14:14:14] [PROGRESS] resolve files> Scanning /Users/macbook/Octo/modules/deal-sourcing/build/reports/ktlint/ktlintMainSourceSetFormat...
[2026-09-27 14:14:14] [PROGRESS] resolve files> Scanning /Users/macbook/Octo/modules/deal-sourcing/build/reports/ktlint/ktlintMainSourceSetCheck...
[2026-09-27 14:14:14] [PROGRESS] resolve files> Scanning /Users/macbook/Octo/modules/deal-sourcing/build/reports/ktlint/ktlintKotlinScriptFormat...
[2026-09-27 14:14:14] [PROGRESS] resolve files> Scanning /Users/macbook/Octo/modules/deal-sourcing/build/reports/ktlint/ktlintTestSourceSetFormat...
[2026-09-27 14:14:14] [PROGRESS] resolve files> Scanning /Users/macbook/Octo/modules/deal-sourcing/build/reports/ktlint/ktlintTestSourceSetCheck...
[2026-09-27 14:14:14] [PROGRESS] resolve files> Scanning /Users/macbook/Octo/modules/deal-sourcing/build/reports/tests...
[2026-09-27 14:14:14] [PROGRESS] resolve files> Scanning /Users/macbook/Octo/modules/deal-sourcing/build/reports/tests/test...
[2026-09-27 14:14:14] [PROGRESS] resolve files> Scanning /Users/macbook/Octo/modules/deal-sourcing/build/reports/tests/test/css...
[2026-09-27 14:14:14] [PROGRESS] resolve files> Scanning /Users/macbook/Octo/modules/deal-sourcing/build/reports/tests/test/js...
[2026-09-27 14:14:14] [PROGRESS] resolve files> Scanning /Users/macbook/Octo/modules/deal-sourcing/build/reports/tests/test/geiyFPxDBGc...
[2026-09-27 14:14:14] [PROGRESS] resolve files> Scanning /Users/macbook/Octo/modules/deal-sourcing/build/reports/tests/test/sMv4-CfLPOY...
[2026-09-27 14:14:14] [PROGRESS] resolve files> Scanning /Users/macbook/Octo/modules/deal-sourcing/src...
[2026-09-27 14:14:14] [PROGRESS] resolve files> Scanning /Users/macbook/Octo/modules/deal-sourcing/src/test...
[2026-09-27 14:14:14] [PROGRESS] resolve files> Scanning /Users/macbook/Octo/modules/deal-sourcing/src/test/kotlin...
[2026-09-27 14:14:14] [PROGRESS] resolve files> Scanning /Users/macbook/Octo/modules/deal-sourcing/src/test/kotlin/com...
[2026-09-27 14:14:14] [PROGRESS] resolve files> Scanning /Users/macbook/Octo/modules/deal-sourcing/src/test/kotlin/com/octo...
[2026-09-27 14:14:14] [PROGRESS] resolve files> Scanning /Users/macbook/Octo/modules/deal-sourcing/src/test/kotlin/com/octo/dealsourcing...
[2026-09-27 14:14:14] [PROGRESS] resolve files> Scanning /Users/macbook/Octo/modules/deal-sourcing/src/main...
[2026-09-27 14:14:14] [PROGRESS] resolve files> Scanning /Users/macbook/Octo/modules/deal-sourcing/src/main/kotlin...
[2026-09-27 14:14:14] [PROGRESS] resolve files> Scanning /Users/macbook/Octo/modules/deal-sourcing/src/main/kotlin/com...
[2026-09-27 14:14:14] [PROGRESS] resolve files> Scanning /Users/macbook/Octo/modules/deal-sourcing/src/main/kotlin/com/octo...
[2026-09-27 14:14:14] [PROGRESS] resolve files> Scanning /Users/macbook/Octo/modules/deal-sourcing/src/main/kotlin/com/octo/dealsourcing...
[2026-09-27 14:14:14] [PROGRESS] resolve files> Scanning /Users/macbook/Octo/modules/deal-sourcing/src/main/kotlin/com/octo/dealsourcing/persistence...
[2026-09-27 14:14:14] [PROGRESS] resolve files> Scanning /Users/macbook/Octo/modules/persistence...
[2026-09-27 14:14:14] [PROGRESS] resolve files> Scanning /Users/macbook/Octo/modules/persistence/build...
[2026-09-27 14:14:14] [PROGRESS] resolve files> Scanning /Users/macbook/Octo/modules/persistence/build/kover...
[2026-09-27 14:14:14] [PROGRESS] resolve files> Scanning /Users/macbook/Octo/modules/persistence/build/kover/bin-reports...
[2026-09-27 14:14:14] [PROGRESS] resolve files> Scanning /Users/macbook/Octo/modules/persistence/build/classes...
[2026-09-27 14:14:14] [PROGRESS] resolve files> Scanning /Users/macbook/Octo/modules/persistence/build/classes/kotlin...
[2026-09-27 14:14:14] [PROGRESS] resolve files> Scanning /Users/macbook/Octo/modules/persistence/build/classes/kotlin/test...
[2026-09-27 14:14:14] [PROGRESS] resolve files> Scanning /Users/macbook/Octo/modules/persistence/build/classes/kotlin/test/META-INF...
[2026-09-27 14:14:14] [PROGRESS] resolve files> Scanning /Users/macbook/Octo/modules/persistence/build/classes/kotlin/test/com...
[2026-09-27 14:14:14] [PROGRESS] resolve files> Scanning /Users/macbook/Octo/modules/persistence/build/classes/kotlin/test/com/octo...
[2026-09-27 14:14:14] [PROGRESS] resolve files> Scanning /Users/macbook/Octo/modules/persistence/build/classes/kotlin/test/com/octo/persistence...
[2026-09-27 14:14:14] [PROGRESS] resolve files> Scanning /Users/macbook/Octo/modules/persistence/build/classes/kotlin/main...
[2026-09-27 14:14:14] [PROGRESS] resolve files> Scanning /Users/macbook/Octo/modules/persistence/build/classes/kotlin/main/META-INF...
[2026-09-27 14:14:14] [PROGRESS] resolve files> Scanning /Users/macbook/Octo/modules/persistence/build/classes/kotlin/main/com...
[2026-09-27 14:14:14] [PROGRESS] resolve files> Scanning /Users/macbook/Octo/modules/persistence/build/classes/kotlin/main/com/octo...
[2026-09-27 14:14:14] [PROGRESS] resolve files> Scanning /Users/macbook/Octo/modules/persistence/build/classes/kotlin/main/com/octo/persistence...
[2026-09-27 14:14:14] [PROGRESS] resolve files> Scanning /Users/macbook/Octo/modules/persistence/build/kotlin...
[2026-09-27 14:14:14] [PROGRESS] resolve files> Scanning /Users/macbook/Octo/modules/persistence/build/kotlin/compileKotlin...
[2026-09-27 14:14:14] [PROGRESS] resolve files> Scanning /Users/macbook/Octo/modules/persistence/build/kotlin/compileKotlin/cacheable...
[2026-09-27 14:14:14] [PROGRESS] resolve files> Scanning /Users/macbook/Octo/modules/persistence/build/kotlin/compileKotlin/cacheable/caches-jvm...
[2026-09-27 14:14:14] [PROGRESS] resolve files> Scanning /Users/macbook/Octo/modules/persistence/build/kotlin/compileKotlin/cacheable/caches-jvm/lookups...
[2026-09-27 14:14:14] [PROGRESS] resolve files> Scanning /Users/macbook/Octo/modules/persistence/build/kotlin/compileKotlin/cacheable/caches-jvm/jvm...
[2026-09-27 14:14:14] [PROGRESS] resolve files> Scanning /Users/macbook/Octo/modules/persistence/build/kotlin/compileKotlin/cacheable/caches-jvm/jvm/kotlin...
[2026-09-27 14:14:14] [PROGRESS] resolve files> Scanning /Users/macbook/Octo/modules/persistence/build/kotlin/compileKotlin/cacheable/caches-jvm/inputs...
[2026-09-27 14:14:14] [PROGRESS] resolve files> Scanning /Users/macbook/Octo/modules/persistence/build/kotlin/compileKotlin/classpath-snapshot...
[2026-09-27 14:14:14] [PROGRESS] resolve files> Scanning /Users/macbook/Octo/modules/persistence/build/kotlin/compileKotlin/local-state...
[2026-09-27 14:14:14] [PROGRESS] resolve files> Scanning /Users/macbook/Octo/modules/persistence/build/kotlin/compileTestKotlin...
[2026-09-27 14:14:14] [PROGRESS] resolve files> Scanning /Users/macbook/Octo/modules/persistence/build/kotlin/compileTestKotlin/cacheable...
[2026-09-27 14:14:14] [PROGRESS] resolve files> Scanning /Users/macbook/Octo/modules/persistence/build/kotlin/compileTestKotlin/cacheable/caches-jvm...
[2026-09-27 14:14:14] [PROGRESS] resolve files> Scanning /Users/macbook/Octo/modules/persistence/build/kotlin/compileTestKotlin/cacheable/caches-jvm/lookups...
[2026-09-27 14:14:14] [PROGRESS] resolve files> Scanning /Users/macbook/Octo/modules/persistence/build/kotlin/compileTestKotlin/cacheable/caches-jvm/jvm...
[2026-09-27 14:14:14] [PROGRESS] resolve files> Scanning /Users/macbook/Octo/modules/persistence/build/kotlin/compileTestKotlin/cacheable/caches-jvm/jvm/kotlin...
[2026-09-27 14:14:14] [PROGRESS] resolve files> Scanning /Users/macbook/Octo/modules/persistence/build/kotlin/compileTestKotlin/cacheable/caches-jvm/inputs...
[2026-09-27 14:14:14] [PROGRESS] resolve files> Scanning /Users/macbook/Octo/modules/persistence/build/kotlin/compileTestKotlin/classpath-snapshot...
[2026-09-27 14:14:14] [PROGRESS] resolve files> Scanning /Users/macbook/Octo/modules/persistence/build/kotlin/compileTestKotlin/local-state...
[2026-09-27 14:14:14] [PROGRESS] resolve files> Scanning /Users/macbook/Octo/modules/persistence/build/libs...
[2026-09-27 14:14:14] [PROGRESS] resolve files> Scanning /Users/macbook/Octo/modules/persistence/build/intermediates...
[2026-09-27 14:14:14] [PROGRESS] resolve files> Scanning /Users/macbook/Octo/modules/persistence/build/intermediates/ktLint...
[2026-09-27 14:14:14] [PROGRESS] resolve files> Scanning /Users/macbook/Octo/modules/persistence/build/test-results...
[2026-09-27 14:14:14] [PROGRESS] resolve files> Scanning /Users/macbook/Octo/modules/persistence/build/test-results/test...
[2026-09-27 14:14:14] [PROGRESS] resolve files> Scanning /Users/macbook/Octo/modules/persistence/build/test-results/test/binary...
[2026-09-27 14:14:14] [PROGRESS] resolve files> Scanning /Users/macbook/Octo/modules/persistence/build/tmp...
[2026-09-27 14:14:14] [PROGRESS] resolve files> Scanning /Users/macbook/Octo/modules/persistence/build/tmp/koverCachedVerify...
[2026-09-27 14:14:14] [PROGRESS] resolve files> Scanning /Users/macbook/Octo/modules/persistence/build/tmp/test...
[2026-09-27 14:14:14] [PROGRESS] resolve files> Scanning /Users/macbook/Octo/modules/persistence/build/tmp/jar...
[2026-09-27 14:14:14] [PROGRESS] resolve files> Scanning /Users/macbook/Octo/modules/persistence/build/reports...
[2026-09-27 14:14:14] [PROGRESS] resolve files> Scanning /Users/macbook/Octo/modules/persistence/build/reports/kover...
[2026-09-27 14:14:14] [PROGRESS] resolve files> Scanning /Users/macbook/Octo/modules/persistence/build/reports/ktlint...
[2026-09-27 14:14:14] [PROGRESS] resolve files> Scanning /Users/macbook/Octo/modules/persistence/build/reports/ktlint/ktlintKotlinScriptCheck...
[2026-09-27 14:14:14] [PROGRESS] resolve files> Scanning /Users/macbook/Octo/modules/persistence/build/reports/ktlint/ktlintMainSourceSetFormat...
[2026-09-27 14:14:14] [PROGRESS] resolve files> Scanning /Users/macbook/Octo/modules/persistence/build/reports/ktlint/ktlintMainSourceSetCheck...
[2026-09-27 14:14:14] [PROGRESS] resolve files> Scanning /Users/macbook/Octo/modules/persistence/build/reports/ktlint/ktlintKotlinScriptFormat...
[2026-09-27 14:14:14] [PROGRESS] resolve files> Scanning /Users/macbook/Octo/modules/persistence/build/reports/ktlint/ktlintTestSourceSetFormat...
[2026-09-27 14:14:14] [PROGRESS] resolve files> Scanning /Users/macbook/Octo/modules/persistence/build/reports/ktlint/ktlintTestSourceSetCheck...
[2026-09-27 14:14:14] [PROGRESS] resolve files> Scanning /Users/macbook/Octo/modules/persistence/build/reports/tests...
[2026-09-27 14:14:14] [PROGRESS] resolve files> Scanning /Users/macbook/Octo/modules/persistence/build/reports/tests/test...
[2026-09-27 14:14:14] [PROGRESS] resolve files> Scanning /Users/macbook/Octo/modules/persistence/build/reports/tests/test/css...
[2026-09-27 14:14:14] [PROGRESS] resolve files> Scanning /Users/macbook/Octo/modules/persistence/build/reports/tests/test/js...
[2026-09-27 14:14:14] [PROGRESS] resolve files> Scanning /Users/macbook/Octo/modules/persistence/build/reports/tests/test/tE70veNfMC8...
[2026-09-27 14:14:14] [PROGRESS] resolve files> Scanning /Users/macbook/Octo/modules/persistence/src...
[2026-09-27 14:14:14] [PROGRESS] resolve files> Scanning /Users/macbook/Octo/modules/persistence/src/test...
[2026-09-27 14:14:14] [PROGRESS] resolve files> Scanning /Users/macbook/Octo/modules/persistence/src/test/kotlin...
[2026-09-27 14:14:14] [PROGRESS] resolve files> Scanning /Users/macbook/Octo/modules/persistence/src/test/kotlin/com...
[2026-09-27 14:14:14] [PROGRESS] resolve files> Scanning /Users/macbook/Octo/modules/persistence/src/test/kotlin/com/octo...
[2026-09-27 14:14:14] [PROGRESS] resolve files> Scanning /Users/macbook/Octo/modules/persistence/src/test/kotlin/com/octo/persistence...
[2026-09-27 14:14:14] [PROGRESS] resolve files> Scanning /Users/macbook/Octo/modules/persistence/src/main...
[2026-09-27 14:14:14] [PROGRESS] resolve files> Scanning /Users/macbook/Octo/modules/persistence/src/main/kotlin...
[2026-09-27 14:14:14] [PROGRESS] resolve files> Scanning /Users/macbook/Octo/modules/persistence/src/main/kotlin/com...
[2026-09-27 14:14:14] [PROGRESS] resolve files> Scanning /Users/macbook/Octo/modules/persistence/src/main/kotlin/com/octo...
[2026-09-27 14:14:14] [PROGRESS] resolve files> Scanning /Users/macbook/Octo/modules/persistence/src/main/kotlin/com/octo/persistence...
[2026-09-27 14:14:14] [PROGRESS] resolve files> Scanning /Users/macbook/Octo/modules/api...
[2026-09-27 14:14:14] [PROGRESS] resolve files> Scanning /Users/macbook/Octo/modules/api/build...
[2026-09-27 14:14:14] [PROGRESS] resolve files> Scanning /Users/macbook/Octo/modules/api/build/kover...
[2026-09-27 14:14:14] [PROGRESS] resolve files> Scanning /Users/macbook/Octo/modules/api/build/kover/bin-reports...
[2026-09-27 14:14:14] [PROGRESS] resolve files> Scanning /Users/macbook/Octo/modules/api/build/classes...
[2026-09-27 14:14:14] [PROGRESS] resolve files> Scanning /Users/macbook/Octo/modules/api/build/classes/kotlin...
[2026-09-27 14:14:14] [PROGRESS] resolve files> Scanning /Users/macbook/Octo/modules/api/build/classes/kotlin/test...
[2026-09-27 14:14:14] [PROGRESS] resolve files> Scanning /Users/macbook/Octo/modules/api/build/classes/kotlin/test/META-INF...
[2026-09-27 14:14:14] [PROGRESS] resolve files> Scanning /Users/macbook/Octo/modules/api/build/classes/kotlin/test/com...
[2026-09-27 14:14:14] [PROGRESS] resolve files> Scanning /Users/macbook/Octo/modules/api/build/classes/kotlin/test/com/octo...
[2026-09-27 14:14:14] [PROGRESS] resolve files> Scanning /Users/macbook/Octo/modules/api/build/classes/kotlin/test/com/octo/api...
[2026-09-27 14:14:14] [PROGRESS] resolve files> Scanning /Users/macbook/Octo/modules/api/build/classes/kotlin/test/com/octo/api/reconciliation...
[2026-09-27 14:14:14] [PROGRESS] resolve files> Scanning /Users/macbook/Octo/modules/api/build/classes/kotlin/test/com/octo/api/ingestion...
[2026-09-27 14:14:14] [PROGRESS] resolve files> Scanning /Users/macbook/Octo/modules/api/build/classes/kotlin/test/com/octo/api/prospect...
[2026-09-27 14:14:14] [PROGRESS] resolve files> Scanning /Users/macbook/Octo/modules/api/build/classes/kotlin/test/com/octo/api/asset...
[2026-09-27 14:14:14] [PROGRESS] resolve files> Scanning /Users/macbook/Octo/modules/api/build/classes/kotlin/test/com/octo/api/access...
[2026-09-27 14:14:14] [PROGRESS] resolve files> Scanning /Users/macbook/Octo/modules/api/build/classes/kotlin/test/com/octo/api/compliance...
[2026-09-27 14:14:14] [PROGRESS] resolve files> Scanning /Users/macbook/Octo/modules/api/build/classes/kotlin/test/com/octo/api/report...
[2026-09-27 14:14:14] [PROGRESS] resolve files> Scanning /Users/macbook/Octo/modules/api/build/classes/kotlin/test/com/octo/api/data...
[2026-09-27 14:14:14] [PROGRESS] resolve files> Scanning /Users/macbook/Octo/modules/api/build/classes/kotlin/main...
[2026-09-27 14:14:14] [PROGRESS] resolve files> Scanning /Users/macbook/Octo/modules/api/build/classes/kotlin/main/META-INF...
[2026-09-27 14:14:14] [PROGRESS] resolve files> Scanning /Users/macbook/Octo/modules/api/build/classes/kotlin/main/com...
[2026-09-27 14:14:14] [PROGRESS] resolve files> Scanning /Users/macbook/Octo/modules/api/build/classes/kotlin/main/com/octo...
[2026-09-27 14:14:14] [PROGRESS] resolve files> Scanning /Users/macbook/Octo/modules/api/build/classes/kotlin/main/com/octo/api...
[2026-09-27 14:14:14] [PROGRESS] resolve files> Scanning /Users/macbook/Octo/modules/api/build/classes/kotlin/main/com/octo/api/reconciliation...
[2026-09-27 14:14:14] [PROGRESS] resolve files> Scanning /Users/macbook/Octo/modules/api/build/classes/kotlin/main/com/octo/api/ingestion...
[2026-09-27 14:14:14] [PROGRESS] resolve files> Scanning /Users/macbook/Octo/modules/api/build/classes/kotlin/main/com/octo/api/prospect...
[2026-09-27 14:14:14] [PROGRESS] resolve files> Scanning /Users/macbook/Octo/modules/api/build/classes/kotlin/main/com/octo/api/asset...
[2026-09-27 14:14:14] [PROGRESS] resolve files> Scanning /Users/macbook/Octo/modules/api/build/classes/kotlin/main/com/octo/api/asset/persistence...
[2026-09-27 14:14:14] [PROGRESS] resolve files> Scanning /Users/macbook/Octo/modules/api/build/classes/kotlin/main/com/octo/api/access...
[2026-09-27 14:14:14] [PROGRESS] resolve files> Scanning /Users/macbook/Octo/modules/api/build/classes/kotlin/main/com/octo/api/access/persistence...
[2026-09-27 14:14:14] [PROGRESS] resolve files> Scanning /Users/macbook/Octo/modules/api/build/classes/kotlin/main/com/octo/api/compliance...
[2026-09-27 14:14:14] [PROGRESS] resolve files> Scanning /Users/macbook/Octo/modules/api/build/classes/kotlin/main/com/octo/api/report...
[2026-09-27 14:14:14] [PROGRESS] resolve files> Scanning /Users/macbook/Octo/modules/api/build/classes/kotlin/main/com/octo/api/data...
[2026-09-27 14:14:14] [PROGRESS] resolve files> Scanning /Users/macbook/Octo/modules/api/build/resources...
[2026-09-27 14:14:14] [PROGRESS] resolve files> Scanning /Users/macbook/Octo/modules/api/build/resources/test...
[2026-09-27 14:14:14] [PROGRESS] resolve files> Scanning /Users/macbook/Octo/modules/api/build/resources/main...
[2026-09-27 14:14:14] [PROGRESS] resolve files> Scanning /Users/macbook/Octo/modules/api/build/resources/main/db...
[2026-09-27 14:14:14] [PROGRESS] resolve files> Scanning /Users/macbook/Octo/modules/api/build/resources/main/db/migration...
[2026-09-27 14:14:14] [PROGRESS] resolve files> Scanning /Users/macbook/Octo/modules/api/build/kotlin...
[2026-09-27 14:14:14] [PROGRESS] resolve files> Scanning /Users/macbook/Octo/modules/api/build/kotlin/compileKotlin...
[2026-09-27 14:14:14] [PROGRESS] resolve files> Scanning /Users/macbook/Octo/modules/api/build/kotlin/compileKotlin/cacheable...
[2026-09-27 14:14:14] [PROGRESS] resolve files> Scanning /Users/macbook/Octo/modules/api/build/kotlin/compileKotlin/cacheable/caches-jvm...
[2026-09-27 14:14:14] [PROGRESS] resolve files> Scanning /Users/macbook/Octo/modules/api/build/kotlin/compileKotlin/cacheable/caches-jvm/lookups...
[2026-09-27 14:14:14] [PROGRESS] resolve files> Scanning /Users/macbook/Octo/modules/api/build/kotlin/compileKotlin/cacheable/caches-jvm/jvm...
[2026-09-27 14:14:14] [PROGRESS] resolve files> Scanning /Users/macbook/Octo/modules/api/build/kotlin/compileKotlin/cacheable/caches-jvm/jvm/kotlin...
[2026-09-27 14:14:14] [PROGRESS] resolve files> Scanning /Users/macbook/Octo/modules/api/build/kotlin/compileKotlin/cacheable/caches-jvm/inputs...
[2026-09-27 14:14:14] [PROGRESS] resolve files> Scanning /Users/macbook/Octo/modules/api/build/kotlin/compileKotlin/classpath-snapshot...
[2026-09-27 14:14:14] [PROGRESS] resolve files> Scanning /Users/macbook/Octo/modules/api/build/kotlin/compileKotlin/local-state...
[2026-09-27 14:14:14] [PROGRESS] resolve files> Scanning /Users/macbook/Octo/modules/api/build/kotlin/compileTestKotlin...
[2026-09-27 14:14:14] [PROGRESS] resolve files> Scanning /Users/macbook/Octo/modules/api/build/kotlin/compileTestKotlin/cacheable...
[2026-09-27 14:14:14] [PROGRESS] resolve files> Scanning /Users/macbook/Octo/modules/api/build/kotlin/compileTestKotlin/cacheable/caches-jvm...
[2026-09-27 14:14:14] [PROGRESS] resolve files> Scanning /Users/macbook/Octo/modules/api/build/kotlin/compileTestKotlin/cacheable/caches-jvm/lookups...
[2026-09-27 14:14:14] [PROGRESS] resolve files> Scanning /Users/macbook/Octo/modules/api/build/kotlin/compileTestKotlin/cacheable/caches-jvm/jvm...
[2026-09-27 14:14:14] [PROGRESS] resolve files> Scanning /Users/macbook/Octo/modules/api/build/kotlin/compileTestKotlin/cacheable/caches-jvm/jvm/kotlin...
[2026-09-27 14:14:14] [PROGRESS] resolve files> Scanning /Users/macbook/Octo/modules/api/build/kotlin/compileTestKotlin/cacheable/caches-jvm/inputs...
[2026-09-27 14:14:14] [PROGRESS] resolve files> Scanning /Users/macbook/Octo/modules/api/build/kotlin/compileTestKotlin/classpath-snapshot...
[2026-09-27 14:14:14] [PROGRESS] resolve files> Scanning /Users/macbook/Octo/modules/api/build/kotlin/compileTestKotlin/local-state...
[2026-09-27 14:14:14] [PROGRESS] resolve files> Scanning /Users/macbook/Octo/modules/api/build/libs...
[2026-09-27 14:14:14] [PROGRESS] resolve files> Scanning /Users/macbook/Octo/modules/api/build/intermediates...
[2026-09-27 14:14:14] [PROGRESS] resolve files> Scanning /Users/macbook/Octo/modules/api/build/intermediates/ktLint...
[2026-09-27 14:14:14] [PROGRESS] resolve files> Scanning /Users/macbook/Octo/modules/api/build/test-results...
[2026-09-27 14:14:14] [PROGRESS] resolve files> Scanning /Users/macbook/Octo/modules/api/build/test-results/test...
[2026-09-27 14:14:14] [PROGRESS] resolve files> Scanning /Users/macbook/Octo/modules/api/build/test-results/test/binary...
[2026-09-27 14:14:14] [PROGRESS] resolve files> Scanning /Users/macbook/Octo/modules/api/build/tmp...
[2026-09-27 14:14:14] [PROGRESS] resolve files> Scanning /Users/macbook/Octo/modules/api/build/tmp/koverCachedVerify...
[2026-09-27 14:14:14] [PROGRESS] resolve files> Scanning /Users/macbook/Octo/modules/api/build/tmp/test...
[2026-09-27 14:14:14] [PROGRESS] resolve files> Scanning /Users/macbook/Octo/modules/api/build/tmp/jar...
[2026-09-27 14:14:14] [PROGRESS] resolve files> Scanning /Users/macbook/Octo/modules/api/build/tmp/bootJar...
[2026-09-27 14:14:14] [PROGRESS] resolve files> Scanning /Users/macbook/Octo/modules/api/build/reports...
[2026-09-27 14:14:14] [PROGRESS] resolve files> Scanning /Users/macbook/Octo/modules/api/build/reports/kover...
[2026-09-27 14:14:14] [PROGRESS] resolve files> Scanning /Users/macbook/Octo/modules/api/build/reports/ktlint...
[2026-09-27 14:14:14] [PROGRESS] resolve files> Scanning /Users/macbook/Octo/modules/api/build/reports/ktlint/ktlintKotlinScriptCheck...
[2026-09-27 14:14:14] [PROGRESS] resolve files> Scanning /Users/macbook/Octo/modules/api/build/reports/ktlint/ktlintMainSourceSetFormat...
[2026-09-27 14:14:14] [PROGRESS] resolve files> Scanning /Users/macbook/Octo/modules/api/build/reports/ktlint/ktlintMainSourceSetCheck...
[2026-09-27 14:14:14] [PROGRESS] resolve files> Scanning /Users/macbook/Octo/modules/api/build/reports/ktlint/ktlintKotlinScriptFormat...
[2026-09-27 14:14:14] [PROGRESS] resolve files> Scanning /Users/macbook/Octo/modules/api/build/reports/ktlint/ktlintTestSourceSetFormat...
[2026-09-27 14:14:14] [PROGRESS] resolve files> Scanning /Users/macbook/Octo/modules/api/build/reports/ktlint/ktlintTestSourceSetCheck...
[2026-09-27 14:14:14] [PROGRESS] resolve files> Scanning /Users/macbook/Octo/modules/api/build/reports/tests...
[2026-09-27 14:14:14] [PROGRESS] resolve files> Scanning /Users/macbook/Octo/modules/api/build/reports/tests/test...
[2026-09-27 14:14:14] [PROGRESS] resolve files> Scanning /Users/macbook/Octo/modules/api/build/reports/tests/test/sXAT1M3-cE0...
[2026-09-27 14:14:14] [PROGRESS] resolve files> Scanning /Users/macbook/Octo/modules/api/build/reports/tests/test/AW1f0Dvbp94...
[2026-09-27 14:14:14] [PROGRESS] resolve files> Scanning /Users/macbook/Octo/modules/api/build/reports/tests/test/S9t5NnyX9Ts...
[2026-09-27 14:14:14] [PROGRESS] resolve files> Scanning /Users/macbook/Octo/modules/api/build/reports/tests/test/fpVItS7WiEE...
[2026-09-27 14:14:14] [PROGRESS] resolve files> Scanning /Users/macbook/Octo/modules/api/build/reports/tests/test/BHHd0jZVX7I...
[2026-09-27 14:14:14] [PROGRESS] resolve files> Scanning /Users/macbook/Octo/modules/api/build/reports/tests/test/2ss6FW7Wv0Y...
[2026-09-27 14:14:14] [PROGRESS] resolve files> Scanning /Users/macbook/Octo/modules/api/build/reports/tests/test/xa6C8fhH8hM...
[2026-09-27 14:14:14] [PROGRESS] resolve files> Scanning /Users/macbook/Octo/modules/api/build/reports/tests/test/75krGCmnbJ0...
[2026-09-27 14:14:14] [PROGRESS] resolve files> Scanning /Users/macbook/Octo/modules/api/build/reports/tests/test/kiIuEsVEYPQ...
[2026-09-27 14:14:14] [PROGRESS] resolve files> Scanning /Users/macbook/Octo/modules/api/build/reports/tests/test/x8rKeURz9gA...
[2026-09-27 14:14:14] [PROGRESS] resolve files> Scanning /Users/macbook/Octo/modules/api/build/reports/tests/test/e_LI7Au7LPE...
[2026-09-27 14:14:14] [PROGRESS] resolve files> Scanning /Users/macbook/Octo/modules/api/build/reports/tests/test/3Dm6JoWqdVE...
[2026-09-27 14:14:14] [PROGRESS] resolve files> Scanning /Users/macbook/Octo/modules/api/build/reports/tests/test/2ObEiOxIVQs...
[2026-09-27 14:14:14] [PROGRESS] resolve files> Scanning /Users/macbook/Octo/modules/api/build/reports/tests/test/qk8aQ8rUhl0...
[2026-09-27 14:14:14] [PROGRESS] resolve files> Scanning /Users/macbook/Octo/modules/api/build/reports/tests/test/b_klSfHTQck...
[2026-09-27 14:14:14] [PROGRESS] resolve files> Scanning /Users/macbook/Octo/modules/api/build/reports/tests/test/BRkR2gMBqnk...
[2026-09-27 14:14:14] [PROGRESS] resolve files> Scanning /Users/macbook/Octo/modules/api/build/reports/tests/test/vtz39p40uzE...
[2026-09-27 14:14:14] [PROGRESS] resolve files> Scanning /Users/macbook/Octo/modules/api/build/reports/tests/test/xay_V4zz0Oo...
[2026-09-27 14:14:14] [PROGRESS] resolve files> Scanning /Users/macbook/Octo/modules/api/build/reports/tests/test/iGQAdmYrq6w...
[2026-09-27 14:14:14] [PROGRESS] resolve files> Scanning /Users/macbook/Octo/modules/api/build/reports/tests/test/Dd3Z-VVibvE...
[2026-09-27 14:14:14] [PROGRESS] resolve files> Scanning /Users/macbook/Octo/modules/api/build/reports/tests/test/AZMULZLrVdc...
[2026-09-27 14:14:14] [PROGRESS] resolve files> Scanning /Users/macbook/Octo/modules/api/build/reports/tests/test/jUJwF050m0U...
[2026-09-27 14:14:14] [PROGRESS] resolve files> Scanning /Users/macbook/Octo/modules/api/build/reports/tests/test/FcsG-yn_vhI...
[2026-09-27 14:14:14] [PROGRESS] resolve files> Scanning /Users/macbook/Octo/modules/api/build/reports/tests/test/WyMPsBw_W6E...
[2026-09-27 14:14:14] [PROGRESS] resolve files> Scanning /Users/macbook/Octo/modules/api/build/reports/tests/test/jOYpv1klTtA...
[2026-09-27 14:14:14] [PROGRESS] resolve files> Scanning /Users/macbook/Octo/modules/api/build/reports/tests/test/MuI6TdqevSU...
[2026-09-27 14:14:14] [PROGRESS] resolve files> Scanning /Users/macbook/Octo/modules/api/build/reports/tests/test/cL3VVtbIt0I...
[2026-09-27 14:14:14] [PROGRESS] resolve files> Scanning /Users/macbook/Octo/modules/api/build/reports/tests/test/v7JA3mi2Qgg...
[2026-09-27 14:14:14] [PROGRESS] resolve files> Scanning /Users/macbook/Octo/modules/api/build/reports/tests/test/ViLp9G6HmAU...
[2026-09-27 14:14:14] [PROGRESS] resolve files> Scanning /Users/macbook/Octo/modules/api/build/reports/tests/test/r73vV9OKcI4...
[2026-09-27 14:14:14] [PROGRESS] resolve files> Scanning /Users/macbook/Octo/modules/api/build/reports/tests/test/acyomad6XjY...
[2026-09-27 14:14:14] [PROGRESS] resolve files> Scanning /Users/macbook/Octo/modules/api/build/reports/tests/test/css...
[2026-09-27 14:14:14] [PROGRESS] resolve files> Scanning /Users/macbook/Octo/modules/api/build/reports/tests/test/G_g4vgiBI3g...
[2026-09-27 14:14:14] [PROGRESS] resolve files> Scanning /Users/macbook/Octo/modules/api/build/reports/tests/test/M3QSnVy8OxE...
[2026-09-27 14:14:14] [PROGRESS] resolve files> Scanning /Users/macbook/Octo/modules/api/build/reports/tests/test/-55X8k4CBwI...
[2026-09-27 14:14:14] [PROGRESS] resolve files> Scanning /Users/macbook/Octo/modules/api/build/reports/tests/test/AE7GiUuSWvA...
[2026-09-27 14:14:14] [PROGRESS] resolve files> Scanning /Users/macbook/Octo/modules/api/build/reports/tests/test/AMdvT8ojto4...
[2026-09-27 14:14:14] [PROGRESS] resolve files> Scanning /Users/macbook/Octo/modules/api/build/reports/tests/test/9paxHr4Wvp4...
[2026-09-27 14:14:14] [PROGRESS] resolve files> Scanning /Users/macbook/Octo/modules/api/build/reports/tests/test/mFuoR_jrUk8...
[2026-09-27 14:14:14] [PROGRESS] resolve files> Scanning /Users/macbook/Octo/modules/api/build/reports/tests/test/vi9Y_38kPiM...
[2026-09-27 14:14:14] [PROGRESS] resolve files> Scanning /Users/macbook/Octo/modules/api/build/reports/tests/test/js...
[2026-09-27 14:14:14] [PROGRESS] resolve files> Scanning /Users/macbook/Octo/modules/api/build/reports/tests/test/DTnJNQrrmNY...
[2026-09-27 14:14:14] [PROGRESS] resolve files> Scanning /Users/macbook/Octo/modules/api/build/reports/tests/test/mUrFcGqAViI...
[2026-09-27 14:14:14] [PROGRESS] resolve files> Scanning /Users/macbook/Octo/modules/api/build/reports/tests/test/Qbi5-KEhoxY...
[2026-09-27 14:14:14] [PROGRESS] resolve files> Scanning /Users/macbook/Octo/modules/api/build/reports/tests/test/n2k_6WeVb4M...
[2026-09-27 14:14:14] [PROGRESS] resolve files> Scanning /Users/macbook/Octo/modules/api/build/reports/tests/test/AsrlXYXCPIQ...
[2026-09-27 14:14:14] [PROGRESS] resolve files> Scanning /Users/macbook/Octo/modules/api/build/reports/tests/test/d9DHbziwxd4...
[2026-09-27 14:14:14] [PROGRESS] resolve files> Scanning /Users/macbook/Octo/modules/api/build/reports/tests/test/SwT3tffFGrw...
[2026-09-27 14:14:14] [PROGRESS] resolve files> Scanning /Users/macbook/Octo/modules/api/build/reports/tests/test/cKvbbqid1pU...
[2026-09-27 14:14:14] [PROGRESS] resolve files> Scanning /Users/macbook/Octo/modules/api/build/reports/tests/test/Q4tQiZ2J8f4...
[2026-09-27 14:14:14] [PROGRESS] resolve files> Scanning /Users/macbook/Octo/modules/api/build/reports/tests/test/_R9yd5IhTqQ...
[2026-09-27 14:14:14] [PROGRESS] resolve files> Scanning /Users/macbook/Octo/modules/api/build/reports/tests/test/qOxt_hRWTrI...
[2026-09-27 14:14:14] [PROGRESS] resolve files> Scanning /Users/macbook/Octo/modules/api/build/reports/tests/test/wkE-isWBgRI...
[2026-09-27 14:14:14] [PROGRESS] resolve files> Scanning /Users/macbook/Octo/modules/api/build/reports/tests/test/K5NZt9IDyJg...
[2026-09-27 14:14:14] [PROGRESS] resolve files> Scanning /Users/macbook/Octo/modules/api/build/reports/tests/test/bLL1BLtBtEk...
[2026-09-27 14:14:14] [PROGRESS] resolve files> Scanning /Users/macbook/Octo/modules/api/build/reports/tests/test/3oAdAQXTbbg...
[2026-09-27 14:14:14] [PROGRESS] resolve files> Scanning /Users/macbook/Octo/modules/api/build/reports/tests/test/v4aYTnUURYw...
[2026-09-27 14:14:14] [PROGRESS] resolve files> Scanning /Users/macbook/Octo/modules/api/build/reports/tests/test/Q8RF8ell_vo...
[2026-09-27 14:14:14] [PROGRESS] resolve files> Scanning /Users/macbook/Octo/modules/api/build/reports/tests/test/kjtpqPieUs4...
[2026-09-27 14:14:14] [PROGRESS] resolve files> Scanning /Users/macbook/Octo/modules/api/build/reports/tests/test/2T6Kq7qDzjo...
[2026-09-27 14:14:14] [PROGRESS] resolve files> Scanning /Users/macbook/Octo/modules/api/build/reports/tests/test/hMcOU93iaVE...
[2026-09-27 14:14:14] [PROGRESS] resolve files> Scanning /Users/macbook/Octo/modules/api/build/reports/tests/test/K0slos7D_sY...
[2026-09-27 14:14:14] [PROGRESS] resolve files> Scanning /Users/macbook/Octo/modules/api/build/reports/tests/test/v2lkXwB5noc...
[2026-09-27 14:14:14] [PROGRESS] resolve files> Scanning /Users/macbook/Octo/modules/api/build/reports/tests/test/KdjVkzkfcck...
[2026-09-27 14:14:14] [PROGRESS] resolve files> Scanning /Users/macbook/Octo/modules/api/build/reports/tests/test/EY9XNUG7mJA...
[2026-09-27 14:14:14] [PROGRESS] resolve files> Scanning /Users/macbook/Octo/modules/api/build/reports/tests/test/3yWrZ0or78I...
[2026-09-27 14:14:14] [PROGRESS] resolve files> Scanning /Users/macbook/Octo/modules/api/build/reports/tests/test/HKBSUSea0dQ...
[2026-09-27 14:14:14] [PROGRESS] resolve files> Scanning /Users/macbook/Octo/modules/api/build/reports/tests/test/pUruZVH3UNc...
[2026-09-27 14:14:14] [PROGRESS] resolve files> Scanning /Users/macbook/Octo/modules/api/build/reports/tests/test/m96jSdOwVpY...
[2026-09-27 14:14:14] [PROGRESS] resolve files> Scanning /Users/macbook/Octo/modules/api/build/reports/tests/test/V4Pq5B3yQcE...
[2026-09-27 14:14:14] [PROGRESS] resolve files> Scanning /Users/macbook/Octo/modules/api/build/reports/tests/test/3asGHML2_Zo...
[2026-09-27 14:14:14] [PROGRESS] resolve files> Scanning /Users/macbook/Octo/modules/api/build/reports/tests/test/vaGr2OyPGHQ...
[2026-09-27 14:14:14] [PROGRESS] resolve files> Scanning /Users/macbook/Octo/modules/api/build/reports/tests/test/il-4QTjzZdE...
[2026-09-27 14:14:14] [PROGRESS] resolve files> Scanning /Users/macbook/Octo/modules/api/build/reports/tests/test/WrXD-B7uDO8...
[2026-09-27 14:14:14] [PROGRESS] resolve files> Scanning /Users/macbook/Octo/modules/api/build/reports/tests/test/26_CjrWuvV8...
[2026-09-27 14:14:14] [PROGRESS] resolve files> Scanning /Users/macbook/Octo/modules/api/build/reports/tests/test/xI-8V063HF8...
[2026-09-27 14:14:14] [PROGRESS] resolve files> Scanning /Users/macbook/Octo/modules/api/build/reports/tests/test/-YqKav7FyNo...
[2026-09-27 14:14:14] [PROGRESS] resolve files> Scanning /Users/macbook/Octo/modules/api/build/reports/tests/test/IvRRfLTYA8s...
[2026-09-27 14:14:14] [PROGRESS] resolve files> Scanning /Users/macbook/Octo/modules/api/build/reports/tests/test/tXIXQMtPtU4...
[2026-09-27 14:14:14] [PROGRESS] resolve files> Scanning /Users/macbook/Octo/modules/api/build/reports/tests/test/ltIVSidTQEA...
[2026-09-27 14:14:14] [PROGRESS] resolve files> Scanning /Users/macbook/Octo/modules/api/build/reports/tests/test/1tx3V89tPoU...
[2026-09-27 14:14:14] [PROGRESS] resolve files> Scanning /Users/macbook/Octo/modules/api/build/reports/tests/test/UZ48t1gWzc8...
[2026-09-27 14:14:14] [PROGRESS] resolve files> Scanning /Users/macbook/Octo/modules/api/build/reports/tests/test/DVDuIDA2fqc...
[2026-09-27 14:14:14] [PROGRESS] resolve files> Scanning /Users/macbook/Octo/modules/api/build/reports/tests/test/P_184sF9_oQ...
[2026-09-27 14:14:14] [PROGRESS] resolve files> Scanning /Users/macbook/Octo/modules/api/build/reports/tests/test/nc5LTjb9_U0...
[2026-09-27 14:14:14] [PROGRESS] resolve files> Scanning /Users/macbook/Octo/modules/api/build/reports/tests/test/fN2kzZVaM_Q...
[2026-09-27 14:14:14] [PROGRESS] resolve files> Scanning /Users/macbook/Octo/modules/api/build/reports/tests/test/fVWU0Cf6fpA...
[2026-09-27 14:14:14] [PROGRESS] resolve files> Scanning /Users/macbook/Octo/modules/api/build/reports/tests/test/4ONH9ALWBL0...
[2026-09-27 14:14:14] [PROGRESS] resolve files> Scanning /Users/macbook/Octo/modules/api/build/reports/tests/test/UncwIr5V8Ms...
[2026-09-27 14:14:14] [PROGRESS] resolve files> Scanning /Users/macbook/Octo/modules/api/build/reports/tests/test/Pl27bnzpRvQ...
[2026-09-27 14:14:14] [PROGRESS] resolve files> Scanning /Users/macbook/Octo/modules/api/build/reports/tests/test/YLSGEfZ4q9Y...
[2026-09-27 14:14:14] [PROGRESS] resolve files> Scanning /Users/macbook/Octo/modules/api/build/reports/tests/test/VFsRv5-KXVw...
[2026-09-27 14:14:14] [PROGRESS] resolve files> Scanning /Users/macbook/Octo/modules/api/build/reports/tests/test/YrogythHvhY...
[2026-09-27 14:14:14] [PROGRESS] resolve files> Scanning /Users/macbook/Octo/modules/api/build/reports/tests/test/A9xkj0UatVU...
[2026-09-27 14:14:14] [PROGRESS] resolve files> Scanning /Users/macbook/Octo/modules/api/src...
[2026-09-27 14:14:14] [PROGRESS] resolve files> Scanning /Users/macbook/Octo/modules/api/src/test...
[2026-09-27 14:14:14] [PROGRESS] resolve files> Scanning /Users/macbook/Octo/modules/api/src/test/resources...
[2026-09-27 14:14:14] [PROGRESS] resolve files> Scanning /Users/macbook/Octo/modules/api/src/test/kotlin...
[2026-09-27 14:14:14] [PROGRESS] resolve files> Scanning /Users/macbook/Octo/modules/api/src/test/kotlin/com...
[2026-09-27 14:14:14] [PROGRESS] resolve files> Scanning /Users/macbook/Octo/modules/api/src/test/kotlin/com/octo...
[2026-09-27 14:14:14] [PROGRESS] resolve files> Scanning /Users/macbook/Octo/modules/api/src/test/kotlin/com/octo/api...
[2026-09-27 14:14:14] [PROGRESS] resolve files> Scanning /Users/macbook/Octo/modules/api/src/test/kotlin/com/octo/api/reconciliation...
[2026-09-27 14:14:14] [PROGRESS] resolve files> Scanning /Users/macbook/Octo/modules/api/src/test/kotlin/com/octo/api/ingestion...
[2026-09-27 14:14:14] [PROGRESS] resolve files> Scanning /Users/macbook/Octo/modules/api/src/test/kotlin/com/octo/api/prospect...
[2026-09-27 14:14:14] [PROGRESS] resolve files> Scanning /Users/macbook/Octo/modules/api/src/test/kotlin/com/octo/api/asset...
[2026-09-27 14:14:14] [PROGRESS] resolve files> Scanning /Users/macbook/Octo/modules/api/src/test/kotlin/com/octo/api/access...
[2026-09-27 14:14:14] [PROGRESS] resolve files> Scanning /Users/macbook/Octo/modules/api/src/test/kotlin/com/octo/api/compliance...
[2026-09-27 14:14:14] [PROGRESS] resolve files> Scanning /Users/macbook/Octo/modules/api/src/test/kotlin/com/octo/api/report...
[2026-09-27 14:14:14] [PROGRESS] resolve files> Scanning /Users/macbook/Octo/modules/api/src/test/kotlin/com/octo/api/data...
[2026-09-27 14:14:14] [PROGRESS] resolve files> Scanning /Users/macbook/Octo/modules/api/src/main...
[2026-09-27 14:14:14] [PROGRESS] resolve files> Scanning /Users/macbook/Octo/modules/api/src/main/resources...
[2026-09-27 14:14:14] [PROGRESS] resolve files> Scanning /Users/macbook/Octo/modules/api/src/main/kotlin...
[2026-09-27 14:14:14] [PROGRESS] resolve files> Scanning /Users/macbook/Octo/modules/api/src/main/kotlin/com...
[2026-09-27 14:14:14] [PROGRESS] resolve files> Scanning /Users/macbook/Octo/modules/api/src/main/kotlin/com/octo...
[2026-09-27 14:14:14] [PROGRESS] resolve files> Scanning /Users/macbook/Octo/modules/api/src/main/kotlin/com/octo/api...
[2026-09-27 14:14:14] [PROGRESS] resolve files> Scanning /Users/macbook/Octo/modules/api/src/main/kotlin/com/octo/api/reconciliation...
[2026-09-27 14:14:14] [PROGRESS] resolve files> Scanning /Users/macbook/Octo/modules/api/src/main/kotlin/com/octo/api/ingestion...
[2026-09-27 14:14:14] [PROGRESS] resolve files> Scanning /Users/macbook/Octo/modules/api/src/main/kotlin/com/octo/api/prospect...
[2026-09-27 14:14:14] [PROGRESS] resolve files> Scanning /Users/macbook/Octo/modules/api/src/main/kotlin/com/octo/api/asset...
[2026-09-27 14:14:14] [PROGRESS] resolve files> Scanning /Users/macbook/Octo/modules/api/src/main/kotlin/com/octo/api/asset/persistence...
[2026-09-27 14:14:14] [PROGRESS] resolve files> Scanning /Users/macbook/Octo/modules/api/src/main/kotlin/com/octo/api/access...
[2026-09-27 14:14:14] [PROGRESS] resolve files> Scanning /Users/macbook/Octo/modules/api/src/main/kotlin/com/octo/api/access/persistence...
[2026-09-27 14:14:14] [PROGRESS] resolve files> Scanning /Users/macbook/Octo/modules/api/src/main/kotlin/com/octo/api/compliance...
[2026-09-27 14:14:14] [PROGRESS] resolve files> Scanning /Users/macbook/Octo/modules/api/src/main/kotlin/com/octo/api/report...
[2026-09-27 14:14:14] [PROGRESS] resolve files> Scanning /Users/macbook/Octo/modules/api/src/main/kotlin/com/octo/api/data...
[2026-09-27 14:14:14] [PROGRESS] resolve files> Scanning /Users/macbook/Octo/modules/recon...
[2026-09-27 14:14:14] [PROGRESS] resolve files> Scanning /Users/macbook/Octo/modules/recon/build...
[2026-09-27 14:14:14] [PROGRESS] resolve files> Scanning /Users/macbook/Octo/modules/recon/build/kover...
[2026-09-27 14:14:14] [PROGRESS] resolve files> Scanning /Users/macbook/Octo/modules/recon/build/kover/bin-reports...
[2026-09-27 14:14:14] [PROGRESS] resolve files> Scanning /Users/macbook/Octo/modules/recon/build/classes...
[2026-09-27 14:14:14] [PROGRESS] resolve files> Scanning /Users/macbook/Octo/modules/recon/build/classes/kotlin...
[2026-09-27 14:14:14] [PROGRESS] resolve files> Scanning /Users/macbook/Octo/modules/recon/build/classes/kotlin/test...
[2026-09-27 14:14:14] [PROGRESS] resolve files> Scanning /Users/macbook/Octo/modules/recon/build/classes/kotlin/test/META-INF...
[2026-09-27 14:14:14] [PROGRESS] resolve files> Scanning /Users/macbook/Octo/modules/recon/build/classes/kotlin/test/com...
[2026-09-27 14:14:14] [PROGRESS] resolve files> Scanning /Users/macbook/Octo/modules/recon/build/classes/kotlin/test/com/octo...
[2026-09-27 14:14:14] [PROGRESS] resolve files> Scanning /Users/macbook/Octo/modules/recon/build/classes/kotlin/test/com/octo/recon...
[2026-09-27 14:14:14] [PROGRESS] resolve files> Scanning /Users/macbook/Octo/modules/recon/build/classes/kotlin/test/com/octo/recon/matching...
[2026-09-27 14:14:14] [PROGRESS] resolve files> Scanning /Users/macbook/Octo/modules/recon/build/classes/kotlin/test/com/octo/recon/compliance...
[2026-09-27 14:14:14] [PROGRESS] resolve files> Scanning /Users/macbook/Octo/modules/recon/build/classes/kotlin/main...
[2026-09-27 14:14:14] [PROGRESS] resolve files> Scanning /Users/macbook/Octo/modules/recon/build/classes/kotlin/main/META-INF...
[2026-09-27 14:14:14] [PROGRESS] resolve files> Scanning /Users/macbook/Octo/modules/recon/build/classes/kotlin/main/com...
[2026-09-27 14:14:14] [PROGRESS] resolve files> Scanning /Users/macbook/Octo/modules/recon/build/classes/kotlin/main/com/octo...
[2026-09-27 14:14:14] [PROGRESS] resolve files> Scanning /Users/macbook/Octo/modules/recon/build/classes/kotlin/main/com/octo/recon...
[2026-09-27 14:14:14] [PROGRESS] resolve files> Scanning /Users/macbook/Octo/modules/recon/build/classes/kotlin/main/com/octo/recon/matching...
[2026-09-27 14:14:14] [PROGRESS] resolve files> Scanning /Users/macbook/Octo/modules/recon/build/classes/kotlin/main/com/octo/recon/matching/persistence...
[2026-09-27 14:14:14] [PROGRESS] resolve files> Scanning /Users/macbook/Octo/modules/recon/build/classes/kotlin/main/com/octo/recon/compliance...
[2026-09-27 14:14:14] [PROGRESS] resolve files> Scanning /Users/macbook/Octo/modules/recon/build/classes/kotlin/main/com/octo/recon/compliance/persistence...
[2026-09-27 14:14:14] [PROGRESS] resolve files> Scanning /Users/macbook/Octo/modules/recon/build/kotlin...
[2026-09-27 14:14:14] [PROGRESS] resolve files> Scanning /Users/macbook/Octo/modules/recon/build/kotlin/compileKotlin...
[2026-09-27 14:14:14] [PROGRESS] resolve files> Scanning /Users/macbook/Octo/modules/recon/build/kotlin/compileKotlin/cacheable...
[2026-09-27 14:14:14] [PROGRESS] resolve files> Scanning /Users/macbook/Octo/modules/recon/build/kotlin/compileKotlin/cacheable/caches-jvm...
[2026-09-27 14:14:14] [PROGRESS] resolve files> Scanning /Users/macbook/Octo/modules/recon/build/kotlin/compileKotlin/cacheable/caches-jvm/lookups...
[2026-09-27 14:14:14] [PROGRESS] resolve files> Scanning /Users/macbook/Octo/modules/recon/build/kotlin/compileKotlin/cacheable/caches-jvm/jvm...
[2026-09-27 14:14:14] [PROGRESS] resolve files> Scanning /Users/macbook/Octo/modules/recon/build/kotlin/compileKotlin/cacheable/caches-jvm/jvm/kotlin...
[2026-09-27 14:14:14] [PROGRESS] resolve files> Scanning /Users/macbook/Octo/modules/recon/build/kotlin/compileKotlin/cacheable/caches-jvm/inputs...
[2026-09-27 14:14:14] [PROGRESS] resolve files> Scanning /Users/macbook/Octo/modules/recon/build/kotlin/compileKotlin/classpath-snapshot...
[2026-09-27 14:14:14] [PROGRESS] resolve files> Scanning /Users/macbook/Octo/modules/recon/build/kotlin/compileKotlin/local-state...
[2026-09-27 14:14:14] [PROGRESS] resolve files> Scanning /Users/macbook/Octo/modules/recon/build/kotlin/compileTestKotlin...
[2026-09-27 14:14:14] [PROGRESS] resolve files> Scanning /Users/macbook/Octo/modules/recon/build/kotlin/compileTestKotlin/cacheable...
[2026-09-27 14:14:14] [PROGRESS] resolve files> Scanning /Users/macbook/Octo/modules/recon/build/kotlin/compileTestKotlin/cacheable/caches-jvm...
[2026-09-27 14:14:14] [PROGRESS] resolve files> Scanning /Users/macbook/Octo/modules/recon/build/kotlin/compileTestKotlin/cacheable/caches-jvm/lookups...
[2026-09-27 14:14:14] [PROGRESS] resolve files> Scanning /Users/macbook/Octo/modules/recon/build/kotlin/compileTestKotlin/cacheable/caches-jvm/jvm...
[2026-09-27 14:14:14] [PROGRESS] resolve files> Scanning /Users/macbook/Octo/modules/recon/build/kotlin/compileTestKotlin/cacheable/caches-jvm/jvm/kotlin...
[2026-09-27 14:14:14] [PROGRESS] resolve files> Scanning /Users/macbook/Octo/modules/recon/build/kotlin/compileTestKotlin/cacheable/caches-jvm/inputs...
[2026-09-27 14:14:14] [PROGRESS] resolve files> Scanning /Users/macbook/Octo/modules/recon/build/kotlin/compileTestKotlin/classpath-snapshot...
[2026-09-27 14:14:14] [PROGRESS] resolve files> Scanning /Users/macbook/Octo/modules/recon/build/kotlin/compileTestKotlin/local-state...
[2026-09-27 14:14:14] [PROGRESS] resolve files> Scanning /Users/macbook/Octo/modules/recon/build/libs...
[2026-09-27 14:14:14] [PROGRESS] resolve files> Scanning /Users/macbook/Octo/modules/recon/build/intermediates...
[2026-09-27 14:14:14] [PROGRESS] resolve files> Scanning /Users/macbook/Octo/modules/recon/build/intermediates/ktLint...
[2026-09-27 14:14:14] [PROGRESS] resolve files> Scanning /Users/macbook/Octo/modules/recon/build/test-results...
[2026-09-27 14:14:14] [PROGRESS] resolve files> Scanning /Users/macbook/Octo/modules/recon/build/test-results/test...
[2026-09-27 14:14:14] [PROGRESS] resolve files> Scanning /Users/macbook/Octo/modules/recon/build/test-results/test/binary...
[2026-09-27 14:14:14] [PROGRESS] resolve files> Scanning /Users/macbook/Octo/modules/recon/build/tmp...
[2026-09-27 14:14:14] [PROGRESS] resolve files> Scanning /Users/macbook/Octo/modules/recon/build/tmp/koverCachedVerify...
[2026-09-27 14:14:14] [PROGRESS] resolve files> Scanning /Users/macbook/Octo/modules/recon/build/tmp/test...
[2026-09-27 14:14:14] [PROGRESS] resolve files> Scanning /Users/macbook/Octo/modules/recon/build/tmp/jar...
[2026-09-27 14:14:14] [PROGRESS] resolve files> Scanning /Users/macbook/Octo/modules/recon/build/reports...
[2026-09-27 14:14:14] [PROGRESS] resolve files> Scanning /Users/macbook/Octo/modules/recon/build/reports/kover...
[2026-09-27 14:14:14] [PROGRESS] resolve files> Scanning /Users/macbook/Octo/modules/recon/build/reports/ktlint...
[2026-09-27 14:14:14] [PROGRESS] resolve files> Scanning /Users/macbook/Octo/modules/recon/build/reports/ktlint/ktlintKotlinScriptCheck...
[2026-09-27 14:14:14] [PROGRESS] resolve files> Scanning /Users/macbook/Octo/modules/recon/build/reports/ktlint/ktlintMainSourceSetFormat...
[2026-09-27 14:14:14] [PROGRESS] resolve files> Scanning /Users/macbook/Octo/modules/recon/build/reports/ktlint/ktlintMainSourceSetCheck...
[2026-09-27 14:14:14] [PROGRESS] resolve files> Scanning /Users/macbook/Octo/modules/recon/build/reports/ktlint/ktlintKotlinScriptFormat...
[2026-09-27 14:14:14] [PROGRESS] resolve files> Scanning /Users/macbook/Octo/modules/recon/build/reports/ktlint/ktlintTestSourceSetFormat...
[2026-09-27 14:14:14] [PROGRESS] resolve files> Scanning /Users/macbook/Octo/modules/recon/build/reports/ktlint/ktlintTestSourceSetCheck...
[2026-09-27 14:14:14] [PROGRESS] resolve files> Scanning /Users/macbook/Octo/modules/recon/build/reports/tests...
[2026-09-27 14:14:14] [PROGRESS] resolve files> Scanning /Users/macbook/Octo/modules/recon/build/reports/tests/test...
[2026-09-27 14:14:14] [PROGRESS] resolve files> Scanning /Users/macbook/Octo/modules/recon/build/reports/tests/test/V_TxaAQlsTk...
[2026-09-27 14:14:14] [PROGRESS] resolve files> Scanning /Users/macbook/Octo/modules/recon/build/reports/tests/test/xuzpN59-BBo...
[2026-09-27 14:14:14] [PROGRESS] resolve files> Scanning /Users/macbook/Octo/modules/recon/build/reports/tests/test/css...
[2026-09-27 14:14:14] [PROGRESS] resolve files> Scanning /Users/macbook/Octo/modules/recon/build/reports/tests/test/1Ar0sNm3ICE...
[2026-09-27 14:14:14] [PROGRESS] resolve files> Scanning /Users/macbook/Octo/modules/recon/build/reports/tests/test/js...
[2026-09-27 14:14:14] [PROGRESS] resolve files> Scanning /Users/macbook/Octo/modules/recon/build/reports/tests/test/9sVDvMH3Gi4...
[2026-09-27 14:14:14] [PROGRESS] resolve files> Scanning /Users/macbook/Octo/modules/recon/build/reports/tests/test/2NQI2LwWleM...
[2026-09-27 14:14:14] [PROGRESS] resolve files> Scanning /Users/macbook/Octo/modules/recon/build/reports/tests/test/bPJ6CekDO9g...
[2026-09-27 14:14:14] [PROGRESS] resolve files> Scanning /Users/macbook/Octo/modules/recon/src...
[2026-09-27 14:14:14] [PROGRESS] resolve files> Scanning /Users/macbook/Octo/modules/recon/src/test...
[2026-09-27 14:14:14] [PROGRESS] resolve files> Scanning /Users/macbook/Octo/modules/recon/src/test/kotlin...
[2026-09-27 14:14:14] [PROGRESS] resolve files> Scanning /Users/macbook/Octo/modules/recon/src/test/kotlin/com...
[2026-09-27 14:14:14] [PROGRESS] resolve files> Scanning /Users/macbook/Octo/modules/recon/src/test/kotlin/com/octo...
[2026-09-27 14:14:14] [PROGRESS] resolve files> Scanning /Users/macbook/Octo/modules/recon/src/test/kotlin/com/octo/recon...
[2026-09-27 14:14:14] [PROGRESS] resolve files> Scanning /Users/macbook/Octo/modules/recon/src/test/kotlin/com/octo/recon/matching...
[2026-09-27 14:14:14] [PROGRESS] resolve files> Scanning /Users/macbook/Octo/modules/recon/src/test/kotlin/com/octo/recon/compliance...
[2026-09-27 14:14:14] [PROGRESS] resolve files> Scanning /Users/macbook/Octo/modules/recon/src/main...
[2026-09-27 14:14:14] [PROGRESS] resolve files> Scanning /Users/macbook/Octo/modules/recon/src/main/kotlin...
[2026-09-27 14:14:14] [PROGRESS] resolve files> Scanning /Users/macbook/Octo/modules/recon/src/main/kotlin/com...
[2026-09-27 14:14:14] [PROGRESS] resolve files> Scanning /Users/macbook/Octo/modules/recon/src/main/kotlin/com/octo...
[2026-09-27 14:14:14] [PROGRESS] resolve files> Scanning /Users/macbook/Octo/modules/recon/src/main/kotlin/com/octo/recon...
[2026-09-27 14:14:14] [PROGRESS] resolve files> Scanning /Users/macbook/Octo/modules/recon/src/main/kotlin/com/octo/recon/matching...
[2026-09-27 14:14:14] [PROGRESS] resolve files> Scanning /Users/macbook/Octo/modules/recon/src/main/kotlin/com/octo/recon/matching/persistence...
[2026-09-27 14:14:14] [PROGRESS] resolve files> Scanning /Users/macbook/Octo/modules/recon/src/main/kotlin/com/octo/recon/compliance...
[2026-09-27 14:14:14] [PROGRESS] resolve files> Scanning /Users/macbook/Octo/modules/recon/src/main/kotlin/com/octo/recon/compliance/persistence...
[2026-09-27 14:14:14] [PROGRESS] resolve files> Scanning /Users/macbook/Octo/modules/analytics...
[2026-09-27 14:14:14] [PROGRESS] resolve files> Scanning /Users/macbook/Octo/modules/analytics/build...
[2026-09-27 14:14:14] [PROGRESS] resolve files> Scanning /Users/macbook/Octo/modules/analytics/build/kover...
[2026-09-27 14:14:14] [PROGRESS] resolve files> Scanning /Users/macbook/Octo/modules/analytics/build/kover/bin-reports...
[2026-09-27 14:14:14] [PROGRESS] resolve files> Scanning /Users/macbook/Octo/modules/analytics/build/classes...
[2026-09-27 14:14:14] [PROGRESS] resolve files> Scanning /Users/macbook/Octo/modules/analytics/build/classes/kotlin...
[2026-09-27 14:14:14] [PROGRESS] resolve files> Scanning /Users/macbook/Octo/modules/analytics/build/classes/kotlin/test...
[2026-09-27 14:14:14] [PROGRESS] resolve files> Scanning /Users/macbook/Octo/modules/analytics/build/classes/kotlin/test/META-INF...
[2026-09-27 14:14:14] [PROGRESS] resolve files> Scanning /Users/macbook/Octo/modules/analytics/build/classes/kotlin/test/com...
[2026-09-27 14:14:14] [PROGRESS] resolve files> Scanning /Users/macbook/Octo/modules/analytics/build/classes/kotlin/test/com/octo...
[2026-09-27 14:14:14] [PROGRESS] resolve files> Scanning /Users/macbook/Octo/modules/analytics/build/classes/kotlin/test/com/octo/analytics...
[2026-09-27 14:14:14] [PROGRESS] resolve files> Scanning /Users/macbook/Octo/modules/analytics/build/classes/kotlin/main...
[2026-09-27 14:14:14] [PROGRESS] resolve files> Scanning /Users/macbook/Octo/modules/analytics/build/classes/kotlin/main/META-INF...
[2026-09-27 14:14:14] [PROGRESS] resolve files> Scanning /Users/macbook/Octo/modules/analytics/build/classes/kotlin/main/com...
[2026-09-27 14:14:14] [PROGRESS] resolve files> Scanning /Users/macbook/Octo/modules/analytics/build/classes/kotlin/main/com/octo...
[2026-09-27 14:14:14] [PROGRESS] resolve files> Scanning /Users/macbook/Octo/modules/analytics/build/classes/kotlin/main/com/octo/analytics...
[2026-09-27 14:14:14] [PROGRESS] resolve files> Scanning /Users/macbook/Octo/modules/analytics/build/classes/kotlin/main/com/octo/analytics/persistence...
[2026-09-27 14:14:14] [PROGRESS] resolve files> Scanning /Users/macbook/Octo/modules/analytics/build/kotlin...
[2026-09-27 14:14:14] [PROGRESS] resolve files> Scanning /Users/macbook/Octo/modules/analytics/build/kotlin/compileKotlin...
[2026-09-27 14:14:14] [PROGRESS] resolve files> Scanning /Users/macbook/Octo/modules/analytics/build/kotlin/compileKotlin/cacheable...
[2026-09-27 14:14:14] [PROGRESS] resolve files> Scanning /Users/macbook/Octo/modules/analytics/build/kotlin/compileKotlin/cacheable/caches-jvm...
[2026-09-27 14:14:14] [PROGRESS] resolve files> Scanning /Users/macbook/Octo/modules/analytics/build/kotlin/compileKotlin/cacheable/caches-jvm/lookups...
[2026-09-27 14:14:14] [PROGRESS] resolve files> Scanning /Users/macbook/Octo/modules/analytics/build/kotlin/compileKotlin/cacheable/caches-jvm/jvm...
[2026-09-27 14:14:14] [PROGRESS] resolve files> Scanning /Users/macbook/Octo/modules/analytics/build/kotlin/compileKotlin/cacheable/caches-jvm/jvm/kotlin...
[2026-09-27 14:14:14] [PROGRESS] resolve files> Scanning /Users/macbook/Octo/modules/analytics/build/kotlin/compileKotlin/cacheable/caches-jvm/inputs...
[2026-09-27 14:14:14] [PROGRESS] resolve files> Scanning /Users/macbook/Octo/modules/analytics/build/kotlin/compileKotlin/classpath-snapshot...
[2026-09-27 14:14:14] [PROGRESS] resolve files> Scanning /Users/macbook/Octo/modules/analytics/build/kotlin/compileKotlin/local-state...
[2026-09-27 14:14:14] [PROGRESS] resolve files> Scanning /Users/macbook/Octo/modules/analytics/build/kotlin/compileTestKotlin...
[2026-09-27 14:14:14] [PROGRESS] resolve files> Scanning /Users/macbook/Octo/modules/analytics/build/kotlin/compileTestKotlin/cacheable...
[2026-09-27 14:14:14] [PROGRESS] resolve files> Scanning /Users/macbook/Octo/modules/analytics/build/kotlin/compileTestKotlin/cacheable/caches-jvm...
[2026-09-27 14:14:14] [PROGRESS] resolve files> Scanning /Users/macbook/Octo/modules/analytics/build/kotlin/compileTestKotlin/cacheable/caches-jvm/lookups...
[2026-09-27 14:14:14] [PROGRESS] resolve files> Scanning /Users/macbook/Octo/modules/analytics/build/kotlin/compileTestKotlin/cacheable/caches-jvm/jvm...
[2026-09-27 14:14:14] [PROGRESS] resolve files> Scanning /Users/macbook/Octo/modules/analytics/build/kotlin/compileTestKotlin/cacheable/caches-jvm/jvm/kotlin...
[2026-09-27 14:14:14] [PROGRESS] resolve files> Scanning /Users/macbook/Octo/modules/analytics/build/kotlin/compileTestKotlin/cacheable/caches-jvm/inputs...
[2026-09-27 14:14:14] [PROGRESS] resolve files> Scanning /Users/macbook/Octo/modules/analytics/build/kotlin/compileTestKotlin/classpath-snapshot...
[2026-09-27 14:14:14] [PROGRESS] resolve files> Scanning /Users/macbook/Octo/modules/analytics/build/kotlin/compileTestKotlin/local-state...
[2026-09-27 14:14:14] [PROGRESS] resolve files> Scanning /Users/macbook/Octo/modules/analytics/build/libs...
[2026-09-27 14:14:14] [PROGRESS] resolve files> Scanning /Users/macbook/Octo/modules/analytics/build/intermediates...
[2026-09-27 14:14:14] [PROGRESS] resolve files> Scanning /Users/macbook/Octo/modules/analytics/build/intermediates/ktLint...
[2026-09-27 14:14:14] [PROGRESS] resolve files> Scanning /Users/macbook/Octo/modules/analytics/build/test-results...
[2026-09-27 14:14:14] [PROGRESS] resolve files> Scanning /Users/macbook/Octo/modules/analytics/build/test-results/test...
[2026-09-27 14:14:14] [PROGRESS] resolve files> Scanning /Users/macbook/Octo/modules/analytics/build/test-results/test/binary...
[2026-09-27 14:14:14] [PROGRESS] resolve files> Scanning /Users/macbook/Octo/modules/analytics/build/tmp...
[2026-09-27 14:14:14] [PROGRESS] resolve files> Scanning /Users/macbook/Octo/modules/analytics/build/tmp/koverCachedVerify...
[2026-09-27 14:14:14] [PROGRESS] resolve files> Scanning /Users/macbook/Octo/modules/analytics/build/tmp/test...
[2026-09-27 14:14:14] [PROGRESS] resolve files> Scanning /Users/macbook/Octo/modules/analytics/build/tmp/jar...
[2026-09-27 14:14:14] [PROGRESS] resolve files> Scanning /Users/macbook/Octo/modules/analytics/build/tmp/koverLog...
[2026-09-27 14:14:14] [PROGRESS] resolve files> Scanning /Users/macbook/Octo/modules/analytics/build/reports...
[2026-09-27 14:14:14] [PROGRESS] resolve files> Scanning /Users/macbook/Octo/modules/analytics/build/reports/kover...
[2026-09-27 14:14:14] [PROGRESS] resolve files> Scanning /Users/macbook/Octo/modules/analytics/build/reports/ktlint...
[2026-09-27 14:14:14] [PROGRESS] resolve files> Scanning /Users/macbook/Octo/modules/analytics/build/reports/ktlint/ktlintKotlinScriptCheck...
[2026-09-27 14:14:14] [PROGRESS] resolve files> Scanning /Users/macbook/Octo/modules/analytics/build/reports/ktlint/ktlintMainSourceSetFormat...
[2026-09-27 14:14:14] [PROGRESS] resolve files> Scanning /Users/macbook/Octo/modules/analytics/build/reports/ktlint/ktlintMainSourceSetCheck...
[2026-09-27 14:14:14] [PROGRESS] resolve files> Scanning /Users/macbook/Octo/modules/analytics/build/reports/ktlint/ktlintKotlinScriptFormat...
[2026-09-27 14:14:14] [PROGRESS] resolve files> Scanning /Users/macbook/Octo/modules/analytics/build/reports/ktlint/ktlintTestSourceSetFormat...
[2026-09-27 14:14:14] [PROGRESS] resolve files> Scanning /Users/macbook/Octo/modules/analytics/build/reports/ktlint/ktlintTestSourceSetCheck...
[2026-09-27 14:14:14] [PROGRESS] resolve files> Scanning /Users/macbook/Octo/modules/analytics/build/reports/tests...
[2026-09-27 14:14:14] [PROGRESS] resolve files> Scanning /Users/macbook/Octo/modules/analytics/build/reports/tests/test...
[2026-09-27 14:14:14] [PROGRESS] resolve files> Scanning /Users/macbook/Octo/modules/analytics/build/reports/tests/test/4mjHda871cI...
[2026-09-27 14:14:14] [PROGRESS] resolve files> Scanning /Users/macbook/Octo/modules/analytics/build/reports/tests/test/USj2_RSCOuM...
[2026-09-27 14:14:14] [PROGRESS] resolve files> Scanning /Users/macbook/Octo/modules/analytics/build/reports/tests/test/UnUdSTvhf3s...
[2026-09-27 14:14:14] [PROGRESS] resolve files> Scanning /Users/macbook/Octo/modules/analytics/build/reports/tests/test/y17vioVilAU...
[2026-09-27 14:14:14] [PROGRESS] resolve files> Scanning /Users/macbook/Octo/modules/analytics/build/reports/tests/test/NMvT95jvhlU...
[2026-09-27 14:14:14] [PROGRESS] resolve files> Scanning /Users/macbook/Octo/modules/analytics/build/reports/tests/test/css...
[2026-09-27 14:14:14] [PROGRESS] resolve files> Scanning /Users/macbook/Octo/modules/analytics/build/reports/tests/test/fYTZkTO7eNs...
[2026-09-27 14:14:14] [PROGRESS] resolve files> Scanning /Users/macbook/Octo/modules/analytics/build/reports/tests/test/OoBZxJTDruY...
[2026-09-27 14:14:14] [PROGRESS] resolve files> Scanning /Users/macbook/Octo/modules/analytics/build/reports/tests/test/SpXyNmwIcUg...
[2026-09-27 14:14:14] [PROGRESS] resolve files> Scanning /Users/macbook/Octo/modules/analytics/build/reports/tests/test/js...
[2026-09-27 14:14:14] [PROGRESS] resolve files> Scanning /Users/macbook/Octo/modules/analytics/build/reports/tests/test/mtG1DOI7bGU...
[2026-09-27 14:14:14] [PROGRESS] resolve files> Scanning /Users/macbook/Octo/modules/analytics/build/reports/tests/test/XcOf7vphINg...
[2026-09-27 14:14:14] [PROGRESS] resolve files> Scanning /Users/macbook/Octo/modules/analytics/build/reports/tests/test/P19TY_dvptg...
[2026-09-27 14:14:14] [PROGRESS] resolve files> Scanning /Users/macbook/Octo/modules/analytics/build/reports/tests/test/Dww0fNOQPEA...
[2026-09-27 14:14:14] [PROGRESS] resolve files> Scanning /Users/macbook/Octo/modules/analytics/build/reports/tests/test/1HXzU6EDaOU...
[2026-09-27 14:14:14] [PROGRESS] resolve files> Scanning /Users/macbook/Octo/modules/analytics/build/reports/tests/test/xtnTuAbVtuI...
[2026-09-27 14:14:14] [PROGRESS] resolve files> Scanning /Users/macbook/Octo/modules/analytics/build/reports/tests/test/dnnATT108S4...
[2026-09-27 14:14:14] [PROGRESS] resolve files> Scanning /Users/macbook/Octo/modules/analytics/build/reports/tests/test/pXP8lNKIT80...
[2026-09-27 14:14:14] [PROGRESS] resolve files> Scanning /Users/macbook/Octo/modules/analytics/build/reports/tests/test/ySWxwVMbx14...
[2026-09-27 14:14:14] [PROGRESS] resolve files> Scanning /Users/macbook/Octo/modules/analytics/build/reports/tests/test/8F37yvRK1O4...
[2026-09-27 14:14:14] [PROGRESS] resolve files> Scanning /Users/macbook/Octo/modules/analytics/build/reports/tests/test/kVh1cipKZCg...
[2026-09-27 14:14:14] [PROGRESS] resolve files> Scanning /Users/macbook/Octo/modules/analytics/build/reports/tests/test/2cEDaVw8vRI...
[2026-09-27 14:14:14] [PROGRESS] resolve files> Scanning /Users/macbook/Octo/modules/analytics/build/reports/tests/test/1HeqvskHGUg...
[2026-09-27 14:14:14] [PROGRESS] resolve files> Scanning /Users/macbook/Octo/modules/analytics/build/reports/tests/test/viry1awK57Y...
[2026-09-27 14:14:14] [PROGRESS] resolve files> Scanning /Users/macbook/Octo/modules/analytics/build/reports/tests/test/RfiYkGDlVdY...
[2026-09-27 14:14:14] [PROGRESS] resolve files> Scanning /Users/macbook/Octo/modules/analytics/build/reports/tests/test/wowX2Lhy5mQ...
[2026-09-27 14:14:14] [PROGRESS] resolve files> Scanning /Users/macbook/Octo/modules/analytics/build/reports/tests/test/SiJdRzi156s...
[2026-09-27 14:14:14] [PROGRESS] resolve files> Scanning /Users/macbook/Octo/modules/analytics/build/reports/tests/test/D8RJO9kDl5U...
[2026-09-27 14:14:14] [PROGRESS] resolve files> Scanning /Users/macbook/Octo/modules/analytics/build/reports/tests/test/TEYiOWlIW8I...
[2026-09-27 14:14:14] [PROGRESS] resolve files> Scanning /Users/macbook/Octo/modules/analytics/build/reports/tests/test/1IxRTaGnY-U...
[2026-09-27 14:14:14] [PROGRESS] resolve files> Scanning /Users/macbook/Octo/modules/analytics/build/reports/tests/test/G94fTiKSKWA...
[2026-09-27 14:14:14] [PROGRESS] resolve files> Scanning /Users/macbook/Octo/modules/analytics/build/reports/tests/test/A4HPPgyqiTU...
[2026-09-27 14:14:14] [PROGRESS] resolve files> Scanning /Users/macbook/Octo/modules/analytics/build/reports/tests/test/xZ0_URD86n0...
[2026-09-27 14:14:14] [PROGRESS] resolve files> Scanning /Users/macbook/Octo/modules/analytics/src...
[2026-09-27 14:14:14] [PROGRESS] resolve files> Scanning /Users/macbook/Octo/modules/analytics/src/test...
[2026-09-27 14:14:14] [PROGRESS] resolve files> Scanning /Users/macbook/Octo/modules/analytics/src/test/kotlin...
[2026-09-27 14:14:14] [PROGRESS] resolve files> Scanning /Users/macbook/Octo/modules/analytics/src/test/kotlin/com...
[2026-09-27 14:14:14] [PROGRESS] resolve files> Scanning /Users/macbook/Octo/modules/analytics/src/test/kotlin/com/octo...
[2026-09-27 14:14:14] [PROGRESS] resolve files> Scanning /Users/macbook/Octo/modules/analytics/src/test/kotlin/com/octo/analytics...
[2026-09-27 14:14:14] [PROGRESS] resolve files> Scanning /Users/macbook/Octo/modules/analytics/src/main...
[2026-09-27 14:14:14] [PROGRESS] resolve files> Scanning /Users/macbook/Octo/modules/analytics/src/main/kotlin...
[2026-09-27 14:14:14] [PROGRESS] resolve files> Scanning /Users/macbook/Octo/modules/analytics/src/main/kotlin/com...
[2026-09-27 14:14:14] [PROGRESS] resolve files> Scanning /Users/macbook/Octo/modules/analytics/src/main/kotlin/com/octo...
[2026-09-27 14:14:14] [PROGRESS] resolve files> Scanning /Users/macbook/Octo/modules/analytics/src/main/kotlin/com/octo/analytics...
[2026-09-27 14:14:14] [PROGRESS] resolve files> Scanning /Users/macbook/Octo/modules/analytics/src/main/kotlin/com/octo/analytics/persistence...
[2026-09-27 14:14:14] Plumbing command codeql resolve files completed:
                      [ ]
[2026-09-27 14:14:14] [DETAILS] database index-files> Found 0 files.
[2026-09-27 14:14:14] Terminating normally.
