{ "origin": "CodeQL Kotlin extractor", "timestamp": "2026-09-27 14:17:57", "kind": "INFO", "message": "Extraction started" }
{ "origin": "CodeQL Kotlin extractor", "timestamp": "2026-09-27 14:17:57", "kind": "INFO", "message": "Kotlin extractor verbosity is 3" }
{ "origin": "CodeQL Kotlin extractor", "timestamp": "2026-09-27 14:17:57", "kind": "INFO", "message": "Extraction for invocation TRAP file /Users/macbook/Octo/static_analysis_codeql_1/codeql-kotlin.db/trap/java/invocations/kotlin.18013627712876711994.trap" }
{ "origin": "CodeQL Kotlin extractor", "timestamp": "2026-09-27 14:17:57", "kind": "INFO", "message": "Kotlin version 2.2.21" }
{ "origin": "CodeQL Kotlin extractor", "timestamp": "2026-09-27 14:17:57", "kind": "INFO", "message": "Peak memory: Usage before extractor" }
{ "origin": "CodeQL Kotlin extractor", "timestamp": "2026-09-27 14:17:57", "kind": "INFO", "message": "Peak memory: * Peak for non-heap bean CodeHeap 'non-nmethods' is 1689088" }
{ "origin": "CodeQL Kotlin extractor", "timestamp": "2026-09-27 14:17:57", "kind": "INFO", "message": "Peak memory: * Peak for non-heap bean Metaspace is 85860536" }
{ "origin": "CodeQL Kotlin extractor", "timestamp": "2026-09-27 14:17:57", "kind": "INFO", "message": "Peak memory: * Peak for non-heap bean CodeHeap 'profiled nmethods' is 17961536" }
{ "origin": "CodeQL Kotlin extractor", "timestamp": "2026-09-27 14:17:57", "kind": "INFO", "message": "Peak memory: * Peak for heap bean PS Old Gen is 116422576" }
{ "origin": "CodeQL Kotlin extractor", "timestamp": "2026-09-27 14:17:57", "kind": "INFO", "message": "Peak memory: * Peak for non-heap bean Compressed Class Space is 10228512" }
{ "origin": "CodeQL Kotlin extractor", "timestamp": "2026-09-27 14:17:57", "kind": "INFO", "message": "Peak memory: * Peak for heap bean PS Survivor Space is 51871792" }
{ "origin": "CodeQL Kotlin extractor", "timestamp": "2026-09-27 14:17:57", "kind": "INFO", "message": "Peak memory: * Peak for heap bean PS Eden Space is 240123904" }
{ "origin": "CodeQL Kotlin extractor", "timestamp": "2026-09-27 14:17:57", "kind": "INFO", "message": "Peak memory: * Peak for non-heap bean CodeHeap 'non-profiled nmethods' is 3741760" }
{ "origin": "CodeQL Kotlin extractor", "timestamp": "2026-09-27 14:17:57", "kind": "INFO", "message": "Peak memory: * Total heap peak: 408418272" }
{ "origin": "CodeQL Kotlin extractor", "timestamp": "2026-09-27 14:17:57", "kind": "INFO", "message": "Peak memory: * Total non-heap peak: 119481432" }
{ "origin": "CodeQL Kotlin extractor", "timestamp": "2026-09-27 14:17:57", "kind": "INFO", "message": "Extracting file /Users/macbook/Octo/modules/ontology/src/main/kotlin/com/octo/ontology/CypherSchema.kt" }
{ "origin": "CodeQL Kotlin extractor", "timestamp": "2026-09-27 14:17:57", "kind": "INFO", "message": "Will write TRAP file /Users/macbook/Octo/static_analysis_codeql_1/codeql-kotlin.db/trap/java/Users/macbook/Octo/modules/ontology/src/main/kotlin/com/octo/ontology/CypherSchema.kt.trap.gz" }
{ "origin": "CodeQL Kotlin extractor", "timestamp": "2026-09-27 14:17:57", "kind": "INFO", "message": "Will write TRAP file /Users/macbook/Octo/static_analysis_codeql_1/codeql-kotlin.db/trap/java/classes/com/octo/ontology/CqlKind.members/CqlKind.members#0.0-0-kotlin.trap.gz" }
{ "origin": "CodeQL Kotlin extractor", "timestamp": "2026-09-27 14:17:57", "kind": "INFO", "message": "Finished writing TRAP file /Users/macbook/Octo/static_analysis_codeql_1/codeql-kotlin.db/trap/java/classes/com/octo/ontology/CqlKind.members/CqlKind.members#0.0-0-kotlin.trap.gz" }
{ "origin": "CodeQL Kotlin extractor", "timestamp": "2026-09-27 14:17:57", "kind": "INFO", "message": "Will write TRAP file /Users/macbook/Octo/static_analysis_codeql_1/codeql-kotlin.db/trap/java/classes/com/octo/ontology/CqlAttribute.members/CqlAttribute.members#0.0-0-kotlin.trap.gz" }
{ "origin": "CodeQL Kotlin extractor", "timestamp": "2026-09-27 14:17:57", "kind": "INFO", "message": "Finished writing TRAP file /Users/macbook/Octo/static_analysis_codeql_1/codeql-kotlin.db/trap/java/classes/com/octo/ontology/CqlAttribute.members/CqlAttribute.members#0.0-0-kotlin.trap.gz" }
{ "origin": "CodeQL Kotlin extractor", "timestamp": "2026-09-27 14:17:57", "kind": "INFO", "message": "Will write TRAP file /Users/macbook/Octo/static_analysis_codeql_1/codeql-kotlin.db/trap/java/classes/com/octo/ontology/CqlOwn.members/CqlOwn.members#0.0-0-kotlin.trap.gz" }
{ "origin": "CodeQL Kotlin extractor", "timestamp": "2026-09-27 14:17:57", "kind": "INFO", "message": "Finished writing TRAP file /Users/macbook/Octo/static_analysis_codeql_1/codeql-kotlin.db/trap/java/classes/com/octo/ontology/CqlOwn.members/CqlOwn.members#0.0-0-kotlin.trap.gz" }
{ "origin": "CodeQL Kotlin extractor", "timestamp": "2026-09-27 14:17:57", "kind": "INFO", "message": "Will write TRAP file /Users/macbook/Octo/static_analysis_codeql_1/codeql-kotlin.db/trap/java/classes/com/octo/ontology/CqlRelate.members/CqlRelate.members#0.0-0-kotlin.trap.gz" }
{ "origin": "CodeQL Kotlin extractor", "timestamp": "2026-09-27 14:17:57", "kind": "INFO", "message": "Finished writing TRAP file /Users/macbook/Octo/static_analysis_codeql_1/codeql-kotlin.db/trap/java/classes/com/octo/ontology/CqlRelate.members/CqlRelate.members#0.0-0-kotlin.trap.gz" }
{ "origin": "CodeQL Kotlin extractor", "timestamp": "2026-09-27 14:17:57", "kind": "INFO", "message": "Will write TRAP file /Users/macbook/Octo/static_analysis_codeql_1/codeql-kotlin.db/trap/java/classes/com/octo/ontology/CqlType.members/CqlType.members#0.0-0-kotlin.trap.gz" }
{ "origin": "CodeQL Kotlin extractor", "timestamp": "2026-09-27 14:17:57", "kind": "INFO", "message": "Finished writing TRAP file /Users/macbook/Octo/static_analysis_codeql_1/codeql-kotlin.db/trap/java/classes/com/octo/ontology/CqlType.members/CqlType.members#0.0-0-kotlin.trap.gz" }
{ "origin": "CodeQL Kotlin extractor", "timestamp": "2026-09-27 14:17:58", "kind": "INFO", "message": "Will write TRAP file /Users/macbook/Octo/static_analysis_codeql_1/codeql-kotlin.db/trap/java/classes/com/octo/ontology/CypherSchema$Companion$MutableType.members/CypherSchema$Companion$MutableType.members#0.0-0-kotlin.trap.gz" }
{ "origin": "CodeQL Kotlin extractor", "timestamp": "2026-09-27 14:17:58", "kind": "INFO", "message": "Finished writing TRAP file /Users/macbook/Octo/static_analysis_codeql_1/codeql-kotlin.db/trap/java/classes/com/octo/ontology/CypherSchema$Companion$MutableType.members/CypherSchema$Companion$MutableType.members#0.0-0-kotlin.trap.gz" }
{ "origin": "CodeQL Kotlin extractor", "timestamp": "2026-09-27 14:17:58", "kind": "INFO", "message": "Will write TRAP file /Users/macbook/Octo/static_analysis_codeql_1/codeql-kotlin.db/trap/java/classes/com/octo/ontology/CypherSchema$Companion.members/CypherSchema$Companion.members#0.0-0-kotlin.trap.gz" }
{ "origin": "CodeQL Kotlin extractor", "timestamp": "2026-09-27 14:17:58", "kind": "INFO", "message": "Finished writing TRAP file /Users/macbook/Octo/static_analysis_codeql_1/codeql-kotlin.db/trap/java/classes/com/octo/ontology/CypherSchema$Companion.members/CypherSchema$Companion.members#0.0-0-kotlin.trap.gz" }
{ "origin": "CodeQL Kotlin extractor", "timestamp": "2026-09-27 14:17:58", "kind": "INFO", "message": "Will write TRAP file /Users/macbook/Octo/static_analysis_codeql_1/codeql-kotlin.db/trap/java/classes/com/octo/ontology/CypherSchema.members/CypherSchema.members#0.0-0-kotlin.trap.gz" }
{ "origin": "CodeQL Kotlin extractor", "timestamp": "2026-09-27 14:17:58", "kind": "INFO", "message": "Finished writing TRAP file /Users/macbook/Octo/static_analysis_codeql_1/codeql-kotlin.db/trap/java/classes/com/octo/ontology/CypherSchema.members/CypherSchema.members#0.0-0-kotlin.trap.gz" }
{ "origin": "CodeQL Kotlin extractor", "timestamp": "2026-09-27 14:17:58", "kind": "INFO", "message": "Will write TRAP file /Users/macbook/Octo/static_analysis_codeql_1/codeql-kotlin.db/trap/java/classes/com/octo/ontology/CypherSchemaKt$kebabToCamel(java.lang.String).members/CypherSchemaKt$kebabToCamel(java.lang.String).members#0.0-0-kotlin.trap.gz" }
{ "origin": "CodeQL Kotlin extractor", "timestamp": "2026-09-27 14:17:58", "kind": "INFO", "message": "Finished writing TRAP file /Users/macbook/Octo/static_analysis_codeql_1/codeql-kotlin.db/trap/java/classes/com/octo/ontology/CypherSchemaKt$kebabToCamel(java.lang.String).members/CypherSchemaKt$kebabToCamel(java.lang.String).members#0.0-0-kotlin.trap.gz" }
{ "origin": "CodeQL Kotlin extractor", "timestamp": "2026-09-27 14:17:58", "kind": "INFO", "message": "Will write TRAP file /Users/macbook/Octo/static_analysis_codeql_1/codeql-kotlin.db/trap/java/classes/com/octo/ontology/CypherSchemaKt$kebabToPascal(java.lang.String).members/CypherSchemaKt$kebabToPascal(java.lang.String).members#0.0-0-kotlin.trap.gz" }
{ "origin": "CodeQL Kotlin extractor", "timestamp": "2026-09-27 14:17:58", "kind": "INFO", "message": "Finished writing TRAP file /Users/macbook/Octo/static_analysis_codeql_1/codeql-kotlin.db/trap/java/classes/com/octo/ontology/CypherSchemaKt$kebabToPascal(java.lang.String).members/CypherSchemaKt$kebabToPascal(java.lang.String).members#0.0-0-kotlin.trap.gz" }
{ "origin": "CodeQL Kotlin extractor", "timestamp": "2026-09-27 14:17:58", "kind": "INFO", "message": "Will write TRAP file /Users/macbook/Octo/static_analysis_codeql_1/codeql-kotlin.db/trap/java/classes/com/octo/ontology/CypherSchemaKt.members/CypherSchemaKt.members#0.0-0-kotlin.trap.gz" }
{ "origin": "CodeQL Kotlin extractor", "timestamp": "2026-09-27 14:17:58", "kind": "INFO", "message": "Finished writing TRAP file /Users/macbook/Octo/static_analysis_codeql_1/codeql-kotlin.db/trap/java/classes/com/octo/ontology/CypherSchemaKt.members/CypherSchemaKt.members#0.0-0-kotlin.trap.gz" }
{ "origin": "CodeQL Kotlin extractor", "timestamp": "2026-09-27 14:17:58", "kind": "INFO", "message": "Skipping extracting external decl Unit" }
{ "origin": "CodeQL Kotlin extractor", "timestamp": "2026-09-27 14:17:58", "kind": "INFO", "message": "Skipping extracting external decl Enum" }
{ "origin": "CodeQL Kotlin extractor", "timestamp": "2026-09-27 14:17:58", "kind": "INFO", "message": "Skipping extracting external decl Object" }
{ "origin": "CodeQL Kotlin extractor", "timestamp": "2026-09-27 14:17:58", "kind": "INFO", "message": "Skipping extracting external decl Any" }
{ "origin": "CodeQL Kotlin extractor", "timestamp": "2026-09-27 14:17:58", "kind": "INFO", "message": "Skipping extracting external decl Constable" }
{ "origin": "CodeQL Kotlin extractor", "timestamp": "2026-09-27 14:17:58", "kind": "INFO", "message": "Skipping extracting external decl Comparable" }
{ "origin": "CodeQL Kotlin extractor", "timestamp": "2026-09-27 14:17:58", "kind": "INFO", "message": "Skipping extracting external decl Comparable" }
{ "origin": "CodeQL Kotlin extractor", "timestamp": "2026-09-27 14:17:58", "kind": "INFO", "message": "Skipping extracting external decl Serializable" }
{ "origin": "CodeQL Kotlin extractor", "timestamp": "2026-09-27 14:17:58", "kind": "INFO", "message": "Skipping extracting external decl Enum" }
{ "origin": "CodeQL Kotlin extractor", "timestamp": "2026-09-27 14:17:58", "kind": "INFO", "message": "Skipping extracting external decl Integer" }
{ "origin": "CodeQL Kotlin extractor", "timestamp": "2026-09-27 14:17:58", "kind": "INFO", "message": "Skipping extracting external decl Int" }
{ "origin": "CodeQL Kotlin extractor", "timestamp": "2026-09-27 14:17:58", "kind": "INFO", "message": "Skipping extracting external decl String" }
{ "origin": "CodeQL Kotlin extractor", "timestamp": "2026-09-27 14:17:58", "kind": "INFO", "message": "Skipping extracting external decl String" }
{ "origin": "CodeQL Kotlin extractor", "timestamp": "2026-09-27 14:17:58", "kind": "INFO", "message": "Skipping extracting external decl Boolean" }
{ "origin": "CodeQL Kotlin extractor", "timestamp": "2026-09-27 14:17:58", "kind": "INFO", "message": "Skipping extracting external decl Boolean" }
{ "origin": "CodeQL Kotlin extractor", "timestamp": "2026-09-27 14:17:58", "kind": "INFO", "message": "Skipping extracting external decl Class" }
{ "origin": "CodeQL Kotlin extractor", "timestamp": "2026-09-27 14:17:58", "kind": "INFO", "message": "Skipping extracting external decl GenericDeclaration" }
{ "origin": "CodeQL Kotlin extractor", "timestamp": "2026-09-27 14:17:58", "kind": "INFO", "message": "Skipping extracting external decl Type" }
{ "origin": "CodeQL Kotlin extractor", "timestamp": "2026-09-27 14:17:58", "kind": "INFO", "message": "Skipping extracting external decl AnnotatedElement" }
{ "origin": "CodeQL Kotlin extractor", "timestamp": "2026-09-27 14:17:58", "kind": "INFO", "message": "Skipping extracting external decl OfField" }
{ "origin": "CodeQL Kotlin extractor", "timestamp": "2026-09-27 14:17:58", "kind": "INFO", "message": "Skipping extracting external decl TypeDescriptor" }
{ "origin": "CodeQL Kotlin extractor", "timestamp": "2026-09-27 14:17:58", "kind": "INFO", "message": "Skipping extracting external decl Optional" }
{ "origin": "CodeQL Kotlin extractor", "timestamp": "2026-09-27 14:17:58", "kind": "INFO", "message": "Skipping extracting external decl EnumDesc" }
{ "origin": "CodeQL Kotlin extractor", "timestamp": "2026-09-27 14:17:58", "kind": "INFO", "message": "Skipping extracting external decl DynamicConstantDesc" }
{ "origin": "CodeQL Kotlin extractor", "timestamp": "2026-09-27 14:17:58", "kind": "INFO", "message": "Skipping extracting external decl ConstantDesc" }
{ "origin": "CodeQL Kotlin extractor", "timestamp": "2026-09-27 14:17:58", "kind": "INFO", "message": "Skipping extracting external decl Cloneable" }
{ "origin": "CodeQL Kotlin extractor", "timestamp": "2026-09-27 14:17:58", "kind": "INFO", "message": "Skipping extracting external decl Cloneable" }
{ "origin": "CodeQL Kotlin extractor", "timestamp": "2026-09-27 14:17:58", "kind": "INFO", "message": "Skipping extracting external decl NotNull" }
{ "origin": "CodeQL Kotlin extractor", "timestamp": "2026-09-27 14:17:58", "kind": "INFO", "message": "Skipping extracting external decl EnumEntries" }
{ "origin": "CodeQL Kotlin extractor", "timestamp": "2026-09-27 14:17:58", "kind": "INFO", "message": "Skipping extracting external decl List" }
{ "origin": "CodeQL Kotlin extractor", "timestamp": "2026-09-27 14:17:58", "kind": "INFO", "message": "Skipping extracting external decl SequencedCollection" }
{ "origin": "CodeQL Kotlin extractor", "timestamp": "2026-09-27 14:17:58", "kind": "INFO", "message": "Skipping extracting external decl Collection" }
{ "origin": "CodeQL Kotlin extractor", "timestamp": "2026-09-27 14:17:58", "kind": "INFO", "message": "Skipping extracting external decl Iterable" }
{ "origin": "CodeQL Kotlin extractor", "timestamp": "2026-09-27 14:17:58", "kind": "INFO", "message": "Skipping extracting external decl MutableIterable" }
{ "origin": "CodeQL Kotlin extractor", "timestamp": "2026-09-27 14:17:58", "kind": "INFO", "message": "Skipping extracting external decl MutableCollection" }
{ "origin": "CodeQL Kotlin extractor", "timestamp": "2026-09-27 14:17:58", "kind": "INFO", "message": "Skipping extracting external decl List" }
{ "origin": "CodeQL Kotlin extractor", "timestamp": "2026-09-27 14:17:58", "kind": "INFO", "message": "Will write TRAP file /Users/macbook/Octo/static_analysis_codeql_1/codeql-kotlin.db/trap/java/classes/kotlin/jvm/internal/DefaultConstructorMarker.members/DefaultConstructorMarker.members#52.0-318186000000-kotlin.trap.gz" }
{ "origin": "CodeQL Kotlin extractor", "timestamp": "2026-09-27 14:17:58", "kind": "INFO", "message": "Finished writing TRAP file /Users/macbook/Octo/static_analysis_codeql_1/codeql-kotlin.db/trap/java/classes/kotlin/jvm/internal/DefaultConstructorMarker.members/DefaultConstructorMarker.members#52.0-318186000000-kotlin.trap.gz" }
{ "origin": "CodeQL Kotlin extractor", "timestamp": "2026-09-27 14:17:58", "kind": "INFO", "message": "Will write TRAP file /Users/macbook/Octo/static_analysis_codeql_1/codeql-kotlin.db/trap/java/classes/kotlin/collections/emptyList().members/emptyList().members#-1.0-0-null.trap.gz" }
{ "origin": "CodeQL Kotlin extractor", "timestamp": "2026-09-27 14:17:58", "kind": "INFO", "message": "Finished writing TRAP file /Users/macbook/Octo/static_analysis_codeql_1/codeql-kotlin.db/trap/java/classes/kotlin/collections/emptyList().members/emptyList().members#-1.0-0-null.trap.gz" }
{ "origin": "CodeQL Kotlin extractor", "timestamp": "2026-09-27 14:17:58", "kind": "INFO", "message": "Skipping extracting external decl Void" }
{ "origin": "CodeQL Kotlin extractor", "timestamp": "2026-09-27 14:17:58", "kind": "INFO", "message": "Skipping extracting external decl Nothing" }
{ "origin": "CodeQL Kotlin extractor", "timestamp": "2026-09-27 14:17:58", "kind": "INFO", "message": "Skipping extracting external decl Set" }
{ "origin": "CodeQL Kotlin extractor", "timestamp": "2026-09-27 14:17:58", "kind": "INFO", "message": "Will write TRAP file /Users/macbook/Octo/static_analysis_codeql_1/codeql-kotlin.db/trap/java/classes/kotlin/collections/Set.members/Set.members#-1.0-0-null.trap.gz" }
{ "origin": "CodeQL Kotlin extractor", "timestamp": "2026-09-27 14:17:58", "kind": "INFO", "message": "Finished writing TRAP file /Users/macbook/Octo/static_analysis_codeql_1/codeql-kotlin.db/trap/java/classes/kotlin/collections/Set.members/Set.members#-1.0-0-null.trap.gz" }
{ "origin": "CodeQL Kotlin extractor", "timestamp": "2026-09-27 14:17:58", "kind": "INFO", "message": "Skipping extracting external decl Map" }
{ "origin": "CodeQL Kotlin extractor", "timestamp": "2026-09-27 14:17:58", "kind": "INFO", "message": "Skipping extracting external decl Map" }
{ "origin": "CodeQL Kotlin extractor", "timestamp": "2026-09-27 14:17:58", "kind": "INFO", "message": "Skipping extracting external decl Function1" }
{ "origin": "CodeQL Kotlin extractor", "timestamp": "2026-09-27 14:17:58", "kind": "INFO", "message": "Skipping extracting external decl Function" }
{ "origin": "CodeQL Kotlin extractor", "timestamp": "2026-09-27 14:17:58", "kind": "INFO", "message": "Skipping extracting external decl Function1" }
{ "origin": "CodeQL Kotlin extractor", "timestamp": "2026-09-27 14:17:58", "kind": "INFO", "message": "Will write TRAP file /Users/macbook/Octo/static_analysis_codeql_1/codeql-kotlin.db/trap/java/classes/kotlin/collections/filterValues(java.util.Map,kotlin.jvm.functions.Function1).members/filterValues(java.util.Map,kotlin.jvm.functions.Function1).members#-1.0-0-null.trap.gz" }
{ "origin": "CodeQL Kotlin extractor", "timestamp": "2026-09-27 14:17:58", "kind": "INFO", "message": "Finished writing TRAP file /Users/macbook/Octo/static_analysis_codeql_1/codeql-kotlin.db/trap/java/classes/kotlin/collections/filterValues(java.util.Map,kotlin.jvm.functions.Function1).members/filterValues(java.util.Map,kotlin.jvm.functions.Function1).members#-1.0-0-null.trap.gz" }
{ "origin": "CodeQL Kotlin extractor", "timestamp": "2026-09-27 14:17:58", "kind": "INFO", "message": "Will write TRAP file /Users/macbook/Octo/static_analysis_codeql_1/codeql-kotlin.db/trap/java/classes/kotlin/text/Regex.members/Regex.members#52.0-318186000000-kotlin.trap.gz" }
{ "origin": "CodeQL Kotlin extractor", "timestamp": "2026-09-27 14:17:58", "kind": "INFO", "message": "Finished writing TRAP file /Users/macbook/Octo/static_analysis_codeql_1/codeql-kotlin.db/trap/java/classes/kotlin/text/Regex.members/Regex.members#52.0-318186000000-kotlin.trap.gz" }
{ "origin": "CodeQL Kotlin extractor", "timestamp": "2026-09-27 14:17:58", "kind": "INFO", "message": "Will write TRAP file /Users/macbook/Octo/static_analysis_codeql_1/codeql-kotlin.db/trap/java/classes/java/nio/file/Path.members/Path.members#65.0-1789983753036-kotlin.trap.gz" }
{ "origin": "CodeQL Kotlin extractor", "timestamp": "2026-09-27 14:17:58", "kind": "INFO", "message": "Finished writing TRAP file /Users/macbook/Octo/static_analysis_codeql_1/codeql-kotlin.db/trap/java/classes/java/nio/file/Path.members/Path.members#65.0-1789983753036-kotlin.trap.gz" }
{ "origin": "CodeQL Kotlin extractor", "timestamp": "2026-09-27 14:17:58", "kind": "INFO", "message": "Will write TRAP file /Users/macbook/Octo/static_analysis_codeql_1/codeql-kotlin.db/trap/java/classes/java/io/File.members/File.members#65.0-1789983753036-kotlin.trap.gz" }
{ "origin": "CodeQL Kotlin extractor", "timestamp": "2026-09-27 14:17:58", "kind": "INFO", "message": "Finished writing TRAP file /Users/macbook/Octo/static_analysis_codeql_1/codeql-kotlin.db/trap/java/classes/java/io/File.members/File.members#65.0-1789983753036-kotlin.trap.gz" }
{ "origin": "CodeQL Kotlin extractor", "timestamp": "2026-09-27 14:17:58", "kind": "INFO", "message": "Will write TRAP file /Users/macbook/Octo/static_analysis_codeql_1/codeql-kotlin.db/trap/java/classes/java/nio/charset/Charset.members/Charset.members#65.0-1789983753036-kotlin.trap.gz" }
{ "origin": "CodeQL Kotlin extractor", "timestamp": "2026-09-27 14:17:58", "kind": "INFO", "message": "Finished writing TRAP file /Users/macbook/Octo/static_analysis_codeql_1/codeql-kotlin.db/trap/java/classes/java/nio/charset/Charset.members/Charset.members#65.0-1789983753036-kotlin.trap.gz" }
{ "origin": "CodeQL Kotlin extractor", "timestamp": "2026-09-27 14:17:58", "kind": "INFO", "message": "Will write TRAP file /Users/macbook/Octo/static_analysis_codeql_1/codeql-kotlin.db/trap/java/classes/kotlin/io/readText(java.io.File,java.nio.charset.Charset).members/readText(java.io.File,java.nio.charset.Charset).members#-1.0-0-null.trap.gz" }
{ "origin": "CodeQL Kotlin extractor", "timestamp": "2026-09-27 14:17:58", "kind": "INFO", "message": "Finished writing TRAP file /Users/macbook/Octo/static_analysis_codeql_1/codeql-kotlin.db/trap/java/classes/kotlin/io/readText(java.io.File,java.nio.charset.Charset).members/readText(java.io.File,java.nio.charset.Charset).members#-1.0-0-null.trap.gz" }
{ "origin": "CodeQL Kotlin extractor", "timestamp": "2026-09-27 14:17:58", "kind": "INFO", "message": "Skipping extracting external decl LinkedHashMap" }
{ "origin": "CodeQL Kotlin extractor", "timestamp": "2026-09-27 14:17:58", "kind": "INFO", "message": "Will write TRAP file /Users/macbook/Octo/static_analysis_codeql_1/codeql-kotlin.db/trap/java/classes/java/util/HashMap.members/HashMap.members#65.0-1789983753036-kotlin.trap.gz" }
{ "origin": "CodeQL Kotlin extractor", "timestamp": "2026-09-27 14:17:58", "kind": "INFO", "message": "Finished writing TRAP file /Users/macbook/Octo/static_analysis_codeql_1/codeql-kotlin.db/trap/java/classes/java/util/HashMap.members/HashMap.members#65.0-1789983753036-kotlin.trap.gz" }
{ "origin": "CodeQL Kotlin extractor", "timestamp": "2026-09-27 14:17:58", "kind": "INFO", "message": "Skipping extracting external decl AbstractMap" }
{ "origin": "CodeQL Kotlin extractor", "timestamp": "2026-09-27 14:17:58", "kind": "INFO", "message": "Skipping extracting external decl MutableMap" }
{ "origin": "CodeQL Kotlin extractor", "timestamp": "2026-09-27 14:17:58", "kind": "INFO", "message": "Skipping extracting external decl SequencedMap" }
{ "origin": "CodeQL Kotlin extractor", "timestamp": "2026-09-27 14:17:58", "kind": "INFO", "message": "Skipping extracting external decl linkedMapOf" }
{ "origin": "CodeQL Kotlin extractor", "timestamp": "2026-09-27 14:17:58", "kind": "INFO", "message": "Will write TRAP file /Users/macbook/Octo/static_analysis_codeql_1/codeql-kotlin.db/trap/java/classes/kotlin/Triple.members/Triple.members#52.0-318186000000-kotlin.trap.gz" }
{ "origin": "CodeQL Kotlin extractor", "timestamp": "2026-09-27 14:17:58", "kind": "INFO", "message": "Finished writing TRAP file /Users/macbook/Octo/static_analysis_codeql_1/codeql-kotlin.db/trap/java/classes/kotlin/Triple.members/Triple.members#52.0-318186000000-kotlin.trap.gz" }
{ "origin": "CodeQL Kotlin extractor", "timestamp": "2026-09-27 14:17:58", "kind": "INFO", "message": "Skipping extracting external decl MutableList" }
{ "origin": "CodeQL Kotlin extractor", "timestamp": "2026-09-27 14:17:58", "kind": "INFO", "message": "Will write TRAP file /Users/macbook/Octo/static_analysis_codeql_1/codeql-kotlin.db/trap/java/classes/kotlin/collections/mutableListOf().members/mutableListOf().members#-1.0-0-null.trap.gz" }
{ "origin": "CodeQL Kotlin extractor", "timestamp": "2026-09-27 14:17:58", "kind": "INFO", "message": "Finished writing TRAP file /Users/macbook/Octo/static_analysis_codeql_1/codeql-kotlin.db/trap/java/classes/kotlin/collections/mutableListOf().members/mutableListOf().members#-1.0-0-null.trap.gz" }
{ "origin": "CodeQL Kotlin extractor", "timestamp": "2026-09-27 14:17:58", "kind": "INFO", "message": "Skipping extracting external decl CharSequence" }
{ "origin": "CodeQL Kotlin extractor", "timestamp": "2026-09-27 14:17:58", "kind": "INFO", "message": "Skipping extracting external decl CharSequence" }
{ "origin": "CodeQL Kotlin extractor", "timestamp": "2026-09-27 14:17:58", "kind": "INFO", "message": "Will write TRAP file /Users/macbook/Octo/static_analysis_codeql_1/codeql-kotlin.db/trap/java/classes/kotlin/text/lines(java.lang.CharSequence).members/lines(java.lang.CharSequence).members#-1.0-0-null.trap.gz" }
{ "origin": "CodeQL Kotlin extractor", "timestamp": "2026-09-27 14:17:58", "kind": "INFO", "message": "Finished writing TRAP file /Users/macbook/Octo/static_analysis_codeql_1/codeql-kotlin.db/trap/java/classes/kotlin/text/lines(java.lang.CharSequence).members/lines(java.lang.CharSequence).members#-1.0-0-null.trap.gz" }
{ "origin": "CodeQL Kotlin extractor", "timestamp": "2026-09-27 14:17:58", "kind": "INFO", "message": "Will write TRAP file /Users/macbook/Octo/static_analysis_codeql_1/codeql-kotlin.db/trap/java/classes/kotlin/text/trim(java.lang.String).members/trim(java.lang.String).members#-1.0-0-null.trap.gz" }
{ "origin": "CodeQL Kotlin extractor", "timestamp": "2026-09-27 14:17:58", "kind": "INFO", "message": "Finished writing TRAP file /Users/macbook/Octo/static_analysis_codeql_1/codeql-kotlin.db/trap/java/classes/kotlin/text/trim(java.lang.String).members/trim(java.lang.String).members#-1.0-0-null.trap.gz" }
{ "origin": "CodeQL Kotlin extractor", "timestamp": "2026-09-27 14:17:58", "kind": "INFO", "message": "Will write TRAP file /Users/macbook/Octo/static_analysis_codeql_1/codeql-kotlin.db/trap/java/classes/kotlin/text/startsWith(java.lang.String,java.lang.String,boolean).members/startsWith(java.lang.String,java.lang.String,boolean).members#-1.0-0-null.trap.gz" }
{ "origin": "CodeQL Kotlin extractor", "timestamp": "2026-09-27 14:17:58", "kind": "INFO", "message": "Finished writing TRAP file /Users/macbook/Octo/static_analysis_codeql_1/codeql-kotlin.db/trap/java/classes/kotlin/text/startsWith(java.lang.String,java.lang.String,boolean).members/startsWith(java.lang.String,java.lang.String,boolean).members#-1.0-0-null.trap.gz" }
{ "origin": "CodeQL Kotlin extractor", "timestamp": "2026-09-27 14:17:58", "kind": "INFO", "message": "Will write TRAP file /Users/macbook/Octo/static_analysis_codeql_1/codeql-kotlin.db/trap/java/classes/kotlin/text/removePrefix(java.lang.String,java.lang.CharSequence).members/removePrefix(java.lang.String,java.lang.CharSequence).members#-1.0-0-null.trap.gz" }
{ "origin": "CodeQL Kotlin extractor", "timestamp": "2026-09-27 14:17:58", "kind": "INFO", "message": "Finished writing TRAP file /Users/macbook/Octo/static_analysis_codeql_1/codeql-kotlin.db/trap/java/classes/kotlin/text/removePrefix(java.lang.String,java.lang.CharSequence).members/removePrefix(java.lang.String,java.lang.CharSequence).members#-1.0-0-null.trap.gz" }
{ "origin": "CodeQL Kotlin extractor", "timestamp": "2026-09-27 14:17:58", "kind": "INFO", "message": "Skipping extracting external decl Iterable" }
{ "origin": "CodeQL Kotlin extractor", "timestamp": "2026-09-27 14:17:58", "kind": "INFO", "message": "Skipping extracting external decl map" }
{ "origin": "CodeQL Kotlin extractor", "timestamp": "2026-09-27 14:17:58", "kind": "INFO", "message": "Will write TRAP file /Users/macbook/Octo/static_analysis_codeql_1/codeql-kotlin.db/trap/java/classes/kotlin/text/split(java.lang.CharSequence,java.lang.String[],boolean,int).members/split(java.lang.CharSequence,java.lang.String[],boolean,int).members#-1.0-0-null.trap.gz" }
{ "origin": "CodeQL Kotlin extractor", "timestamp": "2026-09-27 14:17:58", "kind": "INFO", "message": "Finished writing TRAP file /Users/macbook/Octo/static_analysis_codeql_1/codeql-kotlin.db/trap/java/classes/kotlin/text/split(java.lang.CharSequence,java.lang.String[],boolean,int).members/split(java.lang.CharSequence,java.lang.String[],boolean,int).members#-1.0-0-null.trap.gz" }
{ "origin": "CodeQL Kotlin extractor", "timestamp": "2026-09-27 14:17:58", "kind": "INFO", "message": "Will write TRAP file /Users/macbook/Octo/static_analysis_codeql_1/codeql-kotlin.db/trap/java/classes/kotlin/collections/drop(java.lang.Iterable,int).members/drop(java.lang.Iterable,int).members#-1.0-0-null.trap.gz" }
{ "origin": "CodeQL Kotlin extractor", "timestamp": "2026-09-27 14:17:58", "kind": "INFO", "message": "Finished writing TRAP file /Users/macbook/Octo/static_analysis_codeql_1/codeql-kotlin.db/trap/java/classes/kotlin/collections/drop(java.lang.Iterable,int).members/drop(java.lang.Iterable,int).members#-1.0-0-null.trap.gz" }
{ "origin": "CodeQL Kotlin extractor", "timestamp": "2026-09-27 14:17:58", "kind": "INFO", "message": "Will write TRAP file /Users/macbook/Octo/static_analysis_codeql_1/codeql-kotlin.db/trap/java/classes/kotlin/collections/set(java.util.Map,java.lang.Object,java.lang.Object).members/set(java.util.Map,java.lang.Object,java.lang.Object).members#-1.0-0-null.trap.gz" }
{ "origin": "CodeQL Kotlin extractor", "timestamp": "2026-09-27 14:17:58", "kind": "INFO", "message": "Finished writing TRAP file /Users/macbook/Octo/static_analysis_codeql_1/codeql-kotlin.db/trap/java/classes/kotlin/collections/set(java.util.Map,java.lang.Object,java.lang.Object).members/set(java.util.Map,java.lang.Object,java.lang.Object).members#-1.0-0-null.trap.gz" }
{ "origin": "CodeQL Kotlin extractor", "timestamp": "2026-09-27 14:17:58", "kind": "INFO", "message": "Will write TRAP file /Users/macbook/Octo/static_analysis_codeql_1/codeql-kotlin.db/trap/java/classes/kotlin/takeIf(java.lang.Object,kotlin.jvm.functions.Function1).members/takeIf(java.lang.Object,kotlin.jvm.functions.Function1).members#-1.0-0-null.trap.gz" }
{ "origin": "CodeQL Kotlin extractor", "timestamp": "2026-09-27 14:17:58", "kind": "INFO", "message": "Finished writing TRAP file /Users/macbook/Octo/static_analysis_codeql_1/codeql-kotlin.db/trap/java/classes/kotlin/takeIf(java.lang.Object,kotlin.jvm.functions.Function1).members/takeIf(java.lang.Object,kotlin.jvm.functions.Function1).members#-1.0-0-null.trap.gz" }
{ "origin": "CodeQL Kotlin extractor", "timestamp": "2026-09-27 14:17:58", "kind": "INFO", "message": "Will write TRAP file /Users/macbook/Octo/static_analysis_codeql_1/codeql-kotlin.db/trap/java/classes/kotlin/let(java.lang.Object,kotlin.jvm.functions.Function1).members/let(java.lang.Object,kotlin.jvm.functions.Function1).members#-1.0-0-null.trap.gz" }
{ "origin": "CodeQL Kotlin extractor", "timestamp": "2026-09-27 14:17:58", "kind": "INFO", "message": "Finished writing TRAP file /Users/macbook/Octo/static_analysis_codeql_1/codeql-kotlin.db/trap/java/classes/kotlin/let(java.lang.Object,kotlin.jvm.functions.Function1).members/let(java.lang.Object,kotlin.jvm.functions.Function1).members#-1.0-0-null.trap.gz" }
{ "origin": "CodeQL Kotlin extractor", "timestamp": "2026-09-27 14:17:58", "kind": "INFO", "message": "Skipping extracting external decl Function0" }
{ "origin": "CodeQL Kotlin extractor", "timestamp": "2026-09-27 14:17:58", "kind": "INFO", "message": "Skipping extracting external decl Function0" }
{ "origin": "CodeQL Kotlin extractor", "timestamp": "2026-09-27 14:17:58", "kind": "INFO", "message": "Skipping extracting external decl check" }
{ "origin": "CodeQL Kotlin extractor", "timestamp": "2026-09-27 14:17:58", "kind": "INFO", "message": "Will write TRAP file /Users/macbook/Octo/static_analysis_codeql_1/codeql-kotlin.db/trap/java/classes/kotlin/collections/getOrPut(java.util.Map,java.lang.Object,kotlin.jvm.functions.Function0).members/getOrPut(java.util.Map,java.lang.Object,kotlin.jvm.functions.Function0).members#-1.0-0-null.trap.gz" }
{ "origin": "CodeQL Kotlin extractor", "timestamp": "2026-09-27 14:17:58", "kind": "INFO", "message": "Finished writing TRAP file /Users/macbook/Octo/static_analysis_codeql_1/codeql-kotlin.db/trap/java/classes/kotlin/collections/getOrPut(java.util.Map,java.lang.Object,kotlin.jvm.functions.Function0).members/getOrPut(java.util.Map,java.lang.Object,kotlin.jvm.functions.Function0).members#-1.0-0-null.trap.gz" }
{ "origin": "CodeQL Kotlin extractor", "timestamp": "2026-09-27 14:17:58", "kind": "INFO", "message": "Will write TRAP file /Users/macbook/Octo/static_analysis_codeql_1/codeql-kotlin.db/trap/java/classes/kotlin/error(java.lang.Object).members/error(java.lang.Object).members#-1.0-0-null.trap.gz" }
{ "origin": "CodeQL Kotlin extractor", "timestamp": "2026-09-27 14:17:58", "kind": "INFO", "message": "Finished writing TRAP file /Users/macbook/Octo/static_analysis_codeql_1/codeql-kotlin.db/trap/java/classes/kotlin/error(java.lang.Object).members/error(java.lang.Object).members#-1.0-0-null.trap.gz" }
{ "origin": "CodeQL Kotlin extractor", "timestamp": "2026-09-27 14:17:58", "kind": "INFO", "message": "Will write TRAP file /Users/macbook/Octo/static_analysis_codeql_1/codeql-kotlin.db/trap/java/classes/kotlin/collections/plusAssign(java.util.Collection,java.lang.Iterable).members/plusAssign(java.util.Collection,java.lang.Iterable).members#-1.0-0-null.trap.gz" }
{ "origin": "CodeQL Kotlin extractor", "timestamp": "2026-09-27 14:17:58", "kind": "INFO", "message": "Finished writing TRAP file /Users/macbook/Octo/static_analysis_codeql_1/codeql-kotlin.db/trap/java/classes/kotlin/collections/plusAssign(java.util.Collection,java.lang.Iterable).members/plusAssign(java.util.Collection,java.lang.Iterable).members#-1.0-0-null.trap.gz" }
{ "origin": "CodeQL Kotlin extractor", "timestamp": "2026-09-27 14:17:58", "kind": "INFO", "message": "Skipping extracting external decl filter" }
{ "origin": "CodeQL Kotlin extractor", "timestamp": "2026-09-27 14:17:58", "kind": "INFO", "message": "Will write TRAP file /Users/macbook/Octo/static_analysis_codeql_1/codeql-kotlin.db/trap/java/classes/kotlin/text/isNotEmpty(java.lang.CharSequence).members/isNotEmpty(java.lang.CharSequence).members#-1.0-0-null.trap.gz" }
{ "origin": "CodeQL Kotlin extractor", "timestamp": "2026-09-27 14:17:58", "kind": "INFO", "message": "Finished writing TRAP file /Users/macbook/Octo/static_analysis_codeql_1/codeql-kotlin.db/trap/java/classes/kotlin/text/isNotEmpty(java.lang.CharSequence).members/isNotEmpty(java.lang.CharSequence).members#-1.0-0-null.trap.gz" }
{ "origin": "CodeQL Kotlin extractor", "timestamp": "2026-09-27 14:17:58", "kind": "INFO", "message": "Skipping extracting external decl Pair" }
{ "origin": "CodeQL Kotlin extractor", "timestamp": "2026-09-27 14:17:58", "kind": "INFO", "message": "Will write TRAP file /Users/macbook/Octo/static_analysis_codeql_1/codeql-kotlin.db/trap/java/classes/kotlin/collections/plusAssign(java.util.Collection,java.lang.Object).members/plusAssign(java.util.Collection,java.lang.Object).members#-1.0-0-null.trap.gz" }
{ "origin": "CodeQL Kotlin extractor", "timestamp": "2026-09-27 14:17:58", "kind": "INFO", "message": "Finished writing TRAP file /Users/macbook/Octo/static_analysis_codeql_1/codeql-kotlin.db/trap/java/classes/kotlin/collections/plusAssign(java.util.Collection,java.lang.Object).members/plusAssign(java.util.Collection,java.lang.Object).members#-1.0-0-null.trap.gz" }
{ "origin": "CodeQL Kotlin extractor", "timestamp": "2026-09-27 14:17:58", "kind": "INFO", "message": "Skipping extracting external decl MutableSet" }
{ "origin": "CodeQL Kotlin extractor", "timestamp": "2026-09-27 14:17:58", "kind": "INFO", "message": "Will write TRAP file /Users/macbook/Octo/static_analysis_codeql_1/codeql-kotlin.db/trap/java/classes/kotlin/collections/mutableMapOf().members/mutableMapOf().members#-1.0-0-null.trap.gz" }
{ "origin": "CodeQL Kotlin extractor", "timestamp": "2026-09-27 14:17:58", "kind": "INFO", "message": "Finished writing TRAP file /Users/macbook/Octo/static_analysis_codeql_1/codeql-kotlin.db/trap/java/classes/kotlin/collections/mutableMapOf().members/mutableMapOf().members#-1.0-0-null.trap.gz" }
{ "origin": "CodeQL Kotlin extractor", "timestamp": "2026-09-27 14:17:58", "kind": "INFO", "message": "Skipping extracting external decl to" }
{ "origin": "CodeQL Kotlin extractor", "timestamp": "2026-09-27 14:17:58", "kind": "INFO", "message": "Will write TRAP file /Users/macbook/Octo/static_analysis_codeql_1/codeql-kotlin.db/trap/java/classes/java/util/LinkedHashSet.members/LinkedHashSet.members#65.0-1789983753036-kotlin.trap.gz" }
{ "origin": "CodeQL Kotlin extractor", "timestamp": "2026-09-27 14:17:58", "kind": "INFO", "message": "Finished writing TRAP file /Users/macbook/Octo/static_analysis_codeql_1/codeql-kotlin.db/trap/java/classes/java/util/LinkedHashSet.members/LinkedHashSet.members#65.0-1789983753036-kotlin.trap.gz" }
{ "origin": "CodeQL Kotlin extractor", "timestamp": "2026-09-27 14:17:58", "kind": "INFO", "message": "Will write TRAP file /Users/macbook/Octo/static_analysis_codeql_1/codeql-kotlin.db/trap/java/classes/java/util/HashSet.members/HashSet.members#65.0-1789983753036-kotlin.trap.gz" }
{ "origin": "CodeQL Kotlin extractor", "timestamp": "2026-09-27 14:17:59", "kind": "INFO", "message": "Finished writing TRAP file /Users/macbook/Octo/static_analysis_codeql_1/codeql-kotlin.db/trap/java/classes/java/util/HashSet.members/HashSet.members#65.0-1789983753036-kotlin.trap.gz" }
{ "origin": "CodeQL Kotlin extractor", "timestamp": "2026-09-27 14:17:59", "kind": "INFO", "message": "Will write TRAP file /Users/macbook/Octo/static_analysis_codeql_1/codeql-kotlin.db/trap/java/classes/java/util/AbstractSet.members/AbstractSet.members#65.0-1789983753036-kotlin.trap.gz" }
{ "origin": "CodeQL Kotlin extractor", "timestamp": "2026-09-27 14:17:59", "kind": "INFO", "message": "Finished writing TRAP file /Users/macbook/Octo/static_analysis_codeql_1/codeql-kotlin.db/trap/java/classes/java/util/AbstractSet.members/AbstractSet.members#65.0-1789983753036-kotlin.trap.gz" }
{ "origin": "CodeQL Kotlin extractor", "timestamp": "2026-09-27 14:17:59", "kind": "INFO", "message": "Will write TRAP file /Users/macbook/Octo/static_analysis_codeql_1/codeql-kotlin.db/trap/java/classes/java/util/AbstractCollection.members/AbstractCollection.members#65.0-1789983753036-kotlin.trap.gz" }
{ "origin": "CodeQL Kotlin extractor", "timestamp": "2026-09-27 14:17:59", "kind": "INFO", "message": "Finished writing TRAP file /Users/macbook/Octo/static_analysis_codeql_1/codeql-kotlin.db/trap/java/classes/java/util/AbstractCollection.members/AbstractCollection.members#65.0-1789983753036-kotlin.trap.gz" }
{ "origin": "CodeQL Kotlin extractor", "timestamp": "2026-09-27 14:17:59", "kind": "INFO", "message": "Will write TRAP file /Users/macbook/Octo/static_analysis_codeql_1/codeql-kotlin.db/trap/java/classes/java/util/SequencedSet.members/SequencedSet.members#65.0-1789983753036-kotlin.trap.gz" }
{ "origin": "CodeQL Kotlin extractor", "timestamp": "2026-09-27 14:17:59", "kind": "INFO", "message": "Finished writing TRAP file /Users/macbook/Octo/static_analysis_codeql_1/codeql-kotlin.db/trap/java/classes/java/util/SequencedSet.members/SequencedSet.members#65.0-1789983753036-kotlin.trap.gz" }
{ "origin": "CodeQL Kotlin extractor", "timestamp": "2026-09-27 14:17:59", "kind": "INFO", "message": "Will write TRAP file /Users/macbook/Octo/static_analysis_codeql_1/codeql-kotlin.db/trap/java/classes/kotlin/collections/linkedSetOf().members/linkedSetOf().members#-1.0-0-null.trap.gz" }
{ "origin": "CodeQL Kotlin extractor", "timestamp": "2026-09-27 14:17:59", "kind": "INFO", "message": "Finished writing TRAP file /Users/macbook/Octo/static_analysis_codeql_1/codeql-kotlin.db/trap/java/classes/kotlin/collections/linkedSetOf().members/linkedSetOf().members#-1.0-0-null.trap.gz" }
{ "origin": "CodeQL Kotlin extractor", "timestamp": "2026-09-27 14:17:59", "kind": "INFO", "message": "Will write TRAP file /Users/macbook/Octo/static_analysis_codeql_1/codeql-kotlin.db/trap/java/classes/kotlin/collections/mapValues(java.util.Map,kotlin.jvm.functions.Function1).members/mapValues(java.util.Map,kotlin.jvm.functions.Function1).members#-1.0-0-null.trap.gz" }
{ "origin": "CodeQL Kotlin extractor", "timestamp": "2026-09-27 14:17:59", "kind": "INFO", "message": "Finished writing TRAP file /Users/macbook/Octo/static_analysis_codeql_1/codeql-kotlin.db/trap/java/classes/kotlin/collections/mapValues(java.util.Map,kotlin.jvm.functions.Function1).members/mapValues(java.util.Map,kotlin.jvm.functions.Function1).members#-1.0-0-null.trap.gz" }
{ "origin": "CodeQL Kotlin extractor", "timestamp": "2026-09-27 14:17:59", "kind": "INFO", "message": "Skipping extracting external decl Entry" }
{ "origin": "CodeQL Kotlin extractor", "timestamp": "2026-09-27 14:17:59", "kind": "INFO", "message": "Skipping extracting external decl Entry" }
{ "origin": "CodeQL Kotlin extractor", "timestamp": "2026-09-27 14:17:59", "kind": "INFO", "message": "Skipping extracting external decl component1" }
{ "origin": "CodeQL Kotlin extractor", "timestamp": "2026-09-27 14:17:59", "kind": "INFO", "message": "Skipping extracting external decl component2" }
{ "origin": "CodeQL Kotlin extractor", "timestamp": "2026-09-27 14:17:59", "kind": "INFO", "message": "Will write TRAP file /Users/macbook/Octo/static_analysis_codeql_1/codeql-kotlin.db/trap/java/classes/kotlin/collections/toList(java.lang.Iterable).members/toList(java.lang.Iterable).members#-1.0-0-null.trap.gz" }
{ "origin": "CodeQL Kotlin extractor", "timestamp": "2026-09-27 14:17:59", "kind": "INFO", "message": "Finished writing TRAP file /Users/macbook/Octo/static_analysis_codeql_1/codeql-kotlin.db/trap/java/classes/kotlin/collections/toList(java.lang.Iterable).members/toList(java.lang.Iterable).members#-1.0-0-null.trap.gz" }
{ "origin": "CodeQL Kotlin extractor", "timestamp": "2026-09-27 14:17:59", "kind": "INFO", "message": "Will write TRAP file /Users/macbook/Octo/static_analysis_codeql_1/codeql-kotlin.db/trap/java/classes/kotlin/collections/mapKeys(java.util.Map,kotlin.jvm.functions.Function1).members/mapKeys(java.util.Map,kotlin.jvm.functions.Function1).members#-1.0-0-null.trap.gz" }
{ "origin": "CodeQL Kotlin extractor", "timestamp": "2026-09-27 14:17:59", "kind": "INFO", "message": "Finished writing TRAP file /Users/macbook/Octo/static_analysis_codeql_1/codeql-kotlin.db/trap/java/classes/kotlin/collections/mapKeys(java.util.Map,kotlin.jvm.functions.Function1).members/mapKeys(java.util.Map,kotlin.jvm.functions.Function1).members#-1.0-0-null.trap.gz" }
{ "origin": "CodeQL Kotlin extractor", "timestamp": "2026-09-27 14:17:59", "kind": "INFO", "message": "Will write TRAP file /Users/macbook/Octo/static_analysis_codeql_1/codeql-kotlin.db/trap/java/classes/kotlin/collections/filterKeys(java.util.Map,kotlin.jvm.functions.Function1).members/filterKeys(java.util.Map,kotlin.jvm.functions.Function1).members#-1.0-0-null.trap.gz" }
{ "origin": "CodeQL Kotlin extractor", "timestamp": "2026-09-27 14:17:59", "kind": "INFO", "message": "Finished writing TRAP file /Users/macbook/Octo/static_analysis_codeql_1/codeql-kotlin.db/trap/java/classes/kotlin/collections/filterKeys(java.util.Map,kotlin.jvm.functions.Function1).members/filterKeys(java.util.Map,kotlin.jvm.functions.Function1).members#-1.0-0-null.trap.gz" }
{ "origin": "CodeQL Kotlin extractor", "timestamp": "2026-09-27 14:17:59", "kind": "INFO", "message": "Skipping extracting external decl Comparator" }
{ "origin": "CodeQL Kotlin extractor", "timestamp": "2026-09-27 14:17:59", "kind": "INFO", "message": "Skipping extracting external decl MutableEntry" }
{ "origin": "CodeQL Kotlin extractor", "timestamp": "2026-09-27 14:17:59", "kind": "INFO", "message": "Will write TRAP file /Users/macbook/Octo/static_analysis_codeql_1/codeql-kotlin.db/trap/java/classes/kotlin/collections/toSet(java.lang.Iterable).members/toSet(java.lang.Iterable).members#-1.0-0-null.trap.gz" }
{ "origin": "CodeQL Kotlin extractor", "timestamp": "2026-09-27 14:17:59", "kind": "INFO", "message": "Finished writing TRAP file /Users/macbook/Octo/static_analysis_codeql_1/codeql-kotlin.db/trap/java/classes/kotlin/collections/toSet(java.lang.Iterable).members/toSet(java.lang.Iterable).members#-1.0-0-null.trap.gz" }
{ "origin": "CodeQL Kotlin extractor", "timestamp": "2026-09-27 14:17:59", "kind": "INFO", "message": "Skipping extracting external decl requireNotNull" }
{ "origin": "CodeQL Kotlin extractor", "timestamp": "2026-09-27 14:17:59", "kind": "INFO", "message": "Skipping extracting external decl joinToString" }
{ "origin": "CodeQL Kotlin extractor", "timestamp": "2026-09-27 14:17:59", "kind": "INFO", "message": "Will write TRAP file /Users/macbook/Octo/static_analysis_codeql_1/codeql-kotlin.db/trap/java/classes/kotlin/text/MatchResult.members/MatchResult.members#52.0-318186000000-kotlin.trap.gz" }
{ "origin": "CodeQL Kotlin extractor", "timestamp": "2026-09-27 14:17:59", "kind": "INFO", "message": "Finished writing TRAP file /Users/macbook/Octo/static_analysis_codeql_1/codeql-kotlin.db/trap/java/classes/kotlin/text/MatchResult.members/MatchResult.members#52.0-318186000000-kotlin.trap.gz" }
{ "origin": "CodeQL Kotlin extractor", "timestamp": "2026-09-27 14:17:59", "kind": "INFO", "message": "Skipping extracting external decl Iterator" }
{ "origin": "CodeQL Kotlin extractor", "timestamp": "2026-09-27 14:17:59", "kind": "INFO", "message": "Skipping extracting external decl MutableIterator" }
{ "origin": "CodeQL Kotlin extractor", "timestamp": "2026-09-27 14:17:59", "kind": "INFO", "message": "Skipping extracting external decl Consumer" }
{ "origin": "CodeQL Kotlin extractor", "timestamp": "2026-09-27 14:17:59", "kind": "INFO", "message": "Skipping extracting external decl Spliterator" }
{ "origin": "CodeQL Kotlin extractor", "timestamp": "2026-09-27 14:17:59", "kind": "INFO", "message": "Skipping extracting external decl IntFunction" }
{ "origin": "CodeQL Kotlin extractor", "timestamp": "2026-09-27 14:17:59", "kind": "INFO", "message": "Skipping extracting external decl Predicate" }
{ "origin": "CodeQL Kotlin extractor", "timestamp": "2026-09-27 14:17:59", "kind": "INFO", "message": "Skipping extracting external decl Stream" }
{ "origin": "CodeQL Kotlin extractor", "timestamp": "2026-09-27 14:17:59", "kind": "INFO", "message": "Skipping extracting external decl BaseStream" }
{ "origin": "CodeQL Kotlin extractor", "timestamp": "2026-09-27 14:17:59", "kind": "INFO", "message": "Skipping extracting external decl AutoCloseable" }
{ "origin": "CodeQL Kotlin extractor", "timestamp": "2026-09-27 14:17:59", "kind": "INFO", "message": "Skipping extracting external decl Collection" }
{ "origin": "CodeQL Kotlin extractor", "timestamp": "2026-09-27 14:17:59", "kind": "INFO", "message": "Skipping extracting external decl UnaryOperator" }
{ "origin": "CodeQL Kotlin extractor", "timestamp": "2026-09-27 14:17:59", "kind": "INFO", "message": "Skipping extracting external decl Function" }
{ "origin": "CodeQL Kotlin extractor", "timestamp": "2026-09-27 14:17:59", "kind": "INFO", "message": "Skipping extracting external decl ListIterator" }
{ "origin": "CodeQL Kotlin extractor", "timestamp": "2026-09-27 14:17:59", "kind": "INFO", "message": "Skipping extracting external decl MutableListIterator" }
{ "origin": "CodeQL Kotlin extractor", "timestamp": "2026-09-27 14:17:59", "kind": "INFO", "message": "Will write TRAP file /Users/macbook/Octo/static_analysis_codeql_1/codeql-kotlin.db/trap/java/classes/kotlin/sequences/Sequence.members/Sequence.members#52.0-318186000000-kotlin.trap.gz" }
{ "origin": "CodeQL Kotlin extractor", "timestamp": "2026-09-27 14:17:59", "kind": "INFO", "message": "Finished writing TRAP file /Users/macbook/Octo/static_analysis_codeql_1/codeql-kotlin.db/trap/java/classes/kotlin/sequences/Sequence.members/Sequence.members#52.0-318186000000-kotlin.trap.gz" }
{ "origin": "CodeQL Kotlin extractor", "timestamp": "2026-09-27 14:17:59", "kind": "INFO", "message": "Will write TRAP file /Users/macbook/Octo/static_analysis_codeql_1/codeql-kotlin.db/trap/java/classes/kotlin/sequences/toList(kotlin.sequences.Sequence).members/toList(kotlin.sequences.Sequence).members#-1.0-0-null.trap.gz" }
{ "origin": "CodeQL Kotlin extractor", "timestamp": "2026-09-27 14:17:59", "kind": "INFO", "message": "Finished writing TRAP file /Users/macbook/Octo/static_analysis_codeql_1/codeql-kotlin.db/trap/java/classes/kotlin/sequences/toList(kotlin.sequences.Sequence).members/toList(kotlin.sequences.Sequence).members#-1.0-0-null.trap.gz" }
{ "origin": "CodeQL Kotlin extractor", "timestamp": "2026-09-27 14:17:59", "kind": "INFO", "message": "Will write TRAP file /Users/macbook/Octo/static_analysis_codeql_1/codeql-kotlin.db/trap/java/classes/kotlin/sequences/map(kotlin.sequences.Sequence,kotlin.jvm.functions.Function1).members/map(kotlin.sequences.Sequence,kotlin.jvm.functions.Function1).members#-1.0-0-null.trap.gz" }
{ "origin": "CodeQL Kotlin extractor", "timestamp": "2026-09-27 14:17:59", "kind": "INFO", "message": "Finished writing TRAP file /Users/macbook/Octo/static_analysis_codeql_1/codeql-kotlin.db/trap/java/classes/kotlin/sequences/map(kotlin.sequences.Sequence,kotlin.jvm.functions.Function1).members/map(kotlin.sequences.Sequence,kotlin.jvm.functions.Function1).members#-1.0-0-null.trap.gz" }
{ "origin": "CodeQL Kotlin extractor", "timestamp": "2026-09-27 14:17:59", "kind": "INFO", "message": "Will write TRAP file /Users/macbook/Octo/static_analysis_codeql_1/codeql-kotlin.db/trap/java/classes/kotlin/text/removeSurrounding(java.lang.String,java.lang.CharSequence).members/removeSurrounding(java.lang.String,java.lang.CharSequence).members#-1.0-0-null.trap.gz" }
{ "origin": "CodeQL Kotlin extractor", "timestamp": "2026-09-27 14:17:59", "kind": "INFO", "message": "Finished writing TRAP file /Users/macbook/Octo/static_analysis_codeql_1/codeql-kotlin.db/trap/java/classes/kotlin/text/removeSurrounding(java.lang.String,java.lang.CharSequence).members/removeSurrounding(java.lang.String,java.lang.CharSequence).members#-1.0-0-null.trap.gz" }
{ "origin": "CodeQL Kotlin extractor", "timestamp": "2026-09-27 14:17:59", "kind": "INFO", "message": "Skipping extracting external decl Character" }
{ "origin": "CodeQL Kotlin extractor", "timestamp": "2026-09-27 14:17:59", "kind": "INFO", "message": "Skipping extracting external decl Char" }
{ "origin": "CodeQL Kotlin extractor", "timestamp": "2026-09-27 14:17:59", "kind": "INFO", "message": "Will write TRAP file /Users/macbook/Octo/static_analysis_codeql_1/codeql-kotlin.db/trap/java/classes/kotlin/text/substringBefore(java.lang.String,char,java.lang.String).members/substringBefore(java.lang.String,char,java.lang.String).members#-1.0-0-null.trap.gz" }
{ "origin": "CodeQL Kotlin extractor", "timestamp": "2026-09-27 14:17:59", "kind": "INFO", "message": "Finished writing TRAP file /Users/macbook/Octo/static_analysis_codeql_1/codeql-kotlin.db/trap/java/classes/kotlin/text/substringBefore(java.lang.String,char,java.lang.String).members/substringBefore(java.lang.String,char,java.lang.String).members#-1.0-0-null.trap.gz" }
{ "origin": "CodeQL Kotlin extractor", "timestamp": "2026-09-27 14:17:59", "kind": "INFO", "message": "Will write TRAP file /Users/macbook/Octo/static_analysis_codeql_1/codeql-kotlin.db/trap/java/classes/kotlin/text/contains(java.lang.CharSequence,java.lang.CharSequence,boolean).members/contains(java.lang.CharSequence,java.lang.CharSequence,boolean).members#-1.0-0-null.trap.gz" }
{ "origin": "CodeQL Kotlin extractor", "timestamp": "2026-09-27 14:17:59", "kind": "INFO", "message": "Finished writing TRAP file /Users/macbook/Octo/static_analysis_codeql_1/codeql-kotlin.db/trap/java/classes/kotlin/text/contains(java.lang.CharSequence,java.lang.CharSequence,boolean).members/contains(java.lang.CharSequence,java.lang.CharSequence,boolean).members#-1.0-0-null.trap.gz" }
{ "origin": "CodeQL Kotlin extractor", "timestamp": "2026-09-27 14:17:59", "kind": "INFO", "message": "Will write TRAP file /Users/macbook/Octo/static_analysis_codeql_1/codeql-kotlin.db/trap/java/classes/kotlin/text/toInt(java.lang.String).members/toInt(java.lang.String).members#-1.0-0-null.trap.gz" }
{ "origin": "CodeQL Kotlin extractor", "timestamp": "2026-09-27 14:17:59", "kind": "INFO", "message": "Finished writing TRAP file /Users/macbook/Octo/static_analysis_codeql_1/codeql-kotlin.db/trap/java/classes/kotlin/text/toInt(java.lang.String).members/toInt(java.lang.String).members#-1.0-0-null.trap.gz" }
{ "origin": "CodeQL Kotlin extractor", "timestamp": "2026-09-27 14:17:59", "kind": "INFO", "message": "Will write TRAP file /Users/macbook/Octo/static_analysis_codeql_1/codeql-kotlin.db/trap/java/classes/kotlin/text/substringAfter(java.lang.String,char,java.lang.String).members/substringAfter(java.lang.String,char,java.lang.String).members#-1.0-0-null.trap.gz" }
{ "origin": "CodeQL Kotlin extractor", "timestamp": "2026-09-27 14:17:59", "kind": "INFO", "message": "Finished writing TRAP file /Users/macbook/Octo/static_analysis_codeql_1/codeql-kotlin.db/trap/java/classes/kotlin/text/substringAfter(java.lang.String,char,java.lang.String).members/substringAfter(java.lang.String,char,java.lang.String).members#-1.0-0-null.trap.gz" }
{ "origin": "CodeQL Kotlin extractor", "timestamp": "2026-09-27 14:17:59", "kind": "INFO", "message": "Will write TRAP file /Users/macbook/Octo/static_analysis_codeql_1/codeql-kotlin.db/trap/java/classes/kotlin/text/split(java.lang.CharSequence,char[],boolean,int).members/split(java.lang.CharSequence,char[],boolean,int).members#-1.0-0-null.trap.gz" }
{ "origin": "CodeQL Kotlin extractor", "timestamp": "2026-09-27 14:17:59", "kind": "INFO", "message": "Finished writing TRAP file /Users/macbook/Octo/static_analysis_codeql_1/codeql-kotlin.db/trap/java/classes/kotlin/text/split(java.lang.CharSequence,char[],boolean,int).members/split(java.lang.CharSequence,char[],boolean,int).members#-1.0-0-null.trap.gz" }
{ "origin": "CodeQL Kotlin extractor", "timestamp": "2026-09-27 14:17:59", "kind": "INFO", "message": "Will write TRAP file /Users/macbook/Octo/static_analysis_codeql_1/codeql-kotlin.db/trap/java/classes/kotlin/collections/first(java.util.List).members/first(java.util.List).members#-1.0-0-null.trap.gz" }
{ "origin": "CodeQL Kotlin extractor", "timestamp": "2026-09-27 14:17:59", "kind": "INFO", "message": "Finished writing TRAP file /Users/macbook/Octo/static_analysis_codeql_1/codeql-kotlin.db/trap/java/classes/kotlin/collections/first(java.util.List).members/first(java.util.List).members#-1.0-0-null.trap.gz" }
{ "origin": "CodeQL Kotlin extractor", "timestamp": "2026-09-27 14:17:59", "kind": "INFO", "message": "Will write TRAP file /Users/macbook/Octo/static_analysis_codeql_1/codeql-kotlin.db/trap/java/classes/kotlin/text/replaceFirstCharWithChar(java.lang.String,kotlin.jvm.functions.Function1).members/replaceFirstCharWithChar(java.lang.String,kotlin.jvm.functions.Function1).members#-1.0-0-null.trap.gz" }
{ "origin": "CodeQL Kotlin extractor", "timestamp": "2026-09-27 14:17:59", "kind": "INFO", "message": "Finished writing TRAP file /Users/macbook/Octo/static_analysis_codeql_1/codeql-kotlin.db/trap/java/classes/kotlin/text/replaceFirstCharWithChar(java.lang.String,kotlin.jvm.functions.Function1).members/replaceFirstCharWithChar(java.lang.String,kotlin.jvm.functions.Function1).members#-1.0-0-null.trap.gz" }
{ "origin": "CodeQL Kotlin extractor", "timestamp": "2026-09-27 14:17:59", "kind": "INFO", "message": "Will write TRAP file /Users/macbook/Octo/static_analysis_codeql_1/codeql-kotlin.db/trap/java/classes/kotlin/text/uppercaseChar(char).members/uppercaseChar(char).members#-1.0-0-null.trap.gz" }
{ "origin": "CodeQL Kotlin extractor", "timestamp": "2026-09-27 14:17:59", "kind": "INFO", "message": "Finished writing TRAP file /Users/macbook/Octo/static_analysis_codeql_1/codeql-kotlin.db/trap/java/classes/kotlin/text/uppercaseChar(char).members/uppercaseChar(char).members#-1.0-0-null.trap.gz" }
{ "origin": "CodeQL Kotlin extractor", "timestamp": "2026-09-27 14:17:59", "kind": "INFO", "message": "Skipping extracting external decl FunctionReference" }
{ "origin": "CodeQL Kotlin extractor", "timestamp": "2026-09-27 14:17:59", "kind": "INFO", "message": "Skipping extracting external decl Deprecated" }
{ "origin": "CodeQL Kotlin extractor", "timestamp": "2026-09-27 14:17:59", "kind": "INFO", "message": "Skipping extracting external decl Iterator" }
{ "origin": "CodeQL Kotlin extractor", "timestamp": "2026-09-27 14:17:59", "kind": "INFO", "message": "Will write TRAP file /Users/macbook/Octo/static_analysis_codeql_1/codeql-kotlin.db/trap/java/classes/java/util/regex/Pattern.members/Pattern.members#65.0-1789983753036-kotlin.trap.gz" }
{ "origin": "CodeQL Kotlin extractor", "timestamp": "2026-09-27 14:17:59", "kind": "INFO", "message": "Finished writing TRAP file /Users/macbook/Octo/static_analysis_codeql_1/codeql-kotlin.db/trap/java/classes/java/util/regex/Pattern.members/Pattern.members#65.0-1789983753036-kotlin.trap.gz" }
{ "origin": "CodeQL Kotlin extractor", "timestamp": "2026-09-27 14:17:59", "kind": "INFO", "message": "Skipping extracting external decl PublishedApi" }
{ "origin": "CodeQL Kotlin extractor", "timestamp": "2026-09-27 14:17:59", "kind": "INFO", "message": "Will write TRAP file /Users/macbook/Octo/static_analysis_codeql_1/codeql-kotlin.db/trap/java/classes/kotlin/text/RegexOption.members/RegexOption.members#52.0-318186000000-kotlin.trap.gz" }
{ "origin": "CodeQL Kotlin extractor", "timestamp": "2026-09-27 14:17:59", "kind": "INFO", "message": "Finished writing TRAP file /Users/macbook/Octo/static_analysis_codeql_1/codeql-kotlin.db/trap/java/classes/kotlin/text/RegexOption.members/RegexOption.members#52.0-318186000000-kotlin.trap.gz" }
{ "origin": "CodeQL Kotlin extractor", "timestamp": "2026-09-27 14:17:59", "kind": "INFO", "message": "Will write TRAP file /Users/macbook/Octo/static_analysis_codeql_1/codeql-kotlin.db/trap/java/classes/kotlin/text/Regex$Companion.members/Regex$Companion.members#52.0-318186000000-kotlin.trap.gz" }
{ "origin": "CodeQL Kotlin extractor", "timestamp": "2026-09-27 14:17:59", "kind": "INFO", "message": "Finished writing TRAP file /Users/macbook/Octo/static_analysis_codeql_1/codeql-kotlin.db/trap/java/classes/kotlin/text/Regex$Companion.members/Regex$Companion.members#52.0-318186000000-kotlin.trap.gz" }
{ "origin": "CodeQL Kotlin extractor", "timestamp": "2026-09-27 14:17:59", "kind": "INFO", "message": "Skipping extracting external decl SinceKotlin" }
{ "origin": "CodeQL Kotlin extractor", "timestamp": "2026-09-27 14:17:59", "kind": "INFO", "message": "Skipping extracting external decl WasExperimental" }
{ "origin": "CodeQL Kotlin extractor", "timestamp": "2026-09-27 14:17:59", "kind": "INFO", "message": "Skipping extracting external decl Annotation" }
{ "origin": "CodeQL Kotlin extractor", "timestamp": "2026-09-27 14:17:59", "kind": "INFO", "message": "Skipping extracting external decl Annotation" }
{ "origin": "CodeQL Kotlin extractor", "timestamp": "2026-09-27 14:17:59", "kind": "INFO", "message": "Skipping extracting external decl ExperimentalStdlibApi" }
{ "origin": "CodeQL Kotlin extractor", "timestamp": "2026-09-27 14:17:59", "kind": "INFO", "message": "Will write TRAP file /Users/macbook/Octo/static_analysis_codeql_1/codeql-kotlin.db/trap/java/classes/java/nio/file/FileSystem.members/FileSystem.members#65.0-1789983753036-kotlin.trap.gz" }
{ "origin": "CodeQL Kotlin extractor", "timestamp": "2026-09-27 14:17:59", "kind": "INFO", "message": "Finished writing TRAP file /Users/macbook/Octo/static_analysis_codeql_1/codeql-kotlin.db/trap/java/classes/java/nio/file/FileSystem.members/FileSystem.members#65.0-1789983753036-kotlin.trap.gz" }
{ "origin": "CodeQL Kotlin extractor", "timestamp": "2026-09-27 14:17:59", "kind": "INFO", "message": "Will write TRAP file /Users/macbook/Octo/static_analysis_codeql_1/codeql-kotlin.db/trap/java/classes/java/net/URI.members/URI.members#65.0-1789983753036-kotlin.trap.gz" }
{ "origin": "CodeQL Kotlin extractor", "timestamp": "2026-09-27 14:17:59", "kind": "INFO", "message": "Finished writing TRAP file /Users/macbook/Octo/static_analysis_codeql_1/codeql-kotlin.db/trap/java/classes/java/net/URI.members/URI.members#65.0-1789983753036-kotlin.trap.gz" }
{ "origin": "CodeQL Kotlin extractor", "timestamp": "2026-09-27 14:17:59", "kind": "INFO", "message": "Will write TRAP file /Users/macbook/Octo/static_analysis_codeql_1/codeql-kotlin.db/trap/java/classes/java/nio/file/LinkOption.members/LinkOption.members#65.0-1789983753036-kotlin.trap.gz" }
{ "origin": "CodeQL Kotlin extractor", "timestamp": "2026-09-27 14:17:59", "kind": "INFO", "message": "Finished writing TRAP file /Users/macbook/Octo/static_analysis_codeql_1/codeql-kotlin.db/trap/java/classes/java/nio/file/LinkOption.members/LinkOption.members#65.0-1789983753036-kotlin.trap.gz" }
{ "origin": "CodeQL Kotlin extractor", "timestamp": "2026-09-27 14:17:59", "kind": "INFO", "message": "Will write TRAP file /Users/macbook/Octo/static_analysis_codeql_1/codeql-kotlin.db/trap/java/classes/java/nio/file/WatchService.members/WatchService.members#65.0-1789983753036-kotlin.trap.gz" }
{ "origin": "CodeQL Kotlin extractor", "timestamp": "2026-09-27 14:17:59", "kind": "INFO", "message": "Finished writing TRAP file /Users/macbook/Octo/static_analysis_codeql_1/codeql-kotlin.db/trap/java/classes/java/nio/file/WatchService.members/WatchService.members#65.0-1789983753036-kotlin.trap.gz" }
{ "origin": "CodeQL Kotlin extractor", "timestamp": "2026-09-27 14:17:59", "kind": "INFO", "message": "Will write TRAP file /Users/macbook/Octo/static_analysis_codeql_1/codeql-kotlin.db/trap/java/classes/java/nio/file/WatchEvent$Kind.members/WatchEvent$Kind.members#65.0-1789983753036-kotlin.trap.gz" }
{ "origin": "CodeQL Kotlin extractor", "timestamp": "2026-09-27 14:17:59", "kind": "INFO", "message": "Finished writing TRAP file /Users/macbook/Octo/static_analysis_codeql_1/codeql-kotlin.db/trap/java/classes/java/nio/file/WatchEvent$Kind.members/WatchEvent$Kind.members#65.0-1789983753036-kotlin.trap.gz" }
{ "origin": "CodeQL Kotlin extractor", "timestamp": "2026-09-27 14:17:59", "kind": "INFO", "message": "Will write TRAP file /Users/macbook/Octo/static_analysis_codeql_1/codeql-kotlin.db/trap/java/classes/java/nio/file/WatchEvent.members/WatchEvent.members#65.0-1789983753036-kotlin.trap.gz" }
{ "origin": "CodeQL Kotlin extractor", "timestamp": "2026-09-27 14:17:59", "kind": "INFO", "message": "Finished writing TRAP file /Users/macbook/Octo/static_analysis_codeql_1/codeql-kotlin.db/trap/java/classes/java/nio/file/WatchEvent.members/WatchEvent.members#65.0-1789983753036-kotlin.trap.gz" }
{ "origin": "CodeQL Kotlin extractor", "timestamp": "2026-09-27 14:17:59", "kind": "INFO", "message": "Will write TRAP file /Users/macbook/Octo/static_analysis_codeql_1/codeql-kotlin.db/trap/java/classes/java/nio/file/WatchEvent$Modifier.members/WatchEvent$Modifier.members#65.0-1789983753036-kotlin.trap.gz" }
{ "origin": "CodeQL Kotlin extractor", "timestamp": "2026-09-27 14:17:59", "kind": "INFO", "message": "Finished writing TRAP file /Users/macbook/Octo/static_analysis_codeql_1/codeql-kotlin.db/trap/java/classes/java/nio/file/WatchEvent$Modifier.members/WatchEvent$Modifier.members#65.0-1789983753036-kotlin.trap.gz" }
{ "origin": "CodeQL Kotlin extractor", "timestamp": "2026-09-27 14:17:59", "kind": "INFO", "message": "Will write TRAP file /Users/macbook/Octo/static_analysis_codeql_1/codeql-kotlin.db/trap/java/classes/java/nio/file/WatchKey.members/WatchKey.members#65.0-1789983753036-kotlin.trap.gz" }
{ "origin": "CodeQL Kotlin extractor", "timestamp": "2026-09-27 14:17:59", "kind": "INFO", "message": "Finished writing TRAP file /Users/macbook/Octo/static_analysis_codeql_1/codeql-kotlin.db/trap/java/classes/java/nio/file/WatchKey.members/WatchKey.members#65.0-1789983753036-kotlin.trap.gz" }
{ "origin": "CodeQL Kotlin extractor", "timestamp": "2026-09-27 14:17:59", "kind": "INFO", "message": "Will write TRAP file /Users/macbook/Octo/static_analysis_codeql_1/codeql-kotlin.db/trap/java/classes/java/nio/file/Watchable.members/Watchable.members#65.0-1789983753036-kotlin.trap.gz" }
{ "origin": "CodeQL Kotlin extractor", "timestamp": "2026-09-27 14:17:59", "kind": "INFO", "message": "Finished writing TRAP file /Users/macbook/Octo/static_analysis_codeql_1/codeql-kotlin.db/trap/java/classes/java/nio/file/Watchable.members/Watchable.members#65.0-1789983753036-kotlin.trap.gz" }
{ "origin": "CodeQL Kotlin extractor", "timestamp": "2026-09-27 14:17:59", "kind": "INFO", "message": "Will write TRAP file /Users/macbook/Octo/static_analysis_codeql_1/codeql-kotlin.db/trap/java/classes/java/net/URL.members/URL.members#65.0-1789983753036-kotlin.trap.gz" }
{ "origin": "CodeQL Kotlin extractor", "timestamp": "2026-09-27 14:17:59", "kind": "INFO", "message": "Finished writing TRAP file /Users/macbook/Octo/static_analysis_codeql_1/codeql-kotlin.db/trap/java/classes/java/net/URL.members/URL.members#65.0-1789983753036-kotlin.trap.gz" }
{ "origin": "CodeQL Kotlin extractor", "timestamp": "2026-09-27 14:17:59", "kind": "INFO", "message": "Skipping extracting external decl Long" }
{ "origin": "CodeQL Kotlin extractor", "timestamp": "2026-09-27 14:17:59", "kind": "INFO", "message": "Skipping extracting external decl Long" }
{ "origin": "CodeQL Kotlin extractor", "timestamp": "2026-09-27 14:17:59", "kind": "INFO", "message": "Will write TRAP file /Users/macbook/Octo/static_analysis_codeql_1/codeql-kotlin.db/trap/java/classes/java/io/FilenameFilter.members/FilenameFilter.members#65.0-1789983753036-kotlin.trap.gz" }
{ "origin": "CodeQL Kotlin extractor", "timestamp": "2026-09-27 14:17:59", "kind": "INFO", "message": "Finished writing TRAP file /Users/macbook/Octo/static_analysis_codeql_1/codeql-kotlin.db/trap/java/classes/java/io/FilenameFilter.members/FilenameFilter.members#65.0-1789983753036-kotlin.trap.gz" }
{ "origin": "CodeQL Kotlin extractor", "timestamp": "2026-09-27 14:17:59", "kind": "INFO", "message": "Will write TRAP file /Users/macbook/Octo/static_analysis_codeql_1/codeql-kotlin.db/trap/java/classes/java/io/FileFilter.members/FileFilter.members#65.0-1789983753036-kotlin.trap.gz" }
{ "origin": "CodeQL Kotlin extractor", "timestamp": "2026-09-27 14:17:59", "kind": "INFO", "message": "Finished writing TRAP file /Users/macbook/Octo/static_analysis_codeql_1/codeql-kotlin.db/trap/java/classes/java/io/FileFilter.members/FileFilter.members#65.0-1789983753036-kotlin.trap.gz" }
{ "origin": "CodeQL Kotlin extractor", "timestamp": "2026-09-27 14:17:59", "kind": "INFO", "message": "Skipping extracting external decl Locale" }
{ "origin": "CodeQL Kotlin extractor", "timestamp": "2026-09-27 14:17:59", "kind": "INFO", "message": "Will write TRAP file /Users/macbook/Octo/static_analysis_codeql_1/codeql-kotlin.db/trap/java/classes/java/nio/charset/CharsetDecoder.members/CharsetDecoder.members#65.0-1789983753036-kotlin.trap.gz" }
{ "origin": "CodeQL Kotlin extractor", "timestamp": "2026-09-27 14:17:59", "kind": "INFO", "message": "Finished writing TRAP file /Users/macbook/Octo/static_analysis_codeql_1/codeql-kotlin.db/trap/java/classes/java/nio/charset/CharsetDecoder.members/CharsetDecoder.members#65.0-1789983753036-kotlin.trap.gz" }
{ "origin": "CodeQL Kotlin extractor", "timestamp": "2026-09-27 14:17:59", "kind": "INFO", "message": "Will write TRAP file /Users/macbook/Octo/static_analysis_codeql_1/codeql-kotlin.db/trap/java/classes/java/nio/charset/CharsetEncoder.members/CharsetEncoder.members#65.0-1789983753036-kotlin.trap.gz" }
{ "origin": "CodeQL Kotlin extractor", "timestamp": "2026-09-27 14:17:59", "kind": "INFO", "message": "Finished writing TRAP file /Users/macbook/Octo/static_analysis_codeql_1/codeql-kotlin.db/trap/java/classes/java/nio/charset/CharsetEncoder.members/CharsetEncoder.members#65.0-1789983753036-kotlin.trap.gz" }
{ "origin": "CodeQL Kotlin extractor", "timestamp": "2026-09-27 14:17:59", "kind": "INFO", "message": "Will write TRAP file /Users/macbook/Octo/static_analysis_codeql_1/codeql-kotlin.db/trap/java/classes/java/nio/ByteBuffer.members/ByteBuffer.members#65.0-1789983753036-kotlin.trap.gz" }
{ "origin": "CodeQL Kotlin extractor", "timestamp": "2026-09-27 14:17:59", "kind": "INFO", "message": "Finished writing TRAP file /Users/macbook/Octo/static_analysis_codeql_1/codeql-kotlin.db/trap/java/classes/java/nio/ByteBuffer.members/ByteBuffer.members#65.0-1789983753036-kotlin.trap.gz" }
{ "origin": "CodeQL Kotlin extractor", "timestamp": "2026-09-27 14:17:59", "kind": "INFO", "message": "Will write TRAP file /Users/macbook/Octo/static_analysis_codeql_1/codeql-kotlin.db/trap/java/classes/java/nio/CharBuffer.members/CharBuffer.members#65.0-1789983753036-kotlin.trap.gz" }
{ "origin": "CodeQL Kotlin extractor", "timestamp": "2026-09-27 14:17:59", "kind": "INFO", "message": "Finished writing TRAP file /Users/macbook/Octo/static_analysis_codeql_1/codeql-kotlin.db/trap/java/classes/java/nio/CharBuffer.members/CharBuffer.members#65.0-1789983753036-kotlin.trap.gz" }
{ "origin": "CodeQL Kotlin extractor", "timestamp": "2026-09-27 14:17:59", "kind": "INFO", "message": "Will write TRAP file /Users/macbook/Octo/static_analysis_codeql_1/codeql-kotlin.db/trap/java/classes/java/util/SortedMap.members/SortedMap.members#65.0-1789983753036-kotlin.trap.gz" }
{ "origin": "CodeQL Kotlin extractor", "timestamp": "2026-09-27 14:17:59", "kind": "INFO", "message": "Finished writing TRAP file /Users/macbook/Octo/static_analysis_codeql_1/codeql-kotlin.db/trap/java/classes/java/util/SortedMap.members/SortedMap.members#65.0-1789983753036-kotlin.trap.gz" }
{ "origin": "CodeQL Kotlin extractor", "timestamp": "2026-09-27 14:17:59", "kind": "INFO", "message": "Skipping extracting external decl Float" }
{ "origin": "CodeQL Kotlin extractor", "timestamp": "2026-09-27 14:17:59", "kind": "INFO", "message": "Skipping extracting external decl Float" }
{ "origin": "CodeQL Kotlin extractor", "timestamp": "2026-09-27 14:17:59", "kind": "INFO", "message": "Skipping extracting external decl Node" }
{ "origin": "CodeQL Kotlin extractor", "timestamp": "2026-09-27 14:17:59", "kind": "INFO", "message": "Skipping extracting external decl ValueSpliterator" }
{ "origin": "CodeQL Kotlin extractor", "timestamp": "2026-09-27 14:17:59", "kind": "INFO", "message": "Skipping extracting external decl EntryIterator" }
{ "origin": "CodeQL Kotlin extractor", "timestamp": "2026-09-27 14:17:59", "kind": "INFO", "message": "Skipping extracting external decl KeySet" }
{ "origin": "CodeQL Kotlin extractor", "timestamp": "2026-09-27 14:17:59", "kind": "INFO", "message": "Skipping extracting external decl KeyIterator" }
{ "origin": "CodeQL Kotlin extractor", "timestamp": "2026-09-27 14:17:59", "kind": "INFO", "message": "Skipping extracting external decl TreeNode" }
{ "origin": "CodeQL Kotlin extractor", "timestamp": "2026-09-27 14:17:59", "kind": "INFO", "message": "Skipping extracting external decl EntrySpliterator" }
{ "origin": "CodeQL Kotlin extractor", "timestamp": "2026-09-27 14:17:59", "kind": "INFO", "message": "Skipping extracting external decl HashIterator" }
{ "origin": "CodeQL Kotlin extractor", "timestamp": "2026-09-27 14:17:59", "kind": "INFO", "message": "Skipping extracting external decl Values" }
{ "origin": "CodeQL Kotlin extractor", "timestamp": "2026-09-27 14:17:59", "kind": "INFO", "message": "Skipping extracting external decl ValueIterator" }
{ "origin": "CodeQL Kotlin extractor", "timestamp": "2026-09-27 14:17:59", "kind": "INFO", "message": "Skipping extracting external decl KeySpliterator" }
{ "origin": "CodeQL Kotlin extractor", "timestamp": "2026-09-27 14:17:59", "kind": "INFO", "message": "Skipping extracting external decl EntrySet" }
{ "origin": "CodeQL Kotlin extractor", "timestamp": "2026-09-27 14:17:59", "kind": "INFO", "message": "Skipping extracting external decl HashMapSpliterator" }
{ "origin": "CodeQL Kotlin extractor", "timestamp": "2026-09-27 14:17:59", "kind": "INFO", "message": "Skipping extracting external decl BiFunction" }
{ "origin": "CodeQL Kotlin extractor", "timestamp": "2026-09-27 14:17:59", "kind": "INFO", "message": "Skipping extracting external decl BiConsumer" }
{ "origin": "CodeQL Kotlin extractor", "timestamp": "2026-09-27 14:17:59", "kind": "INFO", "message": "Skipping extracting external decl Entry" }
{ "origin": "CodeQL Kotlin extractor", "timestamp": "2026-09-27 14:17:59", "kind": "INFO", "message": "Skipping extracting external decl ObjectOutputStream" }
{ "origin": "CodeQL Kotlin extractor", "timestamp": "2026-09-27 14:17:59", "kind": "INFO", "message": "Skipping extracting external decl InlineOnly" }
{ "origin": "CodeQL Kotlin extractor", "timestamp": "2026-09-27 14:17:59", "kind": "INFO", "message": "Will write TRAP file /Users/macbook/Octo/static_analysis_codeql_1/codeql-kotlin.db/trap/java/classes/kotlin/text/MatchResult$Destructured.members/MatchResult$Destructured.members#52.0-318186000000-kotlin.trap.gz" }
{ "origin": "CodeQL Kotlin extractor", "timestamp": "2026-09-27 14:17:59", "kind": "INFO", "message": "Finished writing TRAP file /Users/macbook/Octo/static_analysis_codeql_1/codeql-kotlin.db/trap/java/classes/kotlin/text/MatchResult$Destructured.members/MatchResult$Destructured.members#52.0-318186000000-kotlin.trap.gz" }
{ "origin": "CodeQL Kotlin extractor", "timestamp": "2026-09-27 14:17:59", "kind": "INFO", "message": "Skipping extracting external decl IntRange" }
{ "origin": "CodeQL Kotlin extractor", "timestamp": "2026-09-27 14:17:59", "kind": "INFO", "message": "Will write TRAP file /Users/macbook/Octo/static_analysis_codeql_1/codeql-kotlin.db/trap/java/classes/kotlin/text/MatchGroupCollection.members/MatchGroupCollection.members#52.0-318186000000-kotlin.trap.gz" }
{ "origin": "CodeQL Kotlin extractor", "timestamp": "2026-09-27 14:17:59", "kind": "INFO", "message": "Finished writing TRAP file /Users/macbook/Octo/static_analysis_codeql_1/codeql-kotlin.db/trap/java/classes/kotlin/text/MatchGroupCollection.members/MatchGroupCollection.members#52.0-318186000000-kotlin.trap.gz" }
{ "origin": "CodeQL Kotlin extractor", "timestamp": "2026-09-27 14:17:59", "kind": "INFO", "message": "Skipping extracting external decl OverloadResolutionByLambdaReturnType" }
{ "origin": "CodeQL Kotlin extractor", "timestamp": "2026-09-27 14:17:59", "kind": "INFO", "message": "Skipping extracting external decl JvmName" }
{ "origin": "CodeQL Kotlin extractor", "timestamp": "2026-09-27 14:17:59", "kind": "INFO", "message": "Will write TRAP file /Users/macbook/Octo/static_analysis_codeql_1/codeql-kotlin.db/trap/java/classes/java/util/regex/Pattern$BmpCharPropertyGreedy.members/Pattern$BmpCharPropertyGreedy.members#65.0-1789983753036-kotlin.trap.gz" }
{ "origin": "CodeQL Kotlin extractor", "timestamp": "2026-09-27 14:17:59", "kind": "INFO", "message": "Finished writing TRAP file /Users/macbook/Octo/static_analysis_codeql_1/codeql-kotlin.db/trap/java/classes/java/util/regex/Pattern$BmpCharPropertyGreedy.members/Pattern$BmpCharPropertyGreedy.members#65.0-1789983753036-kotlin.trap.gz" }
{ "origin": "CodeQL Kotlin extractor", "timestamp": "2026-09-27 14:17:59", "kind": "INFO", "message": "Will write TRAP file /Users/macbook/Octo/static_analysis_codeql_1/codeql-kotlin.db/trap/java/classes/java/util/regex/Pattern$CharPropertyGreedy.members/Pattern$CharPropertyGreedy.members#65.0-1789983753036-kotlin.trap.gz" }
{ "origin": "CodeQL Kotlin extractor", "timestamp": "2026-09-27 14:17:59", "kind": "INFO", "message": "Finished writing TRAP file /Users/macbook/Octo/static_analysis_codeql_1/codeql-kotlin.db/trap/java/classes/java/util/regex/Pattern$CharPropertyGreedy.members/Pattern$CharPropertyGreedy.members#65.0-1789983753036-kotlin.trap.gz" }
{ "origin": "CodeQL Kotlin extractor", "timestamp": "2026-09-27 14:17:59", "kind": "INFO", "message": "Will write TRAP file /Users/macbook/Octo/static_analysis_codeql_1/codeql-kotlin.db/trap/java/classes/java/util/regex/Pattern$GroupHead.members/Pattern$GroupHead.members#65.0-1789983753036-kotlin.trap.gz" }
{ "origin": "CodeQL Kotlin extractor", "timestamp": "2026-09-27 14:17:59", "kind": "INFO", "message": "Finished writing TRAP file /Users/macbook/Octo/static_analysis_codeql_1/codeql-kotlin.db/trap/java/classes/java/util/regex/Pattern$GroupHead.members/Pattern$GroupHead.members#65.0-1789983753036-kotlin.trap.gz" }
{ "origin": "CodeQL Kotlin extractor", "timestamp": "2026-09-27 14:17:59", "kind": "INFO", "message": "Will write TRAP file /Users/macbook/Octo/static_analysis_codeql_1/codeql-kotlin.db/trap/java/classes/java/util/regex/Pattern$NotBehind.members/Pattern$NotBehind.members#65.0-1789983753036-kotlin.trap.gz" }
{ "origin": "CodeQL Kotlin extractor", "timestamp": "2026-09-27 14:17:59", "kind": "INFO", "message": "Finished writing TRAP file /Users/macbook/Octo/static_analysis_codeql_1/codeql-kotlin.db/trap/java/classes/java/util/regex/Pattern$NotBehind.members/Pattern$NotBehind.members#65.0-1789983753036-kotlin.trap.gz" }
{ "origin": "CodeQL Kotlin extractor", "timestamp": "2026-09-27 14:17:59", "kind": "INFO", "message": "Will write TRAP file /Users/macbook/Octo/static_analysis_codeql_1/codeql-kotlin.db/trap/java/classes/java/util/regex/Pattern$StartS.members/Pattern$StartS.members#65.0-1789983753036-kotlin.trap.gz" }
{ "origin": "CodeQL Kotlin extractor", "timestamp": "2026-09-27 14:17:59", "kind": "INFO", "message": "Finished writing TRAP file /Users/macbook/Octo/static_analysis_codeql_1/codeql-kotlin.db/trap/java/classes/java/util/regex/Pattern$StartS.members/Pattern$StartS.members#65.0-1789983753036-kotlin.trap.gz" }
{ "origin": "CodeQL Kotlin extractor", "timestamp": "2026-09-27 14:17:59", "kind": "INFO", "message": "Will write TRAP file /Users/macbook/Octo/static_analysis_codeql_1/codeql-kotlin.db/trap/java/classes/java/util/regex/Pattern$Slice.members/Pattern$Slice.members#65.0-1789983753036-kotlin.trap.gz" }
{ "origin": "CodeQL Kotlin extractor", "timestamp": "2026-09-27 14:17:59", "kind": "INFO", "message": "Finished writing TRAP file /Users/macbook/Octo/static_analysis_codeql_1/codeql-kotlin.db/trap/java/classes/java/util/regex/Pattern$Slice.members/Pattern$Slice.members#65.0-1789983753036-kotlin.trap.gz" }
{ "origin": "CodeQL Kotlin extractor", "timestamp": "2026-09-27 14:17:59", "kind": "INFO", "message": "Will write TRAP file /Users/macbook/Octo/static_analysis_codeql_1/codeql-kotlin.db/trap/java/classes/java/util/regex/Pattern$BmpCharPredicate.members/Pattern$BmpCharPredicate.members#65.0-1789983753036-kotlin.trap.gz" }
{ "origin": "CodeQL Kotlin extractor", "timestamp": "2026-09-27 14:17:59", "kind": "INFO", "message": "Finished writing TRAP file /Users/macbook/Octo/static_analysis_codeql_1/codeql-kotlin.db/trap/java/classes/java/util/regex/Pattern$BmpCharPredicate.members/Pattern$BmpCharPredicate.members#65.0-1789983753036-kotlin.trap.gz" }
{ "origin": "CodeQL Kotlin extractor", "timestamp": "2026-09-27 14:17:59", "kind": "INFO", "message": "Will write TRAP file /Users/macbook/Octo/static_analysis_codeql_1/codeql-kotlin.db/trap/java/classes/java/util/regex/Pattern$CIBackRef.members/Pattern$CIBackRef.members#65.0-1789983753036-kotlin.trap.gz" }
{ "origin": "CodeQL Kotlin extractor", "timestamp": "2026-09-27 14:17:59", "kind": "INFO", "message": "Finished writing TRAP file /Users/macbook/Octo/static_analysis_codeql_1/codeql-kotlin.db/trap/java/classes/java/util/regex/Pattern$CIBackRef.members/Pattern$CIBackRef.members#65.0-1789983753036-kotlin.trap.gz" }
{ "origin": "CodeQL Kotlin extractor", "timestamp": "2026-09-27 14:17:59", "kind": "INFO", "message": "Will write TRAP file /Users/macbook/Octo/static_analysis_codeql_1/codeql-kotlin.db/trap/java/classes/java/util/regex/Pattern$BackRef.members/Pattern$BackRef.members#65.0-1789983753036-kotlin.trap.gz" }
{ "origin": "CodeQL Kotlin extractor", "timestamp": "2026-09-27 14:17:59", "kind": "INFO", "message": "Finished writing TRAP file /Users/macbook/Octo/static_analysis_codeql_1/codeql-kotlin.db/trap/java/classes/java/util/regex/Pattern$BackRef.members/Pattern$BackRef.members#65.0-1789983753036-kotlin.trap.gz" }
{ "origin": "CodeQL Kotlin extractor", "timestamp": "2026-09-27 14:17:59", "kind": "INFO", "message": "Will write TRAP file /Users/macbook/Octo/static_analysis_codeql_1/codeql-kotlin.db/trap/java/classes/java/util/regex/Pattern$SliceS.members/Pattern$SliceS.members#65.0-1789983753036-kotlin.trap.gz" }
{ "origin": "CodeQL Kotlin extractor", "timestamp": "2026-09-27 14:17:59", "kind": "INFO", "message": "Finished writing TRAP file /Users/macbook/Octo/static_analysis_codeql_1/codeql-kotlin.db/trap/java/classes/java/util/regex/Pattern$SliceS.members/Pattern$SliceS.members#65.0-1789983753036-kotlin.trap.gz" }
{ "origin": "CodeQL Kotlin extractor", "timestamp": "2026-09-27 14:17:59", "kind": "INFO", "message": "Will write TRAP file /Users/macbook/Octo/static_analysis_codeql_1/codeql-kotlin.db/trap/java/classes/java/util/regex/Pattern$BehindS.members/Pattern$BehindS.members#65.0-1789983753036-kotlin.trap.gz" }
{ "origin": "CodeQL Kotlin extractor", "timestamp": "2026-09-27 14:17:59", "kind": "INFO", "message": "Finished writing TRAP file /Users/macbook/Octo/static_analysis_codeql_1/codeql-kotlin.db/trap/java/classes/java/util/regex/Pattern$BehindS.members/Pattern$BehindS.members#65.0-1789983753036-kotlin.trap.gz" }
{ "origin": "CodeQL Kotlin extractor", "timestamp": "2026-09-27 14:17:59", "kind": "INFO", "message": "Will write TRAP file /Users/macbook/Octo/static_analysis_codeql_1/codeql-kotlin.db/trap/java/classes/java/util/regex/Pattern$CharProperty.members/Pattern$CharProperty.members#65.0-1789983753036-kotlin.trap.gz" }
{ "origin": "CodeQL Kotlin extractor", "timestamp": "2026-09-27 14:17:59", "kind": "INFO", "message": "Finished writing TRAP file /Users/macbook/Octo/static_analysis_codeql_1/codeql-kotlin.db/trap/java/classes/java/util/regex/Pattern$CharProperty.members/Pattern$CharProperty.members#65.0-1789983753036-kotlin.trap.gz" }
{ "origin": "CodeQL Kotlin extractor", "timestamp": "2026-09-27 14:17:59", "kind": "INFO", "message": "Will write TRAP file /Users/macbook/Octo/static_analysis_codeql_1/codeql-kotlin.db/trap/java/classes/java/util/regex/Pattern$SliceIS.members/Pattern$SliceIS.members#65.0-1789983753036-kotlin.trap.gz" }
{ "origin": "CodeQL Kotlin extractor", "timestamp": "2026-09-27 14:17:59", "kind": "INFO", "message": "Finished writing TRAP file /Users/macbook/Octo/static_analysis_codeql_1/codeql-kotlin.db/trap/java/classes/java/util/regex/Pattern$SliceIS.members/Pattern$SliceIS.members#65.0-1789983753036-kotlin.trap.gz" }
{ "origin": "CodeQL Kotlin extractor", "timestamp": "2026-09-27 14:17:59", "kind": "INFO", "message": "Will write TRAP file /Users/macbook/Octo/static_analysis_codeql_1/codeql-kotlin.db/trap/java/classes/java/util/regex/Pattern$XGrapheme.members/Pattern$XGrapheme.members#65.0-1789983753036-kotlin.trap.gz" }
{ "origin": "CodeQL Kotlin extractor", "timestamp": "2026-09-27 14:17:59", "kind": "INFO", "message": "Finished writing TRAP file /Users/macbook/Octo/static_analysis_codeql_1/codeql-kotlin.db/trap/java/classes/java/util/regex/Pattern$XGrapheme.members/Pattern$XGrapheme.members#65.0-1789983753036-kotlin.trap.gz" }
{ "origin": "CodeQL Kotlin extractor", "timestamp": "2026-09-27 14:17:59", "kind": "INFO", "message": "Will write TRAP file /Users/macbook/Octo/static_analysis_codeql_1/codeql-kotlin.db/trap/java/classes/java/util/regex/Pattern$BitClass.members/Pattern$BitClass.members#65.0-1789983753036-kotlin.trap.gz" }
{ "origin": "CodeQL Kotlin extractor", "timestamp": "2026-09-27 14:17:59", "kind": "INFO", "message": "Finished writing TRAP file /Users/macbook/Octo/static_analysis_codeql_1/codeql-kotlin.db/trap/java/classes/java/util/regex/Pattern$BitClass.members/Pattern$BitClass.members#65.0-1789983753036-kotlin.trap.gz" }
{ "origin": "CodeQL Kotlin extractor", "timestamp": "2026-09-27 14:17:59", "kind": "INFO", "message": "Will write TRAP file /Users/macbook/Octo/static_analysis_codeql_1/codeql-kotlin.db/trap/java/classes/java/util/regex/Pattern$GroupTail.members/Pattern$GroupTail.members#65.0-1789983753036-kotlin.trap.gz" }
{ "origin": "CodeQL Kotlin extractor", "timestamp": "2026-09-27 14:17:59", "kind": "INFO", "message": "Finished writing TRAP file /Users/macbook/Octo/static_analysis_codeql_1/codeql-kotlin.db/trap/java/classes/java/util/regex/Pattern$GroupTail.members/Pattern$GroupTail.members#65.0-1789983753036-kotlin.trap.gz" }
{ "origin": "CodeQL Kotlin extractor", "timestamp": "2026-09-27 14:17:59", "kind": "INFO", "message": "Will write TRAP file /Users/macbook/Octo/static_analysis_codeql_1/codeql-kotlin.db/trap/java/classes/java/util/regex/Pattern$LazyLoop.members/Pattern$LazyLoop.members#65.0-1789983753036-kotlin.trap.gz" }
{ "origin": "CodeQL Kotlin extractor", "timestamp": "2026-09-27 14:17:59", "kind": "INFO", "message": "Finished writing TRAP file /Users/macbook/Octo/static_analysis_codeql_1/codeql-kotlin.db/trap/java/classes/java/util/regex/Pattern$LazyLoop.members/Pattern$LazyLoop.members#65.0-1789983753036-kotlin.trap.gz" }
{ "origin": "CodeQL Kotlin extractor", "timestamp": "2026-09-27 14:17:59", "kind": "INFO", "message": "Will write TRAP file /Users/macbook/Octo/static_analysis_codeql_1/codeql-kotlin.db/trap/java/classes/java/util/regex/Pattern$Ques.members/Pattern$Ques.members#65.0-1789983753036-kotlin.trap.gz" }
{ "origin": "CodeQL Kotlin extractor", "timestamp": "2026-09-27 14:17:59", "kind": "INFO", "message": "Finished writing TRAP file /Users/macbook/Octo/static_analysis_codeql_1/codeql-kotlin.db/trap/java/classes/java/util/regex/Pattern$Ques.members/Pattern$Ques.members#65.0-1789983753036-kotlin.trap.gz" }
{ "origin": "CodeQL Kotlin extractor", "timestamp": "2026-09-27 14:17:59", "kind": "INFO", "message": "Will write TRAP file /Users/macbook/Octo/static_analysis_codeql_1/codeql-kotlin.db/trap/java/classes/java/util/regex/Pattern$Prolog.members/Pattern$Prolog.members#65.0-1789983753036-kotlin.trap.gz" }
{ "origin": "CodeQL Kotlin extractor", "timestamp": "2026-09-27 14:17:59", "kind": "INFO", "message": "Finished writing TRAP file /Users/macbook/Octo/static_analysis_codeql_1/codeql-kotlin.db/trap/java/classes/java/util/regex/Pattern$Prolog.members/Pattern$Prolog.members#65.0-1789983753036-kotlin.trap.gz" }
{ "origin": "CodeQL Kotlin extractor", "timestamp": "2026-09-27 14:17:59", "kind": "INFO", "message": "Will write TRAP file /Users/macbook/Octo/static_analysis_codeql_1/codeql-kotlin.db/trap/java/classes/java/util/regex/Pattern$Caret.members/Pattern$Caret.members#65.0-1789983753036-kotlin.trap.gz" }
{ "origin": "CodeQL Kotlin extractor", "timestamp": "2026-09-27 14:17:59", "kind": "INFO", "message": "Finished writing TRAP file /Users/macbook/Octo/static_analysis_codeql_1/codeql-kotlin.db/trap/java/classes/java/util/regex/Pattern$Caret.members/Pattern$Caret.members#65.0-1789983753036-kotlin.trap.gz" }
{ "origin": "CodeQL Kotlin extractor", "timestamp": "2026-09-27 14:17:59", "kind": "INFO", "message": "Will write TRAP file /Users/macbook/Octo/static_analysis_codeql_1/codeql-kotlin.db/trap/java/classes/java/util/regex/Pattern$LineEnding.members/Pattern$LineEnding.members#65.0-1789983753036-kotlin.trap.gz" }
{ "origin": "CodeQL Kotlin extractor", "timestamp": "2026-09-27 14:17:59", "kind": "INFO", "message": "Finished writing TRAP file /Users/macbook/Octo/static_analysis_codeql_1/codeql-kotlin.db/trap/java/classes/java/util/regex/Pattern$LineEnding.members/Pattern$LineEnding.members#65.0-1789983753036-kotlin.trap.gz" }
{ "origin": "CodeQL Kotlin extractor", "timestamp": "2026-09-27 14:17:59", "kind": "INFO", "message": "Will write TRAP file /Users/macbook/Octo/static_analysis_codeql_1/codeql-kotlin.db/trap/java/classes/java/util/regex/Pattern$Node.members/Pattern$Node.members#65.0-1789983753036-kotlin.trap.gz" }
{ "origin": "CodeQL Kotlin extractor", "timestamp": "2026-09-27 14:17:59", "kind": "INFO", "message": "Finished writing TRAP file /Users/macbook/Octo/static_analysis_codeql_1/codeql-kotlin.db/trap/java/classes/java/util/regex/Pattern$Node.members/Pattern$Node.members#65.0-1789983753036-kotlin.trap.gz" }
{ "origin": "CodeQL Kotlin extractor", "timestamp": "2026-09-27 14:17:59", "kind": "INFO", "message": "Will write TRAP file /Users/macbook/Octo/static_analysis_codeql_1/codeql-kotlin.db/trap/java/classes/java/util/regex/Pattern$GroupCurly.members/Pattern$GroupCurly.members#65.0-1789983753036-kotlin.trap.gz" }
{ "origin": "CodeQL Kotlin extractor", "timestamp": "2026-09-27 14:17:59", "kind": "INFO", "message": "Finished writing TRAP file /Users/macbook/Octo/static_analysis_codeql_1/codeql-kotlin.db/trap/java/classes/java/util/regex/Pattern$GroupCurly.members/Pattern$GroupCurly.members#65.0-1789983753036-kotlin.trap.gz" }
{ "origin": "CodeQL Kotlin extractor", "timestamp": "2026-09-27 14:17:59", "kind": "INFO", "message": "Will write TRAP file /Users/macbook/Octo/static_analysis_codeql_1/codeql-kotlin.db/trap/java/classes/java/util/regex/Pattern$SliceNode.members/Pattern$SliceNode.members#65.0-1789983753036-kotlin.trap.gz" }
{ "origin": "CodeQL Kotlin extractor", "timestamp": "2026-09-27 14:17:59", "kind": "INFO", "message": "Finished writing TRAP file /Users/macbook/Octo/static_analysis_codeql_1/codeql-kotlin.db/trap/java/classes/java/util/regex/Pattern$SliceNode.members/Pattern$SliceNode.members#65.0-1789983753036-kotlin.trap.gz" }
{ "origin": "CodeQL Kotlin extractor", "timestamp": "2026-09-27 14:17:59", "kind": "INFO", "message": "Will write TRAP file /Users/macbook/Octo/static_analysis_codeql_1/codeql-kotlin.db/trap/java/classes/java/util/regex/Pattern$SliceUS.members/Pattern$SliceUS.members#65.0-1789983753036-kotlin.trap.gz" }
{ "origin": "CodeQL Kotlin extractor", "timestamp": "2026-09-27 14:17:59", "kind": "INFO", "message": "Finished writing TRAP file /Users/macbook/Octo/static_analysis_codeql_1/codeql-kotlin.db/trap/java/classes/java/util/regex/Pattern$SliceUS.members/Pattern$SliceUS.members#65.0-1789983753036-kotlin.trap.gz" }
{ "origin": "CodeQL Kotlin extractor", "timestamp": "2026-09-27 14:17:59", "kind": "INFO", "message": "Will write TRAP file /Users/macbook/Octo/static_analysis_codeql_1/codeql-kotlin.db/trap/java/classes/java/util/regex/Pattern$LastNode.members/Pattern$LastNode.members#65.0-1789983753036-kotlin.trap.gz" }
{ "origin": "CodeQL Kotlin extractor", "timestamp": "2026-09-27 14:17:59", "kind": "INFO", "message": "Finished writing TRAP file /Users/macbook/Octo/static_analysis_codeql_1/codeql-kotlin.db/trap/java/classes/java/util/regex/Pattern$LastNode.members/Pattern$LastNode.members#65.0-1789983753036-kotlin.trap.gz" }
{ "origin": "CodeQL Kotlin extractor", "timestamp": "2026-09-27 14:17:59", "kind": "INFO", "message": "Will write TRAP file /Users/macbook/Octo/static_analysis_codeql_1/codeql-kotlin.db/trap/java/classes/java/util/regex/Pattern$GraphemeBound.members/Pattern$GraphemeBound.members#65.0-1789983753036-kotlin.trap.gz" }
{ "origin": "CodeQL Kotlin extractor", "timestamp": "2026-09-27 14:17:59", "kind": "INFO", "message": "Finished writing TRAP file /Users/macbook/Octo/static_analysis_codeql_1/codeql-kotlin.db/trap/java/classes/java/util/regex/Pattern$GraphemeBound.members/Pattern$GraphemeBound.members#65.0-1789983753036-kotlin.trap.gz" }
{ "origin": "CodeQL Kotlin extractor", "timestamp": "2026-09-27 14:17:59", "kind": "INFO", "message": "Will write TRAP file /Users/macbook/Octo/static_analysis_codeql_1/codeql-kotlin.db/trap/java/classes/java/util/regex/Pattern$NotBehindS.members/Pattern$NotBehindS.members#65.0-1789983753036-kotlin.trap.gz" }
{ "origin": "CodeQL Kotlin extractor", "timestamp": "2026-09-27 14:17:59", "kind": "INFO", "message": "Finished writing TRAP file /Users/macbook/Octo/static_analysis_codeql_1/codeql-kotlin.db/trap/java/classes/java/util/regex/Pattern$NotBehindS.members/Pattern$NotBehindS.members#65.0-1789983753036-kotlin.trap.gz" }
{ "origin": "CodeQL Kotlin extractor", "timestamp": "2026-09-27 14:17:59", "kind": "INFO", "message": "Will write TRAP file /Users/macbook/Octo/static_analysis_codeql_1/codeql-kotlin.db/trap/java/classes/java/util/regex/Pattern$Branch.members/Pattern$Branch.members#65.0-1789983753036-kotlin.trap.gz" }
{ "origin": "CodeQL Kotlin extractor", "timestamp": "2026-09-27 14:17:59", "kind": "INFO", "message": "Finished writing TRAP file /Users/macbook/Octo/static_analysis_codeql_1/codeql-kotlin.db/trap/java/classes/java/util/regex/Pattern$Branch.members/Pattern$Branch.members#65.0-1789983753036-kotlin.trap.gz" }
{ "origin": "CodeQL Kotlin extractor", "timestamp": "2026-09-27 14:17:59", "kind": "INFO", "message": "Will write TRAP file /Users/macbook/Octo/static_analysis_codeql_1/codeql-kotlin.db/trap/java/classes/java/util/regex/Pattern$Loop.members/Pattern$Loop.members#65.0-1789983753036-kotlin.trap.gz" }
{ "origin": "CodeQL Kotlin extractor", "timestamp": "2026-09-27 14:17:59", "kind": "INFO", "message": "Finished writing TRAP file /Users/macbook/Octo/static_analysis_codeql_1/codeql-kotlin.db/trap/java/classes/java/util/regex/Pattern$Loop.members/Pattern$Loop.members#65.0-1789983753036-kotlin.trap.gz" }
{ "origin": "CodeQL Kotlin extractor", "timestamp": "2026-09-27 14:17:59", "kind": "INFO", "message": "Will write TRAP file /Users/macbook/Octo/static_analysis_codeql_1/codeql-kotlin.db/trap/java/classes/java/util/regex/Pattern$TreeInfo.members/Pattern$TreeInfo.members#65.0-1789983753036-kotlin.trap.gz" }
{ "origin": "CodeQL Kotlin extractor", "timestamp": "2026-09-27 14:17:59", "kind": "INFO", "message": "Finished writing TRAP file /Users/macbook/Octo/static_analysis_codeql_1/codeql-kotlin.db/trap/java/classes/java/util/regex/Pattern$TreeInfo.members/Pattern$TreeInfo.members#65.0-1789983753036-kotlin.trap.gz" }
{ "origin": "CodeQL Kotlin extractor", "timestamp": "2026-09-27 14:17:59", "kind": "INFO", "message": "Will write TRAP file /Users/macbook/Octo/static_analysis_codeql_1/codeql-kotlin.db/trap/java/classes/java/util/regex/Pattern$Pos.members/Pattern$Pos.members#65.0-1789983753036-kotlin.trap.gz" }
{ "origin": "CodeQL Kotlin extractor", "timestamp": "2026-09-27 14:17:59", "kind": "INFO", "message": "Finished writing TRAP file /Users/macbook/Octo/static_analysis_codeql_1/codeql-kotlin.db/trap/java/classes/java/util/regex/Pattern$Pos.members/Pattern$Pos.members#65.0-1789983753036-kotlin.trap.gz" }
{ "origin": "CodeQL Kotlin extractor", "timestamp": "2026-09-27 14:17:59", "kind": "INFO", "message": "Will write TRAP file /Users/macbook/Octo/static_analysis_codeql_1/codeql-kotlin.db/trap/java/classes/java/util/regex/Pattern$BnMS.members/Pattern$BnMS.members#65.0-1789983753036-kotlin.trap.gz" }
{ "origin": "CodeQL Kotlin extractor", "timestamp": "2026-09-27 14:17:59", "kind": "INFO", "message": "Finished writing TRAP file /Users/macbook/Octo/static_analysis_codeql_1/codeql-kotlin.db/trap/java/classes/java/util/regex/Pattern$BnMS.members/Pattern$BnMS.members#65.0-1789983753036-kotlin.trap.gz" }
{ "origin": "CodeQL Kotlin extractor", "timestamp": "2026-09-27 14:17:59", "kind": "INFO", "message": "Will write TRAP file /Users/macbook/Octo/static_analysis_codeql_1/codeql-kotlin.db/trap/java/classes/java/util/regex/Pattern$End.members/Pattern$End.members#65.0-1789983753036-kotlin.trap.gz" }
{ "origin": "CodeQL Kotlin extractor", "timestamp": "2026-09-27 14:17:59", "kind": "INFO", "message": "Finished writing TRAP file /Users/macbook/Octo/static_analysis_codeql_1/codeql-kotlin.db/trap/java/classes/java/util/regex/Pattern$End.members/Pattern$End.members#65.0-1789983753036-kotlin.trap.gz" }
{ "origin": "CodeQL Kotlin extractor", "timestamp": "2026-09-27 14:17:59", "kind": "INFO", "message": "Will write TRAP file /Users/macbook/Octo/static_analysis_codeql_1/codeql-kotlin.db/trap/java/classes/java/util/regex/Pattern$SliceI.members/Pattern$SliceI.members#65.0-1789983753036-kotlin.trap.gz" }
{ "origin": "CodeQL Kotlin extractor", "timestamp": "2026-09-27 14:17:59", "kind": "INFO", "message": "Finished writing TRAP file /Users/macbook/Octo/static_analysis_codeql_1/codeql-kotlin.db/trap/java/classes/java/util/regex/Pattern$SliceI.members/Pattern$SliceI.members#65.0-1789983753036-kotlin.trap.gz" }
{ "origin": "CodeQL Kotlin extractor", "timestamp": "2026-09-27 14:17:59", "kind": "INFO", "message": "Will write TRAP file /Users/macbook/Octo/static_analysis_codeql_1/codeql-kotlin.db/trap/java/classes/java/util/regex/Pattern$Start.members/Pattern$Start.members#65.0-1789983753036-kotlin.trap.gz" }
{ "origin": "CodeQL Kotlin extractor", "timestamp": "2026-09-27 14:17:59", "kind": "INFO", "message": "Finished writing TRAP file /Users/macbook/Octo/static_analysis_codeql_1/codeql-kotlin.db/trap/java/classes/java/util/regex/Pattern$Start.members/Pattern$Start.members#65.0-1789983753036-kotlin.trap.gz" }
{ "origin": "CodeQL Kotlin extractor", "timestamp": "2026-09-27 14:17:59", "kind": "INFO", "message": "Will write TRAP file /Users/macbook/Octo/static_analysis_codeql_1/codeql-kotlin.db/trap/java/classes/java/util/regex/Pattern$Bound.members/Pattern$Bound.members#65.0-1789983753036-kotlin.trap.gz" }
{ "origin": "CodeQL Kotlin extractor", "timestamp": "2026-09-27 14:17:59", "kind": "INFO", "message": "Finished writing TRAP file /Users/macbook/Octo/static_analysis_codeql_1/codeql-kotlin.db/trap/java/classes/java/util/regex/Pattern$Bound.members/Pattern$Bound.members#65.0-1789983753036-kotlin.trap.gz" }
{ "origin": "CodeQL Kotlin extractor", "timestamp": "2026-09-27 14:17:59", "kind": "INFO", "message": "Will write TRAP file /Users/macbook/Octo/static_analysis_codeql_1/codeql-kotlin.db/trap/java/classes/java/util/regex/Pattern$BnM.members/Pattern$BnM.members#65.0-1789983753036-kotlin.trap.gz" }
{ "origin": "CodeQL Kotlin extractor", "timestamp": "2026-09-27 14:17:59", "kind": "INFO", "message": "Finished writing TRAP file /Users/macbook/Octo/static_analysis_codeql_1/codeql-kotlin.db/trap/java/classes/java/util/regex/Pattern$BnM.members/Pattern$BnM.members#65.0-1789983753036-kotlin.trap.gz" }
{ "origin": "CodeQL Kotlin extractor", "timestamp": "2026-09-27 14:17:59", "kind": "INFO", "message": "Will write TRAP file /Users/macbook/Octo/static_analysis_codeql_1/codeql-kotlin.db/trap/java/classes/java/util/regex/Pattern$Qtype.members/Pattern$Qtype.members#65.0-1789983753036-kotlin.trap.gz" }
{ "origin": "CodeQL Kotlin extractor", "timestamp": "2026-09-27 14:17:59", "kind": "INFO", "message": "Finished writing TRAP file /Users/macbook/Octo/static_analysis_codeql_1/codeql-kotlin.db/trap/java/classes/java/util/regex/Pattern$Qtype.members/Pattern$Qtype.members#65.0-1789983753036-kotlin.trap.gz" }
{ "origin": "CodeQL Kotlin extractor", "timestamp": "2026-09-27 14:17:59", "kind": "INFO", "message": "Will write TRAP file /Users/macbook/Octo/static_analysis_codeql_1/codeql-kotlin.db/trap/java/classes/java/util/regex/Pattern$Behind.members/Pattern$Behind.members#65.0-1789983753036-kotlin.trap.gz" }
{ "origin": "CodeQL Kotlin extractor", "timestamp": "2026-09-27 14:17:59", "kind": "INFO", "message": "Finished writing TRAP file /Users/macbook/Octo/static_analysis_codeql_1/codeql-kotlin.db/trap/java/classes/java/util/regex/Pattern$Behind.members/Pattern$Behind.members#65.0-1789983753036-kotlin.trap.gz" }
{ "origin": "CodeQL Kotlin extractor", "timestamp": "2026-09-27 14:17:59", "kind": "INFO", "message": "Will write TRAP file /Users/macbook/Octo/static_analysis_codeql_1/codeql-kotlin.db/trap/java/classes/java/util/regex/Pattern$UnixDollar.members/Pattern$UnixDollar.members#65.0-1789983753036-kotlin.trap.gz" }
{ "origin": "CodeQL Kotlin extractor", "timestamp": "2026-09-27 14:17:59", "kind": "INFO", "message": "Finished writing TRAP file /Users/macbook/Octo/static_analysis_codeql_1/codeql-kotlin.db/trap/java/classes/java/util/regex/Pattern$UnixDollar.members/Pattern$UnixDollar.members#65.0-1789983753036-kotlin.trap.gz" }
{ "origin": "CodeQL Kotlin extractor", "timestamp": "2026-09-27 14:17:59", "kind": "INFO", "message": "Will write TRAP file /Users/macbook/Octo/static_analysis_codeql_1/codeql-kotlin.db/trap/java/classes/java/util/regex/Pattern$SliceU.members/Pattern$SliceU.members#65.0-1789983753036-kotlin.trap.gz" }
{ "origin": "CodeQL Kotlin extractor", "timestamp": "2026-09-27 14:17:59", "kind": "INFO", "message": "Finished writing TRAP file /Users/macbook/Octo/static_analysis_codeql_1/codeql-kotlin.db/trap/java/classes/java/util/regex/Pattern$SliceU.members/Pattern$SliceU.members#65.0-1789983753036-kotlin.trap.gz" }
{ "origin": "CodeQL Kotlin extractor", "timestamp": "2026-09-27 14:17:59", "kind": "INFO", "message": "Will write TRAP file /Users/macbook/Octo/static_analysis_codeql_1/codeql-kotlin.db/trap/java/classes/java/util/regex/Pattern$Curly.members/Pattern$Curly.members#65.0-1789983753036-kotlin.trap.gz" }
{ "origin": "CodeQL Kotlin extractor", "timestamp": "2026-09-27 14:17:59", "kind": "INFO", "message": "Finished writing TRAP file /Users/macbook/Octo/static_analysis_codeql_1/codeql-kotlin.db/trap/java/classes/java/util/regex/Pattern$Curly.members/Pattern$Curly.members#65.0-1789983753036-kotlin.trap.gz" }
{ "origin": "CodeQL Kotlin extractor", "timestamp": "2026-09-27 14:17:59", "kind": "INFO", "message": "Will write TRAP file /Users/macbook/Octo/static_analysis_codeql_1/codeql-kotlin.db/trap/java/classes/java/util/regex/Pattern$CharPredicate.members/Pattern$CharPredicate.members#65.0-1789983753036-kotlin.trap.gz" }
{ "origin": "CodeQL Kotlin extractor", "timestamp": "2026-09-27 14:17:59", "kind": "INFO", "message": "Finished writing TRAP file /Users/macbook/Octo/static_analysis_codeql_1/codeql-kotlin.db/trap/java/classes/java/util/regex/Pattern$CharPredicate.members/Pattern$CharPredicate.members#65.0-1789983753036-kotlin.trap.gz" }
{ "origin": "CodeQL Kotlin extractor", "timestamp": "2026-09-27 14:17:59", "kind": "INFO", "message": "Will write TRAP file /Users/macbook/Octo/static_analysis_codeql_1/codeql-kotlin.db/trap/java/classes/java/util/regex/Pattern$Dollar.members/Pattern$Dollar.members#65.0-1789983753036-kotlin.trap.gz" }
{ "origin": "CodeQL Kotlin extractor", "timestamp": "2026-09-27 14:17:59", "kind": "INFO", "message": "Finished writing TRAP file /Users/macbook/Octo/static_analysis_codeql_1/codeql-kotlin.db/trap/java/classes/java/util/regex/Pattern$Dollar.members/Pattern$Dollar.members#65.0-1789983753036-kotlin.trap.gz" }
{ "origin": "CodeQL Kotlin extractor", "timestamp": "2026-09-27 14:17:59", "kind": "INFO", "message": "Will write TRAP file /Users/macbook/Octo/static_analysis_codeql_1/codeql-kotlin.db/trap/java/classes/java/util/regex/Pattern$Neg.members/Pattern$Neg.members#65.0-1789983753036-kotlin.trap.gz" }
{ "origin": "CodeQL Kotlin extractor", "timestamp": "2026-09-27 14:17:59", "kind": "INFO", "message": "Finished writing TRAP file /Users/macbook/Octo/static_analysis_codeql_1/codeql-kotlin.db/trap/java/classes/java/util/regex/Pattern$Neg.members/Pattern$Neg.members#65.0-1789983753036-kotlin.trap.gz" }
{ "origin": "CodeQL Kotlin extractor", "timestamp": "2026-09-27 14:17:59", "kind": "INFO", "message": "Will write TRAP file /Users/macbook/Octo/static_analysis_codeql_1/codeql-kotlin.db/trap/java/classes/java/util/regex/Pattern$LookBehindEndNode.members/Pattern$LookBehindEndNode.members#65.0-1789983753036-kotlin.trap.gz" }
{ "origin": "CodeQL Kotlin extractor", "timestamp": "2026-09-27 14:17:59", "kind": "INFO", "message": "Finished writing TRAP file /Users/macbook/Octo/static_analysis_codeql_1/codeql-kotlin.db/trap/java/classes/java/util/regex/Pattern$LookBehindEndNode.members/Pattern$LookBehindEndNode.members#65.0-1789983753036-kotlin.trap.gz" }
{ "origin": "CodeQL Kotlin extractor", "timestamp": "2026-09-27 14:17:59", "kind": "INFO", "message": "Will write TRAP file /Users/macbook/Octo/static_analysis_codeql_1/codeql-kotlin.db/trap/java/classes/java/util/regex/Pattern$Begin.members/Pattern$Begin.members#65.0-1789983753036-kotlin.trap.gz" }
{ "origin": "CodeQL Kotlin extractor", "timestamp": "2026-09-27 14:17:59", "kind": "INFO", "message": "Finished writing TRAP file /Users/macbook/Octo/static_analysis_codeql_1/codeql-kotlin.db/trap/java/classes/java/util/regex/Pattern$Begin.members/Pattern$Begin.members#65.0-1789983753036-kotlin.trap.gz" }
{ "origin": "CodeQL Kotlin extractor", "timestamp": "2026-09-27 14:17:59", "kind": "INFO", "message": "Will write TRAP file /Users/macbook/Octo/static_analysis_codeql_1/codeql-kotlin.db/trap/java/classes/java/util/regex/Pattern$UnixCaret.members/Pattern$UnixCaret.members#65.0-1789983753036-kotlin.trap.gz" }
{ "origin": "CodeQL Kotlin extractor", "timestamp": "2026-09-27 14:17:59", "kind": "INFO", "message": "Finished writing TRAP file /Users/macbook/Octo/static_analysis_codeql_1/codeql-kotlin.db/trap/java/classes/java/util/regex/Pattern$UnixCaret.members/Pattern$UnixCaret.members#65.0-1789983753036-kotlin.trap.gz" }
{ "origin": "CodeQL Kotlin extractor", "timestamp": "2026-09-27 14:17:59", "kind": "INFO", "message": "Will write TRAP file /Users/macbook/Octo/static_analysis_codeql_1/codeql-kotlin.db/trap/java/classes/java/util/regex/Pattern$BranchConn.members/Pattern$BranchConn.members#65.0-1789983753036-kotlin.trap.gz" }
{ "origin": "CodeQL Kotlin extractor", "timestamp": "2026-09-27 14:17:59", "kind": "INFO", "message": "Finished writing TRAP file /Users/macbook/Octo/static_analysis_codeql_1/codeql-kotlin.db/trap/java/classes/java/util/regex/Pattern$BranchConn.members/Pattern$BranchConn.members#65.0-1789983753036-kotlin.trap.gz" }
{ "origin": "CodeQL Kotlin extractor", "timestamp": "2026-09-27 14:17:59", "kind": "INFO", "message": "Will write TRAP file /Users/macbook/Octo/static_analysis_codeql_1/codeql-kotlin.db/trap/java/classes/java/util/regex/Pattern$LastMatch.members/Pattern$LastMatch.members#65.0-1789983753036-kotlin.trap.gz" }
{ "origin": "CodeQL Kotlin extractor", "timestamp": "2026-09-27 14:17:59", "kind": "INFO", "message": "Finished writing TRAP file /Users/macbook/Octo/static_analysis_codeql_1/codeql-kotlin.db/trap/java/classes/java/util/regex/Pattern$LastMatch.members/Pattern$LastMatch.members#65.0-1789983753036-kotlin.trap.gz" }
{ "origin": "CodeQL Kotlin extractor", "timestamp": "2026-09-27 14:17:59", "kind": "INFO", "message": "Will write TRAP file /Users/macbook/Octo/static_analysis_codeql_1/codeql-kotlin.db/trap/java/classes/java/util/regex/Pattern$First.members/Pattern$First.members#65.0-1789983753036-kotlin.trap.gz" }
{ "origin": "CodeQL Kotlin extractor", "timestamp": "2026-09-27 14:17:59", "kind": "INFO", "message": "Finished writing TRAP file /Users/macbook/Octo/static_analysis_codeql_1/codeql-kotlin.db/trap/java/classes/java/util/regex/Pattern$First.members/Pattern$First.members#65.0-1789983753036-kotlin.trap.gz" }
{ "origin": "CodeQL Kotlin extractor", "timestamp": "2026-09-27 14:17:59", "kind": "INFO", "message": "Will write TRAP file /Users/macbook/Octo/static_analysis_codeql_1/codeql-kotlin.db/trap/java/classes/java/util/regex/Matcher.members/Matcher.members#65.0-1789983753036-kotlin.trap.gz" }
{ "origin": "CodeQL Kotlin extractor", "timestamp": "2026-09-27 14:17:59", "kind": "INFO", "message": "Finished writing TRAP file /Users/macbook/Octo/static_analysis_codeql_1/codeql-kotlin.db/trap/java/classes/java/util/regex/Matcher.members/Matcher.members#65.0-1789983753036-kotlin.trap.gz" }
{ "origin": "CodeQL Kotlin extractor", "timestamp": "2026-09-27 14:17:59", "kind": "INFO", "message": "Will write TRAP file /Users/macbook/Octo/static_analysis_codeql_1/codeql-kotlin.db/trap/java/classes/kotlin/text/FlagEnum.members/FlagEnum.members#52.0-318186000000-kotlin.trap.gz" }
{ "origin": "CodeQL Kotlin extractor", "timestamp": "2026-09-27 14:17:59", "kind": "INFO", "message": "Finished writing TRAP file /Users/macbook/Octo/static_analysis_codeql_1/codeql-kotlin.db/trap/java/classes/kotlin/text/FlagEnum.members/FlagEnum.members#52.0-318186000000-kotlin.trap.gz" }
{ "origin": "CodeQL Kotlin extractor", "timestamp": "2026-09-27 14:17:59", "kind": "INFO", "message": "Will write TRAP file /Users/macbook/Octo/static_analysis_codeql_1/codeql-kotlin.db/trap/java/classes/java/nio/file/spi/FileSystemProvider.members/FileSystemProvider.members#65.0-1789983753036-kotlin.trap.gz" }
{ "origin": "CodeQL Kotlin extractor", "timestamp": "2026-09-27 14:17:59", "kind": "INFO", "message": "Finished writing TRAP file /Users/macbook/Octo/static_analysis_codeql_1/codeql-kotlin.db/trap/java/classes/java/nio/file/spi/FileSystemProvider.members/FileSystemProvider.members#65.0-1789983753036-kotlin.trap.gz" }
{ "origin": "CodeQL Kotlin extractor", "timestamp": "2026-09-27 14:17:59", "kind": "INFO", "message": "Will write TRAP file /Users/macbook/Octo/static_analysis_codeql_1/codeql-kotlin.db/trap/java/classes/java/nio/file/FileStore.members/FileStore.members#65.0-1789983753036-kotlin.trap.gz" }
{ "origin": "CodeQL Kotlin extractor", "timestamp": "2026-09-27 14:17:59", "kind": "INFO", "message": "Finished writing TRAP file /Users/macbook/Octo/static_analysis_codeql_1/codeql-kotlin.db/trap/java/classes/java/nio/file/FileStore.members/FileStore.members#65.0-1789983753036-kotlin.trap.gz" }
{ "origin": "CodeQL Kotlin extractor", "timestamp": "2026-09-27 14:17:59", "kind": "INFO", "message": "Will write TRAP file /Users/macbook/Octo/static_analysis_codeql_1/codeql-kotlin.db/trap/java/classes/java/nio/file/PathMatcher.members/PathMatcher.members#65.0-1789983753036-kotlin.trap.gz" }
{ "origin": "CodeQL Kotlin extractor", "timestamp": "2026-09-27 14:17:59", "kind": "INFO", "message": "Finished writing TRAP file /Users/macbook/Octo/static_analysis_codeql_1/codeql-kotlin.db/trap/java/classes/java/nio/file/PathMatcher.members/PathMatcher.members#65.0-1789983753036-kotlin.trap.gz" }
{ "origin": "CodeQL Kotlin extractor", "timestamp": "2026-09-27 14:17:59", "kind": "INFO", "message": "Will write TRAP file /Users/macbook/Octo/static_analysis_codeql_1/codeql-kotlin.db/trap/java/classes/java/nio/file/attribute/UserPrincipalLookupService.members/UserPrincipalLookupService.members#65.0-1789983753036-kotlin.trap.gz" }
{ "origin": "CodeQL Kotlin extractor", "timestamp": "2026-09-27 14:17:59", "kind": "INFO", "message": "Finished writing TRAP file /Users/macbook/Octo/static_analysis_codeql_1/codeql-kotlin.db/trap/java/classes/java/nio/file/attribute/UserPrincipalLookupService.members/UserPrincipalLookupService.members#65.0-1789983753036-kotlin.trap.gz" }
{ "origin": "CodeQL Kotlin extractor", "timestamp": "2026-09-27 14:17:59", "kind": "INFO", "message": "Skipping extracting external decl Closeable" }
{ "origin": "CodeQL Kotlin extractor", "timestamp": "2026-09-27 14:17:59", "kind": "INFO", "message": "Will write TRAP file /Users/macbook/Octo/static_analysis_codeql_1/codeql-kotlin.db/trap/java/classes/java/nio/file/OpenOption.members/OpenOption.members#65.0-1789983753036-kotlin.trap.gz" }
{ "origin": "CodeQL Kotlin extractor", "timestamp": "2026-09-27 14:17:59", "kind": "INFO", "message": "Finished writing TRAP file /Users/macbook/Octo/static_analysis_codeql_1/codeql-kotlin.db/trap/java/classes/java/nio/file/OpenOption.members/OpenOption.members#65.0-1789983753036-kotlin.trap.gz" }
{ "origin": "CodeQL Kotlin extractor", "timestamp": "2026-09-27 14:17:59", "kind": "INFO", "message": "Will write TRAP file /Users/macbook/Octo/static_analysis_codeql_1/codeql-kotlin.db/trap/java/classes/java/nio/file/CopyOption.members/CopyOption.members#65.0-1789983753036-kotlin.trap.gz" }
{ "origin": "CodeQL Kotlin extractor", "timestamp": "2026-09-27 14:17:59", "kind": "INFO", "message": "Finished writing TRAP file /Users/macbook/Octo/static_analysis_codeql_1/codeql-kotlin.db/trap/java/classes/java/nio/file/CopyOption.members/CopyOption.members#65.0-1789983753036-kotlin.trap.gz" }
{ "origin": "CodeQL Kotlin extractor", "timestamp": "2026-09-27 14:17:59", "kind": "INFO", "message": "Will write TRAP file /Users/macbook/Octo/static_analysis_codeql_1/codeql-kotlin.db/trap/java/classes/java/util/concurrent/TimeUnit.members/TimeUnit.members#65.0-1789983753036-kotlin.trap.gz" }
{ "origin": "CodeQL Kotlin extractor", "timestamp": "2026-09-27 14:17:59", "kind": "INFO", "message": "Finished writing TRAP file /Users/macbook/Octo/static_analysis_codeql_1/codeql-kotlin.db/trap/java/classes/java/util/concurrent/TimeUnit.members/TimeUnit.members#65.0-1789983753036-kotlin.trap.gz" }
{ "origin": "CodeQL Kotlin extractor", "timestamp": "2026-09-27 14:17:59", "kind": "INFO", "message": "Will write TRAP file /Users/macbook/Octo/static_analysis_codeql_1/codeql-kotlin.db/trap/java/classes/java/net/URLStreamHandler.members/URLStreamHandler.members#65.0-1789983753036-kotlin.trap.gz" }
{ "origin": "CodeQL Kotlin extractor", "timestamp": "2026-09-27 14:17:59", "kind": "INFO", "message": "Finished writing TRAP file /Users/macbook/Octo/static_analysis_codeql_1/codeql-kotlin.db/trap/java/classes/java/net/URLStreamHandler.members/URLStreamHandler.members#65.0-1789983753036-kotlin.trap.gz" }
{ "origin": "CodeQL Kotlin extractor", "timestamp": "2026-09-27 14:17:59", "kind": "INFO", "message": "Will write TRAP file /Users/macbook/Octo/static_analysis_codeql_1/codeql-kotlin.db/trap/java/classes/java/net/InetAddress.members/InetAddress.members#65.0-1789983753036-kotlin.trap.gz" }
{ "origin": "CodeQL Kotlin extractor", "timestamp": "2026-09-27 14:17:59", "kind": "INFO", "message": "Finished writing TRAP file /Users/macbook/Octo/static_analysis_codeql_1/codeql-kotlin.db/trap/java/classes/java/net/InetAddress.members/InetAddress.members#65.0-1789983753036-kotlin.trap.gz" }
{ "origin": "CodeQL Kotlin extractor", "timestamp": "2026-09-27 14:17:59", "kind": "INFO", "message": "Will write TRAP file /Users/macbook/Octo/static_analysis_codeql_1/codeql-kotlin.db/trap/java/classes/java/net/URLConnection.members/URLConnection.members#65.0-1789983753036-kotlin.trap.gz" }
{ "origin": "CodeQL Kotlin extractor", "timestamp": "2026-09-27 14:17:59", "kind": "INFO", "message": "Finished writing TRAP file /Users/macbook/Octo/static_analysis_codeql_1/codeql-kotlin.db/trap/java/classes/java/net/URLConnection.members/URLConnection.members#65.0-1789983753036-kotlin.trap.gz" }
{ "origin": "CodeQL Kotlin extractor", "timestamp": "2026-09-27 14:17:59", "kind": "INFO", "message": "Will write TRAP file /Users/macbook/Octo/static_analysis_codeql_1/codeql-kotlin.db/trap/java/classes/java/net/Proxy.members/Proxy.members#65.0-1789983753036-kotlin.trap.gz" }
{ "origin": "CodeQL Kotlin extractor", "timestamp": "2026-09-27 14:17:59", "kind": "INFO", "message": "Finished writing TRAP file /Users/macbook/Octo/static_analysis_codeql_1/codeql-kotlin.db/trap/java/classes/java/net/Proxy.members/Proxy.members#65.0-1789983753036-kotlin.trap.gz" }
{ "origin": "CodeQL Kotlin extractor", "timestamp": "2026-09-27 14:17:59", "kind": "INFO", "message": "Skipping extracting external decl InputStream" }
{ "origin": "CodeQL Kotlin extractor", "timestamp": "2026-09-27 14:17:59", "kind": "INFO", "message": "Will write TRAP file /Users/macbook/Octo/static_analysis_codeql_1/codeql-kotlin.db/trap/java/classes/java/util/Hashtable.members/Hashtable.members#65.0-1789983753036-kotlin.trap.gz" }
{ "origin": "CodeQL Kotlin extractor", "timestamp": "2026-09-27 14:17:59", "kind": "INFO", "message": "Finished writing TRAP file /Users/macbook/Octo/static_analysis_codeql_1/codeql-kotlin.db/trap/java/classes/java/util/Hashtable.members/Hashtable.members#65.0-1789983753036-kotlin.trap.gz" }
{ "origin": "CodeQL Kotlin extractor", "timestamp": "2026-09-27 14:17:59", "kind": "INFO", "message": "Skipping extracting external decl Dictionary" }
{ "origin": "CodeQL Kotlin extractor", "timestamp": "2026-09-27 14:17:59", "kind": "INFO", "message": "Will write TRAP file /Users/macbook/Octo/static_analysis_codeql_1/codeql-kotlin.db/trap/java/classes/java/net/URLStreamHandlerFactory.members/URLStreamHandlerFactory.members#65.0-1789983753036-kotlin.trap.gz" }
{ "origin": "CodeQL Kotlin extractor", "timestamp": "2026-09-27 14:17:59", "kind": "INFO", "message": "Finished writing TRAP file /Users/macbook/Octo/static_analysis_codeql_1/codeql-kotlin.db/trap/java/classes/java/net/URLStreamHandlerFactory.members/URLStreamHandlerFactory.members#65.0-1789983753036-kotlin.trap.gz" }
{ "origin": "CodeQL Kotlin extractor", "timestamp": "2026-09-27 14:17:59", "kind": "INFO", "message": "Skipping extracting external decl FunctionalInterface" }
{ "origin": "CodeQL Kotlin extractor", "timestamp": "2026-09-27 14:17:59", "kind": "INFO", "message": "Will write TRAP file /Users/macbook/Octo/static_analysis_codeql_1/codeql-kotlin.db/trap/java/classes/java/nio/charset/CodingErrorAction.members/CodingErrorAction.members#65.0-1789983753036-kotlin.trap.gz" }
{ "origin": "CodeQL Kotlin extractor", "timestamp": "2026-09-27 14:17:59", "kind": "INFO", "message": "Finished writing TRAP file /Users/macbook/Octo/static_analysis_codeql_1/codeql-kotlin.db/trap/java/classes/java/nio/charset/CodingErrorAction.members/CodingErrorAction.members#65.0-1789983753036-kotlin.trap.gz" }
{ "origin": "CodeQL Kotlin extractor", "timestamp": "2026-09-27 14:17:59", "kind": "INFO", "message": "Will write TRAP file /Users/macbook/Octo/static_analysis_codeql_1/codeql-kotlin.db/trap/java/classes/java/nio/charset/CoderResult.members/CoderResult.members#65.0-1789983753036-kotlin.trap.gz" }
{ "origin": "CodeQL Kotlin extractor", "timestamp": "2026-09-27 14:17:59", "kind": "INFO", "message": "Finished writing TRAP file /Users/macbook/Octo/static_analysis_codeql_1/codeql-kotlin.db/trap/java/classes/java/nio/charset/CoderResult.members/CoderResult.members#65.0-1789983753036-kotlin.trap.gz" }
{ "origin": "CodeQL Kotlin extractor", "timestamp": "2026-09-27 14:17:59", "kind": "INFO", "message": "Skipping extracting external decl Byte" }
{ "origin": "CodeQL Kotlin extractor", "timestamp": "2026-09-27 14:17:59", "kind": "INFO", "message": "Skipping extracting external decl Byte" }
{ "origin": "CodeQL Kotlin extractor", "timestamp": "2026-09-27 14:17:59", "kind": "INFO", "message": "Will write TRAP file /Users/macbook/Octo/static_analysis_codeql_1/codeql-kotlin.db/trap/java/classes/java/lang/foreign/MemorySegment.members/MemorySegment.members#65.0-1789983753036-kotlin.trap.gz" }
{ "origin": "CodeQL Kotlin extractor", "timestamp": "2026-09-27 14:17:59", "kind": "INFO", "message": "Finished writing TRAP file /Users/macbook/Octo/static_analysis_codeql_1/codeql-kotlin.db/trap/java/classes/java/lang/foreign/MemorySegment.members/MemorySegment.members#65.0-1789983753036-kotlin.trap.gz" }
{ "origin": "CodeQL Kotlin extractor", "timestamp": "2026-09-27 14:17:59", "kind": "INFO", "message": "Will write TRAP file /Users/macbook/Octo/static_analysis_codeql_1/codeql-kotlin.db/trap/java/classes/java/nio/ByteOrder.members/ByteOrder.members#65.0-1789983753036-kotlin.trap.gz" }
{ "origin": "CodeQL Kotlin extractor", "timestamp": "2026-09-27 14:17:59", "kind": "INFO", "message": "Finished writing TRAP file /Users/macbook/Octo/static_analysis_codeql_1/codeql-kotlin.db/trap/java/classes/java/nio/ByteOrder.members/ByteOrder.members#65.0-1789983753036-kotlin.trap.gz" }
{ "origin": "CodeQL Kotlin extractor", "timestamp": "2026-09-27 14:17:59", "kind": "INFO", "message": "Skipping extracting external decl Short" }
{ "origin": "CodeQL Kotlin extractor", "timestamp": "2026-09-27 14:17:59", "kind": "INFO", "message": "Skipping extracting external decl Short" }
{ "origin": "CodeQL Kotlin extractor", "timestamp": "2026-09-27 14:17:59", "kind": "INFO", "message": "Will write TRAP file /Users/macbook/Octo/static_analysis_codeql_1/codeql-kotlin.db/trap/java/classes/java/nio/ShortBuffer.members/ShortBuffer.members#65.0-1789983753036-kotlin.trap.gz" }
{ "origin": "CodeQL Kotlin extractor", "timestamp": "2026-09-27 14:17:59", "kind": "INFO", "message": "Finished writing TRAP file /Users/macbook/Octo/static_analysis_codeql_1/codeql-kotlin.db/trap/java/classes/java/nio/ShortBuffer.members/ShortBuffer.members#65.0-1789983753036-kotlin.trap.gz" }
{ "origin": "CodeQL Kotlin extractor", "timestamp": "2026-09-27 14:17:59", "kind": "INFO", "message": "Will write TRAP file /Users/macbook/Octo/static_analysis_codeql_1/codeql-kotlin.db/trap/java/classes/java/nio/IntBuffer.members/IntBuffer.members#65.0-1789983753036-kotlin.trap.gz" }
{ "origin": "CodeQL Kotlin extractor", "timestamp": "2026-09-27 14:17:59", "kind": "INFO", "message": "Finished writing TRAP file /Users/macbook/Octo/static_analysis_codeql_1/codeql-kotlin.db/trap/java/classes/java/nio/IntBuffer.members/IntBuffer.members#65.0-1789983753036-kotlin.trap.gz" }
{ "origin": "CodeQL Kotlin extractor", "timestamp": "2026-09-27 14:17:59", "kind": "INFO", "message": "Will write TRAP file /Users/macbook/Octo/static_analysis_codeql_1/codeql-kotlin.db/trap/java/classes/java/nio/LongBuffer.members/LongBuffer.members#65.0-1789983753036-kotlin.trap.gz" }
{ "origin": "CodeQL Kotlin extractor", "timestamp": "2026-09-27 14:17:59", "kind": "INFO", "message": "Finished writing TRAP file /Users/macbook/Octo/static_analysis_codeql_1/codeql-kotlin.db/trap/java/classes/java/nio/LongBuffer.members/LongBuffer.members#65.0-1789983753036-kotlin.trap.gz" }
{ "origin": "CodeQL Kotlin extractor", "timestamp": "2026-09-27 14:17:59", "kind": "INFO", "message": "Will write TRAP file /Users/macbook/Octo/static_analysis_codeql_1/codeql-kotlin.db/trap/java/classes/java/nio/FloatBuffer.members/FloatBuffer.members#65.0-1789983753036-kotlin.trap.gz" }
{ "origin": "CodeQL Kotlin extractor", "timestamp": "2026-09-27 14:17:59", "kind": "INFO", "message": "Finished writing TRAP file /Users/macbook/Octo/static_analysis_codeql_1/codeql-kotlin.db/trap/java/classes/java/nio/FloatBuffer.members/FloatBuffer.members#65.0-1789983753036-kotlin.trap.gz" }
{ "origin": "CodeQL Kotlin extractor", "timestamp": "2026-09-27 14:17:59", "kind": "INFO", "message": "Skipping extracting external decl Double" }
{ "origin": "CodeQL Kotlin extractor", "timestamp": "2026-09-27 14:17:59", "kind": "INFO", "message": "Skipping extracting external decl Double" }
{ "origin": "CodeQL Kotlin extractor", "timestamp": "2026-09-27 14:17:59", "kind": "INFO", "message": "Will write TRAP file /Users/macbook/Octo/static_analysis_codeql_1/codeql-kotlin.db/trap/java/classes/java/nio/DoubleBuffer.members/DoubleBuffer.members#65.0-1789983753036-kotlin.trap.gz" }
{ "origin": "CodeQL Kotlin extractor", "timestamp": "2026-09-27 14:17:59", "kind": "INFO", "message": "Finished writing TRAP file /Users/macbook/Octo/static_analysis_codeql_1/codeql-kotlin.db/trap/java/classes/java/nio/DoubleBuffer.members/DoubleBuffer.members#65.0-1789983753036-kotlin.trap.gz" }
{ "origin": "CodeQL Kotlin extractor", "timestamp": "2026-09-27 14:17:59", "kind": "INFO", "message": "Will write TRAP file /Users/macbook/Octo/static_analysis_codeql_1/codeql-kotlin.db/trap/java/classes/java/nio/Buffer.members/Buffer.members#65.0-1789983753036-kotlin.trap.gz" }
{ "origin": "CodeQL Kotlin extractor", "timestamp": "2026-09-27 14:17:59", "kind": "INFO", "message": "Finished writing TRAP file /Users/macbook/Octo/static_analysis_codeql_1/codeql-kotlin.db/trap/java/classes/java/nio/Buffer.members/Buffer.members#65.0-1789983753036-kotlin.trap.gz" }
{ "origin": "CodeQL Kotlin extractor", "timestamp": "2026-09-27 14:17:59", "kind": "INFO", "message": "Skipping extracting external decl IntStream" }
{ "origin": "CodeQL Kotlin extractor", "timestamp": "2026-09-27 14:17:59", "kind": "INFO", "message": "Skipping extracting external decl Appendable" }
{ "origin": "CodeQL Kotlin extractor", "timestamp": "2026-09-27 14:17:59", "kind": "INFO", "message": "Skipping extracting external decl Readable" }
{ "origin": "CodeQL Kotlin extractor", "timestamp": "2026-09-27 14:17:59", "kind": "INFO", "message": "Will write TRAP file /Users/macbook/Octo/static_analysis_codeql_1/codeql-kotlin.db/trap/java/classes/kotlin/text/MatchGroup.members/MatchGroup.members#52.0-318186000000-kotlin.trap.gz" }
{ "origin": "CodeQL Kotlin extractor", "timestamp": "2026-09-27 14:17:59", "kind": "INFO", "message": "Finished writing TRAP file /Users/macbook/Octo/static_analysis_codeql_1/codeql-kotlin.db/trap/java/classes/kotlin/text/MatchGroup.members/MatchGroup.members#52.0-318186000000-kotlin.trap.gz" }
{ "origin": "CodeQL Kotlin extractor", "timestamp": "2026-09-27 14:17:59", "kind": "INFO", "message": "Will write TRAP file /Users/macbook/Octo/static_analysis_codeql_1/codeql-kotlin.db/trap/java/classes/java/util/regex/Pattern$BmpCharProperty.members/Pattern$BmpCharProperty.members#65.0-1789983753036-kotlin.trap.gz" }
{ "origin": "CodeQL Kotlin extractor", "timestamp": "2026-09-27 14:17:59", "kind": "INFO", "message": "Finished writing TRAP file /Users/macbook/Octo/static_analysis_codeql_1/codeql-kotlin.db/trap/java/classes/java/util/regex/Pattern$BmpCharProperty.members/Pattern$BmpCharProperty.members#65.0-1789983753036-kotlin.trap.gz" }
{ "origin": "CodeQL Kotlin extractor", "timestamp": "2026-09-27 14:17:59", "kind": "INFO", "message": "Will write TRAP file /Users/macbook/Octo/static_analysis_codeql_1/codeql-kotlin.db/trap/java/classes/java/util/regex/IntHashSet.members/IntHashSet.members#65.0-1789983753036-kotlin.trap.gz" }
{ "origin": "CodeQL Kotlin extractor", "timestamp": "2026-09-27 14:17:59", "kind": "INFO", "message": "Finished writing TRAP file /Users/macbook/Octo/static_analysis_codeql_1/codeql-kotlin.db/trap/java/classes/java/util/regex/IntHashSet.members/IntHashSet.members#65.0-1789983753036-kotlin.trap.gz" }
{ "origin": "CodeQL Kotlin extractor", "timestamp": "2026-09-27 14:17:59", "kind": "INFO", "message": "Will write TRAP file /Users/macbook/Octo/static_analysis_codeql_1/codeql-kotlin.db/trap/java/classes/java/util/regex/MatchResult.members/MatchResult.members#65.0-1789983753036-kotlin.trap.gz" }
{ "origin": "CodeQL Kotlin extractor", "timestamp": "2026-09-27 14:18:00", "kind": "INFO", "message": "Finished writing TRAP file /Users/macbook/Octo/static_analysis_codeql_1/codeql-kotlin.db/trap/java/classes/java/util/regex/MatchResult.members/MatchResult.members#65.0-1789983753036-kotlin.trap.gz" }
{ "origin": "CodeQL Kotlin extractor", "timestamp": "2026-09-27 14:18:00", "kind": "INFO", "message": "Skipping extracting external decl StringBuffer" }
{ "origin": "CodeQL Kotlin extractor", "timestamp": "2026-09-27 14:18:00", "kind": "INFO", "message": "Skipping extracting external decl StringBuilder" }
{ "origin": "CodeQL Kotlin extractor", "timestamp": "2026-09-27 14:18:00", "kind": "INFO", "message": "Skipping extracting external decl OutputStream" }
{ "origin": "CodeQL Kotlin extractor", "timestamp": "2026-09-27 14:18:00", "kind": "INFO", "message": "Will write TRAP file /Users/macbook/Octo/static_analysis_codeql_1/codeql-kotlin.db/trap/java/classes/java/nio/file/attribute/FileAttribute.members/FileAttribute.members#65.0-1789983753036-kotlin.trap.gz" }
{ "origin": "CodeQL Kotlin extractor", "timestamp": "2026-09-27 14:18:00", "kind": "INFO", "message": "Finished writing TRAP file /Users/macbook/Octo/static_analysis_codeql_1/codeql-kotlin.db/trap/java/classes/java/nio/file/attribute/FileAttribute.members/FileAttribute.members#65.0-1789983753036-kotlin.trap.gz" }
{ "origin": "CodeQL Kotlin extractor", "timestamp": "2026-09-27 14:18:00", "kind": "INFO", "message": "Will write TRAP file /Users/macbook/Octo/static_analysis_codeql_1/codeql-kotlin.db/trap/java/classes/java/nio/channels/FileChannel.members/FileChannel.members#65.0-1789983753036-kotlin.trap.gz" }
{ "origin": "CodeQL Kotlin extractor", "timestamp": "2026-09-27 14:18:00", "kind": "INFO", "message": "Finished writing TRAP file /Users/macbook/Octo/static_analysis_codeql_1/codeql-kotlin.db/trap/java/classes/java/nio/channels/FileChannel.members/FileChannel.members#65.0-1789983753036-kotlin.trap.gz" }
{ "origin": "CodeQL Kotlin extractor", "timestamp": "2026-09-27 14:18:00", "kind": "INFO", "message": "Will write TRAP file /Users/macbook/Octo/static_analysis_codeql_1/codeql-kotlin.db/trap/java/classes/java/util/concurrent/ExecutorService.members/ExecutorService.members#65.0-1789983753036-kotlin.trap.gz" }
{ "origin": "CodeQL Kotlin extractor", "timestamp": "2026-09-27 14:18:00", "kind": "INFO", "message": "Finished writing TRAP file /Users/macbook/Octo/static_analysis_codeql_1/codeql-kotlin.db/trap/java/classes/java/util/concurrent/ExecutorService.members/ExecutorService.members#65.0-1789983753036-kotlin.trap.gz" }
{ "origin": "CodeQL Kotlin extractor", "timestamp": "2026-09-27 14:18:00", "kind": "INFO", "message": "Will write TRAP file /Users/macbook/Octo/static_analysis_codeql_1/codeql-kotlin.db/trap/java/classes/java/nio/channels/AsynchronousFileChannel.members/AsynchronousFileChannel.members#65.0-1789983753036-kotlin.trap.gz" }
{ "origin": "CodeQL Kotlin extractor", "timestamp": "2026-09-27 14:18:00", "kind": "INFO", "message": "Finished writing TRAP file /Users/macbook/Octo/static_analysis_codeql_1/codeql-kotlin.db/trap/java/classes/java/nio/channels/AsynchronousFileChannel.members/AsynchronousFileChannel.members#65.0-1789983753036-kotlin.trap.gz" }
{ "origin": "CodeQL Kotlin extractor", "timestamp": "2026-09-27 14:18:00", "kind": "INFO", "message": "Will write TRAP file /Users/macbook/Octo/static_analysis_codeql_1/codeql-kotlin.db/trap/java/classes/java/nio/channels/SeekableByteChannel.members/SeekableByteChannel.members#65.0-1789983753036-kotlin.trap.gz" }
{ "origin": "CodeQL Kotlin extractor", "timestamp": "2026-09-27 14:18:00", "kind": "INFO", "message": "Finished writing TRAP file /Users/macbook/Octo/static_analysis_codeql_1/codeql-kotlin.db/trap/java/classes/java/nio/channels/SeekableByteChannel.members/SeekableByteChannel.members#65.0-1789983753036-kotlin.trap.gz" }
{ "origin": "CodeQL Kotlin extractor", "timestamp": "2026-09-27 14:18:00", "kind": "INFO", "message": "Will write TRAP file /Users/macbook/Octo/static_analysis_codeql_1/codeql-kotlin.db/trap/java/classes/java/nio/file/DirectoryStream$Filter.members/DirectoryStream$Filter.members#65.0-1789983753036-kotlin.trap.gz" }
{ "origin": "CodeQL Kotlin extractor", "timestamp": "2026-09-27 14:18:00", "kind": "INFO", "message": "Finished writing TRAP file /Users/macbook/Octo/static_analysis_codeql_1/codeql-kotlin.db/trap/java/classes/java/nio/file/DirectoryStream$Filter.members/DirectoryStream$Filter.members#65.0-1789983753036-kotlin.trap.gz" }
{ "origin": "CodeQL Kotlin extractor", "timestamp": "2026-09-27 14:18:00", "kind": "INFO", "message": "Will write TRAP file /Users/macbook/Octo/static_analysis_codeql_1/codeql-kotlin.db/trap/java/classes/java/nio/file/DirectoryStream.members/DirectoryStream.members#65.0-1789983753036-kotlin.trap.gz" }
{ "origin": "CodeQL Kotlin extractor", "timestamp": "2026-09-27 14:18:00", "kind": "INFO", "message": "Finished writing TRAP file /Users/macbook/Octo/static_analysis_codeql_1/codeql-kotlin.db/trap/java/classes/java/nio/file/DirectoryStream.members/DirectoryStream.members#65.0-1789983753036-kotlin.trap.gz" }
{ "origin": "CodeQL Kotlin extractor", "timestamp": "2026-09-27 14:18:00", "kind": "INFO", "message": "Will write TRAP file /Users/macbook/Octo/static_analysis_codeql_1/codeql-kotlin.db/trap/java/classes/java/nio/file/AccessMode.members/AccessMode.members#65.0-1789983753036-kotlin.trap.gz" }
{ "origin": "CodeQL Kotlin extractor", "timestamp": "2026-09-27 14:18:00", "kind": "INFO", "message": "Finished writing TRAP file /Users/macbook/Octo/static_analysis_codeql_1/codeql-kotlin.db/trap/java/classes/java/nio/file/AccessMode.members/AccessMode.members#65.0-1789983753036-kotlin.trap.gz" }
{ "origin": "CodeQL Kotlin extractor", "timestamp": "2026-09-27 14:18:00", "kind": "INFO", "message": "Will write TRAP file /Users/macbook/Octo/static_analysis_codeql_1/codeql-kotlin.db/trap/java/classes/java/nio/file/attribute/FileAttributeView.members/FileAttributeView.members#65.0-1789983753036-kotlin.trap.gz" }
{ "origin": "CodeQL Kotlin extractor", "timestamp": "2026-09-27 14:18:00", "kind": "INFO", "message": "Finished writing TRAP file /Users/macbook/Octo/static_analysis_codeql_1/codeql-kotlin.db/trap/java/classes/java/nio/file/attribute/FileAttributeView.members/FileAttributeView.members#65.0-1789983753036-kotlin.trap.gz" }
{ "origin": "CodeQL Kotlin extractor", "timestamp": "2026-09-27 14:18:00", "kind": "INFO", "message": "Will write TRAP file /Users/macbook/Octo/static_analysis_codeql_1/codeql-kotlin.db/trap/java/classes/java/nio/file/attribute/BasicFileAttributes.members/BasicFileAttributes.members#65.0-1789983753036-kotlin.trap.gz" }
{ "origin": "CodeQL Kotlin extractor", "timestamp": "2026-09-27 14:18:00", "kind": "INFO", "message": "Finished writing TRAP file /Users/macbook/Octo/static_analysis_codeql_1/codeql-kotlin.db/trap/java/classes/java/nio/file/attribute/BasicFileAttributes.members/BasicFileAttributes.members#65.0-1789983753036-kotlin.trap.gz" }
{ "origin": "CodeQL Kotlin extractor", "timestamp": "2026-09-27 14:18:00", "kind": "INFO", "message": "Will write TRAP file /Users/macbook/Octo/static_analysis_codeql_1/codeql-kotlin.db/trap/java/classes/java/nio/file/attribute/FileStoreAttributeView.members/FileStoreAttributeView.members#65.0-1789983753036-kotlin.trap.gz" }
{ "origin": "CodeQL Kotlin extractor", "timestamp": "2026-09-27 14:18:00", "kind": "INFO", "message": "Finished writing TRAP file /Users/macbook/Octo/static_analysis_codeql_1/codeql-kotlin.db/trap/java/classes/java/nio/file/attribute/FileStoreAttributeView.members/FileStoreAttributeView.members#65.0-1789983753036-kotlin.trap.gz" }
{ "origin": "CodeQL Kotlin extractor", "timestamp": "2026-09-27 14:18:00", "kind": "INFO", "message": "Will write TRAP file /Users/macbook/Octo/static_analysis_codeql_1/codeql-kotlin.db/trap/java/classes/java/nio/file/attribute/UserPrincipal.members/UserPrincipal.members#65.0-1789983753036-kotlin.trap.gz" }
{ "origin": "CodeQL Kotlin extractor", "timestamp": "2026-09-27 14:18:00", "kind": "INFO", "message": "Finished writing TRAP file /Users/macbook/Octo/static_analysis_codeql_1/codeql-kotlin.db/trap/java/classes/java/nio/file/attribute/UserPrincipal.members/UserPrincipal.members#65.0-1789983753036-kotlin.trap.gz" }
{ "origin": "CodeQL Kotlin extractor", "timestamp": "2026-09-27 14:18:00", "kind": "INFO", "message": "Will write TRAP file /Users/macbook/Octo/static_analysis_codeql_1/codeql-kotlin.db/trap/java/classes/java/nio/file/attribute/GroupPrincipal.members/GroupPrincipal.members#65.0-1789983753036-kotlin.trap.gz" }
{ "origin": "CodeQL Kotlin extractor", "timestamp": "2026-09-27 14:18:00", "kind": "INFO", "message": "Finished writing TRAP file /Users/macbook/Octo/static_analysis_codeql_1/codeql-kotlin.db/trap/java/classes/java/nio/file/attribute/GroupPrincipal.members/GroupPrincipal.members#65.0-1789983753036-kotlin.trap.gz" }
{ "origin": "CodeQL Kotlin extractor", "timestamp": "2026-09-27 14:18:00", "kind": "INFO", "message": "Skipping extracting external decl Duration" }
{ "origin": "CodeQL Kotlin extractor", "timestamp": "2026-09-27 14:18:00", "kind": "INFO", "message": "Will write TRAP file /Users/macbook/Octo/static_analysis_codeql_1/codeql-kotlin.db/trap/java/classes/java/lang/Thread.members/Thread.members#65.0-1789983753036-kotlin.trap.gz" }
{ "origin": "CodeQL Kotlin extractor", "timestamp": "2026-09-27 14:18:00", "kind": "INFO", "message": "Finished writing TRAP file /Users/macbook/Octo/static_analysis_codeql_1/codeql-kotlin.db/trap/java/classes/java/lang/Thread.members/Thread.members#65.0-1789983753036-kotlin.trap.gz" }
{ "origin": "CodeQL Kotlin extractor", "timestamp": "2026-09-27 14:18:00", "kind": "INFO", "message": "Will write TRAP file /Users/macbook/Octo/static_analysis_codeql_1/codeql-kotlin.db/trap/java/classes/java/time/temporal/ChronoUnit.members/ChronoUnit.members#65.0-1789983753036-kotlin.trap.gz" }
{ "origin": "CodeQL Kotlin extractor", "timestamp": "2026-09-27 14:18:00", "kind": "INFO", "message": "Finished writing TRAP file /Users/macbook/Octo/static_analysis_codeql_1/codeql-kotlin.db/trap/java/classes/java/time/temporal/ChronoUnit.members/ChronoUnit.members#65.0-1789983753036-kotlin.trap.gz" }
{ "origin": "CodeQL Kotlin extractor", "timestamp": "2026-09-27 14:18:00", "kind": "INFO", "message": "Will write TRAP file /Users/macbook/Octo/static_analysis_codeql_1/codeql-kotlin.db/trap/java/classes/java/net/InetAddress$InetAddressHolder.members/InetAddress$InetAddressHolder.members#65.0-1789983753036-kotlin.trap.gz" }
{ "origin": "CodeQL Kotlin extractor", "timestamp": "2026-09-27 14:18:00", "kind": "INFO", "message": "Finished writing TRAP file /Users/macbook/Octo/static_analysis_codeql_1/codeql-kotlin.db/trap/java/classes/java/net/InetAddress$InetAddressHolder.members/InetAddress$InetAddressHolder.members#65.0-1789983753036-kotlin.trap.gz" }
{ "origin": "CodeQL Kotlin extractor", "timestamp": "2026-09-27 14:18:00", "kind": "INFO", "message": "Will write TRAP file /Users/macbook/Octo/static_analysis_codeql_1/codeql-kotlin.db/trap/java/classes/java/net/NetworkInterface.members/NetworkInterface.members#65.0-1789983753036-kotlin.trap.gz" }
{ "origin": "CodeQL Kotlin extractor", "timestamp": "2026-09-27 14:18:00", "kind": "INFO", "message": "Finished writing TRAP file /Users/macbook/Octo/static_analysis_codeql_1/codeql-kotlin.db/trap/java/classes/java/net/NetworkInterface.members/NetworkInterface.members#65.0-1789983753036-kotlin.trap.gz" }
{ "origin": "CodeQL Kotlin extractor", "timestamp": "2026-09-27 14:18:00", "kind": "INFO", "message": "Will write TRAP file /Users/macbook/Octo/static_analysis_codeql_1/codeql-kotlin.db/trap/java/classes/java/net/InetAddressImpl.members/InetAddressImpl.members#65.0-1789983753036-kotlin.trap.gz" }
{ "origin": "CodeQL Kotlin extractor", "timestamp": "2026-09-27 14:18:00", "kind": "INFO", "message": "Finished writing TRAP file /Users/macbook/Octo/static_analysis_codeql_1/codeql-kotlin.db/trap/java/classes/java/net/InetAddressImpl.members/InetAddressImpl.members#65.0-1789983753036-kotlin.trap.gz" }
{ "origin": "CodeQL Kotlin extractor", "timestamp": "2026-09-27 14:18:00", "kind": "INFO", "message": "Will write TRAP file /Users/macbook/Octo/static_analysis_codeql_1/codeql-kotlin.db/trap/java/classes/java/net/spi/InetAddressResolver$LookupPolicy.members/InetAddressResolver$LookupPolicy.members#65.0-1789983753036-kotlin.trap.gz" }
{ "origin": "CodeQL Kotlin extractor", "timestamp": "2026-09-27 14:18:00", "kind": "INFO", "message": "Finished writing TRAP file /Users/macbook/Octo/static_analysis_codeql_1/codeql-kotlin.db/trap/java/classes/java/net/spi/InetAddressResolver$LookupPolicy.members/InetAddressResolver$LookupPolicy.members#65.0-1789983753036-kotlin.trap.gz" }
{ "origin": "CodeQL Kotlin extractor", "timestamp": "2026-09-27 14:18:00", "kind": "INFO", "message": "Skipping extracting external decl Permission" }
{ "origin": "CodeQL Kotlin extractor", "timestamp": "2026-09-27 14:18:00", "kind": "INFO", "message": "Will write TRAP file /Users/macbook/Octo/static_analysis_codeql_1/codeql-kotlin.db/trap/java/classes/java/net/FileNameMap.members/FileNameMap.members#65.0-1789983753036-kotlin.trap.gz" }
{ "origin": "CodeQL Kotlin extractor", "timestamp": "2026-09-27 14:18:00", "kind": "INFO", "message": "Finished writing TRAP file /Users/macbook/Octo/static_analysis_codeql_1/codeql-kotlin.db/trap/java/classes/java/net/FileNameMap.members/FileNameMap.members#65.0-1789983753036-kotlin.trap.gz" }
{ "origin": "CodeQL Kotlin extractor", "timestamp": "2026-09-27 14:18:00", "kind": "INFO", "message": "Will write TRAP file /Users/macbook/Octo/static_analysis_codeql_1/codeql-kotlin.db/trap/java/classes/java/net/ContentHandlerFactory.members/ContentHandlerFactory.members#65.0-1789983753036-kotlin.trap.gz" }
{ "origin": "CodeQL Kotlin extractor", "timestamp": "2026-09-27 14:18:00", "kind": "INFO", "message": "Finished writing TRAP file /Users/macbook/Octo/static_analysis_codeql_1/codeql-kotlin.db/trap/java/classes/java/net/ContentHandlerFactory.members/ContentHandlerFactory.members#65.0-1789983753036-kotlin.trap.gz" }
{ "origin": "CodeQL Kotlin extractor", "timestamp": "2026-09-27 14:18:00", "kind": "INFO", "message": "Will write TRAP file /Users/macbook/Octo/static_analysis_codeql_1/codeql-kotlin.db/trap/java/classes/java/net/Proxy$Type.members/Proxy$Type.members#65.0-1789983753036-kotlin.trap.gz" }
{ "origin": "CodeQL Kotlin extractor", "timestamp": "2026-09-27 14:18:00", "kind": "INFO", "message": "Finished writing TRAP file /Users/macbook/Octo/static_analysis_codeql_1/codeql-kotlin.db/trap/java/classes/java/net/Proxy$Type.members/Proxy$Type.members#65.0-1789983753036-kotlin.trap.gz" }
{ "origin": "CodeQL Kotlin extractor", "timestamp": "2026-09-27 14:18:00", "kind": "INFO", "message": "Will write TRAP file /Users/macbook/Octo/static_analysis_codeql_1/codeql-kotlin.db/trap/java/classes/java/net/SocketAddress.members/SocketAddress.members#65.0-1789983753036-kotlin.trap.gz" }
{ "origin": "CodeQL Kotlin extractor", "timestamp": "2026-09-27 14:18:00", "kind": "INFO", "message": "Finished writing TRAP file /Users/macbook/Octo/static_analysis_codeql_1/codeql-kotlin.db/trap/java/classes/java/net/SocketAddress.members/SocketAddress.members#65.0-1789983753036-kotlin.trap.gz" }
{ "origin": "CodeQL Kotlin extractor", "timestamp": "2026-09-27 14:18:00", "kind": "INFO", "message": "Skipping extracting external decl Enumeration" }
{ "origin": "CodeQL Kotlin extractor", "timestamp": "2026-09-27 14:18:00", "kind": "INFO", "message": "Skipping extracting external decl ObjectInputStream" }
{ "origin": "CodeQL Kotlin extractor", "timestamp": "2026-09-27 14:18:00", "kind": "INFO", "message": "Will write TRAP file /Users/macbook/Octo/static_analysis_codeql_1/codeql-kotlin.db/trap/java/classes/java/lang/foreign/MemorySegment$Scope.members/MemorySegment$Scope.members#65.0-1789983753036-kotlin.trap.gz" }
{ "origin": "CodeQL Kotlin extractor", "timestamp": "2026-09-27 14:18:00", "kind": "INFO", "message": "Finished writing TRAP file /Users/macbook/Octo/static_analysis_codeql_1/codeql-kotlin.db/trap/java/classes/java/lang/foreign/MemorySegment$Scope.members/MemorySegment$Scope.members#65.0-1789983753036-kotlin.trap.gz" }
{ "origin": "CodeQL Kotlin extractor", "timestamp": "2026-09-27 14:18:00", "kind": "INFO", "message": "Will write TRAP file /Users/macbook/Octo/static_analysis_codeql_1/codeql-kotlin.db/trap/java/classes/java/lang/foreign/MemoryLayout.members/MemoryLayout.members#65.0-1789983753036-kotlin.trap.gz" }
{ "origin": "CodeQL Kotlin extractor", "timestamp": "2026-09-27 14:18:00", "kind": "INFO", "message": "Finished writing TRAP file /Users/macbook/Octo/static_analysis_codeql_1/codeql-kotlin.db/trap/java/classes/java/lang/foreign/MemoryLayout.members/MemoryLayout.members#65.0-1789983753036-kotlin.trap.gz" }
{ "origin": "CodeQL Kotlin extractor", "timestamp": "2026-09-27 14:18:00", "kind": "INFO", "message": "Skipping extracting external decl CallerSensitive" }
{ "origin": "CodeQL Kotlin extractor", "timestamp": "2026-09-27 14:18:00", "kind": "INFO", "message": "Will write TRAP file /Users/macbook/Octo/static_analysis_codeql_1/codeql-kotlin.db/trap/java/classes/java/lang/foreign/Arena.members/Arena.members#65.0-1789983753036-kotlin.trap.gz" }
{ "origin": "CodeQL Kotlin extractor", "timestamp": "2026-09-27 14:18:00", "kind": "INFO", "message": "Finished writing TRAP file /Users/macbook/Octo/static_analysis_codeql_1/codeql-kotlin.db/trap/java/classes/java/lang/foreign/Arena.members/Arena.members#65.0-1789983753036-kotlin.trap.gz" }
{ "origin": "CodeQL Kotlin extractor", "timestamp": "2026-09-27 14:18:00", "kind": "INFO", "message": "Will write TRAP file /Users/macbook/Octo/static_analysis_codeql_1/codeql-kotlin.db/trap/java/classes/java/lang/foreign/ValueLayout$OfByte.members/ValueLayout$OfByte.members#65.0-1789983753036-kotlin.trap.gz" }
{ "origin": "CodeQL Kotlin extractor", "timestamp": "2026-09-27 14:18:00", "kind": "INFO", "message": "Finished writing TRAP file /Users/macbook/Octo/static_analysis_codeql_1/codeql-kotlin.db/trap/java/classes/java/lang/foreign/ValueLayout$OfByte.members/ValueLayout$OfByte.members#65.0-1789983753036-kotlin.trap.gz" }
{ "origin": "CodeQL Kotlin extractor", "timestamp": "2026-09-27 14:18:00", "kind": "INFO", "message": "Will write TRAP file /Users/macbook/Octo/static_analysis_codeql_1/codeql-kotlin.db/trap/java/classes/java/lang/foreign/ValueLayout$OfShort.members/ValueLayout$OfShort.members#65.0-1789983753036-kotlin.trap.gz" }
{ "origin": "CodeQL Kotlin extractor", "timestamp": "2026-09-27 14:18:00", "kind": "INFO", "message": "Finished writing TRAP file /Users/macbook/Octo/static_analysis_codeql_1/codeql-kotlin.db/trap/java/classes/java/lang/foreign/ValueLayout$OfShort.members/ValueLayout$OfShort.members#65.0-1789983753036-kotlin.trap.gz" }
{ "origin": "CodeQL Kotlin extractor", "timestamp": "2026-09-27 14:18:00", "kind": "INFO", "message": "Will write TRAP file /Users/macbook/Octo/static_analysis_codeql_1/codeql-kotlin.db/trap/java/classes/java/lang/foreign/ValueLayout$OfChar.members/ValueLayout$OfChar.members#65.0-1789983753036-kotlin.trap.gz" }
{ "origin": "CodeQL Kotlin extractor", "timestamp": "2026-09-27 14:18:00", "kind": "INFO", "message": "Finished writing TRAP file /Users/macbook/Octo/static_analysis_codeql_1/codeql-kotlin.db/trap/java/classes/java/lang/foreign/ValueLayout$OfChar.members/ValueLayout$OfChar.members#65.0-1789983753036-kotlin.trap.gz" }
{ "origin": "CodeQL Kotlin extractor", "timestamp": "2026-09-27 14:18:00", "kind": "INFO", "message": "Will write TRAP file /Users/macbook/Octo/static_analysis_codeql_1/codeql-kotlin.db/trap/java/classes/java/lang/foreign/ValueLayout$OfInt.members/ValueLayout$OfInt.members#65.0-1789983753036-kotlin.trap.gz" }
{ "origin": "CodeQL Kotlin extractor", "timestamp": "2026-09-27 14:18:00", "kind": "INFO", "message": "Finished writing TRAP file /Users/macbook/Octo/static_analysis_codeql_1/codeql-kotlin.db/trap/java/classes/java/lang/foreign/ValueLayout$OfInt.members/ValueLayout$OfInt.members#65.0-1789983753036-kotlin.trap.gz" }
{ "origin": "CodeQL Kotlin extractor", "timestamp": "2026-09-27 14:18:00", "kind": "INFO", "message": "Will write TRAP file /Users/macbook/Octo/static_analysis_codeql_1/codeql-kotlin.db/trap/java/classes/java/lang/foreign/ValueLayout$OfFloat.members/ValueLayout$OfFloat.members#65.0-1789983753036-kotlin.trap.gz" }
{ "origin": "CodeQL Kotlin extractor", "timestamp": "2026-09-27 14:18:00", "kind": "INFO", "message": "Finished writing TRAP file /Users/macbook/Octo/static_analysis_codeql_1/codeql-kotlin.db/trap/java/classes/java/lang/foreign/ValueLayout$OfFloat.members/ValueLayout$OfFloat.members#65.0-1789983753036-kotlin.trap.gz" }
{ "origin": "CodeQL Kotlin extractor", "timestamp": "2026-09-27 14:18:00", "kind": "INFO", "message": "Will write TRAP file /Users/macbook/Octo/static_analysis_codeql_1/codeql-kotlin.db/trap/java/classes/java/lang/foreign/ValueLayout$OfLong.members/ValueLayout$OfLong.members#65.0-1789983753036-kotlin.trap.gz" }
{ "origin": "CodeQL Kotlin extractor", "timestamp": "2026-09-27 14:18:00", "kind": "INFO", "message": "Finished writing TRAP file /Users/macbook/Octo/static_analysis_codeql_1/codeql-kotlin.db/trap/java/classes/java/lang/foreign/ValueLayout$OfLong.members/ValueLayout$OfLong.members#65.0-1789983753036-kotlin.trap.gz" }
{ "origin": "CodeQL Kotlin extractor", "timestamp": "2026-09-27 14:18:00", "kind": "INFO", "message": "Will write TRAP file /Users/macbook/Octo/static_analysis_codeql_1/codeql-kotlin.db/trap/java/classes/java/lang/foreign/ValueLayout$OfDouble.members/ValueLayout$OfDouble.members#65.0-1789983753036-kotlin.trap.gz" }
{ "origin": "CodeQL Kotlin extractor", "timestamp": "2026-09-27 14:18:00", "kind": "INFO", "message": "Finished writing TRAP file /Users/macbook/Octo/static_analysis_codeql_1/codeql-kotlin.db/trap/java/classes/java/lang/foreign/ValueLayout$OfDouble.members/ValueLayout$OfDouble.members#65.0-1789983753036-kotlin.trap.gz" }
{ "origin": "CodeQL Kotlin extractor", "timestamp": "2026-09-27 14:18:00", "kind": "INFO", "message": "Skipping extracting external decl ForceInline" }
{ "origin": "CodeQL Kotlin extractor", "timestamp": "2026-09-27 14:18:00", "kind": "INFO", "message": "Will write TRAP file /Users/macbook/Octo/static_analysis_codeql_1/codeql-kotlin.db/trap/java/classes/java/lang/foreign/ValueLayout$OfBoolean.members/ValueLayout$OfBoolean.members#65.0-1789983753036-kotlin.trap.gz" }
{ "origin": "CodeQL Kotlin extractor", "timestamp": "2026-09-27 14:18:00", "kind": "INFO", "message": "Finished writing TRAP file /Users/macbook/Octo/static_analysis_codeql_1/codeql-kotlin.db/trap/java/classes/java/lang/foreign/ValueLayout$OfBoolean.members/ValueLayout$OfBoolean.members#65.0-1789983753036-kotlin.trap.gz" }
{ "origin": "CodeQL Kotlin extractor", "timestamp": "2026-09-27 14:18:00", "kind": "INFO", "message": "Will write TRAP file /Users/macbook/Octo/static_analysis_codeql_1/codeql-kotlin.db/trap/java/classes/java/lang/foreign/AddressLayout.members/AddressLayout.members#65.0-1789983753036-kotlin.trap.gz" }
{ "origin": "CodeQL Kotlin extractor", "timestamp": "2026-09-27 14:18:00", "kind": "INFO", "message": "Finished writing TRAP file /Users/macbook/Octo/static_analysis_codeql_1/codeql-kotlin.db/trap/java/classes/java/lang/foreign/AddressLayout.members/AddressLayout.members#65.0-1789983753036-kotlin.trap.gz" }
{ "origin": "CodeQL Kotlin extractor", "timestamp": "2026-09-27 14:18:00", "kind": "INFO", "message": "Skipping extracting external decl ValueLayout" }
{ "origin": "CodeQL Kotlin extractor", "timestamp": "2026-09-27 14:18:00", "kind": "INFO", "message": "Skipping extracting external decl PreviewFeature" }
{ "origin": "CodeQL Kotlin extractor", "timestamp": "2026-09-27 14:18:00", "kind": "INFO", "message": "Skipping extracting external decl Feature" }
{ "origin": "CodeQL Kotlin extractor", "timestamp": "2026-09-27 14:18:00", "kind": "INFO", "message": "Will write TRAP file /Users/macbook/Octo/static_analysis_codeql_1/codeql-kotlin.db/trap/java/classes/jdk/internal/foreign/MemorySessionImpl.members/MemorySessionImpl.members#65.0-1789983753036-kotlin.trap.gz" }
{ "origin": "CodeQL Kotlin extractor", "timestamp": "2026-09-27 14:18:00", "kind": "INFO", "message": "Finished writing TRAP file /Users/macbook/Octo/static_analysis_codeql_1/codeql-kotlin.db/trap/java/classes/jdk/internal/foreign/MemorySessionImpl.members/MemorySessionImpl.members#65.0-1789983753036-kotlin.trap.gz" }
{ "origin": "CodeQL Kotlin extractor", "timestamp": "2026-09-27 14:18:00", "kind": "INFO", "message": "Will write TRAP file /Users/macbook/Octo/static_analysis_codeql_1/codeql-kotlin.db/trap/java/classes/jdk/internal/misc/Unsafe.members/Unsafe.members#65.0-1789983753036-kotlin.trap.gz" }
{ "origin": "CodeQL Kotlin extractor", "timestamp": "2026-09-27 14:18:00", "kind": "INFO", "message": "Finished writing TRAP file /Users/macbook/Octo/static_analysis_codeql_1/codeql-kotlin.db/trap/java/classes/jdk/internal/misc/Unsafe.members/Unsafe.members#65.0-1789983753036-kotlin.trap.gz" }
{ "origin": "CodeQL Kotlin extractor", "timestamp": "2026-09-27 14:18:00", "kind": "INFO", "message": "Will write TRAP file /Users/macbook/Octo/static_analysis_codeql_1/codeql-kotlin.db/trap/java/classes/jdk/internal/misc/ScopedMemoryAccess.members/ScopedMemoryAccess.members#65.0-1789983753036-kotlin.trap.gz" }
{ "origin": "CodeQL Kotlin extractor", "timestamp": "2026-09-27 14:18:00", "kind": "INFO", "message": "Finished writing TRAP file /Users/macbook/Octo/static_analysis_codeql_1/codeql-kotlin.db/trap/java/classes/jdk/internal/misc/ScopedMemoryAccess.members/ScopedMemoryAccess.members#65.0-1789983753036-kotlin.trap.gz" }
{ "origin": "CodeQL Kotlin extractor", "timestamp": "2026-09-27 14:18:00", "kind": "INFO", "message": "Will write TRAP file /Users/macbook/Octo/static_analysis_codeql_1/codeql-kotlin.db/trap/java/classes/java/lang/IllegalArgumentException.members/IllegalArgumentException.members#65.0-1789983753036-kotlin.trap.gz" }
{ "origin": "CodeQL Kotlin extractor", "timestamp": "2026-09-27 14:18:00", "kind": "INFO", "message": "Finished writing TRAP file /Users/macbook/Octo/static_analysis_codeql_1/codeql-kotlin.db/trap/java/classes/java/lang/IllegalArgumentException.members/IllegalArgumentException.members#65.0-1789983753036-kotlin.trap.gz" }
{ "origin": "CodeQL Kotlin extractor", "timestamp": "2026-09-27 14:18:00", "kind": "INFO", "message": "Will write TRAP file /Users/macbook/Octo/static_analysis_codeql_1/codeql-kotlin.db/trap/java/classes/java/nio/channels/FileChannel$MapMode.members/FileChannel$MapMode.members#65.0-1789983753036-kotlin.trap.gz" }
{ "origin": "CodeQL Kotlin extractor", "timestamp": "2026-09-27 14:18:00", "kind": "INFO", "message": "Finished writing TRAP file /Users/macbook/Octo/static_analysis_codeql_1/codeql-kotlin.db/trap/java/classes/java/nio/channels/FileChannel$MapMode.members/FileChannel$MapMode.members#65.0-1789983753036-kotlin.trap.gz" }
{ "origin": "CodeQL Kotlin extractor", "timestamp": "2026-09-27 14:18:00", "kind": "INFO", "message": "Will write TRAP file /Users/macbook/Octo/static_analysis_codeql_1/codeql-kotlin.db/trap/java/classes/java/nio/channels/WritableByteChannel.members/WritableByteChannel.members#65.0-1789983753036-kotlin.trap.gz" }
{ "origin": "CodeQL Kotlin extractor", "timestamp": "2026-09-27 14:18:00", "kind": "INFO", "message": "Finished writing TRAP file /Users/macbook/Octo/static_analysis_codeql_1/codeql-kotlin.db/trap/java/classes/java/nio/channels/WritableByteChannel.members/WritableByteChannel.members#65.0-1789983753036-kotlin.trap.gz" }
{ "origin": "CodeQL Kotlin extractor", "timestamp": "2026-09-27 14:18:00", "kind": "INFO", "message": "Will write TRAP file /Users/macbook/Octo/static_analysis_codeql_1/codeql-kotlin.db/trap/java/classes/java/nio/channels/ReadableByteChannel.members/ReadableByteChannel.members#65.0-1789983753036-kotlin.trap.gz" }
{ "origin": "CodeQL Kotlin extractor", "timestamp": "2026-09-27 14:18:00", "kind": "INFO", "message": "Finished writing TRAP file /Users/macbook/Octo/static_analysis_codeql_1/codeql-kotlin.db/trap/java/classes/java/nio/channels/ReadableByteChannel.members/ReadableByteChannel.members#65.0-1789983753036-kotlin.trap.gz" }
{ "origin": "CodeQL Kotlin extractor", "timestamp": "2026-09-27 14:18:00", "kind": "INFO", "message": "Will write TRAP file /Users/macbook/Octo/static_analysis_codeql_1/codeql-kotlin.db/trap/java/classes/java/nio/MappedByteBuffer.members/MappedByteBuffer.members#65.0-1789983753036-kotlin.trap.gz" }
{ "origin": "CodeQL Kotlin extractor", "timestamp": "2026-09-27 14:18:00", "kind": "INFO", "message": "Finished writing TRAP file /Users/macbook/Octo/static_analysis_codeql_1/codeql-kotlin.db/trap/java/classes/java/nio/MappedByteBuffer.members/MappedByteBuffer.members#65.0-1789983753036-kotlin.trap.gz" }
{ "origin": "CodeQL Kotlin extractor", "timestamp": "2026-09-27 14:18:00", "kind": "INFO", "message": "Will write TRAP file /Users/macbook/Octo/static_analysis_codeql_1/codeql-kotlin.db/trap/java/classes/java/nio/channels/FileLock.members/FileLock.members#65.0-1789983753036-kotlin.trap.gz" }
{ "origin": "CodeQL Kotlin extractor", "timestamp": "2026-09-27 14:18:00", "kind": "INFO", "message": "Finished writing TRAP file /Users/macbook/Octo/static_analysis_codeql_1/codeql-kotlin.db/trap/java/classes/java/nio/channels/FileLock.members/FileLock.members#65.0-1789983753036-kotlin.trap.gz" }
{ "origin": "CodeQL Kotlin extractor", "timestamp": "2026-09-27 14:18:00", "kind": "INFO", "message": "Will write TRAP file /Users/macbook/Octo/static_analysis_codeql_1/codeql-kotlin.db/trap/java/classes/java/nio/channels/spi/AbstractInterruptibleChannel.members/AbstractInterruptibleChannel.members#65.0-1789983753036-kotlin.trap.gz" }
{ "origin": "CodeQL Kotlin extractor", "timestamp": "2026-09-27 14:18:00", "kind": "INFO", "message": "Finished writing TRAP file /Users/macbook/Octo/static_analysis_codeql_1/codeql-kotlin.db/trap/java/classes/java/nio/channels/spi/AbstractInterruptibleChannel.members/AbstractInterruptibleChannel.members#65.0-1789983753036-kotlin.trap.gz" }
{ "origin": "CodeQL Kotlin extractor", "timestamp": "2026-09-27 14:18:00", "kind": "INFO", "message": "Will write TRAP file /Users/macbook/Octo/static_analysis_codeql_1/codeql-kotlin.db/trap/java/classes/java/nio/channels/GatheringByteChannel.members/GatheringByteChannel.members#65.0-1789983753036-kotlin.trap.gz" }
{ "origin": "CodeQL Kotlin extractor", "timestamp": "2026-09-27 14:18:00", "kind": "INFO", "message": "Finished writing TRAP file /Users/macbook/Octo/static_analysis_codeql_1/codeql-kotlin.db/trap/java/classes/java/nio/channels/GatheringByteChannel.members/GatheringByteChannel.members#65.0-1789983753036-kotlin.trap.gz" }
{ "origin": "CodeQL Kotlin extractor", "timestamp": "2026-09-27 14:18:00", "kind": "INFO", "message": "Will write TRAP file /Users/macbook/Octo/static_analysis_codeql_1/codeql-kotlin.db/trap/java/classes/java/nio/channels/ScatteringByteChannel.members/ScatteringByteChannel.members#65.0-1789983753036-kotlin.trap.gz" }
{ "origin": "CodeQL Kotlin extractor", "timestamp": "2026-09-27 14:18:00", "kind": "INFO", "message": "Finished writing TRAP file /Users/macbook/Octo/static_analysis_codeql_1/codeql-kotlin.db/trap/java/classes/java/nio/channels/ScatteringByteChannel.members/ScatteringByteChannel.members#65.0-1789983753036-kotlin.trap.gz" }
{ "origin": "CodeQL Kotlin extractor", "timestamp": "2026-09-27 14:18:00", "kind": "INFO", "message": "Skipping extracting external decl Runnable" }
{ "origin": "CodeQL Kotlin extractor", "timestamp": "2026-09-27 14:18:00", "kind": "INFO", "message": "Will write TRAP file /Users/macbook/Octo/static_analysis_codeql_1/codeql-kotlin.db/trap/java/classes/java/util/concurrent/Callable.members/Callable.members#65.0-1789983753036-kotlin.trap.gz" }
{ "origin": "CodeQL Kotlin extractor", "timestamp": "2026-09-27 14:18:00", "kind": "INFO", "message": "Finished writing TRAP file /Users/macbook/Octo/static_analysis_codeql_1/codeql-kotlin.db/trap/java/classes/java/util/concurrent/Callable.members/Callable.members#65.0-1789983753036-kotlin.trap.gz" }
{ "origin": "CodeQL Kotlin extractor", "timestamp": "2026-09-27 14:18:00", "kind": "INFO", "message": "Will write TRAP file /Users/macbook/Octo/static_analysis_codeql_1/codeql-kotlin.db/trap/java/classes/java/util/concurrent/Future.members/Future.members#65.0-1789983753036-kotlin.trap.gz" }
{ "origin": "CodeQL Kotlin extractor", "timestamp": "2026-09-27 14:18:00", "kind": "INFO", "message": "Finished writing TRAP file /Users/macbook/Octo/static_analysis_codeql_1/codeql-kotlin.db/trap/java/classes/java/util/concurrent/Future.members/Future.members#65.0-1789983753036-kotlin.trap.gz" }
{ "origin": "CodeQL Kotlin extractor", "timestamp": "2026-09-27 14:18:00", "kind": "INFO", "message": "Skipping extracting external decl Executor" }
{ "origin": "CodeQL Kotlin extractor", "timestamp": "2026-09-27 14:18:00", "kind": "INFO", "message": "Will write TRAP file /Users/macbook/Octo/static_analysis_codeql_1/codeql-kotlin.db/trap/java/classes/java/nio/channels/CompletionHandler.members/CompletionHandler.members#65.0-1789983753036-kotlin.trap.gz" }
{ "origin": "CodeQL Kotlin extractor", "timestamp": "2026-09-27 14:18:00", "kind": "INFO", "message": "Finished writing TRAP file /Users/macbook/Octo/static_analysis_codeql_1/codeql-kotlin.db/trap/java/classes/java/nio/channels/CompletionHandler.members/CompletionHandler.members#65.0-1789983753036-kotlin.trap.gz" }
{ "origin": "CodeQL Kotlin extractor", "timestamp": "2026-09-27 14:18:00", "kind": "INFO", "message": "Will write TRAP file /Users/macbook/Octo/static_analysis_codeql_1/codeql-kotlin.db/trap/java/classes/java/nio/channels/AsynchronousChannel.members/AsynchronousChannel.members#65.0-1789983753036-kotlin.trap.gz" }
{ "origin": "CodeQL Kotlin extractor", "timestamp": "2026-09-27 14:18:00", "kind": "INFO", "message": "Finished writing TRAP file /Users/macbook/Octo/static_analysis_codeql_1/codeql-kotlin.db/trap/java/classes/java/nio/channels/AsynchronousChannel.members/AsynchronousChannel.members#65.0-1789983753036-kotlin.trap.gz" }
{ "origin": "CodeQL Kotlin extractor", "timestamp": "2026-09-27 14:18:00", "kind": "INFO", "message": "Will write TRAP file /Users/macbook/Octo/static_analysis_codeql_1/codeql-kotlin.db/trap/java/classes/java/nio/channels/ByteChannel.members/ByteChannel.members#65.0-1789983753036-kotlin.trap.gz" }
{ "origin": "CodeQL Kotlin extractor", "timestamp": "2026-09-27 14:18:00", "kind": "INFO", "message": "Finished writing TRAP file /Users/macbook/Octo/static_analysis_codeql_1/codeql-kotlin.db/trap/java/classes/java/nio/channels/ByteChannel.members/ByteChannel.members#65.0-1789983753036-kotlin.trap.gz" }
{ "origin": "CodeQL Kotlin extractor", "timestamp": "2026-09-27 14:18:00", "kind": "INFO", "message": "Will write TRAP file /Users/macbook/Octo/static_analysis_codeql_1/codeql-kotlin.db/trap/java/classes/java/nio/file/attribute/AttributeView.members/AttributeView.members#65.0-1789983753036-kotlin.trap.gz" }
{ "origin": "CodeQL Kotlin extractor", "timestamp": "2026-09-27 14:18:00", "kind": "INFO", "message": "Finished writing TRAP file /Users/macbook/Octo/static_analysis_codeql_1/codeql-kotlin.db/trap/java/classes/java/nio/file/attribute/AttributeView.members/AttributeView.members#65.0-1789983753036-kotlin.trap.gz" }
{ "origin": "CodeQL Kotlin extractor", "timestamp": "2026-09-27 14:18:00", "kind": "INFO", "message": "Will write TRAP file /Users/macbook/Octo/static_analysis_codeql_1/codeql-kotlin.db/trap/java/classes/java/nio/file/attribute/FileTime.members/FileTime.members#65.0-1789983753036-kotlin.trap.gz" }
{ "origin": "CodeQL Kotlin extractor", "timestamp": "2026-09-27 14:18:00", "kind": "INFO", "message": "Finished writing TRAP file /Users/macbook/Octo/static_analysis_codeql_1/codeql-kotlin.db/trap/java/classes/java/nio/file/attribute/FileTime.members/FileTime.members#65.0-1789983753036-kotlin.trap.gz" }
{ "origin": "CodeQL Kotlin extractor", "timestamp": "2026-09-27 14:18:00", "kind": "INFO", "message": "Skipping extracting external decl Principal" }
{ "origin": "CodeQL Kotlin extractor", "timestamp": "2026-09-27 14:18:00", "kind": "INFO", "message": "Skipping extracting external decl ThreadGroup" }
{ "origin": "CodeQL Kotlin extractor", "timestamp": "2026-09-27 14:18:00", "kind": "INFO", "message": "Will write TRAP file /Users/macbook/Octo/static_analysis_codeql_1/codeql-kotlin.db/trap/java/classes/java/security/AccessControlContext.members/AccessControlContext.members#65.0-1789983753036-kotlin.trap.gz" }
{ "origin": "CodeQL Kotlin extractor", "timestamp": "2026-09-27 14:18:00", "kind": "INFO", "message": "Finished writing TRAP file /Users/macbook/Octo/static_analysis_codeql_1/codeql-kotlin.db/trap/java/classes/java/security/AccessControlContext.members/AccessControlContext.members#65.0-1789983753036-kotlin.trap.gz" }
{ "origin": "CodeQL Kotlin extractor", "timestamp": "2026-09-27 14:18:00", "kind": "INFO", "message": "Will write TRAP file /Users/macbook/Octo/static_analysis_codeql_1/codeql-kotlin.db/trap/java/classes/java/lang/Thread$State.members/Thread$State.members#65.0-1789983753036-kotlin.trap.gz" }
{ "origin": "CodeQL Kotlin extractor", "timestamp": "2026-09-27 14:18:00", "kind": "INFO", "message": "Finished writing TRAP file /Users/macbook/Octo/static_analysis_codeql_1/codeql-kotlin.db/trap/java/classes/java/lang/Thread$State.members/Thread$State.members#65.0-1789983753036-kotlin.trap.gz" }
{ "origin": "CodeQL Kotlin extractor", "timestamp": "2026-09-27 14:18:00", "kind": "INFO", "message": "Will write TRAP file /Users/macbook/Octo/static_analysis_codeql_1/codeql-kotlin.db/trap/java/classes/java/lang/Thread$Builder.members/Thread$Builder.members#65.0-1789983753036-kotlin.trap.gz" }
{ "origin": "CodeQL Kotlin extractor", "timestamp": "2026-09-27 14:18:00", "kind": "INFO", "message": "Finished writing TRAP file /Users/macbook/Octo/static_analysis_codeql_1/codeql-kotlin.db/trap/java/classes/java/lang/Thread$Builder.members/Thread$Builder.members#65.0-1789983753036-kotlin.trap.gz" }
{ "origin": "CodeQL Kotlin extractor", "timestamp": "2026-09-27 14:18:00", "kind": "INFO", "message": "Skipping extracting external decl UncaughtExceptionHandler" }
{ "origin": "CodeQL Kotlin extractor", "timestamp": "2026-09-27 14:18:00", "kind": "INFO", "message": "Will write TRAP file /Users/macbook/Octo/static_analysis_codeql_1/codeql-kotlin.db/trap/java/classes/java/lang/ThreadLocal$ThreadLocalMap.members/ThreadLocal$ThreadLocalMap.members#65.0-1789983753036-kotlin.trap.gz" }
{ "origin": "CodeQL Kotlin extractor", "timestamp": "2026-09-27 14:18:00", "kind": "INFO", "message": "Finished writing TRAP file /Users/macbook/Octo/static_analysis_codeql_1/codeql-kotlin.db/trap/java/classes/java/lang/ThreadLocal$ThreadLocalMap.members/ThreadLocal$ThreadLocalMap.members#65.0-1789983753036-kotlin.trap.gz" }
{ "origin": "CodeQL Kotlin extractor", "timestamp": "2026-09-27 14:18:00", "kind": "INFO", "message": "Will write TRAP file /Users/macbook/Octo/static_analysis_codeql_1/codeql-kotlin.db/trap/java/classes/sun/nio/ch/Interruptible.members/Interruptible.members#65.0-1789983753036-kotlin.trap.gz" }
{ "origin": "CodeQL Kotlin extractor", "timestamp": "2026-09-27 14:18:00", "kind": "INFO", "message": "Finished writing TRAP file /Users/macbook/Octo/static_analysis_codeql_1/codeql-kotlin.db/trap/java/classes/sun/nio/ch/Interruptible.members/Interruptible.members#65.0-1789983753036-kotlin.trap.gz" }
{ "origin": "CodeQL Kotlin extractor", "timestamp": "2026-09-27 14:18:00", "kind": "INFO", "message": "Will write TRAP file /Users/macbook/Octo/static_analysis_codeql_1/codeql-kotlin.db/trap/java/classes/jdk/internal/vm/StackableScope.members/StackableScope.members#65.0-1789983753036-kotlin.trap.gz" }
{ "origin": "CodeQL Kotlin extractor", "timestamp": "2026-09-27 14:18:00", "kind": "INFO", "message": "Finished writing TRAP file /Users/macbook/Octo/static_analysis_codeql_1/codeql-kotlin.db/trap/java/classes/jdk/internal/vm/StackableScope.members/StackableScope.members#65.0-1789983753036-kotlin.trap.gz" }
{ "origin": "CodeQL Kotlin extractor", "timestamp": "2026-09-27 14:18:00", "kind": "INFO", "message": "Will write TRAP file /Users/macbook/Octo/static_analysis_codeql_1/codeql-kotlin.db/trap/java/classes/jdk/internal/vm/ThreadContainer.members/ThreadContainer.members#65.0-1789983753036-kotlin.trap.gz" }
{ "origin": "CodeQL Kotlin extractor", "timestamp": "2026-09-27 14:18:00", "kind": "INFO", "message": "Finished writing TRAP file /Users/macbook/Octo/static_analysis_codeql_1/codeql-kotlin.db/trap/java/classes/jdk/internal/vm/ThreadContainer.members/ThreadContainer.members#65.0-1789983753036-kotlin.trap.gz" }
{ "origin": "CodeQL Kotlin extractor", "timestamp": "2026-09-27 14:18:00", "kind": "INFO", "message": "Skipping extracting external decl Continuation" }
{ "origin": "CodeQL Kotlin extractor", "timestamp": "2026-09-27 14:18:00", "kind": "INFO", "message": "Skipping extracting external decl IntrinsicCandidate" }
{ "origin": "CodeQL Kotlin extractor", "timestamp": "2026-09-27 14:18:00", "kind": "INFO", "message": "Skipping extracting external decl Hidden" }
{ "origin": "CodeQL Kotlin extractor", "timestamp": "2026-09-27 14:18:00", "kind": "INFO", "message": "Skipping extracting external decl ClassLoader" }
{ "origin": "CodeQL Kotlin extractor", "timestamp": "2026-09-27 14:18:00", "kind": "INFO", "message": "Skipping extracting external decl StackTraceElement" }
{ "origin": "CodeQL Kotlin extractor", "timestamp": "2026-09-27 14:18:00", "kind": "INFO", "message": "Skipping extracting external decl Throwable" }
{ "origin": "CodeQL Kotlin extractor", "timestamp": "2026-09-27 14:18:00", "kind": "INFO", "message": "Skipping extracting external decl Throwable" }
{ "origin": "CodeQL Kotlin extractor", "timestamp": "2026-09-27 14:18:00", "kind": "INFO", "message": "Will write TRAP file /Users/macbook/Octo/static_analysis_codeql_1/codeql-kotlin.db/trap/java/classes/java/lang/Thread$Builder$OfPlatform.members/Thread$Builder$OfPlatform.members#65.0-1789983753036-kotlin.trap.gz" }
{ "origin": "CodeQL Kotlin extractor", "timestamp": "2026-09-27 14:18:00", "kind": "INFO", "message": "Finished writing TRAP file /Users/macbook/Octo/static_analysis_codeql_1/codeql-kotlin.db/trap/java/classes/java/lang/Thread$Builder$OfPlatform.members/Thread$Builder$OfPlatform.members#65.0-1789983753036-kotlin.trap.gz" }
{ "origin": "CodeQL Kotlin extractor", "timestamp": "2026-09-27 14:18:00", "kind": "INFO", "message": "Will write TRAP file /Users/macbook/Octo/static_analysis_codeql_1/codeql-kotlin.db/trap/java/classes/java/lang/Thread$Builder$OfVirtual.members/Thread$Builder$OfVirtual.members#65.0-1789983753036-kotlin.trap.gz" }
{ "origin": "CodeQL Kotlin extractor", "timestamp": "2026-09-27 14:18:00", "kind": "INFO", "message": "Finished writing TRAP file /Users/macbook/Octo/static_analysis_codeql_1/codeql-kotlin.db/trap/java/classes/java/lang/Thread$Builder$OfVirtual.members/Thread$Builder$OfVirtual.members#65.0-1789983753036-kotlin.trap.gz" }
{ "origin": "CodeQL Kotlin extractor", "timestamp": "2026-09-27 14:18:00", "kind": "INFO", "message": "Skipping extracting external decl Temporal" }
{ "origin": "CodeQL Kotlin extractor", "timestamp": "2026-09-27 14:18:00", "kind": "INFO", "message": "Skipping extracting external decl TemporalUnit" }
{ "origin": "CodeQL Kotlin extractor", "timestamp": "2026-09-27 14:18:00", "kind": "INFO", "message": "Will write TRAP file /Users/macbook/Octo/static_analysis_codeql_1/codeql-kotlin.db/trap/java/classes/java/net/InterfaceAddress.members/InterfaceAddress.members#65.0-1789983753036-kotlin.trap.gz" }
{ "origin": "CodeQL Kotlin extractor", "timestamp": "2026-09-27 14:18:00", "kind": "INFO", "message": "Finished writing TRAP file /Users/macbook/Octo/static_analysis_codeql_1/codeql-kotlin.db/trap/java/classes/java/net/InterfaceAddress.members/InterfaceAddress.members#65.0-1789983753036-kotlin.trap.gz" }
{ "origin": "CodeQL Kotlin extractor", "timestamp": "2026-09-27 14:18:00", "kind": "INFO", "message": "Will write TRAP file /Users/macbook/Octo/static_analysis_codeql_1/codeql-kotlin.db/trap/java/classes/java/net/spi/InetAddressResolver.members/InetAddressResolver.members#65.0-1789983753036-kotlin.trap.gz" }
{ "origin": "CodeQL Kotlin extractor", "timestamp": "2026-09-27 14:18:00", "kind": "INFO", "message": "Finished writing TRAP file /Users/macbook/Octo/static_analysis_codeql_1/codeql-kotlin.db/trap/java/classes/java/net/spi/InetAddressResolver.members/InetAddressResolver.members#65.0-1789983753036-kotlin.trap.gz" }
{ "origin": "CodeQL Kotlin extractor", "timestamp": "2026-09-27 14:18:00", "kind": "INFO", "message": "Will write TRAP file /Users/macbook/Octo/static_analysis_codeql_1/codeql-kotlin.db/trap/java/classes/java/net/ContentHandler.members/ContentHandler.members#65.0-1789983753036-kotlin.trap.gz" }
{ "origin": "CodeQL Kotlin extractor", "timestamp": "2026-09-27 14:18:00", "kind": "INFO", "message": "Finished writing TRAP file /Users/macbook/Octo/static_analysis_codeql_1/codeql-kotlin.db/trap/java/classes/java/net/ContentHandler.members/ContentHandler.members#65.0-1789983753036-kotlin.trap.gz" }
{ "origin": "CodeQL Kotlin extractor", "timestamp": "2026-09-27 14:18:00", "kind": "INFO", "message": "Will write TRAP file /Users/macbook/Octo/static_analysis_codeql_1/codeql-kotlin.db/trap/java/classes/java/lang/foreign/MemoryLayout$PathElement.members/MemoryLayout$PathElement.members#65.0-1789983753036-kotlin.trap.gz" }
{ "origin": "CodeQL Kotlin extractor", "timestamp": "2026-09-27 14:18:00", "kind": "INFO", "message": "Finished writing TRAP file /Users/macbook/Octo/static_analysis_codeql_1/codeql-kotlin.db/trap/java/classes/java/lang/foreign/MemoryLayout$PathElement.members/MemoryLayout$PathElement.members#65.0-1789983753036-kotlin.trap.gz" }
{ "origin": "CodeQL Kotlin extractor", "timestamp": "2026-09-27 14:18:00", "kind": "INFO", "message": "Skipping extracting external decl MethodHandle" }
{ "origin": "CodeQL Kotlin extractor", "timestamp": "2026-09-27 14:18:00", "kind": "INFO", "message": "Skipping extracting external decl VarHandle" }
{ "origin": "CodeQL Kotlin extractor", "timestamp": "2026-09-27 14:18:00", "kind": "INFO", "message": "Will write TRAP file /Users/macbook/Octo/static_analysis_codeql_1/codeql-kotlin.db/trap/java/classes/java/lang/foreign/PaddingLayout.members/PaddingLayout.members#65.0-1789983753036-kotlin.trap.gz" }
{ "origin": "CodeQL Kotlin extractor", "timestamp": "2026-09-27 14:18:00", "kind": "INFO", "message": "Finished writing TRAP file /Users/macbook/Octo/static_analysis_codeql_1/codeql-kotlin.db/trap/java/classes/java/lang/foreign/PaddingLayout.members/PaddingLayout.members#65.0-1789983753036-kotlin.trap.gz" }
{ "origin": "CodeQL Kotlin extractor", "timestamp": "2026-09-27 14:18:00", "kind": "INFO", "message": "Will write TRAP file /Users/macbook/Octo/static_analysis_codeql_1/codeql-kotlin.db/trap/java/classes/java/lang/foreign/SequenceLayout.members/SequenceLayout.members#65.0-1789983753036-kotlin.trap.gz" }
{ "origin": "CodeQL Kotlin extractor", "timestamp": "2026-09-27 14:18:00", "kind": "INFO", "message": "Finished writing TRAP file /Users/macbook/Octo/static_analysis_codeql_1/codeql-kotlin.db/trap/java/classes/java/lang/foreign/SequenceLayout.members/SequenceLayout.members#65.0-1789983753036-kotlin.trap.gz" }
{ "origin": "CodeQL Kotlin extractor", "timestamp": "2026-09-27 14:18:00", "kind": "INFO", "message": "Will write TRAP file /Users/macbook/Octo/static_analysis_codeql_1/codeql-kotlin.db/trap/java/classes/java/lang/foreign/StructLayout.members/StructLayout.members#65.0-1789983753036-kotlin.trap.gz" }
{ "origin": "CodeQL Kotlin extractor", "timestamp": "2026-09-27 14:18:00", "kind": "INFO", "message": "Finished writing TRAP file /Users/macbook/Octo/static_analysis_codeql_1/codeql-kotlin.db/trap/java/classes/java/lang/foreign/StructLayout.members/StructLayout.members#65.0-1789983753036-kotlin.trap.gz" }
{ "origin": "CodeQL Kotlin extractor", "timestamp": "2026-09-27 14:18:00", "kind": "INFO", "message": "Will write TRAP file /Users/macbook/Octo/static_analysis_codeql_1/codeql-kotlin.db/trap/java/classes/java/lang/foreign/UnionLayout.members/UnionLayout.members#65.0-1789983753036-kotlin.trap.gz" }
{ "origin": "CodeQL Kotlin extractor", "timestamp": "2026-09-27 14:18:00", "kind": "INFO", "message": "Finished writing TRAP file /Users/macbook/Octo/static_analysis_codeql_1/codeql-kotlin.db/trap/java/classes/java/lang/foreign/UnionLayout.members/UnionLayout.members#65.0-1789983753036-kotlin.trap.gz" }
{ "origin": "CodeQL Kotlin extractor", "timestamp": "2026-09-27 14:18:00", "kind": "INFO", "message": "Will write TRAP file /Users/macbook/Octo/static_analysis_codeql_1/codeql-kotlin.db/trap/java/classes/java/lang/foreign/SegmentAllocator.members/SegmentAllocator.members#65.0-1789983753036-kotlin.trap.gz" }
{ "origin": "CodeQL Kotlin extractor", "timestamp": "2026-09-27 14:18:00", "kind": "INFO", "message": "Finished writing TRAP file /Users/macbook/Octo/static_analysis_codeql_1/codeql-kotlin.db/trap/java/classes/java/lang/foreign/SegmentAllocator.members/SegmentAllocator.members#65.0-1789983753036-kotlin.trap.gz" }
{ "origin": "CodeQL Kotlin extractor", "timestamp": "2026-09-27 14:18:00", "kind": "INFO", "message": "Will write TRAP file /Users/macbook/Octo/static_analysis_codeql_1/codeql-kotlin.db/trap/java/classes/jdk/internal/foreign/MemorySessionImpl$ResourceList.members/MemorySessionImpl$ResourceList.members#65.0-1789983753036-kotlin.trap.gz" }
{ "origin": "CodeQL Kotlin extractor", "timestamp": "2026-09-27 14:18:00", "kind": "INFO", "message": "Finished writing TRAP file /Users/macbook/Octo/static_analysis_codeql_1/codeql-kotlin.db/trap/java/classes/jdk/internal/foreign/MemorySessionImpl$ResourceList.members/MemorySessionImpl$ResourceList.members#65.0-1789983753036-kotlin.trap.gz" }
{ "origin": "CodeQL Kotlin extractor", "timestamp": "2026-09-27 14:18:00", "kind": "INFO", "message": "Will write TRAP file /Users/macbook/Octo/static_analysis_codeql_1/codeql-kotlin.db/trap/java/classes/jdk/internal/foreign/MemorySessionImpl$ResourceList$ResourceCleanup.members/MemorySessionImpl$ResourceList$ResourceCleanup.members#65.0-1789983753036-kotlin.trap.gz" }
{ "origin": "CodeQL Kotlin extractor", "timestamp": "2026-09-27 14:18:00", "kind": "INFO", "message": "Finished writing TRAP file /Users/macbook/Octo/static_analysis_codeql_1/codeql-kotlin.db/trap/java/classes/jdk/internal/foreign/MemorySessionImpl$ResourceList$ResourceCleanup.members/MemorySessionImpl$ResourceList$ResourceCleanup.members#65.0-1789983753036-kotlin.trap.gz" }
{ "origin": "CodeQL Kotlin extractor", "timestamp": "2026-09-27 14:18:00", "kind": "INFO", "message": "Will write TRAP file /Users/macbook/Octo/static_analysis_codeql_1/codeql-kotlin.db/trap/java/classes/jdk/internal/misc/ScopedMemoryAccess$ScopedAccessError.members/ScopedMemoryAccess$ScopedAccessError.members#65.0-1789983753036-kotlin.trap.gz" }
{ "origin": "CodeQL Kotlin extractor", "timestamp": "2026-09-27 14:18:00", "kind": "INFO", "message": "Finished writing TRAP file /Users/macbook/Octo/static_analysis_codeql_1/codeql-kotlin.db/trap/java/classes/jdk/internal/misc/ScopedMemoryAccess$ScopedAccessError.members/ScopedMemoryAccess$ScopedAccessError.members#65.0-1789983753036-kotlin.trap.gz" }
{ "origin": "CodeQL Kotlin extractor", "timestamp": "2026-09-27 14:18:00", "kind": "INFO", "message": "Will write TRAP file /Users/macbook/Octo/static_analysis_codeql_1/codeql-kotlin.db/trap/java/classes/java/lang/ref/Cleaner.members/Cleaner.members#65.0-1789983753036-kotlin.trap.gz" }
{ "origin": "CodeQL Kotlin extractor", "timestamp": "2026-09-27 14:18:00", "kind": "INFO", "message": "Finished writing TRAP file /Users/macbook/Octo/static_analysis_codeql_1/codeql-kotlin.db/trap/java/classes/java/lang/ref/Cleaner.members/Cleaner.members#65.0-1789983753036-kotlin.trap.gz" }
{ "origin": "CodeQL Kotlin extractor", "timestamp": "2026-09-27 14:18:00", "kind": "INFO", "message": "Will write TRAP file /Users/macbook/Octo/static_analysis_codeql_1/codeql-kotlin.db/trap/java/classes/java/lang/IllegalStateException.members/IllegalStateException.members#65.0-1789983753036-kotlin.trap.gz" }
{ "origin": "CodeQL Kotlin extractor", "timestamp": "2026-09-27 14:18:00", "kind": "INFO", "message": "Finished writing TRAP file /Users/macbook/Octo/static_analysis_codeql_1/codeql-kotlin.db/trap/java/classes/java/lang/IllegalStateException.members/IllegalStateException.members#65.0-1789983753036-kotlin.trap.gz" }
{ "origin": "CodeQL Kotlin extractor", "timestamp": "2026-09-27 14:18:00", "kind": "INFO", "message": "Will write TRAP file /Users/macbook/Octo/static_analysis_codeql_1/codeql-kotlin.db/trap/java/classes/java/lang/WrongThreadException.members/WrongThreadException.members#65.0-1789983753036-kotlin.trap.gz" }
{ "origin": "CodeQL Kotlin extractor", "timestamp": "2026-09-27 14:18:00", "kind": "INFO", "message": "Finished writing TRAP file /Users/macbook/Octo/static_analysis_codeql_1/codeql-kotlin.db/trap/java/classes/java/lang/WrongThreadException.members/WrongThreadException.members#65.0-1789983753036-kotlin.trap.gz" }
{ "origin": "CodeQL Kotlin extractor", "timestamp": "2026-09-27 14:18:00", "kind": "INFO", "message": "Skipping extracting external decl UnsupportedOperationException" }
{ "origin": "CodeQL Kotlin extractor", "timestamp": "2026-09-27 14:18:00", "kind": "INFO", "message": "Skipping extracting external decl Field" }
{ "origin": "CodeQL Kotlin extractor", "timestamp": "2026-09-27 14:18:00", "kind": "INFO", "message": "Skipping extracting external decl ProtectionDomain" }
{ "origin": "CodeQL Kotlin extractor", "timestamp": "2026-09-27 14:18:00", "kind": "INFO", "message": "Will write TRAP file /Users/macbook/Octo/static_analysis_codeql_1/codeql-kotlin.db/trap/java/classes/jdk/internal/misc/ScopedMemoryAccess$Scoped.members/ScopedMemoryAccess$Scoped.members#65.0-1789983753036-kotlin.trap.gz" }
{ "origin": "CodeQL Kotlin extractor", "timestamp": "2026-09-27 14:18:00", "kind": "INFO", "message": "Finished writing TRAP file /Users/macbook/Octo/static_analysis_codeql_1/codeql-kotlin.db/trap/java/classes/jdk/internal/misc/ScopedMemoryAccess$Scoped.members/ScopedMemoryAccess$Scoped.members#65.0-1789983753036-kotlin.trap.gz" }
{ "origin": "CodeQL Kotlin extractor", "timestamp": "2026-09-27 14:18:00", "kind": "INFO", "message": "Will write TRAP file /Users/macbook/Octo/static_analysis_codeql_1/codeql-kotlin.db/trap/java/classes/java/io/FileDescriptor.members/FileDescriptor.members#65.0-1789983753036-kotlin.trap.gz" }
{ "origin": "CodeQL Kotlin extractor", "timestamp": "2026-09-27 14:18:00", "kind": "INFO", "message": "Finished writing TRAP file /Users/macbook/Octo/static_analysis_codeql_1/codeql-kotlin.db/trap/java/classes/java/io/FileDescriptor.members/FileDescriptor.members#65.0-1789983753036-kotlin.trap.gz" }
{ "origin": "CodeQL Kotlin extractor", "timestamp": "2026-09-27 14:18:00", "kind": "INFO", "message": "Will write TRAP file /Users/macbook/Octo/static_analysis_codeql_1/codeql-kotlin.db/trap/java/classes/jdk/internal/foreign/AbstractMemorySegmentImpl.members/AbstractMemorySegmentImpl.members#65.0-1789983753036-kotlin.trap.gz" }
{ "origin": "CodeQL Kotlin extractor", "timestamp": "2026-09-27 14:18:00", "kind": "INFO", "message": "Finished writing TRAP file /Users/macbook/Octo/static_analysis_codeql_1/codeql-kotlin.db/trap/java/classes/jdk/internal/foreign/AbstractMemorySegmentImpl.members/AbstractMemorySegmentImpl.members#65.0-1789983753036-kotlin.trap.gz" }
{ "origin": "CodeQL Kotlin extractor", "timestamp": "2026-09-27 14:18:00", "kind": "INFO", "message": "Will write TRAP file /Users/macbook/Octo/static_analysis_codeql_1/codeql-kotlin.db/trap/java/classes/jdk/internal/vm/vector/VectorSupport$VectorSpecies.members/VectorSupport$VectorSpecies.members#65.0-1789983753036-kotlin.trap.gz" }
{ "origin": "CodeQL Kotlin extractor", "timestamp": "2026-09-27 14:18:00", "kind": "INFO", "message": "Finished writing TRAP file /Users/macbook/Octo/static_analysis_codeql_1/codeql-kotlin.db/trap/java/classes/jdk/internal/vm/vector/VectorSupport$VectorSpecies.members/VectorSupport$VectorSpecies.members#65.0-1789983753036-kotlin.trap.gz" }
{ "origin": "CodeQL Kotlin extractor", "timestamp": "2026-09-27 14:18:00", "kind": "INFO", "message": "Will write TRAP file /Users/macbook/Octo/static_analysis_codeql_1/codeql-kotlin.db/trap/java/classes/jdk/internal/vm/vector/VectorSupport.members/VectorSupport.members#65.0-1789983753036-kotlin.trap.gz" }
{ "origin": "CodeQL Kotlin extractor", "timestamp": "2026-09-27 14:18:01", "kind": "INFO", "message": "Finished writing TRAP file /Users/macbook/Octo/static_analysis_codeql_1/codeql-kotlin.db/trap/java/classes/jdk/internal/vm/vector/VectorSupport.members/VectorSupport.members#65.0-1789983753036-kotlin.trap.gz" }
{ "origin": "CodeQL Kotlin extractor", "timestamp": "2026-09-27 14:18:01", "kind": "INFO", "message": "Will write TRAP file /Users/macbook/Octo/static_analysis_codeql_1/codeql-kotlin.db/trap/java/classes/jdk/internal/vm/vector/VectorSupport$LoadOperation.members/VectorSupport$LoadOperation.members#65.0-1789983753036-kotlin.trap.gz" }
{ "origin": "CodeQL Kotlin extractor", "timestamp": "2026-09-27 14:18:01", "kind": "INFO", "message": "Finished writing TRAP file /Users/macbook/Octo/static_analysis_codeql_1/codeql-kotlin.db/trap/java/classes/jdk/internal/vm/vector/VectorSupport$LoadOperation.members/VectorSupport$LoadOperation.members#65.0-1789983753036-kotlin.trap.gz" }
{ "origin": "CodeQL Kotlin extractor", "timestamp": "2026-09-27 14:18:01", "kind": "INFO", "message": "Will write TRAP file /Users/macbook/Octo/static_analysis_codeql_1/codeql-kotlin.db/trap/java/classes/jdk/internal/vm/vector/VectorSupport$Vector.members/VectorSupport$Vector.members#65.0-1789983753036-kotlin.trap.gz" }
{ "origin": "CodeQL Kotlin extractor", "timestamp": "2026-09-27 14:18:01", "kind": "INFO", "message": "Finished writing TRAP file /Users/macbook/Octo/static_analysis_codeql_1/codeql-kotlin.db/trap/java/classes/jdk/internal/vm/vector/VectorSupport$Vector.members/VectorSupport$Vector.members#65.0-1789983753036-kotlin.trap.gz" }
{ "origin": "CodeQL Kotlin extractor", "timestamp": "2026-09-27 14:18:01", "kind": "INFO", "message": "Will write TRAP file /Users/macbook/Octo/static_analysis_codeql_1/codeql-kotlin.db/trap/java/classes/jdk/internal/vm/vector/VectorSupport$VectorPayload.members/VectorSupport$VectorPayload.members#65.0-1789983753036-kotlin.trap.gz" }
{ "origin": "CodeQL Kotlin extractor", "timestamp": "2026-09-27 14:18:01", "kind": "INFO", "message": "Finished writing TRAP file /Users/macbook/Octo/static_analysis_codeql_1/codeql-kotlin.db/trap/java/classes/jdk/internal/vm/vector/VectorSupport$VectorPayload.members/VectorSupport$VectorPayload.members#65.0-1789983753036-kotlin.trap.gz" }
{ "origin": "CodeQL Kotlin extractor", "timestamp": "2026-09-27 14:18:01", "kind": "INFO", "message": "Will write TRAP file /Users/macbook/Octo/static_analysis_codeql_1/codeql-kotlin.db/trap/java/classes/jdk/internal/vm/vector/VectorSupport$VectorMask.members/VectorSupport$VectorMask.members#65.0-1789983753036-kotlin.trap.gz" }
{ "origin": "CodeQL Kotlin extractor", "timestamp": "2026-09-27 14:18:01", "kind": "INFO", "message": "Finished writing TRAP file /Users/macbook/Octo/static_analysis_codeql_1/codeql-kotlin.db/trap/java/classes/jdk/internal/vm/vector/VectorSupport$VectorMask.members/VectorSupport$VectorMask.members#65.0-1789983753036-kotlin.trap.gz" }
{ "origin": "CodeQL Kotlin extractor", "timestamp": "2026-09-27 14:18:01", "kind": "INFO", "message": "Will write TRAP file /Users/macbook/Octo/static_analysis_codeql_1/codeql-kotlin.db/trap/java/classes/jdk/internal/vm/vector/VectorSupport$LoadVectorMaskedOperation.members/VectorSupport$LoadVectorMaskedOperation.members#65.0-1789983753036-kotlin.trap.gz" }
{ "origin": "CodeQL Kotlin extractor", "timestamp": "2026-09-27 14:18:01", "kind": "INFO", "message": "Finished writing TRAP file /Users/macbook/Octo/static_analysis_codeql_1/codeql-kotlin.db/trap/java/classes/jdk/internal/vm/vector/VectorSupport$LoadVectorMaskedOperation.members/VectorSupport$LoadVectorMaskedOperation.members#65.0-1789983753036-kotlin.trap.gz" }
{ "origin": "CodeQL Kotlin extractor", "timestamp": "2026-09-27 14:18:01", "kind": "INFO", "message": "Will write TRAP file /Users/macbook/Octo/static_analysis_codeql_1/codeql-kotlin.db/trap/java/classes/jdk/internal/vm/vector/VectorSupport$StoreVectorOperation.members/VectorSupport$StoreVectorOperation.members#65.0-1789983753036-kotlin.trap.gz" }
{ "origin": "CodeQL Kotlin extractor", "timestamp": "2026-09-27 14:18:01", "kind": "INFO", "message": "Finished writing TRAP file /Users/macbook/Octo/static_analysis_codeql_1/codeql-kotlin.db/trap/java/classes/jdk/internal/vm/vector/VectorSupport$StoreVectorOperation.members/VectorSupport$StoreVectorOperation.members#65.0-1789983753036-kotlin.trap.gz" }
{ "origin": "CodeQL Kotlin extractor", "timestamp": "2026-09-27 14:18:01", "kind": "INFO", "message": "Will write TRAP file /Users/macbook/Octo/static_analysis_codeql_1/codeql-kotlin.db/trap/java/classes/jdk/internal/vm/vector/VectorSupport$StoreVectorMaskedOperation.members/VectorSupport$StoreVectorMaskedOperation.members#65.0-1789983753036-kotlin.trap.gz" }
{ "origin": "CodeQL Kotlin extractor", "timestamp": "2026-09-27 14:18:01", "kind": "INFO", "message": "Finished writing TRAP file /Users/macbook/Octo/static_analysis_codeql_1/codeql-kotlin.db/trap/java/classes/jdk/internal/vm/vector/VectorSupport$StoreVectorMaskedOperation.members/VectorSupport$StoreVectorMaskedOperation.members#65.0-1789983753036-kotlin.trap.gz" }
{ "origin": "CodeQL Kotlin extractor", "timestamp": "2026-09-27 14:18:01", "kind": "INFO", "message": "Skipping extracting external decl RuntimeException" }
{ "origin": "CodeQL Kotlin extractor", "timestamp": "2026-09-27 14:18:01", "kind": "INFO", "message": "Will write TRAP file /Users/macbook/Octo/static_analysis_codeql_1/codeql-kotlin.db/trap/java/classes/java/nio/channels/Channel.members/Channel.members#65.0-1789983753036-kotlin.trap.gz" }
{ "origin": "CodeQL Kotlin extractor", "timestamp": "2026-09-27 14:18:01", "kind": "INFO", "message": "Finished writing TRAP file /Users/macbook/Octo/static_analysis_codeql_1/codeql-kotlin.db/trap/java/classes/java/nio/channels/Channel.members/Channel.members#65.0-1789983753036-kotlin.trap.gz" }
{ "origin": "CodeQL Kotlin extractor", "timestamp": "2026-09-27 14:18:01", "kind": "INFO", "message": "Will write TRAP file /Users/macbook/Octo/static_analysis_codeql_1/codeql-kotlin.db/trap/java/classes/jdk/internal/access/foreign/UnmapperProxy.members/UnmapperProxy.members#65.0-1789983753036-kotlin.trap.gz" }
{ "origin": "CodeQL Kotlin extractor", "timestamp": "2026-09-27 14:18:01", "kind": "INFO", "message": "Finished writing TRAP file /Users/macbook/Octo/static_analysis_codeql_1/codeql-kotlin.db/trap/java/classes/jdk/internal/access/foreign/UnmapperProxy.members/UnmapperProxy.members#65.0-1789983753036-kotlin.trap.gz" }
{ "origin": "CodeQL Kotlin extractor", "timestamp": "2026-09-27 14:18:01", "kind": "INFO", "message": "Will write TRAP file /Users/macbook/Octo/static_analysis_codeql_1/codeql-kotlin.db/trap/java/classes/java/nio/channels/InterruptibleChannel.members/InterruptibleChannel.members#65.0-1789983753036-kotlin.trap.gz" }
{ "origin": "CodeQL Kotlin extractor", "timestamp": "2026-09-27 14:18:01", "kind": "INFO", "message": "Finished writing TRAP file /Users/macbook/Octo/static_analysis_codeql_1/codeql-kotlin.db/trap/java/classes/java/nio/channels/InterruptibleChannel.members/InterruptibleChannel.members#65.0-1789983753036-kotlin.trap.gz" }
{ "origin": "CodeQL Kotlin extractor", "timestamp": "2026-09-27 14:18:01", "kind": "INFO", "message": "Will write TRAP file /Users/macbook/Octo/static_analysis_codeql_1/codeql-kotlin.db/trap/java/classes/java/util/concurrent/Future$State.members/Future$State.members#65.0-1789983753036-kotlin.trap.gz" }
{ "origin": "CodeQL Kotlin extractor", "timestamp": "2026-09-27 14:18:01", "kind": "INFO", "message": "Finished writing TRAP file /Users/macbook/Octo/static_analysis_codeql_1/codeql-kotlin.db/trap/java/classes/java/util/concurrent/Future$State.members/Future$State.members#65.0-1789983753036-kotlin.trap.gz" }
{ "origin": "CodeQL Kotlin extractor", "timestamp": "2026-09-27 14:18:01", "kind": "INFO", "message": "Skipping extracting external decl Instant" }
{ "origin": "CodeQL Kotlin extractor", "timestamp": "2026-09-27 14:18:01", "kind": "INFO", "message": "Will write TRAP file /Users/macbook/Octo/static_analysis_codeql_1/codeql-kotlin.db/trap/java/classes/java/security/DomainCombiner.members/DomainCombiner.members#65.0-1789983753036-kotlin.trap.gz" }
{ "origin": "CodeQL Kotlin extractor", "timestamp": "2026-09-27 14:18:01", "kind": "INFO", "message": "Finished writing TRAP file /Users/macbook/Octo/static_analysis_codeql_1/codeql-kotlin.db/trap/java/classes/java/security/DomainCombiner.members/DomainCombiner.members#65.0-1789983753036-kotlin.trap.gz" }
{ "origin": "CodeQL Kotlin extractor", "timestamp": "2026-09-27 14:18:01", "kind": "INFO", "message": "Will write TRAP file /Users/macbook/Octo/static_analysis_codeql_1/codeql-kotlin.db/trap/java/classes/sun/security/util/Debug.members/Debug.members#65.0-1789983753036-kotlin.trap.gz" }
{ "origin": "CodeQL Kotlin extractor", "timestamp": "2026-09-27 14:18:01", "kind": "INFO", "message": "Finished writing TRAP file /Users/macbook/Octo/static_analysis_codeql_1/codeql-kotlin.db/trap/java/classes/sun/security/util/Debug.members/Debug.members#65.0-1789983753036-kotlin.trap.gz" }
{ "origin": "CodeQL Kotlin extractor", "timestamp": "2026-09-27 14:18:01", "kind": "INFO", "message": "Will write TRAP file /Users/macbook/Octo/static_analysis_codeql_1/codeql-kotlin.db/trap/java/classes/java/util/concurrent/ThreadFactory.members/ThreadFactory.members#65.0-1789983753036-kotlin.trap.gz" }
{ "origin": "CodeQL Kotlin extractor", "timestamp": "2026-09-27 14:18:01", "kind": "INFO", "message": "Finished writing TRAP file /Users/macbook/Octo/static_analysis_codeql_1/codeql-kotlin.db/trap/java/classes/java/util/concurrent/ThreadFactory.members/ThreadFactory.members#65.0-1789983753036-kotlin.trap.gz" }
{ "origin": "CodeQL Kotlin extractor", "timestamp": "2026-09-27 14:18:01", "kind": "INFO", "message": "Will write TRAP file /Users/macbook/Octo/static_analysis_codeql_1/codeql-kotlin.db/trap/java/classes/java/lang/ThreadLocal.members/ThreadLocal.members#65.0-1789983753036-kotlin.trap.gz" }
{ "origin": "CodeQL Kotlin extractor", "timestamp": "2026-09-27 14:18:01", "kind": "INFO", "message": "Finished writing TRAP file /Users/macbook/Octo/static_analysis_codeql_1/codeql-kotlin.db/trap/java/classes/java/lang/ThreadLocal.members/ThreadLocal.members#65.0-1789983753036-kotlin.trap.gz" }
{ "origin": "CodeQL Kotlin extractor", "timestamp": "2026-09-27 14:18:01", "kind": "INFO", "message": "Will write TRAP file /Users/macbook/Octo/static_analysis_codeql_1/codeql-kotlin.db/trap/java/classes/java/lang/ThreadLocal$ThreadLocalMap$Entry.members/ThreadLocal$ThreadLocalMap$Entry.members#65.0-1789983753036-kotlin.trap.gz" }
{ "origin": "CodeQL Kotlin extractor", "timestamp": "2026-09-27 14:18:01", "kind": "INFO", "message": "Finished writing TRAP file /Users/macbook/Octo/static_analysis_codeql_1/codeql-kotlin.db/trap/java/classes/java/lang/ThreadLocal$ThreadLocalMap$Entry.members/ThreadLocal$ThreadLocalMap$Entry.members#65.0-1789983753036-kotlin.trap.gz" }
{ "origin": "CodeQL Kotlin extractor", "timestamp": "2026-09-27 14:18:01", "kind": "INFO", "message": "Will write TRAP file /Users/macbook/Octo/static_analysis_codeql_1/codeql-kotlin.db/trap/java/classes/jdk/internal/vm/annotation/DontInline.members/DontInline.members#65.0-1789983753036-kotlin.trap.gz" }
{ "origin": "CodeQL Kotlin extractor", "timestamp": "2026-09-27 14:18:01", "kind": "INFO", "message": "Finished writing TRAP file /Users/macbook/Octo/static_analysis_codeql_1/codeql-kotlin.db/trap/java/classes/jdk/internal/vm/annotation/DontInline.members/DontInline.members#65.0-1789983753036-kotlin.trap.gz" }
{ "origin": "CodeQL Kotlin extractor", "timestamp": "2026-09-27 14:18:01", "kind": "INFO", "message": "Will write TRAP file /Users/macbook/Octo/static_analysis_codeql_1/codeql-kotlin.db/trap/java/classes/jdk/internal/vm/annotation/ReservedStackAccess.members/ReservedStackAccess.members#65.0-1789983753036-kotlin.trap.gz" }
{ "origin": "CodeQL Kotlin extractor", "timestamp": "2026-09-27 14:18:01", "kind": "INFO", "message": "Finished writing TRAP file /Users/macbook/Octo/static_analysis_codeql_1/codeql-kotlin.db/trap/java/classes/jdk/internal/vm/annotation/ReservedStackAccess.members/ReservedStackAccess.members#65.0-1789983753036-kotlin.trap.gz" }
{ "origin": "CodeQL Kotlin extractor", "timestamp": "2026-09-27 14:18:01", "kind": "INFO", "message": "Will write TRAP file /Users/macbook/Octo/static_analysis_codeql_1/codeql-kotlin.db/trap/java/classes/jdk/internal/vm/ScopedValueContainer$BindingsSnapshot.members/ScopedValueContainer$BindingsSnapshot.members#65.0-1789983753036-kotlin.trap.gz" }
{ "origin": "CodeQL Kotlin extractor", "timestamp": "2026-09-27 14:18:01", "kind": "INFO", "message": "Finished writing TRAP file /Users/macbook/Octo/static_analysis_codeql_1/codeql-kotlin.db/trap/java/classes/jdk/internal/vm/ScopedValueContainer$BindingsSnapshot.members/ScopedValueContainer$BindingsSnapshot.members#65.0-1789983753036-kotlin.trap.gz" }
{ "origin": "CodeQL Kotlin extractor", "timestamp": "2026-09-27 14:18:01", "kind": "INFO", "message": "Will write TRAP file /Users/macbook/Octo/static_analysis_codeql_1/codeql-kotlin.db/trap/java/classes/java/lang/foreign/GroupLayout.members/GroupLayout.members#65.0-1789983753036-kotlin.trap.gz" }
{ "origin": "CodeQL Kotlin extractor", "timestamp": "2026-09-27 14:18:01", "kind": "INFO", "message": "Finished writing TRAP file /Users/macbook/Octo/static_analysis_codeql_1/codeql-kotlin.db/trap/java/classes/java/lang/foreign/GroupLayout.members/GroupLayout.members#65.0-1789983753036-kotlin.trap.gz" }
{ "origin": "CodeQL Kotlin extractor", "timestamp": "2026-09-27 14:18:01", "kind": "INFO", "message": "Skipping extracting external decl Supplier" }
{ "origin": "CodeQL Kotlin extractor", "timestamp": "2026-09-27 14:18:01", "kind": "INFO", "message": "Will write TRAP file /Users/macbook/Octo/static_analysis_codeql_1/codeql-kotlin.db/trap/java/classes/java/lang/Error.members/Error.members#65.0-1789983753036-kotlin.trap.gz" }
{ "origin": "CodeQL Kotlin extractor", "timestamp": "2026-09-27 14:18:01", "kind": "INFO", "message": "Finished writing TRAP file /Users/macbook/Octo/static_analysis_codeql_1/codeql-kotlin.db/trap/java/classes/java/lang/Error.members/Error.members#65.0-1789983753036-kotlin.trap.gz" }
{ "origin": "CodeQL Kotlin extractor", "timestamp": "2026-09-27 14:18:01", "kind": "INFO", "message": "Will write TRAP file /Users/macbook/Octo/static_analysis_codeql_1/codeql-kotlin.db/trap/java/classes/java/lang/ref/Cleaner$Cleanable.members/Cleaner$Cleanable.members#65.0-1789983753036-kotlin.trap.gz" }
{ "origin": "CodeQL Kotlin extractor", "timestamp": "2026-09-27 14:18:01", "kind": "INFO", "message": "Finished writing TRAP file /Users/macbook/Octo/static_analysis_codeql_1/codeql-kotlin.db/trap/java/classes/java/lang/ref/Cleaner$Cleanable.members/Cleaner$Cleanable.members#65.0-1789983753036-kotlin.trap.gz" }
{ "origin": "CodeQL Kotlin extractor", "timestamp": "2026-09-27 14:18:01", "kind": "INFO", "message": "Will write TRAP file /Users/macbook/Octo/static_analysis_codeql_1/codeql-kotlin.db/trap/java/classes/jdk/internal/ref/CleanerImpl.members/CleanerImpl.members#65.0-1789983753036-kotlin.trap.gz" }
{ "origin": "CodeQL Kotlin extractor", "timestamp": "2026-09-27 14:18:01", "kind": "INFO", "message": "Finished writing TRAP file /Users/macbook/Octo/static_analysis_codeql_1/codeql-kotlin.db/trap/java/classes/jdk/internal/ref/CleanerImpl.members/CleanerImpl.members#65.0-1789983753036-kotlin.trap.gz" }
{ "origin": "CodeQL Kotlin extractor", "timestamp": "2026-09-27 14:18:01", "kind": "INFO", "message": "Skipping extracting external decl Retention" }
{ "origin": "CodeQL Kotlin extractor", "timestamp": "2026-09-27 14:18:01", "kind": "INFO", "message": "Skipping extracting external decl AnnotationRetention" }
{ "origin": "CodeQL Kotlin extractor", "timestamp": "2026-09-27 14:18:01", "kind": "INFO", "message": "Skipping extracting external decl Target" }
{ "origin": "CodeQL Kotlin extractor", "timestamp": "2026-09-27 14:18:01", "kind": "INFO", "message": "Skipping extracting external decl AnnotationTarget" }
{ "origin": "CodeQL Kotlin extractor", "timestamp": "2026-09-27 14:18:01", "kind": "INFO", "message": "Will write TRAP file /Users/macbook/Octo/static_analysis_codeql_1/codeql-kotlin.db/trap/java/classes/jdk/internal/ref/PhantomCleanable.members/PhantomCleanable.members#65.0-1789983753036-kotlin.trap.gz" }
{ "origin": "CodeQL Kotlin extractor", "timestamp": "2026-09-27 14:18:01", "kind": "INFO", "message": "Finished writing TRAP file /Users/macbook/Octo/static_analysis_codeql_1/codeql-kotlin.db/trap/java/classes/jdk/internal/ref/PhantomCleanable.members/PhantomCleanable.members#65.0-1789983753036-kotlin.trap.gz" }
{ "origin": "CodeQL Kotlin extractor", "timestamp": "2026-09-27 14:18:01", "kind": "INFO", "message": "Will write TRAP file /Users/macbook/Octo/static_analysis_codeql_1/codeql-kotlin.db/trap/java/classes/java/lang/ref/PhantomReference.members/PhantomReference.members#65.0-1789983753036-kotlin.trap.gz" }
{ "origin": "CodeQL Kotlin extractor", "timestamp": "2026-09-27 14:18:01", "kind": "INFO", "message": "Finished writing TRAP file /Users/macbook/Octo/static_analysis_codeql_1/codeql-kotlin.db/trap/java/classes/java/lang/ref/PhantomReference.members/PhantomReference.members#65.0-1789983753036-kotlin.trap.gz" }
{ "origin": "CodeQL Kotlin extractor", "timestamp": "2026-09-27 14:18:01", "kind": "INFO", "message": "Skipping extracting external decl Reference" }
{ "origin": "CodeQL Kotlin extractor", "timestamp": "2026-09-27 14:18:01", "kind": "INFO", "message": "Will write TRAP file /Users/macbook/Octo/static_analysis_codeql_1/codeql-kotlin.db/trap/java/classes/jdk/internal/foreign/AbstractMemorySegmentImpl$SegmentSplitter.members/AbstractMemorySegmentImpl$SegmentSplitter.members#65.0-1789983753036-kotlin.trap.gz" }
{ "origin": "CodeQL Kotlin extractor", "timestamp": "2026-09-27 14:18:01", "kind": "INFO", "message": "Finished writing TRAP file /Users/macbook/Octo/static_analysis_codeql_1/codeql-kotlin.db/trap/java/classes/jdk/internal/foreign/AbstractMemorySegmentImpl$SegmentSplitter.members/AbstractMemorySegmentImpl$SegmentSplitter.members#65.0-1789983753036-kotlin.trap.gz" }
{ "origin": "CodeQL Kotlin extractor", "timestamp": "2026-09-27 14:18:01", "kind": "INFO", "message": "Skipping extracting external decl Number" }
{ "origin": "CodeQL Kotlin extractor", "timestamp": "2026-09-27 14:18:01", "kind": "INFO", "message": "Skipping extracting external decl Number" }
{ "origin": "CodeQL Kotlin extractor", "timestamp": "2026-09-27 14:18:01", "kind": "INFO", "message": "Will write TRAP file /Users/macbook/Octo/static_analysis_codeql_1/codeql-kotlin.db/trap/java/classes/jdk/internal/access/JavaNioAccess.members/JavaNioAccess.members#65.0-1789983753036-kotlin.trap.gz" }
{ "origin": "CodeQL Kotlin extractor", "timestamp": "2026-09-27 14:18:01", "kind": "INFO", "message": "Finished writing TRAP file /Users/macbook/Octo/static_analysis_codeql_1/codeql-kotlin.db/trap/java/classes/jdk/internal/access/JavaNioAccess.members/JavaNioAccess.members#65.0-1789983753036-kotlin.trap.gz" }
{ "origin": "CodeQL Kotlin extractor", "timestamp": "2026-09-27 14:18:01", "kind": "INFO", "message": "Will write TRAP file /Users/macbook/Octo/static_analysis_codeql_1/codeql-kotlin.db/trap/java/classes/jdk/internal/vm/vector/VectorSupport$ReductionOperation.members/VectorSupport$ReductionOperation.members#65.0-1789983753036-kotlin.trap.gz" }
{ "origin": "CodeQL Kotlin extractor", "timestamp": "2026-09-27 14:18:01", "kind": "INFO", "message": "Finished writing TRAP file /Users/macbook/Octo/static_analysis_codeql_1/codeql-kotlin.db/trap/java/classes/jdk/internal/vm/vector/VectorSupport$ReductionOperation.members/VectorSupport$ReductionOperation.members#65.0-1789983753036-kotlin.trap.gz" }
{ "origin": "CodeQL Kotlin extractor", "timestamp": "2026-09-27 14:18:01", "kind": "INFO", "message": "Will write TRAP file /Users/macbook/Octo/static_analysis_codeql_1/codeql-kotlin.db/trap/java/classes/jdk/internal/vm/vector/VectorSupport$CompressExpandOperation.members/VectorSupport$CompressExpandOperation.members#65.0-1789983753036-kotlin.trap.gz" }
{ "origin": "CodeQL Kotlin extractor", "timestamp": "2026-09-27 14:18:01", "kind": "INFO", "message": "Finished writing TRAP file /Users/macbook/Octo/static_analysis_codeql_1/codeql-kotlin.db/trap/java/classes/jdk/internal/vm/vector/VectorSupport$CompressExpandOperation.members/VectorSupport$CompressExpandOperation.members#65.0-1789983753036-kotlin.trap.gz" }
{ "origin": "CodeQL Kotlin extractor", "timestamp": "2026-09-27 14:18:01", "kind": "INFO", "message": "Will write TRAP file /Users/macbook/Octo/static_analysis_codeql_1/codeql-kotlin.db/trap/java/classes/jdk/internal/vm/vector/VectorSupport$ShuffleIotaOperation.members/VectorSupport$ShuffleIotaOperation.members#65.0-1789983753036-kotlin.trap.gz" }
{ "origin": "CodeQL Kotlin extractor", "timestamp": "2026-09-27 14:18:01", "kind": "INFO", "message": "Finished writing TRAP file /Users/macbook/Octo/static_analysis_codeql_1/codeql-kotlin.db/trap/java/classes/jdk/internal/vm/vector/VectorSupport$ShuffleIotaOperation.members/VectorSupport$ShuffleIotaOperation.members#65.0-1789983753036-kotlin.trap.gz" }
{ "origin": "CodeQL Kotlin extractor", "timestamp": "2026-09-27 14:18:01", "kind": "INFO", "message": "Will write TRAP file /Users/macbook/Octo/static_analysis_codeql_1/codeql-kotlin.db/trap/java/classes/jdk/internal/vm/vector/VectorSupport$VectorMaskOp.members/VectorSupport$VectorMaskOp.members#65.0-1789983753036-kotlin.trap.gz" }
{ "origin": "CodeQL Kotlin extractor", "timestamp": "2026-09-27 14:18:01", "kind": "INFO", "message": "Finished writing TRAP file /Users/macbook/Octo/static_analysis_codeql_1/codeql-kotlin.db/trap/java/classes/jdk/internal/vm/vector/VectorSupport$VectorMaskOp.members/VectorSupport$VectorMaskOp.members#65.0-1789983753036-kotlin.trap.gz" }
{ "origin": "CodeQL Kotlin extractor", "timestamp": "2026-09-27 14:18:01", "kind": "INFO", "message": "Will write TRAP file /Users/macbook/Octo/static_analysis_codeql_1/codeql-kotlin.db/trap/java/classes/jdk/internal/vm/vector/VectorSupport$LoadVectorOperationWithMap.members/VectorSupport$LoadVectorOperationWithMap.members#65.0-1789983753036-kotlin.trap.gz" }
{ "origin": "CodeQL Kotlin extractor", "timestamp": "2026-09-27 14:18:01", "kind": "INFO", "message": "Finished writing TRAP file /Users/macbook/Octo/static_analysis_codeql_1/codeql-kotlin.db/trap/java/classes/jdk/internal/vm/vector/VectorSupport$LoadVectorOperationWithMap.members/VectorSupport$LoadVectorOperationWithMap.members#65.0-1789983753036-kotlin.trap.gz" }
{ "origin": "CodeQL Kotlin extractor", "timestamp": "2026-09-27 14:18:01", "kind": "INFO", "message": "Will write TRAP file /Users/macbook/Octo/static_analysis_codeql_1/codeql-kotlin.db/trap/java/classes/jdk/internal/vm/vector/VectorSupport$VectorBlendOp.members/VectorSupport$VectorBlendOp.members#65.0-1789983753036-kotlin.trap.gz" }
{ "origin": "CodeQL Kotlin extractor", "timestamp": "2026-09-27 14:18:01", "kind": "INFO", "message": "Finished writing TRAP file /Users/macbook/Octo/static_analysis_codeql_1/codeql-kotlin.db/trap/java/classes/jdk/internal/vm/vector/VectorSupport$VectorBlendOp.members/VectorSupport$VectorBlendOp.members#65.0-1789983753036-kotlin.trap.gz" }
{ "origin": "CodeQL Kotlin extractor", "timestamp": "2026-09-27 14:18:01", "kind": "INFO", "message": "Will write TRAP file /Users/macbook/Octo/static_analysis_codeql_1/codeql-kotlin.db/trap/java/classes/jdk/internal/vm/vector/VectorSupport$IndexOperation.members/VectorSupport$IndexOperation.members#65.0-1789983753036-kotlin.trap.gz" }
{ "origin": "CodeQL Kotlin extractor", "timestamp": "2026-09-27 14:18:01", "kind": "INFO", "message": "Finished writing TRAP file /Users/macbook/Octo/static_analysis_codeql_1/codeql-kotlin.db/trap/java/classes/jdk/internal/vm/vector/VectorSupport$IndexOperation.members/VectorSupport$IndexOperation.members#65.0-1789983753036-kotlin.trap.gz" }
{ "origin": "CodeQL Kotlin extractor", "timestamp": "2026-09-27 14:18:01", "kind": "INFO", "message": "Will write TRAP file /Users/macbook/Octo/static_analysis_codeql_1/codeql-kotlin.db/trap/java/classes/jdk/internal/vm/vector/VectorSupport$VectorRearrangeOp.members/VectorSupport$VectorRearrangeOp.members#65.0-1789983753036-kotlin.trap.gz" }
{ "origin": "CodeQL Kotlin extractor", "timestamp": "2026-09-27 14:18:01", "kind": "INFO", "message": "Finished writing TRAP file /Users/macbook/Octo/static_analysis_codeql_1/codeql-kotlin.db/trap/java/classes/jdk/internal/vm/vector/VectorSupport$VectorRearrangeOp.members/VectorSupport$VectorRearrangeOp.members#65.0-1789983753036-kotlin.trap.gz" }
{ "origin": "CodeQL Kotlin extractor", "timestamp": "2026-09-27 14:18:01", "kind": "INFO", "message": "Will write TRAP file /Users/macbook/Octo/static_analysis_codeql_1/codeql-kotlin.db/trap/java/classes/jdk/internal/vm/vector/VectorSupport$BinaryOperation.members/VectorSupport$BinaryOperation.members#65.0-1789983753036-kotlin.trap.gz" }
{ "origin": "CodeQL Kotlin extractor", "timestamp": "2026-09-27 14:18:01", "kind": "INFO", "message": "Finished writing TRAP file /Users/macbook/Octo/static_analysis_codeql_1/codeql-kotlin.db/trap/java/classes/jdk/internal/vm/vector/VectorSupport$BinaryOperation.members/VectorSupport$BinaryOperation.members#65.0-1789983753036-kotlin.trap.gz" }
{ "origin": "CodeQL Kotlin extractor", "timestamp": "2026-09-27 14:18:01", "kind": "INFO", "message": "Will write TRAP file /Users/macbook/Octo/static_analysis_codeql_1/codeql-kotlin.db/trap/java/classes/jdk/internal/vm/vector/VectorSupport$VectorCompareOp.members/VectorSupport$VectorCompareOp.members#65.0-1789983753036-kotlin.trap.gz" }
{ "origin": "CodeQL Kotlin extractor", "timestamp": "2026-09-27 14:18:01", "kind": "INFO", "message": "Finished writing TRAP file /Users/macbook/Octo/static_analysis_codeql_1/codeql-kotlin.db/trap/java/classes/jdk/internal/vm/vector/VectorSupport$VectorCompareOp.members/VectorSupport$VectorCompareOp.members#65.0-1789983753036-kotlin.trap.gz" }
{ "origin": "CodeQL Kotlin extractor", "timestamp": "2026-09-27 14:18:01", "kind": "INFO", "message": "Will write TRAP file /Users/macbook/Octo/static_analysis_codeql_1/codeql-kotlin.db/trap/java/classes/jdk/internal/vm/vector/VectorSupport$TernaryOperation.members/VectorSupport$TernaryOperation.members#65.0-1789983753036-kotlin.trap.gz" }
{ "origin": "CodeQL Kotlin extractor", "timestamp": "2026-09-27 14:18:01", "kind": "INFO", "message": "Finished writing TRAP file /Users/macbook/Octo/static_analysis_codeql_1/codeql-kotlin.db/trap/java/classes/jdk/internal/vm/vector/VectorSupport$TernaryOperation.members/VectorSupport$TernaryOperation.members#65.0-1789983753036-kotlin.trap.gz" }
{ "origin": "CodeQL Kotlin extractor", "timestamp": "2026-09-27 14:18:01", "kind": "INFO", "message": "Will write TRAP file /Users/macbook/Octo/static_analysis_codeql_1/codeql-kotlin.db/trap/java/classes/jdk/internal/vm/vector/VectorSupport$VectorShuffle.members/VectorSupport$VectorShuffle.members#65.0-1789983753036-kotlin.trap.gz" }
{ "origin": "CodeQL Kotlin extractor", "timestamp": "2026-09-27 14:18:01", "kind": "INFO", "message": "Finished writing TRAP file /Users/macbook/Octo/static_analysis_codeql_1/codeql-kotlin.db/trap/java/classes/jdk/internal/vm/vector/VectorSupport$VectorShuffle.members/VectorSupport$VectorShuffle.members#65.0-1789983753036-kotlin.trap.gz" }
{ "origin": "CodeQL Kotlin extractor", "timestamp": "2026-09-27 14:18:01", "kind": "INFO", "message": "Will write TRAP file /Users/macbook/Octo/static_analysis_codeql_1/codeql-kotlin.db/trap/java/classes/jdk/internal/vm/vector/VectorSupport$ShuffleToVectorOperation.members/VectorSupport$ShuffleToVectorOperation.members#65.0-1789983753036-kotlin.trap.gz" }
{ "origin": "CodeQL Kotlin extractor", "timestamp": "2026-09-27 14:18:01", "kind": "INFO", "message": "Finished writing TRAP file /Users/macbook/Octo/static_analysis_codeql_1/codeql-kotlin.db/trap/java/classes/jdk/internal/vm/vector/VectorSupport$ShuffleToVectorOperation.members/VectorSupport$ShuffleToVectorOperation.members#65.0-1789983753036-kotlin.trap.gz" }
{ "origin": "CodeQL Kotlin extractor", "timestamp": "2026-09-27 14:18:01", "kind": "INFO", "message": "Will write TRAP file /Users/macbook/Octo/static_analysis_codeql_1/codeql-kotlin.db/trap/java/classes/jdk/internal/vm/vector/VectorSupport$VecExtractOp.members/VectorSupport$VecExtractOp.members#65.0-1789983753036-kotlin.trap.gz" }
{ "origin": "CodeQL Kotlin extractor", "timestamp": "2026-09-27 14:18:01", "kind": "INFO", "message": "Finished writing TRAP file /Users/macbook/Octo/static_analysis_codeql_1/codeql-kotlin.db/trap/java/classes/jdk/internal/vm/vector/VectorSupport$VecExtractOp.members/VectorSupport$VecExtractOp.members#65.0-1789983753036-kotlin.trap.gz" }
{ "origin": "CodeQL Kotlin extractor", "timestamp": "2026-09-27 14:18:01", "kind": "INFO", "message": "Will write TRAP file /Users/macbook/Octo/static_analysis_codeql_1/codeql-kotlin.db/trap/java/classes/jdk/internal/vm/vector/VectorSupport$StoreVectorOperationWithMap.members/VectorSupport$StoreVectorOperationWithMap.members#65.0-1789983753036-kotlin.trap.gz" }
{ "origin": "CodeQL Kotlin extractor", "timestamp": "2026-09-27 14:18:01", "kind": "INFO", "message": "Finished writing TRAP file /Users/macbook/Octo/static_analysis_codeql_1/codeql-kotlin.db/trap/java/classes/jdk/internal/vm/vector/VectorSupport$StoreVectorOperationWithMap.members/VectorSupport$StoreVectorOperationWithMap.members#65.0-1789983753036-kotlin.trap.gz" }
{ "origin": "CodeQL Kotlin extractor", "timestamp": "2026-09-27 14:18:01", "kind": "INFO", "message": "Will write TRAP file /Users/macbook/Octo/static_analysis_codeql_1/codeql-kotlin.db/trap/java/classes/jdk/internal/vm/vector/VectorSupport$UnaryOperation.members/VectorSupport$UnaryOperation.members#65.0-1789983753036-kotlin.trap.gz" }
{ "origin": "CodeQL Kotlin extractor", "timestamp": "2026-09-27 14:18:01", "kind": "INFO", "message": "Finished writing TRAP file /Users/macbook/Octo/static_analysis_codeql_1/codeql-kotlin.db/trap/java/classes/jdk/internal/vm/vector/VectorSupport$UnaryOperation.members/VectorSupport$UnaryOperation.members#65.0-1789983753036-kotlin.trap.gz" }
{ "origin": "CodeQL Kotlin extractor", "timestamp": "2026-09-27 14:18:01", "kind": "INFO", "message": "Will write TRAP file /Users/macbook/Octo/static_analysis_codeql_1/codeql-kotlin.db/trap/java/classes/jdk/internal/vm/vector/VectorSupport$VectorConvertOp.members/VectorSupport$VectorConvertOp.members#65.0-1789983753036-kotlin.trap.gz" }
{ "origin": "CodeQL Kotlin extractor", "timestamp": "2026-09-27 14:18:01", "kind": "INFO", "message": "Finished writing TRAP file /Users/macbook/Octo/static_analysis_codeql_1/codeql-kotlin.db/trap/java/classes/jdk/internal/vm/vector/VectorSupport$VectorConvertOp.members/VectorSupport$VectorConvertOp.members#65.0-1789983753036-kotlin.trap.gz" }
{ "origin": "CodeQL Kotlin extractor", "timestamp": "2026-09-27 14:18:01", "kind": "INFO", "message": "Will write TRAP file /Users/macbook/Octo/static_analysis_codeql_1/codeql-kotlin.db/trap/java/classes/jdk/internal/vm/vector/VectorSupport$VecInsertOp.members/VectorSupport$VecInsertOp.members#65.0-1789983753036-kotlin.trap.gz" }
{ "origin": "CodeQL Kotlin extractor", "timestamp": "2026-09-27 14:18:01", "kind": "INFO", "message": "Finished writing TRAP file /Users/macbook/Octo/static_analysis_codeql_1/codeql-kotlin.db/trap/java/classes/jdk/internal/vm/vector/VectorSupport$VecInsertOp.members/VectorSupport$VecInsertOp.members#65.0-1789983753036-kotlin.trap.gz" }
{ "origin": "CodeQL Kotlin extractor", "timestamp": "2026-09-27 14:18:01", "kind": "INFO", "message": "Will write TRAP file /Users/macbook/Octo/static_analysis_codeql_1/codeql-kotlin.db/trap/java/classes/jdk/internal/vm/vector/VectorSupport$IndexPartiallyInUpperRangeOperation.members/VectorSupport$IndexPartiallyInUpperRangeOperation.members#65.0-1789983753036-kotlin.trap.gz" }
{ "origin": "CodeQL Kotlin extractor", "timestamp": "2026-09-27 14:18:01", "kind": "INFO", "message": "Finished writing TRAP file /Users/macbook/Octo/static_analysis_codeql_1/codeql-kotlin.db/trap/java/classes/jdk/internal/vm/vector/VectorSupport$IndexPartiallyInUpperRangeOperation.members/VectorSupport$IndexPartiallyInUpperRangeOperation.members#65.0-1789983753036-kotlin.trap.gz" }
{ "origin": "CodeQL Kotlin extractor", "timestamp": "2026-09-27 14:18:01", "kind": "INFO", "message": "Will write TRAP file /Users/macbook/Octo/static_analysis_codeql_1/codeql-kotlin.db/trap/java/classes/jdk/internal/vm/vector/VectorSupport$FromBitsCoercedOperation.members/VectorSupport$FromBitsCoercedOperation.members#65.0-1789983753036-kotlin.trap.gz" }
{ "origin": "CodeQL Kotlin extractor", "timestamp": "2026-09-27 14:18:01", "kind": "INFO", "message": "Finished writing TRAP file /Users/macbook/Octo/static_analysis_codeql_1/codeql-kotlin.db/trap/java/classes/jdk/internal/vm/vector/VectorSupport$FromBitsCoercedOperation.members/VectorSupport$FromBitsCoercedOperation.members#65.0-1789983753036-kotlin.trap.gz" }
{ "origin": "CodeQL Kotlin extractor", "timestamp": "2026-09-27 14:18:01", "kind": "INFO", "message": "Will write TRAP file /Users/macbook/Octo/static_analysis_codeql_1/codeql-kotlin.db/trap/java/classes/jdk/internal/vm/vector/VectorSupport$VectorBroadcastIntOp.members/VectorSupport$VectorBroadcastIntOp.members#65.0-1789983753036-kotlin.trap.gz" }
{ "origin": "CodeQL Kotlin extractor", "timestamp": "2026-09-27 14:18:01", "kind": "INFO", "message": "Finished writing TRAP file /Users/macbook/Octo/static_analysis_codeql_1/codeql-kotlin.db/trap/java/classes/jdk/internal/vm/vector/VectorSupport$VectorBroadcastIntOp.members/VectorSupport$VectorBroadcastIntOp.members#65.0-1789983753036-kotlin.trap.gz" }
{ "origin": "CodeQL Kotlin extractor", "timestamp": "2026-09-27 14:18:01", "kind": "INFO", "message": "Skipping extracting external decl PrintStream" }
{ "origin": "CodeQL Kotlin extractor", "timestamp": "2026-09-27 14:18:01", "kind": "INFO", "message": "Skipping extracting external decl BigInteger" }
{ "origin": "CodeQL Kotlin extractor", "timestamp": "2026-09-27 14:18:01", "kind": "INFO", "message": "Will write TRAP file /Users/macbook/Octo/static_analysis_codeql_1/codeql-kotlin.db/trap/java/classes/java/lang/ThreadLocal$SuppliedThreadLocal.members/ThreadLocal$SuppliedThreadLocal.members#65.0-1789983753036-kotlin.trap.gz" }
{ "origin": "CodeQL Kotlin extractor", "timestamp": "2026-09-27 14:18:01", "kind": "INFO", "message": "Finished writing TRAP file /Users/macbook/Octo/static_analysis_codeql_1/codeql-kotlin.db/trap/java/classes/java/lang/ThreadLocal$SuppliedThreadLocal.members/ThreadLocal$SuppliedThreadLocal.members#65.0-1789983753036-kotlin.trap.gz" }
{ "origin": "CodeQL Kotlin extractor", "timestamp": "2026-09-27 14:18:01", "kind": "INFO", "message": "Skipping extracting external decl WeakReference" }
{ "origin": "CodeQL Kotlin extractor", "timestamp": "2026-09-27 14:18:01", "kind": "INFO", "message": "Skipping extracting external decl ReferenceQueue" }
{ "origin": "CodeQL Kotlin extractor", "timestamp": "2026-09-27 14:18:01", "kind": "INFO", "message": "Will write TRAP file /Users/macbook/Octo/static_analysis_codeql_1/codeql-kotlin.db/trap/java/classes/jdk/internal/vm/ScopedValueContainer.members/ScopedValueContainer.members#65.0-1789983753036-kotlin.trap.gz" }
{ "origin": "CodeQL Kotlin extractor", "timestamp": "2026-09-27 14:18:01", "kind": "INFO", "message": "Finished writing TRAP file /Users/macbook/Octo/static_analysis_codeql_1/codeql-kotlin.db/trap/java/classes/jdk/internal/vm/ScopedValueContainer.members/ScopedValueContainer.members#65.0-1789983753036-kotlin.trap.gz" }
{ "origin": "CodeQL Kotlin extractor", "timestamp": "2026-09-27 14:18:01", "kind": "INFO", "message": "Will write TRAP file /Users/macbook/Octo/static_analysis_codeql_1/codeql-kotlin.db/trap/java/classes/java/lang/Record.members/Record.members#65.0-1789983753036-kotlin.trap.gz" }
{ "origin": "CodeQL Kotlin extractor", "timestamp": "2026-09-27 14:18:01", "kind": "INFO", "message": "Finished writing TRAP file /Users/macbook/Octo/static_analysis_codeql_1/codeql-kotlin.db/trap/java/classes/java/lang/Record.members/Record.members#65.0-1789983753036-kotlin.trap.gz" }
{ "origin": "CodeQL Kotlin extractor", "timestamp": "2026-09-27 14:18:01", "kind": "INFO", "message": "Will write TRAP file /Users/macbook/Octo/static_analysis_codeql_1/codeql-kotlin.db/trap/java/classes/jdk/internal/ref/CleanerImpl$InnocuousThreadFactory.members/CleanerImpl$InnocuousThreadFactory.members#65.0-1789983753036-kotlin.trap.gz" }
{ "origin": "CodeQL Kotlin extractor", "timestamp": "2026-09-27 14:18:01", "kind": "INFO", "message": "Finished writing TRAP file /Users/macbook/Octo/static_analysis_codeql_1/codeql-kotlin.db/trap/java/classes/jdk/internal/ref/CleanerImpl$InnocuousThreadFactory.members/CleanerImpl$InnocuousThreadFactory.members#65.0-1789983753036-kotlin.trap.gz" }
{ "origin": "CodeQL Kotlin extractor", "timestamp": "2026-09-27 14:18:01", "kind": "INFO", "message": "Will write TRAP file /Users/macbook/Octo/static_analysis_codeql_1/codeql-kotlin.db/trap/java/classes/jdk/internal/ref/CleanerImpl$CleanerCleanable.members/CleanerImpl$CleanerCleanable.members#65.0-1789983753036-kotlin.trap.gz" }
{ "origin": "CodeQL Kotlin extractor", "timestamp": "2026-09-27 14:18:01", "kind": "INFO", "message": "Finished writing TRAP file /Users/macbook/Octo/static_analysis_codeql_1/codeql-kotlin.db/trap/java/classes/jdk/internal/ref/CleanerImpl$CleanerCleanable.members/CleanerImpl$CleanerCleanable.members#65.0-1789983753036-kotlin.trap.gz" }
{ "origin": "CodeQL Kotlin extractor", "timestamp": "2026-09-27 14:18:01", "kind": "INFO", "message": "Will write TRAP file /Users/macbook/Octo/static_analysis_codeql_1/codeql-kotlin.db/trap/java/classes/jdk/internal/ref/CleanerImpl$PhantomCleanableRef.members/CleanerImpl$PhantomCleanableRef.members#65.0-1789983753036-kotlin.trap.gz" }
{ "origin": "CodeQL Kotlin extractor", "timestamp": "2026-09-27 14:18:01", "kind": "INFO", "message": "Finished writing TRAP file /Users/macbook/Octo/static_analysis_codeql_1/codeql-kotlin.db/trap/java/classes/jdk/internal/ref/CleanerImpl$PhantomCleanableRef.members/CleanerImpl$PhantomCleanableRef.members#65.0-1789983753036-kotlin.trap.gz" }
{ "origin": "CodeQL Kotlin extractor", "timestamp": "2026-09-27 14:18:01", "kind": "INFO", "message": "Will write TRAP file /Users/macbook/Octo/static_analysis_codeql_1/codeql-kotlin.db/trap/java/classes/jdk/internal/misc/VM$BufferPool.members/VM$BufferPool.members#65.0-1789983753036-kotlin.trap.gz" }
{ "origin": "CodeQL Kotlin extractor", "timestamp": "2026-09-27 14:18:01", "kind": "INFO", "message": "Finished writing TRAP file /Users/macbook/Octo/static_analysis_codeql_1/codeql-kotlin.db/trap/java/classes/jdk/internal/misc/VM$BufferPool.members/VM$BufferPool.members#65.0-1789983753036-kotlin.trap.gz" }
{ "origin": "CodeQL Kotlin extractor", "timestamp": "2026-09-27 14:18:01", "kind": "INFO", "message": "Will write TRAP file /Users/macbook/Octo/static_analysis_codeql_1/codeql-kotlin.db/trap/java/classes/java/util/concurrent/atomic/AtomicInteger.members/AtomicInteger.members#65.0-1789983753036-kotlin.trap.gz" }
{ "origin": "CodeQL Kotlin extractor", "timestamp": "2026-09-27 14:18:01", "kind": "INFO", "message": "Finished writing TRAP file /Users/macbook/Octo/static_analysis_codeql_1/codeql-kotlin.db/trap/java/classes/java/util/concurrent/atomic/AtomicInteger.members/AtomicInteger.members#65.0-1789983753036-kotlin.trap.gz" }
{ "origin": "CodeQL Kotlin extractor", "timestamp": "2026-09-27 14:18:01", "kind": "INFO", "message": "Will write TRAP file /Users/macbook/Octo/static_analysis_codeql_1/codeql-kotlin.db/trap/java/classes/jdk/internal/misc/VM.members/VM.members#65.0-1789983753036-kotlin.trap.gz" }
{ "origin": "CodeQL Kotlin extractor", "timestamp": "2026-09-27 14:18:01", "kind": "INFO", "message": "Finished writing TRAP file /Users/macbook/Octo/static_analysis_codeql_1/codeql-kotlin.db/trap/java/classes/jdk/internal/misc/VM.members/VM.members#65.0-1789983753036-kotlin.trap.gz" }
{ "origin": "CodeQL Kotlin extractor", "timestamp": "2026-09-27 14:18:01", "kind": "INFO", "message": "Skipping extracting external decl IntUnaryOperator" }
{ "origin": "CodeQL Kotlin extractor", "timestamp": "2026-09-27 14:18:01", "kind": "INFO", "message": "Skipping extracting external decl IntBinaryOperator" }
{ "origin": "CodeQL Kotlin extractor", "timestamp": "2026-09-27 14:18:01", "kind": "INFO", "message": "Finished writing TRAP file /Users/macbook/Octo/static_analysis_codeql_1/codeql-kotlin.db/trap/java/Users/macbook/Octo/modules/ontology/src/main/kotlin/com/octo/ontology/CypherSchema.kt.trap.gz" }
{ "origin": "CodeQL Kotlin extractor", "timestamp": "2026-09-27 14:18:01", "kind": "INFO", "message": "Extracting file /Users/macbook/Octo/modules/ontology/src/main/kotlin/com/octo/ontology/OntologyValidator.kt" }
{ "origin": "CodeQL Kotlin extractor", "timestamp": "2026-09-27 14:18:01", "kind": "INFO", "message": "Will write TRAP file /Users/macbook/Octo/static_analysis_codeql_1/codeql-kotlin.db/trap/java/Users/macbook/Octo/modules/ontology/src/main/kotlin/com/octo/ontology/OntologyValidator.kt.trap.gz" }
{ "origin": "CodeQL Kotlin extractor", "timestamp": "2026-09-27 14:18:01", "kind": "INFO", "message": "Will write TRAP file /Users/macbook/Octo/static_analysis_codeql_1/codeql-kotlin.db/trap/java/classes/com/octo/ontology/Violation.members/Violation.members#0.0-0-kotlin.trap.gz" }
{ "origin": "CodeQL Kotlin extractor", "timestamp": "2026-09-27 14:18:01", "kind": "INFO", "message": "Finished writing TRAP file /Users/macbook/Octo/static_analysis_codeql_1/codeql-kotlin.db/trap/java/classes/com/octo/ontology/Violation.members/Violation.members#0.0-0-kotlin.trap.gz" }
{ "origin": "CodeQL Kotlin extractor", "timestamp": "2026-09-27 14:18:01", "kind": "INFO", "message": "Will write TRAP file /Users/macbook/Octo/static_analysis_codeql_1/codeql-kotlin.db/trap/java/classes/com/octo/ontology/ValidationOutcome.members/ValidationOutcome.members#0.0-0-kotlin.trap.gz" }
{ "origin": "CodeQL Kotlin extractor", "timestamp": "2026-09-27 14:18:01", "kind": "INFO", "message": "Finished writing TRAP file /Users/macbook/Octo/static_analysis_codeql_1/codeql-kotlin.db/trap/java/classes/com/octo/ontology/ValidationOutcome.members/ValidationOutcome.members#0.0-0-kotlin.trap.gz" }
{ "origin": "CodeQL Kotlin extractor", "timestamp": "2026-09-27 14:18:01", "kind": "INFO", "message": "Will write TRAP file /Users/macbook/Octo/static_analysis_codeql_1/codeql-kotlin.db/trap/java/classes/com/octo/ontology/OntologyValidator$Companion.members/OntologyValidator$Companion.members#0.0-0-kotlin.trap.gz" }
{ "origin": "CodeQL Kotlin extractor", "timestamp": "2026-09-27 14:18:01", "kind": "INFO", "message": "Finished writing TRAP file /Users/macbook/Octo/static_analysis_codeql_1/codeql-kotlin.db/trap/java/classes/com/octo/ontology/OntologyValidator$Companion.members/OntologyValidator$Companion.members#0.0-0-kotlin.trap.gz" }
{ "origin": "CodeQL Kotlin extractor", "timestamp": "2026-09-27 14:18:01", "kind": "INFO", "message": "Will write TRAP file /Users/macbook/Octo/static_analysis_codeql_1/codeql-kotlin.db/trap/java/classes/com/octo/ontology/OntologyValidator.members/OntologyValidator.members#0.0-0-kotlin.trap.gz" }
{ "origin": "CodeQL Kotlin extractor", "timestamp": "2026-09-27 14:18:01", "kind": "INFO", "message": "Finished writing TRAP file /Users/macbook/Octo/static_analysis_codeql_1/codeql-kotlin.db/trap/java/classes/com/octo/ontology/OntologyValidator.members/OntologyValidator.members#0.0-0-kotlin.trap.gz" }
{ "origin": "CodeQL Kotlin extractor", "timestamp": "2026-09-27 14:18:01", "kind": "INFO", "message": "Will write TRAP file /Users/macbook/Octo/static_analysis_codeql_1/codeql-kotlin.db/trap/java/classes/com/octo/ontology/OntologyValidatorKt.members/OntologyValidatorKt.members#0.0-0-kotlin.trap.gz" }
{ "origin": "CodeQL Kotlin extractor", "timestamp": "2026-09-27 14:18:01", "kind": "INFO", "message": "Finished writing TRAP file /Users/macbook/Octo/static_analysis_codeql_1/codeql-kotlin.db/trap/java/classes/com/octo/ontology/OntologyValidatorKt.members/OntologyValidatorKt.members#0.0-0-kotlin.trap.gz" }
{ "origin": "CodeQL Kotlin extractor", "timestamp": "2026-09-27 14:18:01", "kind": "INFO", "message": "Skipping extracting external decl String" }
{ "origin": "CodeQL Kotlin extractor", "timestamp": "2026-09-27 14:18:01", "kind": "INFO", "message": "Skipping extracting external decl String" }
{ "origin": "CodeQL Kotlin extractor", "timestamp": "2026-09-27 14:18:01", "kind": "INFO", "message": "Skipping extracting external decl Unit" }
{ "origin": "CodeQL Kotlin extractor", "timestamp": "2026-09-27 14:18:01", "kind": "INFO", "message": "Skipping extracting external decl NotNull" }
{ "origin": "CodeQL Kotlin extractor", "timestamp": "2026-09-27 14:18:01", "kind": "INFO", "message": "Skipping extracting external decl Object" }
{ "origin": "CodeQL Kotlin extractor", "timestamp": "2026-09-27 14:18:01", "kind": "INFO", "message": "Skipping extracting external decl Integer" }
{ "origin": "CodeQL Kotlin extractor", "timestamp": "2026-09-27 14:18:01", "kind": "INFO", "message": "Skipping extracting external decl Int" }
{ "origin": "CodeQL Kotlin extractor", "timestamp": "2026-09-27 14:18:01", "kind": "INFO", "message": "Skipping extracting external decl Any" }
{ "origin": "CodeQL Kotlin extractor", "timestamp": "2026-09-27 14:18:01", "kind": "INFO", "message": "Skipping extracting external decl Boolean" }
{ "origin": "CodeQL Kotlin extractor", "timestamp": "2026-09-27 14:18:01", "kind": "INFO", "message": "Skipping extracting external decl Boolean" }
{ "origin": "CodeQL Kotlin extractor", "timestamp": "2026-09-27 14:18:01", "kind": "INFO", "message": "Skipping extracting external decl Void" }
{ "origin": "CodeQL Kotlin extractor", "timestamp": "2026-09-27 14:18:01", "kind": "INFO", "message": "Skipping extracting external decl Nothing" }
{ "origin": "CodeQL Kotlin extractor", "timestamp": "2026-09-27 14:18:01", "kind": "INFO", "message": "Skipping extracting external decl List" }
{ "origin": "CodeQL Kotlin extractor", "timestamp": "2026-09-27 14:18:01", "kind": "INFO", "message": "Skipping extracting external decl SequencedCollection" }
{ "origin": "CodeQL Kotlin extractor", "timestamp": "2026-09-27 14:18:01", "kind": "INFO", "message": "Skipping extracting external decl Collection" }
{ "origin": "CodeQL Kotlin extractor", "timestamp": "2026-09-27 14:18:01", "kind": "INFO", "message": "Skipping extracting external decl Iterable" }
{ "origin": "CodeQL Kotlin extractor", "timestamp": "2026-09-27 14:18:01", "kind": "INFO", "message": "Skipping extracting external decl MutableIterable" }
{ "origin": "CodeQL Kotlin extractor", "timestamp": "2026-09-27 14:18:01", "kind": "INFO", "message": "Skipping extracting external decl MutableCollection" }
{ "origin": "CodeQL Kotlin extractor", "timestamp": "2026-09-27 14:18:01", "kind": "INFO", "message": "Skipping extracting external decl List" }
{ "origin": "CodeQL Kotlin extractor", "timestamp": "2026-09-27 14:18:01", "kind": "INFO", "message": "Will write TRAP file /Users/macbook/Octo/static_analysis_codeql_1/codeql-kotlin.db/trap/java/classes/org/apache/jena/rdf/model/Model.members/Model.members#65.0-1777774446000-kotlin.trap.gz" }
{ "origin": "CodeQL Kotlin extractor", "timestamp": "2026-09-27 14:18:01", "kind": "INFO", "message": "Finished writing TRAP file /Users/macbook/Octo/static_analysis_codeql_1/codeql-kotlin.db/trap/java/classes/org/apache/jena/rdf/model/Model.members/Model.members#65.0-1777774446000-kotlin.trap.gz" }
{ "origin": "CodeQL Kotlin extractor", "timestamp": "2026-09-27 14:18:01", "kind": "INFO", "message": "Will write TRAP file /Users/macbook/Octo/static_analysis_codeql_1/codeql-kotlin.db/trap/java/classes/org/apache/jena/shacl/Shapes.members/Shapes.members#65.0-1777774446000-kotlin.trap.gz" }
{ "origin": "CodeQL Kotlin extractor", "timestamp": "2026-09-27 14:18:01", "kind": "INFO", "message": "Finished writing TRAP file /Users/macbook/Octo/static_analysis_codeql_1/codeql-kotlin.db/trap/java/classes/org/apache/jena/shacl/Shapes.members/Shapes.members#65.0-1777774446000-kotlin.trap.gz" }
{ "origin": "CodeQL Kotlin extractor", "timestamp": "2026-09-27 14:18:01", "kind": "INFO", "message": "Skipping extracting external decl Path" }
{ "origin": "CodeQL Kotlin extractor", "timestamp": "2026-09-27 14:18:01", "kind": "INFO", "message": "Will write TRAP file /Users/macbook/Octo/static_analysis_codeql_1/codeql-kotlin.db/trap/java/classes/org/apache/jena/riot/RDFDataMgr.members/RDFDataMgr.members#65.0-1777774446000-kotlin.trap.gz" }
{ "origin": "CodeQL Kotlin extractor", "timestamp": "2026-09-27 14:18:01", "kind": "INFO", "message": "Finished writing TRAP file /Users/macbook/Octo/static_analysis_codeql_1/codeql-kotlin.db/trap/java/classes/org/apache/jena/riot/RDFDataMgr.members/RDFDataMgr.members#65.0-1777774446000-kotlin.trap.gz" }
{ "origin": "CodeQL Kotlin extractor", "timestamp": "2026-09-27 14:18:01", "kind": "INFO", "message": "Skipping extracting external decl URI" }
{ "origin": "CodeQL Kotlin extractor", "timestamp": "2026-09-27 14:18:01", "kind": "INFO", "message": "Will write TRAP file /Users/macbook/Octo/static_analysis_codeql_1/codeql-kotlin.db/trap/java/classes/org/apache/jena/graph/Graph.members/Graph.members#65.0-1777774446000-kotlin.trap.gz" }
{ "origin": "CodeQL Kotlin extractor", "timestamp": "2026-09-27 14:18:01", "kind": "INFO", "message": "Finished writing TRAP file /Users/macbook/Octo/static_analysis_codeql_1/codeql-kotlin.db/trap/java/classes/org/apache/jena/graph/Graph.members/Graph.members#65.0-1777774446000-kotlin.trap.gz" }
{ "origin": "CodeQL Kotlin extractor", "timestamp": "2026-09-27 14:18:01", "kind": "INFO", "message": "Will write TRAP file /Users/macbook/Octo/static_analysis_codeql_1/codeql-kotlin.db/trap/java/classes/org/apache/jena/rdf/model/ModelGraphInterface.members/ModelGraphInterface.members#65.0-1777774446000-kotlin.trap.gz" }
{ "origin": "CodeQL Kotlin extractor", "timestamp": "2026-09-27 14:18:01", "kind": "INFO", "message": "Finished writing TRAP file /Users/macbook/Octo/static_analysis_codeql_1/codeql-kotlin.db/trap/java/classes/org/apache/jena/rdf/model/ModelGraphInterface.members/ModelGraphInterface.members#65.0-1777774446000-kotlin.trap.gz" }
{ "origin": "CodeQL Kotlin extractor", "timestamp": "2026-09-27 14:18:01", "kind": "INFO", "message": "Will write TRAP file /Users/macbook/Octo/static_analysis_codeql_1/codeql-kotlin.db/trap/java/classes/org/apache/jena/rdf/model/InfModel.members/InfModel.members#65.0-1777774446000-kotlin.trap.gz" }
{ "origin": "CodeQL Kotlin extractor", "timestamp": "2026-09-27 14:18:01", "kind": "INFO", "message": "Finished writing TRAP file /Users/macbook/Octo/static_analysis_codeql_1/codeql-kotlin.db/trap/java/classes/org/apache/jena/rdf/model/InfModel.members/InfModel.members#65.0-1777774446000-kotlin.trap.gz" }
{ "origin": "CodeQL Kotlin extractor", "timestamp": "2026-09-27 14:18:01", "kind": "INFO", "message": "Will write TRAP file /Users/macbook/Octo/static_analysis_codeql_1/codeql-kotlin.db/trap/java/classes/org/apache/jena/rdf/model/ModelFactory.members/ModelFactory.members#65.0-1777774446000-kotlin.trap.gz" }
{ "origin": "CodeQL Kotlin extractor", "timestamp": "2026-09-27 14:18:01", "kind": "INFO", "message": "Finished writing TRAP file /Users/macbook/Octo/static_analysis_codeql_1/codeql-kotlin.db/trap/java/classes/org/apache/jena/rdf/model/ModelFactory.members/ModelFactory.members#65.0-1777774446000-kotlin.trap.gz" }
{ "origin": "CodeQL Kotlin extractor", "timestamp": "2026-09-27 14:18:01", "kind": "INFO", "message": "Will write TRAP file /Users/macbook/Octo/static_analysis_codeql_1/codeql-kotlin.db/trap/java/classes/org/apache/jena/shacl/ValidationReport.members/ValidationReport.members#65.0-1777774446000-kotlin.trap.gz" }
{ "origin": "CodeQL Kotlin extractor", "timestamp": "2026-09-27 14:18:01", "kind": "INFO", "message": "Finished writing TRAP file /Users/macbook/Octo/static_analysis_codeql_1/codeql-kotlin.db/trap/java/classes/org/apache/jena/shacl/ValidationReport.members/ValidationReport.members#65.0-1777774446000-kotlin.trap.gz" }
{ "origin": "CodeQL Kotlin extractor", "timestamp": "2026-09-27 14:18:01", "kind": "INFO", "message": "Will write TRAP file /Users/macbook/Octo/static_analysis_codeql_1/codeql-kotlin.db/trap/java/classes/org/apache/jena/shacl/ShaclValidator.members/ShaclValidator.members#65.0-1777774446000-kotlin.trap.gz" }
{ "origin": "CodeQL Kotlin extractor", "timestamp": "2026-09-27 14:18:01", "kind": "INFO", "message": "Finished writing TRAP file /Users/macbook/Octo/static_analysis_codeql_1/codeql-kotlin.db/trap/java/classes/org/apache/jena/shacl/ShaclValidator.members/ShaclValidator.members#65.0-1777774446000-kotlin.trap.gz" }
{ "origin": "CodeQL Kotlin extractor", "timestamp": "2026-09-27 14:18:01", "kind": "INFO", "message": "Skipping extracting external decl Iterable" }
{ "origin": "CodeQL Kotlin extractor", "timestamp": "2026-09-27 14:18:01", "kind": "INFO", "message": "Skipping extracting external decl Function1" }
{ "origin": "CodeQL Kotlin extractor", "timestamp": "2026-09-27 14:18:01", "kind": "INFO", "message": "Skipping extracting external decl Function" }
{ "origin": "CodeQL Kotlin extractor", "timestamp": "2026-09-27 14:18:01", "kind": "INFO", "message": "Skipping extracting external decl Function1" }
{ "origin": "CodeQL Kotlin extractor", "timestamp": "2026-09-27 14:18:01", "kind": "INFO", "message": "Will write TRAP file /Users/macbook/Octo/static_analysis_codeql_1/codeql-kotlin.db/trap/java/classes/kotlin/collections/distinctBy(java.lang.Iterable,kotlin.jvm.functions.Function1).members/distinctBy(java.lang.Iterable,kotlin.jvm.functions.Function1).members#-1.0-0-null.trap.gz" }
{ "origin": "CodeQL Kotlin extractor", "timestamp": "2026-09-27 14:18:01", "kind": "INFO", "message": "Finished writing TRAP file /Users/macbook/Octo/static_analysis_codeql_1/codeql-kotlin.db/trap/java/classes/kotlin/collections/distinctBy(java.lang.Iterable,kotlin.jvm.functions.Function1).members/distinctBy(java.lang.Iterable,kotlin.jvm.functions.Function1).members#-1.0-0-null.trap.gz" }
{ "origin": "CodeQL Kotlin extractor", "timestamp": "2026-09-27 14:18:01", "kind": "INFO", "message": "Skipping extracting external decl Pair" }
{ "origin": "CodeQL Kotlin extractor", "timestamp": "2026-09-27 14:18:01", "kind": "INFO", "message": "Skipping extracting external decl Serializable" }
{ "origin": "CodeQL Kotlin extractor", "timestamp": "2026-09-27 14:18:01", "kind": "INFO", "message": "Skipping extracting external decl map" }
{ "origin": "CodeQL Kotlin extractor", "timestamp": "2026-09-27 14:18:01", "kind": "INFO", "message": "Will write TRAP file /Users/macbook/Octo/static_analysis_codeql_1/codeql-kotlin.db/trap/java/classes/org/apache/jena/shacl/validation/ReportEntry.members/ReportEntry.members#65.0-1777774446000-kotlin.trap.gz" }
{ "origin": "CodeQL Kotlin extractor", "timestamp": "2026-09-27 14:18:01", "kind": "INFO", "message": "Finished writing TRAP file /Users/macbook/Octo/static_analysis_codeql_1/codeql-kotlin.db/trap/java/classes/org/apache/jena/shacl/validation/ReportEntry.members/ReportEntry.members#65.0-1777774446000-kotlin.trap.gz" }
{ "origin": "CodeQL Kotlin extractor", "timestamp": "2026-09-27 14:18:01", "kind": "INFO", "message": "Skipping extracting external decl filter" }
{ "origin": "CodeQL Kotlin extractor", "timestamp": "2026-09-27 14:18:01", "kind": "INFO", "message": "Will write TRAP file /Users/macbook/Octo/static_analysis_codeql_1/codeql-kotlin.db/trap/java/classes/org/apache/jena/shacl/validation/Severity.members/Severity.members#65.0-1777774446000-kotlin.trap.gz" }
{ "origin": "CodeQL Kotlin extractor", "timestamp": "2026-09-27 14:18:01", "kind": "INFO", "message": "Finished writing TRAP file /Users/macbook/Octo/static_analysis_codeql_1/codeql-kotlin.db/trap/java/classes/org/apache/jena/shacl/validation/Severity.members/Severity.members#65.0-1777774446000-kotlin.trap.gz" }
{ "origin": "CodeQL Kotlin extractor", "timestamp": "2026-09-27 14:18:01", "kind": "INFO", "message": "Skipping extracting external decl CharSequence" }
{ "origin": "CodeQL Kotlin extractor", "timestamp": "2026-09-27 14:18:01", "kind": "INFO", "message": "Skipping extracting external decl CharSequence" }
{ "origin": "CodeQL Kotlin extractor", "timestamp": "2026-09-27 14:18:01", "kind": "INFO", "message": "Skipping extracting external decl Function0" }
{ "origin": "CodeQL Kotlin extractor", "timestamp": "2026-09-27 14:18:01", "kind": "INFO", "message": "Skipping extracting external decl Function0" }
{ "origin": "CodeQL Kotlin extractor", "timestamp": "2026-09-27 14:18:01", "kind": "INFO", "message": "Will write TRAP file /Users/macbook/Octo/static_analysis_codeql_1/codeql-kotlin.db/trap/java/classes/kotlin/text/ifEmpty(java.lang.CharSequence,kotlin.jvm.functions.Function0).members/ifEmpty(java.lang.CharSequence,kotlin.jvm.functions.Function0).members#-1.0-0-null.trap.gz" }
{ "origin": "CodeQL Kotlin extractor", "timestamp": "2026-09-27 14:18:01", "kind": "INFO", "message": "Finished writing TRAP file /Users/macbook/Octo/static_analysis_codeql_1/codeql-kotlin.db/trap/java/classes/kotlin/text/ifEmpty(java.lang.CharSequence,kotlin.jvm.functions.Function0).members/ifEmpty(java.lang.CharSequence,kotlin.jvm.functions.Function0).members#-1.0-0-null.trap.gz" }
{ "origin": "CodeQL Kotlin extractor", "timestamp": "2026-09-27 14:18:01", "kind": "INFO", "message": "Will write TRAP file /Users/macbook/Octo/static_analysis_codeql_1/codeql-kotlin.db/trap/java/classes/kotlin/text/orEmpty(java.lang.String).members/orEmpty(java.lang.String).members#-1.0-0-null.trap.gz" }
{ "origin": "CodeQL Kotlin extractor", "timestamp": "2026-09-27 14:18:01", "kind": "INFO", "message": "Finished writing TRAP file /Users/macbook/Octo/static_analysis_codeql_1/codeql-kotlin.db/trap/java/classes/kotlin/text/orEmpty(java.lang.String).members/orEmpty(java.lang.String).members#-1.0-0-null.trap.gz" }
{ "origin": "CodeQL Kotlin extractor", "timestamp": "2026-09-27 14:18:01", "kind": "INFO", "message": "Skipping extracting external decl trim" }
{ "origin": "CodeQL Kotlin extractor", "timestamp": "2026-09-27 14:18:01", "kind": "INFO", "message": "Will write TRAP file /Users/macbook/Octo/static_analysis_codeql_1/codeql-kotlin.db/trap/java/classes/org/apache/jena/graph/Node.members/Node.members#65.0-1777774446000-kotlin.trap.gz" }
{ "origin": "CodeQL Kotlin extractor", "timestamp": "2026-09-27 14:18:01", "kind": "INFO", "message": "Finished writing TRAP file /Users/macbook/Octo/static_analysis_codeql_1/codeql-kotlin.db/trap/java/classes/org/apache/jena/graph/Node.members/Node.members#65.0-1777774446000-kotlin.trap.gz" }
{ "origin": "CodeQL Kotlin extractor", "timestamp": "2026-09-27 14:18:01", "kind": "INFO", "message": "Skipping extracting external decl let" }
{ "origin": "CodeQL Kotlin extractor", "timestamp": "2026-09-27 14:18:01", "kind": "INFO", "message": "Will write TRAP file /Users/macbook/Octo/static_analysis_codeql_1/codeql-kotlin.db/trap/java/classes/org/apache/jena/sparql/path/Path.members/Path.members#65.0-1777774446000-kotlin.trap.gz" }
{ "origin": "CodeQL Kotlin extractor", "timestamp": "2026-09-27 14:18:01", "kind": "INFO", "message": "Finished writing TRAP file /Users/macbook/Octo/static_analysis_codeql_1/codeql-kotlin.db/trap/java/classes/org/apache/jena/sparql/path/Path.members/Path.members#65.0-1777774446000-kotlin.trap.gz" }
{ "origin": "CodeQL Kotlin extractor", "timestamp": "2026-09-27 14:18:01", "kind": "INFO", "message": "Skipping extracting external decl to" }
{ "origin": "CodeQL Kotlin extractor", "timestamp": "2026-09-27 14:18:01", "kind": "INFO", "message": "Skipping extracting external decl Cloneable" }
{ "origin": "CodeQL Kotlin extractor", "timestamp": "2026-09-27 14:18:01", "kind": "INFO", "message": "Skipping extracting external decl Cloneable" }
{ "origin": "CodeQL Kotlin extractor", "timestamp": "2026-09-27 14:18:01", "kind": "INFO", "message": "Will write TRAP file /Users/macbook/Octo/static_analysis_codeql_1/codeql-kotlin.db/trap/java/classes/kotlin/collections/listOf(java.lang.Object[]).members/listOf(java.lang.Object[]).members#-1.0-0-null.trap.gz" }
{ "origin": "CodeQL Kotlin extractor", "timestamp": "2026-09-27 14:18:01", "kind": "INFO", "message": "Finished writing TRAP file /Users/macbook/Octo/static_analysis_codeql_1/codeql-kotlin.db/trap/java/classes/kotlin/collections/listOf(java.lang.Object[]).members/listOf(java.lang.Object[]).members#-1.0-0-null.trap.gz" }
{ "origin": "CodeQL Kotlin extractor", "timestamp": "2026-09-27 14:18:01", "kind": "INFO", "message": "Skipping extracting external decl FunctionReference" }
{ "origin": "CodeQL Kotlin extractor", "timestamp": "2026-09-27 14:18:01", "kind": "INFO", "message": "Skipping extracting external decl Long" }
{ "origin": "CodeQL Kotlin extractor", "timestamp": "2026-09-27 14:18:01", "kind": "INFO", "message": "Skipping extracting external decl Long" }
{ "origin": "CodeQL Kotlin extractor", "timestamp": "2026-09-27 14:18:01", "kind": "INFO", "message": "Skipping extracting external decl Deprecated" }
{ "origin": "CodeQL Kotlin extractor", "timestamp": "2026-09-27 14:18:01", "kind": "INFO", "message": "Will write TRAP file /Users/macbook/Octo/static_analysis_codeql_1/codeql-kotlin.db/trap/java/classes/org/apache/jena/rdf/model/ResIterator.members/ResIterator.members#65.0-1777774446000-kotlin.trap.gz" }
{ "origin": "CodeQL Kotlin extractor", "timestamp": "2026-09-27 14:18:01", "kind": "INFO", "message": "Finished writing TRAP file /Users/macbook/Octo/static_analysis_codeql_1/codeql-kotlin.db/trap/java/classes/org/apache/jena/rdf/model/ResIterator.members/ResIterator.members#65.0-1777774446000-kotlin.trap.gz" }
{ "origin": "CodeQL Kotlin extractor", "timestamp": "2026-09-27 14:18:01", "kind": "INFO", "message": "Will write TRAP file /Users/macbook/Octo/static_analysis_codeql_1/codeql-kotlin.db/trap/java/classes/org/apache/jena/rdf/model/NsIterator.members/NsIterator.members#65.0-1777774446000-kotlin.trap.gz" }
{ "origin": "CodeQL Kotlin extractor", "timestamp": "2026-09-27 14:18:01", "kind": "INFO", "message": "Finished writing TRAP file /Users/macbook/Octo/static_analysis_codeql_1/codeql-kotlin.db/trap/java/classes/org/apache/jena/rdf/model/NsIterator.members/NsIterator.members#65.0-1777774446000-kotlin.trap.gz" }
{ "origin": "CodeQL Kotlin extractor", "timestamp": "2026-09-27 14:18:01", "kind": "INFO", "message": "Will write TRAP file /Users/macbook/Octo/static_analysis_codeql_1/codeql-kotlin.db/trap/java/classes/org/apache/jena/rdf/model/Resource.members/Resource.members#65.0-1777774446000-kotlin.trap.gz" }
{ "origin": "CodeQL Kotlin extractor", "timestamp": "2026-09-27 14:18:01", "kind": "INFO", "message": "Finished writing TRAP file /Users/macbook/Octo/static_analysis_codeql_1/codeql-kotlin.db/trap/java/classes/org/apache/jena/rdf/model/Resource.members/Resource.members#65.0-1777774446000-kotlin.trap.gz" }
{ "origin": "CodeQL Kotlin extractor", "timestamp": "2026-09-27 14:18:01", "kind": "INFO", "message": "Will write TRAP file /Users/macbook/Octo/static_analysis_codeql_1/codeql-kotlin.db/trap/java/classes/org/apache/jena/rdf/model/AnonId.members/AnonId.members#65.0-1777774446000-kotlin.trap.gz" }
{ "origin": "CodeQL Kotlin extractor", "timestamp": "2026-09-27 14:18:01", "kind": "INFO", "message": "Finished writing TRAP file /Users/macbook/Octo/static_analysis_codeql_1/codeql-kotlin.db/trap/java/classes/org/apache/jena/rdf/model/AnonId.members/AnonId.members#65.0-1777774446000-kotlin.trap.gz" }
{ "origin": "CodeQL Kotlin extractor", "timestamp": "2026-09-27 14:18:01", "kind": "INFO", "message": "Will write TRAP file /Users/macbook/Octo/static_analysis_codeql_1/codeql-kotlin.db/trap/java/classes/org/apache/jena/rdf/model/Property.members/Property.members#65.0-1777774446000-kotlin.trap.gz" }
{ "origin": "CodeQL Kotlin extractor", "timestamp": "2026-09-27 14:18:01", "kind": "INFO", "message": "Finished writing TRAP file /Users/macbook/Octo/static_analysis_codeql_1/codeql-kotlin.db/trap/java/classes/org/apache/jena/rdf/model/Property.members/Property.members#65.0-1777774446000-kotlin.trap.gz" }
{ "origin": "CodeQL Kotlin extractor", "timestamp": "2026-09-27 14:18:01", "kind": "INFO", "message": "Will write TRAP file /Users/macbook/Octo/static_analysis_codeql_1/codeql-kotlin.db/trap/java/classes/org/apache/jena/rdf/model/Statement.members/Statement.members#65.0-1777774446000-kotlin.trap.gz" }
{ "origin": "CodeQL Kotlin extractor", "timestamp": "2026-09-27 14:18:02", "kind": "INFO", "message": "Finished writing TRAP file /Users/macbook/Octo/static_analysis_codeql_1/codeql-kotlin.db/trap/java/classes/org/apache/jena/rdf/model/Statement.members/Statement.members#65.0-1777774446000-kotlin.trap.gz" }
{ "origin": "CodeQL Kotlin extractor", "timestamp": "2026-09-27 14:18:02", "kind": "INFO", "message": "Will write TRAP file /Users/macbook/Octo/static_analysis_codeql_1/codeql-kotlin.db/trap/java/classes/org/apache/jena/rdf/model/StatementTerm.members/StatementTerm.members#65.0-1777774446000-kotlin.trap.gz" }
{ "origin": "CodeQL Kotlin extractor", "timestamp": "2026-09-27 14:18:02", "kind": "INFO", "message": "Finished writing TRAP file /Users/macbook/Octo/static_analysis_codeql_1/codeql-kotlin.db/trap/java/classes/org/apache/jena/rdf/model/StatementTerm.members/StatementTerm.members#65.0-1777774446000-kotlin.trap.gz" }
{ "origin": "CodeQL Kotlin extractor", "timestamp": "2026-09-27 14:18:02", "kind": "INFO", "message": "Will write TRAP file /Users/macbook/Octo/static_analysis_codeql_1/codeql-kotlin.db/trap/java/classes/org/apache/jena/rdf/model/Literal.members/Literal.members#65.0-1777774446000-kotlin.trap.gz" }
{ "origin": "CodeQL Kotlin extractor", "timestamp": "2026-09-27 14:18:02", "kind": "INFO", "message": "Finished writing TRAP file /Users/macbook/Octo/static_analysis_codeql_1/codeql-kotlin.db/trap/java/classes/org/apache/jena/rdf/model/Literal.members/Literal.members#65.0-1777774446000-kotlin.trap.gz" }
{ "origin": "CodeQL Kotlin extractor", "timestamp": "2026-09-27 14:18:02", "kind": "INFO", "message": "Will write TRAP file /Users/macbook/Octo/static_analysis_codeql_1/codeql-kotlin.db/trap/java/classes/org/apache/jena/datatypes/RDFDatatype.members/RDFDatatype.members#65.0-1777774446000-kotlin.trap.gz" }
{ "origin": "CodeQL Kotlin extractor", "timestamp": "2026-09-27 14:18:02", "kind": "INFO", "message": "Finished writing TRAP file /Users/macbook/Octo/static_analysis_codeql_1/codeql-kotlin.db/trap/java/classes/org/apache/jena/datatypes/RDFDatatype.members/RDFDatatype.members#65.0-1777774446000-kotlin.trap.gz" }
{ "origin": "CodeQL Kotlin extractor", "timestamp": "2026-09-27 14:18:02", "kind": "INFO", "message": "Will write TRAP file /Users/macbook/Octo/static_analysis_codeql_1/codeql-kotlin.db/trap/java/classes/org/apache/jena/rdf/model/RDFNode.members/RDFNode.members#65.0-1777774446000-kotlin.trap.gz" }
{ "origin": "CodeQL Kotlin extractor", "timestamp": "2026-09-27 14:18:02", "kind": "INFO", "message": "Finished writing TRAP file /Users/macbook/Octo/static_analysis_codeql_1/codeql-kotlin.db/trap/java/classes/org/apache/jena/rdf/model/RDFNode.members/RDFNode.members#65.0-1777774446000-kotlin.trap.gz" }
{ "origin": "CodeQL Kotlin extractor", "timestamp": "2026-09-27 14:18:02", "kind": "INFO", "message": "Will write TRAP file /Users/macbook/Octo/static_analysis_codeql_1/codeql-kotlin.db/trap/java/classes/org/apache/jena/rdf/model/RDFList.members/RDFList.members#65.0-1777774446000-kotlin.trap.gz" }
{ "origin": "CodeQL Kotlin extractor", "timestamp": "2026-09-27 14:18:02", "kind": "INFO", "message": "Finished writing TRAP file /Users/macbook/Octo/static_analysis_codeql_1/codeql-kotlin.db/trap/java/classes/org/apache/jena/rdf/model/RDFList.members/RDFList.members#65.0-1777774446000-kotlin.trap.gz" }
{ "origin": "CodeQL Kotlin extractor", "timestamp": "2026-09-27 14:18:02", "kind": "INFO", "message": "Skipping extracting external decl Iterator" }
{ "origin": "CodeQL Kotlin extractor", "timestamp": "2026-09-27 14:18:02", "kind": "INFO", "message": "Skipping extracting external decl MutableIterator" }
{ "origin": "CodeQL Kotlin extractor", "timestamp": "2026-09-27 14:18:02", "kind": "INFO", "message": "Skipping extracting external decl MutableList" }
{ "origin": "CodeQL Kotlin extractor", "timestamp": "2026-09-27 14:18:02", "kind": "INFO", "message": "Will write TRAP file /Users/macbook/Octo/static_analysis_codeql_1/codeql-kotlin.db/trap/java/classes/org/apache/jena/rdf/model/StmtIterator.members/StmtIterator.members#65.0-1777774446000-kotlin.trap.gz" }
{ "origin": "CodeQL Kotlin extractor", "timestamp": "2026-09-27 14:18:02", "kind": "INFO", "message": "Finished writing TRAP file /Users/macbook/Octo/static_analysis_codeql_1/codeql-kotlin.db/trap/java/classes/org/apache/jena/rdf/model/StmtIterator.members/StmtIterator.members#65.0-1777774446000-kotlin.trap.gz" }
{ "origin": "CodeQL Kotlin extractor", "timestamp": "2026-09-27 14:18:02", "kind": "INFO", "message": "Skipping extracting external decl InputStream" }
{ "origin": "CodeQL Kotlin extractor", "timestamp": "2026-09-27 14:18:02", "kind": "INFO", "message": "Skipping extracting external decl Reader" }
{ "origin": "CodeQL Kotlin extractor", "timestamp": "2026-09-27 14:18:02", "kind": "INFO", "message": "Skipping extracting external decl Writer" }
{ "origin": "CodeQL Kotlin extractor", "timestamp": "2026-09-27 14:18:02", "kind": "INFO", "message": "Skipping extracting external decl OutputStream" }
{ "origin": "CodeQL Kotlin extractor", "timestamp": "2026-09-27 14:18:02", "kind": "INFO", "message": "Will write TRAP file /Users/macbook/Octo/static_analysis_codeql_1/codeql-kotlin.db/trap/java/classes/org/apache/jena/rdf/model/RDFReaderI.members/RDFReaderI.members#65.0-1777774446000-kotlin.trap.gz" }
{ "origin": "CodeQL Kotlin extractor", "timestamp": "2026-09-27 14:18:02", "kind": "INFO", "message": "Finished writing TRAP file /Users/macbook/Octo/static_analysis_codeql_1/codeql-kotlin.db/trap/java/classes/org/apache/jena/rdf/model/RDFReaderI.members/RDFReaderI.members#65.0-1777774446000-kotlin.trap.gz" }
{ "origin": "CodeQL Kotlin extractor", "timestamp": "2026-09-27 14:18:02", "kind": "INFO", "message": "Will write TRAP file /Users/macbook/Octo/static_analysis_codeql_1/codeql-kotlin.db/trap/java/classes/org/apache/jena/rdf/model/RDFWriterI.members/RDFWriterI.members#65.0-1777774446000-kotlin.trap.gz" }
{ "origin": "CodeQL Kotlin extractor", "timestamp": "2026-09-27 14:18:02", "kind": "INFO", "message": "Finished writing TRAP file /Users/macbook/Octo/static_analysis_codeql_1/codeql-kotlin.db/trap/java/classes/org/apache/jena/rdf/model/RDFWriterI.members/RDFWriterI.members#65.0-1777774446000-kotlin.trap.gz" }
{ "origin": "CodeQL Kotlin extractor", "timestamp": "2026-09-27 14:18:02", "kind": "INFO", "message": "Will write TRAP file /Users/macbook/Octo/static_analysis_codeql_1/codeql-kotlin.db/trap/java/classes/org/apache/jena/rdf/model/NodeIterator.members/NodeIterator.members#65.0-1777774446000-kotlin.trap.gz" }
{ "origin": "CodeQL Kotlin extractor", "timestamp": "2026-09-27 14:18:02", "kind": "INFO", "message": "Finished writing TRAP file /Users/macbook/Octo/static_analysis_codeql_1/codeql-kotlin.db/trap/java/classes/org/apache/jena/rdf/model/NodeIterator.members/NodeIterator.members#65.0-1777774446000-kotlin.trap.gz" }
{ "origin": "CodeQL Kotlin extractor", "timestamp": "2026-09-27 14:18:02", "kind": "INFO", "message": "Skipping extracting external decl Runnable" }
{ "origin": "CodeQL Kotlin extractor", "timestamp": "2026-09-27 14:18:02", "kind": "INFO", "message": "Skipping extracting external decl Supplier" }
{ "origin": "CodeQL Kotlin extractor", "timestamp": "2026-09-27 14:18:02", "kind": "INFO", "message": "Will write TRAP file /Users/macbook/Octo/static_analysis_codeql_1/codeql-kotlin.db/trap/java/classes/org/apache/jena/shared/Lock.members/Lock.members#65.0-1777774446000-kotlin.trap.gz" }
{ "origin": "CodeQL Kotlin extractor", "timestamp": "2026-09-27 14:18:02", "kind": "INFO", "message": "Finished writing TRAP file /Users/macbook/Octo/static_analysis_codeql_1/codeql-kotlin.db/trap/java/classes/org/apache/jena/shared/Lock.members/Lock.members#65.0-1777774446000-kotlin.trap.gz" }
{ "origin": "CodeQL Kotlin extractor", "timestamp": "2026-09-27 14:18:02", "kind": "INFO", "message": "Will write TRAP file /Users/macbook/Octo/static_analysis_codeql_1/codeql-kotlin.db/trap/java/classes/org/apache/jena/rdf/model/ModelChangedListener.members/ModelChangedListener.members#65.0-1777774446000-kotlin.trap.gz" }
{ "origin": "CodeQL Kotlin extractor", "timestamp": "2026-09-27 14:18:02", "kind": "INFO", "message": "Finished writing TRAP file /Users/macbook/Octo/static_analysis_codeql_1/codeql-kotlin.db/trap/java/classes/org/apache/jena/rdf/model/ModelChangedListener.members/ModelChangedListener.members#65.0-1777774446000-kotlin.trap.gz" }
{ "origin": "CodeQL Kotlin extractor", "timestamp": "2026-09-27 14:18:02", "kind": "INFO", "message": "Will write TRAP file /Users/macbook/Octo/static_analysis_codeql_1/codeql-kotlin.db/trap/java/classes/org/apache/jena/shared/PrefixMapping.members/PrefixMapping.members#65.0-1777774446000-kotlin.trap.gz" }
{ "origin": "CodeQL Kotlin extractor", "timestamp": "2026-09-27 14:18:02", "kind": "INFO", "message": "Finished writing TRAP file /Users/macbook/Octo/static_analysis_codeql_1/codeql-kotlin.db/trap/java/classes/org/apache/jena/shared/PrefixMapping.members/PrefixMapping.members#65.0-1777774446000-kotlin.trap.gz" }
{ "origin": "CodeQL Kotlin extractor", "timestamp": "2026-09-27 14:18:02", "kind": "INFO", "message": "Skipping extracting external decl Map" }
{ "origin": "CodeQL Kotlin extractor", "timestamp": "2026-09-27 14:18:02", "kind": "INFO", "message": "Skipping extracting external decl MutableMap" }
{ "origin": "CodeQL Kotlin extractor", "timestamp": "2026-09-27 14:18:02", "kind": "INFO", "message": "Will write TRAP file /Users/macbook/Octo/static_analysis_codeql_1/codeql-kotlin.db/trap/java/classes/org/apache/jena/rdf/model/ModelCon.members/ModelCon.members#65.0-1777774446000-kotlin.trap.gz" }
{ "origin": "CodeQL Kotlin extractor", "timestamp": "2026-09-27 14:18:02", "kind": "INFO", "message": "Finished writing TRAP file /Users/macbook/Octo/static_analysis_codeql_1/codeql-kotlin.db/trap/java/classes/org/apache/jena/rdf/model/ModelCon.members/ModelCon.members#65.0-1777774446000-kotlin.trap.gz" }
{ "origin": "CodeQL Kotlin extractor", "timestamp": "2026-09-27 14:18:02", "kind": "INFO", "message": "Will write TRAP file /Users/macbook/Octo/static_analysis_codeql_1/codeql-kotlin.db/trap/java/classes/org/apache/jena/rdf/model/RDFReaderF.members/RDFReaderF.members#65.0-1777774446000-kotlin.trap.gz" }
{ "origin": "CodeQL Kotlin extractor", "timestamp": "2026-09-27 14:18:02", "kind": "INFO", "message": "Finished writing TRAP file /Users/macbook/Octo/static_analysis_codeql_1/codeql-kotlin.db/trap/java/classes/org/apache/jena/rdf/model/RDFReaderF.members/RDFReaderF.members#65.0-1777774446000-kotlin.trap.gz" }
{ "origin": "CodeQL Kotlin extractor", "timestamp": "2026-09-27 14:18:02", "kind": "INFO", "message": "Will write TRAP file /Users/macbook/Octo/static_analysis_codeql_1/codeql-kotlin.db/trap/java/classes/org/apache/jena/rdf/model/RDFWriterF.members/RDFWriterF.members#65.0-1777774446000-kotlin.trap.gz" }
{ "origin": "CodeQL Kotlin extractor", "timestamp": "2026-09-27 14:18:02", "kind": "INFO", "message": "Finished writing TRAP file /Users/macbook/Octo/static_analysis_codeql_1/codeql-kotlin.db/trap/java/classes/org/apache/jena/rdf/model/RDFWriterF.members/RDFWriterF.members#65.0-1777774446000-kotlin.trap.gz" }
{ "origin": "CodeQL Kotlin extractor", "timestamp": "2026-09-27 14:18:02", "kind": "INFO", "message": "Will write TRAP file /Users/macbook/Octo/static_analysis_codeql_1/codeql-kotlin.db/trap/java/classes/org/apache/jena/shacl/parser/Shape.members/Shape.members#65.0-1777774446000-kotlin.trap.gz" }
{ "origin": "CodeQL Kotlin extractor", "timestamp": "2026-09-27 14:18:02", "kind": "INFO", "message": "Finished writing TRAP file /Users/macbook/Octo/static_analysis_codeql_1/codeql-kotlin.db/trap/java/classes/org/apache/jena/shacl/parser/Shape.members/Shape.members#65.0-1777774446000-kotlin.trap.gz" }
{ "origin": "CodeQL Kotlin extractor", "timestamp": "2026-09-27 14:18:02", "kind": "INFO", "message": "Will write TRAP file /Users/macbook/Octo/static_analysis_codeql_1/codeql-kotlin.db/trap/java/classes/org/apache/jena/riot/system/PrefixMap.members/PrefixMap.members#65.0-1777774446000-kotlin.trap.gz" }
{ "origin": "CodeQL Kotlin extractor", "timestamp": "2026-09-27 14:18:02", "kind": "INFO", "message": "Finished writing TRAP file /Users/macbook/Octo/static_analysis_codeql_1/codeql-kotlin.db/trap/java/classes/org/apache/jena/riot/system/PrefixMap.members/PrefixMap.members#65.0-1777774446000-kotlin.trap.gz" }
{ "origin": "CodeQL Kotlin extractor", "timestamp": "2026-09-27 14:18:02", "kind": "INFO", "message": "Will write TRAP file /Users/macbook/Octo/static_analysis_codeql_1/codeql-kotlin.db/trap/java/classes/org/apache/jena/shacl/engine/Targets.members/Targets.members#65.0-1777774446000-kotlin.trap.gz" }
{ "origin": "CodeQL Kotlin extractor", "timestamp": "2026-09-27 14:18:02", "kind": "INFO", "message": "Finished writing TRAP file /Users/macbook/Octo/static_analysis_codeql_1/codeql-kotlin.db/trap/java/classes/org/apache/jena/shacl/engine/Targets.members/Targets.members#65.0-1777774446000-kotlin.trap.gz" }
{ "origin": "CodeQL Kotlin extractor", "timestamp": "2026-09-27 14:18:02", "kind": "INFO", "message": "Skipping extracting external decl Consumer" }
{ "origin": "CodeQL Kotlin extractor", "timestamp": "2026-09-27 14:18:02", "kind": "INFO", "message": "Skipping extracting external decl Spliterator" }
{ "origin": "CodeQL Kotlin extractor", "timestamp": "2026-09-27 14:18:02", "kind": "INFO", "message": "Will write TRAP file /Users/macbook/Octo/static_analysis_codeql_1/codeql-kotlin.db/trap/java/classes/org/slf4j/Logger.members/Logger.members#52.0-1740476160000-kotlin.trap.gz" }
{ "origin": "CodeQL Kotlin extractor", "timestamp": "2026-09-27 14:18:02", "kind": "INFO", "message": "Finished writing TRAP file /Users/macbook/Octo/static_analysis_codeql_1/codeql-kotlin.db/trap/java/classes/org/slf4j/Logger.members/Logger.members#52.0-1740476160000-kotlin.trap.gz" }
{ "origin": "CodeQL Kotlin extractor", "timestamp": "2026-09-27 14:18:02", "kind": "INFO", "message": "Will write TRAP file /Users/macbook/Octo/static_analysis_codeql_1/codeql-kotlin.db/trap/java/classes/org/apache/jena/riot/Lang.members/Lang.members#65.0-1777774446000-kotlin.trap.gz" }
{ "origin": "CodeQL Kotlin extractor", "timestamp": "2026-09-27 14:18:02", "kind": "INFO", "message": "Finished writing TRAP file /Users/macbook/Octo/static_analysis_codeql_1/codeql-kotlin.db/trap/java/classes/org/apache/jena/riot/Lang.members/Lang.members#65.0-1777774446000-kotlin.trap.gz" }
{ "origin": "CodeQL Kotlin extractor", "timestamp": "2026-09-27 14:18:02", "kind": "INFO", "message": "Will write TRAP file /Users/macbook/Octo/static_analysis_codeql_1/codeql-kotlin.db/trap/java/classes/java/io/StringReader.members/StringReader.members#65.0-1789983753036-kotlin.trap.gz" }
{ "origin": "CodeQL Kotlin extractor", "timestamp": "2026-09-27 14:18:02", "kind": "INFO", "message": "Finished writing TRAP file /Users/macbook/Octo/static_analysis_codeql_1/codeql-kotlin.db/trap/java/classes/java/io/StringReader.members/StringReader.members#65.0-1789983753036-kotlin.trap.gz" }
{ "origin": "CodeQL Kotlin extractor", "timestamp": "2026-09-27 14:18:02", "kind": "INFO", "message": "Will write TRAP file /Users/macbook/Octo/static_analysis_codeql_1/codeql-kotlin.db/trap/java/classes/org/apache/jena/query/Dataset.members/Dataset.members#65.0-1777774446000-kotlin.trap.gz" }
{ "origin": "CodeQL Kotlin extractor", "timestamp": "2026-09-27 14:18:02", "kind": "INFO", "message": "Finished writing TRAP file /Users/macbook/Octo/static_analysis_codeql_1/codeql-kotlin.db/trap/java/classes/org/apache/jena/query/Dataset.members/Dataset.members#65.0-1777774446000-kotlin.trap.gz" }
{ "origin": "CodeQL Kotlin extractor", "timestamp": "2026-09-27 14:18:02", "kind": "INFO", "message": "Will write TRAP file /Users/macbook/Octo/static_analysis_codeql_1/codeql-kotlin.db/trap/java/classes/org/apache/jena/sparql/core/DatasetGraph.members/DatasetGraph.members#65.0-1777774446000-kotlin.trap.gz" }
{ "origin": "CodeQL Kotlin extractor", "timestamp": "2026-09-27 14:18:02", "kind": "INFO", "message": "Finished writing TRAP file /Users/macbook/Octo/static_analysis_codeql_1/codeql-kotlin.db/trap/java/classes/org/apache/jena/sparql/core/DatasetGraph.members/DatasetGraph.members#65.0-1777774446000-kotlin.trap.gz" }
{ "origin": "CodeQL Kotlin extractor", "timestamp": "2026-09-27 14:18:02", "kind": "INFO", "message": "Will write TRAP file /Users/macbook/Octo/static_analysis_codeql_1/codeql-kotlin.db/trap/java/classes/org/apache/jena/riot/system/StreamRDF.members/StreamRDF.members#65.0-1777774446000-kotlin.trap.gz" }
{ "origin": "CodeQL Kotlin extractor", "timestamp": "2026-09-27 14:18:02", "kind": "INFO", "message": "Finished writing TRAP file /Users/macbook/Octo/static_analysis_codeql_1/codeql-kotlin.db/trap/java/classes/org/apache/jena/riot/system/StreamRDF.members/StreamRDF.members#65.0-1777774446000-kotlin.trap.gz" }
{ "origin": "CodeQL Kotlin extractor", "timestamp": "2026-09-27 14:18:02", "kind": "INFO", "message": "Will write TRAP file /Users/macbook/Octo/static_analysis_codeql_1/codeql-kotlin.db/trap/java/classes/org/apache/jena/atlas/web/TypedInputStream.members/TypedInputStream.members#65.0-1777774446000-kotlin.trap.gz" }
{ "origin": "CodeQL Kotlin extractor", "timestamp": "2026-09-27 14:18:02", "kind": "INFO", "message": "Finished writing TRAP file /Users/macbook/Octo/static_analysis_codeql_1/codeql-kotlin.db/trap/java/classes/org/apache/jena/atlas/web/TypedInputStream.members/TypedInputStream.members#65.0-1777774446000-kotlin.trap.gz" }
{ "origin": "CodeQL Kotlin extractor", "timestamp": "2026-09-27 14:18:02", "kind": "INFO", "message": "Will write TRAP file /Users/macbook/Octo/static_analysis_codeql_1/codeql-kotlin.db/trap/java/classes/org/apache/jena/riot/system/streammgr/StreamManager.members/StreamManager.members#65.0-1777774446000-kotlin.trap.gz" }
{ "origin": "CodeQL Kotlin extractor", "timestamp": "2026-09-27 14:18:02", "kind": "INFO", "message": "Finished writing TRAP file /Users/macbook/Octo/static_analysis_codeql_1/codeql-kotlin.db/trap/java/classes/org/apache/jena/riot/system/streammgr/StreamManager.members/StreamManager.members#65.0-1777774446000-kotlin.trap.gz" }
{ "origin": "CodeQL Kotlin extractor", "timestamp": "2026-09-27 14:18:02", "kind": "INFO", "message": "Will write TRAP file /Users/macbook/Octo/static_analysis_codeql_1/codeql-kotlin.db/trap/java/classes/org/apache/jena/riot/RDFFormat.members/RDFFormat.members#65.0-1777774446000-kotlin.trap.gz" }
{ "origin": "CodeQL Kotlin extractor", "timestamp": "2026-09-27 14:18:02", "kind": "INFO", "message": "Finished writing TRAP file /Users/macbook/Octo/static_analysis_codeql_1/codeql-kotlin.db/trap/java/classes/org/apache/jena/riot/RDFFormat.members/RDFFormat.members#65.0-1777774446000-kotlin.trap.gz" }
{ "origin": "CodeQL Kotlin extractor", "timestamp": "2026-09-27 14:18:02", "kind": "INFO", "message": "Will write TRAP file /Users/macbook/Octo/static_analysis_codeql_1/codeql-kotlin.db/trap/java/classes/java/io/StringWriter.members/StringWriter.members#65.0-1789983753036-kotlin.trap.gz" }
{ "origin": "CodeQL Kotlin extractor", "timestamp": "2026-09-27 14:18:02", "kind": "INFO", "message": "Finished writing TRAP file /Users/macbook/Octo/static_analysis_codeql_1/codeql-kotlin.db/trap/java/classes/java/io/StringWriter.members/StringWriter.members#65.0-1789983753036-kotlin.trap.gz" }
{ "origin": "CodeQL Kotlin extractor", "timestamp": "2026-09-27 14:18:02", "kind": "INFO", "message": "Will write TRAP file /Users/macbook/Octo/static_analysis_codeql_1/codeql-kotlin.db/trap/java/classes/org/apache/jena/graph/Triple.members/Triple.members#65.0-1777774446000-kotlin.trap.gz" }
{ "origin": "CodeQL Kotlin extractor", "timestamp": "2026-09-27 14:18:02", "kind": "INFO", "message": "Finished writing TRAP file /Users/macbook/Octo/static_analysis_codeql_1/codeql-kotlin.db/trap/java/classes/org/apache/jena/graph/Triple.members/Triple.members#65.0-1777774446000-kotlin.trap.gz" }
{ "origin": "CodeQL Kotlin extractor", "timestamp": "2026-09-27 14:18:02", "kind": "INFO", "message": "Will write TRAP file /Users/macbook/Octo/static_analysis_codeql_1/codeql-kotlin.db/trap/java/classes/org/apache/jena/sparql/core/Quad.members/Quad.members#65.0-1777774446000-kotlin.trap.gz" }
{ "origin": "CodeQL Kotlin extractor", "timestamp": "2026-09-27 14:18:02", "kind": "INFO", "message": "Finished writing TRAP file /Users/macbook/Octo/static_analysis_codeql_1/codeql-kotlin.db/trap/java/classes/org/apache/jena/sparql/core/Quad.members/Quad.members#65.0-1777774446000-kotlin.trap.gz" }
{ "origin": "CodeQL Kotlin extractor", "timestamp": "2026-09-27 14:18:02", "kind": "INFO", "message": "Will write TRAP file /Users/macbook/Octo/static_analysis_codeql_1/codeql-kotlin.db/trap/java/classes/org/apache/jena/graph/TransactionHandler.members/TransactionHandler.members#65.0-1777774446000-kotlin.trap.gz" }
{ "origin": "CodeQL Kotlin extractor", "timestamp": "2026-09-27 14:18:02", "kind": "INFO", "message": "Finished writing TRAP file /Users/macbook/Octo/static_analysis_codeql_1/codeql-kotlin.db/trap/java/classes/org/apache/jena/graph/TransactionHandler.members/TransactionHandler.members#65.0-1777774446000-kotlin.trap.gz" }
{ "origin": "CodeQL Kotlin extractor", "timestamp": "2026-09-27 14:18:02", "kind": "INFO", "message": "Will write TRAP file /Users/macbook/Octo/static_analysis_codeql_1/codeql-kotlin.db/trap/java/classes/org/apache/jena/graph/GraphEventManager.members/GraphEventManager.members#65.0-1777774446000-kotlin.trap.gz" }
{ "origin": "CodeQL Kotlin extractor", "timestamp": "2026-09-27 14:18:02", "kind": "INFO", "message": "Finished writing TRAP file /Users/macbook/Octo/static_analysis_codeql_1/codeql-kotlin.db/trap/java/classes/org/apache/jena/graph/GraphEventManager.members/GraphEventManager.members#65.0-1777774446000-kotlin.trap.gz" }
{ "origin": "CodeQL Kotlin extractor", "timestamp": "2026-09-27 14:18:02", "kind": "INFO", "message": "Will write TRAP file /Users/macbook/Octo/static_analysis_codeql_1/codeql-kotlin.db/trap/java/classes/org/apache/jena/util/iterator/ExtendedIterator.members/ExtendedIterator.members#65.0-1777774446000-kotlin.trap.gz" }
{ "origin": "CodeQL Kotlin extractor", "timestamp": "2026-09-27 14:18:02", "kind": "INFO", "message": "Finished writing TRAP file /Users/macbook/Octo/static_analysis_codeql_1/codeql-kotlin.db/trap/java/classes/org/apache/jena/util/iterator/ExtendedIterator.members/ExtendedIterator.members#65.0-1777774446000-kotlin.trap.gz" }
{ "origin": "CodeQL Kotlin extractor", "timestamp": "2026-09-27 14:18:02", "kind": "INFO", "message": "Will write TRAP file /Users/macbook/Octo/static_analysis_codeql_1/codeql-kotlin.db/trap/java/classes/org/apache/jena/util/iterator/ClosableIterator.members/ClosableIterator.members#65.0-1777774446000-kotlin.trap.gz" }
{ "origin": "CodeQL Kotlin extractor", "timestamp": "2026-09-27 14:18:02", "kind": "INFO", "message": "Finished writing TRAP file /Users/macbook/Octo/static_analysis_codeql_1/codeql-kotlin.db/trap/java/classes/org/apache/jena/util/iterator/ClosableIterator.members/ClosableIterator.members#65.0-1777774446000-kotlin.trap.gz" }
{ "origin": "CodeQL Kotlin extractor", "timestamp": "2026-09-27 14:18:02", "kind": "INFO", "message": "Will write TRAP file /Users/macbook/Octo/static_analysis_codeql_1/codeql-kotlin.db/trap/java/classes/org/apache/jena/atlas/iterator/IteratorCloseable.members/IteratorCloseable.members#65.0-1777774446000-kotlin.trap.gz" }
{ "origin": "CodeQL Kotlin extractor", "timestamp": "2026-09-27 14:18:02", "kind": "INFO", "message": "Finished writing TRAP file /Users/macbook/Octo/static_analysis_codeql_1/codeql-kotlin.db/trap/java/classes/org/apache/jena/atlas/iterator/IteratorCloseable.members/IteratorCloseable.members#65.0-1777774446000-kotlin.trap.gz" }
{ "origin": "CodeQL Kotlin extractor", "timestamp": "2026-09-27 14:18:02", "kind": "INFO", "message": "Will write TRAP file /Users/macbook/Octo/static_analysis_codeql_1/codeql-kotlin.db/trap/java/classes/org/apache/jena/atlas/lib/Closeable.members/Closeable.members#65.0-1777774446000-kotlin.trap.gz" }
{ "origin": "CodeQL Kotlin extractor", "timestamp": "2026-09-27 14:18:02", "kind": "INFO", "message": "Finished writing TRAP file /Users/macbook/Octo/static_analysis_codeql_1/codeql-kotlin.db/trap/java/classes/org/apache/jena/atlas/lib/Closeable.members/Closeable.members#65.0-1777774446000-kotlin.trap.gz" }
{ "origin": "CodeQL Kotlin extractor", "timestamp": "2026-09-27 14:18:02", "kind": "INFO", "message": "Skipping extracting external decl Stream" }
{ "origin": "CodeQL Kotlin extractor", "timestamp": "2026-09-27 14:18:02", "kind": "INFO", "message": "Skipping extracting external decl BaseStream" }
{ "origin": "CodeQL Kotlin extractor", "timestamp": "2026-09-27 14:18:02", "kind": "INFO", "message": "Skipping extracting external decl AutoCloseable" }
{ "origin": "CodeQL Kotlin extractor", "timestamp": "2026-09-27 14:18:02", "kind": "INFO", "message": "Will write TRAP file /Users/macbook/Octo/static_analysis_codeql_1/codeql-kotlin.db/trap/java/classes/org/apache/jena/reasoner/Reasoner.members/Reasoner.members#65.0-1777774446000-kotlin.trap.gz" }
{ "origin": "CodeQL Kotlin extractor", "timestamp": "2026-09-27 14:18:02", "kind": "INFO", "message": "Finished writing TRAP file /Users/macbook/Octo/static_analysis_codeql_1/codeql-kotlin.db/trap/java/classes/org/apache/jena/reasoner/Reasoner.members/Reasoner.members#65.0-1777774446000-kotlin.trap.gz" }
{ "origin": "CodeQL Kotlin extractor", "timestamp": "2026-09-27 14:18:02", "kind": "INFO", "message": "Will write TRAP file /Users/macbook/Octo/static_analysis_codeql_1/codeql-kotlin.db/trap/java/classes/org/apache/jena/reasoner/ValidityReport.members/ValidityReport.members#65.0-1777774446000-kotlin.trap.gz" }
{ "origin": "CodeQL Kotlin extractor", "timestamp": "2026-09-27 14:18:02", "kind": "INFO", "message": "Finished writing TRAP file /Users/macbook/Octo/static_analysis_codeql_1/codeql-kotlin.db/trap/java/classes/org/apache/jena/reasoner/ValidityReport.members/ValidityReport.members#65.0-1777774446000-kotlin.trap.gz" }
{ "origin": "CodeQL Kotlin extractor", "timestamp": "2026-09-27 14:18:02", "kind": "INFO", "message": "Will write TRAP file /Users/macbook/Octo/static_analysis_codeql_1/codeql-kotlin.db/trap/java/classes/org/apache/jena/reasoner/Derivation.members/Derivation.members#65.0-1777774446000-kotlin.trap.gz" }
{ "origin": "CodeQL Kotlin extractor", "timestamp": "2026-09-27 14:18:02", "kind": "INFO", "message": "Finished writing TRAP file /Users/macbook/Octo/static_analysis_codeql_1/codeql-kotlin.db/trap/java/classes/org/apache/jena/reasoner/Derivation.members/Derivation.members#65.0-1777774446000-kotlin.trap.gz" }
{ "origin": "CodeQL Kotlin extractor", "timestamp": "2026-09-27 14:18:02", "kind": "INFO", "message": "Will write TRAP file /Users/macbook/Octo/static_analysis_codeql_1/codeql-kotlin.db/trap/java/classes/org/apache/jena/ontology/models/ModelMaker.members/ModelMaker.members#65.0-1777774446000-kotlin.trap.gz" }
{ "origin": "CodeQL Kotlin extractor", "timestamp": "2026-09-27 14:18:02", "kind": "INFO", "message": "Finished writing TRAP file /Users/macbook/Octo/static_analysis_codeql_1/codeql-kotlin.db/trap/java/classes/org/apache/jena/ontology/models/ModelMaker.members/ModelMaker.members#65.0-1777774446000-kotlin.trap.gz" }
{ "origin": "CodeQL Kotlin extractor", "timestamp": "2026-09-27 14:18:02", "kind": "INFO", "message": "Will write TRAP file /Users/macbook/Octo/static_analysis_codeql_1/codeql-kotlin.db/trap/java/classes/org/apache/jena/reasoner/InfGraph.members/InfGraph.members#65.0-1777774446000-kotlin.trap.gz" }
{ "origin": "CodeQL Kotlin extractor", "timestamp": "2026-09-27 14:18:02", "kind": "INFO", "message": "Finished writing TRAP file /Users/macbook/Octo/static_analysis_codeql_1/codeql-kotlin.db/trap/java/classes/org/apache/jena/reasoner/InfGraph.members/InfGraph.members#65.0-1777774446000-kotlin.trap.gz" }
{ "origin": "CodeQL Kotlin extractor", "timestamp": "2026-09-27 14:18:02", "kind": "INFO", "message": "Will write TRAP file /Users/macbook/Octo/static_analysis_codeql_1/codeql-kotlin.db/trap/java/classes/org/apache/jena/ontology/OntModel.members/OntModel.members#65.0-1777774446000-kotlin.trap.gz" }
{ "origin": "CodeQL Kotlin extractor", "timestamp": "2026-09-27 14:18:02", "kind": "INFO", "message": "Finished writing TRAP file /Users/macbook/Octo/static_analysis_codeql_1/codeql-kotlin.db/trap/java/classes/org/apache/jena/ontology/OntModel.members/OntModel.members#65.0-1777774446000-kotlin.trap.gz" }
{ "origin": "CodeQL Kotlin extractor", "timestamp": "2026-09-27 14:18:02", "kind": "INFO", "message": "Will write TRAP file /Users/macbook/Octo/static_analysis_codeql_1/codeql-kotlin.db/trap/java/classes/org/apache/jena/ontology/OntModelSpec.members/OntModelSpec.members#65.0-1777774446000-kotlin.trap.gz" }
{ "origin": "CodeQL Kotlin extractor", "timestamp": "2026-09-27 14:18:02", "kind": "INFO", "message": "Finished writing TRAP file /Users/macbook/Octo/static_analysis_codeql_1/codeql-kotlin.db/trap/java/classes/org/apache/jena/ontology/OntModelSpec.members/OntModelSpec.members#65.0-1777774446000-kotlin.trap.gz" }
{ "origin": "CodeQL Kotlin extractor", "timestamp": "2026-09-27 14:18:02", "kind": "INFO", "message": "Skipping extracting external decl Set" }
{ "origin": "CodeQL Kotlin extractor", "timestamp": "2026-09-27 14:18:02", "kind": "INFO", "message": "Skipping extracting external decl MutableSet" }
{ "origin": "CodeQL Kotlin extractor", "timestamp": "2026-09-27 14:18:02", "kind": "INFO", "message": "Will write TRAP file /Users/macbook/Octo/static_analysis_codeql_1/codeql-kotlin.db/trap/java/classes/org/apache/jena/rdf/model/ModelFactoryBase.members/ModelFactoryBase.members#65.0-1777774446000-kotlin.trap.gz" }
{ "origin": "CodeQL Kotlin extractor", "timestamp": "2026-09-27 14:18:02", "kind": "INFO", "message": "Finished writing TRAP file /Users/macbook/Octo/static_analysis_codeql_1/codeql-kotlin.db/trap/java/classes/org/apache/jena/rdf/model/ModelFactoryBase.members/ModelFactoryBase.members#65.0-1777774446000-kotlin.trap.gz" }
{ "origin": "CodeQL Kotlin extractor", "timestamp": "2026-09-27 14:18:02", "kind": "INFO", "message": "Will write TRAP file /Users/macbook/Octo/static_analysis_codeql_1/codeql-kotlin.db/trap/java/classes/org/apache/jena/shacl/ValidationReport$Builder.members/ValidationReport$Builder.members#65.0-1777774446000-kotlin.trap.gz" }
{ "origin": "CodeQL Kotlin extractor", "timestamp": "2026-09-27 14:18:02", "kind": "INFO", "message": "Finished writing TRAP file /Users/macbook/Octo/static_analysis_codeql_1/codeql-kotlin.db/trap/java/classes/org/apache/jena/shacl/ValidationReport$Builder.members/ValidationReport$Builder.members#65.0-1777774446000-kotlin.trap.gz" }
{ "origin": "CodeQL Kotlin extractor", "timestamp": "2026-09-27 14:18:02", "kind": "INFO", "message": "Will write TRAP file /Users/macbook/Octo/static_analysis_codeql_1/codeql-kotlin.db/trap/java/classes/org/apache/jena/shacl/parser/Constraint.members/Constraint.members#65.0-1777774446000-kotlin.trap.gz" }
{ "origin": "CodeQL Kotlin extractor", "timestamp": "2026-09-27 14:18:02", "kind": "INFO", "message": "Finished writing TRAP file /Users/macbook/Octo/static_analysis_codeql_1/codeql-kotlin.db/trap/java/classes/org/apache/jena/shacl/parser/Constraint.members/Constraint.members#65.0-1777774446000-kotlin.trap.gz" }
{ "origin": "CodeQL Kotlin extractor", "timestamp": "2026-09-27 14:18:02", "kind": "INFO", "message": "Skipping extracting external decl SinceKotlin" }
{ "origin": "CodeQL Kotlin extractor", "timestamp": "2026-09-27 14:18:02", "kind": "INFO", "message": "Skipping extracting external decl InlineOnly" }
{ "origin": "CodeQL Kotlin extractor", "timestamp": "2026-09-27 14:18:02", "kind": "INFO", "message": "Will write TRAP file /Users/macbook/Octo/static_analysis_codeql_1/codeql-kotlin.db/trap/java/classes/org/apache/jena/graph/Node$NotLiteral.members/Node$NotLiteral.members#65.0-1777774446000-kotlin.trap.gz" }
{ "origin": "CodeQL Kotlin extractor", "timestamp": "2026-09-27 14:18:02", "kind": "INFO", "message": "Finished writing TRAP file /Users/macbook/Octo/static_analysis_codeql_1/codeql-kotlin.db/trap/java/classes/org/apache/jena/graph/Node$NotLiteral.members/Node$NotLiteral.members#65.0-1777774446000-kotlin.trap.gz" }
{ "origin": "CodeQL Kotlin extractor", "timestamp": "2026-09-27 14:18:02", "kind": "INFO", "message": "Will write TRAP file /Users/macbook/Octo/static_analysis_codeql_1/codeql-kotlin.db/trap/java/classes/org/apache/jena/graph/NodeVisitor.members/NodeVisitor.members#65.0-1777774446000-kotlin.trap.gz" }
{ "origin": "CodeQL Kotlin extractor", "timestamp": "2026-09-27 14:18:02", "kind": "INFO", "message": "Finished writing TRAP file /Users/macbook/Octo/static_analysis_codeql_1/codeql-kotlin.db/trap/java/classes/org/apache/jena/graph/NodeVisitor.members/NodeVisitor.members#65.0-1777774446000-kotlin.trap.gz" }
{ "origin": "CodeQL Kotlin extractor", "timestamp": "2026-09-27 14:18:02", "kind": "INFO", "message": "Will write TRAP file /Users/macbook/Octo/static_analysis_codeql_1/codeql-kotlin.db/trap/java/classes/org/apache/jena/graph/impl/LiteralLabel.members/LiteralLabel.members#65.0-1777774446000-kotlin.trap.gz" }
{ "origin": "CodeQL Kotlin extractor", "timestamp": "2026-09-27 14:18:02", "kind": "INFO", "message": "Finished writing TRAP file /Users/macbook/Octo/static_analysis_codeql_1/codeql-kotlin.db/trap/java/classes/org/apache/jena/graph/impl/LiteralLabel.members/LiteralLabel.members#65.0-1777774446000-kotlin.trap.gz" }
{ "origin": "CodeQL Kotlin extractor", "timestamp": "2026-09-27 14:18:02", "kind": "INFO", "message": "Will write TRAP file /Users/macbook/Octo/static_analysis_codeql_1/codeql-kotlin.db/trap/java/classes/org/apache/jena/graph/TextDirection.members/TextDirection.members#65.0-1777774446000-kotlin.trap.gz" }
{ "origin": "CodeQL Kotlin extractor", "timestamp": "2026-09-27 14:18:02", "kind": "INFO", "message": "Finished writing TRAP file /Users/macbook/Octo/static_analysis_codeql_1/codeql-kotlin.db/trap/java/classes/org/apache/jena/graph/TextDirection.members/TextDirection.members#65.0-1777774446000-kotlin.trap.gz" }
{ "origin": "CodeQL Kotlin extractor", "timestamp": "2026-09-27 14:18:02", "kind": "INFO", "message": "Will write TRAP file /Users/macbook/Octo/static_analysis_codeql_1/codeql-kotlin.db/trap/java/classes/org/apache/jena/sparql/path/PathVisitor.members/PathVisitor.members#65.0-1777774446000-kotlin.trap.gz" }
{ "origin": "CodeQL Kotlin extractor", "timestamp": "2026-09-27 14:18:02", "kind": "INFO", "message": "Finished writing TRAP file /Users/macbook/Octo/static_analysis_codeql_1/codeql-kotlin.db/trap/java/classes/org/apache/jena/sparql/path/PathVisitor.members/PathVisitor.members#65.0-1777774446000-kotlin.trap.gz" }
{ "origin": "CodeQL Kotlin extractor", "timestamp": "2026-09-27 14:18:02", "kind": "INFO", "message": "Will write TRAP file /Users/macbook/Octo/static_analysis_codeql_1/codeql-kotlin.db/trap/java/classes/org/apache/jena/sparql/util/NodeIsomorphismMap.members/NodeIsomorphismMap.members#65.0-1777774446000-kotlin.trap.gz" }
{ "origin": "CodeQL Kotlin extractor", "timestamp": "2026-09-27 14:18:02", "kind": "INFO", "message": "Finished writing TRAP file /Users/macbook/Octo/static_analysis_codeql_1/codeql-kotlin.db/trap/java/classes/org/apache/jena/sparql/util/NodeIsomorphismMap.members/NodeIsomorphismMap.members#65.0-1777774446000-kotlin.trap.gz" }
{ "origin": "CodeQL Kotlin extractor", "timestamp": "2026-09-27 14:18:02", "kind": "INFO", "message": "Will write TRAP file /Users/macbook/Octo/static_analysis_codeql_1/codeql-kotlin.db/trap/java/classes/org/apache/jena/sparql/core/Prologue.members/Prologue.members#65.0-1777774446000-kotlin.trap.gz" }
{ "origin": "CodeQL Kotlin extractor", "timestamp": "2026-09-27 14:18:02", "kind": "INFO", "message": "Finished writing TRAP file /Users/macbook/Octo/static_analysis_codeql_1/codeql-kotlin.db/trap/java/classes/org/apache/jena/sparql/core/Prologue.members/Prologue.members#65.0-1777774446000-kotlin.trap.gz" }
{ "origin": "CodeQL Kotlin extractor", "timestamp": "2026-09-27 14:18:02", "kind": "INFO", "message": "Skipping extracting external decl Predicate" }
{ "origin": "CodeQL Kotlin extractor", "timestamp": "2026-09-27 14:18:02", "kind": "INFO", "message": "Skipping extracting external decl Function" }
{ "origin": "CodeQL Kotlin extractor", "timestamp": "2026-09-27 14:18:02", "kind": "INFO", "message": "Skipping extracting external decl Optional" }
{ "origin": "CodeQL Kotlin extractor", "timestamp": "2026-09-27 14:18:02", "kind": "INFO", "message": "Skipping extracting external decl Character" }
{ "origin": "CodeQL Kotlin extractor", "timestamp": "2026-09-27 14:18:02", "kind": "INFO", "message": "Skipping extracting external decl Char" }
{ "origin": "CodeQL Kotlin extractor", "timestamp": "2026-09-27 14:18:02", "kind": "INFO", "message": "Skipping extracting external decl Double" }
{ "origin": "CodeQL Kotlin extractor", "timestamp": "2026-09-27 14:18:02", "kind": "INFO", "message": "Skipping extracting external decl Double" }
{ "origin": "CodeQL Kotlin extractor", "timestamp": "2026-09-27 14:18:02", "kind": "INFO", "message": "Skipping extracting external decl Float" }
{ "origin": "CodeQL Kotlin extractor", "timestamp": "2026-09-27 14:18:02", "kind": "INFO", "message": "Skipping extracting external decl Float" }
{ "origin": "CodeQL Kotlin extractor", "timestamp": "2026-09-27 14:18:02", "kind": "INFO", "message": "Skipping extracting external decl Byte" }
{ "origin": "CodeQL Kotlin extractor", "timestamp": "2026-09-27 14:18:02", "kind": "INFO", "message": "Skipping extracting external decl Byte" }
{ "origin": "CodeQL Kotlin extractor", "timestamp": "2026-09-27 14:18:02", "kind": "INFO", "message": "Skipping extracting external decl Short" }
{ "origin": "CodeQL Kotlin extractor", "timestamp": "2026-09-27 14:18:02", "kind": "INFO", "message": "Skipping extracting external decl Short" }
{ "origin": "CodeQL Kotlin extractor", "timestamp": "2026-09-27 14:18:02", "kind": "INFO", "message": "Will write TRAP file /Users/macbook/Octo/static_analysis_codeql_1/codeql-kotlin.db/trap/java/classes/org/apache/jena/rdf/model/Bag.members/Bag.members#65.0-1777774446000-kotlin.trap.gz" }
{ "origin": "CodeQL Kotlin extractor", "timestamp": "2026-09-27 14:18:02", "kind": "INFO", "message": "Finished writing TRAP file /Users/macbook/Octo/static_analysis_codeql_1/codeql-kotlin.db/trap/java/classes/org/apache/jena/rdf/model/Bag.members/Bag.members#65.0-1777774446000-kotlin.trap.gz" }
{ "origin": "CodeQL Kotlin extractor", "timestamp": "2026-09-27 14:18:02", "kind": "INFO", "message": "Will write TRAP file /Users/macbook/Octo/static_analysis_codeql_1/codeql-kotlin.db/trap/java/classes/org/apache/jena/rdf/model/Alt.members/Alt.members#65.0-1777774446000-kotlin.trap.gz" }
{ "origin": "CodeQL Kotlin extractor", "timestamp": "2026-09-27 14:18:02", "kind": "INFO", "message": "Finished writing TRAP file /Users/macbook/Octo/static_analysis_codeql_1/codeql-kotlin.db/trap/java/classes/org/apache/jena/rdf/model/Alt.members/Alt.members#65.0-1777774446000-kotlin.trap.gz" }
{ "origin": "CodeQL Kotlin extractor", "timestamp": "2026-09-27 14:18:02", "kind": "INFO", "message": "Will write TRAP file /Users/macbook/Octo/static_analysis_codeql_1/codeql-kotlin.db/trap/java/classes/org/apache/jena/rdf/model/Seq.members/Seq.members#65.0-1777774446000-kotlin.trap.gz" }
{ "origin": "CodeQL Kotlin extractor", "timestamp": "2026-09-27 14:18:02", "kind": "INFO", "message": "Finished writing TRAP file /Users/macbook/Octo/static_analysis_codeql_1/codeql-kotlin.db/trap/java/classes/org/apache/jena/rdf/model/Seq.members/Seq.members#65.0-1777774446000-kotlin.trap.gz" }
{ "origin": "CodeQL Kotlin extractor", "timestamp": "2026-09-27 14:18:02", "kind": "INFO", "message": "Will write TRAP file /Users/macbook/Octo/static_analysis_codeql_1/codeql-kotlin.db/trap/java/classes/org/apache/jena/graph/FrontsTriple.members/FrontsTriple.members#65.0-1777774446000-kotlin.trap.gz" }
{ "origin": "CodeQL Kotlin extractor", "timestamp": "2026-09-27 14:18:02", "kind": "INFO", "message": "Finished writing TRAP file /Users/macbook/Octo/static_analysis_codeql_1/codeql-kotlin.db/trap/java/classes/org/apache/jena/graph/FrontsTriple.members/FrontsTriple.members#65.0-1777774446000-kotlin.trap.gz" }
{ "origin": "CodeQL Kotlin extractor", "timestamp": "2026-09-27 14:18:02", "kind": "INFO", "message": "Skipping extracting external decl Class" }
{ "origin": "CodeQL Kotlin extractor", "timestamp": "2026-09-27 14:18:02", "kind": "INFO", "message": "Skipping extracting external decl GenericDeclaration" }
{ "origin": "CodeQL Kotlin extractor", "timestamp": "2026-09-27 14:18:02", "kind": "INFO", "message": "Skipping extracting external decl Type" }
{ "origin": "CodeQL Kotlin extractor", "timestamp": "2026-09-27 14:18:02", "kind": "INFO", "message": "Skipping extracting external decl AnnotatedElement" }
{ "origin": "CodeQL Kotlin extractor", "timestamp": "2026-09-27 14:18:02", "kind": "INFO", "message": "Skipping extracting external decl OfField" }
{ "origin": "CodeQL Kotlin extractor", "timestamp": "2026-09-27 14:18:02", "kind": "INFO", "message": "Skipping extracting external decl TypeDescriptor" }
{ "origin": "CodeQL Kotlin extractor", "timestamp": "2026-09-27 14:18:02", "kind": "INFO", "message": "Skipping extracting external decl Constable" }
{ "origin": "CodeQL Kotlin extractor", "timestamp": "2026-09-27 14:18:02", "kind": "INFO", "message": "Will write TRAP file /Users/macbook/Octo/static_analysis_codeql_1/codeql-kotlin.db/trap/java/classes/org/apache/jena/rdf/model/RDFVisitor.members/RDFVisitor.members#65.0-1777774446000-kotlin.trap.gz" }
{ "origin": "CodeQL Kotlin extractor", "timestamp": "2026-09-27 14:18:02", "kind": "INFO", "message": "Finished writing TRAP file /Users/macbook/Octo/static_analysis_codeql_1/codeql-kotlin.db/trap/java/classes/org/apache/jena/rdf/model/RDFVisitor.members/RDFVisitor.members#65.0-1777774446000-kotlin.trap.gz" }
{ "origin": "CodeQL Kotlin extractor", "timestamp": "2026-09-27 14:18:02", "kind": "INFO", "message": "Will write TRAP file /Users/macbook/Octo/static_analysis_codeql_1/codeql-kotlin.db/trap/java/classes/org/apache/jena/graph/FrontsNode.members/FrontsNode.members#65.0-1777774446000-kotlin.trap.gz" }
{ "origin": "CodeQL Kotlin extractor", "timestamp": "2026-09-27 14:18:02", "kind": "INFO", "message": "Finished writing TRAP file /Users/macbook/Octo/static_analysis_codeql_1/codeql-kotlin.db/trap/java/classes/org/apache/jena/graph/FrontsNode.members/FrontsNode.members#65.0-1777774446000-kotlin.trap.gz" }
{ "origin": "CodeQL Kotlin extractor", "timestamp": "2026-09-27 14:18:02", "kind": "INFO", "message": "Will write TRAP file /Users/macbook/Octo/static_analysis_codeql_1/codeql-kotlin.db/trap/java/classes/org/apache/jena/rdf/model/RDFList$ApplyFn.members/RDFList$ApplyFn.members#65.0-1777774446000-kotlin.trap.gz" }
{ "origin": "CodeQL Kotlin extractor", "timestamp": "2026-09-27 14:18:02", "kind": "INFO", "message": "Finished writing TRAP file /Users/macbook/Octo/static_analysis_codeql_1/codeql-kotlin.db/trap/java/classes/org/apache/jena/rdf/model/RDFList$ApplyFn.members/RDFList$ApplyFn.members#65.0-1777774446000-kotlin.trap.gz" }
{ "origin": "CodeQL Kotlin extractor", "timestamp": "2026-09-27 14:18:02", "kind": "INFO", "message": "Will write TRAP file /Users/macbook/Octo/static_analysis_codeql_1/codeql-kotlin.db/trap/java/classes/org/apache/jena/rdf/model/RDFList$ReduceFn.members/RDFList$ReduceFn.members#65.0-1777774446000-kotlin.trap.gz" }
{ "origin": "CodeQL Kotlin extractor", "timestamp": "2026-09-27 14:18:02", "kind": "INFO", "message": "Finished writing TRAP file /Users/macbook/Octo/static_analysis_codeql_1/codeql-kotlin.db/trap/java/classes/org/apache/jena/rdf/model/RDFList$ReduceFn.members/RDFList$ReduceFn.members#65.0-1777774446000-kotlin.trap.gz" }
{ "origin": "CodeQL Kotlin extractor", "timestamp": "2026-09-27 14:18:02", "kind": "INFO", "message": "Will write TRAP file /Users/macbook/Octo/static_analysis_codeql_1/codeql-kotlin.db/trap/java/classes/org/apache/jena/rdf/model/RDFErrorHandler.members/RDFErrorHandler.members#65.0-1777774446000-kotlin.trap.gz" }
{ "origin": "CodeQL Kotlin extractor", "timestamp": "2026-09-27 14:18:02", "kind": "INFO", "message": "Finished writing TRAP file /Users/macbook/Octo/static_analysis_codeql_1/codeql-kotlin.db/trap/java/classes/org/apache/jena/rdf/model/RDFErrorHandler.members/RDFErrorHandler.members#65.0-1777774446000-kotlin.trap.gz" }
{ "origin": "CodeQL Kotlin extractor", "timestamp": "2026-09-27 14:18:02", "kind": "INFO", "message": "Will write TRAP file /Users/macbook/Octo/static_analysis_codeql_1/codeql-kotlin.db/trap/java/classes/org/apache/jena/shared/PrefixMapping$IllegalPrefixException.members/PrefixMapping$IllegalPrefixException.members#65.0-1777774446000-kotlin.trap.gz" }
{ "origin": "CodeQL Kotlin extractor", "timestamp": "2026-09-27 14:18:02", "kind": "INFO", "message": "Finished writing TRAP file /Users/macbook/Octo/static_analysis_codeql_1/codeql-kotlin.db/trap/java/classes/org/apache/jena/shared/PrefixMapping$IllegalPrefixException.members/PrefixMapping$IllegalPrefixException.members#65.0-1777774446000-kotlin.trap.gz" }
{ "origin": "CodeQL Kotlin extractor", "timestamp": "2026-09-27 14:18:02", "kind": "INFO", "message": "Will write TRAP file /Users/macbook/Octo/static_analysis_codeql_1/codeql-kotlin.db/trap/java/classes/org/apache/jena/shared/PrefixMapping$Factory.members/PrefixMapping$Factory.members#65.0-1777774446000-kotlin.trap.gz" }
{ "origin": "CodeQL Kotlin extractor", "timestamp": "2026-09-27 14:18:02", "kind": "INFO", "message": "Finished writing TRAP file /Users/macbook/Octo/static_analysis_codeql_1/codeql-kotlin.db/trap/java/classes/org/apache/jena/shared/PrefixMapping$Factory.members/PrefixMapping$Factory.members#65.0-1777774446000-kotlin.trap.gz" }
{ "origin": "CodeQL Kotlin extractor", "timestamp": "2026-09-27 14:18:02", "kind": "INFO", "message": "Will write TRAP file /Users/macbook/Octo/static_analysis_codeql_1/codeql-kotlin.db/trap/java/classes/org/apache/jena/shared/PrefixMapping$JenaLockedException.members/PrefixMapping$JenaLockedException.members#65.0-1777774446000-kotlin.trap.gz" }
{ "origin": "CodeQL Kotlin extractor", "timestamp": "2026-09-27 14:18:02", "kind": "INFO", "message": "Finished writing TRAP file /Users/macbook/Octo/static_analysis_codeql_1/codeql-kotlin.db/trap/java/classes/org/apache/jena/shared/PrefixMapping$JenaLockedException.members/PrefixMapping$JenaLockedException.members#65.0-1777774446000-kotlin.trap.gz" }
{ "origin": "CodeQL Kotlin extractor", "timestamp": "2026-09-27 14:18:02", "kind": "INFO", "message": "Skipping extracting external decl Calendar" }
{ "origin": "CodeQL Kotlin extractor", "timestamp": "2026-09-27 14:18:02", "kind": "INFO", "message": "Will write TRAP file /Users/macbook/Octo/static_analysis_codeql_1/codeql-kotlin.db/trap/java/classes/org/apache/jena/shacl/engine/Target.members/Target.members#65.0-1777774446000-kotlin.trap.gz" }
{ "origin": "CodeQL Kotlin extractor", "timestamp": "2026-09-27 14:18:02", "kind": "INFO", "message": "Finished writing TRAP file /Users/macbook/Octo/static_analysis_codeql_1/codeql-kotlin.db/trap/java/classes/org/apache/jena/shacl/engine/Target.members/Target.members#65.0-1777774446000-kotlin.trap.gz" }
{ "origin": "CodeQL Kotlin extractor", "timestamp": "2026-09-27 14:18:02", "kind": "INFO", "message": "Will write TRAP file /Users/macbook/Octo/static_analysis_codeql_1/codeql-kotlin.db/trap/java/classes/org/apache/jena/shacl/parser/PropertyShape.members/PropertyShape.members#65.0-1777774446000-kotlin.trap.gz" }
{ "origin": "CodeQL Kotlin extractor", "timestamp": "2026-09-27 14:18:02", "kind": "INFO", "message": "Finished writing TRAP file /Users/macbook/Octo/static_analysis_codeql_1/codeql-kotlin.db/trap/java/classes/org/apache/jena/shacl/parser/PropertyShape.members/PropertyShape.members#65.0-1777774446000-kotlin.trap.gz" }
{ "origin": "CodeQL Kotlin extractor", "timestamp": "2026-09-27 14:18:02", "kind": "INFO", "message": "Will write TRAP file /Users/macbook/Octo/static_analysis_codeql_1/codeql-kotlin.db/trap/java/classes/org/apache/jena/shacl/parser/ShapeVisitor.members/ShapeVisitor.members#65.0-1777774446000-kotlin.trap.gz" }
{ "origin": "CodeQL Kotlin extractor", "timestamp": "2026-09-27 14:18:02", "kind": "INFO", "message": "Finished writing TRAP file /Users/macbook/Octo/static_analysis_codeql_1/codeql-kotlin.db/trap/java/classes/org/apache/jena/shacl/parser/ShapeVisitor.members/ShapeVisitor.members#65.0-1777774446000-kotlin.trap.gz" }
{ "origin": "CodeQL Kotlin extractor", "timestamp": "2026-09-27 14:18:02", "kind": "INFO", "message": "Will write TRAP file /Users/macbook/Octo/static_analysis_codeql_1/codeql-kotlin.db/trap/java/classes/org/apache/jena/riot/out/NodeFormatter.members/NodeFormatter.members#65.0-1777774446000-kotlin.trap.gz" }
{ "origin": "CodeQL Kotlin extractor", "timestamp": "2026-09-27 14:18:02", "kind": "INFO", "message": "Finished writing TRAP file /Users/macbook/Octo/static_analysis_codeql_1/codeql-kotlin.db/trap/java/classes/org/apache/jena/riot/out/NodeFormatter.members/NodeFormatter.members#65.0-1777774446000-kotlin.trap.gz" }
{ "origin": "CodeQL Kotlin extractor", "timestamp": "2026-09-27 14:18:02", "kind": "INFO", "message": "Will write TRAP file /Users/macbook/Octo/static_analysis_codeql_1/codeql-kotlin.db/trap/java/classes/org/apache/jena/atlas/io/IndentedWriter.members/IndentedWriter.members#65.0-1777774446000-kotlin.trap.gz" }
{ "origin": "CodeQL Kotlin extractor", "timestamp": "2026-09-27 14:18:02", "kind": "INFO", "message": "Finished writing TRAP file /Users/macbook/Octo/static_analysis_codeql_1/codeql-kotlin.db/trap/java/classes/org/apache/jena/atlas/io/IndentedWriter.members/IndentedWriter.members#65.0-1777774446000-kotlin.trap.gz" }
{ "origin": "CodeQL Kotlin extractor", "timestamp": "2026-09-27 14:18:02", "kind": "INFO", "message": "Skipping extracting external decl BiConsumer" }
{ "origin": "CodeQL Kotlin extractor", "timestamp": "2026-09-27 14:18:02", "kind": "INFO", "message": "Will write TRAP file /Users/macbook/Octo/static_analysis_codeql_1/codeql-kotlin.db/trap/java/classes/org/apache/jena/riot/system/PrefixEntry.members/PrefixEntry.members#65.0-1777774446000-kotlin.trap.gz" }
{ "origin": "CodeQL Kotlin extractor", "timestamp": "2026-09-27 14:18:02", "kind": "INFO", "message": "Finished writing TRAP file /Users/macbook/Octo/static_analysis_codeql_1/codeql-kotlin.db/trap/java/classes/org/apache/jena/riot/system/PrefixEntry.members/PrefixEntry.members#65.0-1777774446000-kotlin.trap.gz" }
{ "origin": "CodeQL Kotlin extractor", "timestamp": "2026-09-27 14:18:02", "kind": "INFO", "message": "Will write TRAP file /Users/macbook/Octo/static_analysis_codeql_1/codeql-kotlin.db/trap/java/classes/org/apache/jena/atlas/lib/Pair.members/Pair.members#65.0-1777774446000-kotlin.trap.gz" }
{ "origin": "CodeQL Kotlin extractor", "timestamp": "2026-09-27 14:18:02", "kind": "INFO", "message": "Finished writing TRAP file /Users/macbook/Octo/static_analysis_codeql_1/codeql-kotlin.db/trap/java/classes/org/apache/jena/atlas/lib/Pair.members/Pair.members#65.0-1777774446000-kotlin.trap.gz" }
{ "origin": "CodeQL Kotlin extractor", "timestamp": "2026-09-27 14:18:02", "kind": "INFO", "message": "Will write TRAP file /Users/macbook/Octo/static_analysis_codeql_1/codeql-kotlin.db/trap/java/classes/org/slf4j/event/Level.members/Level.members#52.0-1740476160000-kotlin.trap.gz" }
{ "origin": "CodeQL Kotlin extractor", "timestamp": "2026-09-27 14:18:02", "kind": "INFO", "message": "Finished writing TRAP file /Users/macbook/Octo/static_analysis_codeql_1/codeql-kotlin.db/trap/java/classes/org/slf4j/event/Level.members/Level.members#52.0-1740476160000-kotlin.trap.gz" }
{ "origin": "CodeQL Kotlin extractor", "timestamp": "2026-09-27 14:18:02", "kind": "INFO", "message": "Will write TRAP file /Users/macbook/Octo/static_analysis_codeql_1/codeql-kotlin.db/trap/java/classes/org/slf4j/spi/LoggingEventBuilder.members/LoggingEventBuilder.members#52.0-1740476160000-kotlin.trap.gz" }
{ "origin": "CodeQL Kotlin extractor", "timestamp": "2026-09-27 14:18:02", "kind": "INFO", "message": "Finished writing TRAP file /Users/macbook/Octo/static_analysis_codeql_1/codeql-kotlin.db/trap/java/classes/org/slf4j/spi/LoggingEventBuilder.members/LoggingEventBuilder.members#52.0-1740476160000-kotlin.trap.gz" }
{ "origin": "CodeQL Kotlin extractor", "timestamp": "2026-09-27 14:18:02", "kind": "INFO", "message": "Will write TRAP file /Users/macbook/Octo/static_analysis_codeql_1/codeql-kotlin.db/trap/java/classes/org/slf4j/helpers/CheckReturnValue.members/CheckReturnValue.members#52.0-1740476160000-kotlin.trap.gz" }
{ "origin": "CodeQL Kotlin extractor", "timestamp": "2026-09-27 14:18:02", "kind": "INFO", "message": "Finished writing TRAP file /Users/macbook/Octo/static_analysis_codeql_1/codeql-kotlin.db/trap/java/classes/org/slf4j/helpers/CheckReturnValue.members/CheckReturnValue.members#52.0-1740476160000-kotlin.trap.gz" }
{ "origin": "CodeQL Kotlin extractor", "timestamp": "2026-09-27 14:18:02", "kind": "INFO", "message": "Will write TRAP file /Users/macbook/Octo/static_analysis_codeql_1/codeql-kotlin.db/trap/java/classes/org/slf4j/Marker.members/Marker.members#52.0-1740476160000-kotlin.trap.gz" }
{ "origin": "CodeQL Kotlin extractor", "timestamp": "2026-09-27 14:18:02", "kind": "INFO", "message": "Finished writing TRAP file /Users/macbook/Octo/static_analysis_codeql_1/codeql-kotlin.db/trap/java/classes/org/slf4j/Marker.members/Marker.members#52.0-1740476160000-kotlin.trap.gz" }
{ "origin": "CodeQL Kotlin extractor", "timestamp": "2026-09-27 14:18:02", "kind": "INFO", "message": "Skipping extracting external decl Throwable" }
{ "origin": "CodeQL Kotlin extractor", "timestamp": "2026-09-27 14:18:02", "kind": "INFO", "message": "Skipping extracting external decl Throwable" }
{ "origin": "CodeQL Kotlin extractor", "timestamp": "2026-09-27 14:18:02", "kind": "INFO", "message": "Will write TRAP file /Users/macbook/Octo/static_analysis_codeql_1/codeql-kotlin.db/trap/java/classes/org/apache/jena/atlas/web/ContentType.members/ContentType.members#65.0-1777774446000-kotlin.trap.gz" }
{ "origin": "CodeQL Kotlin extractor", "timestamp": "2026-09-27 14:18:02", "kind": "INFO", "message": "Finished writing TRAP file /Users/macbook/Octo/static_analysis_codeql_1/codeql-kotlin.db/trap/java/classes/org/apache/jena/atlas/web/ContentType.members/ContentType.members#65.0-1777774446000-kotlin.trap.gz" }
{ "origin": "CodeQL Kotlin extractor", "timestamp": "2026-09-27 14:18:02", "kind": "INFO", "message": "Will write TRAP file /Users/macbook/Octo/static_analysis_codeql_1/codeql-kotlin.db/trap/java/classes/org/apache/jena/sparql/util/Context.members/Context.members#65.0-1777774446000-kotlin.trap.gz" }
{ "origin": "CodeQL Kotlin extractor", "timestamp": "2026-09-27 14:18:02", "kind": "INFO", "message": "Finished writing TRAP file /Users/macbook/Octo/static_analysis_codeql_1/codeql-kotlin.db/trap/java/classes/org/apache/jena/sparql/util/Context.members/Context.members#65.0-1777774446000-kotlin.trap.gz" }
{ "origin": "CodeQL Kotlin extractor", "timestamp": "2026-09-27 14:18:02", "kind": "INFO", "message": "Will write TRAP file /Users/macbook/Octo/static_analysis_codeql_1/codeql-kotlin.db/trap/java/classes/org/apache/jena/query/ReadWrite.members/ReadWrite.members#65.0-1777774446000-kotlin.trap.gz" }
{ "origin": "CodeQL Kotlin extractor", "timestamp": "2026-09-27 14:18:02", "kind": "INFO", "message": "Finished writing TRAP file /Users/macbook/Octo/static_analysis_codeql_1/codeql-kotlin.db/trap/java/classes/org/apache/jena/query/ReadWrite.members/ReadWrite.members#65.0-1777774446000-kotlin.trap.gz" }
{ "origin": "CodeQL Kotlin extractor", "timestamp": "2026-09-27 14:18:02", "kind": "INFO", "message": "Will write TRAP file /Users/macbook/Octo/static_analysis_codeql_1/codeql-kotlin.db/trap/java/classes/org/apache/jena/sparql/core/Transactional.members/Transactional.members#65.0-1777774446000-kotlin.trap.gz" }
{ "origin": "CodeQL Kotlin extractor", "timestamp": "2026-09-27 14:18:02", "kind": "INFO", "message": "Finished writing TRAP file /Users/macbook/Octo/static_analysis_codeql_1/codeql-kotlin.db/trap/java/classes/org/apache/jena/sparql/core/Transactional.members/Transactional.members#65.0-1777774446000-kotlin.trap.gz" }
{ "origin": "CodeQL Kotlin extractor", "timestamp": "2026-09-27 14:18:02", "kind": "INFO", "message": "Will write TRAP file /Users/macbook/Octo/static_analysis_codeql_1/codeql-kotlin.db/trap/java/classes/java/io/FilterInputStream.members/FilterInputStream.members#65.0-1789983753036-kotlin.trap.gz" }
{ "origin": "CodeQL Kotlin extractor", "timestamp": "2026-09-27 14:18:02", "kind": "INFO", "message": "Finished writing TRAP file /Users/macbook/Octo/static_analysis_codeql_1/codeql-kotlin.db/trap/java/classes/java/io/FilterInputStream.members/FilterInputStream.members#65.0-1789983753036-kotlin.trap.gz" }
{ "origin": "CodeQL Kotlin extractor", "timestamp": "2026-09-27 14:18:02", "kind": "INFO", "message": "Will write TRAP file /Users/macbook/Octo/static_analysis_codeql_1/codeql-kotlin.db/trap/java/classes/org/apache/jena/riot/system/streammgr/LocationMapper.members/LocationMapper.members#65.0-1777774446000-kotlin.trap.gz" }
{ "origin": "CodeQL Kotlin extractor", "timestamp": "2026-09-27 14:18:03", "kind": "INFO", "message": "Finished writing TRAP file /Users/macbook/Octo/static_analysis_codeql_1/codeql-kotlin.db/trap/java/classes/org/apache/jena/riot/system/streammgr/LocationMapper.members/LocationMapper.members#65.0-1777774446000-kotlin.trap.gz" }
{ "origin": "CodeQL Kotlin extractor", "timestamp": "2026-09-27 14:18:03", "kind": "INFO", "message": "Will write TRAP file /Users/macbook/Octo/static_analysis_codeql_1/codeql-kotlin.db/trap/java/classes/org/apache/jena/riot/system/streammgr/Locator.members/Locator.members#65.0-1777774446000-kotlin.trap.gz" }
{ "origin": "CodeQL Kotlin extractor", "timestamp": "2026-09-27 14:18:03", "kind": "INFO", "message": "Finished writing TRAP file /Users/macbook/Octo/static_analysis_codeql_1/codeql-kotlin.db/trap/java/classes/org/apache/jena/riot/system/streammgr/Locator.members/Locator.members#65.0-1777774446000-kotlin.trap.gz" }
{ "origin": "CodeQL Kotlin extractor", "timestamp": "2026-09-27 14:18:03", "kind": "INFO", "message": "Will write TRAP file /Users/macbook/Octo/static_analysis_codeql_1/codeql-kotlin.db/trap/java/classes/org/apache/jena/riot/RDFFormatVariant.members/RDFFormatVariant.members#65.0-1777774446000-kotlin.trap.gz" }
{ "origin": "CodeQL Kotlin extractor", "timestamp": "2026-09-27 14:18:03", "kind": "INFO", "message": "Finished writing TRAP file /Users/macbook/Octo/static_analysis_codeql_1/codeql-kotlin.db/trap/java/classes/org/apache/jena/riot/RDFFormatVariant.members/RDFFormatVariant.members#65.0-1777774446000-kotlin.trap.gz" }
{ "origin": "CodeQL Kotlin extractor", "timestamp": "2026-09-27 14:18:03", "kind": "INFO", "message": "Skipping extracting external decl StringBuffer" }
{ "origin": "CodeQL Kotlin extractor", "timestamp": "2026-09-27 14:18:03", "kind": "INFO", "message": "Will write TRAP file /Users/macbook/Octo/static_analysis_codeql_1/codeql-kotlin.db/trap/java/classes/org/apache/jena/graph/Triple$Field.members/Triple$Field.members#65.0-1777774446000-kotlin.trap.gz" }
{ "origin": "CodeQL Kotlin extractor", "timestamp": "2026-09-27 14:18:03", "kind": "INFO", "message": "Finished writing TRAP file /Users/macbook/Octo/static_analysis_codeql_1/codeql-kotlin.db/trap/java/classes/org/apache/jena/graph/Triple$Field.members/Triple$Field.members#65.0-1777774446000-kotlin.trap.gz" }
{ "origin": "CodeQL Kotlin extractor", "timestamp": "2026-09-27 14:18:03", "kind": "INFO", "message": "Will write TRAP file /Users/macbook/Octo/static_analysis_codeql_1/codeql-kotlin.db/trap/java/classes/org/apache/jena/graph/GraphListener.members/GraphListener.members#65.0-1777774446000-kotlin.trap.gz" }
{ "origin": "CodeQL Kotlin extractor", "timestamp": "2026-09-27 14:18:03", "kind": "INFO", "message": "Finished writing TRAP file /Users/macbook/Octo/static_analysis_codeql_1/codeql-kotlin.db/trap/java/classes/org/apache/jena/graph/GraphListener.members/GraphListener.members#65.0-1777774446000-kotlin.trap.gz" }
{ "origin": "CodeQL Kotlin extractor", "timestamp": "2026-09-27 14:18:03", "kind": "INFO", "message": "Will write TRAP file /Users/macbook/Octo/static_analysis_codeql_1/codeql-kotlin.db/trap/java/classes/org/apache/jena/reasoner/ValidityReport$Report.members/ValidityReport$Report.members#65.0-1777774446000-kotlin.trap.gz" }
{ "origin": "CodeQL Kotlin extractor", "timestamp": "2026-09-27 14:18:03", "kind": "INFO", "message": "Finished writing TRAP file /Users/macbook/Octo/static_analysis_codeql_1/codeql-kotlin.db/trap/java/classes/org/apache/jena/reasoner/ValidityReport$Report.members/ValidityReport$Report.members#65.0-1777774446000-kotlin.trap.gz" }
{ "origin": "CodeQL Kotlin extractor", "timestamp": "2026-09-27 14:18:03", "kind": "INFO", "message": "Skipping extracting external decl PrintWriter" }
{ "origin": "CodeQL Kotlin extractor", "timestamp": "2026-09-27 14:18:03", "kind": "INFO", "message": "Will write TRAP file /Users/macbook/Octo/static_analysis_codeql_1/codeql-kotlin.db/trap/java/classes/org/apache/jena/ontology/models/GraphMaker.members/GraphMaker.members#65.0-1777774446000-kotlin.trap.gz" }
{ "origin": "CodeQL Kotlin extractor", "timestamp": "2026-09-27 14:18:03", "kind": "INFO", "message": "Finished writing TRAP file /Users/macbook/Octo/static_analysis_codeql_1/codeql-kotlin.db/trap/java/classes/org/apache/jena/ontology/models/GraphMaker.members/GraphMaker.members#65.0-1777774446000-kotlin.trap.gz" }
{ "origin": "CodeQL Kotlin extractor", "timestamp": "2026-09-27 14:18:03", "kind": "INFO", "message": "Will write TRAP file /Users/macbook/Octo/static_analysis_codeql_1/codeql-kotlin.db/trap/java/classes/org/apache/jena/ontology/models/ModelSource.members/ModelSource.members#65.0-1777774446000-kotlin.trap.gz" }
{ "origin": "CodeQL Kotlin extractor", "timestamp": "2026-09-27 14:18:03", "kind": "INFO", "message": "Finished writing TRAP file /Users/macbook/Octo/static_analysis_codeql_1/codeql-kotlin.db/trap/java/classes/org/apache/jena/ontology/models/ModelSource.members/ModelSource.members#65.0-1777774446000-kotlin.trap.gz" }
{ "origin": "CodeQL Kotlin extractor", "timestamp": "2026-09-27 14:18:03", "kind": "INFO", "message": "Will write TRAP file /Users/macbook/Octo/static_analysis_codeql_1/codeql-kotlin.db/trap/java/classes/org/apache/jena/ontology/Ontology.members/Ontology.members#65.0-1777774446000-kotlin.trap.gz" }
{ "origin": "CodeQL Kotlin extractor", "timestamp": "2026-09-27 14:18:03", "kind": "INFO", "message": "Finished writing TRAP file /Users/macbook/Octo/static_analysis_codeql_1/codeql-kotlin.db/trap/java/classes/org/apache/jena/ontology/Ontology.members/Ontology.members#65.0-1777774446000-kotlin.trap.gz" }
{ "origin": "CodeQL Kotlin extractor", "timestamp": "2026-09-27 14:18:03", "kind": "INFO", "message": "Will write TRAP file /Users/macbook/Octo/static_analysis_codeql_1/codeql-kotlin.db/trap/java/classes/org/apache/jena/ontology/OntProperty.members/OntProperty.members#65.0-1777774446000-kotlin.trap.gz" }
{ "origin": "CodeQL Kotlin extractor", "timestamp": "2026-09-27 14:18:03", "kind": "INFO", "message": "Finished writing TRAP file /Users/macbook/Octo/static_analysis_codeql_1/codeql-kotlin.db/trap/java/classes/org/apache/jena/ontology/OntProperty.members/OntProperty.members#65.0-1777774446000-kotlin.trap.gz" }
{ "origin": "CodeQL Kotlin extractor", "timestamp": "2026-09-27 14:18:03", "kind": "INFO", "message": "Will write TRAP file /Users/macbook/Octo/static_analysis_codeql_1/codeql-kotlin.db/trap/java/classes/org/apache/jena/ontology/ObjectProperty.members/ObjectProperty.members#65.0-1777774446000-kotlin.trap.gz" }
{ "origin": "CodeQL Kotlin extractor", "timestamp": "2026-09-27 14:18:03", "kind": "INFO", "message": "Finished writing TRAP file /Users/macbook/Octo/static_analysis_codeql_1/codeql-kotlin.db/trap/java/classes/org/apache/jena/ontology/ObjectProperty.members/ObjectProperty.members#65.0-1777774446000-kotlin.trap.gz" }
{ "origin": "CodeQL Kotlin extractor", "timestamp": "2026-09-27 14:18:03", "kind": "INFO", "message": "Will write TRAP file /Users/macbook/Octo/static_analysis_codeql_1/codeql-kotlin.db/trap/java/classes/org/apache/jena/ontology/DatatypeProperty.members/DatatypeProperty.members#65.0-1777774446000-kotlin.trap.gz" }
{ "origin": "CodeQL Kotlin extractor", "timestamp": "2026-09-27 14:18:03", "kind": "INFO", "message": "Finished writing TRAP file /Users/macbook/Octo/static_analysis_codeql_1/codeql-kotlin.db/trap/java/classes/org/apache/jena/ontology/DatatypeProperty.members/DatatypeProperty.members#65.0-1777774446000-kotlin.trap.gz" }
{ "origin": "CodeQL Kotlin extractor", "timestamp": "2026-09-27 14:18:03", "kind": "INFO", "message": "Will write TRAP file /Users/macbook/Octo/static_analysis_codeql_1/codeql-kotlin.db/trap/java/classes/org/apache/jena/ontology/FunctionalProperty.members/FunctionalProperty.members#65.0-1777774446000-kotlin.trap.gz" }
{ "origin": "CodeQL Kotlin extractor", "timestamp": "2026-09-27 14:18:03", "kind": "INFO", "message": "Finished writing TRAP file /Users/macbook/Octo/static_analysis_codeql_1/codeql-kotlin.db/trap/java/classes/org/apache/jena/ontology/FunctionalProperty.members/FunctionalProperty.members#65.0-1777774446000-kotlin.trap.gz" }
{ "origin": "CodeQL Kotlin extractor", "timestamp": "2026-09-27 14:18:03", "kind": "INFO", "message": "Will write TRAP file /Users/macbook/Octo/static_analysis_codeql_1/codeql-kotlin.db/trap/java/classes/org/apache/jena/ontology/TransitiveProperty.members/TransitiveProperty.members#65.0-1777774446000-kotlin.trap.gz" }
{ "origin": "CodeQL Kotlin extractor", "timestamp": "2026-09-27 14:18:03", "kind": "INFO", "message": "Finished writing TRAP file /Users/macbook/Octo/static_analysis_codeql_1/codeql-kotlin.db/trap/java/classes/org/apache/jena/ontology/TransitiveProperty.members/TransitiveProperty.members#65.0-1777774446000-kotlin.trap.gz" }
{ "origin": "CodeQL Kotlin extractor", "timestamp": "2026-09-27 14:18:03", "kind": "INFO", "message": "Will write TRAP file /Users/macbook/Octo/static_analysis_codeql_1/codeql-kotlin.db/trap/java/classes/org/apache/jena/ontology/SymmetricProperty.members/SymmetricProperty.members#65.0-1777774446000-kotlin.trap.gz" }
{ "origin": "CodeQL Kotlin extractor", "timestamp": "2026-09-27 14:18:03", "kind": "INFO", "message": "Finished writing TRAP file /Users/macbook/Octo/static_analysis_codeql_1/codeql-kotlin.db/trap/java/classes/org/apache/jena/ontology/SymmetricProperty.members/SymmetricProperty.members#65.0-1777774446000-kotlin.trap.gz" }
{ "origin": "CodeQL Kotlin extractor", "timestamp": "2026-09-27 14:18:03", "kind": "INFO", "message": "Will write TRAP file /Users/macbook/Octo/static_analysis_codeql_1/codeql-kotlin.db/trap/java/classes/org/apache/jena/ontology/InverseFunctionalProperty.members/InverseFunctionalProperty.members#65.0-1777774446000-kotlin.trap.gz" }
{ "origin": "CodeQL Kotlin extractor", "timestamp": "2026-09-27 14:18:03", "kind": "INFO", "message": "Finished writing TRAP file /Users/macbook/Octo/static_analysis_codeql_1/codeql-kotlin.db/trap/java/classes/org/apache/jena/ontology/InverseFunctionalProperty.members/InverseFunctionalProperty.members#65.0-1777774446000-kotlin.trap.gz" }
{ "origin": "CodeQL Kotlin extractor", "timestamp": "2026-09-27 14:18:03", "kind": "INFO", "message": "Will write TRAP file /Users/macbook/Octo/static_analysis_codeql_1/codeql-kotlin.db/trap/java/classes/org/apache/jena/ontology/Individual.members/Individual.members#65.0-1777774446000-kotlin.trap.gz" }
{ "origin": "CodeQL Kotlin extractor", "timestamp": "2026-09-27 14:18:03", "kind": "INFO", "message": "Finished writing TRAP file /Users/macbook/Octo/static_analysis_codeql_1/codeql-kotlin.db/trap/java/classes/org/apache/jena/ontology/Individual.members/Individual.members#65.0-1777774446000-kotlin.trap.gz" }
{ "origin": "CodeQL Kotlin extractor", "timestamp": "2026-09-27 14:18:03", "kind": "INFO", "message": "Will write TRAP file /Users/macbook/Octo/static_analysis_codeql_1/codeql-kotlin.db/trap/java/classes/org/apache/jena/ontology/OntClass.members/OntClass.members#65.0-1777774446000-kotlin.trap.gz" }
{ "origin": "CodeQL Kotlin extractor", "timestamp": "2026-09-27 14:18:03", "kind": "INFO", "message": "Finished writing TRAP file /Users/macbook/Octo/static_analysis_codeql_1/codeql-kotlin.db/trap/java/classes/org/apache/jena/ontology/OntClass.members/OntClass.members#65.0-1777774446000-kotlin.trap.gz" }
{ "origin": "CodeQL Kotlin extractor", "timestamp": "2026-09-27 14:18:03", "kind": "INFO", "message": "Will write TRAP file /Users/macbook/Octo/static_analysis_codeql_1/codeql-kotlin.db/trap/java/classes/org/apache/jena/ontology/EnumeratedClass.members/EnumeratedClass.members#65.0-1777774446000-kotlin.trap.gz" }
{ "origin": "CodeQL Kotlin extractor", "timestamp": "2026-09-27 14:18:03", "kind": "INFO", "message": "Finished writing TRAP file /Users/macbook/Octo/static_analysis_codeql_1/codeql-kotlin.db/trap/java/classes/org/apache/jena/ontology/EnumeratedClass.members/EnumeratedClass.members#65.0-1777774446000-kotlin.trap.gz" }
{ "origin": "CodeQL Kotlin extractor", "timestamp": "2026-09-27 14:18:03", "kind": "INFO", "message": "Will write TRAP file /Users/macbook/Octo/static_analysis_codeql_1/codeql-kotlin.db/trap/java/classes/org/apache/jena/ontology/UnionClass.members/UnionClass.members#65.0-1777774446000-kotlin.trap.gz" }
{ "origin": "CodeQL Kotlin extractor", "timestamp": "2026-09-27 14:18:03", "kind": "INFO", "message": "Finished writing TRAP file /Users/macbook/Octo/static_analysis_codeql_1/codeql-kotlin.db/trap/java/classes/org/apache/jena/ontology/UnionClass.members/UnionClass.members#65.0-1777774446000-kotlin.trap.gz" }
{ "origin": "CodeQL Kotlin extractor", "timestamp": "2026-09-27 14:18:03", "kind": "INFO", "message": "Will write TRAP file /Users/macbook/Octo/static_analysis_codeql_1/codeql-kotlin.db/trap/java/classes/org/apache/jena/ontology/ComplementClass.members/ComplementClass.members#65.0-1777774446000-kotlin.trap.gz" }
{ "origin": "CodeQL Kotlin extractor", "timestamp": "2026-09-27 14:18:03", "kind": "INFO", "message": "Finished writing TRAP file /Users/macbook/Octo/static_analysis_codeql_1/codeql-kotlin.db/trap/java/classes/org/apache/jena/ontology/ComplementClass.members/ComplementClass.members#65.0-1777774446000-kotlin.trap.gz" }
{ "origin": "CodeQL Kotlin extractor", "timestamp": "2026-09-27 14:18:03", "kind": "INFO", "message": "Will write TRAP file /Users/macbook/Octo/static_analysis_codeql_1/codeql-kotlin.db/trap/java/classes/org/apache/jena/ontology/IntersectionClass.members/IntersectionClass.members#65.0-1777774446000-kotlin.trap.gz" }
{ "origin": "CodeQL Kotlin extractor", "timestamp": "2026-09-27 14:18:03", "kind": "INFO", "message": "Finished writing TRAP file /Users/macbook/Octo/static_analysis_codeql_1/codeql-kotlin.db/trap/java/classes/org/apache/jena/ontology/IntersectionClass.members/IntersectionClass.members#65.0-1777774446000-kotlin.trap.gz" }
{ "origin": "CodeQL Kotlin extractor", "timestamp": "2026-09-27 14:18:03", "kind": "INFO", "message": "Will write TRAP file /Users/macbook/Octo/static_analysis_codeql_1/codeql-kotlin.db/trap/java/classes/org/apache/jena/ontology/Restriction.members/Restriction.members#65.0-1777774446000-kotlin.trap.gz" }
{ "origin": "CodeQL Kotlin extractor", "timestamp": "2026-09-27 14:18:03", "kind": "INFO", "message": "Finished writing TRAP file /Users/macbook/Octo/static_analysis_codeql_1/codeql-kotlin.db/trap/java/classes/org/apache/jena/ontology/Restriction.members/Restriction.members#65.0-1777774446000-kotlin.trap.gz" }
{ "origin": "CodeQL Kotlin extractor", "timestamp": "2026-09-27 14:18:03", "kind": "INFO", "message": "Will write TRAP file /Users/macbook/Octo/static_analysis_codeql_1/codeql-kotlin.db/trap/java/classes/org/apache/jena/ontology/AnnotationProperty.members/AnnotationProperty.members#65.0-1777774446000-kotlin.trap.gz" }
{ "origin": "CodeQL Kotlin extractor", "timestamp": "2026-09-27 14:18:03", "kind": "INFO", "message": "Finished writing TRAP file /Users/macbook/Octo/static_analysis_codeql_1/codeql-kotlin.db/trap/java/classes/org/apache/jena/ontology/AnnotationProperty.members/AnnotationProperty.members#65.0-1777774446000-kotlin.trap.gz" }
{ "origin": "CodeQL Kotlin extractor", "timestamp": "2026-09-27 14:18:03", "kind": "INFO", "message": "Will write TRAP file /Users/macbook/Octo/static_analysis_codeql_1/codeql-kotlin.db/trap/java/classes/org/apache/jena/ontology/AllDifferent.members/AllDifferent.members#65.0-1777774446000-kotlin.trap.gz" }
{ "origin": "CodeQL Kotlin extractor", "timestamp": "2026-09-27 14:18:03", "kind": "INFO", "message": "Finished writing TRAP file /Users/macbook/Octo/static_analysis_codeql_1/codeql-kotlin.db/trap/java/classes/org/apache/jena/ontology/AllDifferent.members/AllDifferent.members#65.0-1777774446000-kotlin.trap.gz" }
{ "origin": "CodeQL Kotlin extractor", "timestamp": "2026-09-27 14:18:03", "kind": "INFO", "message": "Will write TRAP file /Users/macbook/Octo/static_analysis_codeql_1/codeql-kotlin.db/trap/java/classes/org/apache/jena/ontology/DataRange.members/DataRange.members#65.0-1777774446000-kotlin.trap.gz" }
{ "origin": "CodeQL Kotlin extractor", "timestamp": "2026-09-27 14:18:03", "kind": "INFO", "message": "Finished writing TRAP file /Users/macbook/Octo/static_analysis_codeql_1/codeql-kotlin.db/trap/java/classes/org/apache/jena/ontology/DataRange.members/DataRange.members#65.0-1777774446000-kotlin.trap.gz" }
{ "origin": "CodeQL Kotlin extractor", "timestamp": "2026-09-27 14:18:03", "kind": "INFO", "message": "Will write TRAP file /Users/macbook/Octo/static_analysis_codeql_1/codeql-kotlin.db/trap/java/classes/org/apache/jena/ontology/OntResource.members/OntResource.members#65.0-1777774446000-kotlin.trap.gz" }
{ "origin": "CodeQL Kotlin extractor", "timestamp": "2026-09-27 14:18:03", "kind": "INFO", "message": "Finished writing TRAP file /Users/macbook/Octo/static_analysis_codeql_1/codeql-kotlin.db/trap/java/classes/org/apache/jena/ontology/OntResource.members/OntResource.members#65.0-1777774446000-kotlin.trap.gz" }
{ "origin": "CodeQL Kotlin extractor", "timestamp": "2026-09-27 14:18:03", "kind": "INFO", "message": "Will write TRAP file /Users/macbook/Octo/static_analysis_codeql_1/codeql-kotlin.db/trap/java/classes/org/apache/jena/ontology/HasValueRestriction.members/HasValueRestriction.members#65.0-1777774446000-kotlin.trap.gz" }
{ "origin": "CodeQL Kotlin extractor", "timestamp": "2026-09-27 14:18:03", "kind": "INFO", "message": "Finished writing TRAP file /Users/macbook/Octo/static_analysis_codeql_1/codeql-kotlin.db/trap/java/classes/org/apache/jena/ontology/HasValueRestriction.members/HasValueRestriction.members#65.0-1777774446000-kotlin.trap.gz" }
{ "origin": "CodeQL Kotlin extractor", "timestamp": "2026-09-27 14:18:03", "kind": "INFO", "message": "Will write TRAP file /Users/macbook/Octo/static_analysis_codeql_1/codeql-kotlin.db/trap/java/classes/org/apache/jena/ontology/SomeValuesFromRestriction.members/SomeValuesFromRestriction.members#65.0-1777774446000-kotlin.trap.gz" }
{ "origin": "CodeQL Kotlin extractor", "timestamp": "2026-09-27 14:18:03", "kind": "INFO", "message": "Finished writing TRAP file /Users/macbook/Octo/static_analysis_codeql_1/codeql-kotlin.db/trap/java/classes/org/apache/jena/ontology/SomeValuesFromRestriction.members/SomeValuesFromRestriction.members#65.0-1777774446000-kotlin.trap.gz" }
{ "origin": "CodeQL Kotlin extractor", "timestamp": "2026-09-27 14:18:03", "kind": "INFO", "message": "Will write TRAP file /Users/macbook/Octo/static_analysis_codeql_1/codeql-kotlin.db/trap/java/classes/org/apache/jena/ontology/AllValuesFromRestriction.members/AllValuesFromRestriction.members#65.0-1777774446000-kotlin.trap.gz" }
{ "origin": "CodeQL Kotlin extractor", "timestamp": "2026-09-27 14:18:03", "kind": "INFO", "message": "Finished writing TRAP file /Users/macbook/Octo/static_analysis_codeql_1/codeql-kotlin.db/trap/java/classes/org/apache/jena/ontology/AllValuesFromRestriction.members/AllValuesFromRestriction.members#65.0-1777774446000-kotlin.trap.gz" }
{ "origin": "CodeQL Kotlin extractor", "timestamp": "2026-09-27 14:18:03", "kind": "INFO", "message": "Will write TRAP file /Users/macbook/Octo/static_analysis_codeql_1/codeql-kotlin.db/trap/java/classes/org/apache/jena/ontology/CardinalityRestriction.members/CardinalityRestriction.members#65.0-1777774446000-kotlin.trap.gz" }
{ "origin": "CodeQL Kotlin extractor", "timestamp": "2026-09-27 14:18:03", "kind": "INFO", "message": "Finished writing TRAP file /Users/macbook/Octo/static_analysis_codeql_1/codeql-kotlin.db/trap/java/classes/org/apache/jena/ontology/CardinalityRestriction.members/CardinalityRestriction.members#65.0-1777774446000-kotlin.trap.gz" }
{ "origin": "CodeQL Kotlin extractor", "timestamp": "2026-09-27 14:18:03", "kind": "INFO", "message": "Will write TRAP file /Users/macbook/Octo/static_analysis_codeql_1/codeql-kotlin.db/trap/java/classes/org/apache/jena/ontology/MinCardinalityRestriction.members/MinCardinalityRestriction.members#65.0-1777774446000-kotlin.trap.gz" }
{ "origin": "CodeQL Kotlin extractor", "timestamp": "2026-09-27 14:18:03", "kind": "INFO", "message": "Finished writing TRAP file /Users/macbook/Octo/static_analysis_codeql_1/codeql-kotlin.db/trap/java/classes/org/apache/jena/ontology/MinCardinalityRestriction.members/MinCardinalityRestriction.members#65.0-1777774446000-kotlin.trap.gz" }
{ "origin": "CodeQL Kotlin extractor", "timestamp": "2026-09-27 14:18:03", "kind": "INFO", "message": "Will write TRAP file /Users/macbook/Octo/static_analysis_codeql_1/codeql-kotlin.db/trap/java/classes/org/apache/jena/ontology/MaxCardinalityRestriction.members/MaxCardinalityRestriction.members#65.0-1777774446000-kotlin.trap.gz" }
{ "origin": "CodeQL Kotlin extractor", "timestamp": "2026-09-27 14:18:03", "kind": "INFO", "message": "Finished writing TRAP file /Users/macbook/Octo/static_analysis_codeql_1/codeql-kotlin.db/trap/java/classes/org/apache/jena/ontology/MaxCardinalityRestriction.members/MaxCardinalityRestriction.members#65.0-1777774446000-kotlin.trap.gz" }
{ "origin": "CodeQL Kotlin extractor", "timestamp": "2026-09-27 14:18:03", "kind": "INFO", "message": "Will write TRAP file /Users/macbook/Octo/static_analysis_codeql_1/codeql-kotlin.db/trap/java/classes/org/apache/jena/ontology/QualifiedRestriction.members/QualifiedRestriction.members#65.0-1777774446000-kotlin.trap.gz" }
{ "origin": "CodeQL Kotlin extractor", "timestamp": "2026-09-27 14:18:03", "kind": "INFO", "message": "Finished writing TRAP file /Users/macbook/Octo/static_analysis_codeql_1/codeql-kotlin.db/trap/java/classes/org/apache/jena/ontology/QualifiedRestriction.members/QualifiedRestriction.members#65.0-1777774446000-kotlin.trap.gz" }
{ "origin": "CodeQL Kotlin extractor", "timestamp": "2026-09-27 14:18:03", "kind": "INFO", "message": "Will write TRAP file /Users/macbook/Octo/static_analysis_codeql_1/codeql-kotlin.db/trap/java/classes/org/apache/jena/ontology/CardinalityQRestriction.members/CardinalityQRestriction.members#65.0-1777774446000-kotlin.trap.gz" }
{ "origin": "CodeQL Kotlin extractor", "timestamp": "2026-09-27 14:18:03", "kind": "INFO", "message": "Finished writing TRAP file /Users/macbook/Octo/static_analysis_codeql_1/codeql-kotlin.db/trap/java/classes/org/apache/jena/ontology/CardinalityQRestriction.members/CardinalityQRestriction.members#65.0-1777774446000-kotlin.trap.gz" }
{ "origin": "CodeQL Kotlin extractor", "timestamp": "2026-09-27 14:18:03", "kind": "INFO", "message": "Will write TRAP file /Users/macbook/Octo/static_analysis_codeql_1/codeql-kotlin.db/trap/java/classes/org/apache/jena/ontology/MinCardinalityQRestriction.members/MinCardinalityQRestriction.members#65.0-1777774446000-kotlin.trap.gz" }
{ "origin": "CodeQL Kotlin extractor", "timestamp": "2026-09-27 14:18:03", "kind": "INFO", "message": "Finished writing TRAP file /Users/macbook/Octo/static_analysis_codeql_1/codeql-kotlin.db/trap/java/classes/org/apache/jena/ontology/MinCardinalityQRestriction.members/MinCardinalityQRestriction.members#65.0-1777774446000-kotlin.trap.gz" }
{ "origin": "CodeQL Kotlin extractor", "timestamp": "2026-09-27 14:18:03", "kind": "INFO", "message": "Will write TRAP file /Users/macbook/Octo/static_analysis_codeql_1/codeql-kotlin.db/trap/java/classes/org/apache/jena/ontology/MaxCardinalityQRestriction.members/MaxCardinalityQRestriction.members#65.0-1777774446000-kotlin.trap.gz" }
{ "origin": "CodeQL Kotlin extractor", "timestamp": "2026-09-27 14:18:03", "kind": "INFO", "message": "Finished writing TRAP file /Users/macbook/Octo/static_analysis_codeql_1/codeql-kotlin.db/trap/java/classes/org/apache/jena/ontology/MaxCardinalityQRestriction.members/MaxCardinalityQRestriction.members#65.0-1777774446000-kotlin.trap.gz" }
{ "origin": "CodeQL Kotlin extractor", "timestamp": "2026-09-27 14:18:03", "kind": "INFO", "message": "Will write TRAP file /Users/macbook/Octo/static_analysis_codeql_1/codeql-kotlin.db/trap/java/classes/org/apache/jena/ontology/Profile.members/Profile.members#65.0-1777774446000-kotlin.trap.gz" }
{ "origin": "CodeQL Kotlin extractor", "timestamp": "2026-09-27 14:18:03", "kind": "INFO", "message": "Finished writing TRAP file /Users/macbook/Octo/static_analysis_codeql_1/codeql-kotlin.db/trap/java/classes/org/apache/jena/ontology/Profile.members/Profile.members#65.0-1777774446000-kotlin.trap.gz" }
{ "origin": "CodeQL Kotlin extractor", "timestamp": "2026-09-27 14:18:03", "kind": "INFO", "message": "Will write TRAP file /Users/macbook/Octo/static_analysis_codeql_1/codeql-kotlin.db/trap/java/classes/org/apache/jena/ontology/OntDocumentManager.members/OntDocumentManager.members#65.0-1777774446000-kotlin.trap.gz" }
{ "origin": "CodeQL Kotlin extractor", "timestamp": "2026-09-27 14:18:03", "kind": "INFO", "message": "Finished writing TRAP file /Users/macbook/Octo/static_analysis_codeql_1/codeql-kotlin.db/trap/java/classes/org/apache/jena/ontology/OntDocumentManager.members/OntDocumentManager.members#65.0-1777774446000-kotlin.trap.gz" }
{ "origin": "CodeQL Kotlin extractor", "timestamp": "2026-09-27 14:18:03", "kind": "INFO", "message": "Will write TRAP file /Users/macbook/Octo/static_analysis_codeql_1/codeql-kotlin.db/trap/java/classes/org/apache/jena/reasoner/ReasonerFactory.members/ReasonerFactory.members#65.0-1777774446000-kotlin.trap.gz" }
{ "origin": "CodeQL Kotlin extractor", "timestamp": "2026-09-27 14:18:03", "kind": "INFO", "message": "Finished writing TRAP file /Users/macbook/Octo/static_analysis_codeql_1/codeql-kotlin.db/trap/java/classes/org/apache/jena/reasoner/ReasonerFactory.members/ReasonerFactory.members#65.0-1777774446000-kotlin.trap.gz" }
{ "origin": "CodeQL Kotlin extractor", "timestamp": "2026-09-27 14:18:03", "kind": "INFO", "message": "Will write TRAP file /Users/macbook/Octo/static_analysis_codeql_1/codeql-kotlin.db/trap/java/classes/org/apache/jena/ontology/models/ModelGetter.members/ModelGetter.members#65.0-1777774446000-kotlin.trap.gz" }
{ "origin": "CodeQL Kotlin extractor", "timestamp": "2026-09-27 14:18:03", "kind": "INFO", "message": "Finished writing TRAP file /Users/macbook/Octo/static_analysis_codeql_1/codeql-kotlin.db/trap/java/classes/org/apache/jena/ontology/models/ModelGetter.members/ModelGetter.members#65.0-1777774446000-kotlin.trap.gz" }
{ "origin": "CodeQL Kotlin extractor", "timestamp": "2026-09-27 14:18:03", "kind": "INFO", "message": "Will write TRAP file /Users/macbook/Octo/static_analysis_codeql_1/codeql-kotlin.db/trap/java/classes/org/apache/jena/shacl/validation/ReportItem.members/ReportItem.members#65.0-1777774446000-kotlin.trap.gz" }
{ "origin": "CodeQL Kotlin extractor", "timestamp": "2026-09-27 14:18:03", "kind": "INFO", "message": "Finished writing TRAP file /Users/macbook/Octo/static_analysis_codeql_1/codeql-kotlin.db/trap/java/classes/org/apache/jena/shacl/validation/ReportItem.members/ReportItem.members#65.0-1777774446000-kotlin.trap.gz" }
{ "origin": "CodeQL Kotlin extractor", "timestamp": "2026-09-27 14:18:03", "kind": "INFO", "message": "Will write TRAP file /Users/macbook/Octo/static_analysis_codeql_1/codeql-kotlin.db/trap/java/classes/org/apache/jena/shacl/engine/ValidationContext.members/ValidationContext.members#65.0-1777774446000-kotlin.trap.gz" }
{ "origin": "CodeQL Kotlin extractor", "timestamp": "2026-09-27 14:18:03", "kind": "INFO", "message": "Finished writing TRAP file /Users/macbook/Octo/static_analysis_codeql_1/codeql-kotlin.db/trap/java/classes/org/apache/jena/shacl/engine/ValidationContext.members/ValidationContext.members#65.0-1777774446000-kotlin.trap.gz" }
{ "origin": "CodeQL Kotlin extractor", "timestamp": "2026-09-27 14:18:03", "kind": "INFO", "message": "Will write TRAP file /Users/macbook/Octo/static_analysis_codeql_1/codeql-kotlin.db/trap/java/classes/org/apache/jena/shacl/parser/ConstraintVisitor.members/ConstraintVisitor.members#65.0-1777774446000-kotlin.trap.gz" }
{ "origin": "CodeQL Kotlin extractor", "timestamp": "2026-09-27 14:18:03", "kind": "INFO", "message": "Finished writing TRAP file /Users/macbook/Octo/static_analysis_codeql_1/codeql-kotlin.db/trap/java/classes/org/apache/jena/shacl/parser/ConstraintVisitor.members/ConstraintVisitor.members#65.0-1777774446000-kotlin.trap.gz" }
{ "origin": "CodeQL Kotlin extractor", "timestamp": "2026-09-27 14:18:03", "kind": "INFO", "message": "Will write TRAP file /Users/macbook/Octo/static_analysis_codeql_1/codeql-kotlin.db/trap/java/classes/org/apache/jena/shared/JenaException.members/JenaException.members#65.0-1777774446000-kotlin.trap.gz" }
{ "origin": "CodeQL Kotlin extractor", "timestamp": "2026-09-27 14:18:03", "kind": "INFO", "message": "Finished writing TRAP file /Users/macbook/Octo/static_analysis_codeql_1/codeql-kotlin.db/trap/java/classes/org/apache/jena/shared/JenaException.members/JenaException.members#65.0-1777774446000-kotlin.trap.gz" }
{ "origin": "CodeQL Kotlin extractor", "timestamp": "2026-09-27 14:18:03", "kind": "INFO", "message": "Will write TRAP file /Users/macbook/Octo/static_analysis_codeql_1/codeql-kotlin.db/trap/java/classes/org/apache/jena/graph/Node_ANY.members/Node_ANY.members#65.0-1777774446000-kotlin.trap.gz" }
{ "origin": "CodeQL Kotlin extractor", "timestamp": "2026-09-27 14:18:03", "kind": "INFO", "message": "Finished writing TRAP file /Users/macbook/Octo/static_analysis_codeql_1/codeql-kotlin.db/trap/java/classes/org/apache/jena/graph/Node_ANY.members/Node_ANY.members#65.0-1777774446000-kotlin.trap.gz" }
{ "origin": "CodeQL Kotlin extractor", "timestamp": "2026-09-27 14:18:03", "kind": "INFO", "message": "Will write TRAP file /Users/macbook/Octo/static_analysis_codeql_1/codeql-kotlin.db/trap/java/classes/org/apache/jena/graph/Node_Blank.members/Node_Blank.members#65.0-1777774446000-kotlin.trap.gz" }
{ "origin": "CodeQL Kotlin extractor", "timestamp": "2026-09-27 14:18:03", "kind": "INFO", "message": "Finished writing TRAP file /Users/macbook/Octo/static_analysis_codeql_1/codeql-kotlin.db/trap/java/classes/org/apache/jena/graph/Node_Blank.members/Node_Blank.members#65.0-1777774446000-kotlin.trap.gz" }
{ "origin": "CodeQL Kotlin extractor", "timestamp": "2026-09-27 14:18:03", "kind": "INFO", "message": "Will write TRAP file /Users/macbook/Octo/static_analysis_codeql_1/codeql-kotlin.db/trap/java/classes/org/apache/jena/graph/Node_Literal.members/Node_Literal.members#65.0-1777774446000-kotlin.trap.gz" }
{ "origin": "CodeQL Kotlin extractor", "timestamp": "2026-09-27 14:18:03", "kind": "INFO", "message": "Finished writing TRAP file /Users/macbook/Octo/static_analysis_codeql_1/codeql-kotlin.db/trap/java/classes/org/apache/jena/graph/Node_Literal.members/Node_Literal.members#65.0-1777774446000-kotlin.trap.gz" }
{ "origin": "CodeQL Kotlin extractor", "timestamp": "2026-09-27 14:18:03", "kind": "INFO", "message": "Will write TRAP file /Users/macbook/Octo/static_analysis_codeql_1/codeql-kotlin.db/trap/java/classes/org/apache/jena/graph/Node_URI.members/Node_URI.members#65.0-1777774446000-kotlin.trap.gz" }
{ "origin": "CodeQL Kotlin extractor", "timestamp": "2026-09-27 14:18:03", "kind": "INFO", "message": "Finished writing TRAP file /Users/macbook/Octo/static_analysis_codeql_1/codeql-kotlin.db/trap/java/classes/org/apache/jena/graph/Node_URI.members/Node_URI.members#65.0-1777774446000-kotlin.trap.gz" }
{ "origin": "CodeQL Kotlin extractor", "timestamp": "2026-09-27 14:18:03", "kind": "INFO", "message": "Will write TRAP file /Users/macbook/Octo/static_analysis_codeql_1/codeql-kotlin.db/trap/java/classes/org/apache/jena/graph/Node_Variable.members/Node_Variable.members#65.0-1777774446000-kotlin.trap.gz" }
{ "origin": "CodeQL Kotlin extractor", "timestamp": "2026-09-27 14:18:03", "kind": "INFO", "message": "Finished writing TRAP file /Users/macbook/Octo/static_analysis_codeql_1/codeql-kotlin.db/trap/java/classes/org/apache/jena/graph/Node_Variable.members/Node_Variable.members#65.0-1777774446000-kotlin.trap.gz" }
{ "origin": "CodeQL Kotlin extractor", "timestamp": "2026-09-27 14:18:03", "kind": "INFO", "message": "Will write TRAP file /Users/macbook/Octo/static_analysis_codeql_1/codeql-kotlin.db/trap/java/classes/org/apache/jena/graph/Node_Triple.members/Node_Triple.members#65.0-1777774446000-kotlin.trap.gz" }
{ "origin": "CodeQL Kotlin extractor", "timestamp": "2026-09-27 14:18:03", "kind": "INFO", "message": "Finished writing TRAP file /Users/macbook/Octo/static_analysis_codeql_1/codeql-kotlin.db/trap/java/classes/org/apache/jena/graph/Node_Triple.members/Node_Triple.members#65.0-1777774446000-kotlin.trap.gz" }
{ "origin": "CodeQL Kotlin extractor", "timestamp": "2026-09-27 14:18:03", "kind": "INFO", "message": "Will write TRAP file /Users/macbook/Octo/static_analysis_codeql_1/codeql-kotlin.db/trap/java/classes/org/apache/jena/graph/Node_Graph.members/Node_Graph.members#65.0-1777774446000-kotlin.trap.gz" }
{ "origin": "CodeQL Kotlin extractor", "timestamp": "2026-09-27 14:18:03", "kind": "INFO", "message": "Finished writing TRAP file /Users/macbook/Octo/static_analysis_codeql_1/codeql-kotlin.db/trap/java/classes/org/apache/jena/graph/Node_Graph.members/Node_Graph.members#65.0-1777774446000-kotlin.trap.gz" }
{ "origin": "CodeQL Kotlin extractor", "timestamp": "2026-09-27 14:18:03", "kind": "INFO", "message": "Will write TRAP file /Users/macbook/Octo/static_analysis_codeql_1/codeql-kotlin.db/trap/java/classes/org/apache/jena/graph/impl/LiteralLabel$ByteArray.members/LiteralLabel$ByteArray.members#65.0-1777774446000-kotlin.trap.gz" }
{ "origin": "CodeQL Kotlin extractor", "timestamp": "2026-09-27 14:18:03", "kind": "INFO", "message": "Finished writing TRAP file /Users/macbook/Octo/static_analysis_codeql_1/codeql-kotlin.db/trap/java/classes/org/apache/jena/graph/impl/LiteralLabel$ByteArray.members/LiteralLabel$ByteArray.members#65.0-1777774446000-kotlin.trap.gz" }
{ "origin": "CodeQL Kotlin extractor", "timestamp": "2026-09-27 14:18:03", "kind": "INFO", "message": "Skipping extracting external decl EnumEntries" }
{ "origin": "CodeQL Kotlin extractor", "timestamp": "2026-09-27 14:18:03", "kind": "INFO", "message": "Skipping extracting external decl Enum" }
{ "origin": "CodeQL Kotlin extractor", "timestamp": "2026-09-27 14:18:03", "kind": "INFO", "message": "Skipping extracting external decl Comparable" }
{ "origin": "CodeQL Kotlin extractor", "timestamp": "2026-09-27 14:18:03", "kind": "INFO", "message": "Skipping extracting external decl Comparable" }
{ "origin": "CodeQL Kotlin extractor", "timestamp": "2026-09-27 14:18:03", "kind": "INFO", "message": "Skipping extracting external decl Enum" }
{ "origin": "CodeQL Kotlin extractor", "timestamp": "2026-09-27 14:18:03", "kind": "INFO", "message": "Skipping extracting external decl EnumDesc" }
{ "origin": "CodeQL Kotlin extractor", "timestamp": "2026-09-27 14:18:03", "kind": "INFO", "message": "Skipping extracting external decl DynamicConstantDesc" }
{ "origin": "CodeQL Kotlin extractor", "timestamp": "2026-09-27 14:18:03", "kind": "INFO", "message": "Skipping extracting external decl ConstantDesc" }
{ "origin": "CodeQL Kotlin extractor", "timestamp": "2026-09-27 14:18:03", "kind": "INFO", "message": "Will write TRAP file /Users/macbook/Octo/static_analysis_codeql_1/codeql-kotlin.db/trap/java/classes/org/apache/jena/sparql/path/P_Link.members/P_Link.members#65.0-1777774446000-kotlin.trap.gz" }
{ "origin": "CodeQL Kotlin extractor", "timestamp": "2026-09-27 14:18:03", "kind": "INFO", "message": "Finished writing TRAP file /Users/macbook/Octo/static_analysis_codeql_1/codeql-kotlin.db/trap/java/classes/org/apache/jena/sparql/path/P_Link.members/P_Link.members#65.0-1777774446000-kotlin.trap.gz" }
{ "origin": "CodeQL Kotlin extractor", "timestamp": "2026-09-27 14:18:03", "kind": "INFO", "message": "Will write TRAP file /Users/macbook/Octo/static_analysis_codeql_1/codeql-kotlin.db/trap/java/classes/org/apache/jena/sparql/path/P_ReverseLink.members/P_ReverseLink.members#65.0-1777774446000-kotlin.trap.gz" }
{ "origin": "CodeQL Kotlin extractor", "timestamp": "2026-09-27 14:18:03", "kind": "INFO", "message": "Finished writing TRAP file /Users/macbook/Octo/static_analysis_codeql_1/codeql-kotlin.db/trap/java/classes/org/apache/jena/sparql/path/P_ReverseLink.members/P_ReverseLink.members#65.0-1777774446000-kotlin.trap.gz" }
{ "origin": "CodeQL Kotlin extractor", "timestamp": "2026-09-27 14:18:03", "kind": "INFO", "message": "Will write TRAP file /Users/macbook/Octo/static_analysis_codeql_1/codeql-kotlin.db/trap/java/classes/org/apache/jena/sparql/path/P_NegPropSet.members/P_NegPropSet.members#65.0-1777774446000-kotlin.trap.gz" }
{ "origin": "CodeQL Kotlin extractor", "timestamp": "2026-09-27 14:18:03", "kind": "INFO", "message": "Finished writing TRAP file /Users/macbook/Octo/static_analysis_codeql_1/codeql-kotlin.db/trap/java/classes/org/apache/jena/sparql/path/P_NegPropSet.members/P_NegPropSet.members#65.0-1777774446000-kotlin.trap.gz" }
{ "origin": "CodeQL Kotlin extractor", "timestamp": "2026-09-27 14:18:03", "kind": "INFO", "message": "Will write TRAP file /Users/macbook/Octo/static_analysis_codeql_1/codeql-kotlin.db/trap/java/classes/org/apache/jena/sparql/path/P_Inverse.members/P_Inverse.members#65.0-1777774446000-kotlin.trap.gz" }
{ "origin": "CodeQL Kotlin extractor", "timestamp": "2026-09-27 14:18:03", "kind": "INFO", "message": "Finished writing TRAP file /Users/macbook/Octo/static_analysis_codeql_1/codeql-kotlin.db/trap/java/classes/org/apache/jena/sparql/path/P_Inverse.members/P_Inverse.members#65.0-1777774446000-kotlin.trap.gz" }
{ "origin": "CodeQL Kotlin extractor", "timestamp": "2026-09-27 14:18:03", "kind": "INFO", "message": "Will write TRAP file /Users/macbook/Octo/static_analysis_codeql_1/codeql-kotlin.db/trap/java/classes/org/apache/jena/sparql/path/P_Mod.members/P_Mod.members#65.0-1777774446000-kotlin.trap.gz" }
{ "origin": "CodeQL Kotlin extractor", "timestamp": "2026-09-27 14:18:03", "kind": "INFO", "message": "Finished writing TRAP file /Users/macbook/Octo/static_analysis_codeql_1/codeql-kotlin.db/trap/java/classes/org/apache/jena/sparql/path/P_Mod.members/P_Mod.members#65.0-1777774446000-kotlin.trap.gz" }
{ "origin": "CodeQL Kotlin extractor", "timestamp": "2026-09-27 14:18:03", "kind": "INFO", "message": "Will write TRAP file /Users/macbook/Octo/static_analysis_codeql_1/codeql-kotlin.db/trap/java/classes/org/apache/jena/sparql/path/P_FixedLength.members/P_FixedLength.members#65.0-1777774446000-kotlin.trap.gz" }
{ "origin": "CodeQL Kotlin extractor", "timestamp": "2026-09-27 14:18:03", "kind": "INFO", "message": "Finished writing TRAP file /Users/macbook/Octo/static_analysis_codeql_1/codeql-kotlin.db/trap/java/classes/org/apache/jena/sparql/path/P_FixedLength.members/P_FixedLength.members#65.0-1777774446000-kotlin.trap.gz" }
{ "origin": "CodeQL Kotlin extractor", "timestamp": "2026-09-27 14:18:03", "kind": "INFO", "message": "Will write TRAP file /Users/macbook/Octo/static_analysis_codeql_1/codeql-kotlin.db/trap/java/classes/org/apache/jena/sparql/path/P_Distinct.members/P_Distinct.members#65.0-1777774446000-kotlin.trap.gz" }
{ "origin": "CodeQL Kotlin extractor", "timestamp": "2026-09-27 14:18:03", "kind": "INFO", "message": "Finished writing TRAP file /Users/macbook/Octo/static_analysis_codeql_1/codeql-kotlin.db/trap/java/classes/org/apache/jena/sparql/path/P_Distinct.members/P_Distinct.members#65.0-1777774446000-kotlin.trap.gz" }
{ "origin": "CodeQL Kotlin extractor", "timestamp": "2026-09-27 14:18:03", "kind": "INFO", "message": "Will write TRAP file /Users/macbook/Octo/static_analysis_codeql_1/codeql-kotlin.db/trap/java/classes/org/apache/jena/sparql/path/P_Multi.members/P_Multi.members#65.0-1777774446000-kotlin.trap.gz" }
{ "origin": "CodeQL Kotlin extractor", "timestamp": "2026-09-27 14:18:03", "kind": "INFO", "message": "Finished writing TRAP file /Users/macbook/Octo/static_analysis_codeql_1/codeql-kotlin.db/trap/java/classes/org/apache/jena/sparql/path/P_Multi.members/P_Multi.members#65.0-1777774446000-kotlin.trap.gz" }
{ "origin": "CodeQL Kotlin extractor", "timestamp": "2026-09-27 14:18:03", "kind": "INFO", "message": "Will write TRAP file /Users/macbook/Octo/static_analysis_codeql_1/codeql-kotlin.db/trap/java/classes/org/apache/jena/sparql/path/P_Shortest.members/P_Shortest.members#65.0-1777774446000-kotlin.trap.gz" }
{ "origin": "CodeQL Kotlin extractor", "timestamp": "2026-09-27 14:18:03", "kind": "INFO", "message": "Finished writing TRAP file /Users/macbook/Octo/static_analysis_codeql_1/codeql-kotlin.db/trap/java/classes/org/apache/jena/sparql/path/P_Shortest.members/P_Shortest.members#65.0-1777774446000-kotlin.trap.gz" }
{ "origin": "CodeQL Kotlin extractor", "timestamp": "2026-09-27 14:18:03", "kind": "INFO", "message": "Will write TRAP file /Users/macbook/Octo/static_analysis_codeql_1/codeql-kotlin.db/trap/java/classes/org/apache/jena/sparql/path/P_ZeroOrOne.members/P_ZeroOrOne.members#65.0-1777774446000-kotlin.trap.gz" }
{ "origin": "CodeQL Kotlin extractor", "timestamp": "2026-09-27 14:18:03", "kind": "INFO", "message": "Finished writing TRAP file /Users/macbook/Octo/static_analysis_codeql_1/codeql-kotlin.db/trap/java/classes/org/apache/jena/sparql/path/P_ZeroOrOne.members/P_ZeroOrOne.members#65.0-1777774446000-kotlin.trap.gz" }
{ "origin": "CodeQL Kotlin extractor", "timestamp": "2026-09-27 14:18:03", "kind": "INFO", "message": "Will write TRAP file /Users/macbook/Octo/static_analysis_codeql_1/codeql-kotlin.db/trap/java/classes/org/apache/jena/sparql/path/P_ZeroOrMore1.members/P_ZeroOrMore1.members#65.0-1777774446000-kotlin.trap.gz" }
{ "origin": "CodeQL Kotlin extractor", "timestamp": "2026-09-27 14:18:03", "kind": "INFO", "message": "Finished writing TRAP file /Users/macbook/Octo/static_analysis_codeql_1/codeql-kotlin.db/trap/java/classes/org/apache/jena/sparql/path/P_ZeroOrMore1.members/P_ZeroOrMore1.members#65.0-1777774446000-kotlin.trap.gz" }
{ "origin": "CodeQL Kotlin extractor", "timestamp": "2026-09-27 14:18:03", "kind": "INFO", "message": "Will write TRAP file /Users/macbook/Octo/static_analysis_codeql_1/codeql-kotlin.db/trap/java/classes/org/apache/jena/sparql/path/P_ZeroOrMoreN.members/P_ZeroOrMoreN.members#65.0-1777774446000-kotlin.trap.gz" }
{ "origin": "CodeQL Kotlin extractor", "timestamp": "2026-09-27 14:18:03", "kind": "INFO", "message": "Finished writing TRAP file /Users/macbook/Octo/static_analysis_codeql_1/codeql-kotlin.db/trap/java/classes/org/apache/jena/sparql/path/P_ZeroOrMoreN.members/P_ZeroOrMoreN.members#65.0-1777774446000-kotlin.trap.gz" }
{ "origin": "CodeQL Kotlin extractor", "timestamp": "2026-09-27 14:18:03", "kind": "INFO", "message": "Will write TRAP file /Users/macbook/Octo/static_analysis_codeql_1/codeql-kotlin.db/trap/java/classes/org/apache/jena/sparql/path/P_OneOrMore1.members/P_OneOrMore1.members#65.0-1777774446000-kotlin.trap.gz" }
{ "origin": "CodeQL Kotlin extractor", "timestamp": "2026-09-27 14:18:03", "kind": "INFO", "message": "Finished writing TRAP file /Users/macbook/Octo/static_analysis_codeql_1/codeql-kotlin.db/trap/java/classes/org/apache/jena/sparql/path/P_OneOrMore1.members/P_OneOrMore1.members#65.0-1777774446000-kotlin.trap.gz" }
{ "origin": "CodeQL Kotlin extractor", "timestamp": "2026-09-27 14:18:03", "kind": "INFO", "message": "Will write TRAP file /Users/macbook/Octo/static_analysis_codeql_1/codeql-kotlin.db/trap/java/classes/org/apache/jena/sparql/path/P_OneOrMoreN.members/P_OneOrMoreN.members#65.0-1777774446000-kotlin.trap.gz" }
{ "origin": "CodeQL Kotlin extractor", "timestamp": "2026-09-27 14:18:03", "kind": "INFO", "message": "Finished writing TRAP file /Users/macbook/Octo/static_analysis_codeql_1/codeql-kotlin.db/trap/java/classes/org/apache/jena/sparql/path/P_OneOrMoreN.members/P_OneOrMoreN.members#65.0-1777774446000-kotlin.trap.gz" }
{ "origin": "CodeQL Kotlin extractor", "timestamp": "2026-09-27 14:18:03", "kind": "INFO", "message": "Will write TRAP file /Users/macbook/Octo/static_analysis_codeql_1/codeql-kotlin.db/trap/java/classes/org/apache/jena/sparql/path/P_Alt.members/P_Alt.members#65.0-1777774446000-kotlin.trap.gz" }
{ "origin": "CodeQL Kotlin extractor", "timestamp": "2026-09-27 14:18:03", "kind": "INFO", "message": "Finished writing TRAP file /Users/macbook/Octo/static_analysis_codeql_1/codeql-kotlin.db/trap/java/classes/org/apache/jena/sparql/path/P_Alt.members/P_Alt.members#65.0-1777774446000-kotlin.trap.gz" }
{ "origin": "CodeQL Kotlin extractor", "timestamp": "2026-09-27 14:18:03", "kind": "INFO", "message": "Will write TRAP file /Users/macbook/Octo/static_analysis_codeql_1/codeql-kotlin.db/trap/java/classes/org/apache/jena/sparql/path/P_Seq.members/P_Seq.members#65.0-1777774446000-kotlin.trap.gz" }
{ "origin": "CodeQL Kotlin extractor", "timestamp": "2026-09-27 14:18:03", "kind": "INFO", "message": "Finished writing TRAP file /Users/macbook/Octo/static_analysis_codeql_1/codeql-kotlin.db/trap/java/classes/org/apache/jena/sparql/path/P_Seq.members/P_Seq.members#65.0-1777774446000-kotlin.trap.gz" }
{ "origin": "CodeQL Kotlin extractor", "timestamp": "2026-09-27 14:18:03", "kind": "INFO", "message": "Will write TRAP file /Users/macbook/Octo/static_analysis_codeql_1/codeql-kotlin.db/trap/java/classes/org/apache/jena/irix/IRIxResolver.members/IRIxResolver.members#65.0-1777774446000-kotlin.trap.gz" }
{ "origin": "CodeQL Kotlin extractor", "timestamp": "2026-09-27 14:18:03", "kind": "INFO", "message": "Finished writing TRAP file /Users/macbook/Octo/static_analysis_codeql_1/codeql-kotlin.db/trap/java/classes/org/apache/jena/irix/IRIxResolver.members/IRIxResolver.members#65.0-1777774446000-kotlin.trap.gz" }
{ "origin": "CodeQL Kotlin extractor", "timestamp": "2026-09-27 14:18:03", "kind": "INFO", "message": "Will write TRAP file /Users/macbook/Octo/static_analysis_codeql_1/codeql-kotlin.db/trap/java/classes/org/apache/jena/irix/IRIx.members/IRIx.members#65.0-1777774446000-kotlin.trap.gz" }
{ "origin": "CodeQL Kotlin extractor", "timestamp": "2026-09-27 14:18:03", "kind": "INFO", "message": "Finished writing TRAP file /Users/macbook/Octo/static_analysis_codeql_1/codeql-kotlin.db/trap/java/classes/org/apache/jena/irix/IRIx.members/IRIx.members#65.0-1777774446000-kotlin.trap.gz" }
{ "origin": "CodeQL Kotlin extractor", "timestamp": "2026-09-27 14:18:03", "kind": "INFO", "message": "Will write TRAP file /Users/macbook/Octo/static_analysis_codeql_1/codeql-kotlin.db/trap/java/classes/org/apache/jena/rdf/model/Container.members/Container.members#65.0-1777774446000-kotlin.trap.gz" }
{ "origin": "CodeQL Kotlin extractor", "timestamp": "2026-09-27 14:18:03", "kind": "INFO", "message": "Finished writing TRAP file /Users/macbook/Octo/static_analysis_codeql_1/codeql-kotlin.db/trap/java/classes/org/apache/jena/rdf/model/Container.members/Container.members#65.0-1777774446000-kotlin.trap.gz" }
{ "origin": "CodeQL Kotlin extractor", "timestamp": "2026-09-27 14:18:03", "kind": "INFO", "message": "Skipping extracting external decl Exception" }
{ "origin": "CodeQL Kotlin extractor", "timestamp": "2026-09-27 14:18:03", "kind": "INFO", "message": "Will write TRAP file /Users/macbook/Octo/static_analysis_codeql_1/codeql-kotlin.db/trap/java/classes/org/apache/jena/shacl/engine/TargetType.members/TargetType.members#65.0-1777774446000-kotlin.trap.gz" }
{ "origin": "CodeQL Kotlin extractor", "timestamp": "2026-09-27 14:18:03", "kind": "INFO", "message": "Finished writing TRAP file /Users/macbook/Octo/static_analysis_codeql_1/codeql-kotlin.db/trap/java/classes/org/apache/jena/shacl/engine/TargetType.members/TargetType.members#65.0-1777774446000-kotlin.trap.gz" }
{ "origin": "CodeQL Kotlin extractor", "timestamp": "2026-09-27 14:18:03", "kind": "INFO", "message": "Skipping extracting external decl BiFunction" }
{ "origin": "CodeQL Kotlin extractor", "timestamp": "2026-09-27 14:18:03", "kind": "INFO", "message": "Will write TRAP file /Users/macbook/Octo/static_analysis_codeql_1/codeql-kotlin.db/trap/java/classes/org/apache/jena/shacl/parser/NodeShape.members/NodeShape.members#65.0-1777774446000-kotlin.trap.gz" }
{ "origin": "CodeQL Kotlin extractor", "timestamp": "2026-09-27 14:18:03", "kind": "INFO", "message": "Finished writing TRAP file /Users/macbook/Octo/static_analysis_codeql_1/codeql-kotlin.db/trap/java/classes/org/apache/jena/shacl/parser/NodeShape.members/NodeShape.members#65.0-1777774446000-kotlin.trap.gz" }
{ "origin": "CodeQL Kotlin extractor", "timestamp": "2026-09-27 14:18:03", "kind": "INFO", "message": "Will write TRAP file /Users/macbook/Octo/static_analysis_codeql_1/codeql-kotlin.db/trap/java/classes/org/apache/jena/atlas/io/AWriter.members/AWriter.members#65.0-1777774446000-kotlin.trap.gz" }
{ "origin": "CodeQL Kotlin extractor", "timestamp": "2026-09-27 14:18:03", "kind": "INFO", "message": "Finished writing TRAP file /Users/macbook/Octo/static_analysis_codeql_1/codeql-kotlin.db/trap/java/classes/org/apache/jena/atlas/io/AWriter.members/AWriter.members#65.0-1777774446000-kotlin.trap.gz" }
{ "origin": "CodeQL Kotlin extractor", "timestamp": "2026-09-27 14:18:03", "kind": "INFO", "message": "Will write TRAP file /Users/macbook/Octo/static_analysis_codeql_1/codeql-kotlin.db/trap/java/classes/org/apache/jena/atlas/io/AWriterBase.members/AWriterBase.members#65.0-1777774446000-kotlin.trap.gz" }
{ "origin": "CodeQL Kotlin extractor", "timestamp": "2026-09-27 14:18:03", "kind": "INFO", "message": "Finished writing TRAP file /Users/macbook/Octo/static_analysis_codeql_1/codeql-kotlin.db/trap/java/classes/org/apache/jena/atlas/io/AWriterBase.members/AWriterBase.members#65.0-1777774446000-kotlin.trap.gz" }
{ "origin": "CodeQL Kotlin extractor", "timestamp": "2026-09-27 14:18:03", "kind": "INFO", "message": "Skipping extracting external decl Annotation" }
{ "origin": "CodeQL Kotlin extractor", "timestamp": "2026-09-27 14:18:03", "kind": "INFO", "message": "Skipping extracting external decl Annotation" }
{ "origin": "CodeQL Kotlin extractor", "timestamp": "2026-09-27 14:18:03", "kind": "INFO", "message": "Skipping extracting external decl MustBeDocumented" }
{ "origin": "CodeQL Kotlin extractor", "timestamp": "2026-09-27 14:18:03", "kind": "INFO", "message": "Skipping extracting external decl Retention" }
{ "origin": "CodeQL Kotlin extractor", "timestamp": "2026-09-27 14:18:03", "kind": "INFO", "message": "Skipping extracting external decl AnnotationRetention" }
{ "origin": "CodeQL Kotlin extractor", "timestamp": "2026-09-27 14:18:03", "kind": "INFO", "message": "Skipping extracting external decl Target" }
{ "origin": "CodeQL Kotlin extractor", "timestamp": "2026-09-27 14:18:03", "kind": "INFO", "message": "Skipping extracting external decl AnnotationTarget" }
{ "origin": "CodeQL Kotlin extractor", "timestamp": "2026-09-27 14:18:03", "kind": "INFO", "message": "Will write TRAP file /Users/macbook/Octo/static_analysis_codeql_1/codeql-kotlin.db/trap/java/classes/org/apache/jena/atlas/web/MediaType.members/MediaType.members#65.0-1777774446000-kotlin.trap.gz" }
{ "origin": "CodeQL Kotlin extractor", "timestamp": "2026-09-27 14:18:03", "kind": "INFO", "message": "Finished writing TRAP file /Users/macbook/Octo/static_analysis_codeql_1/codeql-kotlin.db/trap/java/classes/org/apache/jena/atlas/web/MediaType.members/MediaType.members#65.0-1777774446000-kotlin.trap.gz" }
{ "origin": "CodeQL Kotlin extractor", "timestamp": "2026-09-27 14:18:03", "kind": "INFO", "message": "Will write TRAP file /Users/macbook/Octo/static_analysis_codeql_1/codeql-kotlin.db/trap/java/classes/org/apache/jena/sparql/util/Symbol.members/Symbol.members#65.0-1777774446000-kotlin.trap.gz" }
{ "origin": "CodeQL Kotlin extractor", "timestamp": "2026-09-27 14:18:03", "kind": "INFO", "message": "Finished writing TRAP file /Users/macbook/Octo/static_analysis_codeql_1/codeql-kotlin.db/trap/java/classes/org/apache/jena/sparql/util/Symbol.members/Symbol.members#65.0-1777774446000-kotlin.trap.gz" }
{ "origin": "CodeQL Kotlin extractor", "timestamp": "2026-09-27 14:18:03", "kind": "INFO", "message": "Will write TRAP file /Users/macbook/Octo/static_analysis_codeql_1/codeql-kotlin.db/trap/java/classes/java/util/concurrent/atomic/AtomicBoolean.members/AtomicBoolean.members#65.0-1789983753036-kotlin.trap.gz" }
{ "origin": "CodeQL Kotlin extractor", "timestamp": "2026-09-27 14:18:03", "kind": "INFO", "message": "Finished writing TRAP file /Users/macbook/Octo/static_analysis_codeql_1/codeql-kotlin.db/trap/java/classes/java/util/concurrent/atomic/AtomicBoolean.members/AtomicBoolean.members#65.0-1789983753036-kotlin.trap.gz" }
{ "origin": "CodeQL Kotlin extractor", "timestamp": "2026-09-27 14:18:03", "kind": "INFO", "message": "Will write TRAP file /Users/macbook/Octo/static_analysis_codeql_1/codeql-kotlin.db/trap/java/classes/org/apache/jena/sparql/core/Transactional$Promote.members/Transactional$Promote.members#65.0-1777774446000-kotlin.trap.gz" }
{ "origin": "CodeQL Kotlin extractor", "timestamp": "2026-09-27 14:18:03", "kind": "INFO", "message": "Finished writing TRAP file /Users/macbook/Octo/static_analysis_codeql_1/codeql-kotlin.db/trap/java/classes/org/apache/jena/sparql/core/Transactional$Promote.members/Transactional$Promote.members#65.0-1777774446000-kotlin.trap.gz" }
{ "origin": "CodeQL Kotlin extractor", "timestamp": "2026-09-27 14:18:03", "kind": "INFO", "message": "Will write TRAP file /Users/macbook/Octo/static_analysis_codeql_1/codeql-kotlin.db/trap/java/classes/org/apache/jena/query/TxnType.members/TxnType.members#65.0-1777774446000-kotlin.trap.gz" }
{ "origin": "CodeQL Kotlin extractor", "timestamp": "2026-09-27 14:18:03", "kind": "INFO", "message": "Finished writing TRAP file /Users/macbook/Octo/static_analysis_codeql_1/codeql-kotlin.db/trap/java/classes/org/apache/jena/query/TxnType.members/TxnType.members#65.0-1777774446000-kotlin.trap.gz" }
{ "origin": "CodeQL Kotlin extractor", "timestamp": "2026-09-27 14:18:03", "kind": "INFO", "message": "Will write TRAP file /Users/macbook/Octo/static_analysis_codeql_1/codeql-kotlin.db/trap/java/classes/org/apache/jena/ontology/BooleanClassDescription.members/BooleanClassDescription.members#65.0-1777774446000-kotlin.trap.gz" }
{ "origin": "CodeQL Kotlin extractor", "timestamp": "2026-09-27 14:18:03", "kind": "INFO", "message": "Finished writing TRAP file /Users/macbook/Octo/static_analysis_codeql_1/codeql-kotlin.db/trap/java/classes/org/apache/jena/ontology/BooleanClassDescription.members/BooleanClassDescription.members#65.0-1777774446000-kotlin.trap.gz" }
{ "origin": "CodeQL Kotlin extractor", "timestamp": "2026-09-27 14:18:03", "kind": "INFO", "message": "Will write TRAP file /Users/macbook/Octo/static_analysis_codeql_1/codeql-kotlin.db/trap/java/classes/org/apache/jena/enhanced/EnhGraph.members/EnhGraph.members#65.0-1777774446000-kotlin.trap.gz" }
{ "origin": "CodeQL Kotlin extractor", "timestamp": "2026-09-27 14:18:03", "kind": "INFO", "message": "Finished writing TRAP file /Users/macbook/Octo/static_analysis_codeql_1/codeql-kotlin.db/trap/java/classes/org/apache/jena/enhanced/EnhGraph.members/EnhGraph.members#65.0-1777774446000-kotlin.trap.gz" }
{ "origin": "CodeQL Kotlin extractor", "timestamp": "2026-09-27 14:18:03", "kind": "INFO", "message": "Will write TRAP file /Users/macbook/Octo/static_analysis_codeql_1/codeql-kotlin.db/trap/java/classes/org/apache/jena/util/FileManager.members/FileManager.members#65.0-1777774446000-kotlin.trap.gz" }
{ "origin": "CodeQL Kotlin extractor", "timestamp": "2026-09-27 14:18:03", "kind": "INFO", "message": "Finished writing TRAP file /Users/macbook/Octo/static_analysis_codeql_1/codeql-kotlin.db/trap/java/classes/org/apache/jena/util/FileManager.members/FileManager.members#65.0-1777774446000-kotlin.trap.gz" }
{ "origin": "CodeQL Kotlin extractor", "timestamp": "2026-09-27 14:18:03", "kind": "INFO", "message": "Will write TRAP file /Users/macbook/Octo/static_analysis_codeql_1/codeql-kotlin.db/trap/java/classes/org/apache/jena/ontology/OntDocumentManager$DefaultReadHook.members/OntDocumentManager$DefaultReadHook.members#65.0-1777774446000-kotlin.trap.gz" }
{ "origin": "CodeQL Kotlin extractor", "timestamp": "2026-09-27 14:18:03", "kind": "INFO", "message": "Finished writing TRAP file /Users/macbook/Octo/static_analysis_codeql_1/codeql-kotlin.db/trap/java/classes/org/apache/jena/ontology/OntDocumentManager$DefaultReadHook.members/OntDocumentManager$DefaultReadHook.members#65.0-1777774446000-kotlin.trap.gz" }
{ "origin": "CodeQL Kotlin extractor", "timestamp": "2026-09-27 14:18:03", "kind": "INFO", "message": "Will write TRAP file /Users/macbook/Octo/static_analysis_codeql_1/codeql-kotlin.db/trap/java/classes/org/apache/jena/ontology/OntDocumentManager$ReadHook.members/OntDocumentManager$ReadHook.members#65.0-1777774446000-kotlin.trap.gz" }
{ "origin": "CodeQL Kotlin extractor", "timestamp": "2026-09-27 14:18:04", "kind": "INFO", "message": "Finished writing TRAP file /Users/macbook/Octo/static_analysis_codeql_1/codeql-kotlin.db/trap/java/classes/org/apache/jena/ontology/OntDocumentManager$ReadHook.members/OntDocumentManager$ReadHook.members#65.0-1777774446000-kotlin.trap.gz" }
{ "origin": "CodeQL Kotlin extractor", "timestamp": "2026-09-27 14:18:04", "kind": "INFO", "message": "Will write TRAP file /Users/macbook/Octo/static_analysis_codeql_1/codeql-kotlin.db/trap/java/classes/org/apache/jena/ontology/OntDocumentManager$ReadFailureHandler.members/OntDocumentManager$ReadFailureHandler.members#65.0-1777774446000-kotlin.trap.gz" }
{ "origin": "CodeQL Kotlin extractor", "timestamp": "2026-09-27 14:18:04", "kind": "INFO", "message": "Finished writing TRAP file /Users/macbook/Octo/static_analysis_codeql_1/codeql-kotlin.db/trap/java/classes/org/apache/jena/ontology/OntDocumentManager$ReadFailureHandler.members/OntDocumentManager$ReadFailureHandler.members#65.0-1777774446000-kotlin.trap.gz" }
{ "origin": "CodeQL Kotlin extractor", "timestamp": "2026-09-27 14:18:04", "kind": "INFO", "message": "Will write TRAP file /Users/macbook/Octo/static_analysis_codeql_1/codeql-kotlin.db/trap/java/classes/org/apache/jena/rdf/model/ModelReader.members/ModelReader.members#65.0-1777774446000-kotlin.trap.gz" }
{ "origin": "CodeQL Kotlin extractor", "timestamp": "2026-09-27 14:18:04", "kind": "INFO", "message": "Finished writing TRAP file /Users/macbook/Octo/static_analysis_codeql_1/codeql-kotlin.db/trap/java/classes/org/apache/jena/rdf/model/ModelReader.members/ModelReader.members#65.0-1777774446000-kotlin.trap.gz" }
{ "origin": "CodeQL Kotlin extractor", "timestamp": "2026-09-27 14:18:04", "kind": "INFO", "message": "Will write TRAP file /Users/macbook/Octo/static_analysis_codeql_1/codeql-kotlin.db/trap/java/classes/org/apache/jena/riot/system/ErrorHandler.members/ErrorHandler.members#65.0-1777774446000-kotlin.trap.gz" }
{ "origin": "CodeQL Kotlin extractor", "timestamp": "2026-09-27 14:18:04", "kind": "INFO", "message": "Finished writing TRAP file /Users/macbook/Octo/static_analysis_codeql_1/codeql-kotlin.db/trap/java/classes/org/apache/jena/riot/system/ErrorHandler.members/ErrorHandler.members#65.0-1777774446000-kotlin.trap.gz" }
{ "origin": "CodeQL Kotlin extractor", "timestamp": "2026-09-27 14:18:04", "kind": "INFO", "message": "Will write TRAP file /Users/macbook/Octo/static_analysis_codeql_1/codeql-kotlin.db/trap/java/classes/org/apache/jena/shacl/validation/event/ValidationEvent.members/ValidationEvent.members#65.0-1777774446000-kotlin.trap.gz" }
{ "origin": "CodeQL Kotlin extractor", "timestamp": "2026-09-27 14:18:04", "kind": "INFO", "message": "Finished writing TRAP file /Users/macbook/Octo/static_analysis_codeql_1/codeql-kotlin.db/trap/java/classes/org/apache/jena/shacl/validation/event/ValidationEvent.members/ValidationEvent.members#65.0-1777774446000-kotlin.trap.gz" }
{ "origin": "CodeQL Kotlin extractor", "timestamp": "2026-09-27 14:18:04", "kind": "INFO", "message": "Will write TRAP file /Users/macbook/Octo/static_analysis_codeql_1/codeql-kotlin.db/trap/java/classes/org/apache/jena/shacl/validation/ValidationListener.members/ValidationListener.members#65.0-1777774446000-kotlin.trap.gz" }
{ "origin": "CodeQL Kotlin extractor", "timestamp": "2026-09-27 14:18:04", "kind": "INFO", "message": "Finished writing TRAP file /Users/macbook/Octo/static_analysis_codeql_1/codeql-kotlin.db/trap/java/classes/org/apache/jena/shacl/validation/ValidationListener.members/ValidationListener.members#65.0-1777774446000-kotlin.trap.gz" }
{ "origin": "CodeQL Kotlin extractor", "timestamp": "2026-09-27 14:18:04", "kind": "INFO", "message": "Will write TRAP file /Users/macbook/Octo/static_analysis_codeql_1/codeql-kotlin.db/trap/java/classes/org/apache/jena/shacl/engine/constraint/ClassConstraint.members/ClassConstraint.members#65.0-1777774446000-kotlin.trap.gz" }
{ "origin": "CodeQL Kotlin extractor", "timestamp": "2026-09-27 14:18:04", "kind": "INFO", "message": "Finished writing TRAP file /Users/macbook/Octo/static_analysis_codeql_1/codeql-kotlin.db/trap/java/classes/org/apache/jena/shacl/engine/constraint/ClassConstraint.members/ClassConstraint.members#65.0-1777774446000-kotlin.trap.gz" }
{ "origin": "CodeQL Kotlin extractor", "timestamp": "2026-09-27 14:18:04", "kind": "INFO", "message": "Will write TRAP file /Users/macbook/Octo/static_analysis_codeql_1/codeql-kotlin.db/trap/java/classes/org/apache/jena/shacl/engine/constraint/DatatypeConstraint.members/DatatypeConstraint.members#65.0-1777774446000-kotlin.trap.gz" }
{ "origin": "CodeQL Kotlin extractor", "timestamp": "2026-09-27 14:18:04", "kind": "INFO", "message": "Finished writing TRAP file /Users/macbook/Octo/static_analysis_codeql_1/codeql-kotlin.db/trap/java/classes/org/apache/jena/shacl/engine/constraint/DatatypeConstraint.members/DatatypeConstraint.members#65.0-1777774446000-kotlin.trap.gz" }
{ "origin": "CodeQL Kotlin extractor", "timestamp": "2026-09-27 14:18:04", "kind": "INFO", "message": "Will write TRAP file /Users/macbook/Octo/static_analysis_codeql_1/codeql-kotlin.db/trap/java/classes/org/apache/jena/shacl/engine/constraint/NodeKindConstraint.members/NodeKindConstraint.members#65.0-1777774446000-kotlin.trap.gz" }
{ "origin": "CodeQL Kotlin extractor", "timestamp": "2026-09-27 14:18:04", "kind": "INFO", "message": "Finished writing TRAP file /Users/macbook/Octo/static_analysis_codeql_1/codeql-kotlin.db/trap/java/classes/org/apache/jena/shacl/engine/constraint/NodeKindConstraint.members/NodeKindConstraint.members#65.0-1777774446000-kotlin.trap.gz" }
{ "origin": "CodeQL Kotlin extractor", "timestamp": "2026-09-27 14:18:04", "kind": "INFO", "message": "Will write TRAP file /Users/macbook/Octo/static_analysis_codeql_1/codeql-kotlin.db/trap/java/classes/org/apache/jena/shacl/engine/constraint/MinCount.members/MinCount.members#65.0-1777774446000-kotlin.trap.gz" }
{ "origin": "CodeQL Kotlin extractor", "timestamp": "2026-09-27 14:18:04", "kind": "INFO", "message": "Finished writing TRAP file /Users/macbook/Octo/static_analysis_codeql_1/codeql-kotlin.db/trap/java/classes/org/apache/jena/shacl/engine/constraint/MinCount.members/MinCount.members#65.0-1777774446000-kotlin.trap.gz" }
{ "origin": "CodeQL Kotlin extractor", "timestamp": "2026-09-27 14:18:04", "kind": "INFO", "message": "Will write TRAP file /Users/macbook/Octo/static_analysis_codeql_1/codeql-kotlin.db/trap/java/classes/org/apache/jena/shacl/engine/constraint/MaxCount.members/MaxCount.members#65.0-1777774446000-kotlin.trap.gz" }
{ "origin": "CodeQL Kotlin extractor", "timestamp": "2026-09-27 14:18:04", "kind": "INFO", "message": "Finished writing TRAP file /Users/macbook/Octo/static_analysis_codeql_1/codeql-kotlin.db/trap/java/classes/org/apache/jena/shacl/engine/constraint/MaxCount.members/MaxCount.members#65.0-1777774446000-kotlin.trap.gz" }
{ "origin": "CodeQL Kotlin extractor", "timestamp": "2026-09-27 14:18:04", "kind": "INFO", "message": "Will write TRAP file /Users/macbook/Octo/static_analysis_codeql_1/codeql-kotlin.db/trap/java/classes/org/apache/jena/shacl/engine/constraint/ValueMinExclusiveConstraint.members/ValueMinExclusiveConstraint.members#65.0-1777774446000-kotlin.trap.gz" }
{ "origin": "CodeQL Kotlin extractor", "timestamp": "2026-09-27 14:18:04", "kind": "INFO", "message": "Finished writing TRAP file /Users/macbook/Octo/static_analysis_codeql_1/codeql-kotlin.db/trap/java/classes/org/apache/jena/shacl/engine/constraint/ValueMinExclusiveConstraint.members/ValueMinExclusiveConstraint.members#65.0-1777774446000-kotlin.trap.gz" }
{ "origin": "CodeQL Kotlin extractor", "timestamp": "2026-09-27 14:18:04", "kind": "INFO", "message": "Will write TRAP file /Users/macbook/Octo/static_analysis_codeql_1/codeql-kotlin.db/trap/java/classes/org/apache/jena/shacl/engine/constraint/ValueMinInclusiveConstraint.members/ValueMinInclusiveConstraint.members#65.0-1777774446000-kotlin.trap.gz" }
{ "origin": "CodeQL Kotlin extractor", "timestamp": "2026-09-27 14:18:04", "kind": "INFO", "message": "Finished writing TRAP file /Users/macbook/Octo/static_analysis_codeql_1/codeql-kotlin.db/trap/java/classes/org/apache/jena/shacl/engine/constraint/ValueMinInclusiveConstraint.members/ValueMinInclusiveConstraint.members#65.0-1777774446000-kotlin.trap.gz" }
{ "origin": "CodeQL Kotlin extractor", "timestamp": "2026-09-27 14:18:04", "kind": "INFO", "message": "Will write TRAP file /Users/macbook/Octo/static_analysis_codeql_1/codeql-kotlin.db/trap/java/classes/org/apache/jena/shacl/engine/constraint/ValueMaxInclusiveConstraint.members/ValueMaxInclusiveConstraint.members#65.0-1777774446000-kotlin.trap.gz" }
{ "origin": "CodeQL Kotlin extractor", "timestamp": "2026-09-27 14:18:04", "kind": "INFO", "message": "Finished writing TRAP file /Users/macbook/Octo/static_analysis_codeql_1/codeql-kotlin.db/trap/java/classes/org/apache/jena/shacl/engine/constraint/ValueMaxInclusiveConstraint.members/ValueMaxInclusiveConstraint.members#65.0-1777774446000-kotlin.trap.gz" }
{ "origin": "CodeQL Kotlin extractor", "timestamp": "2026-09-27 14:18:04", "kind": "INFO", "message": "Will write TRAP file /Users/macbook/Octo/static_analysis_codeql_1/codeql-kotlin.db/trap/java/classes/org/apache/jena/shacl/engine/constraint/ValueMaxExclusiveConstraint.members/ValueMaxExclusiveConstraint.members#65.0-1777774446000-kotlin.trap.gz" }
{ "origin": "CodeQL Kotlin extractor", "timestamp": "2026-09-27 14:18:04", "kind": "INFO", "message": "Finished writing TRAP file /Users/macbook/Octo/static_analysis_codeql_1/codeql-kotlin.db/trap/java/classes/org/apache/jena/shacl/engine/constraint/ValueMaxExclusiveConstraint.members/ValueMaxExclusiveConstraint.members#65.0-1777774446000-kotlin.trap.gz" }
{ "origin": "CodeQL Kotlin extractor", "timestamp": "2026-09-27 14:18:04", "kind": "INFO", "message": "Will write TRAP file /Users/macbook/Octo/static_analysis_codeql_1/codeql-kotlin.db/trap/java/classes/org/apache/jena/shacl/engine/constraint/StrMinLengthConstraint.members/StrMinLengthConstraint.members#65.0-1777774446000-kotlin.trap.gz" }
{ "origin": "CodeQL Kotlin extractor", "timestamp": "2026-09-27 14:18:04", "kind": "INFO", "message": "Finished writing TRAP file /Users/macbook/Octo/static_analysis_codeql_1/codeql-kotlin.db/trap/java/classes/org/apache/jena/shacl/engine/constraint/StrMinLengthConstraint.members/StrMinLengthConstraint.members#65.0-1777774446000-kotlin.trap.gz" }
{ "origin": "CodeQL Kotlin extractor", "timestamp": "2026-09-27 14:18:04", "kind": "INFO", "message": "Will write TRAP file /Users/macbook/Octo/static_analysis_codeql_1/codeql-kotlin.db/trap/java/classes/org/apache/jena/shacl/engine/constraint/StrMaxLengthConstraint.members/StrMaxLengthConstraint.members#65.0-1777774446000-kotlin.trap.gz" }
{ "origin": "CodeQL Kotlin extractor", "timestamp": "2026-09-27 14:18:04", "kind": "INFO", "message": "Finished writing TRAP file /Users/macbook/Octo/static_analysis_codeql_1/codeql-kotlin.db/trap/java/classes/org/apache/jena/shacl/engine/constraint/StrMaxLengthConstraint.members/StrMaxLengthConstraint.members#65.0-1777774446000-kotlin.trap.gz" }
{ "origin": "CodeQL Kotlin extractor", "timestamp": "2026-09-27 14:18:04", "kind": "INFO", "message": "Will write TRAP file /Users/macbook/Octo/static_analysis_codeql_1/codeql-kotlin.db/trap/java/classes/org/apache/jena/shacl/engine/constraint/PatternConstraint.members/PatternConstraint.members#65.0-1777774446000-kotlin.trap.gz" }
{ "origin": "CodeQL Kotlin extractor", "timestamp": "2026-09-27 14:18:04", "kind": "INFO", "message": "Finished writing TRAP file /Users/macbook/Octo/static_analysis_codeql_1/codeql-kotlin.db/trap/java/classes/org/apache/jena/shacl/engine/constraint/PatternConstraint.members/PatternConstraint.members#65.0-1777774446000-kotlin.trap.gz" }
{ "origin": "CodeQL Kotlin extractor", "timestamp": "2026-09-27 14:18:04", "kind": "INFO", "message": "Will write TRAP file /Users/macbook/Octo/static_analysis_codeql_1/codeql-kotlin.db/trap/java/classes/org/apache/jena/shacl/engine/constraint/StrLanguageIn.members/StrLanguageIn.members#65.0-1777774446000-kotlin.trap.gz" }
{ "origin": "CodeQL Kotlin extractor", "timestamp": "2026-09-27 14:18:04", "kind": "INFO", "message": "Finished writing TRAP file /Users/macbook/Octo/static_analysis_codeql_1/codeql-kotlin.db/trap/java/classes/org/apache/jena/shacl/engine/constraint/StrLanguageIn.members/StrLanguageIn.members#65.0-1777774446000-kotlin.trap.gz" }
{ "origin": "CodeQL Kotlin extractor", "timestamp": "2026-09-27 14:18:04", "kind": "INFO", "message": "Will write TRAP file /Users/macbook/Octo/static_analysis_codeql_1/codeql-kotlin.db/trap/java/classes/org/apache/jena/shacl/engine/constraint/UniqueLangConstraint.members/UniqueLangConstraint.members#65.0-1777774446000-kotlin.trap.gz" }
{ "origin": "CodeQL Kotlin extractor", "timestamp": "2026-09-27 14:18:04", "kind": "INFO", "message": "Finished writing TRAP file /Users/macbook/Octo/static_analysis_codeql_1/codeql-kotlin.db/trap/java/classes/org/apache/jena/shacl/engine/constraint/UniqueLangConstraint.members/UniqueLangConstraint.members#65.0-1777774446000-kotlin.trap.gz" }
{ "origin": "CodeQL Kotlin extractor", "timestamp": "2026-09-27 14:18:04", "kind": "INFO", "message": "Will write TRAP file /Users/macbook/Octo/static_analysis_codeql_1/codeql-kotlin.db/trap/java/classes/org/apache/jena/shacl/engine/constraint/EqualsConstraint.members/EqualsConstraint.members#65.0-1777774446000-kotlin.trap.gz" }
{ "origin": "CodeQL Kotlin extractor", "timestamp": "2026-09-27 14:18:04", "kind": "INFO", "message": "Finished writing TRAP file /Users/macbook/Octo/static_analysis_codeql_1/codeql-kotlin.db/trap/java/classes/org/apache/jena/shacl/engine/constraint/EqualsConstraint.members/EqualsConstraint.members#65.0-1777774446000-kotlin.trap.gz" }
{ "origin": "CodeQL Kotlin extractor", "timestamp": "2026-09-27 14:18:04", "kind": "INFO", "message": "Will write TRAP file /Users/macbook/Octo/static_analysis_codeql_1/codeql-kotlin.db/trap/java/classes/org/apache/jena/shacl/engine/constraint/DisjointConstraint.members/DisjointConstraint.members#65.0-1777774446000-kotlin.trap.gz" }
{ "origin": "CodeQL Kotlin extractor", "timestamp": "2026-09-27 14:18:04", "kind": "INFO", "message": "Finished writing TRAP file /Users/macbook/Octo/static_analysis_codeql_1/codeql-kotlin.db/trap/java/classes/org/apache/jena/shacl/engine/constraint/DisjointConstraint.members/DisjointConstraint.members#65.0-1777774446000-kotlin.trap.gz" }
{ "origin": "CodeQL Kotlin extractor", "timestamp": "2026-09-27 14:18:04", "kind": "INFO", "message": "Will write TRAP file /Users/macbook/Octo/static_analysis_codeql_1/codeql-kotlin.db/trap/java/classes/org/apache/jena/shacl/engine/constraint/LessThanConstraint.members/LessThanConstraint.members#65.0-1777774446000-kotlin.trap.gz" }
{ "origin": "CodeQL Kotlin extractor", "timestamp": "2026-09-27 14:18:04", "kind": "INFO", "message": "Finished writing TRAP file /Users/macbook/Octo/static_analysis_codeql_1/codeql-kotlin.db/trap/java/classes/org/apache/jena/shacl/engine/constraint/LessThanConstraint.members/LessThanConstraint.members#65.0-1777774446000-kotlin.trap.gz" }
{ "origin": "CodeQL Kotlin extractor", "timestamp": "2026-09-27 14:18:04", "kind": "INFO", "message": "Will write TRAP file /Users/macbook/Octo/static_analysis_codeql_1/codeql-kotlin.db/trap/java/classes/org/apache/jena/shacl/engine/constraint/LessThanOrEqualsConstraint.members/LessThanOrEqualsConstraint.members#65.0-1777774446000-kotlin.trap.gz" }
{ "origin": "CodeQL Kotlin extractor", "timestamp": "2026-09-27 14:18:04", "kind": "INFO", "message": "Finished writing TRAP file /Users/macbook/Octo/static_analysis_codeql_1/codeql-kotlin.db/trap/java/classes/org/apache/jena/shacl/engine/constraint/LessThanOrEqualsConstraint.members/LessThanOrEqualsConstraint.members#65.0-1777774446000-kotlin.trap.gz" }
{ "origin": "CodeQL Kotlin extractor", "timestamp": "2026-09-27 14:18:04", "kind": "INFO", "message": "Will write TRAP file /Users/macbook/Octo/static_analysis_codeql_1/codeql-kotlin.db/trap/java/classes/org/apache/jena/shacl/engine/constraint/ShNot.members/ShNot.members#65.0-1777774446000-kotlin.trap.gz" }
{ "origin": "CodeQL Kotlin extractor", "timestamp": "2026-09-27 14:18:04", "kind": "INFO", "message": "Finished writing TRAP file /Users/macbook/Octo/static_analysis_codeql_1/codeql-kotlin.db/trap/java/classes/org/apache/jena/shacl/engine/constraint/ShNot.members/ShNot.members#65.0-1777774446000-kotlin.trap.gz" }
{ "origin": "CodeQL Kotlin extractor", "timestamp": "2026-09-27 14:18:04", "kind": "INFO", "message": "Will write TRAP file /Users/macbook/Octo/static_analysis_codeql_1/codeql-kotlin.db/trap/java/classes/org/apache/jena/shacl/engine/constraint/ShAnd.members/ShAnd.members#65.0-1777774446000-kotlin.trap.gz" }
{ "origin": "CodeQL Kotlin extractor", "timestamp": "2026-09-27 14:18:04", "kind": "INFO", "message": "Finished writing TRAP file /Users/macbook/Octo/static_analysis_codeql_1/codeql-kotlin.db/trap/java/classes/org/apache/jena/shacl/engine/constraint/ShAnd.members/ShAnd.members#65.0-1777774446000-kotlin.trap.gz" }
{ "origin": "CodeQL Kotlin extractor", "timestamp": "2026-09-27 14:18:04", "kind": "INFO", "message": "Will write TRAP file /Users/macbook/Octo/static_analysis_codeql_1/codeql-kotlin.db/trap/java/classes/org/apache/jena/shacl/engine/constraint/ShOr.members/ShOr.members#65.0-1777774446000-kotlin.trap.gz" }
{ "origin": "CodeQL Kotlin extractor", "timestamp": "2026-09-27 14:18:04", "kind": "INFO", "message": "Finished writing TRAP file /Users/macbook/Octo/static_analysis_codeql_1/codeql-kotlin.db/trap/java/classes/org/apache/jena/shacl/engine/constraint/ShOr.members/ShOr.members#65.0-1777774446000-kotlin.trap.gz" }
{ "origin": "CodeQL Kotlin extractor", "timestamp": "2026-09-27 14:18:04", "kind": "INFO", "message": "Will write TRAP file /Users/macbook/Octo/static_analysis_codeql_1/codeql-kotlin.db/trap/java/classes/org/apache/jena/shacl/engine/constraint/ShXone.members/ShXone.members#65.0-1777774446000-kotlin.trap.gz" }
{ "origin": "CodeQL Kotlin extractor", "timestamp": "2026-09-27 14:18:04", "kind": "INFO", "message": "Finished writing TRAP file /Users/macbook/Octo/static_analysis_codeql_1/codeql-kotlin.db/trap/java/classes/org/apache/jena/shacl/engine/constraint/ShXone.members/ShXone.members#65.0-1777774446000-kotlin.trap.gz" }
{ "origin": "CodeQL Kotlin extractor", "timestamp": "2026-09-27 14:18:04", "kind": "INFO", "message": "Will write TRAP file /Users/macbook/Octo/static_analysis_codeql_1/codeql-kotlin.db/trap/java/classes/org/apache/jena/shacl/engine/constraint/ShNode.members/ShNode.members#65.0-1777774446000-kotlin.trap.gz" }
{ "origin": "CodeQL Kotlin extractor", "timestamp": "2026-09-27 14:18:04", "kind": "INFO", "message": "Finished writing TRAP file /Users/macbook/Octo/static_analysis_codeql_1/codeql-kotlin.db/trap/java/classes/org/apache/jena/shacl/engine/constraint/ShNode.members/ShNode.members#65.0-1777774446000-kotlin.trap.gz" }
{ "origin": "CodeQL Kotlin extractor", "timestamp": "2026-09-27 14:18:04", "kind": "INFO", "message": "Will write TRAP file /Users/macbook/Octo/static_analysis_codeql_1/codeql-kotlin.db/trap/java/classes/org/apache/jena/shacl/engine/constraint/QualifiedValueShape.members/QualifiedValueShape.members#65.0-1777774446000-kotlin.trap.gz" }
{ "origin": "CodeQL Kotlin extractor", "timestamp": "2026-09-27 14:18:04", "kind": "INFO", "message": "Finished writing TRAP file /Users/macbook/Octo/static_analysis_codeql_1/codeql-kotlin.db/trap/java/classes/org/apache/jena/shacl/engine/constraint/QualifiedValueShape.members/QualifiedValueShape.members#65.0-1777774446000-kotlin.trap.gz" }
{ "origin": "CodeQL Kotlin extractor", "timestamp": "2026-09-27 14:18:04", "kind": "INFO", "message": "Will write TRAP file /Users/macbook/Octo/static_analysis_codeql_1/codeql-kotlin.db/trap/java/classes/org/apache/jena/shacl/engine/constraint/ClosedConstraint.members/ClosedConstraint.members#65.0-1777774446000-kotlin.trap.gz" }
{ "origin": "CodeQL Kotlin extractor", "timestamp": "2026-09-27 14:18:04", "kind": "INFO", "message": "Finished writing TRAP file /Users/macbook/Octo/static_analysis_codeql_1/codeql-kotlin.db/trap/java/classes/org/apache/jena/shacl/engine/constraint/ClosedConstraint.members/ClosedConstraint.members#65.0-1777774446000-kotlin.trap.gz" }
{ "origin": "CodeQL Kotlin extractor", "timestamp": "2026-09-27 14:18:04", "kind": "INFO", "message": "Will write TRAP file /Users/macbook/Octo/static_analysis_codeql_1/codeql-kotlin.db/trap/java/classes/org/apache/jena/shacl/engine/constraint/HasValueConstraint.members/HasValueConstraint.members#65.0-1777774446000-kotlin.trap.gz" }
{ "origin": "CodeQL Kotlin extractor", "timestamp": "2026-09-27 14:18:04", "kind": "INFO", "message": "Finished writing TRAP file /Users/macbook/Octo/static_analysis_codeql_1/codeql-kotlin.db/trap/java/classes/org/apache/jena/shacl/engine/constraint/HasValueConstraint.members/HasValueConstraint.members#65.0-1777774446000-kotlin.trap.gz" }
{ "origin": "CodeQL Kotlin extractor", "timestamp": "2026-09-27 14:18:04", "kind": "INFO", "message": "Will write TRAP file /Users/macbook/Octo/static_analysis_codeql_1/codeql-kotlin.db/trap/java/classes/org/apache/jena/shacl/engine/constraint/InConstraint.members/InConstraint.members#65.0-1777774446000-kotlin.trap.gz" }
{ "origin": "CodeQL Kotlin extractor", "timestamp": "2026-09-27 14:18:04", "kind": "INFO", "message": "Finished writing TRAP file /Users/macbook/Octo/static_analysis_codeql_1/codeql-kotlin.db/trap/java/classes/org/apache/jena/shacl/engine/constraint/InConstraint.members/InConstraint.members#65.0-1777774446000-kotlin.trap.gz" }
{ "origin": "CodeQL Kotlin extractor", "timestamp": "2026-09-27 14:18:04", "kind": "INFO", "message": "Will write TRAP file /Users/macbook/Octo/static_analysis_codeql_1/codeql-kotlin.db/trap/java/classes/org/apache/jena/shacl/engine/constraint/ConstraintComponentSPARQL.members/ConstraintComponentSPARQL.members#65.0-1777774446000-kotlin.trap.gz" }
{ "origin": "CodeQL Kotlin extractor", "timestamp": "2026-09-27 14:18:04", "kind": "INFO", "message": "Finished writing TRAP file /Users/macbook/Octo/static_analysis_codeql_1/codeql-kotlin.db/trap/java/classes/org/apache/jena/shacl/engine/constraint/ConstraintComponentSPARQL.members/ConstraintComponentSPARQL.members#65.0-1777774446000-kotlin.trap.gz" }
{ "origin": "CodeQL Kotlin extractor", "timestamp": "2026-09-27 14:18:04", "kind": "INFO", "message": "Will write TRAP file /Users/macbook/Octo/static_analysis_codeql_1/codeql-kotlin.db/trap/java/classes/org/apache/jena/shacl/engine/constraint/SparqlConstraint.members/SparqlConstraint.members#65.0-1777774446000-kotlin.trap.gz" }
{ "origin": "CodeQL Kotlin extractor", "timestamp": "2026-09-27 14:18:04", "kind": "INFO", "message": "Finished writing TRAP file /Users/macbook/Octo/static_analysis_codeql_1/codeql-kotlin.db/trap/java/classes/org/apache/jena/shacl/engine/constraint/SparqlConstraint.members/SparqlConstraint.members#65.0-1777774446000-kotlin.trap.gz" }
{ "origin": "CodeQL Kotlin extractor", "timestamp": "2026-09-27 14:18:04", "kind": "INFO", "message": "Will write TRAP file /Users/macbook/Octo/static_analysis_codeql_1/codeql-kotlin.db/trap/java/classes/org/apache/jena/shacl/engine/constraint/ListMemberShape.members/ListMemberShape.members#65.0-1777774446000-kotlin.trap.gz" }
{ "origin": "CodeQL Kotlin extractor", "timestamp": "2026-09-27 14:18:04", "kind": "INFO", "message": "Finished writing TRAP file /Users/macbook/Octo/static_analysis_codeql_1/codeql-kotlin.db/trap/java/classes/org/apache/jena/shacl/engine/constraint/ListMemberShape.members/ListMemberShape.members#65.0-1777774446000-kotlin.trap.gz" }
{ "origin": "CodeQL Kotlin extractor", "timestamp": "2026-09-27 14:18:04", "kind": "INFO", "message": "Will write TRAP file /Users/macbook/Octo/static_analysis_codeql_1/codeql-kotlin.db/trap/java/classes/org/apache/jena/shacl/engine/constraint/ListMinLength.members/ListMinLength.members#65.0-1777774446000-kotlin.trap.gz" }
{ "origin": "CodeQL Kotlin extractor", "timestamp": "2026-09-27 14:18:04", "kind": "INFO", "message": "Finished writing TRAP file /Users/macbook/Octo/static_analysis_codeql_1/codeql-kotlin.db/trap/java/classes/org/apache/jena/shacl/engine/constraint/ListMinLength.members/ListMinLength.members#65.0-1777774446000-kotlin.trap.gz" }
{ "origin": "CodeQL Kotlin extractor", "timestamp": "2026-09-27 14:18:04", "kind": "INFO", "message": "Will write TRAP file /Users/macbook/Octo/static_analysis_codeql_1/codeql-kotlin.db/trap/java/classes/org/apache/jena/shacl/engine/constraint/ListMaxLength.members/ListMaxLength.members#65.0-1777774446000-kotlin.trap.gz" }
{ "origin": "CodeQL Kotlin extractor", "timestamp": "2026-09-27 14:18:04", "kind": "INFO", "message": "Finished writing TRAP file /Users/macbook/Octo/static_analysis_codeql_1/codeql-kotlin.db/trap/java/classes/org/apache/jena/shacl/engine/constraint/ListMaxLength.members/ListMaxLength.members#65.0-1777774446000-kotlin.trap.gz" }
{ "origin": "CodeQL Kotlin extractor", "timestamp": "2026-09-27 14:18:04", "kind": "INFO", "message": "Will write TRAP file /Users/macbook/Octo/static_analysis_codeql_1/codeql-kotlin.db/trap/java/classes/org/apache/jena/shacl/engine/constraint/ListUniqueMembers.members/ListUniqueMembers.members#65.0-1777774446000-kotlin.trap.gz" }
{ "origin": "CodeQL Kotlin extractor", "timestamp": "2026-09-27 14:18:04", "kind": "INFO", "message": "Finished writing TRAP file /Users/macbook/Octo/static_analysis_codeql_1/codeql-kotlin.db/trap/java/classes/org/apache/jena/shacl/engine/constraint/ListUniqueMembers.members/ListUniqueMembers.members#65.0-1777774446000-kotlin.trap.gz" }
{ "origin": "CodeQL Kotlin extractor", "timestamp": "2026-09-27 14:18:04", "kind": "INFO", "message": "Will write TRAP file /Users/macbook/Octo/static_analysis_codeql_1/codeql-kotlin.db/trap/java/classes/org/apache/jena/shacl/engine/constraint/JViolationConstraint.members/JViolationConstraint.members#65.0-1777774446000-kotlin.trap.gz" }
{ "origin": "CodeQL Kotlin extractor", "timestamp": "2026-09-27 14:18:04", "kind": "INFO", "message": "Finished writing TRAP file /Users/macbook/Octo/static_analysis_codeql_1/codeql-kotlin.db/trap/java/classes/org/apache/jena/shacl/engine/constraint/JViolationConstraint.members/JViolationConstraint.members#65.0-1777774446000-kotlin.trap.gz" }
{ "origin": "CodeQL Kotlin extractor", "timestamp": "2026-09-27 14:18:04", "kind": "INFO", "message": "Will write TRAP file /Users/macbook/Octo/static_analysis_codeql_1/codeql-kotlin.db/trap/java/classes/org/apache/jena/shacl/engine/constraint/JLogConstraint.members/JLogConstraint.members#65.0-1777774446000-kotlin.trap.gz" }
{ "origin": "CodeQL Kotlin extractor", "timestamp": "2026-09-27 14:18:04", "kind": "INFO", "message": "Finished writing TRAP file /Users/macbook/Octo/static_analysis_codeql_1/codeql-kotlin.db/trap/java/classes/org/apache/jena/shacl/engine/constraint/JLogConstraint.members/JLogConstraint.members#65.0-1777774446000-kotlin.trap.gz" }
{ "origin": "CodeQL Kotlin extractor", "timestamp": "2026-09-27 14:18:04", "kind": "INFO", "message": "Skipping extracting external decl RuntimeException" }
{ "origin": "CodeQL Kotlin extractor", "timestamp": "2026-09-27 14:18:04", "kind": "INFO", "message": "Will write TRAP file /Users/macbook/Octo/static_analysis_codeql_1/codeql-kotlin.db/trap/java/classes/org/apache/jena/sparql/path/P_Path0.members/P_Path0.members#65.0-1777774446000-kotlin.trap.gz" }
{ "origin": "CodeQL Kotlin extractor", "timestamp": "2026-09-27 14:18:04", "kind": "INFO", "message": "Finished writing TRAP file /Users/macbook/Octo/static_analysis_codeql_1/codeql-kotlin.db/trap/java/classes/org/apache/jena/sparql/path/P_Path0.members/P_Path0.members#65.0-1777774446000-kotlin.trap.gz" }
{ "origin": "CodeQL Kotlin extractor", "timestamp": "2026-09-27 14:18:04", "kind": "INFO", "message": "Will write TRAP file /Users/macbook/Octo/static_analysis_codeql_1/codeql-kotlin.db/trap/java/classes/org/apache/jena/sparql/path/PathBase.members/PathBase.members#65.0-1777774446000-kotlin.trap.gz" }
{ "origin": "CodeQL Kotlin extractor", "timestamp": "2026-09-27 14:18:04", "kind": "INFO", "message": "Finished writing TRAP file /Users/macbook/Octo/static_analysis_codeql_1/codeql-kotlin.db/trap/java/classes/org/apache/jena/sparql/path/PathBase.members/PathBase.members#65.0-1777774446000-kotlin.trap.gz" }
{ "origin": "CodeQL Kotlin extractor", "timestamp": "2026-09-27 14:18:04", "kind": "INFO", "message": "Will write TRAP file /Users/macbook/Octo/static_analysis_codeql_1/codeql-kotlin.db/trap/java/classes/org/apache/jena/sparql/path/P_Path1.members/P_Path1.members#65.0-1777774446000-kotlin.trap.gz" }
{ "origin": "CodeQL Kotlin extractor", "timestamp": "2026-09-27 14:18:04", "kind": "INFO", "message": "Finished writing TRAP file /Users/macbook/Octo/static_analysis_codeql_1/codeql-kotlin.db/trap/java/classes/org/apache/jena/sparql/path/P_Path1.members/P_Path1.members#65.0-1777774446000-kotlin.trap.gz" }
{ "origin": "CodeQL Kotlin extractor", "timestamp": "2026-09-27 14:18:04", "kind": "INFO", "message": "Will write TRAP file /Users/macbook/Octo/static_analysis_codeql_1/codeql-kotlin.db/trap/java/classes/org/apache/jena/sparql/path/P_Path2.members/P_Path2.members#65.0-1777774446000-kotlin.trap.gz" }
{ "origin": "CodeQL Kotlin extractor", "timestamp": "2026-09-27 14:18:04", "kind": "INFO", "message": "Finished writing TRAP file /Users/macbook/Octo/static_analysis_codeql_1/codeql-kotlin.db/trap/java/classes/org/apache/jena/sparql/path/P_Path2.members/P_Path2.members#65.0-1777774446000-kotlin.trap.gz" }
{ "origin": "CodeQL Kotlin extractor", "timestamp": "2026-09-27 14:18:04", "kind": "INFO", "message": "Will write TRAP file /Users/macbook/Octo/static_analysis_codeql_1/codeql-kotlin.db/trap/java/classes/org/apache/jena/irix/IRIxResolver$Builder.members/IRIxResolver$Builder.members#65.0-1777774446000-kotlin.trap.gz" }
{ "origin": "CodeQL Kotlin extractor", "timestamp": "2026-09-27 14:18:04", "kind": "INFO", "message": "Finished writing TRAP file /Users/macbook/Octo/static_analysis_codeql_1/codeql-kotlin.db/trap/java/classes/org/apache/jena/irix/IRIxResolver$Builder.members/IRIxResolver$Builder.members#65.0-1777774446000-kotlin.trap.gz" }
{ "origin": "CodeQL Kotlin extractor", "timestamp": "2026-09-27 14:18:04", "kind": "INFO", "message": "Will write TRAP file /Users/macbook/Octo/static_analysis_codeql_1/codeql-kotlin.db/trap/java/classes/org/apache/jena/atlas/web/MediaType$ParsedMediaType.members/MediaType$ParsedMediaType.members#65.0-1777774446000-kotlin.trap.gz" }
{ "origin": "CodeQL Kotlin extractor", "timestamp": "2026-09-27 14:18:04", "kind": "INFO", "message": "Finished writing TRAP file /Users/macbook/Octo/static_analysis_codeql_1/codeql-kotlin.db/trap/java/classes/org/apache/jena/atlas/web/MediaType$ParsedMediaType.members/MediaType$ParsedMediaType.members#65.0-1777774446000-kotlin.trap.gz" }
{ "origin": "CodeQL Kotlin extractor", "timestamp": "2026-09-27 14:18:04", "kind": "INFO", "message": "Will write TRAP file /Users/macbook/Octo/static_analysis_codeql_1/codeql-kotlin.db/trap/java/classes/org/apache/jena/enhanced/Personality.members/Personality.members#65.0-1777774446000-kotlin.trap.gz" }
{ "origin": "CodeQL Kotlin extractor", "timestamp": "2026-09-27 14:18:04", "kind": "INFO", "message": "Finished writing TRAP file /Users/macbook/Octo/static_analysis_codeql_1/codeql-kotlin.db/trap/java/classes/org/apache/jena/enhanced/Personality.members/Personality.members#65.0-1777774446000-kotlin.trap.gz" }
{ "origin": "CodeQL Kotlin extractor", "timestamp": "2026-09-27 14:18:04", "kind": "INFO", "message": "Will write TRAP file /Users/macbook/Octo/static_analysis_codeql_1/codeql-kotlin.db/trap/java/classes/org/apache/jena/util/LocationMapper.members/LocationMapper.members#65.0-1777774446000-kotlin.trap.gz" }
{ "origin": "CodeQL Kotlin extractor", "timestamp": "2026-09-27 14:18:04", "kind": "INFO", "message": "Finished writing TRAP file /Users/macbook/Octo/static_analysis_codeql_1/codeql-kotlin.db/trap/java/classes/org/apache/jena/util/LocationMapper.members/LocationMapper.members#65.0-1777774446000-kotlin.trap.gz" }
{ "origin": "CodeQL Kotlin extractor", "timestamp": "2026-09-27 14:18:04", "kind": "INFO", "message": "Will write TRAP file /Users/macbook/Octo/static_analysis_codeql_1/codeql-kotlin.db/trap/java/classes/org/apache/jena/util/Locator.members/Locator.members#65.0-1777774446000-kotlin.trap.gz" }
{ "origin": "CodeQL Kotlin extractor", "timestamp": "2026-09-27 14:18:04", "kind": "INFO", "message": "Finished writing TRAP file /Users/macbook/Octo/static_analysis_codeql_1/codeql-kotlin.db/trap/java/classes/org/apache/jena/util/Locator.members/Locator.members#65.0-1777774446000-kotlin.trap.gz" }
{ "origin": "CodeQL Kotlin extractor", "timestamp": "2026-09-27 14:18:04", "kind": "INFO", "message": "Skipping extracting external decl ClassLoader" }
{ "origin": "CodeQL Kotlin extractor", "timestamp": "2026-09-27 14:18:04", "kind": "INFO", "message": "Will write TRAP file /Users/macbook/Octo/static_analysis_codeql_1/codeql-kotlin.db/trap/java/classes/org/apache/jena/util/TypedStream.members/TypedStream.members#65.0-1777774446000-kotlin.trap.gz" }
{ "origin": "CodeQL Kotlin extractor", "timestamp": "2026-09-27 14:18:04", "kind": "INFO", "message": "Finished writing TRAP file /Users/macbook/Octo/static_analysis_codeql_1/codeql-kotlin.db/trap/java/classes/org/apache/jena/util/TypedStream.members/TypedStream.members#65.0-1777774446000-kotlin.trap.gz" }
{ "origin": "CodeQL Kotlin extractor", "timestamp": "2026-09-27 14:18:04", "kind": "INFO", "message": "Will write TRAP file /Users/macbook/Octo/static_analysis_codeql_1/codeql-kotlin.db/trap/java/classes/org/apache/jena/shacl/engine/constraint/ConstraintDataTerm.members/ConstraintDataTerm.members#65.0-1777774446000-kotlin.trap.gz" }
{ "origin": "CodeQL Kotlin extractor", "timestamp": "2026-09-27 14:18:04", "kind": "INFO", "message": "Finished writing TRAP file /Users/macbook/Octo/static_analysis_codeql_1/codeql-kotlin.db/trap/java/classes/org/apache/jena/shacl/engine/constraint/ConstraintDataTerm.members/ConstraintDataTerm.members#65.0-1777774446000-kotlin.trap.gz" }
{ "origin": "CodeQL Kotlin extractor", "timestamp": "2026-09-27 14:18:04", "kind": "INFO", "message": "Will write TRAP file /Users/macbook/Octo/static_analysis_codeql_1/codeql-kotlin.db/trap/java/classes/org/apache/jena/shacl/engine/constraint/ConstraintTerm.members/ConstraintTerm.members#65.0-1777774446000-kotlin.trap.gz" }
{ "origin": "CodeQL Kotlin extractor", "timestamp": "2026-09-27 14:18:04", "kind": "INFO", "message": "Finished writing TRAP file /Users/macbook/Octo/static_analysis_codeql_1/codeql-kotlin.db/trap/java/classes/org/apache/jena/shacl/engine/constraint/ConstraintTerm.members/ConstraintTerm.members#65.0-1777774446000-kotlin.trap.gz" }
{ "origin": "CodeQL Kotlin extractor", "timestamp": "2026-09-27 14:18:04", "kind": "INFO", "message": "Will write TRAP file /Users/macbook/Octo/static_analysis_codeql_1/codeql-kotlin.db/trap/java/classes/org/apache/jena/shacl/engine/constraint/CardinalityConstraint.members/CardinalityConstraint.members#65.0-1777774446000-kotlin.trap.gz" }
{ "origin": "CodeQL Kotlin extractor", "timestamp": "2026-09-27 14:18:04", "kind": "INFO", "message": "Finished writing TRAP file /Users/macbook/Octo/static_analysis_codeql_1/codeql-kotlin.db/trap/java/classes/org/apache/jena/shacl/engine/constraint/CardinalityConstraint.members/CardinalityConstraint.members#65.0-1777774446000-kotlin.trap.gz" }
{ "origin": "CodeQL Kotlin extractor", "timestamp": "2026-09-27 14:18:04", "kind": "INFO", "message": "Will write TRAP file /Users/macbook/Octo/static_analysis_codeql_1/codeql-kotlin.db/trap/java/classes/org/apache/jena/sparql/expr/NodeValue.members/NodeValue.members#65.0-1777774446000-kotlin.trap.gz" }
{ "origin": "CodeQL Kotlin extractor", "timestamp": "2026-09-27 14:18:04", "kind": "INFO", "message": "Finished writing TRAP file /Users/macbook/Octo/static_analysis_codeql_1/codeql-kotlin.db/trap/java/classes/org/apache/jena/sparql/expr/NodeValue.members/NodeValue.members#65.0-1777774446000-kotlin.trap.gz" }
{ "origin": "CodeQL Kotlin extractor", "timestamp": "2026-09-27 14:18:04", "kind": "INFO", "message": "Will write TRAP file /Users/macbook/Octo/static_analysis_codeql_1/codeql-kotlin.db/trap/java/classes/org/apache/jena/shacl/engine/constraint/ValueRangeConstraint.members/ValueRangeConstraint.members#65.0-1777774446000-kotlin.trap.gz" }
{ "origin": "CodeQL Kotlin extractor", "timestamp": "2026-09-27 14:18:04", "kind": "INFO", "message": "Finished writing TRAP file /Users/macbook/Octo/static_analysis_codeql_1/codeql-kotlin.db/trap/java/classes/org/apache/jena/shacl/engine/constraint/ValueRangeConstraint.members/ValueRangeConstraint.members#65.0-1777774446000-kotlin.trap.gz" }
{ "origin": "CodeQL Kotlin extractor", "timestamp": "2026-09-27 14:18:04", "kind": "INFO", "message": "Will write TRAP file /Users/macbook/Octo/static_analysis_codeql_1/codeql-kotlin.db/trap/java/classes/org/apache/jena/shacl/engine/constraint/ConstraintPairwise.members/ConstraintPairwise.members#65.0-1777774446000-kotlin.trap.gz" }
{ "origin": "CodeQL Kotlin extractor", "timestamp": "2026-09-27 14:18:04", "kind": "INFO", "message": "Finished writing TRAP file /Users/macbook/Octo/static_analysis_codeql_1/codeql-kotlin.db/trap/java/classes/org/apache/jena/shacl/engine/constraint/ConstraintPairwise.members/ConstraintPairwise.members#65.0-1777774446000-kotlin.trap.gz" }
{ "origin": "CodeQL Kotlin extractor", "timestamp": "2026-09-27 14:18:04", "kind": "INFO", "message": "Will write TRAP file /Users/macbook/Octo/static_analysis_codeql_1/codeql-kotlin.db/trap/java/classes/org/apache/jena/shacl/engine/constraint/ConstraintOp1.members/ConstraintOp1.members#65.0-1777774446000-kotlin.trap.gz" }
{ "origin": "CodeQL Kotlin extractor", "timestamp": "2026-09-27 14:18:04", "kind": "INFO", "message": "Finished writing TRAP file /Users/macbook/Octo/static_analysis_codeql_1/codeql-kotlin.db/trap/java/classes/org/apache/jena/shacl/engine/constraint/ConstraintOp1.members/ConstraintOp1.members#65.0-1777774446000-kotlin.trap.gz" }
{ "origin": "CodeQL Kotlin extractor", "timestamp": "2026-09-27 14:18:04", "kind": "INFO", "message": "Will write TRAP file /Users/macbook/Octo/static_analysis_codeql_1/codeql-kotlin.db/trap/java/classes/org/apache/jena/shacl/engine/constraint/ConstraintOpN.members/ConstraintOpN.members#65.0-1777774446000-kotlin.trap.gz" }
{ "origin": "CodeQL Kotlin extractor", "timestamp": "2026-09-27 14:18:04", "kind": "INFO", "message": "Finished writing TRAP file /Users/macbook/Octo/static_analysis_codeql_1/codeql-kotlin.db/trap/java/classes/org/apache/jena/shacl/engine/constraint/ConstraintOpN.members/ConstraintOpN.members#65.0-1777774446000-kotlin.trap.gz" }
{ "origin": "CodeQL Kotlin extractor", "timestamp": "2026-09-27 14:18:04", "kind": "INFO", "message": "Will write TRAP file /Users/macbook/Octo/static_analysis_codeql_1/codeql-kotlin.db/trap/java/classes/org/apache/jena/shacl/engine/constraint/QualifiedValueShape$QualifiedMaxCountConstraintEvaluatedEvent.members/QualifiedValueShape$QualifiedMaxCountConstraintEvaluatedEvent.members#65.0-1777774446000-kotlin.trap.gz" }
{ "origin": "CodeQL Kotlin extractor", "timestamp": "2026-09-27 14:18:04", "kind": "INFO", "message": "Finished writing TRAP file /Users/macbook/Octo/static_analysis_codeql_1/codeql-kotlin.db/trap/java/classes/org/apache/jena/shacl/engine/constraint/QualifiedValueShape$QualifiedMaxCountConstraintEvaluatedEvent.members/QualifiedValueShape$QualifiedMaxCountConstraintEvaluatedEvent.members#65.0-1777774446000-kotlin.trap.gz" }
{ "origin": "CodeQL Kotlin extractor", "timestamp": "2026-09-27 14:18:04", "kind": "INFO", "message": "Will write TRAP file /Users/macbook/Octo/static_analysis_codeql_1/codeql-kotlin.db/trap/java/classes/org/apache/jena/shacl/engine/constraint/QualifiedValueShape$QualifiedMinCountConstraintEvaluatedEvent.members/QualifiedValueShape$QualifiedMinCountConstraintEvaluatedEvent.members#65.0-1777774446000-kotlin.trap.gz" }
{ "origin": "CodeQL Kotlin extractor", "timestamp": "2026-09-27 14:18:04", "kind": "INFO", "message": "Finished writing TRAP file /Users/macbook/Octo/static_analysis_codeql_1/codeql-kotlin.db/trap/java/classes/org/apache/jena/shacl/engine/constraint/QualifiedValueShape$QualifiedMinCountConstraintEvaluatedEvent.members/QualifiedValueShape$QualifiedMinCountConstraintEvaluatedEvent.members#65.0-1777774446000-kotlin.trap.gz" }
{ "origin": "CodeQL Kotlin extractor", "timestamp": "2026-09-27 14:18:04", "kind": "INFO", "message": "Will write TRAP file /Users/macbook/Octo/static_analysis_codeql_1/codeql-kotlin.db/trap/java/classes/org/apache/jena/shacl/engine/constraint/ConstraintEntity.members/ConstraintEntity.members#65.0-1777774446000-kotlin.trap.gz" }
{ "origin": "CodeQL Kotlin extractor", "timestamp": "2026-09-27 14:18:04", "kind": "INFO", "message": "Finished writing TRAP file /Users/macbook/Octo/static_analysis_codeql_1/codeql-kotlin.db/trap/java/classes/org/apache/jena/shacl/engine/constraint/ConstraintEntity.members/ConstraintEntity.members#65.0-1777774446000-kotlin.trap.gz" }
{ "origin": "CodeQL Kotlin extractor", "timestamp": "2026-09-27 14:18:04", "kind": "INFO", "message": "Will write TRAP file /Users/macbook/Octo/static_analysis_codeql_1/codeql-kotlin.db/trap/java/classes/org/apache/jena/shacl/engine/constraint/SparqlComponent.members/SparqlComponent.members#65.0-1777774446000-kotlin.trap.gz" }
{ "origin": "CodeQL Kotlin extractor", "timestamp": "2026-09-27 14:18:04", "kind": "INFO", "message": "Finished writing TRAP file /Users/macbook/Octo/static_analysis_codeql_1/codeql-kotlin.db/trap/java/classes/org/apache/jena/shacl/engine/constraint/SparqlComponent.members/SparqlComponent.members#65.0-1777774446000-kotlin.trap.gz" }
{ "origin": "CodeQL Kotlin extractor", "timestamp": "2026-09-27 14:18:04", "kind": "INFO", "message": "Will write TRAP file /Users/macbook/Octo/static_analysis_codeql_1/codeql-kotlin.db/trap/java/classes/org/apache/jena/shacl/engine/Parameter.members/Parameter.members#65.0-1777774446000-kotlin.trap.gz" }
{ "origin": "CodeQL Kotlin extractor", "timestamp": "2026-09-27 14:18:04", "kind": "INFO", "message": "Finished writing TRAP file /Users/macbook/Octo/static_analysis_codeql_1/codeql-kotlin.db/trap/java/classes/org/apache/jena/shacl/engine/Parameter.members/Parameter.members#65.0-1777774446000-kotlin.trap.gz" }
{ "origin": "CodeQL Kotlin extractor", "timestamp": "2026-09-27 14:18:04", "kind": "INFO", "message": "Will write TRAP file /Users/macbook/Octo/static_analysis_codeql_1/codeql-kotlin.db/trap/java/classes/org/apache/commons/collections4/MultiValuedMap.members/MultiValuedMap.members#52.0-1745045318000-kotlin.trap.gz" }
{ "origin": "CodeQL Kotlin extractor", "timestamp": "2026-09-27 14:18:04", "kind": "INFO", "message": "Finished writing TRAP file /Users/macbook/Octo/static_analysis_codeql_1/codeql-kotlin.db/trap/java/classes/org/apache/commons/collections4/MultiValuedMap.members/MultiValuedMap.members#52.0-1745045318000-kotlin.trap.gz" }
{ "origin": "CodeQL Kotlin extractor", "timestamp": "2026-09-27 14:18:04", "kind": "INFO", "message": "Will write TRAP file /Users/macbook/Octo/static_analysis_codeql_1/codeql-kotlin.db/trap/java/classes/org/apache/jena/query/Query.members/Query.members#65.0-1777774446000-kotlin.trap.gz" }
{ "origin": "CodeQL Kotlin extractor", "timestamp": "2026-09-27 14:18:04", "kind": "INFO", "message": "Finished writing TRAP file /Users/macbook/Octo/static_analysis_codeql_1/codeql-kotlin.db/trap/java/classes/org/apache/jena/query/Query.members/Query.members#65.0-1777774446000-kotlin.trap.gz" }
{ "origin": "CodeQL Kotlin extractor", "timestamp": "2026-09-27 14:18:04", "kind": "INFO", "message": "Will write TRAP file /Users/macbook/Octo/static_analysis_codeql_1/codeql-kotlin.db/trap/java/classes/org/apache/jena/sparql/core/Var.members/Var.members#65.0-1777774446000-kotlin.trap.gz" }
{ "origin": "CodeQL Kotlin extractor", "timestamp": "2026-09-27 14:18:04", "kind": "INFO", "message": "Finished writing TRAP file /Users/macbook/Octo/static_analysis_codeql_1/codeql-kotlin.db/trap/java/classes/org/apache/jena/sparql/core/Var.members/Var.members#65.0-1777774446000-kotlin.trap.gz" }
{ "origin": "CodeQL Kotlin extractor", "timestamp": "2026-09-27 14:18:04", "kind": "INFO", "message": "Will write TRAP file /Users/macbook/Octo/static_analysis_codeql_1/codeql-kotlin.db/trap/java/classes/org/apache/jena/shacl/engine/constraint/ConstraintList.members/ConstraintList.members#65.0-1777774446000-kotlin.trap.gz" }
{ "origin": "CodeQL Kotlin extractor", "timestamp": "2026-09-27 14:18:04", "kind": "INFO", "message": "Finished writing TRAP file /Users/macbook/Octo/static_analysis_codeql_1/codeql-kotlin.db/trap/java/classes/org/apache/jena/shacl/engine/constraint/ConstraintList.members/ConstraintList.members#65.0-1777774446000-kotlin.trap.gz" }
{ "origin": "CodeQL Kotlin extractor", "timestamp": "2026-09-27 14:18:04", "kind": "INFO", "message": "Will write TRAP file /Users/macbook/Octo/static_analysis_codeql_1/codeql-kotlin.db/trap/java/classes/org/apache/jena/enhanced/Implementation.members/Implementation.members#65.0-1777774446000-kotlin.trap.gz" }
{ "origin": "CodeQL Kotlin extractor", "timestamp": "2026-09-27 14:18:04", "kind": "INFO", "message": "Finished writing TRAP file /Users/macbook/Octo/static_analysis_codeql_1/codeql-kotlin.db/trap/java/classes/org/apache/jena/enhanced/Implementation.members/Implementation.members#65.0-1777774446000-kotlin.trap.gz" }
{ "origin": "CodeQL Kotlin extractor", "timestamp": "2026-09-27 14:18:04", "kind": "INFO", "message": "Will write TRAP file /Users/macbook/Octo/static_analysis_codeql_1/codeql-kotlin.db/trap/java/classes/org/apache/jena/sparql/engine/binding/Binding.members/Binding.members#65.0-1777774446000-kotlin.trap.gz" }
{ "origin": "CodeQL Kotlin extractor", "timestamp": "2026-09-27 14:18:04", "kind": "INFO", "message": "Finished writing TRAP file /Users/macbook/Octo/static_analysis_codeql_1/codeql-kotlin.db/trap/java/classes/org/apache/jena/sparql/engine/binding/Binding.members/Binding.members#65.0-1777774446000-kotlin.trap.gz" }
{ "origin": "CodeQL Kotlin extractor", "timestamp": "2026-09-27 14:18:04", "kind": "INFO", "message": "Will write TRAP file /Users/macbook/Octo/static_analysis_codeql_1/codeql-kotlin.db/trap/java/classes/org/apache/jena/sparql/function/FunctionEnv.members/FunctionEnv.members#65.0-1777774446000-kotlin.trap.gz" }
{ "origin": "CodeQL Kotlin extractor", "timestamp": "2026-09-27 14:18:04", "kind": "INFO", "message": "Finished writing TRAP file /Users/macbook/Octo/static_analysis_codeql_1/codeql-kotlin.db/trap/java/classes/org/apache/jena/sparql/function/FunctionEnv.members/FunctionEnv.members#65.0-1777774446000-kotlin.trap.gz" }
{ "origin": "CodeQL Kotlin extractor", "timestamp": "2026-09-27 14:18:04", "kind": "INFO", "message": "Will write TRAP file /Users/macbook/Octo/static_analysis_codeql_1/codeql-kotlin.db/trap/java/classes/org/apache/jena/sparql/expr/Expr.members/Expr.members#65.0-1777774446000-kotlin.trap.gz" }
{ "origin": "CodeQL Kotlin extractor", "timestamp": "2026-09-27 14:18:04", "kind": "INFO", "message": "Finished writing TRAP file /Users/macbook/Octo/static_analysis_codeql_1/codeql-kotlin.db/trap/java/classes/org/apache/jena/sparql/expr/Expr.members/Expr.members#65.0-1777774446000-kotlin.trap.gz" }
{ "origin": "CodeQL Kotlin extractor", "timestamp": "2026-09-27 14:18:04", "kind": "INFO", "message": "Will write TRAP file /Users/macbook/Octo/static_analysis_codeql_1/codeql-kotlin.db/trap/java/classes/org/apache/jena/sparql/graph/NodeTransform.members/NodeTransform.members#65.0-1777774446000-kotlin.trap.gz" }
{ "origin": "CodeQL Kotlin extractor", "timestamp": "2026-09-27 14:18:04", "kind": "INFO", "message": "Finished writing TRAP file /Users/macbook/Octo/static_analysis_codeql_1/codeql-kotlin.db/trap/java/classes/org/apache/jena/sparql/graph/NodeTransform.members/NodeTransform.members#65.0-1777774446000-kotlin.trap.gz" }
{ "origin": "CodeQL Kotlin extractor", "timestamp": "2026-09-27 14:18:04", "kind": "INFO", "message": "Will write TRAP file /Users/macbook/Octo/static_analysis_codeql_1/codeql-kotlin.db/trap/java/classes/org/apache/jena/sparql/engine/ExecutionContext.members/ExecutionContext.members#65.0-1777774446000-kotlin.trap.gz" }
{ "origin": "CodeQL Kotlin extractor", "timestamp": "2026-09-27 14:18:04", "kind": "INFO", "message": "Finished writing TRAP file /Users/macbook/Octo/static_analysis_codeql_1/codeql-kotlin.db/trap/java/classes/org/apache/jena/sparql/engine/ExecutionContext.members/ExecutionContext.members#65.0-1777774446000-kotlin.trap.gz" }
{ "origin": "CodeQL Kotlin extractor", "timestamp": "2026-09-27 14:18:04", "kind": "INFO", "message": "Will write TRAP file /Users/macbook/Octo/static_analysis_codeql_1/codeql-kotlin.db/trap/java/classes/org/apache/jena/sparql/expr/ValueSpace.members/ValueSpace.members#65.0-1777774446000-kotlin.trap.gz" }
{ "origin": "CodeQL Kotlin extractor", "timestamp": "2026-09-27 14:18:04", "kind": "INFO", "message": "Finished writing TRAP file /Users/macbook/Octo/static_analysis_codeql_1/codeql-kotlin.db/trap/java/classes/org/apache/jena/sparql/expr/ValueSpace.members/ValueSpace.members#65.0-1777774446000-kotlin.trap.gz" }
{ "origin": "CodeQL Kotlin extractor", "timestamp": "2026-09-27 14:18:04", "kind": "INFO", "message": "Will write TRAP file /Users/macbook/Octo/static_analysis_codeql_1/codeql-kotlin.db/trap/java/classes/org/apache/jena/sparql/expr/nodevalue/NodeValueSortKey.members/NodeValueSortKey.members#65.0-1777774446000-kotlin.trap.gz" }
{ "origin": "CodeQL Kotlin extractor", "timestamp": "2026-09-27 14:18:04", "kind": "INFO", "message": "Finished writing TRAP file /Users/macbook/Octo/static_analysis_codeql_1/codeql-kotlin.db/trap/java/classes/org/apache/jena/sparql/expr/nodevalue/NodeValueSortKey.members/NodeValueSortKey.members#65.0-1777774446000-kotlin.trap.gz" }
{ "origin": "CodeQL Kotlin extractor", "timestamp": "2026-09-27 14:18:04", "kind": "INFO", "message": "Skipping extracting external decl BigInteger" }
{ "origin": "CodeQL Kotlin extractor", "timestamp": "2026-09-27 14:18:04", "kind": "INFO", "message": "Skipping extracting external decl BigDecimal" }
{ "origin": "CodeQL Kotlin extractor", "timestamp": "2026-09-27 14:18:04", "kind": "INFO", "message": "Will write TRAP file /Users/macbook/Octo/static_analysis_codeql_1/codeql-kotlin.db/trap/java/classes/javax/xml/datatype/XMLGregorianCalendar.members/XMLGregorianCalendar.members#65.0-1789983753036-kotlin.trap.gz" }
{ "origin": "CodeQL Kotlin extractor", "timestamp": "2026-09-27 14:18:04", "kind": "INFO", "message": "Finished writing TRAP file /Users/macbook/Octo/static_analysis_codeql_1/codeql-kotlin.db/trap/java/classes/javax/xml/datatype/XMLGregorianCalendar.members/XMLGregorianCalendar.members#65.0-1789983753036-kotlin.trap.gz" }
{ "origin": "CodeQL Kotlin extractor", "timestamp": "2026-09-27 14:18:04", "kind": "INFO", "message": "Will write TRAP file /Users/macbook/Octo/static_analysis_codeql_1/codeql-kotlin.db/trap/java/classes/javax/xml/datatype/Duration.members/Duration.members#65.0-1789983753036-kotlin.trap.gz" }
{ "origin": "CodeQL Kotlin extractor", "timestamp": "2026-09-27 14:18:04", "kind": "INFO", "message": "Finished writing TRAP file /Users/macbook/Octo/static_analysis_codeql_1/codeql-kotlin.db/trap/java/classes/javax/xml/datatype/Duration.members/Duration.members#65.0-1789983753036-kotlin.trap.gz" }
{ "origin": "CodeQL Kotlin extractor", "timestamp": "2026-09-27 14:18:04", "kind": "INFO", "message": "Will write TRAP file /Users/macbook/Octo/static_analysis_codeql_1/codeql-kotlin.db/trap/java/classes/org/apache/jena/sparql/expr/ExprVisitor.members/ExprVisitor.members#65.0-1777774446000-kotlin.trap.gz" }
{ "origin": "CodeQL Kotlin extractor", "timestamp": "2026-09-27 14:18:04", "kind": "INFO", "message": "Finished writing TRAP file /Users/macbook/Octo/static_analysis_codeql_1/codeql-kotlin.db/trap/java/classes/org/apache/jena/sparql/expr/ExprVisitor.members/ExprVisitor.members#65.0-1777774446000-kotlin.trap.gz" }
{ "origin": "CodeQL Kotlin extractor", "timestamp": "2026-09-27 14:18:04", "kind": "INFO", "message": "Will write TRAP file /Users/macbook/Octo/static_analysis_codeql_1/codeql-kotlin.db/trap/java/classes/org/apache/jena/sparql/expr/nodevalue/NodeValueVisitor.members/NodeValueVisitor.members#65.0-1777774446000-kotlin.trap.gz" }
{ "origin": "CodeQL Kotlin extractor", "timestamp": "2026-09-27 14:18:04", "kind": "INFO", "message": "Finished writing TRAP file /Users/macbook/Octo/static_analysis_codeql_1/codeql-kotlin.db/trap/java/classes/org/apache/jena/sparql/expr/nodevalue/NodeValueVisitor.members/NodeValueVisitor.members#65.0-1777774446000-kotlin.trap.gz" }
{ "origin": "CodeQL Kotlin extractor", "timestamp": "2026-09-27 14:18:04", "kind": "INFO", "message": "Will write TRAP file /Users/macbook/Octo/static_analysis_codeql_1/codeql-kotlin.db/trap/java/classes/org/apache/jena/sparql/serializer/SerializationContext.members/SerializationContext.members#65.0-1777774446000-kotlin.trap.gz" }
{ "origin": "CodeQL Kotlin extractor", "timestamp": "2026-09-27 14:18:04", "kind": "INFO", "message": "Finished writing TRAP file /Users/macbook/Octo/static_analysis_codeql_1/codeql-kotlin.db/trap/java/classes/org/apache/jena/sparql/serializer/SerializationContext.members/SerializationContext.members#65.0-1777774446000-kotlin.trap.gz" }
{ "origin": "CodeQL Kotlin extractor", "timestamp": "2026-09-27 14:18:04", "kind": "INFO", "message": "Will write TRAP file /Users/macbook/Octo/static_analysis_codeql_1/codeql-kotlin.db/trap/java/classes/org/apache/jena/sparql/expr/ExprTransform.members/ExprTransform.members#65.0-1777774446000-kotlin.trap.gz" }
{ "origin": "CodeQL Kotlin extractor", "timestamp": "2026-09-27 14:18:04", "kind": "INFO", "message": "Finished writing TRAP file /Users/macbook/Octo/static_analysis_codeql_1/codeql-kotlin.db/trap/java/classes/org/apache/jena/sparql/expr/ExprTransform.members/ExprTransform.members#65.0-1777774446000-kotlin.trap.gz" }
{ "origin": "CodeQL Kotlin extractor", "timestamp": "2026-09-27 14:18:04", "kind": "INFO", "message": "Will write TRAP file /Users/macbook/Octo/static_analysis_codeql_1/codeql-kotlin.db/trap/java/classes/javax/xml/datatype/DatatypeFactory.members/DatatypeFactory.members#65.0-1789983753036-kotlin.trap.gz" }
{ "origin": "CodeQL Kotlin extractor", "timestamp": "2026-09-27 14:18:04", "kind": "INFO", "message": "Finished writing TRAP file /Users/macbook/Octo/static_analysis_codeql_1/codeql-kotlin.db/trap/java/classes/javax/xml/datatype/DatatypeFactory.members/DatatypeFactory.members#65.0-1789983753036-kotlin.trap.gz" }
{ "origin": "CodeQL Kotlin extractor", "timestamp": "2026-09-27 14:18:04", "kind": "INFO", "message": "Will write TRAP file /Users/macbook/Octo/static_analysis_codeql_1/codeql-kotlin.db/trap/java/classes/org/apache/jena/sparql/expr/ExprException.members/ExprException.members#65.0-1777774446000-kotlin.trap.gz" }
{ "origin": "CodeQL Kotlin extractor", "timestamp": "2026-09-27 14:18:04", "kind": "INFO", "message": "Finished writing TRAP file /Users/macbook/Octo/static_analysis_codeql_1/codeql-kotlin.db/trap/java/classes/org/apache/jena/sparql/expr/ExprException.members/ExprException.members#65.0-1777774446000-kotlin.trap.gz" }
{ "origin": "CodeQL Kotlin extractor", "timestamp": "2026-09-27 14:18:04", "kind": "INFO", "message": "Will write TRAP file /Users/macbook/Octo/static_analysis_codeql_1/codeql-kotlin.db/trap/java/classes/org/apache/jena/sparql/expr/ExprNode.members/ExprNode.members#65.0-1777774446000-kotlin.trap.gz" }
{ "origin": "CodeQL Kotlin extractor", "timestamp": "2026-09-27 14:18:04", "kind": "INFO", "message": "Finished writing TRAP file /Users/macbook/Octo/static_analysis_codeql_1/codeql-kotlin.db/trap/java/classes/org/apache/jena/sparql/expr/ExprNode.members/ExprNode.members#65.0-1777774446000-kotlin.trap.gz" }
{ "origin": "CodeQL Kotlin extractor", "timestamp": "2026-09-27 14:18:04", "kind": "INFO", "message": "Will write TRAP file /Users/macbook/Octo/static_analysis_codeql_1/codeql-kotlin.db/trap/java/classes/org/apache/jena/shacl/validation/event/AbstractConstraintEvaluationEvent.members/AbstractConstraintEvaluationEvent.members#65.0-1777774446000-kotlin.trap.gz" }
{ "origin": "CodeQL Kotlin extractor", "timestamp": "2026-09-27 14:18:04", "kind": "INFO", "message": "Finished writing TRAP file /Users/macbook/Octo/static_analysis_codeql_1/codeql-kotlin.db/trap/java/classes/org/apache/jena/shacl/validation/event/AbstractConstraintEvaluationEvent.members/AbstractConstraintEvaluationEvent.members#65.0-1777774446000-kotlin.trap.gz" }
{ "origin": "CodeQL Kotlin extractor", "timestamp": "2026-09-27 14:18:04", "kind": "INFO", "message": "Will write TRAP file /Users/macbook/Octo/static_analysis_codeql_1/codeql-kotlin.db/trap/java/classes/org/apache/jena/shacl/engine/constraint/ConstraintOp.members/ConstraintOp.members#65.0-1777774446000-kotlin.trap.gz" }
{ "origin": "CodeQL Kotlin extractor", "timestamp": "2026-09-27 14:18:04", "kind": "INFO", "message": "Finished writing TRAP file /Users/macbook/Octo/static_analysis_codeql_1/codeql-kotlin.db/trap/java/classes/org/apache/jena/shacl/engine/constraint/ConstraintOp.members/ConstraintOp.members#65.0-1777774446000-kotlin.trap.gz" }
{ "origin": "CodeQL Kotlin extractor", "timestamp": "2026-09-27 14:18:04", "kind": "INFO", "message": "Will write TRAP file /Users/macbook/Octo/static_analysis_codeql_1/codeql-kotlin.db/trap/java/classes/org/apache/jena/shacl/validation/event/ImmutableLazySetCopy.members/ImmutableLazySetCopy.members#65.0-1777774446000-kotlin.trap.gz" }
{ "origin": "CodeQL Kotlin extractor", "timestamp": "2026-09-27 14:18:04", "kind": "INFO", "message": "Finished writing TRAP file /Users/macbook/Octo/static_analysis_codeql_1/codeql-kotlin.db/trap/java/classes/org/apache/jena/shacl/validation/event/ImmutableLazySetCopy.members/ImmutableLazySetCopy.members#65.0-1777774446000-kotlin.trap.gz" }
{ "origin": "CodeQL Kotlin extractor", "timestamp": "2026-09-27 14:18:04", "kind": "INFO", "message": "Will write TRAP file /Users/macbook/Octo/static_analysis_codeql_1/codeql-kotlin.db/trap/java/classes/org/apache/jena/shacl/validation/event/ConstraintEvaluatedOnPathNodesWithCompareNodesEvent.members/ConstraintEvaluatedOnPathNodesWithCompareNodesEvent.members#65.0-1777774446000-kotlin.trap.gz" }
{ "origin": "CodeQL Kotlin extractor", "timestamp": "2026-09-27 14:18:04", "kind": "INFO", "message": "Finished writing TRAP file /Users/macbook/Octo/static_analysis_codeql_1/codeql-kotlin.db/trap/java/classes/org/apache/jena/shacl/validation/event/ConstraintEvaluatedOnPathNodesWithCompareNodesEvent.members/ConstraintEvaluatedOnPathNodesWithCompareNodesEvent.members#65.0-1777774446000-kotlin.trap.gz" }
{ "origin": "CodeQL Kotlin extractor", "timestamp": "2026-09-27 14:18:04", "kind": "INFO", "message": "Skipping extracting external decl Entry" }
{ "origin": "CodeQL Kotlin extractor", "timestamp": "2026-09-27 14:18:04", "kind": "INFO", "message": "Skipping extracting external decl MutableEntry" }
{ "origin": "CodeQL Kotlin extractor", "timestamp": "2026-09-27 14:18:04", "kind": "INFO", "message": "Will write TRAP file /Users/macbook/Octo/static_analysis_codeql_1/codeql-kotlin.db/trap/java/classes/org/apache/commons/collections4/MultiSet.members/MultiSet.members#52.0-1745045318000-kotlin.trap.gz" }
{ "origin": "CodeQL Kotlin extractor", "timestamp": "2026-09-27 14:18:04", "kind": "INFO", "message": "Finished writing TRAP file /Users/macbook/Octo/static_analysis_codeql_1/codeql-kotlin.db/trap/java/classes/org/apache/commons/collections4/MultiSet.members/MultiSet.members#52.0-1745045318000-kotlin.trap.gz" }
{ "origin": "CodeQL Kotlin extractor", "timestamp": "2026-09-27 14:18:04", "kind": "INFO", "message": "Will write TRAP file /Users/macbook/Octo/static_analysis_codeql_1/codeql-kotlin.db/trap/java/classes/org/apache/commons/collections4/MapIterator.members/MapIterator.members#52.0-1745045318000-kotlin.trap.gz" }
{ "origin": "CodeQL Kotlin extractor", "timestamp": "2026-09-27 14:18:04", "kind": "INFO", "message": "Finished writing TRAP file /Users/macbook/Octo/static_analysis_codeql_1/codeql-kotlin.db/trap/java/classes/org/apache/commons/collections4/MapIterator.members/MapIterator.members#52.0-1745045318000-kotlin.trap.gz" }
{ "origin": "CodeQL Kotlin extractor", "timestamp": "2026-09-27 14:18:04", "kind": "INFO", "message": "Will write TRAP file /Users/macbook/Octo/static_analysis_codeql_1/codeql-kotlin.db/trap/java/classes/org/apache/jena/query/QueryType.members/QueryType.members#65.0-1777774446000-kotlin.trap.gz" }
{ "origin": "CodeQL Kotlin extractor", "timestamp": "2026-09-27 14:18:04", "kind": "INFO", "message": "Finished writing TRAP file /Users/macbook/Octo/static_analysis_codeql_1/codeql-kotlin.db/trap/java/classes/org/apache/jena/query/QueryType.members/QueryType.members#65.0-1777774446000-kotlin.trap.gz" }
{ "origin": "CodeQL Kotlin extractor", "timestamp": "2026-09-27 14:18:04", "kind": "INFO", "message": "Will write TRAP file /Users/macbook/Octo/static_analysis_codeql_1/codeql-kotlin.db/trap/java/classes/org/apache/jena/sparql/algebra/table/TableData.members/TableData.members#65.0-1777774446000-kotlin.trap.gz" }
{ "origin": "CodeQL Kotlin extractor", "timestamp": "2026-09-27 14:18:04", "kind": "INFO", "message": "Finished writing TRAP file /Users/macbook/Octo/static_analysis_codeql_1/codeql-kotlin.db/trap/java/classes/org/apache/jena/sparql/algebra/table/TableData.members/TableData.members#65.0-1777774446000-kotlin.trap.gz" }
{ "origin": "CodeQL Kotlin extractor", "timestamp": "2026-09-27 14:18:04", "kind": "INFO", "message": "Will write TRAP file /Users/macbook/Octo/static_analysis_codeql_1/codeql-kotlin.db/trap/java/classes/org/apache/jena/sparql/syntax/Template.members/Template.members#65.0-1777774446000-kotlin.trap.gz" }
{ "origin": "CodeQL Kotlin extractor", "timestamp": "2026-09-27 14:18:04", "kind": "INFO", "message": "Finished writing TRAP file /Users/macbook/Octo/static_analysis_codeql_1/codeql-kotlin.db/trap/java/classes/org/apache/jena/sparql/syntax/Template.members/Template.members#65.0-1777774446000-kotlin.trap.gz" }
{ "origin": "CodeQL Kotlin extractor", "timestamp": "2026-09-27 14:18:04", "kind": "INFO", "message": "Will write TRAP file /Users/macbook/Octo/static_analysis_codeql_1/codeql-kotlin.db/trap/java/classes/org/apache/jena/sparql/core/VarExprList.members/VarExprList.members#65.0-1777774446000-kotlin.trap.gz" }
{ "origin": "CodeQL Kotlin extractor", "timestamp": "2026-09-27 14:18:04", "kind": "INFO", "message": "Finished writing TRAP file /Users/macbook/Octo/static_analysis_codeql_1/codeql-kotlin.db/trap/java/classes/org/apache/jena/sparql/core/VarExprList.members/VarExprList.members#65.0-1777774446000-kotlin.trap.gz" }
{ "origin": "CodeQL Kotlin extractor", "timestamp": "2026-09-27 14:18:04", "kind": "INFO", "message": "Will write TRAP file /Users/macbook/Octo/static_analysis_codeql_1/codeql-kotlin.db/trap/java/classes/org/apache/jena/query/Syntax.members/Syntax.members#65.0-1777774446000-kotlin.trap.gz" }
{ "origin": "CodeQL Kotlin extractor", "timestamp": "2026-09-27 14:18:04", "kind": "INFO", "message": "Finished writing TRAP file /Users/macbook/Octo/static_analysis_codeql_1/codeql-kotlin.db/trap/java/classes/org/apache/jena/query/Syntax.members/Syntax.members#65.0-1777774446000-kotlin.trap.gz" }
{ "origin": "CodeQL Kotlin extractor", "timestamp": "2026-09-27 14:18:04", "kind": "INFO", "message": "Will write TRAP file /Users/macbook/Octo/static_analysis_codeql_1/codeql-kotlin.db/trap/java/classes/org/apache/jena/query/SortCondition.members/SortCondition.members#65.0-1777774446000-kotlin.trap.gz" }
{ "origin": "CodeQL Kotlin extractor", "timestamp": "2026-09-27 14:18:04", "kind": "INFO", "message": "Finished writing TRAP file /Users/macbook/Octo/static_analysis_codeql_1/codeql-kotlin.db/trap/java/classes/org/apache/jena/query/SortCondition.members/SortCondition.members#65.0-1777774446000-kotlin.trap.gz" }
{ "origin": "CodeQL Kotlin extractor", "timestamp": "2026-09-27 14:18:04", "kind": "INFO", "message": "Will write TRAP file /Users/macbook/Octo/static_analysis_codeql_1/codeql-kotlin.db/trap/java/classes/org/apache/jena/sparql/syntax/Element.members/Element.members#65.0-1777774446000-kotlin.trap.gz" }
{ "origin": "CodeQL Kotlin extractor", "timestamp": "2026-09-27 14:18:04", "kind": "INFO", "message": "Finished writing TRAP file /Users/macbook/Octo/static_analysis_codeql_1/codeql-kotlin.db/trap/java/classes/org/apache/jena/sparql/syntax/Element.members/Element.members#65.0-1777774446000-kotlin.trap.gz" }
{ "origin": "CodeQL Kotlin extractor", "timestamp": "2026-09-27 14:18:04", "kind": "INFO", "message": "Will write TRAP file /Users/macbook/Octo/static_analysis_codeql_1/codeql-kotlin.db/trap/java/classes/org/apache/jena/sparql/core/DatasetDescription.members/DatasetDescription.members#65.0-1777774446000-kotlin.trap.gz" }
{ "origin": "CodeQL Kotlin extractor", "timestamp": "2026-09-27 14:18:04", "kind": "INFO", "message": "Finished writing TRAP file /Users/macbook/Octo/static_analysis_codeql_1/codeql-kotlin.db/trap/java/classes/org/apache/jena/sparql/core/DatasetDescription.members/DatasetDescription.members#65.0-1777774446000-kotlin.trap.gz" }
{ "origin": "CodeQL Kotlin extractor", "timestamp": "2026-09-27 14:18:04", "kind": "INFO", "message": "Will write TRAP file /Users/macbook/Octo/static_analysis_codeql_1/codeql-kotlin.db/trap/java/classes/org/apache/jena/sparql/expr/ExprAggregator.members/ExprAggregator.members#65.0-1777774446000-kotlin.trap.gz" }
{ "origin": "CodeQL Kotlin extractor", "timestamp": "2026-09-27 14:18:04", "kind": "INFO", "message": "Finished writing TRAP file /Users/macbook/Octo/static_analysis_codeql_1/codeql-kotlin.db/trap/java/classes/org/apache/jena/sparql/expr/ExprAggregator.members/ExprAggregator.members#65.0-1777774446000-kotlin.trap.gz" }
{ "origin": "CodeQL Kotlin extractor", "timestamp": "2026-09-27 14:18:04", "kind": "INFO", "message": "Will write TRAP file /Users/macbook/Octo/static_analysis_codeql_1/codeql-kotlin.db/trap/java/classes/org/apache/jena/sparql/expr/aggregate/Aggregator.members/Aggregator.members#65.0-1777774446000-kotlin.trap.gz" }
{ "origin": "CodeQL Kotlin extractor", "timestamp": "2026-09-27 14:18:04", "kind": "INFO", "message": "Finished writing TRAP file /Users/macbook/Octo/static_analysis_codeql_1/codeql-kotlin.db/trap/java/classes/org/apache/jena/sparql/expr/aggregate/Aggregator.members/Aggregator.members#65.0-1777774446000-kotlin.trap.gz" }
{ "origin": "CodeQL Kotlin extractor", "timestamp": "2026-09-27 14:18:04", "kind": "INFO", "message": "Will write TRAP file /Users/macbook/Octo/static_analysis_codeql_1/codeql-kotlin.db/trap/java/classes/org/apache/jena/query/QueryVisitor.members/QueryVisitor.members#65.0-1777774446000-kotlin.trap.gz" }
{ "origin": "CodeQL Kotlin extractor", "timestamp": "2026-09-27 14:18:04", "kind": "INFO", "message": "Finished writing TRAP file /Users/macbook/Octo/static_analysis_codeql_1/codeql-kotlin.db/trap/java/classes/org/apache/jena/query/QueryVisitor.members/QueryVisitor.members#65.0-1777774446000-kotlin.trap.gz" }
{ "origin": "CodeQL Kotlin extractor", "timestamp": "2026-09-27 14:18:04", "kind": "INFO", "message": "Will write TRAP file /Users/macbook/Octo/static_analysis_codeql_1/codeql-kotlin.db/trap/java/classes/org/apache/jena/atlas/io/Printable.members/Printable.members#65.0-1777774446000-kotlin.trap.gz" }
{ "origin": "CodeQL Kotlin extractor", "timestamp": "2026-09-27 14:18:04", "kind": "INFO", "message": "Finished writing TRAP file /Users/macbook/Octo/static_analysis_codeql_1/codeql-kotlin.db/trap/java/classes/org/apache/jena/atlas/io/Printable.members/Printable.members#65.0-1777774446000-kotlin.trap.gz" }
{ "origin": "CodeQL Kotlin extractor", "timestamp": "2026-09-27 14:18:04", "kind": "INFO", "message": "Will write TRAP file /Users/macbook/Octo/static_analysis_codeql_1/codeql-kotlin.db/trap/java/classes/org/apache/jena/sparql/core/Var$NotAVariableException.members/Var$NotAVariableException.members#65.0-1777774446000-kotlin.trap.gz" }
{ "origin": "CodeQL Kotlin extractor", "timestamp": "2026-09-27 14:18:04", "kind": "INFO", "message": "Finished writing TRAP file /Users/macbook/Octo/static_analysis_codeql_1/codeql-kotlin.db/trap/java/classes/org/apache/jena/sparql/core/Var$NotAVariableException.members/Var$NotAVariableException.members#65.0-1777774446000-kotlin.trap.gz" }
{ "origin": "CodeQL Kotlin extractor", "timestamp": "2026-09-27 14:18:04", "kind": "INFO", "message": "Will write TRAP file /Users/macbook/Octo/static_analysis_codeql_1/codeql-kotlin.db/trap/java/classes/org/apache/jena/sparql/expr/ExprVar.members/ExprVar.members#65.0-1777774446000-kotlin.trap.gz" }
{ "origin": "CodeQL Kotlin extractor", "timestamp": "2026-09-27 14:18:04", "kind": "INFO", "message": "Finished writing TRAP file /Users/macbook/Octo/static_analysis_codeql_1/codeql-kotlin.db/trap/java/classes/org/apache/jena/sparql/expr/ExprVar.members/ExprVar.members#65.0-1777774446000-kotlin.trap.gz" }
{ "origin": "CodeQL Kotlin extractor", "timestamp": "2026-09-27 14:18:04", "kind": "INFO", "message": "Will write TRAP file /Users/macbook/Octo/static_analysis_codeql_1/codeql-kotlin.db/trap/java/classes/org/apache/jena/enhanced/EnhNode.members/EnhNode.members#65.0-1777774446000-kotlin.trap.gz" }
{ "origin": "CodeQL Kotlin extractor", "timestamp": "2026-09-27 14:18:04", "kind": "INFO", "message": "Finished writing TRAP file /Users/macbook/Octo/static_analysis_codeql_1/codeql-kotlin.db/trap/java/classes/org/apache/jena/enhanced/EnhNode.members/EnhNode.members#65.0-1777774446000-kotlin.trap.gz" }
{ "origin": "CodeQL Kotlin extractor", "timestamp": "2026-09-27 14:18:04", "kind": "INFO", "message": "Will write TRAP file /Users/macbook/Octo/static_analysis_codeql_1/codeql-kotlin.db/trap/java/classes/org/apache/jena/sparql/engine/binding/BindingBuilder.members/BindingBuilder.members#65.0-1777774446000-kotlin.trap.gz" }
{ "origin": "CodeQL Kotlin extractor", "timestamp": "2026-09-27 14:18:04", "kind": "INFO", "message": "Finished writing TRAP file /Users/macbook/Octo/static_analysis_codeql_1/codeql-kotlin.db/trap/java/classes/org/apache/jena/sparql/engine/binding/BindingBuilder.members/BindingBuilder.members#65.0-1777774446000-kotlin.trap.gz" }
{ "origin": "CodeQL Kotlin extractor", "timestamp": "2026-09-27 14:18:04", "kind": "INFO", "message": "Will write TRAP file /Users/macbook/Octo/static_analysis_codeql_1/codeql-kotlin.db/trap/java/classes/org/apache/jena/sparql/expr/ExprFunction.members/ExprFunction.members#65.0-1777774446000-kotlin.trap.gz" }
{ "origin": "CodeQL Kotlin extractor", "timestamp": "2026-09-27 14:18:04", "kind": "INFO", "message": "Finished writing TRAP file /Users/macbook/Octo/static_analysis_codeql_1/codeql-kotlin.db/trap/java/classes/org/apache/jena/sparql/expr/ExprFunction.members/ExprFunction.members#65.0-1777774446000-kotlin.trap.gz" }
{ "origin": "CodeQL Kotlin extractor", "timestamp": "2026-09-27 14:18:04", "kind": "INFO", "message": "Skipping extracting external decl FunctionalInterface" }
{ "origin": "CodeQL Kotlin extractor", "timestamp": "2026-09-27 14:18:04", "kind": "INFO", "message": "Will write TRAP file /Users/macbook/Octo/static_analysis_codeql_1/codeql-kotlin.db/trap/java/classes/org/apache/jena/sparql/engine/QueryIterator.members/QueryIterator.members#65.0-1777774446000-kotlin.trap.gz" }
{ "origin": "CodeQL Kotlin extractor", "timestamp": "2026-09-27 14:18:04", "kind": "INFO", "message": "Finished writing TRAP file /Users/macbook/Octo/static_analysis_codeql_1/codeql-kotlin.db/trap/java/classes/org/apache/jena/sparql/engine/QueryIterator.members/QueryIterator.members#65.0-1777774446000-kotlin.trap.gz" }
{ "origin": "CodeQL Kotlin extractor", "timestamp": "2026-09-27 14:18:04", "kind": "INFO", "message": "Will write TRAP file /Users/macbook/Octo/static_analysis_codeql_1/codeql-kotlin.db/trap/java/classes/org/apache/jena/sparql/engine/main/OpExecutorFactory.members/OpExecutorFactory.members#65.0-1777774446000-kotlin.trap.gz" }
{ "origin": "CodeQL Kotlin extractor", "timestamp": "2026-09-27 14:18:04", "kind": "INFO", "message": "Finished writing TRAP file /Users/macbook/Octo/static_analysis_codeql_1/codeql-kotlin.db/trap/java/classes/org/apache/jena/sparql/engine/main/OpExecutorFactory.members/OpExecutorFactory.members#65.0-1777774446000-kotlin.trap.gz" }
{ "origin": "CodeQL Kotlin extractor", "timestamp": "2026-09-27 14:18:04", "kind": "INFO", "message": "Will write TRAP file /Users/macbook/Octo/static_analysis_codeql_1/codeql-kotlin.db/trap/java/classes/javax/xml/namespace/QName.members/QName.members#65.0-1789983753036-kotlin.trap.gz" }
{ "origin": "CodeQL Kotlin extractor", "timestamp": "2026-09-27 14:18:04", "kind": "INFO", "message": "Finished writing TRAP file /Users/macbook/Octo/static_analysis_codeql_1/codeql-kotlin.db/trap/java/classes/javax/xml/namespace/QName.members/QName.members#65.0-1789983753036-kotlin.trap.gz" }
{ "origin": "CodeQL Kotlin extractor", "timestamp": "2026-09-27 14:18:04", "kind": "INFO", "message": "Will write TRAP file /Users/macbook/Octo/static_analysis_codeql_1/codeql-kotlin.db/trap/java/classes/java/util/GregorianCalendar.members/GregorianCalendar.members#65.0-1789983753036-kotlin.trap.gz" }
{ "origin": "CodeQL Kotlin extractor", "timestamp": "2026-09-27 14:18:04", "kind": "INFO", "message": "Finished writing TRAP file /Users/macbook/Octo/static_analysis_codeql_1/codeql-kotlin.db/trap/java/classes/java/util/GregorianCalendar.members/GregorianCalendar.members#65.0-1789983753036-kotlin.trap.gz" }
{ "origin": "CodeQL Kotlin extractor", "timestamp": "2026-09-27 14:18:04", "kind": "INFO", "message": "Skipping extracting external decl TimeZone" }
{ "origin": "CodeQL Kotlin extractor", "timestamp": "2026-09-27 14:18:04", "kind": "INFO", "message": "Skipping extracting external decl Locale" }
{ "origin": "CodeQL Kotlin extractor", "timestamp": "2026-09-27 14:18:04", "kind": "INFO", "message": "Skipping extracting external decl Date" }
{ "origin": "CodeQL Kotlin extractor", "timestamp": "2026-09-27 14:18:04", "kind": "INFO", "message": "Will write TRAP file /Users/macbook/Octo/static_analysis_codeql_1/codeql-kotlin.db/trap/java/classes/javax/xml/datatype/DatatypeConstants$Field.members/DatatypeConstants$Field.members#65.0-1789983753036-kotlin.trap.gz" }
{ "origin": "CodeQL Kotlin extractor", "timestamp": "2026-09-27 14:18:04", "kind": "INFO", "message": "Finished writing TRAP file /Users/macbook/Octo/static_analysis_codeql_1/codeql-kotlin.db/trap/java/classes/javax/xml/datatype/DatatypeConstants$Field.members/DatatypeConstants$Field.members#65.0-1789983753036-kotlin.trap.gz" }
{ "origin": "CodeQL Kotlin extractor", "timestamp": "2026-09-27 14:18:04", "kind": "INFO", "message": "Skipping extracting external decl Number" }
{ "origin": "CodeQL Kotlin extractor", "timestamp": "2026-09-27 14:18:04", "kind": "INFO", "message": "Skipping extracting external decl Number" }
{ "origin": "CodeQL Kotlin extractor", "timestamp": "2026-09-27 14:18:04", "kind": "INFO", "message": "Will write TRAP file /Users/macbook/Octo/static_analysis_codeql_1/codeql-kotlin.db/trap/java/classes/org/apache/jena/sparql/expr/ExprFunction0.members/ExprFunction0.members#65.0-1777774446000-kotlin.trap.gz" }
{ "origin": "CodeQL Kotlin extractor", "timestamp": "2026-09-27 14:18:04", "kind": "INFO", "message": "Finished writing TRAP file /Users/macbook/Octo/static_analysis_codeql_1/codeql-kotlin.db/trap/java/classes/org/apache/jena/sparql/expr/ExprFunction0.members/ExprFunction0.members#65.0-1777774446000-kotlin.trap.gz" }
{ "origin": "CodeQL Kotlin extractor", "timestamp": "2026-09-27 14:18:04", "kind": "INFO", "message": "Will write TRAP file /Users/macbook/Octo/static_analysis_codeql_1/codeql-kotlin.db/trap/java/classes/org/apache/jena/sparql/expr/ExprFunction1.members/ExprFunction1.members#65.0-1777774446000-kotlin.trap.gz" }
{ "origin": "CodeQL Kotlin extractor", "timestamp": "2026-09-27 14:18:04", "kind": "INFO", "message": "Finished writing TRAP file /Users/macbook/Octo/static_analysis_codeql_1/codeql-kotlin.db/trap/java/classes/org/apache/jena/sparql/expr/ExprFunction1.members/ExprFunction1.members#65.0-1777774446000-kotlin.trap.gz" }
{ "origin": "CodeQL Kotlin extractor", "timestamp": "2026-09-27 14:18:04", "kind": "INFO", "message": "Will write TRAP file /Users/macbook/Octo/static_analysis_codeql_1/codeql-kotlin.db/trap/java/classes/org/apache/jena/sparql/expr/ExprFunction2.members/ExprFunction2.members#65.0-1777774446000-kotlin.trap.gz" }
{ "origin": "CodeQL Kotlin extractor", "timestamp": "2026-09-27 14:18:04", "kind": "INFO", "message": "Finished writing TRAP file /Users/macbook/Octo/static_analysis_codeql_1/codeql-kotlin.db/trap/java/classes/org/apache/jena/sparql/expr/ExprFunction2.members/ExprFunction2.members#65.0-1777774446000-kotlin.trap.gz" }
{ "origin": "CodeQL Kotlin extractor", "timestamp": "2026-09-27 14:18:04", "kind": "INFO", "message": "Will write TRAP file /Users/macbook/Octo/static_analysis_codeql_1/codeql-kotlin.db/trap/java/classes/org/apache/jena/sparql/expr/ExprFunction3.members/ExprFunction3.members#65.0-1777774446000-kotlin.trap.gz" }
{ "origin": "CodeQL Kotlin extractor", "timestamp": "2026-09-27 14:18:04", "kind": "INFO", "message": "Finished writing TRAP file /Users/macbook/Octo/static_analysis_codeql_1/codeql-kotlin.db/trap/java/classes/org/apache/jena/sparql/expr/ExprFunction3.members/ExprFunction3.members#65.0-1777774446000-kotlin.trap.gz" }
{ "origin": "CodeQL Kotlin extractor", "timestamp": "2026-09-27 14:18:04", "kind": "INFO", "message": "Will write TRAP file /Users/macbook/Octo/static_analysis_codeql_1/codeql-kotlin.db/trap/java/classes/org/apache/jena/sparql/expr/ExprFunctionN.members/ExprFunctionN.members#65.0-1777774446000-kotlin.trap.gz" }
{ "origin": "CodeQL Kotlin extractor", "timestamp": "2026-09-27 14:18:04", "kind": "INFO", "message": "Finished writing TRAP file /Users/macbook/Octo/static_analysis_codeql_1/codeql-kotlin.db/trap/java/classes/org/apache/jena/sparql/expr/ExprFunctionN.members/ExprFunctionN.members#65.0-1777774446000-kotlin.trap.gz" }
{ "origin": "CodeQL Kotlin extractor", "timestamp": "2026-09-27 14:18:04", "kind": "INFO", "message": "Will write TRAP file /Users/macbook/Octo/static_analysis_codeql_1/codeql-kotlin.db/trap/java/classes/org/apache/jena/sparql/expr/ExprFunctionOp.members/ExprFunctionOp.members#65.0-1777774446000-kotlin.trap.gz" }
{ "origin": "CodeQL Kotlin extractor", "timestamp": "2026-09-27 14:18:04", "kind": "INFO", "message": "Finished writing TRAP file /Users/macbook/Octo/static_analysis_codeql_1/codeql-kotlin.db/trap/java/classes/org/apache/jena/sparql/expr/ExprFunctionOp.members/ExprFunctionOp.members#65.0-1777774446000-kotlin.trap.gz" }
{ "origin": "CodeQL Kotlin extractor", "timestamp": "2026-09-27 14:18:04", "kind": "INFO", "message": "Will write TRAP file /Users/macbook/Octo/static_analysis_codeql_1/codeql-kotlin.db/trap/java/classes/org/apache/jena/sparql/expr/ExprTripleTerm.members/ExprTripleTerm.members#65.0-1777774446000-kotlin.trap.gz" }
{ "origin": "CodeQL Kotlin extractor", "timestamp": "2026-09-27 14:18:04", "kind": "INFO", "message": "Finished writing TRAP file /Users/macbook/Octo/static_analysis_codeql_1/codeql-kotlin.db/trap/java/classes/org/apache/jena/sparql/expr/ExprTripleTerm.members/ExprTripleTerm.members#65.0-1777774446000-kotlin.trap.gz" }
{ "origin": "CodeQL Kotlin extractor", "timestamp": "2026-09-27 14:18:04", "kind": "INFO", "message": "Will write TRAP file /Users/macbook/Octo/static_analysis_codeql_1/codeql-kotlin.db/trap/java/classes/org/apache/jena/sparql/expr/ExprNone.members/ExprNone.members#65.0-1777774446000-kotlin.trap.gz" }
{ "origin": "CodeQL Kotlin extractor", "timestamp": "2026-09-27 14:18:04", "kind": "INFO", "message": "Finished writing TRAP file /Users/macbook/Octo/static_analysis_codeql_1/codeql-kotlin.db/trap/java/classes/org/apache/jena/sparql/expr/ExprNone.members/ExprNone.members#65.0-1777774446000-kotlin.trap.gz" }
{ "origin": "CodeQL Kotlin extractor", "timestamp": "2026-09-27 14:18:04", "kind": "INFO", "message": "Will write TRAP file /Users/macbook/Octo/static_analysis_codeql_1/codeql-kotlin.db/trap/java/classes/org/apache/jena/sparql/expr/nodevalue/NodeValueBoolean.members/NodeValueBoolean.members#65.0-1777774446000-kotlin.trap.gz" }
{ "origin": "CodeQL Kotlin extractor", "timestamp": "2026-09-27 14:18:04", "kind": "INFO", "message": "Finished writing TRAP file /Users/macbook/Octo/static_analysis_codeql_1/codeql-kotlin.db/trap/java/classes/org/apache/jena/sparql/expr/nodevalue/NodeValueBoolean.members/NodeValueBoolean.members#65.0-1777774446000-kotlin.trap.gz" }
{ "origin": "CodeQL Kotlin extractor", "timestamp": "2026-09-27 14:18:04", "kind": "INFO", "message": "Will write TRAP file /Users/macbook/Octo/static_analysis_codeql_1/codeql-kotlin.db/trap/java/classes/org/apache/jena/sparql/expr/nodevalue/NodeValueDecimal.members/NodeValueDecimal.members#65.0-1777774446000-kotlin.trap.gz" }
{ "origin": "CodeQL Kotlin extractor", "timestamp": "2026-09-27 14:18:04", "kind": "INFO", "message": "Finished writing TRAP file /Users/macbook/Octo/static_analysis_codeql_1/codeql-kotlin.db/trap/java/classes/org/apache/jena/sparql/expr/nodevalue/NodeValueDecimal.members/NodeValueDecimal.members#65.0-1777774446000-kotlin.trap.gz" }
{ "origin": "CodeQL Kotlin extractor", "timestamp": "2026-09-27 14:18:04", "kind": "INFO", "message": "Will write TRAP file /Users/macbook/Octo/static_analysis_codeql_1/codeql-kotlin.db/trap/java/classes/org/apache/jena/sparql/expr/nodevalue/NodeValueDouble.members/NodeValueDouble.members#65.0-1777774446000-kotlin.trap.gz" }
{ "origin": "CodeQL Kotlin extractor", "timestamp": "2026-09-27 14:18:04", "kind": "INFO", "message": "Finished writing TRAP file /Users/macbook/Octo/static_analysis_codeql_1/codeql-kotlin.db/trap/java/classes/org/apache/jena/sparql/expr/nodevalue/NodeValueDouble.members/NodeValueDouble.members#65.0-1777774446000-kotlin.trap.gz" }
{ "origin": "CodeQL Kotlin extractor", "timestamp": "2026-09-27 14:18:04", "kind": "INFO", "message": "Will write TRAP file /Users/macbook/Octo/static_analysis_codeql_1/codeql-kotlin.db/trap/java/classes/org/apache/jena/sparql/expr/nodevalue/NodeValueFloat.members/NodeValueFloat.members#65.0-1777774446000-kotlin.trap.gz" }
{ "origin": "CodeQL Kotlin extractor", "timestamp": "2026-09-27 14:18:04", "kind": "INFO", "message": "Finished writing TRAP file /Users/macbook/Octo/static_analysis_codeql_1/codeql-kotlin.db/trap/java/classes/org/apache/jena/sparql/expr/nodevalue/NodeValueFloat.members/NodeValueFloat.members#65.0-1777774446000-kotlin.trap.gz" }
{ "origin": "CodeQL Kotlin extractor", "timestamp": "2026-09-27 14:18:04", "kind": "INFO", "message": "Will write TRAP file /Users/macbook/Octo/static_analysis_codeql_1/codeql-kotlin.db/trap/java/classes/org/apache/jena/sparql/expr/nodevalue/NodeValueInteger.members/NodeValueInteger.members#65.0-1777774446000-kotlin.trap.gz" }
{ "origin": "CodeQL Kotlin extractor", "timestamp": "2026-09-27 14:18:04", "kind": "INFO", "message": "Finished writing TRAP file /Users/macbook/Octo/static_analysis_codeql_1/codeql-kotlin.db/trap/java/classes/org/apache/jena/sparql/expr/nodevalue/NodeValueInteger.members/NodeValueInteger.members#65.0-1777774446000-kotlin.trap.gz" }
{ "origin": "CodeQL Kotlin extractor", "timestamp": "2026-09-27 14:18:04", "kind": "INFO", "message": "Will write TRAP file /Users/macbook/Octo/static_analysis_codeql_1/codeql-kotlin.db/trap/java/classes/org/apache/jena/sparql/expr/nodevalue/NodeValueNode.members/NodeValueNode.members#65.0-1777774446000-kotlin.trap.gz" }
{ "origin": "CodeQL Kotlin extractor", "timestamp": "2026-09-27 14:18:04", "kind": "INFO", "message": "Finished writing TRAP file /Users/macbook/Octo/static_analysis_codeql_1/codeql-kotlin.db/trap/java/classes/org/apache/jena/sparql/expr/nodevalue/NodeValueNode.members/NodeValueNode.members#65.0-1777774446000-kotlin.trap.gz" }
{ "origin": "CodeQL Kotlin extractor", "timestamp": "2026-09-27 14:18:04", "kind": "INFO", "message": "Will write TRAP file /Users/macbook/Octo/static_analysis_codeql_1/codeql-kotlin.db/trap/java/classes/org/apache/jena/sparql/expr/nodevalue/NodeValueLang.members/NodeValueLang.members#65.0-1777774446000-kotlin.trap.gz" }
{ "origin": "CodeQL Kotlin extractor", "timestamp": "2026-09-27 14:18:05", "kind": "INFO", "message": "Finished writing TRAP file /Users/macbook/Octo/static_analysis_codeql_1/codeql-kotlin.db/trap/java/classes/org/apache/jena/sparql/expr/nodevalue/NodeValueLang.members/NodeValueLang.members#65.0-1777774446000-kotlin.trap.gz" }
{ "origin": "CodeQL Kotlin extractor", "timestamp": "2026-09-27 14:18:05", "kind": "INFO", "message": "Will write TRAP file /Users/macbook/Octo/static_analysis_codeql_1/codeql-kotlin.db/trap/java/classes/org/apache/jena/sparql/expr/nodevalue/NodeValueLangDir.members/NodeValueLangDir.members#65.0-1777774446000-kotlin.trap.gz" }
{ "origin": "CodeQL Kotlin extractor", "timestamp": "2026-09-27 14:18:05", "kind": "INFO", "message": "Finished writing TRAP file /Users/macbook/Octo/static_analysis_codeql_1/codeql-kotlin.db/trap/java/classes/org/apache/jena/sparql/expr/nodevalue/NodeValueLangDir.members/NodeValueLangDir.members#65.0-1777774446000-kotlin.trap.gz" }
{ "origin": "CodeQL Kotlin extractor", "timestamp": "2026-09-27 14:18:05", "kind": "INFO", "message": "Will write TRAP file /Users/macbook/Octo/static_analysis_codeql_1/codeql-kotlin.db/trap/java/classes/org/apache/jena/sparql/expr/nodevalue/NodeValueString.members/NodeValueString.members#65.0-1777774446000-kotlin.trap.gz" }
{ "origin": "CodeQL Kotlin extractor", "timestamp": "2026-09-27 14:18:05", "kind": "INFO", "message": "Finished writing TRAP file /Users/macbook/Octo/static_analysis_codeql_1/codeql-kotlin.db/trap/java/classes/org/apache/jena/sparql/expr/nodevalue/NodeValueString.members/NodeValueString.members#65.0-1777774446000-kotlin.trap.gz" }
{ "origin": "CodeQL Kotlin extractor", "timestamp": "2026-09-27 14:18:05", "kind": "INFO", "message": "Will write TRAP file /Users/macbook/Octo/static_analysis_codeql_1/codeql-kotlin.db/trap/java/classes/org/apache/jena/sparql/expr/nodevalue/NodeValueDateTime.members/NodeValueDateTime.members#65.0-1777774446000-kotlin.trap.gz" }
{ "origin": "CodeQL Kotlin extractor", "timestamp": "2026-09-27 14:18:05", "kind": "INFO", "message": "Finished writing TRAP file /Users/macbook/Octo/static_analysis_codeql_1/codeql-kotlin.db/trap/java/classes/org/apache/jena/sparql/expr/nodevalue/NodeValueDateTime.members/NodeValueDateTime.members#65.0-1777774446000-kotlin.trap.gz" }
{ "origin": "CodeQL Kotlin extractor", "timestamp": "2026-09-27 14:18:05", "kind": "INFO", "message": "Will write TRAP file /Users/macbook/Octo/static_analysis_codeql_1/codeql-kotlin.db/trap/java/classes/org/apache/jena/sparql/expr/nodevalue/NodeValueDuration.members/NodeValueDuration.members#65.0-1777774446000-kotlin.trap.gz" }
{ "origin": "CodeQL Kotlin extractor", "timestamp": "2026-09-27 14:18:05", "kind": "INFO", "message": "Finished writing TRAP file /Users/macbook/Octo/static_analysis_codeql_1/codeql-kotlin.db/trap/java/classes/org/apache/jena/sparql/expr/nodevalue/NodeValueDuration.members/NodeValueDuration.members#65.0-1777774446000-kotlin.trap.gz" }
{ "origin": "CodeQL Kotlin extractor", "timestamp": "2026-09-27 14:18:05", "kind": "INFO", "message": "Will write TRAP file /Users/macbook/Octo/static_analysis_codeql_1/codeql-kotlin.db/trap/java/classes/org/apache/jena/sparql/util/NodeToLabelMap.members/NodeToLabelMap.members#65.0-1777774446000-kotlin.trap.gz" }
{ "origin": "CodeQL Kotlin extractor", "timestamp": "2026-09-27 14:18:05", "kind": "INFO", "message": "Finished writing TRAP file /Users/macbook/Octo/static_analysis_codeql_1/codeql-kotlin.db/trap/java/classes/org/apache/jena/sparql/util/NodeToLabelMap.members/NodeToLabelMap.members#65.0-1777774446000-kotlin.trap.gz" }
{ "origin": "CodeQL Kotlin extractor", "timestamp": "2026-09-27 14:18:05", "kind": "INFO", "message": "Will write TRAP file /Users/macbook/Octo/static_analysis_codeql_1/codeql-kotlin.db/trap/java/classes/org/apache/jena/sparql/expr/ExprList.members/ExprList.members#65.0-1777774446000-kotlin.trap.gz" }
{ "origin": "CodeQL Kotlin extractor", "timestamp": "2026-09-27 14:18:05", "kind": "INFO", "message": "Finished writing TRAP file /Users/macbook/Octo/static_analysis_codeql_1/codeql-kotlin.db/trap/java/classes/org/apache/jena/sparql/expr/ExprList.members/ExprList.members#65.0-1777774446000-kotlin.trap.gz" }
{ "origin": "CodeQL Kotlin extractor", "timestamp": "2026-09-27 14:18:05", "kind": "INFO", "message": "Will write TRAP file /Users/macbook/Octo/static_analysis_codeql_1/codeql-kotlin.db/trap/java/classes/org/apache/jena/sparql/algebra/Op.members/Op.members#65.0-1777774446000-kotlin.trap.gz" }
{ "origin": "CodeQL Kotlin extractor", "timestamp": "2026-09-27 14:18:05", "kind": "INFO", "message": "Finished writing TRAP file /Users/macbook/Octo/static_analysis_codeql_1/codeql-kotlin.db/trap/java/classes/org/apache/jena/sparql/algebra/Op.members/Op.members#65.0-1777774446000-kotlin.trap.gz" }
{ "origin": "CodeQL Kotlin extractor", "timestamp": "2026-09-27 14:18:05", "kind": "INFO", "message": "Will write TRAP file /Users/macbook/Octo/static_analysis_codeql_1/codeql-kotlin.db/trap/java/classes/org/apache/jena/query/QueryException.members/QueryException.members#65.0-1777774446000-kotlin.trap.gz" }
{ "origin": "CodeQL Kotlin extractor", "timestamp": "2026-09-27 14:18:05", "kind": "INFO", "message": "Finished writing TRAP file /Users/macbook/Octo/static_analysis_codeql_1/codeql-kotlin.db/trap/java/classes/org/apache/jena/query/QueryException.members/QueryException.members#65.0-1777774446000-kotlin.trap.gz" }
{ "origin": "CodeQL Kotlin extractor", "timestamp": "2026-09-27 14:18:05", "kind": "INFO", "message": "Will write TRAP file /Users/macbook/Octo/static_analysis_codeql_1/codeql-kotlin.db/trap/java/classes/org/apache/jena/shacl/validation/event/AbstractFocusNodeValidationEvent.members/AbstractFocusNodeValidationEvent.members#65.0-1777774446000-kotlin.trap.gz" }
{ "origin": "CodeQL Kotlin extractor", "timestamp": "2026-09-27 14:18:05", "kind": "INFO", "message": "Finished writing TRAP file /Users/macbook/Octo/static_analysis_codeql_1/codeql-kotlin.db/trap/java/classes/org/apache/jena/shacl/validation/event/AbstractFocusNodeValidationEvent.members/AbstractFocusNodeValidationEvent.members#65.0-1777774446000-kotlin.trap.gz" }
{ "origin": "CodeQL Kotlin extractor", "timestamp": "2026-09-27 14:18:05", "kind": "INFO", "message": "Will write TRAP file /Users/macbook/Octo/static_analysis_codeql_1/codeql-kotlin.db/trap/java/classes/org/apache/jena/shacl/validation/event/ConstraintEvaluationEvent.members/ConstraintEvaluationEvent.members#65.0-1777774446000-kotlin.trap.gz" }
{ "origin": "CodeQL Kotlin extractor", "timestamp": "2026-09-27 14:18:05", "kind": "INFO", "message": "Finished writing TRAP file /Users/macbook/Octo/static_analysis_codeql_1/codeql-kotlin.db/trap/java/classes/org/apache/jena/shacl/validation/event/ConstraintEvaluationEvent.members/ConstraintEvaluationEvent.members#65.0-1777774446000-kotlin.trap.gz" }
{ "origin": "CodeQL Kotlin extractor", "timestamp": "2026-09-27 14:18:05", "kind": "INFO", "message": "Will write TRAP file /Users/macbook/Octo/static_analysis_codeql_1/codeql-kotlin.db/trap/java/classes/org/apache/jena/shacl/validation/event/ConstraintEvaluatedOnPathNodesEvent.members/ConstraintEvaluatedOnPathNodesEvent.members#65.0-1777774446000-kotlin.trap.gz" }
{ "origin": "CodeQL Kotlin extractor", "timestamp": "2026-09-27 14:18:05", "kind": "INFO", "message": "Finished writing TRAP file /Users/macbook/Octo/static_analysis_codeql_1/codeql-kotlin.db/trap/java/classes/org/apache/jena/shacl/validation/event/ConstraintEvaluatedOnPathNodesEvent.members/ConstraintEvaluatedOnPathNodesEvent.members#65.0-1777774446000-kotlin.trap.gz" }
{ "origin": "CodeQL Kotlin extractor", "timestamp": "2026-09-27 14:18:05", "kind": "INFO", "message": "Will write TRAP file /Users/macbook/Octo/static_analysis_codeql_1/codeql-kotlin.db/trap/java/classes/org/apache/jena/shacl/validation/event/CompareNodesEvent.members/CompareNodesEvent.members#65.0-1777774446000-kotlin.trap.gz" }
{ "origin": "CodeQL Kotlin extractor", "timestamp": "2026-09-27 14:18:05", "kind": "INFO", "message": "Finished writing TRAP file /Users/macbook/Octo/static_analysis_codeql_1/codeql-kotlin.db/trap/java/classes/org/apache/jena/shacl/validation/event/CompareNodesEvent.members/CompareNodesEvent.members#65.0-1777774446000-kotlin.trap.gz" }
{ "origin": "CodeQL Kotlin extractor", "timestamp": "2026-09-27 14:18:05", "kind": "INFO", "message": "Will write TRAP file /Users/macbook/Octo/static_analysis_codeql_1/codeql-kotlin.db/trap/java/classes/org/apache/commons/collections4/MultiSet$Entry.members/MultiSet$Entry.members#52.0-1745045318000-kotlin.trap.gz" }
{ "origin": "CodeQL Kotlin extractor", "timestamp": "2026-09-27 14:18:05", "kind": "INFO", "message": "Finished writing TRAP file /Users/macbook/Octo/static_analysis_codeql_1/codeql-kotlin.db/trap/java/classes/org/apache/commons/collections4/MultiSet$Entry.members/MultiSet$Entry.members#52.0-1745045318000-kotlin.trap.gz" }
{ "origin": "CodeQL Kotlin extractor", "timestamp": "2026-09-27 14:18:05", "kind": "INFO", "message": "Skipping extracting external decl IntFunction" }
{ "origin": "CodeQL Kotlin extractor", "timestamp": "2026-09-27 14:18:05", "kind": "INFO", "message": "Will write TRAP file /Users/macbook/Octo/static_analysis_codeql_1/codeql-kotlin.db/trap/java/classes/org/apache/jena/sparql/algebra/table/TableN.members/TableN.members#65.0-1777774446000-kotlin.trap.gz" }
{ "origin": "CodeQL Kotlin extractor", "timestamp": "2026-09-27 14:18:05", "kind": "INFO", "message": "Finished writing TRAP file /Users/macbook/Octo/static_analysis_codeql_1/codeql-kotlin.db/trap/java/classes/org/apache/jena/sparql/algebra/table/TableN.members/TableN.members#65.0-1777774446000-kotlin.trap.gz" }
{ "origin": "CodeQL Kotlin extractor", "timestamp": "2026-09-27 14:18:05", "kind": "INFO", "message": "Will write TRAP file /Users/macbook/Octo/static_analysis_codeql_1/codeql-kotlin.db/trap/java/classes/org/apache/jena/sparql/modify/request/QuadAcc.members/QuadAcc.members#65.0-1777774446000-kotlin.trap.gz" }
{ "origin": "CodeQL Kotlin extractor", "timestamp": "2026-09-27 14:18:05", "kind": "INFO", "message": "Finished writing TRAP file /Users/macbook/Octo/static_analysis_codeql_1/codeql-kotlin.db/trap/java/classes/org/apache/jena/sparql/modify/request/QuadAcc.members/QuadAcc.members#65.0-1777774446000-kotlin.trap.gz" }
{ "origin": "CodeQL Kotlin extractor", "timestamp": "2026-09-27 14:18:05", "kind": "INFO", "message": "Will write TRAP file /Users/macbook/Octo/static_analysis_codeql_1/codeql-kotlin.db/trap/java/classes/org/apache/jena/sparql/core/BasicPattern.members/BasicPattern.members#65.0-1777774446000-kotlin.trap.gz" }
{ "origin": "CodeQL Kotlin extractor", "timestamp": "2026-09-27 14:18:05", "kind": "INFO", "message": "Finished writing TRAP file /Users/macbook/Octo/static_analysis_codeql_1/codeql-kotlin.db/trap/java/classes/org/apache/jena/sparql/core/BasicPattern.members/BasicPattern.members#65.0-1777774446000-kotlin.trap.gz" }
{ "origin": "CodeQL Kotlin extractor", "timestamp": "2026-09-27 14:18:05", "kind": "INFO", "message": "Will write TRAP file /Users/macbook/Octo/static_analysis_codeql_1/codeql-kotlin.db/trap/java/classes/org/apache/jena/sparql/serializer/FormatterTemplate.members/FormatterTemplate.members#65.0-1777774446000-kotlin.trap.gz" }
{ "origin": "CodeQL Kotlin extractor", "timestamp": "2026-09-27 14:18:05", "kind": "INFO", "message": "Finished writing TRAP file /Users/macbook/Octo/static_analysis_codeql_1/codeql-kotlin.db/trap/java/classes/org/apache/jena/sparql/serializer/FormatterTemplate.members/FormatterTemplate.members#65.0-1777774446000-kotlin.trap.gz" }
{ "origin": "CodeQL Kotlin extractor", "timestamp": "2026-09-27 14:18:05", "kind": "INFO", "message": "Will write TRAP file /Users/macbook/Octo/static_analysis_codeql_1/codeql-kotlin.db/trap/java/classes/org/apache/jena/sparql/util/TranslationTable.members/TranslationTable.members#65.0-1777774446000-kotlin.trap.gz" }
{ "origin": "CodeQL Kotlin extractor", "timestamp": "2026-09-27 14:18:05", "kind": "INFO", "message": "Finished writing TRAP file /Users/macbook/Octo/static_analysis_codeql_1/codeql-kotlin.db/trap/java/classes/org/apache/jena/sparql/util/TranslationTable.members/TranslationTable.members#65.0-1777774446000-kotlin.trap.gz" }
{ "origin": "CodeQL Kotlin extractor", "timestamp": "2026-09-27 14:18:05", "kind": "INFO", "message": "Will write TRAP file /Users/macbook/Octo/static_analysis_codeql_1/codeql-kotlin.db/trap/java/classes/org/apache/jena/sparql/serializer/FmtExprSPARQL.members/FmtExprSPARQL.members#65.0-1777774446000-kotlin.trap.gz" }
{ "origin": "CodeQL Kotlin extractor", "timestamp": "2026-09-27 14:18:05", "kind": "INFO", "message": "Finished writing TRAP file /Users/macbook/Octo/static_analysis_codeql_1/codeql-kotlin.db/trap/java/classes/org/apache/jena/sparql/serializer/FmtExprSPARQL.members/FmtExprSPARQL.members#65.0-1777774446000-kotlin.trap.gz" }
{ "origin": "CodeQL Kotlin extractor", "timestamp": "2026-09-27 14:18:05", "kind": "INFO", "message": "Will write TRAP file /Users/macbook/Octo/static_analysis_codeql_1/codeql-kotlin.db/trap/java/classes/org/apache/jena/sparql/util/PrintSerializableBase.members/PrintSerializableBase.members#65.0-1777774446000-kotlin.trap.gz" }
{ "origin": "CodeQL Kotlin extractor", "timestamp": "2026-09-27 14:18:05", "kind": "INFO", "message": "Finished writing TRAP file /Users/macbook/Octo/static_analysis_codeql_1/codeql-kotlin.db/trap/java/classes/org/apache/jena/sparql/util/PrintSerializableBase.members/PrintSerializableBase.members#65.0-1777774446000-kotlin.trap.gz" }
{ "origin": "CodeQL Kotlin extractor", "timestamp": "2026-09-27 14:18:05", "kind": "INFO", "message": "Will write TRAP file /Users/macbook/Octo/static_analysis_codeql_1/codeql-kotlin.db/trap/java/classes/org/apache/jena/sparql/syntax/ElementVisitor.members/ElementVisitor.members#65.0-1777774446000-kotlin.trap.gz" }
{ "origin": "CodeQL Kotlin extractor", "timestamp": "2026-09-27 14:18:05", "kind": "INFO", "message": "Finished writing TRAP file /Users/macbook/Octo/static_analysis_codeql_1/codeql-kotlin.db/trap/java/classes/org/apache/jena/sparql/syntax/ElementVisitor.members/ElementVisitor.members#65.0-1777774446000-kotlin.trap.gz" }
{ "origin": "CodeQL Kotlin extractor", "timestamp": "2026-09-27 14:18:05", "kind": "INFO", "message": "Will write TRAP file /Users/macbook/Octo/static_analysis_codeql_1/codeql-kotlin.db/trap/java/classes/org/apache/jena/sparql/expr/aggregate/Accumulator.members/Accumulator.members#65.0-1777774446000-kotlin.trap.gz" }
{ "origin": "CodeQL Kotlin extractor", "timestamp": "2026-09-27 14:18:05", "kind": "INFO", "message": "Finished writing TRAP file /Users/macbook/Octo/static_analysis_codeql_1/codeql-kotlin.db/trap/java/classes/org/apache/jena/sparql/expr/aggregate/Accumulator.members/Accumulator.members#65.0-1777774446000-kotlin.trap.gz" }
{ "origin": "CodeQL Kotlin extractor", "timestamp": "2026-09-27 14:18:05", "kind": "INFO", "message": "Will write TRAP file /Users/macbook/Octo/static_analysis_codeql_1/codeql-kotlin.db/trap/java/classes/org/apache/jena/sparql/ARQInternalErrorException.members/ARQInternalErrorException.members#65.0-1777774446000-kotlin.trap.gz" }
{ "origin": "CodeQL Kotlin extractor", "timestamp": "2026-09-27 14:18:05", "kind": "INFO", "message": "Finished writing TRAP file /Users/macbook/Octo/static_analysis_codeql_1/codeql-kotlin.db/trap/java/classes/org/apache/jena/sparql/ARQInternalErrorException.members/ARQInternalErrorException.members#65.0-1777774446000-kotlin.trap.gz" }
{ "origin": "CodeQL Kotlin extractor", "timestamp": "2026-09-27 14:18:05", "kind": "INFO", "message": "Will write TRAP file /Users/macbook/Octo/static_analysis_codeql_1/codeql-kotlin.db/trap/java/classes/org/apache/jena/enhanced/Polymorphic.members/Polymorphic.members#65.0-1777774446000-kotlin.trap.gz" }
{ "origin": "CodeQL Kotlin extractor", "timestamp": "2026-09-27 14:18:05", "kind": "INFO", "message": "Finished writing TRAP file /Users/macbook/Octo/static_analysis_codeql_1/codeql-kotlin.db/trap/java/classes/org/apache/jena/enhanced/Polymorphic.members/Polymorphic.members#65.0-1777774446000-kotlin.trap.gz" }
{ "origin": "CodeQL Kotlin extractor", "timestamp": "2026-09-27 14:18:05", "kind": "INFO", "message": "Will write TRAP file /Users/macbook/Octo/static_analysis_codeql_1/codeql-kotlin.db/trap/java/classes/org/apache/jena/sparql/expr/FunctionLabel.members/FunctionLabel.members#65.0-1777774446000-kotlin.trap.gz" }
{ "origin": "CodeQL Kotlin extractor", "timestamp": "2026-09-27 14:18:05", "kind": "INFO", "message": "Finished writing TRAP file /Users/macbook/Octo/static_analysis_codeql_1/codeql-kotlin.db/trap/java/classes/org/apache/jena/sparql/expr/FunctionLabel.members/FunctionLabel.members#65.0-1777774446000-kotlin.trap.gz" }
{ "origin": "CodeQL Kotlin extractor", "timestamp": "2026-09-27 14:18:05", "kind": "INFO", "message": "Will write TRAP file /Users/macbook/Octo/static_analysis_codeql_1/codeql-kotlin.db/trap/java/classes/org/apache/jena/sparql/util/PrintSerializable.members/PrintSerializable.members#65.0-1777774446000-kotlin.trap.gz" }
{ "origin": "CodeQL Kotlin extractor", "timestamp": "2026-09-27 14:18:05", "kind": "INFO", "message": "Finished writing TRAP file /Users/macbook/Octo/static_analysis_codeql_1/codeql-kotlin.db/trap/java/classes/org/apache/jena/sparql/util/PrintSerializable.members/PrintSerializable.members#65.0-1777774446000-kotlin.trap.gz" }
{ "origin": "CodeQL Kotlin extractor", "timestamp": "2026-09-27 14:18:05", "kind": "INFO", "message": "Will write TRAP file /Users/macbook/Octo/static_analysis_codeql_1/codeql-kotlin.db/trap/java/classes/org/apache/jena/sparql/engine/main/OpExecutor.members/OpExecutor.members#65.0-1777774446000-kotlin.trap.gz" }
{ "origin": "CodeQL Kotlin extractor", "timestamp": "2026-09-27 14:18:05", "kind": "INFO", "message": "Finished writing TRAP file /Users/macbook/Octo/static_analysis_codeql_1/codeql-kotlin.db/trap/java/classes/org/apache/jena/sparql/engine/main/OpExecutor.members/OpExecutor.members#65.0-1777774446000-kotlin.trap.gz" }
{ "origin": "CodeQL Kotlin extractor", "timestamp": "2026-09-27 14:18:05", "kind": "INFO", "message": "Skipping extracting external decl ZonedDateTime" }
{ "origin": "CodeQL Kotlin extractor", "timestamp": "2026-09-27 14:18:05", "kind": "INFO", "message": "Will write TRAP file /Users/macbook/Octo/static_analysis_codeql_1/codeql-kotlin.db/trap/java/classes/javax/xml/datatype/DatatypeConstants.members/DatatypeConstants.members#65.0-1789983753036-kotlin.trap.gz" }
{ "origin": "CodeQL Kotlin extractor", "timestamp": "2026-09-27 14:18:05", "kind": "INFO", "message": "Finished writing TRAP file /Users/macbook/Octo/static_analysis_codeql_1/codeql-kotlin.db/trap/java/classes/javax/xml/datatype/DatatypeConstants.members/DatatypeConstants.members#65.0-1789983753036-kotlin.trap.gz" }
{ "origin": "CodeQL Kotlin extractor", "timestamp": "2026-09-27 14:18:05", "kind": "INFO", "message": "Will write TRAP file /Users/macbook/Octo/static_analysis_codeql_1/codeql-kotlin.db/trap/java/classes/org/apache/jena/sparql/algebra/OpVisitor.members/OpVisitor.members#65.0-1777774446000-kotlin.trap.gz" }
{ "origin": "CodeQL Kotlin extractor", "timestamp": "2026-09-27 14:18:05", "kind": "INFO", "message": "Finished writing TRAP file /Users/macbook/Octo/static_analysis_codeql_1/codeql-kotlin.db/trap/java/classes/org/apache/jena/sparql/algebra/OpVisitor.members/OpVisitor.members#65.0-1777774446000-kotlin.trap.gz" }
{ "origin": "CodeQL Kotlin extractor", "timestamp": "2026-09-27 14:18:05", "kind": "INFO", "message": "Will write TRAP file /Users/macbook/Octo/static_analysis_codeql_1/codeql-kotlin.db/trap/java/classes/org/apache/jena/sparql/util/Named.members/Named.members#65.0-1777774446000-kotlin.trap.gz" }
{ "origin": "CodeQL Kotlin extractor", "timestamp": "2026-09-27 14:18:05", "kind": "INFO", "message": "Finished writing TRAP file /Users/macbook/Octo/static_analysis_codeql_1/codeql-kotlin.db/trap/java/classes/org/apache/jena/sparql/util/Named.members/Named.members#65.0-1777774446000-kotlin.trap.gz" }
{ "origin": "CodeQL Kotlin extractor", "timestamp": "2026-09-27 14:18:05", "kind": "INFO", "message": "Will write TRAP file /Users/macbook/Octo/static_analysis_codeql_1/codeql-kotlin.db/trap/java/classes/org/apache/jena/sparql/ARQException.members/ARQException.members#65.0-1777774446000-kotlin.trap.gz" }
{ "origin": "CodeQL Kotlin extractor", "timestamp": "2026-09-27 14:18:05", "kind": "INFO", "message": "Finished writing TRAP file /Users/macbook/Octo/static_analysis_codeql_1/codeql-kotlin.db/trap/java/classes/org/apache/jena/sparql/ARQException.members/ARQException.members#65.0-1777774446000-kotlin.trap.gz" }
{ "origin": "CodeQL Kotlin extractor", "timestamp": "2026-09-27 14:18:05", "kind": "INFO", "message": "Will write TRAP file /Users/macbook/Octo/static_analysis_codeql_1/codeql-kotlin.db/trap/java/classes/org/apache/jena/shacl/validation/event/AbstractShapeValidationEvent.members/AbstractShapeValidationEvent.members#65.0-1777774446000-kotlin.trap.gz" }
{ "origin": "CodeQL Kotlin extractor", "timestamp": "2026-09-27 14:18:05", "kind": "INFO", "message": "Finished writing TRAP file /Users/macbook/Octo/static_analysis_codeql_1/codeql-kotlin.db/trap/java/classes/org/apache/jena/shacl/validation/event/AbstractShapeValidationEvent.members/AbstractShapeValidationEvent.members#65.0-1777774446000-kotlin.trap.gz" }
{ "origin": "CodeQL Kotlin extractor", "timestamp": "2026-09-27 14:18:05", "kind": "INFO", "message": "Will write TRAP file /Users/macbook/Octo/static_analysis_codeql_1/codeql-kotlin.db/trap/java/classes/org/apache/jena/shacl/validation/event/FocusNodeValidationEvent.members/FocusNodeValidationEvent.members#65.0-1777774446000-kotlin.trap.gz" }
{ "origin": "CodeQL Kotlin extractor", "timestamp": "2026-09-27 14:18:05", "kind": "INFO", "message": "Finished writing TRAP file /Users/macbook/Octo/static_analysis_codeql_1/codeql-kotlin.db/trap/java/classes/org/apache/jena/shacl/validation/event/FocusNodeValidationEvent.members/FocusNodeValidationEvent.members#65.0-1777774446000-kotlin.trap.gz" }
{ "origin": "CodeQL Kotlin extractor", "timestamp": "2026-09-27 14:18:05", "kind": "INFO", "message": "Will write TRAP file /Users/macbook/Octo/static_analysis_codeql_1/codeql-kotlin.db/trap/java/classes/org/apache/jena/shacl/validation/event/AbstractConstraintEvaluationOnPathNodesEvent.members/AbstractConstraintEvaluationOnPathNodesEvent.members#65.0-1777774446000-kotlin.trap.gz" }
{ "origin": "CodeQL Kotlin extractor", "timestamp": "2026-09-27 14:18:05", "kind": "INFO", "message": "Finished writing TRAP file /Users/macbook/Octo/static_analysis_codeql_1/codeql-kotlin.db/trap/java/classes/org/apache/jena/shacl/validation/event/AbstractConstraintEvaluationOnPathNodesEvent.members/AbstractConstraintEvaluationOnPathNodesEvent.members#65.0-1777774446000-kotlin.trap.gz" }
{ "origin": "CodeQL Kotlin extractor", "timestamp": "2026-09-27 14:18:05", "kind": "INFO", "message": "Will write TRAP file /Users/macbook/Octo/static_analysis_codeql_1/codeql-kotlin.db/trap/java/classes/org/apache/jena/shacl/validation/event/ConstraintEvaluatedEvent.members/ConstraintEvaluatedEvent.members#65.0-1777774446000-kotlin.trap.gz" }
{ "origin": "CodeQL Kotlin extractor", "timestamp": "2026-09-27 14:18:05", "kind": "INFO", "message": "Finished writing TRAP file /Users/macbook/Octo/static_analysis_codeql_1/codeql-kotlin.db/trap/java/classes/org/apache/jena/shacl/validation/event/ConstraintEvaluatedEvent.members/ConstraintEvaluatedEvent.members#65.0-1777774446000-kotlin.trap.gz" }
{ "origin": "CodeQL Kotlin extractor", "timestamp": "2026-09-27 14:18:05", "kind": "INFO", "message": "Will write TRAP file /Users/macbook/Octo/static_analysis_codeql_1/codeql-kotlin.db/trap/java/classes/org/apache/jena/sparql/algebra/table/TableBase.members/TableBase.members#65.0-1777774446000-kotlin.trap.gz" }
{ "origin": "CodeQL Kotlin extractor", "timestamp": "2026-09-27 14:18:05", "kind": "INFO", "message": "Finished writing TRAP file /Users/macbook/Octo/static_analysis_codeql_1/codeql-kotlin.db/trap/java/classes/org/apache/jena/sparql/algebra/table/TableBase.members/TableBase.members#65.0-1777774446000-kotlin.trap.gz" }
{ "origin": "CodeQL Kotlin extractor", "timestamp": "2026-09-27 14:18:05", "kind": "INFO", "message": "Will write TRAP file /Users/macbook/Octo/static_analysis_codeql_1/codeql-kotlin.db/trap/java/classes/org/apache/jena/sparql/modify/request/QuadAccSink.members/QuadAccSink.members#65.0-1777774446000-kotlin.trap.gz" }
{ "origin": "CodeQL Kotlin extractor", "timestamp": "2026-09-27 14:18:05", "kind": "INFO", "message": "Finished writing TRAP file /Users/macbook/Octo/static_analysis_codeql_1/codeql-kotlin.db/trap/java/classes/org/apache/jena/sparql/modify/request/QuadAccSink.members/QuadAccSink.members#65.0-1777774446000-kotlin.trap.gz" }
{ "origin": "CodeQL Kotlin extractor", "timestamp": "2026-09-27 14:18:05", "kind": "INFO", "message": "Will write TRAP file /Users/macbook/Octo/static_analysis_codeql_1/codeql-kotlin.db/trap/java/classes/org/apache/jena/sparql/serializer/FmtExprSPARQL$FmtExprARQVisitor.members/FmtExprSPARQL$FmtExprARQVisitor.members#65.0-1777774446000-kotlin.trap.gz" }
{ "origin": "CodeQL Kotlin extractor", "timestamp": "2026-09-27 14:18:05", "kind": "INFO", "message": "Finished writing TRAP file /Users/macbook/Octo/static_analysis_codeql_1/codeql-kotlin.db/trap/java/classes/org/apache/jena/sparql/serializer/FmtExprSPARQL$FmtExprARQVisitor.members/FmtExprSPARQL$FmtExprARQVisitor.members#65.0-1777774446000-kotlin.trap.gz" }
{ "origin": "CodeQL Kotlin extractor", "timestamp": "2026-09-27 14:18:05", "kind": "INFO", "message": "Will write TRAP file /Users/macbook/Octo/static_analysis_codeql_1/codeql-kotlin.db/trap/java/classes/org/apache/jena/sparql/syntax/ElementTriplesBlock.members/ElementTriplesBlock.members#65.0-1777774446000-kotlin.trap.gz" }
{ "origin": "CodeQL Kotlin extractor", "timestamp": "2026-09-27 14:18:05", "kind": "INFO", "message": "Finished writing TRAP file /Users/macbook/Octo/static_analysis_codeql_1/codeql-kotlin.db/trap/java/classes/org/apache/jena/sparql/syntax/ElementTriplesBlock.members/ElementTriplesBlock.members#65.0-1777774446000-kotlin.trap.gz" }
{ "origin": "CodeQL Kotlin extractor", "timestamp": "2026-09-27 14:18:05", "kind": "INFO", "message": "Will write TRAP file /Users/macbook/Octo/static_analysis_codeql_1/codeql-kotlin.db/trap/java/classes/org/apache/jena/sparql/syntax/ElementPathBlock.members/ElementPathBlock.members#65.0-1777774446000-kotlin.trap.gz" }
{ "origin": "CodeQL Kotlin extractor", "timestamp": "2026-09-27 14:18:05", "kind": "INFO", "message": "Finished writing TRAP file /Users/macbook/Octo/static_analysis_codeql_1/codeql-kotlin.db/trap/java/classes/org/apache/jena/sparql/syntax/ElementPathBlock.members/ElementPathBlock.members#65.0-1777774446000-kotlin.trap.gz" }
{ "origin": "CodeQL Kotlin extractor", "timestamp": "2026-09-27 14:18:05", "kind": "INFO", "message": "Will write TRAP file /Users/macbook/Octo/static_analysis_codeql_1/codeql-kotlin.db/trap/java/classes/org/apache/jena/sparql/syntax/ElementFilter.members/ElementFilter.members#65.0-1777774446000-kotlin.trap.gz" }
{ "origin": "CodeQL Kotlin extractor", "timestamp": "2026-09-27 14:18:05", "kind": "INFO", "message": "Finished writing TRAP file /Users/macbook/Octo/static_analysis_codeql_1/codeql-kotlin.db/trap/java/classes/org/apache/jena/sparql/syntax/ElementFilter.members/ElementFilter.members#65.0-1777774446000-kotlin.trap.gz" }
{ "origin": "CodeQL Kotlin extractor", "timestamp": "2026-09-27 14:18:05", "kind": "INFO", "message": "Will write TRAP file /Users/macbook/Octo/static_analysis_codeql_1/codeql-kotlin.db/trap/java/classes/org/apache/jena/sparql/syntax/ElementAssign.members/ElementAssign.members#65.0-1777774446000-kotlin.trap.gz" }
{ "origin": "CodeQL Kotlin extractor", "timestamp": "2026-09-27 14:18:05", "kind": "INFO", "message": "Finished writing TRAP file /Users/macbook/Octo/static_analysis_codeql_1/codeql-kotlin.db/trap/java/classes/org/apache/jena/sparql/syntax/ElementAssign.members/ElementAssign.members#65.0-1777774446000-kotlin.trap.gz" }
{ "origin": "CodeQL Kotlin extractor", "timestamp": "2026-09-27 14:18:05", "kind": "INFO", "message": "Will write TRAP file /Users/macbook/Octo/static_analysis_codeql_1/codeql-kotlin.db/trap/java/classes/org/apache/jena/sparql/syntax/ElementBind.members/ElementBind.members#65.0-1777774446000-kotlin.trap.gz" }
{ "origin": "CodeQL Kotlin extractor", "timestamp": "2026-09-27 14:18:05", "kind": "INFO", "message": "Finished writing TRAP file /Users/macbook/Octo/static_analysis_codeql_1/codeql-kotlin.db/trap/java/classes/org/apache/jena/sparql/syntax/ElementBind.members/ElementBind.members#65.0-1777774446000-kotlin.trap.gz" }
{ "origin": "CodeQL Kotlin extractor", "timestamp": "2026-09-27 14:18:05", "kind": "INFO", "message": "Will write TRAP file /Users/macbook/Octo/static_analysis_codeql_1/codeql-kotlin.db/trap/java/classes/org/apache/jena/sparql/syntax/ElementUnfold.members/ElementUnfold.members#65.0-1777774446000-kotlin.trap.gz" }
{ "origin": "CodeQL Kotlin extractor", "timestamp": "2026-09-27 14:18:05", "kind": "INFO", "message": "Finished writing TRAP file /Users/macbook/Octo/static_analysis_codeql_1/codeql-kotlin.db/trap/java/classes/org/apache/jena/sparql/syntax/ElementUnfold.members/ElementUnfold.members#65.0-1777774446000-kotlin.trap.gz" }
{ "origin": "CodeQL Kotlin extractor", "timestamp": "2026-09-27 14:18:05", "kind": "INFO", "message": "Will write TRAP file /Users/macbook/Octo/static_analysis_codeql_1/codeql-kotlin.db/trap/java/classes/org/apache/jena/sparql/syntax/ElementData.members/ElementData.members#65.0-1777774446000-kotlin.trap.gz" }
{ "origin": "CodeQL Kotlin extractor", "timestamp": "2026-09-27 14:18:05", "kind": "INFO", "message": "Finished writing TRAP file /Users/macbook/Octo/static_analysis_codeql_1/codeql-kotlin.db/trap/java/classes/org/apache/jena/sparql/syntax/ElementData.members/ElementData.members#65.0-1777774446000-kotlin.trap.gz" }
{ "origin": "CodeQL Kotlin extractor", "timestamp": "2026-09-27 14:18:05", "kind": "INFO", "message": "Will write TRAP file /Users/macbook/Octo/static_analysis_codeql_1/codeql-kotlin.db/trap/java/classes/org/apache/jena/sparql/syntax/ElementUnion.members/ElementUnion.members#65.0-1777774446000-kotlin.trap.gz" }
{ "origin": "CodeQL Kotlin extractor", "timestamp": "2026-09-27 14:18:05", "kind": "INFO", "message": "Finished writing TRAP file /Users/macbook/Octo/static_analysis_codeql_1/codeql-kotlin.db/trap/java/classes/org/apache/jena/sparql/syntax/ElementUnion.members/ElementUnion.members#65.0-1777774446000-kotlin.trap.gz" }
{ "origin": "CodeQL Kotlin extractor", "timestamp": "2026-09-27 14:18:05", "kind": "INFO", "message": "Will write TRAP file /Users/macbook/Octo/static_analysis_codeql_1/codeql-kotlin.db/trap/java/classes/org/apache/jena/sparql/syntax/ElementOptional.members/ElementOptional.members#65.0-1777774446000-kotlin.trap.gz" }
{ "origin": "CodeQL Kotlin extractor", "timestamp": "2026-09-27 14:18:05", "kind": "INFO", "message": "Finished writing TRAP file /Users/macbook/Octo/static_analysis_codeql_1/codeql-kotlin.db/trap/java/classes/org/apache/jena/sparql/syntax/ElementOptional.members/ElementOptional.members#65.0-1777774446000-kotlin.trap.gz" }
{ "origin": "CodeQL Kotlin extractor", "timestamp": "2026-09-27 14:18:05", "kind": "INFO", "message": "Will write TRAP file /Users/macbook/Octo/static_analysis_codeql_1/codeql-kotlin.db/trap/java/classes/org/apache/jena/sparql/syntax/ElementLateral.members/ElementLateral.members#65.0-1777774446000-kotlin.trap.gz" }
{ "origin": "CodeQL Kotlin extractor", "timestamp": "2026-09-27 14:18:05", "kind": "INFO", "message": "Finished writing TRAP file /Users/macbook/Octo/static_analysis_codeql_1/codeql-kotlin.db/trap/java/classes/org/apache/jena/sparql/syntax/ElementLateral.members/ElementLateral.members#65.0-1777774446000-kotlin.trap.gz" }
{ "origin": "CodeQL Kotlin extractor", "timestamp": "2026-09-27 14:18:05", "kind": "INFO", "message": "Will write TRAP file /Users/macbook/Octo/static_analysis_codeql_1/codeql-kotlin.db/trap/java/classes/org/apache/jena/sparql/syntax/ElementSemiJoin.members/ElementSemiJoin.members#65.0-1777774446000-kotlin.trap.gz" }
{ "origin": "CodeQL Kotlin extractor", "timestamp": "2026-09-27 14:18:05", "kind": "INFO", "message": "Finished writing TRAP file /Users/macbook/Octo/static_analysis_codeql_1/codeql-kotlin.db/trap/java/classes/org/apache/jena/sparql/syntax/ElementSemiJoin.members/ElementSemiJoin.members#65.0-1777774446000-kotlin.trap.gz" }
{ "origin": "CodeQL Kotlin extractor", "timestamp": "2026-09-27 14:18:05", "kind": "INFO", "message": "Will write TRAP file /Users/macbook/Octo/static_analysis_codeql_1/codeql-kotlin.db/trap/java/classes/org/apache/jena/sparql/syntax/ElementAntiJoin.members/ElementAntiJoin.members#65.0-1777774446000-kotlin.trap.gz" }
{ "origin": "CodeQL Kotlin extractor", "timestamp": "2026-09-27 14:18:05", "kind": "INFO", "message": "Finished writing TRAP file /Users/macbook/Octo/static_analysis_codeql_1/codeql-kotlin.db/trap/java/classes/org/apache/jena/sparql/syntax/ElementAntiJoin.members/ElementAntiJoin.members#65.0-1777774446000-kotlin.trap.gz" }
{ "origin": "CodeQL Kotlin extractor", "timestamp": "2026-09-27 14:18:05", "kind": "INFO", "message": "Will write TRAP file /Users/macbook/Octo/static_analysis_codeql_1/codeql-kotlin.db/trap/java/classes/org/apache/jena/sparql/syntax/ElementGroup.members/ElementGroup.members#65.0-1777774446000-kotlin.trap.gz" }
{ "origin": "CodeQL Kotlin extractor", "timestamp": "2026-09-27 14:18:05", "kind": "INFO", "message": "Finished writing TRAP file /Users/macbook/Octo/static_analysis_codeql_1/codeql-kotlin.db/trap/java/classes/org/apache/jena/sparql/syntax/ElementGroup.members/ElementGroup.members#65.0-1777774446000-kotlin.trap.gz" }
{ "origin": "CodeQL Kotlin extractor", "timestamp": "2026-09-27 14:18:05", "kind": "INFO", "message": "Will write TRAP file /Users/macbook/Octo/static_analysis_codeql_1/codeql-kotlin.db/trap/java/classes/org/apache/jena/sparql/syntax/ElementDataset.members/ElementDataset.members#65.0-1777774446000-kotlin.trap.gz" }
{ "origin": "CodeQL Kotlin extractor", "timestamp": "2026-09-27 14:18:05", "kind": "INFO", "message": "Finished writing TRAP file /Users/macbook/Octo/static_analysis_codeql_1/codeql-kotlin.db/trap/java/classes/org/apache/jena/sparql/syntax/ElementDataset.members/ElementDataset.members#65.0-1777774446000-kotlin.trap.gz" }
{ "origin": "CodeQL Kotlin extractor", "timestamp": "2026-09-27 14:18:05", "kind": "INFO", "message": "Will write TRAP file /Users/macbook/Octo/static_analysis_codeql_1/codeql-kotlin.db/trap/java/classes/org/apache/jena/sparql/syntax/ElementNamedGraph.members/ElementNamedGraph.members#65.0-1777774446000-kotlin.trap.gz" }
{ "origin": "CodeQL Kotlin extractor", "timestamp": "2026-09-27 14:18:05", "kind": "INFO", "message": "Finished writing TRAP file /Users/macbook/Octo/static_analysis_codeql_1/codeql-kotlin.db/trap/java/classes/org/apache/jena/sparql/syntax/ElementNamedGraph.members/ElementNamedGraph.members#65.0-1777774446000-kotlin.trap.gz" }
{ "origin": "CodeQL Kotlin extractor", "timestamp": "2026-09-27 14:18:05", "kind": "INFO", "message": "Will write TRAP file /Users/macbook/Octo/static_analysis_codeql_1/codeql-kotlin.db/trap/java/classes/org/apache/jena/sparql/syntax/ElementExists.members/ElementExists.members#65.0-1777774446000-kotlin.trap.gz" }
{ "origin": "CodeQL Kotlin extractor", "timestamp": "2026-09-27 14:18:05", "kind": "INFO", "message": "Finished writing TRAP file /Users/macbook/Octo/static_analysis_codeql_1/codeql-kotlin.db/trap/java/classes/org/apache/jena/sparql/syntax/ElementExists.members/ElementExists.members#65.0-1777774446000-kotlin.trap.gz" }
{ "origin": "CodeQL Kotlin extractor", "timestamp": "2026-09-27 14:18:05", "kind": "INFO", "message": "Will write TRAP file /Users/macbook/Octo/static_analysis_codeql_1/codeql-kotlin.db/trap/java/classes/org/apache/jena/sparql/syntax/ElementNotExists.members/ElementNotExists.members#65.0-1777774446000-kotlin.trap.gz" }
{ "origin": "CodeQL Kotlin extractor", "timestamp": "2026-09-27 14:18:05", "kind": "INFO", "message": "Finished writing TRAP file /Users/macbook/Octo/static_analysis_codeql_1/codeql-kotlin.db/trap/java/classes/org/apache/jena/sparql/syntax/ElementNotExists.members/ElementNotExists.members#65.0-1777774446000-kotlin.trap.gz" }
{ "origin": "CodeQL Kotlin extractor", "timestamp": "2026-09-27 14:18:05", "kind": "INFO", "message": "Will write TRAP file /Users/macbook/Octo/static_analysis_codeql_1/codeql-kotlin.db/trap/java/classes/org/apache/jena/sparql/syntax/ElementMinus.members/ElementMinus.members#65.0-1777774446000-kotlin.trap.gz" }
{ "origin": "CodeQL Kotlin extractor", "timestamp": "2026-09-27 14:18:05", "kind": "INFO", "message": "Finished writing TRAP file /Users/macbook/Octo/static_analysis_codeql_1/codeql-kotlin.db/trap/java/classes/org/apache/jena/sparql/syntax/ElementMinus.members/ElementMinus.members#65.0-1777774446000-kotlin.trap.gz" }
{ "origin": "CodeQL Kotlin extractor", "timestamp": "2026-09-27 14:18:05", "kind": "INFO", "message": "Will write TRAP file /Users/macbook/Octo/static_analysis_codeql_1/codeql-kotlin.db/trap/java/classes/org/apache/jena/sparql/syntax/ElementService.members/ElementService.members#65.0-1777774446000-kotlin.trap.gz" }
{ "origin": "CodeQL Kotlin extractor", "timestamp": "2026-09-27 14:18:05", "kind": "INFO", "message": "Finished writing TRAP file /Users/macbook/Octo/static_analysis_codeql_1/codeql-kotlin.db/trap/java/classes/org/apache/jena/sparql/syntax/ElementService.members/ElementService.members#65.0-1777774446000-kotlin.trap.gz" }
{ "origin": "CodeQL Kotlin extractor", "timestamp": "2026-09-27 14:18:05", "kind": "INFO", "message": "Will write TRAP file /Users/macbook/Octo/static_analysis_codeql_1/codeql-kotlin.db/trap/java/classes/org/apache/jena/sparql/syntax/ElementSubQuery.members/ElementSubQuery.members#65.0-1777774446000-kotlin.trap.gz" }
{ "origin": "CodeQL Kotlin extractor", "timestamp": "2026-09-27 14:18:05", "kind": "INFO", "message": "Finished writing TRAP file /Users/macbook/Octo/static_analysis_codeql_1/codeql-kotlin.db/trap/java/classes/org/apache/jena/sparql/syntax/ElementSubQuery.members/ElementSubQuery.members#65.0-1777774446000-kotlin.trap.gz" }
{ "origin": "CodeQL Kotlin extractor", "timestamp": "2026-09-27 14:18:05", "kind": "INFO", "message": "Will write TRAP file /Users/macbook/Octo/static_analysis_codeql_1/codeql-kotlin.db/trap/java/classes/org/apache/jena/query/QueryFatalException.members/QueryFatalException.members#65.0-1777774446000-kotlin.trap.gz" }
{ "origin": "CodeQL Kotlin extractor", "timestamp": "2026-09-27 14:18:05", "kind": "INFO", "message": "Finished writing TRAP file /Users/macbook/Octo/static_analysis_codeql_1/codeql-kotlin.db/trap/java/classes/org/apache/jena/query/QueryFatalException.members/QueryFatalException.members#65.0-1777774446000-kotlin.trap.gz" }
{ "origin": "CodeQL Kotlin extractor", "timestamp": "2026-09-27 14:18:05", "kind": "INFO", "message": "Will write TRAP file /Users/macbook/Octo/static_analysis_codeql_1/codeql-kotlin.db/trap/java/classes/org/apache/jena/sparql/engine/main/ExecutionDispatch.members/ExecutionDispatch.members#65.0-1777774446000-kotlin.trap.gz" }
{ "origin": "CodeQL Kotlin extractor", "timestamp": "2026-09-27 14:18:05", "kind": "INFO", "message": "Finished writing TRAP file /Users/macbook/Octo/static_analysis_codeql_1/codeql-kotlin.db/trap/java/classes/org/apache/jena/sparql/engine/main/ExecutionDispatch.members/ExecutionDispatch.members#65.0-1777774446000-kotlin.trap.gz" }
{ "origin": "CodeQL Kotlin extractor", "timestamp": "2026-09-27 14:18:05", "kind": "INFO", "message": "Will write TRAP file /Users/macbook/Octo/static_analysis_codeql_1/codeql-kotlin.db/trap/java/classes/org/apache/jena/sparql/engine/main/StageGenerator.members/StageGenerator.members#65.0-1777774446000-kotlin.trap.gz" }
{ "origin": "CodeQL Kotlin extractor", "timestamp": "2026-09-27 14:18:05", "kind": "INFO", "message": "Finished writing TRAP file /Users/macbook/Octo/static_analysis_codeql_1/codeql-kotlin.db/trap/java/classes/org/apache/jena/sparql/engine/main/StageGenerator.members/StageGenerator.members#65.0-1777774446000-kotlin.trap.gz" }
{ "origin": "CodeQL Kotlin extractor", "timestamp": "2026-09-27 14:18:05", "kind": "INFO", "message": "Will write TRAP file /Users/macbook/Octo/static_analysis_codeql_1/codeql-kotlin.db/trap/java/classes/org/apache/jena/sparql/algebra/op/OpBGP.members/OpBGP.members#65.0-1777774446000-kotlin.trap.gz" }
{ "origin": "CodeQL Kotlin extractor", "timestamp": "2026-09-27 14:18:05", "kind": "INFO", "message": "Finished writing TRAP file /Users/macbook/Octo/static_analysis_codeql_1/codeql-kotlin.db/trap/java/classes/org/apache/jena/sparql/algebra/op/OpBGP.members/OpBGP.members#65.0-1777774446000-kotlin.trap.gz" }
{ "origin": "CodeQL Kotlin extractor", "timestamp": "2026-09-27 14:18:05", "kind": "INFO", "message": "Will write TRAP file /Users/macbook/Octo/static_analysis_codeql_1/codeql-kotlin.db/trap/java/classes/org/apache/jena/sparql/algebra/op/OpTriple.members/OpTriple.members#65.0-1777774446000-kotlin.trap.gz" }
{ "origin": "CodeQL Kotlin extractor", "timestamp": "2026-09-27 14:18:05", "kind": "INFO", "message": "Finished writing TRAP file /Users/macbook/Octo/static_analysis_codeql_1/codeql-kotlin.db/trap/java/classes/org/apache/jena/sparql/algebra/op/OpTriple.members/OpTriple.members#65.0-1777774446000-kotlin.trap.gz" }
{ "origin": "CodeQL Kotlin extractor", "timestamp": "2026-09-27 14:18:05", "kind": "INFO", "message": "Will write TRAP file /Users/macbook/Octo/static_analysis_codeql_1/codeql-kotlin.db/trap/java/classes/org/apache/jena/sparql/algebra/op/OpGraph.members/OpGraph.members#65.0-1777774446000-kotlin.trap.gz" }
{ "origin": "CodeQL Kotlin extractor", "timestamp": "2026-09-27 14:18:05", "kind": "INFO", "message": "Finished writing TRAP file /Users/macbook/Octo/static_analysis_codeql_1/codeql-kotlin.db/trap/java/classes/org/apache/jena/sparql/algebra/op/OpGraph.members/OpGraph.members#65.0-1777774446000-kotlin.trap.gz" }
{ "origin": "CodeQL Kotlin extractor", "timestamp": "2026-09-27 14:18:05", "kind": "INFO", "message": "Will write TRAP file /Users/macbook/Octo/static_analysis_codeql_1/codeql-kotlin.db/trap/java/classes/org/apache/jena/sparql/algebra/op/OpQuad.members/OpQuad.members#65.0-1777774446000-kotlin.trap.gz" }
{ "origin": "CodeQL Kotlin extractor", "timestamp": "2026-09-27 14:18:05", "kind": "INFO", "message": "Finished writing TRAP file /Users/macbook/Octo/static_analysis_codeql_1/codeql-kotlin.db/trap/java/classes/org/apache/jena/sparql/algebra/op/OpQuad.members/OpQuad.members#65.0-1777774446000-kotlin.trap.gz" }
{ "origin": "CodeQL Kotlin extractor", "timestamp": "2026-09-27 14:18:05", "kind": "INFO", "message": "Will write TRAP file /Users/macbook/Octo/static_analysis_codeql_1/codeql-kotlin.db/trap/java/classes/org/apache/jena/sparql/algebra/op/OpQuadPattern.members/OpQuadPattern.members#65.0-1777774446000-kotlin.trap.gz" }
{ "origin": "CodeQL Kotlin extractor", "timestamp": "2026-09-27 14:18:05", "kind": "INFO", "message": "Finished writing TRAP file /Users/macbook/Octo/static_analysis_codeql_1/codeql-kotlin.db/trap/java/classes/org/apache/jena/sparql/algebra/op/OpQuadPattern.members/OpQuadPattern.members#65.0-1777774446000-kotlin.trap.gz" }
{ "origin": "CodeQL Kotlin extractor", "timestamp": "2026-09-27 14:18:05", "kind": "INFO", "message": "Will write TRAP file /Users/macbook/Octo/static_analysis_codeql_1/codeql-kotlin.db/trap/java/classes/org/apache/jena/sparql/algebra/op/OpQuadBlock.members/OpQuadBlock.members#65.0-1777774446000-kotlin.trap.gz" }
{ "origin": "CodeQL Kotlin extractor", "timestamp": "2026-09-27 14:18:05", "kind": "INFO", "message": "Finished writing TRAP file /Users/macbook/Octo/static_analysis_codeql_1/codeql-kotlin.db/trap/java/classes/org/apache/jena/sparql/algebra/op/OpQuadBlock.members/OpQuadBlock.members#65.0-1777774446000-kotlin.trap.gz" }
{ "origin": "CodeQL Kotlin extractor", "timestamp": "2026-09-27 14:18:05", "kind": "INFO", "message": "Will write TRAP file /Users/macbook/Octo/static_analysis_codeql_1/codeql-kotlin.db/trap/java/classes/org/apache/jena/sparql/algebra/op/OpPath.members/OpPath.members#65.0-1777774446000-kotlin.trap.gz" }
{ "origin": "CodeQL Kotlin extractor", "timestamp": "2026-09-27 14:18:05", "kind": "INFO", "message": "Finished writing TRAP file /Users/macbook/Octo/static_analysis_codeql_1/codeql-kotlin.db/trap/java/classes/org/apache/jena/sparql/algebra/op/OpPath.members/OpPath.members#65.0-1777774446000-kotlin.trap.gz" }
{ "origin": "CodeQL Kotlin extractor", "timestamp": "2026-09-27 14:18:05", "kind": "INFO", "message": "Will write TRAP file /Users/macbook/Octo/static_analysis_codeql_1/codeql-kotlin.db/trap/java/classes/org/apache/jena/sparql/algebra/op/OpProcedure.members/OpProcedure.members#65.0-1777774446000-kotlin.trap.gz" }
{ "origin": "CodeQL Kotlin extractor", "timestamp": "2026-09-27 14:18:05", "kind": "INFO", "message": "Finished writing TRAP file /Users/macbook/Octo/static_analysis_codeql_1/codeql-kotlin.db/trap/java/classes/org/apache/jena/sparql/algebra/op/OpProcedure.members/OpProcedure.members#65.0-1777774446000-kotlin.trap.gz" }
{ "origin": "CodeQL Kotlin extractor", "timestamp": "2026-09-27 14:18:05", "kind": "INFO", "message": "Will write TRAP file /Users/macbook/Octo/static_analysis_codeql_1/codeql-kotlin.db/trap/java/classes/org/apache/jena/sparql/algebra/op/OpPropFunc.members/OpPropFunc.members#65.0-1777774446000-kotlin.trap.gz" }
{ "origin": "CodeQL Kotlin extractor", "timestamp": "2026-09-27 14:18:05", "kind": "INFO", "message": "Finished writing TRAP file /Users/macbook/Octo/static_analysis_codeql_1/codeql-kotlin.db/trap/java/classes/org/apache/jena/sparql/algebra/op/OpPropFunc.members/OpPropFunc.members#65.0-1777774446000-kotlin.trap.gz" }
{ "origin": "CodeQL Kotlin extractor", "timestamp": "2026-09-27 14:18:05", "kind": "INFO", "message": "Will write TRAP file /Users/macbook/Octo/static_analysis_codeql_1/codeql-kotlin.db/trap/java/classes/org/apache/jena/sparql/algebra/op/OpJoin.members/OpJoin.members#65.0-1777774446000-kotlin.trap.gz" }
{ "origin": "CodeQL Kotlin extractor", "timestamp": "2026-09-27 14:18:05", "kind": "INFO", "message": "Finished writing TRAP file /Users/macbook/Octo/static_analysis_codeql_1/codeql-kotlin.db/trap/java/classes/org/apache/jena/sparql/algebra/op/OpJoin.members/OpJoin.members#65.0-1777774446000-kotlin.trap.gz" }
{ "origin": "CodeQL Kotlin extractor", "timestamp": "2026-09-27 14:18:05", "kind": "INFO", "message": "Will write TRAP file /Users/macbook/Octo/static_analysis_codeql_1/codeql-kotlin.db/trap/java/classes/org/apache/jena/sparql/algebra/op/OpSequence.members/OpSequence.members#65.0-1777774446000-kotlin.trap.gz" }
{ "origin": "CodeQL Kotlin extractor", "timestamp": "2026-09-27 14:18:05", "kind": "INFO", "message": "Finished writing TRAP file /Users/macbook/Octo/static_analysis_codeql_1/codeql-kotlin.db/trap/java/classes/org/apache/jena/sparql/algebra/op/OpSequence.members/OpSequence.members#65.0-1777774446000-kotlin.trap.gz" }
{ "origin": "CodeQL Kotlin extractor", "timestamp": "2026-09-27 14:18:05", "kind": "INFO", "message": "Will write TRAP file /Users/macbook/Octo/static_analysis_codeql_1/codeql-kotlin.db/trap/java/classes/org/apache/jena/sparql/algebra/op/OpLeftJoin.members/OpLeftJoin.members#65.0-1777774446000-kotlin.trap.gz" }
{ "origin": "CodeQL Kotlin extractor", "timestamp": "2026-09-27 14:18:05", "kind": "INFO", "message": "Finished writing TRAP file /Users/macbook/Octo/static_analysis_codeql_1/codeql-kotlin.db/trap/java/classes/org/apache/jena/sparql/algebra/op/OpLeftJoin.members/OpLeftJoin.members#65.0-1777774446000-kotlin.trap.gz" }
{ "origin": "CodeQL Kotlin extractor", "timestamp": "2026-09-27 14:18:05", "kind": "INFO", "message": "Will write TRAP file /Users/macbook/Octo/static_analysis_codeql_1/codeql-kotlin.db/trap/java/classes/org/apache/jena/sparql/algebra/op/OpLateral.members/OpLateral.members#65.0-1777774446000-kotlin.trap.gz" }
{ "origin": "CodeQL Kotlin extractor", "timestamp": "2026-09-27 14:18:05", "kind": "INFO", "message": "Finished writing TRAP file /Users/macbook/Octo/static_analysis_codeql_1/codeql-kotlin.db/trap/java/classes/org/apache/jena/sparql/algebra/op/OpLateral.members/OpLateral.members#65.0-1777774446000-kotlin.trap.gz" }
{ "origin": "CodeQL Kotlin extractor", "timestamp": "2026-09-27 14:18:05", "kind": "INFO", "message": "Will write TRAP file /Users/macbook/Octo/static_analysis_codeql_1/codeql-kotlin.db/trap/java/classes/org/apache/jena/sparql/algebra/op/OpSemiJoin.members/OpSemiJoin.members#65.0-1777774446000-kotlin.trap.gz" }
{ "origin": "CodeQL Kotlin extractor", "timestamp": "2026-09-27 14:18:05", "kind": "INFO", "message": "Finished writing TRAP file /Users/macbook/Octo/static_analysis_codeql_1/codeql-kotlin.db/trap/java/classes/org/apache/jena/sparql/algebra/op/OpSemiJoin.members/OpSemiJoin.members#65.0-1777774446000-kotlin.trap.gz" }
{ "origin": "CodeQL Kotlin extractor", "timestamp": "2026-09-27 14:18:05", "kind": "INFO", "message": "Will write TRAP file /Users/macbook/Octo/static_analysis_codeql_1/codeql-kotlin.db/trap/java/classes/org/apache/jena/sparql/algebra/op/OpAntiJoin.members/OpAntiJoin.members#65.0-1777774446000-kotlin.trap.gz" }
{ "origin": "CodeQL Kotlin extractor", "timestamp": "2026-09-27 14:18:05", "kind": "INFO", "message": "Finished writing TRAP file /Users/macbook/Octo/static_analysis_codeql_1/codeql-kotlin.db/trap/java/classes/org/apache/jena/sparql/algebra/op/OpAntiJoin.members/OpAntiJoin.members#65.0-1777774446000-kotlin.trap.gz" }
{ "origin": "CodeQL Kotlin extractor", "timestamp": "2026-09-27 14:18:05", "kind": "INFO", "message": "Will write TRAP file /Users/macbook/Octo/static_analysis_codeql_1/codeql-kotlin.db/trap/java/classes/org/apache/jena/sparql/algebra/op/OpConditional.members/OpConditional.members#65.0-1777774446000-kotlin.trap.gz" }
{ "origin": "CodeQL Kotlin extractor", "timestamp": "2026-09-27 14:18:05", "kind": "INFO", "message": "Finished writing TRAP file /Users/macbook/Octo/static_analysis_codeql_1/codeql-kotlin.db/trap/java/classes/org/apache/jena/sparql/algebra/op/OpConditional.members/OpConditional.members#65.0-1777774446000-kotlin.trap.gz" }
{ "origin": "CodeQL Kotlin extractor", "timestamp": "2026-09-27 14:18:05", "kind": "INFO", "message": "Will write TRAP file /Users/macbook/Octo/static_analysis_codeql_1/codeql-kotlin.db/trap/java/classes/org/apache/jena/sparql/algebra/op/OpMinus.members/OpMinus.members#65.0-1777774446000-kotlin.trap.gz" }
{ "origin": "CodeQL Kotlin extractor", "timestamp": "2026-09-27 14:18:05", "kind": "INFO", "message": "Finished writing TRAP file /Users/macbook/Octo/static_analysis_codeql_1/codeql-kotlin.db/trap/java/classes/org/apache/jena/sparql/algebra/op/OpMinus.members/OpMinus.members#65.0-1777774446000-kotlin.trap.gz" }
{ "origin": "CodeQL Kotlin extractor", "timestamp": "2026-09-27 14:18:05", "kind": "INFO", "message": "Will write TRAP file /Users/macbook/Octo/static_analysis_codeql_1/codeql-kotlin.db/trap/java/classes/org/apache/jena/sparql/algebra/op/OpDisjunction.members/OpDisjunction.members#65.0-1777774446000-kotlin.trap.gz" }
{ "origin": "CodeQL Kotlin extractor", "timestamp": "2026-09-27 14:18:05", "kind": "INFO", "message": "Finished writing TRAP file /Users/macbook/Octo/static_analysis_codeql_1/codeql-kotlin.db/trap/java/classes/org/apache/jena/sparql/algebra/op/OpDisjunction.members/OpDisjunction.members#65.0-1777774446000-kotlin.trap.gz" }
{ "origin": "CodeQL Kotlin extractor", "timestamp": "2026-09-27 14:18:05", "kind": "INFO", "message": "Will write TRAP file /Users/macbook/Octo/static_analysis_codeql_1/codeql-kotlin.db/trap/java/classes/org/apache/jena/sparql/algebra/op/OpUnion.members/OpUnion.members#65.0-1777774446000-kotlin.trap.gz" }
{ "origin": "CodeQL Kotlin extractor", "timestamp": "2026-09-27 14:18:05", "kind": "INFO", "message": "Finished writing TRAP file /Users/macbook/Octo/static_analysis_codeql_1/codeql-kotlin.db/trap/java/classes/org/apache/jena/sparql/algebra/op/OpUnion.members/OpUnion.members#65.0-1777774446000-kotlin.trap.gz" }
{ "origin": "CodeQL Kotlin extractor", "timestamp": "2026-09-27 14:18:05", "kind": "INFO", "message": "Will write TRAP file /Users/macbook/Octo/static_analysis_codeql_1/codeql-kotlin.db/trap/java/classes/org/apache/jena/sparql/algebra/op/OpFilter.members/OpFilter.members#65.0-1777774446000-kotlin.trap.gz" }
{ "origin": "CodeQL Kotlin extractor", "timestamp": "2026-09-27 14:18:05", "kind": "INFO", "message": "Finished writing TRAP file /Users/macbook/Octo/static_analysis_codeql_1/codeql-kotlin.db/trap/java/classes/org/apache/jena/sparql/algebra/op/OpFilter.members/OpFilter.members#65.0-1777774446000-kotlin.trap.gz" }
{ "origin": "CodeQL Kotlin extractor", "timestamp": "2026-09-27 14:18:05", "kind": "INFO", "message": "Will write TRAP file /Users/macbook/Octo/static_analysis_codeql_1/codeql-kotlin.db/trap/java/classes/org/apache/jena/sparql/algebra/op/OpService.members/OpService.members#65.0-1777774446000-kotlin.trap.gz" }
{ "origin": "CodeQL Kotlin extractor", "timestamp": "2026-09-27 14:18:05", "kind": "INFO", "message": "Finished writing TRAP file /Users/macbook/Octo/static_analysis_codeql_1/codeql-kotlin.db/trap/java/classes/org/apache/jena/sparql/algebra/op/OpService.members/OpService.members#65.0-1777774446000-kotlin.trap.gz" }
{ "origin": "CodeQL Kotlin extractor", "timestamp": "2026-09-27 14:18:05", "kind": "INFO", "message": "Will write TRAP file /Users/macbook/Octo/static_analysis_codeql_1/codeql-kotlin.db/trap/java/classes/org/apache/jena/sparql/algebra/op/OpDatasetNames.members/OpDatasetNames.members#65.0-1777774446000-kotlin.trap.gz" }
{ "origin": "CodeQL Kotlin extractor", "timestamp": "2026-09-27 14:18:05", "kind": "INFO", "message": "Finished writing TRAP file /Users/macbook/Octo/static_analysis_codeql_1/codeql-kotlin.db/trap/java/classes/org/apache/jena/sparql/algebra/op/OpDatasetNames.members/OpDatasetNames.members#65.0-1777774446000-kotlin.trap.gz" }
{ "origin": "CodeQL Kotlin extractor", "timestamp": "2026-09-27 14:18:05", "kind": "INFO", "message": "Will write TRAP file /Users/macbook/Octo/static_analysis_codeql_1/codeql-kotlin.db/trap/java/classes/org/apache/jena/sparql/algebra/op/OpTable.members/OpTable.members#65.0-1777774446000-kotlin.trap.gz" }
{ "origin": "CodeQL Kotlin extractor", "timestamp": "2026-09-27 14:18:05", "kind": "INFO", "message": "Finished writing TRAP file /Users/macbook/Octo/static_analysis_codeql_1/codeql-kotlin.db/trap/java/classes/org/apache/jena/sparql/algebra/op/OpTable.members/OpTable.members#65.0-1777774446000-kotlin.trap.gz" }
{ "origin": "CodeQL Kotlin extractor", "timestamp": "2026-09-27 14:18:05", "kind": "INFO", "message": "Will write TRAP file /Users/macbook/Octo/static_analysis_codeql_1/codeql-kotlin.db/trap/java/classes/org/apache/jena/sparql/algebra/op/OpExt.members/OpExt.members#65.0-1777774446000-kotlin.trap.gz" }
{ "origin": "CodeQL Kotlin extractor", "timestamp": "2026-09-27 14:18:05", "kind": "INFO", "message": "Finished writing TRAP file /Users/macbook/Octo/static_analysis_codeql_1/codeql-kotlin.db/trap/java/classes/org/apache/jena/sparql/algebra/op/OpExt.members/OpExt.members#65.0-1777774446000-kotlin.trap.gz" }
{ "origin": "CodeQL Kotlin extractor", "timestamp": "2026-09-27 14:18:05", "kind": "INFO", "message": "Will write TRAP file /Users/macbook/Octo/static_analysis_codeql_1/codeql-kotlin.db/trap/java/classes/org/apache/jena/sparql/algebra/op/OpLabel.members/OpLabel.members#65.0-1777774446000-kotlin.trap.gz" }
{ "origin": "CodeQL Kotlin extractor", "timestamp": "2026-09-27 14:18:05", "kind": "INFO", "message": "Finished writing TRAP file /Users/macbook/Octo/static_analysis_codeql_1/codeql-kotlin.db/trap/java/classes/org/apache/jena/sparql/algebra/op/OpLabel.members/OpLabel.members#65.0-1777774446000-kotlin.trap.gz" }
{ "origin": "CodeQL Kotlin extractor", "timestamp": "2026-09-27 14:18:05", "kind": "INFO", "message": "Will write TRAP file /Users/macbook/Octo/static_analysis_codeql_1/codeql-kotlin.db/trap/java/classes/org/apache/jena/sparql/algebra/op/OpNull.members/OpNull.members#65.0-1777774446000-kotlin.trap.gz" }
{ "origin": "CodeQL Kotlin extractor", "timestamp": "2026-09-27 14:18:05", "kind": "INFO", "message": "Finished writing TRAP file /Users/macbook/Octo/static_analysis_codeql_1/codeql-kotlin.db/trap/java/classes/org/apache/jena/sparql/algebra/op/OpNull.members/OpNull.members#65.0-1777774446000-kotlin.trap.gz" }
{ "origin": "CodeQL Kotlin extractor", "timestamp": "2026-09-27 14:18:05", "kind": "INFO", "message": "Will write TRAP file /Users/macbook/Octo/static_analysis_codeql_1/codeql-kotlin.db/trap/java/classes/org/apache/jena/sparql/algebra/op/OpList.members/OpList.members#65.0-1777774446000-kotlin.trap.gz" }
{ "origin": "CodeQL Kotlin extractor", "timestamp": "2026-09-27 14:18:05", "kind": "INFO", "message": "Finished writing TRAP file /Users/macbook/Octo/static_analysis_codeql_1/codeql-kotlin.db/trap/java/classes/org/apache/jena/sparql/algebra/op/OpList.members/OpList.members#65.0-1777774446000-kotlin.trap.gz" }
{ "origin": "CodeQL Kotlin extractor", "timestamp": "2026-09-27 14:18:05", "kind": "INFO", "message": "Will write TRAP file /Users/macbook/Octo/static_analysis_codeql_1/codeql-kotlin.db/trap/java/classes/org/apache/jena/sparql/algebra/op/OpOrder.members/OpOrder.members#65.0-1777774446000-kotlin.trap.gz" }
{ "origin": "CodeQL Kotlin extractor", "timestamp": "2026-09-27 14:18:05", "kind": "INFO", "message": "Finished writing TRAP file /Users/macbook/Octo/static_analysis_codeql_1/codeql-kotlin.db/trap/java/classes/org/apache/jena/sparql/algebra/op/OpOrder.members/OpOrder.members#65.0-1777774446000-kotlin.trap.gz" }
{ "origin": "CodeQL Kotlin extractor", "timestamp": "2026-09-27 14:18:05", "kind": "INFO", "message": "Will write TRAP file /Users/macbook/Octo/static_analysis_codeql_1/codeql-kotlin.db/trap/java/classes/org/apache/jena/sparql/algebra/op/OpTopN.members/OpTopN.members#65.0-1777774446000-kotlin.trap.gz" }
{ "origin": "CodeQL Kotlin extractor", "timestamp": "2026-09-27 14:18:05", "kind": "INFO", "message": "Finished writing TRAP file /Users/macbook/Octo/static_analysis_codeql_1/codeql-kotlin.db/trap/java/classes/org/apache/jena/sparql/algebra/op/OpTopN.members/OpTopN.members#65.0-1777774446000-kotlin.trap.gz" }
{ "origin": "CodeQL Kotlin extractor", "timestamp": "2026-09-27 14:18:05", "kind": "INFO", "message": "Will write TRAP file /Users/macbook/Octo/static_analysis_codeql_1/codeql-kotlin.db/trap/java/classes/org/apache/jena/sparql/algebra/op/OpProject.members/OpProject.members#65.0-1777774446000-kotlin.trap.gz" }
{ "origin": "CodeQL Kotlin extractor", "timestamp": "2026-09-27 14:18:05", "kind": "INFO", "message": "Finished writing TRAP file /Users/macbook/Octo/static_analysis_codeql_1/codeql-kotlin.db/trap/java/classes/org/apache/jena/sparql/algebra/op/OpProject.members/OpProject.members#65.0-1777774446000-kotlin.trap.gz" }
{ "origin": "CodeQL Kotlin extractor", "timestamp": "2026-09-27 14:18:05", "kind": "INFO", "message": "Will write TRAP file /Users/macbook/Octo/static_analysis_codeql_1/codeql-kotlin.db/trap/java/classes/org/apache/jena/sparql/algebra/op/OpSlice.members/OpSlice.members#65.0-1777774446000-kotlin.trap.gz" }
{ "origin": "CodeQL Kotlin extractor", "timestamp": "2026-09-27 14:18:05", "kind": "INFO", "message": "Finished writing TRAP file /Users/macbook/Octo/static_analysis_codeql_1/codeql-kotlin.db/trap/java/classes/org/apache/jena/sparql/algebra/op/OpSlice.members/OpSlice.members#65.0-1777774446000-kotlin.trap.gz" }
{ "origin": "CodeQL Kotlin extractor", "timestamp": "2026-09-27 14:18:05", "kind": "INFO", "message": "Will write TRAP file /Users/macbook/Octo/static_analysis_codeql_1/codeql-kotlin.db/trap/java/classes/org/apache/jena/sparql/algebra/op/OpGroup.members/OpGroup.members#65.0-1777774446000-kotlin.trap.gz" }
{ "origin": "CodeQL Kotlin extractor", "timestamp": "2026-09-27 14:18:05", "kind": "INFO", "message": "Finished writing TRAP file /Users/macbook/Octo/static_analysis_codeql_1/codeql-kotlin.db/trap/java/classes/org/apache/jena/sparql/algebra/op/OpGroup.members/OpGroup.members#65.0-1777774446000-kotlin.trap.gz" }
{ "origin": "CodeQL Kotlin extractor", "timestamp": "2026-09-27 14:18:05", "kind": "INFO", "message": "Will write TRAP file /Users/macbook/Octo/static_analysis_codeql_1/codeql-kotlin.db/trap/java/classes/org/apache/jena/sparql/algebra/op/OpDistinct.members/OpDistinct.members#65.0-1777774446000-kotlin.trap.gz" }
{ "origin": "CodeQL Kotlin extractor", "timestamp": "2026-09-27 14:18:05", "kind": "INFO", "message": "Finished writing TRAP file /Users/macbook/Octo/static_analysis_codeql_1/codeql-kotlin.db/trap/java/classes/org/apache/jena/sparql/algebra/op/OpDistinct.members/OpDistinct.members#65.0-1777774446000-kotlin.trap.gz" }
{ "origin": "CodeQL Kotlin extractor", "timestamp": "2026-09-27 14:18:05", "kind": "INFO", "message": "Will write TRAP file /Users/macbook/Octo/static_analysis_codeql_1/codeql-kotlin.db/trap/java/classes/org/apache/jena/sparql/algebra/op/OpReduced.members/OpReduced.members#65.0-1777774446000-kotlin.trap.gz" }
{ "origin": "CodeQL Kotlin extractor", "timestamp": "2026-09-27 14:18:05", "kind": "INFO", "message": "Finished writing TRAP file /Users/macbook/Octo/static_analysis_codeql_1/codeql-kotlin.db/trap/java/classes/org/apache/jena/sparql/algebra/op/OpReduced.members/OpReduced.members#65.0-1777774446000-kotlin.trap.gz" }
{ "origin": "CodeQL Kotlin extractor", "timestamp": "2026-09-27 14:18:05", "kind": "INFO", "message": "Will write TRAP file /Users/macbook/Octo/static_analysis_codeql_1/codeql-kotlin.db/trap/java/classes/org/apache/jena/sparql/algebra/op/OpAssign.members/OpAssign.members#65.0-1777774446000-kotlin.trap.gz" }
{ "origin": "CodeQL Kotlin extractor", "timestamp": "2026-09-27 14:18:05", "kind": "INFO", "message": "Finished writing TRAP file /Users/macbook/Octo/static_analysis_codeql_1/codeql-kotlin.db/trap/java/classes/org/apache/jena/sparql/algebra/op/OpAssign.members/OpAssign.members#65.0-1777774446000-kotlin.trap.gz" }
{ "origin": "CodeQL Kotlin extractor", "timestamp": "2026-09-27 14:18:05", "kind": "INFO", "message": "Will write TRAP file /Users/macbook/Octo/static_analysis_codeql_1/codeql-kotlin.db/trap/java/classes/org/apache/jena/sparql/algebra/op/OpExtend.members/OpExtend.members#65.0-1777774446000-kotlin.trap.gz" }
{ "origin": "CodeQL Kotlin extractor", "timestamp": "2026-09-27 14:18:05", "kind": "INFO", "message": "Finished writing TRAP file /Users/macbook/Octo/static_analysis_codeql_1/codeql-kotlin.db/trap/java/classes/org/apache/jena/sparql/algebra/op/OpExtend.members/OpExtend.members#65.0-1777774446000-kotlin.trap.gz" }
{ "origin": "CodeQL Kotlin extractor", "timestamp": "2026-09-27 14:18:05", "kind": "INFO", "message": "Will write TRAP file /Users/macbook/Octo/static_analysis_codeql_1/codeql-kotlin.db/trap/java/classes/org/apache/jena/sparql/algebra/op/OpUnfold.members/OpUnfold.members#65.0-1777774446000-kotlin.trap.gz" }
{ "origin": "CodeQL Kotlin extractor", "timestamp": "2026-09-27 14:18:05", "kind": "INFO", "message": "Finished writing TRAP file /Users/macbook/Octo/static_analysis_codeql_1/codeql-kotlin.db/trap/java/classes/org/apache/jena/sparql/algebra/op/OpUnfold.members/OpUnfold.members#65.0-1777774446000-kotlin.trap.gz" }
{ "origin": "CodeQL Kotlin extractor", "timestamp": "2026-09-27 14:18:05", "kind": "INFO", "message": "Will write TRAP file /Users/macbook/Octo/static_analysis_codeql_1/codeql-kotlin.db/trap/java/classes/org/apache/jena/shacl/validation/event/AbstractValidationEvent.members/AbstractValidationEvent.members#65.0-1777774446000-kotlin.trap.gz" }
{ "origin": "CodeQL Kotlin extractor", "timestamp": "2026-09-27 14:18:05", "kind": "INFO", "message": "Finished writing TRAP file /Users/macbook/Octo/static_analysis_codeql_1/codeql-kotlin.db/trap/java/classes/org/apache/jena/shacl/validation/event/AbstractValidationEvent.members/AbstractValidationEvent.members#65.0-1777774446000-kotlin.trap.gz" }
{ "origin": "CodeQL Kotlin extractor", "timestamp": "2026-09-27 14:18:05", "kind": "INFO", "message": "Will write TRAP file /Users/macbook/Octo/static_analysis_codeql_1/codeql-kotlin.db/trap/java/classes/org/apache/jena/shacl/validation/event/ShapeValidationEvent.members/ShapeValidationEvent.members#65.0-1777774446000-kotlin.trap.gz" }
{ "origin": "CodeQL Kotlin extractor", "timestamp": "2026-09-27 14:18:05", "kind": "INFO", "message": "Finished writing TRAP file /Users/macbook/Octo/static_analysis_codeql_1/codeql-kotlin.db/trap/java/classes/org/apache/jena/shacl/validation/event/ShapeValidationEvent.members/ShapeValidationEvent.members#65.0-1777774446000-kotlin.trap.gz" }
{ "origin": "CodeQL Kotlin extractor", "timestamp": "2026-09-27 14:18:05", "kind": "INFO", "message": "Will write TRAP file /Users/macbook/Octo/static_analysis_codeql_1/codeql-kotlin.db/trap/java/classes/org/apache/jena/shacl/validation/event/AbstractConstraintEvaluationForPathEvent.members/AbstractConstraintEvaluationForPathEvent.members#65.0-1777774446000-kotlin.trap.gz" }
{ "origin": "CodeQL Kotlin extractor", "timestamp": "2026-09-27 14:18:05", "kind": "INFO", "message": "Finished writing TRAP file /Users/macbook/Octo/static_analysis_codeql_1/codeql-kotlin.db/trap/java/classes/org/apache/jena/shacl/validation/event/AbstractConstraintEvaluationForPathEvent.members/AbstractConstraintEvaluationForPathEvent.members#65.0-1777774446000-kotlin.trap.gz" }
{ "origin": "CodeQL Kotlin extractor", "timestamp": "2026-09-27 14:18:05", "kind": "INFO", "message": "Will write TRAP file /Users/macbook/Octo/static_analysis_codeql_1/codeql-kotlin.db/trap/java/classes/org/apache/jena/shacl/validation/event/ConstraintEvaluationOnPathNodesEvent.members/ConstraintEvaluationOnPathNodesEvent.members#65.0-1777774446000-kotlin.trap.gz" }
{ "origin": "CodeQL Kotlin extractor", "timestamp": "2026-09-27 14:18:05", "kind": "INFO", "message": "Finished writing TRAP file /Users/macbook/Octo/static_analysis_codeql_1/codeql-kotlin.db/trap/java/classes/org/apache/jena/shacl/validation/event/ConstraintEvaluationOnPathNodesEvent.members/ConstraintEvaluationOnPathNodesEvent.members#65.0-1777774446000-kotlin.trap.gz" }
{ "origin": "CodeQL Kotlin extractor", "timestamp": "2026-09-27 14:18:05", "kind": "INFO", "message": "Will write TRAP file /Users/macbook/Octo/static_analysis_codeql_1/codeql-kotlin.db/trap/java/classes/org/apache/jena/sparql/engine/ref/Evaluator.members/Evaluator.members#65.0-1777774446000-kotlin.trap.gz" }
{ "origin": "CodeQL Kotlin extractor", "timestamp": "2026-09-27 14:18:05", "kind": "INFO", "message": "Finished writing TRAP file /Users/macbook/Octo/static_analysis_codeql_1/codeql-kotlin.db/trap/java/classes/org/apache/jena/sparql/engine/ref/Evaluator.members/Evaluator.members#65.0-1777774446000-kotlin.trap.gz" }
{ "origin": "CodeQL Kotlin extractor", "timestamp": "2026-09-27 14:18:05", "kind": "INFO", "message": "Will write TRAP file /Users/macbook/Octo/static_analysis_codeql_1/codeql-kotlin.db/trap/java/classes/org/apache/jena/sparql/algebra/Table.members/Table.members#65.0-1777774446000-kotlin.trap.gz" }
{ "origin": "CodeQL Kotlin extractor", "timestamp": "2026-09-27 14:18:05", "kind": "INFO", "message": "Finished writing TRAP file /Users/macbook/Octo/static_analysis_codeql_1/codeql-kotlin.db/trap/java/classes/org/apache/jena/sparql/algebra/Table.members/Table.members#65.0-1777774446000-kotlin.trap.gz" }
{ "origin": "CodeQL Kotlin extractor", "timestamp": "2026-09-27 14:18:05", "kind": "INFO", "message": "Will write TRAP file /Users/macbook/Octo/static_analysis_codeql_1/codeql-kotlin.db/trap/java/classes/org/apache/jena/sparql/exec/RowSet.members/RowSet.members#65.0-1777774446000-kotlin.trap.gz" }
{ "origin": "CodeQL Kotlin extractor", "timestamp": "2026-09-27 14:18:05", "kind": "INFO", "message": "Finished writing TRAP file /Users/macbook/Octo/static_analysis_codeql_1/codeql-kotlin.db/trap/java/classes/org/apache/jena/sparql/exec/RowSet.members/RowSet.members#65.0-1777774446000-kotlin.trap.gz" }
{ "origin": "CodeQL Kotlin extractor", "timestamp": "2026-09-27 14:18:05", "kind": "INFO", "message": "Will write TRAP file /Users/macbook/Octo/static_analysis_codeql_1/codeql-kotlin.db/trap/java/classes/org/apache/jena/atlas/lib/Sink.members/Sink.members#65.0-1777774446000-kotlin.trap.gz" }
{ "origin": "CodeQL Kotlin extractor", "timestamp": "2026-09-27 14:18:05", "kind": "INFO", "message": "Finished writing TRAP file /Users/macbook/Octo/static_analysis_codeql_1/codeql-kotlin.db/trap/java/classes/org/apache/jena/atlas/lib/Sink.members/Sink.members#65.0-1777774446000-kotlin.trap.gz" }
{ "origin": "CodeQL Kotlin extractor", "timestamp": "2026-09-27 14:18:05", "kind": "INFO", "message": "Will write TRAP file /Users/macbook/Octo/static_analysis_codeql_1/codeql-kotlin.db/trap/java/classes/org/apache/jena/sparql/core/TriplePath.members/TriplePath.members#65.0-1777774446000-kotlin.trap.gz" }
{ "origin": "CodeQL Kotlin extractor", "timestamp": "2026-09-27 14:18:05", "kind": "INFO", "message": "Finished writing TRAP file /Users/macbook/Octo/static_analysis_codeql_1/codeql-kotlin.db/trap/java/classes/org/apache/jena/sparql/core/TriplePath.members/TriplePath.members#65.0-1777774446000-kotlin.trap.gz" }
{ "origin": "CodeQL Kotlin extractor", "timestamp": "2026-09-27 14:18:05", "kind": "INFO", "message": "Will write TRAP file /Users/macbook/Octo/static_analysis_codeql_1/codeql-kotlin.db/trap/java/classes/org/apache/jena/sparql/syntax/TripleCollector.members/TripleCollector.members#65.0-1777774446000-kotlin.trap.gz" }
{ "origin": "CodeQL Kotlin extractor", "timestamp": "2026-09-27 14:18:05", "kind": "INFO", "message": "Finished writing TRAP file /Users/macbook/Octo/static_analysis_codeql_1/codeql-kotlin.db/trap/java/classes/org/apache/jena/sparql/syntax/TripleCollector.members/TripleCollector.members#65.0-1777774446000-kotlin.trap.gz" }
{ "origin": "CodeQL Kotlin extractor", "timestamp": "2026-09-27 14:18:05", "kind": "INFO", "message": "Will write TRAP file /Users/macbook/Octo/static_analysis_codeql_1/codeql-kotlin.db/trap/java/classes/org/apache/jena/sparql/syntax/TripleCollectorMark.members/TripleCollectorMark.members#65.0-1777774446000-kotlin.trap.gz" }
{ "origin": "CodeQL Kotlin extractor", "timestamp": "2026-09-27 14:18:05", "kind": "INFO", "message": "Finished writing TRAP file /Users/macbook/Octo/static_analysis_codeql_1/codeql-kotlin.db/trap/java/classes/org/apache/jena/sparql/syntax/TripleCollectorMark.members/TripleCollectorMark.members#65.0-1777774446000-kotlin.trap.gz" }
{ "origin": "CodeQL Kotlin extractor", "timestamp": "2026-09-27 14:18:05", "kind": "INFO", "message": "Will write TRAP file /Users/macbook/Octo/static_analysis_codeql_1/codeql-kotlin.db/trap/java/classes/org/apache/jena/sparql/core/PathBlock.members/PathBlock.members#65.0-1777774446000-kotlin.trap.gz" }
{ "origin": "CodeQL Kotlin extractor", "timestamp": "2026-09-27 14:18:05", "kind": "INFO", "message": "Finished writing TRAP file /Users/macbook/Octo/static_analysis_codeql_1/codeql-kotlin.db/trap/java/classes/org/apache/jena/sparql/core/PathBlock.members/PathBlock.members#65.0-1777774446000-kotlin.trap.gz" }
{ "origin": "CodeQL Kotlin extractor", "timestamp": "2026-09-27 14:18:05", "kind": "INFO", "message": "Will write TRAP file /Users/macbook/Octo/static_analysis_codeql_1/codeql-kotlin.db/trap/java/classes/org/apache/jena/sparql/syntax/Element1.members/Element1.members#65.0-1777774446000-kotlin.trap.gz" }
{ "origin": "CodeQL Kotlin extractor", "timestamp": "2026-09-27 14:18:05", "kind": "INFO", "message": "Finished writing TRAP file /Users/macbook/Octo/static_analysis_codeql_1/codeql-kotlin.db/trap/java/classes/org/apache/jena/sparql/syntax/Element1.members/Element1.members#65.0-1777774446000-kotlin.trap.gz" }
{ "origin": "CodeQL Kotlin extractor", "timestamp": "2026-09-27 14:18:05", "kind": "INFO", "message": "Will write TRAP file /Users/macbook/Octo/static_analysis_codeql_1/codeql-kotlin.db/trap/java/classes/org/apache/jena/sparql/algebra/Transform.members/Transform.members#65.0-1777774446000-kotlin.trap.gz" }
{ "origin": "CodeQL Kotlin extractor", "timestamp": "2026-09-27 14:18:05", "kind": "INFO", "message": "Finished writing TRAP file /Users/macbook/Octo/static_analysis_codeql_1/codeql-kotlin.db/trap/java/classes/org/apache/jena/sparql/algebra/Transform.members/Transform.members#65.0-1777774446000-kotlin.trap.gz" }
{ "origin": "CodeQL Kotlin extractor", "timestamp": "2026-09-27 14:18:05", "kind": "INFO", "message": "Will write TRAP file /Users/macbook/Octo/static_analysis_codeql_1/codeql-kotlin.db/trap/java/classes/org/apache/jena/sparql/algebra/op/Op0.members/Op0.members#65.0-1777774446000-kotlin.trap.gz" }
{ "origin": "CodeQL Kotlin extractor", "timestamp": "2026-09-27 14:18:05", "kind": "INFO", "message": "Finished writing TRAP file /Users/macbook/Octo/static_analysis_codeql_1/codeql-kotlin.db/trap/java/classes/org/apache/jena/sparql/algebra/op/Op0.members/Op0.members#65.0-1777774446000-kotlin.trap.gz" }
{ "origin": "CodeQL Kotlin extractor", "timestamp": "2026-09-27 14:18:05", "kind": "INFO", "message": "Will write TRAP file /Users/macbook/Octo/static_analysis_codeql_1/codeql-kotlin.db/trap/java/classes/org/apache/jena/sparql/algebra/op/Op1.members/Op1.members#65.0-1777774446000-kotlin.trap.gz" }
{ "origin": "CodeQL Kotlin extractor", "timestamp": "2026-09-27 14:18:05", "kind": "INFO", "message": "Finished writing TRAP file /Users/macbook/Octo/static_analysis_codeql_1/codeql-kotlin.db/trap/java/classes/org/apache/jena/sparql/algebra/op/Op1.members/Op1.members#65.0-1777774446000-kotlin.trap.gz" }
{ "origin": "CodeQL Kotlin extractor", "timestamp": "2026-09-27 14:18:05", "kind": "INFO", "message": "Will write TRAP file /Users/macbook/Octo/static_analysis_codeql_1/codeql-kotlin.db/trap/java/classes/org/apache/jena/sparql/core/QuadPattern.members/QuadPattern.members#65.0-1777774446000-kotlin.trap.gz" }
{ "origin": "CodeQL Kotlin extractor", "timestamp": "2026-09-27 14:18:05", "kind": "INFO", "message": "Finished writing TRAP file /Users/macbook/Octo/static_analysis_codeql_1/codeql-kotlin.db/trap/java/classes/org/apache/jena/sparql/core/QuadPattern.members/QuadPattern.members#65.0-1777774446000-kotlin.trap.gz" }
{ "origin": "CodeQL Kotlin extractor", "timestamp": "2026-09-27 14:18:05", "kind": "INFO", "message": "Will write TRAP file /Users/macbook/Octo/static_analysis_codeql_1/codeql-kotlin.db/trap/java/classes/org/apache/jena/sparql/pfunction/PropFuncArg.members/PropFuncArg.members#65.0-1777774446000-kotlin.trap.gz" }
{ "origin": "CodeQL Kotlin extractor", "timestamp": "2026-09-27 14:18:05", "kind": "INFO", "message": "Finished writing TRAP file /Users/macbook/Octo/static_analysis_codeql_1/codeql-kotlin.db/trap/java/classes/org/apache/jena/sparql/pfunction/PropFuncArg.members/PropFuncArg.members#65.0-1777774446000-kotlin.trap.gz" }
{ "origin": "CodeQL Kotlin extractor", "timestamp": "2026-09-27 14:18:05", "kind": "INFO", "message": "Will write TRAP file /Users/macbook/Octo/static_analysis_codeql_1/codeql-kotlin.db/trap/java/classes/org/apache/jena/sparql/algebra/op/Op2.members/Op2.members#65.0-1777774446000-kotlin.trap.gz" }
{ "origin": "CodeQL Kotlin extractor", "timestamp": "2026-09-27 14:18:05", "kind": "INFO", "message": "Finished writing TRAP file /Users/macbook/Octo/static_analysis_codeql_1/codeql-kotlin.db/trap/java/classes/org/apache/jena/sparql/algebra/op/Op2.members/Op2.members#65.0-1777774446000-kotlin.trap.gz" }
{ "origin": "CodeQL Kotlin extractor", "timestamp": "2026-09-27 14:18:05", "kind": "INFO", "message": "Will write TRAP file /Users/macbook/Octo/static_analysis_codeql_1/codeql-kotlin.db/trap/java/classes/org/apache/jena/sparql/algebra/op/OpN.members/OpN.members#65.0-1777774446000-kotlin.trap.gz" }
{ "origin": "CodeQL Kotlin extractor", "timestamp": "2026-09-27 14:18:05", "kind": "INFO", "message": "Finished writing TRAP file /Users/macbook/Octo/static_analysis_codeql_1/codeql-kotlin.db/trap/java/classes/org/apache/jena/sparql/algebra/op/OpN.members/OpN.members#65.0-1777774446000-kotlin.trap.gz" }
{ "origin": "CodeQL Kotlin extractor", "timestamp": "2026-09-27 14:18:05", "kind": "INFO", "message": "Will write TRAP file /Users/macbook/Octo/static_analysis_codeql_1/codeql-kotlin.db/trap/java/classes/org/apache/jena/sparql/algebra/op/OpBase.members/OpBase.members#65.0-1777774446000-kotlin.trap.gz" }
{ "origin": "CodeQL Kotlin extractor", "timestamp": "2026-09-27 14:18:05", "kind": "INFO", "message": "Finished writing TRAP file /Users/macbook/Octo/static_analysis_codeql_1/codeql-kotlin.db/trap/java/classes/org/apache/jena/sparql/algebra/op/OpBase.members/OpBase.members#65.0-1777774446000-kotlin.trap.gz" }
{ "origin": "CodeQL Kotlin extractor", "timestamp": "2026-09-27 14:18:05", "kind": "INFO", "message": "Will write TRAP file /Users/macbook/Octo/static_analysis_codeql_1/codeql-kotlin.db/trap/java/classes/org/apache/jena/sparql/algebra/op/OpModifier.members/OpModifier.members#65.0-1777774446000-kotlin.trap.gz" }
{ "origin": "CodeQL Kotlin extractor", "timestamp": "2026-09-27 14:18:05", "kind": "INFO", "message": "Finished writing TRAP file /Users/macbook/Octo/static_analysis_codeql_1/codeql-kotlin.db/trap/java/classes/org/apache/jena/sparql/algebra/op/OpModifier.members/OpModifier.members#65.0-1777774446000-kotlin.trap.gz" }
{ "origin": "CodeQL Kotlin extractor", "timestamp": "2026-09-27 14:18:05", "kind": "INFO", "message": "Will write TRAP file /Users/macbook/Octo/static_analysis_codeql_1/codeql-kotlin.db/trap/java/classes/org/apache/jena/sparql/algebra/op/OpDistinctReduced.members/OpDistinctReduced.members#65.0-1777774446000-kotlin.trap.gz" }
{ "origin": "CodeQL Kotlin extractor", "timestamp": "2026-09-27 14:18:05", "kind": "INFO", "message": "Finished writing TRAP file /Users/macbook/Octo/static_analysis_codeql_1/codeql-kotlin.db/trap/java/classes/org/apache/jena/sparql/algebra/op/OpDistinctReduced.members/OpDistinctReduced.members#65.0-1777774446000-kotlin.trap.gz" }
{ "origin": "CodeQL Kotlin extractor", "timestamp": "2026-09-27 14:18:05", "kind": "INFO", "message": "Will write TRAP file /Users/macbook/Octo/static_analysis_codeql_1/codeql-kotlin.db/trap/java/classes/org/apache/jena/sparql/algebra/op/OpExtendAssign.members/OpExtendAssign.members#65.0-1777774446000-kotlin.trap.gz" }
{ "origin": "CodeQL Kotlin extractor", "timestamp": "2026-09-27 14:18:05", "kind": "INFO", "message": "Finished writing TRAP file /Users/macbook/Octo/static_analysis_codeql_1/codeql-kotlin.db/trap/java/classes/org/apache/jena/sparql/algebra/op/OpExtendAssign.members/OpExtendAssign.members#65.0-1777774446000-kotlin.trap.gz" }
{ "origin": "CodeQL Kotlin extractor", "timestamp": "2026-09-27 14:18:05", "kind": "INFO", "message": "Will write TRAP file /Users/macbook/Octo/static_analysis_codeql_1/codeql-kotlin.db/trap/java/classes/org/apache/jena/shacl/validation/event/ConstraintEvaluationForPathEvent.members/ConstraintEvaluationForPathEvent.members#65.0-1777774446000-kotlin.trap.gz" }
{ "origin": "CodeQL Kotlin extractor", "timestamp": "2026-09-27 14:18:05", "kind": "INFO", "message": "Finished writing TRAP file /Users/macbook/Octo/static_analysis_codeql_1/codeql-kotlin.db/trap/java/classes/org/apache/jena/shacl/validation/event/ConstraintEvaluationForPathEvent.members/ConstraintEvaluationForPathEvent.members#65.0-1777774446000-kotlin.trap.gz" }
{ "origin": "CodeQL Kotlin extractor", "timestamp": "2026-09-27 14:18:05", "kind": "INFO", "message": "Will write TRAP file /Users/macbook/Octo/static_analysis_codeql_1/codeql-kotlin.db/trap/java/classes/org/apache/jena/sparql/exec/RowSet$Exception.members/RowSet$Exception.members#65.0-1777774446000-kotlin.trap.gz" }
{ "origin": "CodeQL Kotlin extractor", "timestamp": "2026-09-27 14:18:05", "kind": "INFO", "message": "Finished writing TRAP file /Users/macbook/Octo/static_analysis_codeql_1/codeql-kotlin.db/trap/java/classes/org/apache/jena/sparql/exec/RowSet$Exception.members/RowSet$Exception.members#65.0-1777774446000-kotlin.trap.gz" }
{ "origin": "CodeQL Kotlin extractor", "timestamp": "2026-09-27 14:18:05", "kind": "INFO", "message": "Will write TRAP file /Users/macbook/Octo/static_analysis_codeql_1/codeql-kotlin.db/trap/java/classes/org/apache/jena/sparql/exec/RowSetRewindable.members/RowSetRewindable.members#65.0-1777774446000-kotlin.trap.gz" }
{ "origin": "CodeQL Kotlin extractor", "timestamp": "2026-09-27 14:18:05", "kind": "INFO", "message": "Finished writing TRAP file /Users/macbook/Octo/static_analysis_codeql_1/codeql-kotlin.db/trap/java/classes/org/apache/jena/sparql/exec/RowSetRewindable.members/RowSetRewindable.members#65.0-1777774446000-kotlin.trap.gz" }
{ "origin": "CodeQL Kotlin extractor", "timestamp": "2026-09-27 14:18:05", "kind": "INFO", "message": "Will write TRAP file /Users/macbook/Octo/static_analysis_codeql_1/codeql-kotlin.db/trap/java/classes/org/apache/jena/query/ResultSet.members/ResultSet.members#65.0-1777774446000-kotlin.trap.gz" }
{ "origin": "CodeQL Kotlin extractor", "timestamp": "2026-09-27 14:18:05", "kind": "INFO", "message": "Finished writing TRAP file /Users/macbook/Octo/static_analysis_codeql_1/codeql-kotlin.db/trap/java/classes/org/apache/jena/query/ResultSet.members/ResultSet.members#65.0-1777774446000-kotlin.trap.gz" }
{ "origin": "CodeQL Kotlin extractor", "timestamp": "2026-09-27 14:18:05", "kind": "INFO", "message": "Skipping extracting external decl ListIterator" }
{ "origin": "CodeQL Kotlin extractor", "timestamp": "2026-09-27 14:18:05", "kind": "INFO", "message": "Skipping extracting external decl MutableListIterator" }
{ "origin": "CodeQL Kotlin extractor", "timestamp": "2026-09-27 14:18:05", "kind": "INFO", "message": "Will write TRAP file /Users/macbook/Octo/static_analysis_codeql_1/codeql-kotlin.db/trap/java/classes/org/apache/jena/query/QuerySolution.members/QuerySolution.members#65.0-1777774446000-kotlin.trap.gz" }
{ "origin": "CodeQL Kotlin extractor", "timestamp": "2026-09-27 14:18:05", "kind": "INFO", "message": "Finished writing TRAP file /Users/macbook/Octo/static_analysis_codeql_1/codeql-kotlin.db/trap/java/classes/org/apache/jena/query/QuerySolution.members/QuerySolution.members#65.0-1777774446000-kotlin.trap.gz" }
{ "origin": "CodeQL Kotlin extractor", "timestamp": "2026-09-27 14:18:05", "kind": "INFO", "message": "Will write TRAP file /Users/macbook/Octo/static_analysis_codeql_1/codeql-kotlin.db/trap/java/classes/org/apache/jena/query/ResultSetRewindable.members/ResultSetRewindable.members#65.0-1777774446000-kotlin.trap.gz" }
{ "origin": "CodeQL Kotlin extractor", "timestamp": "2026-09-27 14:18:05", "kind": "INFO", "message": "Finished writing TRAP file /Users/macbook/Octo/static_analysis_codeql_1/codeql-kotlin.db/trap/java/classes/org/apache/jena/query/ResultSetRewindable.members/ResultSetRewindable.members#65.0-1777774446000-kotlin.trap.gz" }
{ "origin": "CodeQL Kotlin extractor", "timestamp": "2026-09-27 14:18:05", "kind": "INFO", "message": "Finished writing TRAP file /Users/macbook/Octo/static_analysis_codeql_1/codeql-kotlin.db/trap/java/Users/macbook/Octo/modules/ontology/src/main/kotlin/com/octo/ontology/OntologyValidator.kt.trap.gz" }
{ "origin": "CodeQL Kotlin extractor", "timestamp": "2026-09-27 14:18:05", "kind": "INFO", "message": "Peak memory: Usage after extractor" }
{ "origin": "CodeQL Kotlin extractor", "timestamp": "2026-09-27 14:18:05", "kind": "INFO", "message": "Peak memory: * Peak for non-heap bean CodeHeap 'non-nmethods' is 1753536" }
{ "origin": "CodeQL Kotlin extractor", "timestamp": "2026-09-27 14:18:05", "kind": "INFO", "message": "Peak memory: * Peak for non-heap bean Metaspace is 113599416" }
{ "origin": "CodeQL Kotlin extractor", "timestamp": "2026-09-27 14:18:05", "kind": "INFO", "message": "Peak memory: * Peak for non-heap bean CodeHeap 'profiled nmethods' is 57060800" }
{ "origin": "CodeQL Kotlin extractor", "timestamp": "2026-09-27 14:18:05", "kind": "INFO", "message": "Peak memory: * Peak for heap bean PS Old Gen is 465374592" }
{ "origin": "CodeQL Kotlin extractor", "timestamp": "2026-09-27 14:18:05", "kind": "INFO", "message": "Peak memory: * Peak for non-heap bean Compressed Class Space is 12493248" }
{ "origin": "CodeQL Kotlin extractor", "timestamp": "2026-09-27 14:18:05", "kind": "INFO", "message": "Peak memory: * Peak for heap bean PS Survivor Space is 64117336" }
{ "origin": "CodeQL Kotlin extractor", "timestamp": "2026-09-27 14:18:05", "kind": "INFO", "message": "Peak memory: * Peak for heap bean PS Eden Space is 590348288" }
{ "origin": "CodeQL Kotlin extractor", "timestamp": "2026-09-27 14:18:05", "kind": "INFO", "message": "Peak memory: * Peak for non-heap bean CodeHeap 'non-profiled nmethods' is 8257024" }
{ "origin": "CodeQL Kotlin extractor", "timestamp": "2026-09-27 14:18:05", "kind": "INFO", "message": "Peak memory: * Total heap peak: 1119840216" }
{ "origin": "CodeQL Kotlin extractor", "timestamp": "2026-09-27 14:18:05", "kind": "INFO", "message": "Peak memory: * Total non-heap peak: 193164024" }
{ "origin": "CodeQL Kotlin extractor", "timestamp": "2026-09-27 14:18:05", "kind": "INFO", "message": "Extraction completed" }
