{ "origin": "CodeQL Kotlin extractor", "timestamp": "2026-09-27 14:17:57", "kind": "INFO", "message": "Extraction started" }
{ "origin": "CodeQL Kotlin extractor", "timestamp": "2026-09-27 14:17:57", "kind": "INFO", "message": "Kotlin extractor verbosity is 3" }
{ "origin": "CodeQL Kotlin extractor", "timestamp": "2026-09-27 14:17:57", "kind": "INFO", "message": "Extraction for invocation TRAP file /Users/macbook/Octo/static_analysis_codeql_1/codeql-kotlin.db/trap/java/invocations/kotlin.14134790493695366429.trap" }
{ "origin": "CodeQL Kotlin extractor", "timestamp": "2026-09-27 14:17:57", "kind": "INFO", "message": "Kotlin version 2.2.21" }
{ "origin": "CodeQL Kotlin extractor", "timestamp": "2026-09-27 14:17:57", "kind": "INFO", "message": "Peak memory: Usage before extractor" }
{ "origin": "CodeQL Kotlin extractor", "timestamp": "2026-09-27 14:17:57", "kind": "INFO", "message": "Peak memory: * Peak for non-heap bean CodeHeap 'non-nmethods' is 1689088" }
{ "origin": "CodeQL Kotlin extractor", "timestamp": "2026-09-27 14:17:57", "kind": "INFO", "message": "Peak memory: * Peak for non-heap bean Metaspace is 83578080" }
{ "origin": "CodeQL Kotlin extractor", "timestamp": "2026-09-27 14:17:57", "kind": "INFO", "message": "Peak memory: * Peak for non-heap bean CodeHeap 'profiled nmethods' is 16733824" }
{ "origin": "CodeQL Kotlin extractor", "timestamp": "2026-09-27 14:17:57", "kind": "INFO", "message": "Peak memory: * Peak for heap bean PS Old Gen is 104897064" }
{ "origin": "CodeQL Kotlin extractor", "timestamp": "2026-09-27 14:17:57", "kind": "INFO", "message": "Peak memory: * Peak for non-heap bean Compressed Class Space is 10065088" }
{ "origin": "CodeQL Kotlin extractor", "timestamp": "2026-09-27 14:17:57", "kind": "INFO", "message": "Peak memory: * Peak for heap bean PS Survivor Space is 41409440" }
{ "origin": "CodeQL Kotlin extractor", "timestamp": "2026-09-27 14:17:57", "kind": "INFO", "message": "Peak memory: * Peak for heap bean PS Eden Space is 183211432" }
{ "origin": "CodeQL Kotlin extractor", "timestamp": "2026-09-27 14:17:57", "kind": "INFO", "message": "Peak memory: * Peak for non-heap bean CodeHeap 'non-profiled nmethods' is 3497984" }
{ "origin": "CodeQL Kotlin extractor", "timestamp": "2026-09-27 14:17:57", "kind": "INFO", "message": "Peak memory: * Total heap peak: 329517936" }
{ "origin": "CodeQL Kotlin extractor", "timestamp": "2026-09-27 14:17:57", "kind": "INFO", "message": "Peak memory: * Total non-heap peak: 115564064" }
{ "origin": "CodeQL Kotlin extractor", "timestamp": "2026-09-27 14:17:57", "kind": "INFO", "message": "Extracting file /Users/macbook/Octo/modules/control-panel/src/main/kotlin/com/octo/controlpanel/ControlPanel.kt" }
{ "origin": "CodeQL Kotlin extractor", "timestamp": "2026-09-27 14:17:57", "kind": "INFO", "message": "Will write TRAP file /Users/macbook/Octo/static_analysis_codeql_1/codeql-kotlin.db/trap/java/Users/macbook/Octo/modules/control-panel/src/main/kotlin/com/octo/controlpanel/ControlPanel.kt.trap.gz" }
{ "origin": "CodeQL Kotlin extractor", "timestamp": "2026-09-27 14:17:57", "kind": "INFO", "message": "Will write TRAP file /Users/macbook/Octo/static_analysis_codeql_1/codeql-kotlin.db/trap/java/classes/com/octo/controlpanel/ControlPanelKt.members/ControlPanelKt.members#0.0-0-kotlin.trap.gz" }
{ "origin": "CodeQL Kotlin extractor", "timestamp": "2026-09-27 14:17:57", "kind": "INFO", "message": "Finished writing TRAP file /Users/macbook/Octo/static_analysis_codeql_1/codeql-kotlin.db/trap/java/classes/com/octo/controlpanel/ControlPanelKt.members/ControlPanelKt.members#0.0-0-kotlin.trap.gz" }
{ "origin": "CodeQL Kotlin extractor", "timestamp": "2026-09-27 14:17:57", "kind": "INFO", "message": "Finished writing TRAP file /Users/macbook/Octo/static_analysis_codeql_1/codeql-kotlin.db/trap/java/Users/macbook/Octo/modules/control-panel/src/main/kotlin/com/octo/controlpanel/ControlPanel.kt.trap.gz" }
{ "origin": "CodeQL Kotlin extractor", "timestamp": "2026-09-27 14:17:57", "kind": "INFO", "message": "Extracting file /Users/macbook/Octo/modules/control-panel/src/main/kotlin/com/octo/controlpanel/judgment/DataClassification.kt" }
{ "origin": "CodeQL Kotlin extractor", "timestamp": "2026-09-27 14:17:57", "kind": "INFO", "message": "Will write TRAP file /Users/macbook/Octo/static_analysis_codeql_1/codeql-kotlin.db/trap/java/Users/macbook/Octo/modules/control-panel/src/main/kotlin/com/octo/controlpanel/judgment/DataClassification.kt.trap.gz" }
{ "origin": "CodeQL Kotlin extractor", "timestamp": "2026-09-27 14:17:57", "kind": "INFO", "message": "Will write TRAP file /Users/macbook/Octo/static_analysis_codeql_1/codeql-kotlin.db/trap/java/classes/com/octo/controlpanel/judgment/DataClassification.members/DataClassification.members#0.0-0-kotlin.trap.gz" }
{ "origin": "CodeQL Kotlin extractor", "timestamp": "2026-09-27 14:17:57", "kind": "INFO", "message": "Finished writing TRAP file /Users/macbook/Octo/static_analysis_codeql_1/codeql-kotlin.db/trap/java/classes/com/octo/controlpanel/judgment/DataClassification.members/DataClassification.members#0.0-0-kotlin.trap.gz" }
{ "origin": "CodeQL Kotlin extractor", "timestamp": "2026-09-27 14:17:57", "kind": "INFO", "message": "Will write TRAP file /Users/macbook/Octo/static_analysis_codeql_1/codeql-kotlin.db/trap/java/classes/com/octo/controlpanel/judgment/ClassifiedState.members/ClassifiedState.members#0.0-0-kotlin.trap.gz" }
{ "origin": "CodeQL Kotlin extractor", "timestamp": "2026-09-27 14:17:57", "kind": "INFO", "message": "Finished writing TRAP file /Users/macbook/Octo/static_analysis_codeql_1/codeql-kotlin.db/trap/java/classes/com/octo/controlpanel/judgment/ClassifiedState.members/ClassifiedState.members#0.0-0-kotlin.trap.gz" }
{ "origin": "CodeQL Kotlin extractor", "timestamp": "2026-09-27 14:17:57", "kind": "INFO", "message": "Will write TRAP file /Users/macbook/Octo/static_analysis_codeql_1/codeql-kotlin.db/trap/java/classes/com/octo/controlpanel/judgment/DataClassificationKt.members/DataClassificationKt.members#0.0-0-kotlin.trap.gz" }
{ "origin": "CodeQL Kotlin extractor", "timestamp": "2026-09-27 14:17:57", "kind": "INFO", "message": "Finished writing TRAP file /Users/macbook/Octo/static_analysis_codeql_1/codeql-kotlin.db/trap/java/classes/com/octo/controlpanel/judgment/DataClassificationKt.members/DataClassificationKt.members#0.0-0-kotlin.trap.gz" }
{ "origin": "CodeQL Kotlin extractor", "timestamp": "2026-09-27 14:17:57", "kind": "INFO", "message": "Will write TRAP file /Users/macbook/Octo/static_analysis_codeql_1/codeql-kotlin.db/trap/java/classes/kotlin/Unit.members/Unit.members#52.0-318186000000-kotlin.trap.gz" }
{ "origin": "CodeQL Kotlin extractor", "timestamp": "2026-09-27 14:17:57", "kind": "INFO", "message": "Finished writing TRAP file /Users/macbook/Octo/static_analysis_codeql_1/codeql-kotlin.db/trap/java/classes/kotlin/Unit.members/Unit.members#52.0-318186000000-kotlin.trap.gz" }
{ "origin": "CodeQL Kotlin extractor", "timestamp": "2026-09-27 14:17:57", "kind": "INFO", "message": "Will write TRAP file /Users/macbook/Octo/static_analysis_codeql_1/codeql-kotlin.db/trap/java/classes/java/lang/Enum.members/Enum.members#65.0-1789983753036-kotlin.trap.gz" }
{ "origin": "CodeQL Kotlin extractor", "timestamp": "2026-09-27 14:17:57", "kind": "INFO", "message": "Finished writing TRAP file /Users/macbook/Octo/static_analysis_codeql_1/codeql-kotlin.db/trap/java/classes/java/lang/Enum.members/Enum.members#65.0-1789983753036-kotlin.trap.gz" }
{ "origin": "CodeQL Kotlin extractor", "timestamp": "2026-09-27 14:17:57", "kind": "INFO", "message": "Will write TRAP file /Users/macbook/Octo/static_analysis_codeql_1/codeql-kotlin.db/trap/java/classes/java/lang/Object.members/Object.members#65.0-1789983753036-kotlin.trap.gz" }
{ "origin": "CodeQL Kotlin extractor", "timestamp": "2026-09-27 14:17:57", "kind": "INFO", "message": "Finished writing TRAP file /Users/macbook/Octo/static_analysis_codeql_1/codeql-kotlin.db/trap/java/classes/java/lang/Object.members/Object.members#65.0-1789983753036-kotlin.trap.gz" }
{ "origin": "CodeQL Kotlin extractor", "timestamp": "2026-09-27 14:17:57", "kind": "INFO", "message": "Will write TRAP file /Users/macbook/Octo/static_analysis_codeql_1/codeql-kotlin.db/trap/java/classes/kotlin/Any.members/Any.members#-1.0-0-null.trap.gz" }
{ "origin": "CodeQL Kotlin extractor", "timestamp": "2026-09-27 14:17:57", "kind": "INFO", "message": "Finished writing TRAP file /Users/macbook/Octo/static_analysis_codeql_1/codeql-kotlin.db/trap/java/classes/kotlin/Any.members/Any.members#-1.0-0-null.trap.gz" }
{ "origin": "CodeQL Kotlin extractor", "timestamp": "2026-09-27 14:17:57", "kind": "INFO", "message": "Will write TRAP file /Users/macbook/Octo/static_analysis_codeql_1/codeql-kotlin.db/trap/java/classes/java/lang/constant/Constable.members/Constable.members#65.0-1789983753036-kotlin.trap.gz" }
{ "origin": "CodeQL Kotlin extractor", "timestamp": "2026-09-27 14:17:57", "kind": "INFO", "message": "Finished writing TRAP file /Users/macbook/Octo/static_analysis_codeql_1/codeql-kotlin.db/trap/java/classes/java/lang/constant/Constable.members/Constable.members#65.0-1789983753036-kotlin.trap.gz" }
{ "origin": "CodeQL Kotlin extractor", "timestamp": "2026-09-27 14:17:57", "kind": "INFO", "message": "Will write TRAP file /Users/macbook/Octo/static_analysis_codeql_1/codeql-kotlin.db/trap/java/classes/java/lang/Comparable.members/Comparable.members#65.0-1789983753036-kotlin.trap.gz" }
{ "origin": "CodeQL Kotlin extractor", "timestamp": "2026-09-27 14:17:57", "kind": "INFO", "message": "Finished writing TRAP file /Users/macbook/Octo/static_analysis_codeql_1/codeql-kotlin.db/trap/java/classes/java/lang/Comparable.members/Comparable.members#65.0-1789983753036-kotlin.trap.gz" }
{ "origin": "CodeQL Kotlin extractor", "timestamp": "2026-09-27 14:17:57", "kind": "INFO", "message": "Will write TRAP file /Users/macbook/Octo/static_analysis_codeql_1/codeql-kotlin.db/trap/java/classes/kotlin/Comparable.members/Comparable.members#-1.0-0-null.trap.gz" }
{ "origin": "CodeQL Kotlin extractor", "timestamp": "2026-09-27 14:17:57", "kind": "INFO", "message": "Finished writing TRAP file /Users/macbook/Octo/static_analysis_codeql_1/codeql-kotlin.db/trap/java/classes/kotlin/Comparable.members/Comparable.members#-1.0-0-null.trap.gz" }
{ "origin": "CodeQL Kotlin extractor", "timestamp": "2026-09-27 14:17:57", "kind": "INFO", "message": "Will write TRAP file /Users/macbook/Octo/static_analysis_codeql_1/codeql-kotlin.db/trap/java/classes/java/io/Serializable.members/Serializable.members#65.0-1789983753036-kotlin.trap.gz" }
{ "origin": "CodeQL Kotlin extractor", "timestamp": "2026-09-27 14:17:57", "kind": "INFO", "message": "Finished writing TRAP file /Users/macbook/Octo/static_analysis_codeql_1/codeql-kotlin.db/trap/java/classes/java/io/Serializable.members/Serializable.members#65.0-1789983753036-kotlin.trap.gz" }
{ "origin": "CodeQL Kotlin extractor", "timestamp": "2026-09-27 14:17:57", "kind": "INFO", "message": "Will write TRAP file /Users/macbook/Octo/static_analysis_codeql_1/codeql-kotlin.db/trap/java/classes/kotlin/Enum.members/Enum.members#-1.0-0-null.trap.gz" }
{ "origin": "CodeQL Kotlin extractor", "timestamp": "2026-09-27 14:17:57", "kind": "INFO", "message": "Finished writing TRAP file /Users/macbook/Octo/static_analysis_codeql_1/codeql-kotlin.db/trap/java/classes/kotlin/Enum.members/Enum.members#-1.0-0-null.trap.gz" }
{ "origin": "CodeQL Kotlin extractor", "timestamp": "2026-09-27 14:17:57", "kind": "INFO", "message": "Will write TRAP file /Users/macbook/Octo/static_analysis_codeql_1/codeql-kotlin.db/trap/java/classes/java/lang/Integer.members/Integer.members#65.0-1789983753036-kotlin.trap.gz" }
{ "origin": "CodeQL Kotlin extractor", "timestamp": "2026-09-27 14:17:57", "kind": "INFO", "message": "Finished writing TRAP file /Users/macbook/Octo/static_analysis_codeql_1/codeql-kotlin.db/trap/java/classes/java/lang/Integer.members/Integer.members#65.0-1789983753036-kotlin.trap.gz" }
{ "origin": "CodeQL Kotlin extractor", "timestamp": "2026-09-27 14:17:57", "kind": "INFO", "message": "Will write TRAP file /Users/macbook/Octo/static_analysis_codeql_1/codeql-kotlin.db/trap/java/classes/kotlin/Int.members/Int.members#-1.0-0-null.trap.gz" }
{ "origin": "CodeQL Kotlin extractor", "timestamp": "2026-09-27 14:17:57", "kind": "INFO", "message": "Finished writing TRAP file /Users/macbook/Octo/static_analysis_codeql_1/codeql-kotlin.db/trap/java/classes/kotlin/Int.members/Int.members#-1.0-0-null.trap.gz" }
{ "origin": "CodeQL Kotlin extractor", "timestamp": "2026-09-27 14:17:57", "kind": "INFO", "message": "Will write TRAP file /Users/macbook/Octo/static_analysis_codeql_1/codeql-kotlin.db/trap/java/classes/java/lang/String.members/String.members#65.0-1789983753036-kotlin.trap.gz" }
{ "origin": "CodeQL Kotlin extractor", "timestamp": "2026-09-27 14:17:57", "kind": "INFO", "message": "Finished writing TRAP file /Users/macbook/Octo/static_analysis_codeql_1/codeql-kotlin.db/trap/java/classes/java/lang/String.members/String.members#65.0-1789983753036-kotlin.trap.gz" }
{ "origin": "CodeQL Kotlin extractor", "timestamp": "2026-09-27 14:17:57", "kind": "INFO", "message": "Skipping extracting external decl String" }
{ "origin": "CodeQL Kotlin extractor", "timestamp": "2026-09-27 14:17:57", "kind": "INFO", "message": "Skipping extracting external decl Boolean" }
{ "origin": "CodeQL Kotlin extractor", "timestamp": "2026-09-27 14:17:57", "kind": "INFO", "message": "Skipping extracting external decl Boolean" }
{ "origin": "CodeQL Kotlin extractor", "timestamp": "2026-09-27 14:17:57", "kind": "INFO", "message": "Will write TRAP file /Users/macbook/Octo/static_analysis_codeql_1/codeql-kotlin.db/trap/java/classes/java/lang/Class.members/Class.members#65.0-1789983753036-kotlin.trap.gz" }
{ "origin": "CodeQL Kotlin extractor", "timestamp": "2026-09-27 14:17:58", "kind": "INFO", "message": "Finished writing TRAP file /Users/macbook/Octo/static_analysis_codeql_1/codeql-kotlin.db/trap/java/classes/java/lang/Class.members/Class.members#65.0-1789983753036-kotlin.trap.gz" }
{ "origin": "CodeQL Kotlin extractor", "timestamp": "2026-09-27 14:17:58", "kind": "INFO", "message": "Will write TRAP file /Users/macbook/Octo/static_analysis_codeql_1/codeql-kotlin.db/trap/java/classes/java/lang/reflect/GenericDeclaration.members/GenericDeclaration.members#65.0-1789983753036-kotlin.trap.gz" }
{ "origin": "CodeQL Kotlin extractor", "timestamp": "2026-09-27 14:17:58", "kind": "INFO", "message": "Finished writing TRAP file /Users/macbook/Octo/static_analysis_codeql_1/codeql-kotlin.db/trap/java/classes/java/lang/reflect/GenericDeclaration.members/GenericDeclaration.members#65.0-1789983753036-kotlin.trap.gz" }
{ "origin": "CodeQL Kotlin extractor", "timestamp": "2026-09-27 14:17:58", "kind": "INFO", "message": "Will write TRAP file /Users/macbook/Octo/static_analysis_codeql_1/codeql-kotlin.db/trap/java/classes/java/lang/reflect/Type.members/Type.members#65.0-1789983753036-kotlin.trap.gz" }
{ "origin": "CodeQL Kotlin extractor", "timestamp": "2026-09-27 14:17:58", "kind": "INFO", "message": "Finished writing TRAP file /Users/macbook/Octo/static_analysis_codeql_1/codeql-kotlin.db/trap/java/classes/java/lang/reflect/Type.members/Type.members#65.0-1789983753036-kotlin.trap.gz" }
{ "origin": "CodeQL Kotlin extractor", "timestamp": "2026-09-27 14:17:58", "kind": "INFO", "message": "Will write TRAP file /Users/macbook/Octo/static_analysis_codeql_1/codeql-kotlin.db/trap/java/classes/java/lang/reflect/AnnotatedElement.members/AnnotatedElement.members#65.0-1789983753036-kotlin.trap.gz" }
{ "origin": "CodeQL Kotlin extractor", "timestamp": "2026-09-27 14:17:58", "kind": "INFO", "message": "Finished writing TRAP file /Users/macbook/Octo/static_analysis_codeql_1/codeql-kotlin.db/trap/java/classes/java/lang/reflect/AnnotatedElement.members/AnnotatedElement.members#65.0-1789983753036-kotlin.trap.gz" }
{ "origin": "CodeQL Kotlin extractor", "timestamp": "2026-09-27 14:17:58", "kind": "INFO", "message": "Will write TRAP file /Users/macbook/Octo/static_analysis_codeql_1/codeql-kotlin.db/trap/java/classes/java/lang/invoke/TypeDescriptor$OfField.members/TypeDescriptor$OfField.members#65.0-1789983753036-kotlin.trap.gz" }
{ "origin": "CodeQL Kotlin extractor", "timestamp": "2026-09-27 14:17:58", "kind": "INFO", "message": "Finished writing TRAP file /Users/macbook/Octo/static_analysis_codeql_1/codeql-kotlin.db/trap/java/classes/java/lang/invoke/TypeDescriptor$OfField.members/TypeDescriptor$OfField.members#65.0-1789983753036-kotlin.trap.gz" }
{ "origin": "CodeQL Kotlin extractor", "timestamp": "2026-09-27 14:17:58", "kind": "INFO", "message": "Will write TRAP file /Users/macbook/Octo/static_analysis_codeql_1/codeql-kotlin.db/trap/java/classes/java/lang/invoke/TypeDescriptor.members/TypeDescriptor.members#65.0-1789983753036-kotlin.trap.gz" }
{ "origin": "CodeQL Kotlin extractor", "timestamp": "2026-09-27 14:17:58", "kind": "INFO", "message": "Finished writing TRAP file /Users/macbook/Octo/static_analysis_codeql_1/codeql-kotlin.db/trap/java/classes/java/lang/invoke/TypeDescriptor.members/TypeDescriptor.members#65.0-1789983753036-kotlin.trap.gz" }
{ "origin": "CodeQL Kotlin extractor", "timestamp": "2026-09-27 14:17:58", "kind": "INFO", "message": "Will write TRAP file /Users/macbook/Octo/static_analysis_codeql_1/codeql-kotlin.db/trap/java/classes/java/util/Optional.members/Optional.members#65.0-1789983753036-kotlin.trap.gz" }
{ "origin": "CodeQL Kotlin extractor", "timestamp": "2026-09-27 14:17:58", "kind": "INFO", "message": "Finished writing TRAP file /Users/macbook/Octo/static_analysis_codeql_1/codeql-kotlin.db/trap/java/classes/java/util/Optional.members/Optional.members#65.0-1789983753036-kotlin.trap.gz" }
{ "origin": "CodeQL Kotlin extractor", "timestamp": "2026-09-27 14:17:58", "kind": "INFO", "message": "Will write TRAP file /Users/macbook/Octo/static_analysis_codeql_1/codeql-kotlin.db/trap/java/classes/java/lang/Enum$EnumDesc.members/Enum$EnumDesc.members#65.0-1789983753036-kotlin.trap.gz" }
{ "origin": "CodeQL Kotlin extractor", "timestamp": "2026-09-27 14:17:58", "kind": "INFO", "message": "Finished writing TRAP file /Users/macbook/Octo/static_analysis_codeql_1/codeql-kotlin.db/trap/java/classes/java/lang/Enum$EnumDesc.members/Enum$EnumDesc.members#65.0-1789983753036-kotlin.trap.gz" }
{ "origin": "CodeQL Kotlin extractor", "timestamp": "2026-09-27 14:17:58", "kind": "INFO", "message": "Will write TRAP file /Users/macbook/Octo/static_analysis_codeql_1/codeql-kotlin.db/trap/java/classes/java/lang/constant/DynamicConstantDesc.members/DynamicConstantDesc.members#65.0-1789983753036-kotlin.trap.gz" }
{ "origin": "CodeQL Kotlin extractor", "timestamp": "2026-09-27 14:17:58", "kind": "INFO", "message": "Finished writing TRAP file /Users/macbook/Octo/static_analysis_codeql_1/codeql-kotlin.db/trap/java/classes/java/lang/constant/DynamicConstantDesc.members/DynamicConstantDesc.members#65.0-1789983753036-kotlin.trap.gz" }
{ "origin": "CodeQL Kotlin extractor", "timestamp": "2026-09-27 14:17:58", "kind": "INFO", "message": "Will write TRAP file /Users/macbook/Octo/static_analysis_codeql_1/codeql-kotlin.db/trap/java/classes/java/lang/constant/ConstantDesc.members/ConstantDesc.members#65.0-1789983753036-kotlin.trap.gz" }
{ "origin": "CodeQL Kotlin extractor", "timestamp": "2026-09-27 14:17:58", "kind": "INFO", "message": "Finished writing TRAP file /Users/macbook/Octo/static_analysis_codeql_1/codeql-kotlin.db/trap/java/classes/java/lang/constant/ConstantDesc.members/ConstantDesc.members#65.0-1789983753036-kotlin.trap.gz" }
{ "origin": "CodeQL Kotlin extractor", "timestamp": "2026-09-27 14:17:58", "kind": "INFO", "message": "Skipping extracting external decl Cloneable" }
{ "origin": "CodeQL Kotlin extractor", "timestamp": "2026-09-27 14:17:58", "kind": "INFO", "message": "Skipping extracting external decl Cloneable" }
{ "origin": "CodeQL Kotlin extractor", "timestamp": "2026-09-27 14:17:58", "kind": "INFO", "message": "Skipping extracting external decl NotNull" }
{ "origin": "CodeQL Kotlin extractor", "timestamp": "2026-09-27 14:17:58", "kind": "INFO", "message": "Will write TRAP file /Users/macbook/Octo/static_analysis_codeql_1/codeql-kotlin.db/trap/java/classes/kotlin/enums/EnumEntries.members/EnumEntries.members#52.0-318186000000-kotlin.trap.gz" }
{ "origin": "CodeQL Kotlin extractor", "timestamp": "2026-09-27 14:17:58", "kind": "INFO", "message": "Finished writing TRAP file /Users/macbook/Octo/static_analysis_codeql_1/codeql-kotlin.db/trap/java/classes/kotlin/enums/EnumEntries.members/EnumEntries.members#52.0-318186000000-kotlin.trap.gz" }
{ "origin": "CodeQL Kotlin extractor", "timestamp": "2026-09-27 14:17:58", "kind": "INFO", "message": "Skipping extracting external decl List" }
{ "origin": "CodeQL Kotlin extractor", "timestamp": "2026-09-27 14:17:58", "kind": "INFO", "message": "Skipping extracting external decl SequencedCollection" }
{ "origin": "CodeQL Kotlin extractor", "timestamp": "2026-09-27 14:17:58", "kind": "INFO", "message": "Skipping extracting external decl Collection" }
{ "origin": "CodeQL Kotlin extractor", "timestamp": "2026-09-27 14:17:58", "kind": "INFO", "message": "Skipping extracting external decl Iterable" }
{ "origin": "CodeQL Kotlin extractor", "timestamp": "2026-09-27 14:17:58", "kind": "INFO", "message": "Skipping extracting external decl MutableIterable" }
{ "origin": "CodeQL Kotlin extractor", "timestamp": "2026-09-27 14:17:58", "kind": "INFO", "message": "Skipping extracting external decl MutableCollection" }
{ "origin": "CodeQL Kotlin extractor", "timestamp": "2026-09-27 14:17:58", "kind": "INFO", "message": "Skipping extracting external decl List" }
{ "origin": "CodeQL Kotlin extractor", "timestamp": "2026-09-27 14:17:58", "kind": "INFO", "message": "Will write TRAP file /Users/macbook/Octo/static_analysis_codeql_1/codeql-kotlin.db/trap/java/classes/java/lang/Deprecated.members/Deprecated.members#65.0-1789983753036-kotlin.trap.gz" }
{ "origin": "CodeQL Kotlin extractor", "timestamp": "2026-09-27 14:17:58", "kind": "INFO", "message": "Finished writing TRAP file /Users/macbook/Octo/static_analysis_codeql_1/codeql-kotlin.db/trap/java/classes/java/lang/Deprecated.members/Deprecated.members#65.0-1789983753036-kotlin.trap.gz" }
{ "origin": "CodeQL Kotlin extractor", "timestamp": "2026-09-27 14:17:58", "kind": "INFO", "message": "Will write TRAP file /Users/macbook/Octo/static_analysis_codeql_1/codeql-kotlin.db/trap/java/classes/jdk/internal/vm/annotation/IntrinsicCandidate.members/IntrinsicCandidate.members#65.0-1789983753036-kotlin.trap.gz" }
{ "origin": "CodeQL Kotlin extractor", "timestamp": "2026-09-27 14:17:58", "kind": "INFO", "message": "Finished writing TRAP file /Users/macbook/Octo/static_analysis_codeql_1/codeql-kotlin.db/trap/java/classes/jdk/internal/vm/annotation/IntrinsicCandidate.members/IntrinsicCandidate.members#65.0-1789983753036-kotlin.trap.gz" }
{ "origin": "CodeQL Kotlin extractor", "timestamp": "2026-09-27 14:17:58", "kind": "INFO", "message": "Will write TRAP file /Users/macbook/Octo/static_analysis_codeql_1/codeql-kotlin.db/trap/java/classes/java/lang/Long.members/Long.members#65.0-1789983753036-kotlin.trap.gz" }
{ "origin": "CodeQL Kotlin extractor", "timestamp": "2026-09-27 14:17:58", "kind": "INFO", "message": "Finished writing TRAP file /Users/macbook/Octo/static_analysis_codeql_1/codeql-kotlin.db/trap/java/classes/java/lang/Long.members/Long.members#65.0-1789983753036-kotlin.trap.gz" }
{ "origin": "CodeQL Kotlin extractor", "timestamp": "2026-09-27 14:17:58", "kind": "INFO", "message": "Will write TRAP file /Users/macbook/Octo/static_analysis_codeql_1/codeql-kotlin.db/trap/java/classes/kotlin/Long.members/Long.members#-1.0-0-null.trap.gz" }
{ "origin": "CodeQL Kotlin extractor", "timestamp": "2026-09-27 14:17:58", "kind": "INFO", "message": "Finished writing TRAP file /Users/macbook/Octo/static_analysis_codeql_1/codeql-kotlin.db/trap/java/classes/kotlin/Long.members/Long.members#-1.0-0-null.trap.gz" }
{ "origin": "CodeQL Kotlin extractor", "timestamp": "2026-09-27 14:17:58", "kind": "INFO", "message": "Will write TRAP file /Users/macbook/Octo/static_analysis_codeql_1/codeql-kotlin.db/trap/java/classes/kotlin/Enum$Companion.members/Enum$Companion.members#-1.0-0-null.trap.gz" }
{ "origin": "CodeQL Kotlin extractor", "timestamp": "2026-09-27 14:17:58", "kind": "INFO", "message": "Finished writing TRAP file /Users/macbook/Octo/static_analysis_codeql_1/codeql-kotlin.db/trap/java/classes/kotlin/Enum$Companion.members/Enum$Companion.members#-1.0-0-null.trap.gz" }
{ "origin": "CodeQL Kotlin extractor", "timestamp": "2026-09-27 14:17:58", "kind": "INFO", "message": "Will write TRAP file /Users/macbook/Octo/static_analysis_codeql_1/codeql-kotlin.db/trap/java/classes/java/lang/invoke/MethodHandles$Lookup.members/MethodHandles$Lookup.members#65.0-1789983753036-kotlin.trap.gz" }
{ "origin": "CodeQL Kotlin extractor", "timestamp": "2026-09-27 14:17:58", "kind": "INFO", "message": "Finished writing TRAP file /Users/macbook/Octo/static_analysis_codeql_1/codeql-kotlin.db/trap/java/classes/java/lang/invoke/MethodHandles$Lookup.members/MethodHandles$Lookup.members#65.0-1789983753036-kotlin.trap.gz" }
{ "origin": "CodeQL Kotlin extractor", "timestamp": "2026-09-27 14:17:58", "kind": "INFO", "message": "Will write TRAP file /Users/macbook/Octo/static_analysis_codeql_1/codeql-kotlin.db/trap/java/classes/java/lang/Double.members/Double.members#65.0-1789983753036-kotlin.trap.gz" }
{ "origin": "CodeQL Kotlin extractor", "timestamp": "2026-09-27 14:17:58", "kind": "INFO", "message": "Finished writing TRAP file /Users/macbook/Octo/static_analysis_codeql_1/codeql-kotlin.db/trap/java/classes/java/lang/Double.members/Double.members#65.0-1789983753036-kotlin.trap.gz" }
{ "origin": "CodeQL Kotlin extractor", "timestamp": "2026-09-27 14:17:58", "kind": "INFO", "message": "Will write TRAP file /Users/macbook/Octo/static_analysis_codeql_1/codeql-kotlin.db/trap/java/classes/kotlin/Double.members/Double.members#-1.0-0-null.trap.gz" }
{ "origin": "CodeQL Kotlin extractor", "timestamp": "2026-09-27 14:17:58", "kind": "INFO", "message": "Finished writing TRAP file /Users/macbook/Octo/static_analysis_codeql_1/codeql-kotlin.db/trap/java/classes/kotlin/Double.members/Double.members#-1.0-0-null.trap.gz" }
{ "origin": "CodeQL Kotlin extractor", "timestamp": "2026-09-27 14:17:58", "kind": "INFO", "message": "Will write TRAP file /Users/macbook/Octo/static_analysis_codeql_1/codeql-kotlin.db/trap/java/classes/java/lang/Float.members/Float.members#65.0-1789983753036-kotlin.trap.gz" }
{ "origin": "CodeQL Kotlin extractor", "timestamp": "2026-09-27 14:17:58", "kind": "INFO", "message": "Finished writing TRAP file /Users/macbook/Octo/static_analysis_codeql_1/codeql-kotlin.db/trap/java/classes/java/lang/Float.members/Float.members#65.0-1789983753036-kotlin.trap.gz" }
{ "origin": "CodeQL Kotlin extractor", "timestamp": "2026-09-27 14:17:58", "kind": "INFO", "message": "Will write TRAP file /Users/macbook/Octo/static_analysis_codeql_1/codeql-kotlin.db/trap/java/classes/kotlin/Float.members/Float.members#-1.0-0-null.trap.gz" }
{ "origin": "CodeQL Kotlin extractor", "timestamp": "2026-09-27 14:17:58", "kind": "INFO", "message": "Finished writing TRAP file /Users/macbook/Octo/static_analysis_codeql_1/codeql-kotlin.db/trap/java/classes/kotlin/Float.members/Float.members#-1.0-0-null.trap.gz" }
{ "origin": "CodeQL Kotlin extractor", "timestamp": "2026-09-27 14:17:58", "kind": "INFO", "message": "Will write TRAP file /Users/macbook/Octo/static_analysis_codeql_1/codeql-kotlin.db/trap/java/classes/java/lang/Short.members/Short.members#65.0-1789983753036-kotlin.trap.gz" }
{ "origin": "CodeQL Kotlin extractor", "timestamp": "2026-09-27 14:17:58", "kind": "INFO", "message": "Finished writing TRAP file /Users/macbook/Octo/static_analysis_codeql_1/codeql-kotlin.db/trap/java/classes/java/lang/Short.members/Short.members#65.0-1789983753036-kotlin.trap.gz" }
{ "origin": "CodeQL Kotlin extractor", "timestamp": "2026-09-27 14:17:58", "kind": "INFO", "message": "Will write TRAP file /Users/macbook/Octo/static_analysis_codeql_1/codeql-kotlin.db/trap/java/classes/kotlin/Short.members/Short.members#-1.0-0-null.trap.gz" }
{ "origin": "CodeQL Kotlin extractor", "timestamp": "2026-09-27 14:17:58", "kind": "INFO", "message": "Finished writing TRAP file /Users/macbook/Octo/static_analysis_codeql_1/codeql-kotlin.db/trap/java/classes/kotlin/Short.members/Short.members#-1.0-0-null.trap.gz" }
{ "origin": "CodeQL Kotlin extractor", "timestamp": "2026-09-27 14:17:58", "kind": "INFO", "message": "Skipping extracting external decl Byte" }
{ "origin": "CodeQL Kotlin extractor", "timestamp": "2026-09-27 14:17:58", "kind": "INFO", "message": "Skipping extracting external decl Byte" }
{ "origin": "CodeQL Kotlin extractor", "timestamp": "2026-09-27 14:17:58", "kind": "INFO", "message": "Will write TRAP file /Users/macbook/Octo/static_analysis_codeql_1/codeql-kotlin.db/trap/java/classes/java/lang/Character.members/Character.members#65.0-1789983753036-kotlin.trap.gz" }
{ "origin": "CodeQL Kotlin extractor", "timestamp": "2026-09-27 14:17:58", "kind": "INFO", "message": "Finished writing TRAP file /Users/macbook/Octo/static_analysis_codeql_1/codeql-kotlin.db/trap/java/classes/java/lang/Character.members/Character.members#65.0-1789983753036-kotlin.trap.gz" }
{ "origin": "CodeQL Kotlin extractor", "timestamp": "2026-09-27 14:17:58", "kind": "INFO", "message": "Will write TRAP file /Users/macbook/Octo/static_analysis_codeql_1/codeql-kotlin.db/trap/java/classes/kotlin/Char.members/Char.members#-1.0-0-null.trap.gz" }
{ "origin": "CodeQL Kotlin extractor", "timestamp": "2026-09-27 14:17:58", "kind": "INFO", "message": "Finished writing TRAP file /Users/macbook/Octo/static_analysis_codeql_1/codeql-kotlin.db/trap/java/classes/kotlin/Char.members/Char.members#-1.0-0-null.trap.gz" }
{ "origin": "CodeQL Kotlin extractor", "timestamp": "2026-09-27 14:17:58", "kind": "INFO", "message": "Skipping extracting external decl CharSequence" }
{ "origin": "CodeQL Kotlin extractor", "timestamp": "2026-09-27 14:17:58", "kind": "INFO", "message": "Skipping extracting external decl CharSequence" }
{ "origin": "CodeQL Kotlin extractor", "timestamp": "2026-09-27 14:17:58", "kind": "INFO", "message": "Will write TRAP file /Users/macbook/Octo/static_analysis_codeql_1/codeql-kotlin.db/trap/java/classes/java/lang/Number.members/Number.members#65.0-1789983753036-kotlin.trap.gz" }
{ "origin": "CodeQL Kotlin extractor", "timestamp": "2026-09-27 14:17:58", "kind": "INFO", "message": "Finished writing TRAP file /Users/macbook/Octo/static_analysis_codeql_1/codeql-kotlin.db/trap/java/classes/java/lang/Number.members/Number.members#65.0-1789983753036-kotlin.trap.gz" }
{ "origin": "CodeQL Kotlin extractor", "timestamp": "2026-09-27 14:17:58", "kind": "INFO", "message": "Will write TRAP file /Users/macbook/Octo/static_analysis_codeql_1/codeql-kotlin.db/trap/java/classes/kotlin/Number.members/Number.members#-1.0-0-null.trap.gz" }
{ "origin": "CodeQL Kotlin extractor", "timestamp": "2026-09-27 14:17:58", "kind": "INFO", "message": "Finished writing TRAP file /Users/macbook/Octo/static_analysis_codeql_1/codeql-kotlin.db/trap/java/classes/kotlin/Number.members/Number.members#-1.0-0-null.trap.gz" }
{ "origin": "CodeQL Kotlin extractor", "timestamp": "2026-09-27 14:17:58", "kind": "INFO", "message": "Will write TRAP file /Users/macbook/Octo/static_analysis_codeql_1/codeql-kotlin.db/trap/java/classes/jdk/internal/ValueBased.members/ValueBased.members#65.0-1789983753036-kotlin.trap.gz" }
{ "origin": "CodeQL Kotlin extractor", "timestamp": "2026-09-27 14:17:58", "kind": "INFO", "message": "Finished writing TRAP file /Users/macbook/Octo/static_analysis_codeql_1/codeql-kotlin.db/trap/java/classes/jdk/internal/ValueBased.members/ValueBased.members#65.0-1789983753036-kotlin.trap.gz" }
{ "origin": "CodeQL Kotlin extractor", "timestamp": "2026-09-27 14:17:58", "kind": "INFO", "message": "Will write TRAP file /Users/macbook/Octo/static_analysis_codeql_1/codeql-kotlin.db/trap/java/classes/kotlin/Int$Companion.members/Int$Companion.members#-1.0-0-null.trap.gz" }
{ "origin": "CodeQL Kotlin extractor", "timestamp": "2026-09-27 14:17:58", "kind": "INFO", "message": "Finished writing TRAP file /Users/macbook/Octo/static_analysis_codeql_1/codeql-kotlin.db/trap/java/classes/kotlin/Int$Companion.members/Int$Companion.members#-1.0-0-null.trap.gz" }
{ "origin": "CodeQL Kotlin extractor", "timestamp": "2026-09-27 14:17:58", "kind": "INFO", "message": "Will write TRAP file /Users/macbook/Octo/static_analysis_codeql_1/codeql-kotlin.db/trap/java/classes/kotlin/internal/IntrinsicConstEvaluation.members/IntrinsicConstEvaluation.members#52.0-318186000000-kotlin.trap.gz" }
{ "origin": "CodeQL Kotlin extractor", "timestamp": "2026-09-27 14:17:58", "kind": "INFO", "message": "Finished writing TRAP file /Users/macbook/Octo/static_analysis_codeql_1/codeql-kotlin.db/trap/java/classes/kotlin/internal/IntrinsicConstEvaluation.members/IntrinsicConstEvaluation.members#52.0-318186000000-kotlin.trap.gz" }
{ "origin": "CodeQL Kotlin extractor", "timestamp": "2026-09-27 14:17:58", "kind": "INFO", "message": "Will write TRAP file /Users/macbook/Octo/static_analysis_codeql_1/codeql-kotlin.db/trap/java/classes/kotlin/SinceKotlin.members/SinceKotlin.members#52.0-318186000000-kotlin.trap.gz" }
{ "origin": "CodeQL Kotlin extractor", "timestamp": "2026-09-27 14:17:58", "kind": "INFO", "message": "Finished writing TRAP file /Users/macbook/Octo/static_analysis_codeql_1/codeql-kotlin.db/trap/java/classes/kotlin/SinceKotlin.members/SinceKotlin.members#52.0-318186000000-kotlin.trap.gz" }
{ "origin": "CodeQL Kotlin extractor", "timestamp": "2026-09-27 14:17:58", "kind": "INFO", "message": "Will write TRAP file /Users/macbook/Octo/static_analysis_codeql_1/codeql-kotlin.db/trap/java/classes/kotlin/ranges/IntRange.members/IntRange.members#52.0-318186000000-kotlin.trap.gz" }
{ "origin": "CodeQL Kotlin extractor", "timestamp": "2026-09-27 14:17:58", "kind": "INFO", "message": "Finished writing TRAP file /Users/macbook/Octo/static_analysis_codeql_1/codeql-kotlin.db/trap/java/classes/kotlin/ranges/IntRange.members/IntRange.members#52.0-318186000000-kotlin.trap.gz" }
{ "origin": "CodeQL Kotlin extractor", "timestamp": "2026-09-27 14:17:58", "kind": "INFO", "message": "Will write TRAP file /Users/macbook/Octo/static_analysis_codeql_1/codeql-kotlin.db/trap/java/classes/kotlin/ranges/LongRange.members/LongRange.members#52.0-318186000000-kotlin.trap.gz" }
{ "origin": "CodeQL Kotlin extractor", "timestamp": "2026-09-27 14:17:58", "kind": "INFO", "message": "Finished writing TRAP file /Users/macbook/Octo/static_analysis_codeql_1/codeql-kotlin.db/trap/java/classes/kotlin/ranges/LongRange.members/LongRange.members#52.0-318186000000-kotlin.trap.gz" }
{ "origin": "CodeQL Kotlin extractor", "timestamp": "2026-09-27 14:17:58", "kind": "INFO", "message": "Will write TRAP file /Users/macbook/Octo/static_analysis_codeql_1/codeql-kotlin.db/trap/java/classes/kotlin/WasExperimental.members/WasExperimental.members#52.0-318186000000-kotlin.trap.gz" }
{ "origin": "CodeQL Kotlin extractor", "timestamp": "2026-09-27 14:17:58", "kind": "INFO", "message": "Finished writing TRAP file /Users/macbook/Octo/static_analysis_codeql_1/codeql-kotlin.db/trap/java/classes/kotlin/WasExperimental.members/WasExperimental.members#52.0-318186000000-kotlin.trap.gz" }
{ "origin": "CodeQL Kotlin extractor", "timestamp": "2026-09-27 14:17:58", "kind": "INFO", "message": "Skipping extracting external decl Annotation" }
{ "origin": "CodeQL Kotlin extractor", "timestamp": "2026-09-27 14:17:58", "kind": "INFO", "message": "Skipping extracting external decl Annotation" }
{ "origin": "CodeQL Kotlin extractor", "timestamp": "2026-09-27 14:17:58", "kind": "INFO", "message": "Will write TRAP file /Users/macbook/Octo/static_analysis_codeql_1/codeql-kotlin.db/trap/java/classes/kotlin/ExperimentalStdlibApi.members/ExperimentalStdlibApi.members#52.0-318186000000-kotlin.trap.gz" }
{ "origin": "CodeQL Kotlin extractor", "timestamp": "2026-09-27 14:17:58", "kind": "INFO", "message": "Finished writing TRAP file /Users/macbook/Octo/static_analysis_codeql_1/codeql-kotlin.db/trap/java/classes/kotlin/ExperimentalStdlibApi.members/ExperimentalStdlibApi.members#52.0-318186000000-kotlin.trap.gz" }
{ "origin": "CodeQL Kotlin extractor", "timestamp": "2026-09-27 14:17:58", "kind": "INFO", "message": "Skipping extracting external decl Charset" }
{ "origin": "CodeQL Kotlin extractor", "timestamp": "2026-09-27 14:17:58", "kind": "INFO", "message": "Skipping extracting external decl StringBuffer" }
{ "origin": "CodeQL Kotlin extractor", "timestamp": "2026-09-27 14:17:58", "kind": "INFO", "message": "Skipping extracting external decl StringBuilder" }
{ "origin": "CodeQL Kotlin extractor", "timestamp": "2026-09-27 14:17:58", "kind": "INFO", "message": "Will write TRAP file /Users/macbook/Octo/static_analysis_codeql_1/codeql-kotlin.db/trap/java/classes/java/lang/AbstractStringBuilder.members/AbstractStringBuilder.members#65.0-1789983753036-kotlin.trap.gz" }
{ "origin": "CodeQL Kotlin extractor", "timestamp": "2026-09-27 14:17:58", "kind": "INFO", "message": "Finished writing TRAP file /Users/macbook/Octo/static_analysis_codeql_1/codeql-kotlin.db/trap/java/classes/java/lang/AbstractStringBuilder.members/AbstractStringBuilder.members#65.0-1789983753036-kotlin.trap.gz" }
{ "origin": "CodeQL Kotlin extractor", "timestamp": "2026-09-27 14:17:58", "kind": "INFO", "message": "Skipping extracting external decl Void" }
{ "origin": "CodeQL Kotlin extractor", "timestamp": "2026-09-27 14:17:58", "kind": "INFO", "message": "Will write TRAP file /Users/macbook/Octo/static_analysis_codeql_1/codeql-kotlin.db/trap/java/classes/java/util/Locale.members/Locale.members#65.0-1789983753036-kotlin.trap.gz" }
{ "origin": "CodeQL Kotlin extractor", "timestamp": "2026-09-27 14:17:58", "kind": "INFO", "message": "Finished writing TRAP file /Users/macbook/Octo/static_analysis_codeql_1/codeql-kotlin.db/trap/java/classes/java/util/Locale.members/Locale.members#65.0-1789983753036-kotlin.trap.gz" }
{ "origin": "CodeQL Kotlin extractor", "timestamp": "2026-09-27 14:17:58", "kind": "INFO", "message": "Skipping extracting external decl Stream" }
{ "origin": "CodeQL Kotlin extractor", "timestamp": "2026-09-27 14:17:58", "kind": "INFO", "message": "Skipping extracting external decl BaseStream" }
{ "origin": "CodeQL Kotlin extractor", "timestamp": "2026-09-27 14:17:58", "kind": "INFO", "message": "Skipping extracting external decl AutoCloseable" }
{ "origin": "CodeQL Kotlin extractor", "timestamp": "2026-09-27 14:17:58", "kind": "INFO", "message": "Skipping extracting external decl Function" }
{ "origin": "CodeQL Kotlin extractor", "timestamp": "2026-09-27 14:17:58", "kind": "INFO", "message": "Skipping extracting external decl IntStream" }
{ "origin": "CodeQL Kotlin extractor", "timestamp": "2026-09-27 14:17:58", "kind": "INFO", "message": "Skipping extracting external decl Comparator" }
{ "origin": "CodeQL Kotlin extractor", "timestamp": "2026-09-27 14:17:58", "kind": "INFO", "message": "Will write TRAP file /Users/macbook/Octo/static_analysis_codeql_1/codeql-kotlin.db/trap/java/classes/jdk/internal/vm/annotation/ForceInline.members/ForceInline.members#65.0-1789983753036-kotlin.trap.gz" }
{ "origin": "CodeQL Kotlin extractor", "timestamp": "2026-09-27 14:17:58", "kind": "INFO", "message": "Finished writing TRAP file /Users/macbook/Octo/static_analysis_codeql_1/codeql-kotlin.db/trap/java/classes/jdk/internal/vm/annotation/ForceInline.members/ForceInline.members#65.0-1789983753036-kotlin.trap.gz" }
{ "origin": "CodeQL Kotlin extractor", "timestamp": "2026-09-27 14:17:58", "kind": "INFO", "message": "Skipping extracting external decl Map" }
{ "origin": "CodeQL Kotlin extractor", "timestamp": "2026-09-27 14:17:58", "kind": "INFO", "message": "Skipping extracting external decl MutableMap" }
{ "origin": "CodeQL Kotlin extractor", "timestamp": "2026-09-27 14:17:58", "kind": "INFO", "message": "Will write TRAP file /Users/macbook/Octo/static_analysis_codeql_1/codeql-kotlin.db/trap/java/classes/java/lang/ClassValue$ClassValueMap.members/ClassValue$ClassValueMap.members#65.0-1789983753036-kotlin.trap.gz" }
{ "origin": "CodeQL Kotlin extractor", "timestamp": "2026-09-27 14:17:59", "kind": "INFO", "message": "Finished writing TRAP file /Users/macbook/Octo/static_analysis_codeql_1/codeql-kotlin.db/trap/java/classes/java/lang/ClassValue$ClassValueMap.members/ClassValue$ClassValueMap.members#65.0-1789983753036-kotlin.trap.gz" }
{ "origin": "CodeQL Kotlin extractor", "timestamp": "2026-09-27 14:17:59", "kind": "INFO", "message": "Will write TRAP file /Users/macbook/Octo/static_analysis_codeql_1/codeql-kotlin.db/trap/java/classes/jdk/internal/reflect/CallerSensitive.members/CallerSensitive.members#65.0-1789983753036-kotlin.trap.gz" }
{ "origin": "CodeQL Kotlin extractor", "timestamp": "2026-09-27 14:17:59", "kind": "INFO", "message": "Finished writing TRAP file /Users/macbook/Octo/static_analysis_codeql_1/codeql-kotlin.db/trap/java/classes/jdk/internal/reflect/CallerSensitive.members/CallerSensitive.members#65.0-1789983753036-kotlin.trap.gz" }
{ "origin": "CodeQL Kotlin extractor", "timestamp": "2026-09-27 14:17:59", "kind": "INFO", "message": "Will write TRAP file /Users/macbook/Octo/static_analysis_codeql_1/codeql-kotlin.db/trap/java/classes/java/lang/ClassLoader.members/ClassLoader.members#65.0-1789983753036-kotlin.trap.gz" }
{ "origin": "CodeQL Kotlin extractor", "timestamp": "2026-09-27 14:17:59", "kind": "INFO", "message": "Finished writing TRAP file /Users/macbook/Octo/static_analysis_codeql_1/codeql-kotlin.db/trap/java/classes/java/lang/ClassLoader.members/ClassLoader.members#65.0-1789983753036-kotlin.trap.gz" }
{ "origin": "CodeQL Kotlin extractor", "timestamp": "2026-09-27 14:17:59", "kind": "INFO", "message": "Will write TRAP file /Users/macbook/Octo/static_analysis_codeql_1/codeql-kotlin.db/trap/java/classes/java/lang/Module.members/Module.members#65.0-1789983753036-kotlin.trap.gz" }
{ "origin": "CodeQL Kotlin extractor", "timestamp": "2026-09-27 14:17:59", "kind": "INFO", "message": "Finished writing TRAP file /Users/macbook/Octo/static_analysis_codeql_1/codeql-kotlin.db/trap/java/classes/java/lang/Module.members/Module.members#65.0-1789983753036-kotlin.trap.gz" }
{ "origin": "CodeQL Kotlin extractor", "timestamp": "2026-09-27 14:17:59", "kind": "INFO", "message": "Will write TRAP file /Users/macbook/Octo/static_analysis_codeql_1/codeql-kotlin.db/trap/java/classes/java/lang/reflect/TypeVariable.members/TypeVariable.members#65.0-1789983753036-kotlin.trap.gz" }
{ "origin": "CodeQL Kotlin extractor", "timestamp": "2026-09-27 14:17:59", "kind": "INFO", "message": "Finished writing TRAP file /Users/macbook/Octo/static_analysis_codeql_1/codeql-kotlin.db/trap/java/classes/java/lang/reflect/TypeVariable.members/TypeVariable.members#65.0-1789983753036-kotlin.trap.gz" }
{ "origin": "CodeQL Kotlin extractor", "timestamp": "2026-09-27 14:17:59", "kind": "INFO", "message": "Will write TRAP file /Users/macbook/Octo/static_analysis_codeql_1/codeql-kotlin.db/trap/java/classes/java/lang/Package.members/Package.members#65.0-1789983753036-kotlin.trap.gz" }
{ "origin": "CodeQL Kotlin extractor", "timestamp": "2026-09-27 14:17:59", "kind": "INFO", "message": "Finished writing TRAP file /Users/macbook/Octo/static_analysis_codeql_1/codeql-kotlin.db/trap/java/classes/java/lang/Package.members/Package.members#65.0-1789983753036-kotlin.trap.gz" }
{ "origin": "CodeQL Kotlin extractor", "timestamp": "2026-09-27 14:17:59", "kind": "INFO", "message": "Skipping extracting external decl Set" }
{ "origin": "CodeQL Kotlin extractor", "timestamp": "2026-09-27 14:17:59", "kind": "INFO", "message": "Skipping extracting external decl MutableSet" }
{ "origin": "CodeQL Kotlin extractor", "timestamp": "2026-09-27 14:17:59", "kind": "INFO", "message": "Will write TRAP file /Users/macbook/Octo/static_analysis_codeql_1/codeql-kotlin.db/trap/java/classes/java/lang/reflect/AccessFlag.members/AccessFlag.members#65.0-1789983753036-kotlin.trap.gz" }
{ "origin": "CodeQL Kotlin extractor", "timestamp": "2026-09-27 14:17:59", "kind": "INFO", "message": "Finished writing TRAP file /Users/macbook/Octo/static_analysis_codeql_1/codeql-kotlin.db/trap/java/classes/java/lang/reflect/AccessFlag.members/AccessFlag.members#65.0-1789983753036-kotlin.trap.gz" }
{ "origin": "CodeQL Kotlin extractor", "timestamp": "2026-09-27 14:17:59", "kind": "INFO", "message": "Will write TRAP file /Users/macbook/Octo/static_analysis_codeql_1/codeql-kotlin.db/trap/java/classes/java/lang/reflect/Method.members/Method.members#65.0-1789983753036-kotlin.trap.gz" }
{ "origin": "CodeQL Kotlin extractor", "timestamp": "2026-09-27 14:17:59", "kind": "INFO", "message": "Finished writing TRAP file /Users/macbook/Octo/static_analysis_codeql_1/codeql-kotlin.db/trap/java/classes/java/lang/reflect/Method.members/Method.members#65.0-1789983753036-kotlin.trap.gz" }
{ "origin": "CodeQL Kotlin extractor", "timestamp": "2026-09-27 14:17:59", "kind": "INFO", "message": "Will write TRAP file /Users/macbook/Octo/static_analysis_codeql_1/codeql-kotlin.db/trap/java/classes/java/lang/reflect/Constructor.members/Constructor.members#65.0-1789983753036-kotlin.trap.gz" }
{ "origin": "CodeQL Kotlin extractor", "timestamp": "2026-09-27 14:17:59", "kind": "INFO", "message": "Finished writing TRAP file /Users/macbook/Octo/static_analysis_codeql_1/codeql-kotlin.db/trap/java/classes/java/lang/reflect/Constructor.members/Constructor.members#65.0-1789983753036-kotlin.trap.gz" }
{ "origin": "CodeQL Kotlin extractor", "timestamp": "2026-09-27 14:17:59", "kind": "INFO", "message": "Will write TRAP file /Users/macbook/Octo/static_analysis_codeql_1/codeql-kotlin.db/trap/java/classes/java/lang/reflect/Executable.members/Executable.members#65.0-1789983753036-kotlin.trap.gz" }
{ "origin": "CodeQL Kotlin extractor", "timestamp": "2026-09-27 14:17:59", "kind": "INFO", "message": "Finished writing TRAP file /Users/macbook/Octo/static_analysis_codeql_1/codeql-kotlin.db/trap/java/classes/java/lang/reflect/Executable.members/Executable.members#65.0-1789983753036-kotlin.trap.gz" }
{ "origin": "CodeQL Kotlin extractor", "timestamp": "2026-09-27 14:17:59", "kind": "INFO", "message": "Will write TRAP file /Users/macbook/Octo/static_analysis_codeql_1/codeql-kotlin.db/trap/java/classes/jdk/internal/javac/PreviewFeature.members/PreviewFeature.members#65.0-1789983753036-kotlin.trap.gz" }
{ "origin": "CodeQL Kotlin extractor", "timestamp": "2026-09-27 14:17:59", "kind": "INFO", "message": "Finished writing TRAP file /Users/macbook/Octo/static_analysis_codeql_1/codeql-kotlin.db/trap/java/classes/jdk/internal/javac/PreviewFeature.members/PreviewFeature.members#65.0-1789983753036-kotlin.trap.gz" }
{ "origin": "CodeQL Kotlin extractor", "timestamp": "2026-09-27 14:17:59", "kind": "INFO", "message": "Will write TRAP file /Users/macbook/Octo/static_analysis_codeql_1/codeql-kotlin.db/trap/java/classes/jdk/internal/javac/PreviewFeature$Feature.members/PreviewFeature$Feature.members#65.0-1789983753036-kotlin.trap.gz" }
{ "origin": "CodeQL Kotlin extractor", "timestamp": "2026-09-27 14:17:59", "kind": "INFO", "message": "Finished writing TRAP file /Users/macbook/Octo/static_analysis_codeql_1/codeql-kotlin.db/trap/java/classes/jdk/internal/javac/PreviewFeature$Feature.members/PreviewFeature$Feature.members#65.0-1789983753036-kotlin.trap.gz" }
{ "origin": "CodeQL Kotlin extractor", "timestamp": "2026-09-27 14:17:59", "kind": "INFO", "message": "Will write TRAP file /Users/macbook/Octo/static_analysis_codeql_1/codeql-kotlin.db/trap/java/classes/java/lang/reflect/Field.members/Field.members#65.0-1789983753036-kotlin.trap.gz" }
{ "origin": "CodeQL Kotlin extractor", "timestamp": "2026-09-27 14:17:59", "kind": "INFO", "message": "Finished writing TRAP file /Users/macbook/Octo/static_analysis_codeql_1/codeql-kotlin.db/trap/java/classes/java/lang/reflect/Field.members/Field.members#65.0-1789983753036-kotlin.trap.gz" }
{ "origin": "CodeQL Kotlin extractor", "timestamp": "2026-09-27 14:17:59", "kind": "INFO", "message": "Will write TRAP file /Users/macbook/Octo/static_analysis_codeql_1/codeql-kotlin.db/trap/java/classes/java/lang/reflect/RecordComponent.members/RecordComponent.members#65.0-1789983753036-kotlin.trap.gz" }
{ "origin": "CodeQL Kotlin extractor", "timestamp": "2026-09-27 14:17:59", "kind": "INFO", "message": "Finished writing TRAP file /Users/macbook/Octo/static_analysis_codeql_1/codeql-kotlin.db/trap/java/classes/java/lang/reflect/RecordComponent.members/RecordComponent.members#65.0-1789983753036-kotlin.trap.gz" }
{ "origin": "CodeQL Kotlin extractor", "timestamp": "2026-09-27 14:17:59", "kind": "INFO", "message": "Skipping extracting external decl MutableList" }
{ "origin": "CodeQL Kotlin extractor", "timestamp": "2026-09-27 14:17:59", "kind": "INFO", "message": "Will write TRAP file /Users/macbook/Octo/static_analysis_codeql_1/codeql-kotlin.db/trap/java/classes/java/io/InputStream.members/InputStream.members#65.0-1789983753036-kotlin.trap.gz" }
{ "origin": "CodeQL Kotlin extractor", "timestamp": "2026-09-27 14:17:59", "kind": "INFO", "message": "Finished writing TRAP file /Users/macbook/Octo/static_analysis_codeql_1/codeql-kotlin.db/trap/java/classes/java/io/InputStream.members/InputStream.members#65.0-1789983753036-kotlin.trap.gz" }
{ "origin": "CodeQL Kotlin extractor", "timestamp": "2026-09-27 14:17:59", "kind": "INFO", "message": "Will write TRAP file /Users/macbook/Octo/static_analysis_codeql_1/codeql-kotlin.db/trap/java/classes/java/net/URL.members/URL.members#65.0-1789983753036-kotlin.trap.gz" }
{ "origin": "CodeQL Kotlin extractor", "timestamp": "2026-09-27 14:17:59", "kind": "INFO", "message": "Finished writing TRAP file /Users/macbook/Octo/static_analysis_codeql_1/codeql-kotlin.db/trap/java/classes/java/net/URL.members/URL.members#65.0-1789983753036-kotlin.trap.gz" }
{ "origin": "CodeQL Kotlin extractor", "timestamp": "2026-09-27 14:17:59", "kind": "INFO", "message": "Will write TRAP file /Users/macbook/Octo/static_analysis_codeql_1/codeql-kotlin.db/trap/java/classes/java/security/ProtectionDomain.members/ProtectionDomain.members#65.0-1789983753036-kotlin.trap.gz" }
{ "origin": "CodeQL Kotlin extractor", "timestamp": "2026-09-27 14:17:59", "kind": "INFO", "message": "Finished writing TRAP file /Users/macbook/Octo/static_analysis_codeql_1/codeql-kotlin.db/trap/java/classes/java/security/ProtectionDomain.members/ProtectionDomain.members#65.0-1789983753036-kotlin.trap.gz" }
{ "origin": "CodeQL Kotlin extractor", "timestamp": "2026-09-27 14:17:59", "kind": "INFO", "message": "Will write TRAP file /Users/macbook/Octo/static_analysis_codeql_1/codeql-kotlin.db/trap/java/classes/jdk/internal/reflect/ConstantPool.members/ConstantPool.members#65.0-1789983753036-kotlin.trap.gz" }
{ "origin": "CodeQL Kotlin extractor", "timestamp": "2026-09-27 14:17:59", "kind": "INFO", "message": "Finished writing TRAP file /Users/macbook/Octo/static_analysis_codeql_1/codeql-kotlin.db/trap/java/classes/jdk/internal/reflect/ConstantPool.members/ConstantPool.members#65.0-1789983753036-kotlin.trap.gz" }
{ "origin": "CodeQL Kotlin extractor", "timestamp": "2026-09-27 14:17:59", "kind": "INFO", "message": "Will write TRAP file /Users/macbook/Octo/static_analysis_codeql_1/codeql-kotlin.db/trap/java/classes/sun/reflect/annotation/AnnotationType.members/AnnotationType.members#65.0-1789983753036-kotlin.trap.gz" }
{ "origin": "CodeQL Kotlin extractor", "timestamp": "2026-09-27 14:17:59", "kind": "INFO", "message": "Finished writing TRAP file /Users/macbook/Octo/static_analysis_codeql_1/codeql-kotlin.db/trap/java/classes/sun/reflect/annotation/AnnotationType.members/AnnotationType.members#65.0-1789983753036-kotlin.trap.gz" }
{ "origin": "CodeQL Kotlin extractor", "timestamp": "2026-09-27 14:17:59", "kind": "INFO", "message": "Will write TRAP file /Users/macbook/Octo/static_analysis_codeql_1/codeql-kotlin.db/trap/java/classes/java/lang/reflect/AnnotatedType.members/AnnotatedType.members#65.0-1789983753036-kotlin.trap.gz" }
{ "origin": "CodeQL Kotlin extractor", "timestamp": "2026-09-27 14:17:59", "kind": "INFO", "message": "Finished writing TRAP file /Users/macbook/Octo/static_analysis_codeql_1/codeql-kotlin.db/trap/java/classes/java/lang/reflect/AnnotatedType.members/AnnotatedType.members#65.0-1789983753036-kotlin.trap.gz" }
{ "origin": "CodeQL Kotlin extractor", "timestamp": "2026-09-27 14:17:59", "kind": "INFO", "message": "Will write TRAP file /Users/macbook/Octo/static_analysis_codeql_1/codeql-kotlin.db/trap/java/classes/java/lang/constant/ClassDesc.members/ClassDesc.members#65.0-1789983753036-kotlin.trap.gz" }
{ "origin": "CodeQL Kotlin extractor", "timestamp": "2026-09-27 14:17:59", "kind": "INFO", "message": "Finished writing TRAP file /Users/macbook/Octo/static_analysis_codeql_1/codeql-kotlin.db/trap/java/classes/java/lang/constant/ClassDesc.members/ClassDesc.members#65.0-1789983753036-kotlin.trap.gz" }
{ "origin": "CodeQL Kotlin extractor", "timestamp": "2026-09-27 14:17:59", "kind": "INFO", "message": "Will write TRAP file /Users/macbook/Octo/static_analysis_codeql_1/codeql-kotlin.db/trap/java/classes/java/lang/invoke/TypeDescriptor$OfMethod.members/TypeDescriptor$OfMethod.members#65.0-1789983753036-kotlin.trap.gz" }
{ "origin": "CodeQL Kotlin extractor", "timestamp": "2026-09-27 14:17:59", "kind": "INFO", "message": "Finished writing TRAP file /Users/macbook/Octo/static_analysis_codeql_1/codeql-kotlin.db/trap/java/classes/java/lang/invoke/TypeDescriptor$OfMethod.members/TypeDescriptor$OfMethod.members#65.0-1789983753036-kotlin.trap.gz" }
{ "origin": "CodeQL Kotlin extractor", "timestamp": "2026-09-27 14:17:59", "kind": "INFO", "message": "Skipping extracting external decl Consumer" }
{ "origin": "CodeQL Kotlin extractor", "timestamp": "2026-09-27 14:17:59", "kind": "INFO", "message": "Skipping extracting external decl Runnable" }
{ "origin": "CodeQL Kotlin extractor", "timestamp": "2026-09-27 14:17:59", "kind": "INFO", "message": "Skipping extracting external decl Predicate" }
{ "origin": "CodeQL Kotlin extractor", "timestamp": "2026-09-27 14:17:59", "kind": "INFO", "message": "Skipping extracting external decl Supplier" }
{ "origin": "CodeQL Kotlin extractor", "timestamp": "2026-09-27 14:17:59", "kind": "INFO", "message": "Skipping extracting external decl Throwable" }
{ "origin": "CodeQL Kotlin extractor", "timestamp": "2026-09-27 14:17:59", "kind": "INFO", "message": "Skipping extracting external decl Throwable" }
{ "origin": "CodeQL Kotlin extractor", "timestamp": "2026-09-27 14:17:59", "kind": "INFO", "message": "Will write TRAP file /Users/macbook/Octo/static_analysis_codeql_1/codeql-kotlin.db/trap/java/classes/java/lang/constant/DirectMethodHandleDesc.members/DirectMethodHandleDesc.members#65.0-1789983753036-kotlin.trap.gz" }
{ "origin": "CodeQL Kotlin extractor", "timestamp": "2026-09-27 14:17:59", "kind": "INFO", "message": "Finished writing TRAP file /Users/macbook/Octo/static_analysis_codeql_1/codeql-kotlin.db/trap/java/classes/java/lang/constant/DirectMethodHandleDesc.members/DirectMethodHandleDesc.members#65.0-1789983753036-kotlin.trap.gz" }
{ "origin": "CodeQL Kotlin extractor", "timestamp": "2026-09-27 14:17:59", "kind": "INFO", "message": "Skipping extracting external decl IntFunction" }
{ "origin": "CodeQL Kotlin extractor", "timestamp": "2026-09-27 14:17:59", "kind": "INFO", "message": "Skipping extracting external decl Spliterator" }
{ "origin": "CodeQL Kotlin extractor", "timestamp": "2026-09-27 14:17:59", "kind": "INFO", "message": "Skipping extracting external decl Iterator" }
{ "origin": "CodeQL Kotlin extractor", "timestamp": "2026-09-27 14:17:59", "kind": "INFO", "message": "Skipping extracting external decl MutableIterator" }
{ "origin": "CodeQL Kotlin extractor", "timestamp": "2026-09-27 14:17:59", "kind": "INFO", "message": "Skipping extracting external decl Collection" }
{ "origin": "CodeQL Kotlin extractor", "timestamp": "2026-09-27 14:17:59", "kind": "INFO", "message": "Skipping extracting external decl UnaryOperator" }
{ "origin": "CodeQL Kotlin extractor", "timestamp": "2026-09-27 14:17:59", "kind": "INFO", "message": "Skipping extracting external decl ListIterator" }
{ "origin": "CodeQL Kotlin extractor", "timestamp": "2026-09-27 14:17:59", "kind": "INFO", "message": "Skipping extracting external decl MutableListIterator" }
{ "origin": "CodeQL Kotlin extractor", "timestamp": "2026-09-27 14:17:59", "kind": "INFO", "message": "Skipping extracting external decl MustBeDocumented" }
{ "origin": "CodeQL Kotlin extractor", "timestamp": "2026-09-27 14:17:59", "kind": "INFO", "message": "Skipping extracting external decl Retention" }
{ "origin": "CodeQL Kotlin extractor", "timestamp": "2026-09-27 14:17:59", "kind": "INFO", "message": "Skipping extracting external decl AnnotationRetention" }
{ "origin": "CodeQL Kotlin extractor", "timestamp": "2026-09-27 14:17:59", "kind": "INFO", "message": "Skipping extracting external decl Target" }
{ "origin": "CodeQL Kotlin extractor", "timestamp": "2026-09-27 14:17:59", "kind": "INFO", "message": "Skipping extracting external decl AnnotationTarget" }
{ "origin": "CodeQL Kotlin extractor", "timestamp": "2026-09-27 14:17:59", "kind": "INFO", "message": "Will write TRAP file /Users/macbook/Octo/static_analysis_codeql_1/codeql-kotlin.db/trap/java/classes/kotlin/Long$Companion.members/Long$Companion.members#-1.0-0-null.trap.gz" }
{ "origin": "CodeQL Kotlin extractor", "timestamp": "2026-09-27 14:17:59", "kind": "INFO", "message": "Finished writing TRAP file /Users/macbook/Octo/static_analysis_codeql_1/codeql-kotlin.db/trap/java/classes/kotlin/Long$Companion.members/Long$Companion.members#-1.0-0-null.trap.gz" }
{ "origin": "CodeQL Kotlin extractor", "timestamp": "2026-09-27 14:17:59", "kind": "INFO", "message": "Will write TRAP file /Users/macbook/Octo/static_analysis_codeql_1/codeql-kotlin.db/trap/java/classes/kotlin/Deprecated.members/Deprecated.members#52.0-318186000000-kotlin.trap.gz" }
{ "origin": "CodeQL Kotlin extractor", "timestamp": "2026-09-27 14:17:59", "kind": "INFO", "message": "Finished writing TRAP file /Users/macbook/Octo/static_analysis_codeql_1/codeql-kotlin.db/trap/java/classes/kotlin/Deprecated.members/Deprecated.members#52.0-318186000000-kotlin.trap.gz" }
{ "origin": "CodeQL Kotlin extractor", "timestamp": "2026-09-27 14:17:59", "kind": "INFO", "message": "Will write TRAP file /Users/macbook/Octo/static_analysis_codeql_1/codeql-kotlin.db/trap/java/classes/kotlin/ReplaceWith.members/ReplaceWith.members#52.0-318186000000-kotlin.trap.gz" }
{ "origin": "CodeQL Kotlin extractor", "timestamp": "2026-09-27 14:17:59", "kind": "INFO", "message": "Finished writing TRAP file /Users/macbook/Octo/static_analysis_codeql_1/codeql-kotlin.db/trap/java/classes/kotlin/ReplaceWith.members/ReplaceWith.members#52.0-318186000000-kotlin.trap.gz" }
{ "origin": "CodeQL Kotlin extractor", "timestamp": "2026-09-27 14:17:59", "kind": "INFO", "message": "Will write TRAP file /Users/macbook/Octo/static_analysis_codeql_1/codeql-kotlin.db/trap/java/classes/kotlin/DeprecationLevel.members/DeprecationLevel.members#52.0-318186000000-kotlin.trap.gz" }
{ "origin": "CodeQL Kotlin extractor", "timestamp": "2026-09-27 14:17:59", "kind": "INFO", "message": "Finished writing TRAP file /Users/macbook/Octo/static_analysis_codeql_1/codeql-kotlin.db/trap/java/classes/kotlin/DeprecationLevel.members/DeprecationLevel.members#52.0-318186000000-kotlin.trap.gz" }
{ "origin": "CodeQL Kotlin extractor", "timestamp": "2026-09-27 14:17:59", "kind": "INFO", "message": "Will write TRAP file /Users/macbook/Octo/static_analysis_codeql_1/codeql-kotlin.db/trap/java/classes/kotlin/DeprecatedSinceKotlin.members/DeprecatedSinceKotlin.members#52.0-318186000000-kotlin.trap.gz" }
{ "origin": "CodeQL Kotlin extractor", "timestamp": "2026-09-27 14:17:59", "kind": "INFO", "message": "Finished writing TRAP file /Users/macbook/Octo/static_analysis_codeql_1/codeql-kotlin.db/trap/java/classes/kotlin/DeprecatedSinceKotlin.members/DeprecatedSinceKotlin.members#52.0-318186000000-kotlin.trap.gz" }
{ "origin": "CodeQL Kotlin extractor", "timestamp": "2026-09-27 14:17:59", "kind": "INFO", "message": "Will write TRAP file /Users/macbook/Octo/static_analysis_codeql_1/codeql-kotlin.db/trap/java/classes/kotlin/jvm/internal/EnumCompanionObject.members/EnumCompanionObject.members#52.0-318186000000-kotlin.trap.gz" }
{ "origin": "CodeQL Kotlin extractor", "timestamp": "2026-09-27 14:17:59", "kind": "INFO", "message": "Finished writing TRAP file /Users/macbook/Octo/static_analysis_codeql_1/codeql-kotlin.db/trap/java/classes/kotlin/jvm/internal/EnumCompanionObject.members/EnumCompanionObject.members#52.0-318186000000-kotlin.trap.gz" }
{ "origin": "CodeQL Kotlin extractor", "timestamp": "2026-09-27 14:17:59", "kind": "INFO", "message": "Will write TRAP file /Users/macbook/Octo/static_analysis_codeql_1/codeql-kotlin.db/trap/java/classes/java/lang/invoke/MethodHandles.members/MethodHandles.members#65.0-1789983753036-kotlin.trap.gz" }
{ "origin": "CodeQL Kotlin extractor", "timestamp": "2026-09-27 14:17:59", "kind": "INFO", "message": "Finished writing TRAP file /Users/macbook/Octo/static_analysis_codeql_1/codeql-kotlin.db/trap/java/classes/java/lang/invoke/MethodHandles.members/MethodHandles.members#65.0-1789983753036-kotlin.trap.gz" }
{ "origin": "CodeQL Kotlin extractor", "timestamp": "2026-09-27 14:17:59", "kind": "INFO", "message": "Will write TRAP file /Users/macbook/Octo/static_analysis_codeql_1/codeql-kotlin.db/trap/java/classes/java/lang/invoke/MethodHandles$Lookup$ClassDefiner.members/MethodHandles$Lookup$ClassDefiner.members#65.0-1789983753036-kotlin.trap.gz" }
{ "origin": "CodeQL Kotlin extractor", "timestamp": "2026-09-27 14:17:59", "kind": "INFO", "message": "Finished writing TRAP file /Users/macbook/Octo/static_analysis_codeql_1/codeql-kotlin.db/trap/java/classes/java/lang/invoke/MethodHandles$Lookup$ClassDefiner.members/MethodHandles$Lookup$ClassDefiner.members#65.0-1789983753036-kotlin.trap.gz" }
{ "origin": "CodeQL Kotlin extractor", "timestamp": "2026-09-27 14:17:59", "kind": "INFO", "message": "Will write TRAP file /Users/macbook/Octo/static_analysis_codeql_1/codeql-kotlin.db/trap/java/classes/java/lang/invoke/MethodHandles$Lookup$ClassOption.members/MethodHandles$Lookup$ClassOption.members#65.0-1789983753036-kotlin.trap.gz" }
{ "origin": "CodeQL Kotlin extractor", "timestamp": "2026-09-27 14:17:59", "kind": "INFO", "message": "Finished writing TRAP file /Users/macbook/Octo/static_analysis_codeql_1/codeql-kotlin.db/trap/java/classes/java/lang/invoke/MethodHandles$Lookup$ClassOption.members/MethodHandles$Lookup$ClassOption.members#65.0-1789983753036-kotlin.trap.gz" }
{ "origin": "CodeQL Kotlin extractor", "timestamp": "2026-09-27 14:17:59", "kind": "INFO", "message": "Will write TRAP file /Users/macbook/Octo/static_analysis_codeql_1/codeql-kotlin.db/trap/java/classes/java/lang/invoke/MethodHandles$Lookup$ClassFile.members/MethodHandles$Lookup$ClassFile.members#65.0-1789983753036-kotlin.trap.gz" }
{ "origin": "CodeQL Kotlin extractor", "timestamp": "2026-09-27 14:17:59", "kind": "INFO", "message": "Finished writing TRAP file /Users/macbook/Octo/static_analysis_codeql_1/codeql-kotlin.db/trap/java/classes/java/lang/invoke/MethodHandles$Lookup$ClassFile.members/MethodHandles$Lookup$ClassFile.members#65.0-1789983753036-kotlin.trap.gz" }
{ "origin": "CodeQL Kotlin extractor", "timestamp": "2026-09-27 14:17:59", "kind": "INFO", "message": "Will write TRAP file /Users/macbook/Octo/static_analysis_codeql_1/codeql-kotlin.db/trap/java/classes/jdk/internal/util/ClassFileDumper.members/ClassFileDumper.members#65.0-1789983753036-kotlin.trap.gz" }
{ "origin": "CodeQL Kotlin extractor", "timestamp": "2026-09-27 14:17:59", "kind": "INFO", "message": "Finished writing TRAP file /Users/macbook/Octo/static_analysis_codeql_1/codeql-kotlin.db/trap/java/classes/jdk/internal/util/ClassFileDumper.members/ClassFileDumper.members#65.0-1789983753036-kotlin.trap.gz" }
{ "origin": "CodeQL Kotlin extractor", "timestamp": "2026-09-27 14:17:59", "kind": "INFO", "message": "Will write TRAP file /Users/macbook/Octo/static_analysis_codeql_1/codeql-kotlin.db/trap/java/classes/java/lang/invoke/MethodType.members/MethodType.members#65.0-1789983753036-kotlin.trap.gz" }
{ "origin": "CodeQL Kotlin extractor", "timestamp": "2026-09-27 14:17:59", "kind": "INFO", "message": "Finished writing TRAP file /Users/macbook/Octo/static_analysis_codeql_1/codeql-kotlin.db/trap/java/classes/java/lang/invoke/MethodType.members/MethodType.members#65.0-1789983753036-kotlin.trap.gz" }
{ "origin": "CodeQL Kotlin extractor", "timestamp": "2026-09-27 14:17:59", "kind": "INFO", "message": "Will write TRAP file /Users/macbook/Octo/static_analysis_codeql_1/codeql-kotlin.db/trap/java/classes/java/lang/invoke/MethodHandle.members/MethodHandle.members#65.0-1789983753036-kotlin.trap.gz" }
{ "origin": "CodeQL Kotlin extractor", "timestamp": "2026-09-27 14:17:59", "kind": "INFO", "message": "Finished writing TRAP file /Users/macbook/Octo/static_analysis_codeql_1/codeql-kotlin.db/trap/java/classes/java/lang/invoke/MethodHandle.members/MethodHandle.members#65.0-1789983753036-kotlin.trap.gz" }
{ "origin": "CodeQL Kotlin extractor", "timestamp": "2026-09-27 14:17:59", "kind": "INFO", "message": "Will write TRAP file /Users/macbook/Octo/static_analysis_codeql_1/codeql-kotlin.db/trap/java/classes/java/lang/invoke/VarHandle.members/VarHandle.members#65.0-1789983753036-kotlin.trap.gz" }
{ "origin": "CodeQL Kotlin extractor", "timestamp": "2026-09-27 14:17:59", "kind": "INFO", "message": "Finished writing TRAP file /Users/macbook/Octo/static_analysis_codeql_1/codeql-kotlin.db/trap/java/classes/java/lang/invoke/VarHandle.members/VarHandle.members#65.0-1789983753036-kotlin.trap.gz" }
{ "origin": "CodeQL Kotlin extractor", "timestamp": "2026-09-27 14:17:59", "kind": "INFO", "message": "Will write TRAP file /Users/macbook/Octo/static_analysis_codeql_1/codeql-kotlin.db/trap/java/classes/java/lang/invoke/MethodHandleInfo.members/MethodHandleInfo.members#65.0-1789983753036-kotlin.trap.gz" }
{ "origin": "CodeQL Kotlin extractor", "timestamp": "2026-09-27 14:17:59", "kind": "INFO", "message": "Finished writing TRAP file /Users/macbook/Octo/static_analysis_codeql_1/codeql-kotlin.db/trap/java/classes/java/lang/invoke/MethodHandleInfo.members/MethodHandleInfo.members#65.0-1789983753036-kotlin.trap.gz" }
{ "origin": "CodeQL Kotlin extractor", "timestamp": "2026-09-27 14:17:59", "kind": "INFO", "message": "Will write TRAP file /Users/macbook/Octo/static_analysis_codeql_1/codeql-kotlin.db/trap/java/classes/java/lang/invoke/MemberName.members/MemberName.members#65.0-1789983753036-kotlin.trap.gz" }
{ "origin": "CodeQL Kotlin extractor", "timestamp": "2026-09-27 14:17:59", "kind": "INFO", "message": "Finished writing TRAP file /Users/macbook/Octo/static_analysis_codeql_1/codeql-kotlin.db/trap/java/classes/java/lang/invoke/MemberName.members/MemberName.members#65.0-1789983753036-kotlin.trap.gz" }
{ "origin": "CodeQL Kotlin extractor", "timestamp": "2026-09-27 14:17:59", "kind": "INFO", "message": "Will write TRAP file /Users/macbook/Octo/static_analysis_codeql_1/codeql-kotlin.db/trap/java/classes/java/lang/invoke/DirectMethodHandle.members/DirectMethodHandle.members#65.0-1789983753036-kotlin.trap.gz" }
{ "origin": "CodeQL Kotlin extractor", "timestamp": "2026-09-27 14:17:59", "kind": "INFO", "message": "Finished writing TRAP file /Users/macbook/Octo/static_analysis_codeql_1/codeql-kotlin.db/trap/java/classes/java/lang/invoke/DirectMethodHandle.members/DirectMethodHandle.members#65.0-1789983753036-kotlin.trap.gz" }
{ "origin": "CodeQL Kotlin extractor", "timestamp": "2026-09-27 14:17:59", "kind": "INFO", "message": "Will write TRAP file /Users/macbook/Octo/static_analysis_codeql_1/codeql-kotlin.db/trap/java/classes/java/util/concurrent/ConcurrentHashMap.members/ConcurrentHashMap.members#65.0-1789983753036-kotlin.trap.gz" }
{ "origin": "CodeQL Kotlin extractor", "timestamp": "2026-09-27 14:17:59", "kind": "INFO", "message": "Finished writing TRAP file /Users/macbook/Octo/static_analysis_codeql_1/codeql-kotlin.db/trap/java/classes/java/util/concurrent/ConcurrentHashMap.members/ConcurrentHashMap.members#65.0-1789983753036-kotlin.trap.gz" }
{ "origin": "CodeQL Kotlin extractor", "timestamp": "2026-09-27 14:17:59", "kind": "INFO", "message": "Skipping extracting external decl AbstractMap" }
{ "origin": "CodeQL Kotlin extractor", "timestamp": "2026-09-27 14:17:59", "kind": "INFO", "message": "Will write TRAP file /Users/macbook/Octo/static_analysis_codeql_1/codeql-kotlin.db/trap/java/classes/java/util/concurrent/ConcurrentMap.members/ConcurrentMap.members#65.0-1789983753036-kotlin.trap.gz" }
{ "origin": "CodeQL Kotlin extractor", "timestamp": "2026-09-27 14:17:59", "kind": "INFO", "message": "Finished writing TRAP file /Users/macbook/Octo/static_analysis_codeql_1/codeql-kotlin.db/trap/java/classes/java/util/concurrent/ConcurrentMap.members/ConcurrentMap.members#65.0-1789983753036-kotlin.trap.gz" }
{ "origin": "CodeQL Kotlin extractor", "timestamp": "2026-09-27 14:17:59", "kind": "INFO", "message": "Will write TRAP file /Users/macbook/Octo/static_analysis_codeql_1/codeql-kotlin.db/trap/java/classes/kotlin/Double$Companion.members/Double$Companion.members#-1.0-0-null.trap.gz" }
{ "origin": "CodeQL Kotlin extractor", "timestamp": "2026-09-27 14:17:59", "kind": "INFO", "message": "Finished writing TRAP file /Users/macbook/Octo/static_analysis_codeql_1/codeql-kotlin.db/trap/java/classes/kotlin/Double$Companion.members/Double$Companion.members#-1.0-0-null.trap.gz" }
{ "origin": "CodeQL Kotlin extractor", "timestamp": "2026-09-27 14:17:59", "kind": "INFO", "message": "Will write TRAP file /Users/macbook/Octo/static_analysis_codeql_1/codeql-kotlin.db/trap/java/classes/kotlin/Float$Companion.members/Float$Companion.members#-1.0-0-null.trap.gz" }
{ "origin": "CodeQL Kotlin extractor", "timestamp": "2026-09-27 14:17:59", "kind": "INFO", "message": "Finished writing TRAP file /Users/macbook/Octo/static_analysis_codeql_1/codeql-kotlin.db/trap/java/classes/kotlin/Float$Companion.members/Float$Companion.members#-1.0-0-null.trap.gz" }
{ "origin": "CodeQL Kotlin extractor", "timestamp": "2026-09-27 14:17:59", "kind": "INFO", "message": "Will write TRAP file /Users/macbook/Octo/static_analysis_codeql_1/codeql-kotlin.db/trap/java/classes/kotlin/Short$Companion.members/Short$Companion.members#-1.0-0-null.trap.gz" }
{ "origin": "CodeQL Kotlin extractor", "timestamp": "2026-09-27 14:17:59", "kind": "INFO", "message": "Finished writing TRAP file /Users/macbook/Octo/static_analysis_codeql_1/codeql-kotlin.db/trap/java/classes/kotlin/Short$Companion.members/Short$Companion.members#-1.0-0-null.trap.gz" }
{ "origin": "CodeQL Kotlin extractor", "timestamp": "2026-09-27 14:17:59", "kind": "INFO", "message": "Skipping extracting external decl Subset" }
{ "origin": "CodeQL Kotlin extractor", "timestamp": "2026-09-27 14:17:59", "kind": "INFO", "message": "Skipping extracting external decl UnicodeScript" }
{ "origin": "CodeQL Kotlin extractor", "timestamp": "2026-09-27 14:17:59", "kind": "INFO", "message": "Skipping extracting external decl UnicodeBlock" }
{ "origin": "CodeQL Kotlin extractor", "timestamp": "2026-09-27 14:17:59", "kind": "INFO", "message": "Will write TRAP file /Users/macbook/Octo/static_analysis_codeql_1/codeql-kotlin.db/trap/java/classes/kotlin/Char$Companion.members/Char$Companion.members#-1.0-0-null.trap.gz" }
{ "origin": "CodeQL Kotlin extractor", "timestamp": "2026-09-27 14:17:59", "kind": "INFO", "message": "Finished writing TRAP file /Users/macbook/Octo/static_analysis_codeql_1/codeql-kotlin.db/trap/java/classes/kotlin/Char$Companion.members/Char$Companion.members#-1.0-0-null.trap.gz" }
{ "origin": "CodeQL Kotlin extractor", "timestamp": "2026-09-27 14:17:59", "kind": "INFO", "message": "Will write TRAP file /Users/macbook/Octo/static_analysis_codeql_1/codeql-kotlin.db/trap/java/classes/kotlin/ranges/CharRange.members/CharRange.members#52.0-318186000000-kotlin.trap.gz" }
{ "origin": "CodeQL Kotlin extractor", "timestamp": "2026-09-27 14:17:59", "kind": "INFO", "message": "Finished writing TRAP file /Users/macbook/Octo/static_analysis_codeql_1/codeql-kotlin.db/trap/java/classes/kotlin/ranges/CharRange.members/CharRange.members#52.0-318186000000-kotlin.trap.gz" }
{ "origin": "CodeQL Kotlin extractor", "timestamp": "2026-09-27 14:17:59", "kind": "INFO", "message": "Will write TRAP file /Users/macbook/Octo/static_analysis_codeql_1/codeql-kotlin.db/trap/java/classes/kotlin/jvm/internal/IntCompanionObject.members/IntCompanionObject.members#52.0-318186000000-kotlin.trap.gz" }
{ "origin": "CodeQL Kotlin extractor", "timestamp": "2026-09-27 14:17:59", "kind": "INFO", "message": "Finished writing TRAP file /Users/macbook/Octo/static_analysis_codeql_1/codeql-kotlin.db/trap/java/classes/kotlin/jvm/internal/IntCompanionObject.members/IntCompanionObject.members#52.0-318186000000-kotlin.trap.gz" }
{ "origin": "CodeQL Kotlin extractor", "timestamp": "2026-09-27 14:17:59", "kind": "INFO", "message": "Skipping extracting external decl ElementType" }
{ "origin": "CodeQL Kotlin extractor", "timestamp": "2026-09-27 14:17:59", "kind": "INFO", "message": "Skipping extracting external decl Target" }
{ "origin": "CodeQL Kotlin extractor", "timestamp": "2026-09-27 14:17:59", "kind": "INFO", "message": "Skipping extracting external decl RetentionPolicy" }
{ "origin": "CodeQL Kotlin extractor", "timestamp": "2026-09-27 14:17:59", "kind": "INFO", "message": "Skipping extracting external decl Retention" }
{ "origin": "CodeQL Kotlin extractor", "timestamp": "2026-09-27 14:17:59", "kind": "INFO", "message": "Skipping extracting external decl Documented" }
{ "origin": "CodeQL Kotlin extractor", "timestamp": "2026-09-27 14:17:59", "kind": "INFO", "message": "Will write TRAP file /Users/macbook/Octo/static_analysis_codeql_1/codeql-kotlin.db/trap/java/classes/kotlin/ranges/IntRange$Companion.members/IntRange$Companion.members#52.0-318186000000-kotlin.trap.gz" }
{ "origin": "CodeQL Kotlin extractor", "timestamp": "2026-09-27 14:17:59", "kind": "INFO", "message": "Finished writing TRAP file /Users/macbook/Octo/static_analysis_codeql_1/codeql-kotlin.db/trap/java/classes/kotlin/ranges/IntRange$Companion.members/IntRange$Companion.members#52.0-318186000000-kotlin.trap.gz" }
{ "origin": "CodeQL Kotlin extractor", "timestamp": "2026-09-27 14:17:59", "kind": "INFO", "message": "Will write TRAP file /Users/macbook/Octo/static_analysis_codeql_1/codeql-kotlin.db/trap/java/classes/kotlin/ranges/IntProgression.members/IntProgression.members#52.0-318186000000-kotlin.trap.gz" }
{ "origin": "CodeQL Kotlin extractor", "timestamp": "2026-09-27 14:17:59", "kind": "INFO", "message": "Finished writing TRAP file /Users/macbook/Octo/static_analysis_codeql_1/codeql-kotlin.db/trap/java/classes/kotlin/ranges/IntProgression.members/IntProgression.members#52.0-318186000000-kotlin.trap.gz" }
{ "origin": "CodeQL Kotlin extractor", "timestamp": "2026-09-27 14:17:59", "kind": "INFO", "message": "Will write TRAP file /Users/macbook/Octo/static_analysis_codeql_1/codeql-kotlin.db/trap/java/classes/kotlin/ranges/ClosedRange.members/ClosedRange.members#52.0-318186000000-kotlin.trap.gz" }
{ "origin": "CodeQL Kotlin extractor", "timestamp": "2026-09-27 14:17:59", "kind": "INFO", "message": "Finished writing TRAP file /Users/macbook/Octo/static_analysis_codeql_1/codeql-kotlin.db/trap/java/classes/kotlin/ranges/ClosedRange.members/ClosedRange.members#52.0-318186000000-kotlin.trap.gz" }
{ "origin": "CodeQL Kotlin extractor", "timestamp": "2026-09-27 14:17:59", "kind": "INFO", "message": "Will write TRAP file /Users/macbook/Octo/static_analysis_codeql_1/codeql-kotlin.db/trap/java/classes/kotlin/ranges/OpenEndRange.members/OpenEndRange.members#52.0-318186000000-kotlin.trap.gz" }
{ "origin": "CodeQL Kotlin extractor", "timestamp": "2026-09-27 14:17:59", "kind": "INFO", "message": "Finished writing TRAP file /Users/macbook/Octo/static_analysis_codeql_1/codeql-kotlin.db/trap/java/classes/kotlin/ranges/OpenEndRange.members/OpenEndRange.members#52.0-318186000000-kotlin.trap.gz" }
{ "origin": "CodeQL Kotlin extractor", "timestamp": "2026-09-27 14:17:59", "kind": "INFO", "message": "Will write TRAP file /Users/macbook/Octo/static_analysis_codeql_1/codeql-kotlin.db/trap/java/classes/kotlin/ranges/LongRange$Companion.members/LongRange$Companion.members#52.0-318186000000-kotlin.trap.gz" }
{ "origin": "CodeQL Kotlin extractor", "timestamp": "2026-09-27 14:17:59", "kind": "INFO", "message": "Finished writing TRAP file /Users/macbook/Octo/static_analysis_codeql_1/codeql-kotlin.db/trap/java/classes/kotlin/ranges/LongRange$Companion.members/LongRange$Companion.members#52.0-318186000000-kotlin.trap.gz" }
{ "origin": "CodeQL Kotlin extractor", "timestamp": "2026-09-27 14:17:59", "kind": "INFO", "message": "Will write TRAP file /Users/macbook/Octo/static_analysis_codeql_1/codeql-kotlin.db/trap/java/classes/kotlin/ranges/LongProgression.members/LongProgression.members#52.0-318186000000-kotlin.trap.gz" }
{ "origin": "CodeQL Kotlin extractor", "timestamp": "2026-09-27 14:17:59", "kind": "INFO", "message": "Finished writing TRAP file /Users/macbook/Octo/static_analysis_codeql_1/codeql-kotlin.db/trap/java/classes/kotlin/ranges/LongProgression.members/LongProgression.members#52.0-318186000000-kotlin.trap.gz" }
{ "origin": "CodeQL Kotlin extractor", "timestamp": "2026-09-27 14:17:59", "kind": "INFO", "message": "Skipping extracting external decl RequiresOptIn" }
{ "origin": "CodeQL Kotlin extractor", "timestamp": "2026-09-27 14:17:59", "kind": "INFO", "message": "Skipping extracting external decl Level" }
{ "origin": "CodeQL Kotlin extractor", "timestamp": "2026-09-27 14:17:59", "kind": "INFO", "message": "Skipping extracting external decl Appendable" }
{ "origin": "CodeQL Kotlin extractor", "timestamp": "2026-09-27 14:17:59", "kind": "INFO", "message": "Skipping extracting external decl FilteringMode" }
{ "origin": "CodeQL Kotlin extractor", "timestamp": "2026-09-27 14:17:59", "kind": "INFO", "message": "Skipping extracting external decl Builder" }
{ "origin": "CodeQL Kotlin extractor", "timestamp": "2026-09-27 14:17:59", "kind": "INFO", "message": "Skipping extracting external decl Category" }
{ "origin": "CodeQL Kotlin extractor", "timestamp": "2026-09-27 14:17:59", "kind": "INFO", "message": "Skipping extracting external decl LanguageRange" }
{ "origin": "CodeQL Kotlin extractor", "timestamp": "2026-09-27 14:17:59", "kind": "INFO", "message": "Skipping extracting external decl IsoCountryCode" }
{ "origin": "CodeQL Kotlin extractor", "timestamp": "2026-09-27 14:17:59", "kind": "INFO", "message": "Skipping extracting external decl BaseLocale" }
{ "origin": "CodeQL Kotlin extractor", "timestamp": "2026-09-27 14:17:59", "kind": "INFO", "message": "Skipping extracting external decl LocaleExtensions" }
{ "origin": "CodeQL Kotlin extractor", "timestamp": "2026-09-27 14:17:59", "kind": "INFO", "message": "Will write TRAP file /Users/macbook/Octo/static_analysis_codeql_1/codeql-kotlin.db/trap/java/classes/java/lang/ClassValue.members/ClassValue.members#65.0-1789983753036-kotlin.trap.gz" }
{ "origin": "CodeQL Kotlin extractor", "timestamp": "2026-09-27 14:17:59", "kind": "INFO", "message": "Finished writing TRAP file /Users/macbook/Octo/static_analysis_codeql_1/codeql-kotlin.db/trap/java/classes/java/lang/ClassValue.members/ClassValue.members#65.0-1789983753036-kotlin.trap.gz" }
{ "origin": "CodeQL Kotlin extractor", "timestamp": "2026-09-27 14:17:59", "kind": "INFO", "message": "Will write TRAP file /Users/macbook/Octo/static_analysis_codeql_1/codeql-kotlin.db/trap/java/classes/java/lang/ClassValue$Entry.members/ClassValue$Entry.members#65.0-1789983753036-kotlin.trap.gz" }
{ "origin": "CodeQL Kotlin extractor", "timestamp": "2026-09-27 14:17:59", "kind": "INFO", "message": "Finished writing TRAP file /Users/macbook/Octo/static_analysis_codeql_1/codeql-kotlin.db/trap/java/classes/java/lang/ClassValue$Entry.members/ClassValue$Entry.members#65.0-1789983753036-kotlin.trap.gz" }
{ "origin": "CodeQL Kotlin extractor", "timestamp": "2026-09-27 14:17:59", "kind": "INFO", "message": "Will write TRAP file /Users/macbook/Octo/static_analysis_codeql_1/codeql-kotlin.db/trap/java/classes/java/lang/ref/WeakReference.members/WeakReference.members#65.0-1789983753036-kotlin.trap.gz" }
{ "origin": "CodeQL Kotlin extractor", "timestamp": "2026-09-27 14:17:59", "kind": "INFO", "message": "Finished writing TRAP file /Users/macbook/Octo/static_analysis_codeql_1/codeql-kotlin.db/trap/java/classes/java/lang/ref/WeakReference.members/WeakReference.members#65.0-1789983753036-kotlin.trap.gz" }
{ "origin": "CodeQL Kotlin extractor", "timestamp": "2026-09-27 14:17:59", "kind": "INFO", "message": "Will write TRAP file /Users/macbook/Octo/static_analysis_codeql_1/codeql-kotlin.db/trap/java/classes/java/lang/ref/Reference.members/Reference.members#65.0-1789983753036-kotlin.trap.gz" }
{ "origin": "CodeQL Kotlin extractor", "timestamp": "2026-09-27 14:17:59", "kind": "INFO", "message": "Finished writing TRAP file /Users/macbook/Octo/static_analysis_codeql_1/codeql-kotlin.db/trap/java/classes/java/lang/ref/Reference.members/Reference.members#65.0-1789983753036-kotlin.trap.gz" }
{ "origin": "CodeQL Kotlin extractor", "timestamp": "2026-09-27 14:17:59", "kind": "INFO", "message": "Will write TRAP file /Users/macbook/Octo/static_analysis_codeql_1/codeql-kotlin.db/trap/java/classes/java/lang/ClassValue$Version.members/ClassValue$Version.members#65.0-1789983753036-kotlin.trap.gz" }
{ "origin": "CodeQL Kotlin extractor", "timestamp": "2026-09-27 14:17:59", "kind": "INFO", "message": "Finished writing TRAP file /Users/macbook/Octo/static_analysis_codeql_1/codeql-kotlin.db/trap/java/classes/java/lang/ClassValue$Version.members/ClassValue$Version.members#65.0-1789983753036-kotlin.trap.gz" }
{ "origin": "CodeQL Kotlin extractor", "timestamp": "2026-09-27 14:17:59", "kind": "INFO", "message": "Will write TRAP file /Users/macbook/Octo/static_analysis_codeql_1/codeql-kotlin.db/trap/java/classes/java/lang/ClassValue$Identity.members/ClassValue$Identity.members#65.0-1789983753036-kotlin.trap.gz" }
{ "origin": "CodeQL Kotlin extractor", "timestamp": "2026-09-27 14:17:59", "kind": "INFO", "message": "Finished writing TRAP file /Users/macbook/Octo/static_analysis_codeql_1/codeql-kotlin.db/trap/java/classes/java/lang/ClassValue$Identity.members/ClassValue$Identity.members#65.0-1789983753036-kotlin.trap.gz" }
{ "origin": "CodeQL Kotlin extractor", "timestamp": "2026-09-27 14:17:59", "kind": "INFO", "message": "Will write TRAP file /Users/macbook/Octo/static_analysis_codeql_1/codeql-kotlin.db/trap/java/classes/java/util/WeakHashMap.members/WeakHashMap.members#65.0-1789983753036-kotlin.trap.gz" }
{ "origin": "CodeQL Kotlin extractor", "timestamp": "2026-09-27 14:17:59", "kind": "INFO", "message": "Finished writing TRAP file /Users/macbook/Octo/static_analysis_codeql_1/codeql-kotlin.db/trap/java/classes/java/util/WeakHashMap.members/WeakHashMap.members#65.0-1789983753036-kotlin.trap.gz" }
{ "origin": "CodeQL Kotlin extractor", "timestamp": "2026-09-27 14:17:59", "kind": "INFO", "message": "Skipping extracting external decl Entry" }
{ "origin": "CodeQL Kotlin extractor", "timestamp": "2026-09-27 14:17:59", "kind": "INFO", "message": "Skipping extracting external decl MutableEntry" }
{ "origin": "CodeQL Kotlin extractor", "timestamp": "2026-09-27 14:17:59", "kind": "INFO", "message": "Skipping extracting external decl BiConsumer" }
{ "origin": "CodeQL Kotlin extractor", "timestamp": "2026-09-27 14:17:59", "kind": "INFO", "message": "Skipping extracting external decl BiFunction" }
{ "origin": "CodeQL Kotlin extractor", "timestamp": "2026-09-27 14:17:59", "kind": "INFO", "message": "Skipping extracting external decl Map" }
{ "origin": "CodeQL Kotlin extractor", "timestamp": "2026-09-27 14:17:59", "kind": "INFO", "message": "Will write TRAP file /Users/macbook/Octo/static_analysis_codeql_1/codeql-kotlin.db/trap/java/classes/java/util/WeakHashMap$Entry.members/WeakHashMap$Entry.members#65.0-1789983753036-kotlin.trap.gz" }
{ "origin": "CodeQL Kotlin extractor", "timestamp": "2026-09-27 14:17:59", "kind": "INFO", "message": "Finished writing TRAP file /Users/macbook/Octo/static_analysis_codeql_1/codeql-kotlin.db/trap/java/classes/java/util/WeakHashMap$Entry.members/WeakHashMap$Entry.members#65.0-1789983753036-kotlin.trap.gz" }
{ "origin": "CodeQL Kotlin extractor", "timestamp": "2026-09-27 14:17:59", "kind": "INFO", "message": "Skipping extracting external decl ByteBuffer" }
{ "origin": "CodeQL Kotlin extractor", "timestamp": "2026-09-27 14:17:59", "kind": "INFO", "message": "Skipping extracting external decl Enumeration" }
{ "origin": "CodeQL Kotlin extractor", "timestamp": "2026-09-27 14:17:59", "kind": "INFO", "message": "Skipping extracting external decl File" }
{ "origin": "CodeQL Kotlin extractor", "timestamp": "2026-09-27 14:17:59", "kind": "INFO", "message": "Will write TRAP file /Users/macbook/Octo/static_analysis_codeql_1/codeql-kotlin.db/trap/java/classes/jdk/internal/loader/NativeLibrary.members/NativeLibrary.members#65.0-1789983753036-kotlin.trap.gz" }
{ "origin": "CodeQL Kotlin extractor", "timestamp": "2026-09-27 14:17:59", "kind": "INFO", "message": "Finished writing TRAP file /Users/macbook/Octo/static_analysis_codeql_1/codeql-kotlin.db/trap/java/classes/jdk/internal/loader/NativeLibrary.members/NativeLibrary.members#65.0-1789983753036-kotlin.trap.gz" }
{ "origin": "CodeQL Kotlin extractor", "timestamp": "2026-09-27 14:17:59", "kind": "INFO", "message": "Will write TRAP file /Users/macbook/Octo/static_analysis_codeql_1/codeql-kotlin.db/trap/java/classes/java/lang/ModuleLayer.members/ModuleLayer.members#65.0-1789983753036-kotlin.trap.gz" }
{ "origin": "CodeQL Kotlin extractor", "timestamp": "2026-09-27 14:17:59", "kind": "INFO", "message": "Finished writing TRAP file /Users/macbook/Octo/static_analysis_codeql_1/codeql-kotlin.db/trap/java/classes/java/lang/ModuleLayer.members/ModuleLayer.members#65.0-1789983753036-kotlin.trap.gz" }
{ "origin": "CodeQL Kotlin extractor", "timestamp": "2026-09-27 14:17:59", "kind": "INFO", "message": "Will write TRAP file /Users/macbook/Octo/static_analysis_codeql_1/codeql-kotlin.db/trap/java/classes/java/lang/module/ModuleDescriptor.members/ModuleDescriptor.members#65.0-1789983753036-kotlin.trap.gz" }
{ "origin": "CodeQL Kotlin extractor", "timestamp": "2026-09-27 14:17:59", "kind": "INFO", "message": "Finished writing TRAP file /Users/macbook/Octo/static_analysis_codeql_1/codeql-kotlin.db/trap/java/classes/java/lang/module/ModuleDescriptor.members/ModuleDescriptor.members#65.0-1789983753036-kotlin.trap.gz" }
{ "origin": "CodeQL Kotlin extractor", "timestamp": "2026-09-27 14:17:59", "kind": "INFO", "message": "Skipping extracting external decl URI" }
{ "origin": "CodeQL Kotlin extractor", "timestamp": "2026-09-27 14:17:59", "kind": "INFO", "message": "Will write TRAP file /Users/macbook/Octo/static_analysis_codeql_1/codeql-kotlin.db/trap/java/classes/java/lang/module/Configuration.members/Configuration.members#65.0-1789983753036-kotlin.trap.gz" }
{ "origin": "CodeQL Kotlin extractor", "timestamp": "2026-09-27 14:17:59", "kind": "INFO", "message": "Finished writing TRAP file /Users/macbook/Octo/static_analysis_codeql_1/codeql-kotlin.db/trap/java/classes/java/lang/module/Configuration.members/Configuration.members#65.0-1789983753036-kotlin.trap.gz" }
{ "origin": "CodeQL Kotlin extractor", "timestamp": "2026-09-27 14:17:59", "kind": "INFO", "message": "Will write TRAP file /Users/macbook/Octo/static_analysis_codeql_1/codeql-kotlin.db/trap/java/classes/java/lang/Package$VersionInfo.members/Package$VersionInfo.members#65.0-1789983753036-kotlin.trap.gz" }
{ "origin": "CodeQL Kotlin extractor", "timestamp": "2026-09-27 14:17:59", "kind": "INFO", "message": "Finished writing TRAP file /Users/macbook/Octo/static_analysis_codeql_1/codeql-kotlin.db/trap/java/classes/java/lang/Package$VersionInfo.members/Package$VersionInfo.members#65.0-1789983753036-kotlin.trap.gz" }
{ "origin": "CodeQL Kotlin extractor", "timestamp": "2026-09-27 14:17:59", "kind": "INFO", "message": "Will write TRAP file /Users/macbook/Octo/static_analysis_codeql_1/codeql-kotlin.db/trap/java/classes/java/lang/NamedPackage.members/NamedPackage.members#65.0-1789983753036-kotlin.trap.gz" }
{ "origin": "CodeQL Kotlin extractor", "timestamp": "2026-09-27 14:17:59", "kind": "INFO", "message": "Finished writing TRAP file /Users/macbook/Octo/static_analysis_codeql_1/codeql-kotlin.db/trap/java/classes/java/lang/NamedPackage.members/NamedPackage.members#65.0-1789983753036-kotlin.trap.gz" }
{ "origin": "CodeQL Kotlin extractor", "timestamp": "2026-09-27 14:17:59", "kind": "INFO", "message": "Will write TRAP file /Users/macbook/Octo/static_analysis_codeql_1/codeql-kotlin.db/trap/java/classes/java/lang/reflect/AccessFlag$Location.members/AccessFlag$Location.members#65.0-1789983753036-kotlin.trap.gz" }
{ "origin": "CodeQL Kotlin extractor", "timestamp": "2026-09-27 14:18:00", "kind": "INFO", "message": "Finished writing TRAP file /Users/macbook/Octo/static_analysis_codeql_1/codeql-kotlin.db/trap/java/classes/java/lang/reflect/AccessFlag$Location.members/AccessFlag$Location.members#65.0-1789983753036-kotlin.trap.gz" }
{ "origin": "CodeQL Kotlin extractor", "timestamp": "2026-09-27 14:18:00", "kind": "INFO", "message": "Will write TRAP file /Users/macbook/Octo/static_analysis_codeql_1/codeql-kotlin.db/trap/java/classes/java/lang/reflect/ClassFileFormatVersion.members/ClassFileFormatVersion.members#65.0-1789983753036-kotlin.trap.gz" }
{ "origin": "CodeQL Kotlin extractor", "timestamp": "2026-09-27 14:18:00", "kind": "INFO", "message": "Finished writing TRAP file /Users/macbook/Octo/static_analysis_codeql_1/codeql-kotlin.db/trap/java/classes/java/lang/reflect/ClassFileFormatVersion.members/ClassFileFormatVersion.members#65.0-1789983753036-kotlin.trap.gz" }
{ "origin": "CodeQL Kotlin extractor", "timestamp": "2026-09-27 14:18:00", "kind": "INFO", "message": "Will write TRAP file /Users/macbook/Octo/static_analysis_codeql_1/codeql-kotlin.db/trap/java/classes/sun/reflect/generics/repository/MethodRepository.members/MethodRepository.members#65.0-1789983753036-kotlin.trap.gz" }
{ "origin": "CodeQL Kotlin extractor", "timestamp": "2026-09-27 14:18:00", "kind": "INFO", "message": "Finished writing TRAP file /Users/macbook/Octo/static_analysis_codeql_1/codeql-kotlin.db/trap/java/classes/sun/reflect/generics/repository/MethodRepository.members/MethodRepository.members#65.0-1789983753036-kotlin.trap.gz" }
{ "origin": "CodeQL Kotlin extractor", "timestamp": "2026-09-27 14:18:00", "kind": "INFO", "message": "Will write TRAP file /Users/macbook/Octo/static_analysis_codeql_1/codeql-kotlin.db/trap/java/classes/jdk/internal/reflect/MethodAccessor.members/MethodAccessor.members#65.0-1789983753036-kotlin.trap.gz" }
{ "origin": "CodeQL Kotlin extractor", "timestamp": "2026-09-27 14:18:00", "kind": "INFO", "message": "Finished writing TRAP file /Users/macbook/Octo/static_analysis_codeql_1/codeql-kotlin.db/trap/java/classes/jdk/internal/reflect/MethodAccessor.members/MethodAccessor.members#65.0-1789983753036-kotlin.trap.gz" }
{ "origin": "CodeQL Kotlin extractor", "timestamp": "2026-09-27 14:18:00", "kind": "INFO", "message": "Will write TRAP file /Users/macbook/Octo/static_analysis_codeql_1/codeql-kotlin.db/trap/java/classes/sun/reflect/generics/repository/ConstructorRepository.members/ConstructorRepository.members#65.0-1789983753036-kotlin.trap.gz" }
{ "origin": "CodeQL Kotlin extractor", "timestamp": "2026-09-27 14:18:00", "kind": "INFO", "message": "Finished writing TRAP file /Users/macbook/Octo/static_analysis_codeql_1/codeql-kotlin.db/trap/java/classes/sun/reflect/generics/repository/ConstructorRepository.members/ConstructorRepository.members#65.0-1789983753036-kotlin.trap.gz" }
{ "origin": "CodeQL Kotlin extractor", "timestamp": "2026-09-27 14:18:00", "kind": "INFO", "message": "Will write TRAP file /Users/macbook/Octo/static_analysis_codeql_1/codeql-kotlin.db/trap/java/classes/jdk/internal/reflect/ConstructorAccessor.members/ConstructorAccessor.members#65.0-1789983753036-kotlin.trap.gz" }
{ "origin": "CodeQL Kotlin extractor", "timestamp": "2026-09-27 14:18:00", "kind": "INFO", "message": "Finished writing TRAP file /Users/macbook/Octo/static_analysis_codeql_1/codeql-kotlin.db/trap/java/classes/jdk/internal/reflect/ConstructorAccessor.members/ConstructorAccessor.members#65.0-1789983753036-kotlin.trap.gz" }
{ "origin": "CodeQL Kotlin extractor", "timestamp": "2026-09-27 14:18:00", "kind": "INFO", "message": "Will write TRAP file /Users/macbook/Octo/static_analysis_codeql_1/codeql-kotlin.db/trap/java/classes/java/lang/reflect/Executable$ParameterData.members/Executable$ParameterData.members#65.0-1789983753036-kotlin.trap.gz" }
{ "origin": "CodeQL Kotlin extractor", "timestamp": "2026-09-27 14:18:00", "kind": "INFO", "message": "Finished writing TRAP file /Users/macbook/Octo/static_analysis_codeql_1/codeql-kotlin.db/trap/java/classes/java/lang/reflect/Executable$ParameterData.members/Executable$ParameterData.members#65.0-1789983753036-kotlin.trap.gz" }
{ "origin": "CodeQL Kotlin extractor", "timestamp": "2026-09-27 14:18:00", "kind": "INFO", "message": "Will write TRAP file /Users/macbook/Octo/static_analysis_codeql_1/codeql-kotlin.db/trap/java/classes/java/lang/reflect/Parameter.members/Parameter.members#65.0-1789983753036-kotlin.trap.gz" }
{ "origin": "CodeQL Kotlin extractor", "timestamp": "2026-09-27 14:18:00", "kind": "INFO", "message": "Finished writing TRAP file /Users/macbook/Octo/static_analysis_codeql_1/codeql-kotlin.db/trap/java/classes/java/lang/reflect/Parameter.members/Parameter.members#65.0-1789983753036-kotlin.trap.gz" }
{ "origin": "CodeQL Kotlin extractor", "timestamp": "2026-09-27 14:18:00", "kind": "INFO", "message": "Will write TRAP file /Users/macbook/Octo/static_analysis_codeql_1/codeql-kotlin.db/trap/java/classes/java/lang/reflect/AccessibleObject.members/AccessibleObject.members#65.0-1789983753036-kotlin.trap.gz" }
{ "origin": "CodeQL Kotlin extractor", "timestamp": "2026-09-27 14:18:00", "kind": "INFO", "message": "Finished writing TRAP file /Users/macbook/Octo/static_analysis_codeql_1/codeql-kotlin.db/trap/java/classes/java/lang/reflect/AccessibleObject.members/AccessibleObject.members#65.0-1789983753036-kotlin.trap.gz" }
{ "origin": "CodeQL Kotlin extractor", "timestamp": "2026-09-27 14:18:00", "kind": "INFO", "message": "Will write TRAP file /Users/macbook/Octo/static_analysis_codeql_1/codeql-kotlin.db/trap/java/classes/java/lang/reflect/Member.members/Member.members#65.0-1789983753036-kotlin.trap.gz" }
{ "origin": "CodeQL Kotlin extractor", "timestamp": "2026-09-27 14:18:00", "kind": "INFO", "message": "Finished writing TRAP file /Users/macbook/Octo/static_analysis_codeql_1/codeql-kotlin.db/trap/java/classes/java/lang/reflect/Member.members/Member.members#65.0-1789983753036-kotlin.trap.gz" }
{ "origin": "CodeQL Kotlin extractor", "timestamp": "2026-09-27 14:18:00", "kind": "INFO", "message": "Will write TRAP file /Users/macbook/Octo/static_analysis_codeql_1/codeql-kotlin.db/trap/java/classes/jdk/internal/javac/PreviewFeature$JEP.members/PreviewFeature$JEP.members#65.0-1789983753036-kotlin.trap.gz" }
{ "origin": "CodeQL Kotlin extractor", "timestamp": "2026-09-27 14:18:00", "kind": "INFO", "message": "Finished writing TRAP file /Users/macbook/Octo/static_analysis_codeql_1/codeql-kotlin.db/trap/java/classes/jdk/internal/javac/PreviewFeature$JEP.members/PreviewFeature$JEP.members#65.0-1789983753036-kotlin.trap.gz" }
{ "origin": "CodeQL Kotlin extractor", "timestamp": "2026-09-27 14:18:00", "kind": "INFO", "message": "Skipping extracting external decl OutputStream" }
{ "origin": "CodeQL Kotlin extractor", "timestamp": "2026-09-27 14:18:00", "kind": "INFO", "message": "Skipping extracting external decl Closeable" }
{ "origin": "CodeQL Kotlin extractor", "timestamp": "2026-09-27 14:18:00", "kind": "INFO", "message": "Skipping extracting external decl URLStreamHandler" }
{ "origin": "CodeQL Kotlin extractor", "timestamp": "2026-09-27 14:18:00", "kind": "INFO", "message": "Skipping extracting external decl InetAddress" }
{ "origin": "CodeQL Kotlin extractor", "timestamp": "2026-09-27 14:18:00", "kind": "INFO", "message": "Skipping extracting external decl URLConnection" }
{ "origin": "CodeQL Kotlin extractor", "timestamp": "2026-09-27 14:18:00", "kind": "INFO", "message": "Skipping extracting external decl Proxy" }
{ "origin": "CodeQL Kotlin extractor", "timestamp": "2026-09-27 14:18:00", "kind": "INFO", "message": "Skipping extracting external decl Hashtable" }
{ "origin": "CodeQL Kotlin extractor", "timestamp": "2026-09-27 14:18:00", "kind": "INFO", "message": "Skipping extracting external decl Dictionary" }
{ "origin": "CodeQL Kotlin extractor", "timestamp": "2026-09-27 14:18:00", "kind": "INFO", "message": "Skipping extracting external decl URLStreamHandlerFactory" }
{ "origin": "CodeQL Kotlin extractor", "timestamp": "2026-09-27 14:18:00", "kind": "INFO", "message": "Will write TRAP file /Users/macbook/Octo/static_analysis_codeql_1/codeql-kotlin.db/trap/java/classes/java/security/CodeSource.members/CodeSource.members#65.0-1789983753036-kotlin.trap.gz" }
{ "origin": "CodeQL Kotlin extractor", "timestamp": "2026-09-27 14:18:00", "kind": "INFO", "message": "Finished writing TRAP file /Users/macbook/Octo/static_analysis_codeql_1/codeql-kotlin.db/trap/java/classes/java/security/CodeSource.members/CodeSource.members#65.0-1789983753036-kotlin.trap.gz" }
{ "origin": "CodeQL Kotlin extractor", "timestamp": "2026-09-27 14:18:00", "kind": "INFO", "message": "Skipping extracting external decl PermissionCollection" }
{ "origin": "CodeQL Kotlin extractor", "timestamp": "2026-09-27 14:18:00", "kind": "INFO", "message": "Will write TRAP file /Users/macbook/Octo/static_analysis_codeql_1/codeql-kotlin.db/trap/java/classes/java/security/Principal.members/Principal.members#65.0-1789983753036-kotlin.trap.gz" }
{ "origin": "CodeQL Kotlin extractor", "timestamp": "2026-09-27 14:18:00", "kind": "INFO", "message": "Finished writing TRAP file /Users/macbook/Octo/static_analysis_codeql_1/codeql-kotlin.db/trap/java/classes/java/security/Principal.members/Principal.members#65.0-1789983753036-kotlin.trap.gz" }
{ "origin": "CodeQL Kotlin extractor", "timestamp": "2026-09-27 14:18:00", "kind": "INFO", "message": "Will write TRAP file /Users/macbook/Octo/static_analysis_codeql_1/codeql-kotlin.db/trap/java/classes/java/security/ProtectionDomain$Key.members/ProtectionDomain$Key.members#65.0-1789983753036-kotlin.trap.gz" }
{ "origin": "CodeQL Kotlin extractor", "timestamp": "2026-09-27 14:18:00", "kind": "INFO", "message": "Finished writing TRAP file /Users/macbook/Octo/static_analysis_codeql_1/codeql-kotlin.db/trap/java/classes/java/security/ProtectionDomain$Key.members/ProtectionDomain$Key.members#65.0-1789983753036-kotlin.trap.gz" }
{ "origin": "CodeQL Kotlin extractor", "timestamp": "2026-09-27 14:18:00", "kind": "INFO", "message": "Skipping extracting external decl Permission" }
{ "origin": "CodeQL Kotlin extractor", "timestamp": "2026-09-27 14:18:00", "kind": "INFO", "message": "Will write TRAP file /Users/macbook/Octo/static_analysis_codeql_1/codeql-kotlin.db/trap/java/classes/jdk/internal/reflect/ConstantPool$Tag.members/ConstantPool$Tag.members#65.0-1789983753036-kotlin.trap.gz" }
{ "origin": "CodeQL Kotlin extractor", "timestamp": "2026-09-27 14:18:00", "kind": "INFO", "message": "Finished writing TRAP file /Users/macbook/Octo/static_analysis_codeql_1/codeql-kotlin.db/trap/java/classes/jdk/internal/reflect/ConstantPool$Tag.members/ConstantPool$Tag.members#65.0-1789983753036-kotlin.trap.gz" }
{ "origin": "CodeQL Kotlin extractor", "timestamp": "2026-09-27 14:18:00", "kind": "INFO", "message": "Will write TRAP file /Users/macbook/Octo/static_analysis_codeql_1/codeql-kotlin.db/trap/java/classes/java/lang/constant/DirectMethodHandleDesc$Kind.members/DirectMethodHandleDesc$Kind.members#65.0-1789983753036-kotlin.trap.gz" }
{ "origin": "CodeQL Kotlin extractor", "timestamp": "2026-09-27 14:18:00", "kind": "INFO", "message": "Finished writing TRAP file /Users/macbook/Octo/static_analysis_codeql_1/codeql-kotlin.db/trap/java/classes/java/lang/constant/DirectMethodHandleDesc$Kind.members/DirectMethodHandleDesc$Kind.members#65.0-1789983753036-kotlin.trap.gz" }
{ "origin": "CodeQL Kotlin extractor", "timestamp": "2026-09-27 14:18:00", "kind": "INFO", "message": "Will write TRAP file /Users/macbook/Octo/static_analysis_codeql_1/codeql-kotlin.db/trap/java/classes/java/lang/constant/MethodHandleDesc.members/MethodHandleDesc.members#65.0-1789983753036-kotlin.trap.gz" }
{ "origin": "CodeQL Kotlin extractor", "timestamp": "2026-09-27 14:18:00", "kind": "INFO", "message": "Finished writing TRAP file /Users/macbook/Octo/static_analysis_codeql_1/codeql-kotlin.db/trap/java/classes/java/lang/constant/MethodHandleDesc.members/MethodHandleDesc.members#65.0-1789983753036-kotlin.trap.gz" }
{ "origin": "CodeQL Kotlin extractor", "timestamp": "2026-09-27 14:18:00", "kind": "INFO", "message": "Will write TRAP file /Users/macbook/Octo/static_analysis_codeql_1/codeql-kotlin.db/trap/java/classes/kotlin/jvm/internal/LongCompanionObject.members/LongCompanionObject.members#52.0-318186000000-kotlin.trap.gz" }
{ "origin": "CodeQL Kotlin extractor", "timestamp": "2026-09-27 14:18:00", "kind": "INFO", "message": "Finished writing TRAP file /Users/macbook/Octo/static_analysis_codeql_1/codeql-kotlin.db/trap/java/classes/kotlin/jvm/internal/LongCompanionObject.members/LongCompanionObject.members#52.0-318186000000-kotlin.trap.gz" }
{ "origin": "CodeQL Kotlin extractor", "timestamp": "2026-09-27 14:18:00", "kind": "INFO", "message": "Will write TRAP file /Users/macbook/Octo/static_analysis_codeql_1/codeql-kotlin.db/trap/java/classes/java/lang/invoke/MemberName$Factory.members/MemberName$Factory.members#65.0-1789983753036-kotlin.trap.gz" }
{ "origin": "CodeQL Kotlin extractor", "timestamp": "2026-09-27 14:18:00", "kind": "INFO", "message": "Finished writing TRAP file /Users/macbook/Octo/static_analysis_codeql_1/codeql-kotlin.db/trap/java/classes/java/lang/invoke/MemberName$Factory.members/MemberName$Factory.members#65.0-1789983753036-kotlin.trap.gz" }
{ "origin": "CodeQL Kotlin extractor", "timestamp": "2026-09-27 14:18:00", "kind": "INFO", "message": "Skipping extracting external decl ByteOrder" }
{ "origin": "CodeQL Kotlin extractor", "timestamp": "2026-09-27 14:18:00", "kind": "INFO", "message": "Will write TRAP file /Users/macbook/Octo/static_analysis_codeql_1/codeql-kotlin.db/trap/java/classes/java/lang/invoke/VarHandle$AccessMode.members/VarHandle$AccessMode.members#65.0-1789983753036-kotlin.trap.gz" }
{ "origin": "CodeQL Kotlin extractor", "timestamp": "2026-09-27 14:18:00", "kind": "INFO", "message": "Finished writing TRAP file /Users/macbook/Octo/static_analysis_codeql_1/codeql-kotlin.db/trap/java/classes/java/lang/invoke/VarHandle$AccessMode.members/VarHandle$AccessMode.members#65.0-1789983753036-kotlin.trap.gz" }
{ "origin": "CodeQL Kotlin extractor", "timestamp": "2026-09-27 14:18:00", "kind": "INFO", "message": "Skipping extracting external decl RuntimeException" }
{ "origin": "CodeQL Kotlin extractor", "timestamp": "2026-09-27 14:18:00", "kind": "INFO", "message": "Will write TRAP file /Users/macbook/Octo/static_analysis_codeql_1/codeql-kotlin.db/trap/java/classes/java/lang/foreign/ValueLayout.members/ValueLayout.members#65.0-1789983753036-kotlin.trap.gz" }
{ "origin": "CodeQL Kotlin extractor", "timestamp": "2026-09-27 14:18:00", "kind": "INFO", "message": "Finished writing TRAP file /Users/macbook/Octo/static_analysis_codeql_1/codeql-kotlin.db/trap/java/classes/java/lang/foreign/ValueLayout.members/ValueLayout.members#65.0-1789983753036-kotlin.trap.gz" }
{ "origin": "CodeQL Kotlin extractor", "timestamp": "2026-09-27 14:18:00", "kind": "INFO", "message": "Will write TRAP file /Users/macbook/Octo/static_analysis_codeql_1/codeql-kotlin.db/trap/java/classes/java/lang/invoke/MethodTypeForm.members/MethodTypeForm.members#65.0-1789983753036-kotlin.trap.gz" }
{ "origin": "CodeQL Kotlin extractor", "timestamp": "2026-09-27 14:18:00", "kind": "INFO", "message": "Finished writing TRAP file /Users/macbook/Octo/static_analysis_codeql_1/codeql-kotlin.db/trap/java/classes/java/lang/invoke/MethodTypeForm.members/MethodTypeForm.members#65.0-1789983753036-kotlin.trap.gz" }
{ "origin": "CodeQL Kotlin extractor", "timestamp": "2026-09-27 14:18:00", "kind": "INFO", "message": "Will write TRAP file /Users/macbook/Octo/static_analysis_codeql_1/codeql-kotlin.db/trap/java/classes/java/lang/invoke/Invokers.members/Invokers.members#65.0-1789983753036-kotlin.trap.gz" }
{ "origin": "CodeQL Kotlin extractor", "timestamp": "2026-09-27 14:18:00", "kind": "INFO", "message": "Finished writing TRAP file /Users/macbook/Octo/static_analysis_codeql_1/codeql-kotlin.db/trap/java/classes/java/lang/invoke/Invokers.members/Invokers.members#65.0-1789983753036-kotlin.trap.gz" }
{ "origin": "CodeQL Kotlin extractor", "timestamp": "2026-09-27 14:18:00", "kind": "INFO", "message": "Will write TRAP file /Users/macbook/Octo/static_analysis_codeql_1/codeql-kotlin.db/trap/java/classes/java/lang/constant/MethodTypeDesc.members/MethodTypeDesc.members#65.0-1789983753036-kotlin.trap.gz" }
{ "origin": "CodeQL Kotlin extractor", "timestamp": "2026-09-27 14:18:00", "kind": "INFO", "message": "Finished writing TRAP file /Users/macbook/Octo/static_analysis_codeql_1/codeql-kotlin.db/trap/java/classes/java/lang/constant/MethodTypeDesc.members/MethodTypeDesc.members#65.0-1789983753036-kotlin.trap.gz" }
{ "origin": "CodeQL Kotlin extractor", "timestamp": "2026-09-27 14:18:00", "kind": "INFO", "message": "Will write TRAP file /Users/macbook/Octo/static_analysis_codeql_1/codeql-kotlin.db/trap/java/classes/jdk/internal/util/ReferencedKeySet.members/ReferencedKeySet.members#65.0-1789983753036-kotlin.trap.gz" }
{ "origin": "CodeQL Kotlin extractor", "timestamp": "2026-09-27 14:18:00", "kind": "INFO", "message": "Finished writing TRAP file /Users/macbook/Octo/static_analysis_codeql_1/codeql-kotlin.db/trap/java/classes/jdk/internal/util/ReferencedKeySet.members/ReferencedKeySet.members#65.0-1789983753036-kotlin.trap.gz" }
{ "origin": "CodeQL Kotlin extractor", "timestamp": "2026-09-27 14:18:00", "kind": "INFO", "message": "Skipping extracting external decl AbstractSet" }
{ "origin": "CodeQL Kotlin extractor", "timestamp": "2026-09-27 14:18:00", "kind": "INFO", "message": "Skipping extracting external decl AbstractCollection" }
{ "origin": "CodeQL Kotlin extractor", "timestamp": "2026-09-27 14:18:00", "kind": "INFO", "message": "Will write TRAP file /Users/macbook/Octo/static_analysis_codeql_1/codeql-kotlin.db/trap/java/classes/java/lang/invoke/LambdaForm.members/LambdaForm.members#65.0-1789983753036-kotlin.trap.gz" }
{ "origin": "CodeQL Kotlin extractor", "timestamp": "2026-09-27 14:18:00", "kind": "INFO", "message": "Finished writing TRAP file /Users/macbook/Octo/static_analysis_codeql_1/codeql-kotlin.db/trap/java/classes/java/lang/invoke/LambdaForm.members/LambdaForm.members#65.0-1789983753036-kotlin.trap.gz" }
{ "origin": "CodeQL Kotlin extractor", "timestamp": "2026-09-27 14:18:00", "kind": "INFO", "message": "Will write TRAP file /Users/macbook/Octo/static_analysis_codeql_1/codeql-kotlin.db/trap/java/classes/java/lang/invoke/MethodHandle$PolymorphicSignature.members/MethodHandle$PolymorphicSignature.members#65.0-1789983753036-kotlin.trap.gz" }
{ "origin": "CodeQL Kotlin extractor", "timestamp": "2026-09-27 14:18:00", "kind": "INFO", "message": "Finished writing TRAP file /Users/macbook/Octo/static_analysis_codeql_1/codeql-kotlin.db/trap/java/classes/java/lang/invoke/MethodHandle$PolymorphicSignature.members/MethodHandle$PolymorphicSignature.members#65.0-1789983753036-kotlin.trap.gz" }
{ "origin": "CodeQL Kotlin extractor", "timestamp": "2026-09-27 14:18:00", "kind": "INFO", "message": "Will write TRAP file /Users/macbook/Octo/static_analysis_codeql_1/codeql-kotlin.db/trap/java/classes/java/lang/invoke/BoundMethodHandle.members/BoundMethodHandle.members#65.0-1789983753036-kotlin.trap.gz" }
{ "origin": "CodeQL Kotlin extractor", "timestamp": "2026-09-27 14:18:00", "kind": "INFO", "message": "Finished writing TRAP file /Users/macbook/Octo/static_analysis_codeql_1/codeql-kotlin.db/trap/java/classes/java/lang/invoke/BoundMethodHandle.members/BoundMethodHandle.members#65.0-1789983753036-kotlin.trap.gz" }
{ "origin": "CodeQL Kotlin extractor", "timestamp": "2026-09-27 14:18:00", "kind": "INFO", "message": "Will write TRAP file /Users/macbook/Octo/static_analysis_codeql_1/codeql-kotlin.db/trap/java/classes/java/lang/invoke/MethodHandleImpl$Intrinsic.members/MethodHandleImpl$Intrinsic.members#65.0-1789983753036-kotlin.trap.gz" }
{ "origin": "CodeQL Kotlin extractor", "timestamp": "2026-09-27 14:18:00", "kind": "INFO", "message": "Finished writing TRAP file /Users/macbook/Octo/static_analysis_codeql_1/codeql-kotlin.db/trap/java/classes/java/lang/invoke/MethodHandleImpl$Intrinsic.members/MethodHandleImpl$Intrinsic.members#65.0-1789983753036-kotlin.trap.gz" }
{ "origin": "CodeQL Kotlin extractor", "timestamp": "2026-09-27 14:18:00", "kind": "INFO", "message": "Will write TRAP file /Users/macbook/Octo/static_analysis_codeql_1/codeql-kotlin.db/trap/java/classes/java/lang/invoke/VarForm.members/VarForm.members#65.0-1789983753036-kotlin.trap.gz" }
{ "origin": "CodeQL Kotlin extractor", "timestamp": "2026-09-27 14:18:00", "kind": "INFO", "message": "Finished writing TRAP file /Users/macbook/Octo/static_analysis_codeql_1/codeql-kotlin.db/trap/java/classes/java/lang/invoke/VarForm.members/VarForm.members#65.0-1789983753036-kotlin.trap.gz" }
{ "origin": "CodeQL Kotlin extractor", "timestamp": "2026-09-27 14:18:00", "kind": "INFO", "message": "Will write TRAP file /Users/macbook/Octo/static_analysis_codeql_1/codeql-kotlin.db/trap/java/classes/java/lang/invoke/VarHandle$AccessDescriptor.members/VarHandle$AccessDescriptor.members#65.0-1789983753036-kotlin.trap.gz" }
{ "origin": "CodeQL Kotlin extractor", "timestamp": "2026-09-27 14:18:00", "kind": "INFO", "message": "Finished writing TRAP file /Users/macbook/Octo/static_analysis_codeql_1/codeql-kotlin.db/trap/java/classes/java/lang/invoke/VarHandle$AccessDescriptor.members/VarHandle$AccessDescriptor.members#65.0-1789983753036-kotlin.trap.gz" }
{ "origin": "CodeQL Kotlin extractor", "timestamp": "2026-09-27 14:18:00", "kind": "INFO", "message": "Will write TRAP file /Users/macbook/Octo/static_analysis_codeql_1/codeql-kotlin.db/trap/java/classes/java/lang/invoke/VarHandle$AccessType.members/VarHandle$AccessType.members#65.0-1789983753036-kotlin.trap.gz" }
{ "origin": "CodeQL Kotlin extractor", "timestamp": "2026-09-27 14:18:00", "kind": "INFO", "message": "Finished writing TRAP file /Users/macbook/Octo/static_analysis_codeql_1/codeql-kotlin.db/trap/java/classes/java/lang/invoke/VarHandle$AccessType.members/VarHandle$AccessType.members#65.0-1789983753036-kotlin.trap.gz" }
{ "origin": "CodeQL Kotlin extractor", "timestamp": "2026-09-27 14:18:00", "kind": "INFO", "message": "Will write TRAP file /Users/macbook/Octo/static_analysis_codeql_1/codeql-kotlin.db/trap/java/classes/java/lang/invoke/VarHandle$VarHandleDesc.members/VarHandle$VarHandleDesc.members#65.0-1789983753036-kotlin.trap.gz" }
{ "origin": "CodeQL Kotlin extractor", "timestamp": "2026-09-27 14:18:00", "kind": "INFO", "message": "Finished writing TRAP file /Users/macbook/Octo/static_analysis_codeql_1/codeql-kotlin.db/trap/java/classes/java/lang/invoke/VarHandle$VarHandleDesc.members/VarHandle$VarHandleDesc.members#65.0-1789983753036-kotlin.trap.gz" }
{ "origin": "CodeQL Kotlin extractor", "timestamp": "2026-09-27 14:18:00", "kind": "INFO", "message": "Skipping extracting external decl Stable" }
{ "origin": "CodeQL Kotlin extractor", "timestamp": "2026-09-27 14:18:00", "kind": "INFO", "message": "Will write TRAP file /Users/macbook/Octo/static_analysis_codeql_1/codeql-kotlin.db/trap/java/classes/java/lang/IllegalAccessException.members/IllegalAccessException.members#65.0-1789983753036-kotlin.trap.gz" }
{ "origin": "CodeQL Kotlin extractor", "timestamp": "2026-09-27 14:18:00", "kind": "INFO", "message": "Finished writing TRAP file /Users/macbook/Octo/static_analysis_codeql_1/codeql-kotlin.db/trap/java/classes/java/lang/IllegalAccessException.members/IllegalAccessException.members#65.0-1789983753036-kotlin.trap.gz" }
{ "origin": "CodeQL Kotlin extractor", "timestamp": "2026-09-27 14:18:00", "kind": "INFO", "message": "Skipping extracting external decl ReflectiveOperationException" }
{ "origin": "CodeQL Kotlin extractor", "timestamp": "2026-09-27 14:18:00", "kind": "INFO", "message": "Will write TRAP file /Users/macbook/Octo/static_analysis_codeql_1/codeql-kotlin.db/trap/java/classes/java/lang/invoke/DirectMethodHandle$Interface.members/DirectMethodHandle$Interface.members#65.0-1789983753036-kotlin.trap.gz" }
{ "origin": "CodeQL Kotlin extractor", "timestamp": "2026-09-27 14:18:00", "kind": "INFO", "message": "Finished writing TRAP file /Users/macbook/Octo/static_analysis_codeql_1/codeql-kotlin.db/trap/java/classes/java/lang/invoke/DirectMethodHandle$Interface.members/DirectMethodHandle$Interface.members#65.0-1789983753036-kotlin.trap.gz" }
{ "origin": "CodeQL Kotlin extractor", "timestamp": "2026-09-27 14:18:00", "kind": "INFO", "message": "Will write TRAP file /Users/macbook/Octo/static_analysis_codeql_1/codeql-kotlin.db/trap/java/classes/java/lang/invoke/DirectMethodHandle$StaticAccessor.members/DirectMethodHandle$StaticAccessor.members#65.0-1789983753036-kotlin.trap.gz" }
{ "origin": "CodeQL Kotlin extractor", "timestamp": "2026-09-27 14:18:00", "kind": "INFO", "message": "Finished writing TRAP file /Users/macbook/Octo/static_analysis_codeql_1/codeql-kotlin.db/trap/java/classes/java/lang/invoke/DirectMethodHandle$StaticAccessor.members/DirectMethodHandle$StaticAccessor.members#65.0-1789983753036-kotlin.trap.gz" }
{ "origin": "CodeQL Kotlin extractor", "timestamp": "2026-09-27 14:18:00", "kind": "INFO", "message": "Will write TRAP file /Users/macbook/Octo/static_analysis_codeql_1/codeql-kotlin.db/trap/java/classes/java/lang/invoke/DirectMethodHandle$Accessor.members/DirectMethodHandle$Accessor.members#65.0-1789983753036-kotlin.trap.gz" }
{ "origin": "CodeQL Kotlin extractor", "timestamp": "2026-09-27 14:18:00", "kind": "INFO", "message": "Finished writing TRAP file /Users/macbook/Octo/static_analysis_codeql_1/codeql-kotlin.db/trap/java/classes/java/lang/invoke/DirectMethodHandle$Accessor.members/DirectMethodHandle$Accessor.members#65.0-1789983753036-kotlin.trap.gz" }
{ "origin": "CodeQL Kotlin extractor", "timestamp": "2026-09-27 14:18:00", "kind": "INFO", "message": "Will write TRAP file /Users/macbook/Octo/static_analysis_codeql_1/codeql-kotlin.db/trap/java/classes/java/lang/invoke/DirectMethodHandle$Special.members/DirectMethodHandle$Special.members#65.0-1789983753036-kotlin.trap.gz" }
{ "origin": "CodeQL Kotlin extractor", "timestamp": "2026-09-27 14:18:00", "kind": "INFO", "message": "Finished writing TRAP file /Users/macbook/Octo/static_analysis_codeql_1/codeql-kotlin.db/trap/java/classes/java/lang/invoke/DirectMethodHandle$Special.members/DirectMethodHandle$Special.members#65.0-1789983753036-kotlin.trap.gz" }
{ "origin": "CodeQL Kotlin extractor", "timestamp": "2026-09-27 14:18:00", "kind": "INFO", "message": "Will write TRAP file /Users/macbook/Octo/static_analysis_codeql_1/codeql-kotlin.db/trap/java/classes/java/lang/invoke/DirectMethodHandle$Constructor.members/DirectMethodHandle$Constructor.members#65.0-1789983753036-kotlin.trap.gz" }
{ "origin": "CodeQL Kotlin extractor", "timestamp": "2026-09-27 14:18:00", "kind": "INFO", "message": "Finished writing TRAP file /Users/macbook/Octo/static_analysis_codeql_1/codeql-kotlin.db/trap/java/classes/java/lang/invoke/DirectMethodHandle$Constructor.members/DirectMethodHandle$Constructor.members#65.0-1789983753036-kotlin.trap.gz" }
{ "origin": "CodeQL Kotlin extractor", "timestamp": "2026-09-27 14:18:00", "kind": "INFO", "message": "Will write TRAP file /Users/macbook/Octo/static_analysis_codeql_1/codeql-kotlin.db/trap/java/classes/java/lang/invoke/LambdaForm$Name.members/LambdaForm$Name.members#65.0-1789983753036-kotlin.trap.gz" }
{ "origin": "CodeQL Kotlin extractor", "timestamp": "2026-09-27 14:18:00", "kind": "INFO", "message": "Finished writing TRAP file /Users/macbook/Octo/static_analysis_codeql_1/codeql-kotlin.db/trap/java/classes/java/lang/invoke/LambdaForm$Name.members/LambdaForm$Name.members#65.0-1789983753036-kotlin.trap.gz" }
{ "origin": "CodeQL Kotlin extractor", "timestamp": "2026-09-27 14:18:00", "kind": "INFO", "message": "Will write TRAP file /Users/macbook/Octo/static_analysis_codeql_1/codeql-kotlin.db/trap/java/classes/java/util/concurrent/ConcurrentHashMap$ValueSpliterator.members/ConcurrentHashMap$ValueSpliterator.members#65.0-1789983753036-kotlin.trap.gz" }
{ "origin": "CodeQL Kotlin extractor", "timestamp": "2026-09-27 14:18:00", "kind": "INFO", "message": "Finished writing TRAP file /Users/macbook/Octo/static_analysis_codeql_1/codeql-kotlin.db/trap/java/classes/java/util/concurrent/ConcurrentHashMap$ValueSpliterator.members/ConcurrentHashMap$ValueSpliterator.members#65.0-1789983753036-kotlin.trap.gz" }
{ "origin": "CodeQL Kotlin extractor", "timestamp": "2026-09-27 14:18:00", "kind": "INFO", "message": "Will write TRAP file /Users/macbook/Octo/static_analysis_codeql_1/codeql-kotlin.db/trap/java/classes/java/util/concurrent/ConcurrentHashMap$Traverser.members/ConcurrentHashMap$Traverser.members#65.0-1789983753036-kotlin.trap.gz" }
{ "origin": "CodeQL Kotlin extractor", "timestamp": "2026-09-27 14:18:00", "kind": "INFO", "message": "Finished writing TRAP file /Users/macbook/Octo/static_analysis_codeql_1/codeql-kotlin.db/trap/java/classes/java/util/concurrent/ConcurrentHashMap$Traverser.members/ConcurrentHashMap$Traverser.members#65.0-1789983753036-kotlin.trap.gz" }
{ "origin": "CodeQL Kotlin extractor", "timestamp": "2026-09-27 14:18:00", "kind": "INFO", "message": "Will write TRAP file /Users/macbook/Octo/static_analysis_codeql_1/codeql-kotlin.db/trap/java/classes/java/util/concurrent/ConcurrentHashMap$SearchValuesTask.members/ConcurrentHashMap$SearchValuesTask.members#65.0-1789983753036-kotlin.trap.gz" }
{ "origin": "CodeQL Kotlin extractor", "timestamp": "2026-09-27 14:18:00", "kind": "INFO", "message": "Finished writing TRAP file /Users/macbook/Octo/static_analysis_codeql_1/codeql-kotlin.db/trap/java/classes/java/util/concurrent/ConcurrentHashMap$SearchValuesTask.members/ConcurrentHashMap$SearchValuesTask.members#65.0-1789983753036-kotlin.trap.gz" }
{ "origin": "CodeQL Kotlin extractor", "timestamp": "2026-09-27 14:18:00", "kind": "INFO", "message": "Will write TRAP file /Users/macbook/Octo/static_analysis_codeql_1/codeql-kotlin.db/trap/java/classes/java/util/concurrent/ConcurrentHashMap$ValueIterator.members/ConcurrentHashMap$ValueIterator.members#65.0-1789983753036-kotlin.trap.gz" }
{ "origin": "CodeQL Kotlin extractor", "timestamp": "2026-09-27 14:18:00", "kind": "INFO", "message": "Finished writing TRAP file /Users/macbook/Octo/static_analysis_codeql_1/codeql-kotlin.db/trap/java/classes/java/util/concurrent/ConcurrentHashMap$ValueIterator.members/ConcurrentHashMap$ValueIterator.members#65.0-1789983753036-kotlin.trap.gz" }
{ "origin": "CodeQL Kotlin extractor", "timestamp": "2026-09-27 14:18:00", "kind": "INFO", "message": "Will write TRAP file /Users/macbook/Octo/static_analysis_codeql_1/codeql-kotlin.db/trap/java/classes/java/util/concurrent/ConcurrentHashMap$MapReduceKeysTask.members/ConcurrentHashMap$MapReduceKeysTask.members#65.0-1789983753036-kotlin.trap.gz" }
{ "origin": "CodeQL Kotlin extractor", "timestamp": "2026-09-27 14:18:00", "kind": "INFO", "message": "Finished writing TRAP file /Users/macbook/Octo/static_analysis_codeql_1/codeql-kotlin.db/trap/java/classes/java/util/concurrent/ConcurrentHashMap$MapReduceKeysTask.members/ConcurrentHashMap$MapReduceKeysTask.members#65.0-1789983753036-kotlin.trap.gz" }
{ "origin": "CodeQL Kotlin extractor", "timestamp": "2026-09-27 14:18:00", "kind": "INFO", "message": "Will write TRAP file /Users/macbook/Octo/static_analysis_codeql_1/codeql-kotlin.db/trap/java/classes/java/util/concurrent/ConcurrentHashMap$ForwardingNode.members/ConcurrentHashMap$ForwardingNode.members#65.0-1789983753036-kotlin.trap.gz" }
{ "origin": "CodeQL Kotlin extractor", "timestamp": "2026-09-27 14:18:00", "kind": "INFO", "message": "Finished writing TRAP file /Users/macbook/Octo/static_analysis_codeql_1/codeql-kotlin.db/trap/java/classes/java/util/concurrent/ConcurrentHashMap$ForwardingNode.members/ConcurrentHashMap$ForwardingNode.members#65.0-1789983753036-kotlin.trap.gz" }
{ "origin": "CodeQL Kotlin extractor", "timestamp": "2026-09-27 14:18:00", "kind": "INFO", "message": "Will write TRAP file /Users/macbook/Octo/static_analysis_codeql_1/codeql-kotlin.db/trap/java/classes/java/util/concurrent/ConcurrentHashMap$MapReduceMappingsTask.members/ConcurrentHashMap$MapReduceMappingsTask.members#65.0-1789983753036-kotlin.trap.gz" }
{ "origin": "CodeQL Kotlin extractor", "timestamp": "2026-09-27 14:18:00", "kind": "INFO", "message": "Finished writing TRAP file /Users/macbook/Octo/static_analysis_codeql_1/codeql-kotlin.db/trap/java/classes/java/util/concurrent/ConcurrentHashMap$MapReduceMappingsTask.members/ConcurrentHashMap$MapReduceMappingsTask.members#65.0-1789983753036-kotlin.trap.gz" }
{ "origin": "CodeQL Kotlin extractor", "timestamp": "2026-09-27 14:18:00", "kind": "INFO", "message": "Will write TRAP file /Users/macbook/Octo/static_analysis_codeql_1/codeql-kotlin.db/trap/java/classes/java/util/concurrent/ConcurrentHashMap$MapReduceEntriesToLongTask.members/ConcurrentHashMap$MapReduceEntriesToLongTask.members#65.0-1789983753036-kotlin.trap.gz" }
{ "origin": "CodeQL Kotlin extractor", "timestamp": "2026-09-27 14:18:00", "kind": "INFO", "message": "Finished writing TRAP file /Users/macbook/Octo/static_analysis_codeql_1/codeql-kotlin.db/trap/java/classes/java/util/concurrent/ConcurrentHashMap$MapReduceEntriesToLongTask.members/ConcurrentHashMap$MapReduceEntriesToLongTask.members#65.0-1789983753036-kotlin.trap.gz" }
{ "origin": "CodeQL Kotlin extractor", "timestamp": "2026-09-27 14:18:00", "kind": "INFO", "message": "Will write TRAP file /Users/macbook/Octo/static_analysis_codeql_1/codeql-kotlin.db/trap/java/classes/java/util/concurrent/ConcurrentHashMap$KeySpliterator.members/ConcurrentHashMap$KeySpliterator.members#65.0-1789983753036-kotlin.trap.gz" }
{ "origin": "CodeQL Kotlin extractor", "timestamp": "2026-09-27 14:18:00", "kind": "INFO", "message": "Finished writing TRAP file /Users/macbook/Octo/static_analysis_codeql_1/codeql-kotlin.db/trap/java/classes/java/util/concurrent/ConcurrentHashMap$KeySpliterator.members/ConcurrentHashMap$KeySpliterator.members#65.0-1789983753036-kotlin.trap.gz" }
{ "origin": "CodeQL Kotlin extractor", "timestamp": "2026-09-27 14:18:00", "kind": "INFO", "message": "Will write TRAP file /Users/macbook/Octo/static_analysis_codeql_1/codeql-kotlin.db/trap/java/classes/java/util/concurrent/ConcurrentHashMap$Node.members/ConcurrentHashMap$Node.members#65.0-1789983753036-kotlin.trap.gz" }
{ "origin": "CodeQL Kotlin extractor", "timestamp": "2026-09-27 14:18:00", "kind": "INFO", "message": "Finished writing TRAP file /Users/macbook/Octo/static_analysis_codeql_1/codeql-kotlin.db/trap/java/classes/java/util/concurrent/ConcurrentHashMap$Node.members/ConcurrentHashMap$Node.members#65.0-1789983753036-kotlin.trap.gz" }
{ "origin": "CodeQL Kotlin extractor", "timestamp": "2026-09-27 14:18:00", "kind": "INFO", "message": "Will write TRAP file /Users/macbook/Octo/static_analysis_codeql_1/codeql-kotlin.db/trap/java/classes/java/util/concurrent/ConcurrentHashMap$ForEachMappingTask.members/ConcurrentHashMap$ForEachMappingTask.members#65.0-1789983753036-kotlin.trap.gz" }
{ "origin": "CodeQL Kotlin extractor", "timestamp": "2026-09-27 14:18:00", "kind": "INFO", "message": "Finished writing TRAP file /Users/macbook/Octo/static_analysis_codeql_1/codeql-kotlin.db/trap/java/classes/java/util/concurrent/ConcurrentHashMap$ForEachMappingTask.members/ConcurrentHashMap$ForEachMappingTask.members#65.0-1789983753036-kotlin.trap.gz" }
{ "origin": "CodeQL Kotlin extractor", "timestamp": "2026-09-27 14:18:00", "kind": "INFO", "message": "Will write TRAP file /Users/macbook/Octo/static_analysis_codeql_1/codeql-kotlin.db/trap/java/classes/java/util/concurrent/ConcurrentHashMap$ReduceValuesTask.members/ConcurrentHashMap$ReduceValuesTask.members#65.0-1789983753036-kotlin.trap.gz" }
{ "origin": "CodeQL Kotlin extractor", "timestamp": "2026-09-27 14:18:00", "kind": "INFO", "message": "Finished writing TRAP file /Users/macbook/Octo/static_analysis_codeql_1/codeql-kotlin.db/trap/java/classes/java/util/concurrent/ConcurrentHashMap$ReduceValuesTask.members/ConcurrentHashMap$ReduceValuesTask.members#65.0-1789983753036-kotlin.trap.gz" }
{ "origin": "CodeQL Kotlin extractor", "timestamp": "2026-09-27 14:18:00", "kind": "INFO", "message": "Will write TRAP file /Users/macbook/Octo/static_analysis_codeql_1/codeql-kotlin.db/trap/java/classes/java/util/concurrent/ConcurrentHashMap$MapReduceEntriesToIntTask.members/ConcurrentHashMap$MapReduceEntriesToIntTask.members#65.0-1789983753036-kotlin.trap.gz" }
{ "origin": "CodeQL Kotlin extractor", "timestamp": "2026-09-27 14:18:01", "kind": "INFO", "message": "Finished writing TRAP file /Users/macbook/Octo/static_analysis_codeql_1/codeql-kotlin.db/trap/java/classes/java/util/concurrent/ConcurrentHashMap$MapReduceEntriesToIntTask.members/ConcurrentHashMap$MapReduceEntriesToIntTask.members#65.0-1789983753036-kotlin.trap.gz" }
{ "origin": "CodeQL Kotlin extractor", "timestamp": "2026-09-27 14:18:01", "kind": "INFO", "message": "Will write TRAP file /Users/macbook/Octo/static_analysis_codeql_1/codeql-kotlin.db/trap/java/classes/java/util/concurrent/ConcurrentHashMap$BulkTask.members/ConcurrentHashMap$BulkTask.members#65.0-1789983753036-kotlin.trap.gz" }
{ "origin": "CodeQL Kotlin extractor", "timestamp": "2026-09-27 14:18:01", "kind": "INFO", "message": "Finished writing TRAP file /Users/macbook/Octo/static_analysis_codeql_1/codeql-kotlin.db/trap/java/classes/java/util/concurrent/ConcurrentHashMap$BulkTask.members/ConcurrentHashMap$BulkTask.members#65.0-1789983753036-kotlin.trap.gz" }
{ "origin": "CodeQL Kotlin extractor", "timestamp": "2026-09-27 14:18:01", "kind": "INFO", "message": "Will write TRAP file /Users/macbook/Octo/static_analysis_codeql_1/codeql-kotlin.db/trap/java/classes/java/util/concurrent/ConcurrentHashMap$MapReduceKeysToLongTask.members/ConcurrentHashMap$MapReduceKeysToLongTask.members#65.0-1789983753036-kotlin.trap.gz" }
{ "origin": "CodeQL Kotlin extractor", "timestamp": "2026-09-27 14:18:01", "kind": "INFO", "message": "Finished writing TRAP file /Users/macbook/Octo/static_analysis_codeql_1/codeql-kotlin.db/trap/java/classes/java/util/concurrent/ConcurrentHashMap$MapReduceKeysToLongTask.members/ConcurrentHashMap$MapReduceKeysToLongTask.members#65.0-1789983753036-kotlin.trap.gz" }
{ "origin": "CodeQL Kotlin extractor", "timestamp": "2026-09-27 14:18:01", "kind": "INFO", "message": "Will write TRAP file /Users/macbook/Octo/static_analysis_codeql_1/codeql-kotlin.db/trap/java/classes/java/util/concurrent/ConcurrentHashMap$MapReduceValuesToDoubleTask.members/ConcurrentHashMap$MapReduceValuesToDoubleTask.members#65.0-1789983753036-kotlin.trap.gz" }
{ "origin": "CodeQL Kotlin extractor", "timestamp": "2026-09-27 14:18:01", "kind": "INFO", "message": "Finished writing TRAP file /Users/macbook/Octo/static_analysis_codeql_1/codeql-kotlin.db/trap/java/classes/java/util/concurrent/ConcurrentHashMap$MapReduceValuesToDoubleTask.members/ConcurrentHashMap$MapReduceValuesToDoubleTask.members#65.0-1789983753036-kotlin.trap.gz" }
{ "origin": "CodeQL Kotlin extractor", "timestamp": "2026-09-27 14:18:01", "kind": "INFO", "message": "Will write TRAP file /Users/macbook/Octo/static_analysis_codeql_1/codeql-kotlin.db/trap/java/classes/java/util/concurrent/ConcurrentHashMap$EntryIterator.members/ConcurrentHashMap$EntryIterator.members#65.0-1789983753036-kotlin.trap.gz" }
{ "origin": "CodeQL Kotlin extractor", "timestamp": "2026-09-27 14:18:01", "kind": "INFO", "message": "Finished writing TRAP file /Users/macbook/Octo/static_analysis_codeql_1/codeql-kotlin.db/trap/java/classes/java/util/concurrent/ConcurrentHashMap$EntryIterator.members/ConcurrentHashMap$EntryIterator.members#65.0-1789983753036-kotlin.trap.gz" }
{ "origin": "CodeQL Kotlin extractor", "timestamp": "2026-09-27 14:18:01", "kind": "INFO", "message": "Will write TRAP file /Users/macbook/Octo/static_analysis_codeql_1/codeql-kotlin.db/trap/java/classes/java/util/concurrent/ConcurrentHashMap$KeySetView.members/ConcurrentHashMap$KeySetView.members#65.0-1789983753036-kotlin.trap.gz" }
{ "origin": "CodeQL Kotlin extractor", "timestamp": "2026-09-27 14:18:01", "kind": "INFO", "message": "Finished writing TRAP file /Users/macbook/Octo/static_analysis_codeql_1/codeql-kotlin.db/trap/java/classes/java/util/concurrent/ConcurrentHashMap$KeySetView.members/ConcurrentHashMap$KeySetView.members#65.0-1789983753036-kotlin.trap.gz" }
{ "origin": "CodeQL Kotlin extractor", "timestamp": "2026-09-27 14:18:01", "kind": "INFO", "message": "Will write TRAP file /Users/macbook/Octo/static_analysis_codeql_1/codeql-kotlin.db/trap/java/classes/java/util/concurrent/ConcurrentHashMap$MapReduceValuesToLongTask.members/ConcurrentHashMap$MapReduceValuesToLongTask.members#65.0-1789983753036-kotlin.trap.gz" }
{ "origin": "CodeQL Kotlin extractor", "timestamp": "2026-09-27 14:18:01", "kind": "INFO", "message": "Finished writing TRAP file /Users/macbook/Octo/static_analysis_codeql_1/codeql-kotlin.db/trap/java/classes/java/util/concurrent/ConcurrentHashMap$MapReduceValuesToLongTask.members/ConcurrentHashMap$MapReduceValuesToLongTask.members#65.0-1789983753036-kotlin.trap.gz" }
{ "origin": "CodeQL Kotlin extractor", "timestamp": "2026-09-27 14:18:01", "kind": "INFO", "message": "Will write TRAP file /Users/macbook/Octo/static_analysis_codeql_1/codeql-kotlin.db/trap/java/classes/java/util/concurrent/ConcurrentHashMap$ForEachEntryTask.members/ConcurrentHashMap$ForEachEntryTask.members#65.0-1789983753036-kotlin.trap.gz" }
{ "origin": "CodeQL Kotlin extractor", "timestamp": "2026-09-27 14:18:01", "kind": "INFO", "message": "Finished writing TRAP file /Users/macbook/Octo/static_analysis_codeql_1/codeql-kotlin.db/trap/java/classes/java/util/concurrent/ConcurrentHashMap$ForEachEntryTask.members/ConcurrentHashMap$ForEachEntryTask.members#65.0-1789983753036-kotlin.trap.gz" }
{ "origin": "CodeQL Kotlin extractor", "timestamp": "2026-09-27 14:18:01", "kind": "INFO", "message": "Will write TRAP file /Users/macbook/Octo/static_analysis_codeql_1/codeql-kotlin.db/trap/java/classes/java/util/concurrent/ConcurrentHashMap$KeyIterator.members/ConcurrentHashMap$KeyIterator.members#65.0-1789983753036-kotlin.trap.gz" }
{ "origin": "CodeQL Kotlin extractor", "timestamp": "2026-09-27 14:18:01", "kind": "INFO", "message": "Finished writing TRAP file /Users/macbook/Octo/static_analysis_codeql_1/codeql-kotlin.db/trap/java/classes/java/util/concurrent/ConcurrentHashMap$KeyIterator.members/ConcurrentHashMap$KeyIterator.members#65.0-1789983753036-kotlin.trap.gz" }
{ "origin": "CodeQL Kotlin extractor", "timestamp": "2026-09-27 14:18:01", "kind": "INFO", "message": "Will write TRAP file /Users/macbook/Octo/static_analysis_codeql_1/codeql-kotlin.db/trap/java/classes/java/util/concurrent/ConcurrentHashMap$ForEachTransformedMappingTask.members/ConcurrentHashMap$ForEachTransformedMappingTask.members#65.0-1789983753036-kotlin.trap.gz" }
{ "origin": "CodeQL Kotlin extractor", "timestamp": "2026-09-27 14:18:01", "kind": "INFO", "message": "Finished writing TRAP file /Users/macbook/Octo/static_analysis_codeql_1/codeql-kotlin.db/trap/java/classes/java/util/concurrent/ConcurrentHashMap$ForEachTransformedMappingTask.members/ConcurrentHashMap$ForEachTransformedMappingTask.members#65.0-1789983753036-kotlin.trap.gz" }
{ "origin": "CodeQL Kotlin extractor", "timestamp": "2026-09-27 14:18:01", "kind": "INFO", "message": "Will write TRAP file /Users/macbook/Octo/static_analysis_codeql_1/codeql-kotlin.db/trap/java/classes/java/util/concurrent/ConcurrentHashMap$ForEachTransformedKeyTask.members/ConcurrentHashMap$ForEachTransformedKeyTask.members#65.0-1789983753036-kotlin.trap.gz" }
{ "origin": "CodeQL Kotlin extractor", "timestamp": "2026-09-27 14:18:01", "kind": "INFO", "message": "Finished writing TRAP file /Users/macbook/Octo/static_analysis_codeql_1/codeql-kotlin.db/trap/java/classes/java/util/concurrent/ConcurrentHashMap$ForEachTransformedKeyTask.members/ConcurrentHashMap$ForEachTransformedKeyTask.members#65.0-1789983753036-kotlin.trap.gz" }
{ "origin": "CodeQL Kotlin extractor", "timestamp": "2026-09-27 14:18:01", "kind": "INFO", "message": "Will write TRAP file /Users/macbook/Octo/static_analysis_codeql_1/codeql-kotlin.db/trap/java/classes/java/util/concurrent/ConcurrentHashMap$MapReduceMappingsToLongTask.members/ConcurrentHashMap$MapReduceMappingsToLongTask.members#65.0-1789983753036-kotlin.trap.gz" }
{ "origin": "CodeQL Kotlin extractor", "timestamp": "2026-09-27 14:18:01", "kind": "INFO", "message": "Finished writing TRAP file /Users/macbook/Octo/static_analysis_codeql_1/codeql-kotlin.db/trap/java/classes/java/util/concurrent/ConcurrentHashMap$MapReduceMappingsToLongTask.members/ConcurrentHashMap$MapReduceMappingsToLongTask.members#65.0-1789983753036-kotlin.trap.gz" }
{ "origin": "CodeQL Kotlin extractor", "timestamp": "2026-09-27 14:18:01", "kind": "INFO", "message": "Will write TRAP file /Users/macbook/Octo/static_analysis_codeql_1/codeql-kotlin.db/trap/java/classes/java/util/concurrent/ConcurrentHashMap$ForEachValueTask.members/ConcurrentHashMap$ForEachValueTask.members#65.0-1789983753036-kotlin.trap.gz" }
{ "origin": "CodeQL Kotlin extractor", "timestamp": "2026-09-27 14:18:01", "kind": "INFO", "message": "Finished writing TRAP file /Users/macbook/Octo/static_analysis_codeql_1/codeql-kotlin.db/trap/java/classes/java/util/concurrent/ConcurrentHashMap$ForEachValueTask.members/ConcurrentHashMap$ForEachValueTask.members#65.0-1789983753036-kotlin.trap.gz" }
{ "origin": "CodeQL Kotlin extractor", "timestamp": "2026-09-27 14:18:01", "kind": "INFO", "message": "Will write TRAP file /Users/macbook/Octo/static_analysis_codeql_1/codeql-kotlin.db/trap/java/classes/java/util/concurrent/ConcurrentHashMap$SearchMappingsTask.members/ConcurrentHashMap$SearchMappingsTask.members#65.0-1789983753036-kotlin.trap.gz" }
{ "origin": "CodeQL Kotlin extractor", "timestamp": "2026-09-27 14:18:01", "kind": "INFO", "message": "Finished writing TRAP file /Users/macbook/Octo/static_analysis_codeql_1/codeql-kotlin.db/trap/java/classes/java/util/concurrent/ConcurrentHashMap$SearchMappingsTask.members/ConcurrentHashMap$SearchMappingsTask.members#65.0-1789983753036-kotlin.trap.gz" }
{ "origin": "CodeQL Kotlin extractor", "timestamp": "2026-09-27 14:18:01", "kind": "INFO", "message": "Will write TRAP file /Users/macbook/Octo/static_analysis_codeql_1/codeql-kotlin.db/trap/java/classes/java/util/concurrent/ConcurrentHashMap$CollectionView.members/ConcurrentHashMap$CollectionView.members#65.0-1789983753036-kotlin.trap.gz" }
{ "origin": "CodeQL Kotlin extractor", "timestamp": "2026-09-27 14:18:01", "kind": "INFO", "message": "Finished writing TRAP file /Users/macbook/Octo/static_analysis_codeql_1/codeql-kotlin.db/trap/java/classes/java/util/concurrent/ConcurrentHashMap$CollectionView.members/ConcurrentHashMap$CollectionView.members#65.0-1789983753036-kotlin.trap.gz" }
{ "origin": "CodeQL Kotlin extractor", "timestamp": "2026-09-27 14:18:01", "kind": "INFO", "message": "Will write TRAP file /Users/macbook/Octo/static_analysis_codeql_1/codeql-kotlin.db/trap/java/classes/java/util/concurrent/ConcurrentHashMap$CounterCell.members/ConcurrentHashMap$CounterCell.members#65.0-1789983753036-kotlin.trap.gz" }
{ "origin": "CodeQL Kotlin extractor", "timestamp": "2026-09-27 14:18:01", "kind": "INFO", "message": "Finished writing TRAP file /Users/macbook/Octo/static_analysis_codeql_1/codeql-kotlin.db/trap/java/classes/java/util/concurrent/ConcurrentHashMap$CounterCell.members/ConcurrentHashMap$CounterCell.members#65.0-1789983753036-kotlin.trap.gz" }
{ "origin": "CodeQL Kotlin extractor", "timestamp": "2026-09-27 14:18:01", "kind": "INFO", "message": "Will write TRAP file /Users/macbook/Octo/static_analysis_codeql_1/codeql-kotlin.db/trap/java/classes/java/util/concurrent/ConcurrentHashMap$MapReduceValuesToIntTask.members/ConcurrentHashMap$MapReduceValuesToIntTask.members#65.0-1789983753036-kotlin.trap.gz" }
{ "origin": "CodeQL Kotlin extractor", "timestamp": "2026-09-27 14:18:01", "kind": "INFO", "message": "Finished writing TRAP file /Users/macbook/Octo/static_analysis_codeql_1/codeql-kotlin.db/trap/java/classes/java/util/concurrent/ConcurrentHashMap$MapReduceValuesToIntTask.members/ConcurrentHashMap$MapReduceValuesToIntTask.members#65.0-1789983753036-kotlin.trap.gz" }
{ "origin": "CodeQL Kotlin extractor", "timestamp": "2026-09-27 14:18:01", "kind": "INFO", "message": "Will write TRAP file /Users/macbook/Octo/static_analysis_codeql_1/codeql-kotlin.db/trap/java/classes/java/util/concurrent/ConcurrentHashMap$MapReduceMappingsToIntTask.members/ConcurrentHashMap$MapReduceMappingsToIntTask.members#65.0-1789983753036-kotlin.trap.gz" }
{ "origin": "CodeQL Kotlin extractor", "timestamp": "2026-09-27 14:18:01", "kind": "INFO", "message": "Finished writing TRAP file /Users/macbook/Octo/static_analysis_codeql_1/codeql-kotlin.db/trap/java/classes/java/util/concurrent/ConcurrentHashMap$MapReduceMappingsToIntTask.members/ConcurrentHashMap$MapReduceMappingsToIntTask.members#65.0-1789983753036-kotlin.trap.gz" }
{ "origin": "CodeQL Kotlin extractor", "timestamp": "2026-09-27 14:18:01", "kind": "INFO", "message": "Will write TRAP file /Users/macbook/Octo/static_analysis_codeql_1/codeql-kotlin.db/trap/java/classes/java/util/concurrent/ConcurrentHashMap$SearchKeysTask.members/ConcurrentHashMap$SearchKeysTask.members#65.0-1789983753036-kotlin.trap.gz" }
{ "origin": "CodeQL Kotlin extractor", "timestamp": "2026-09-27 14:18:01", "kind": "INFO", "message": "Finished writing TRAP file /Users/macbook/Octo/static_analysis_codeql_1/codeql-kotlin.db/trap/java/classes/java/util/concurrent/ConcurrentHashMap$SearchKeysTask.members/ConcurrentHashMap$SearchKeysTask.members#65.0-1789983753036-kotlin.trap.gz" }
{ "origin": "CodeQL Kotlin extractor", "timestamp": "2026-09-27 14:18:01", "kind": "INFO", "message": "Will write TRAP file /Users/macbook/Octo/static_analysis_codeql_1/codeql-kotlin.db/trap/java/classes/java/util/concurrent/ConcurrentHashMap$MapReduceEntriesTask.members/ConcurrentHashMap$MapReduceEntriesTask.members#65.0-1789983753036-kotlin.trap.gz" }
{ "origin": "CodeQL Kotlin extractor", "timestamp": "2026-09-27 14:18:01", "kind": "INFO", "message": "Finished writing TRAP file /Users/macbook/Octo/static_analysis_codeql_1/codeql-kotlin.db/trap/java/classes/java/util/concurrent/ConcurrentHashMap$MapReduceEntriesTask.members/ConcurrentHashMap$MapReduceEntriesTask.members#65.0-1789983753036-kotlin.trap.gz" }
{ "origin": "CodeQL Kotlin extractor", "timestamp": "2026-09-27 14:18:01", "kind": "INFO", "message": "Will write TRAP file /Users/macbook/Octo/static_analysis_codeql_1/codeql-kotlin.db/trap/java/classes/java/util/concurrent/ConcurrentHashMap$TreeBin.members/ConcurrentHashMap$TreeBin.members#65.0-1789983753036-kotlin.trap.gz" }
{ "origin": "CodeQL Kotlin extractor", "timestamp": "2026-09-27 14:18:01", "kind": "INFO", "message": "Finished writing TRAP file /Users/macbook/Octo/static_analysis_codeql_1/codeql-kotlin.db/trap/java/classes/java/util/concurrent/ConcurrentHashMap$TreeBin.members/ConcurrentHashMap$TreeBin.members#65.0-1789983753036-kotlin.trap.gz" }
{ "origin": "CodeQL Kotlin extractor", "timestamp": "2026-09-27 14:18:01", "kind": "INFO", "message": "Will write TRAP file /Users/macbook/Octo/static_analysis_codeql_1/codeql-kotlin.db/trap/java/classes/java/util/concurrent/ConcurrentHashMap$ForEachTransformedEntryTask.members/ConcurrentHashMap$ForEachTransformedEntryTask.members#65.0-1789983753036-kotlin.trap.gz" }
{ "origin": "CodeQL Kotlin extractor", "timestamp": "2026-09-27 14:18:01", "kind": "INFO", "message": "Finished writing TRAP file /Users/macbook/Octo/static_analysis_codeql_1/codeql-kotlin.db/trap/java/classes/java/util/concurrent/ConcurrentHashMap$ForEachTransformedEntryTask.members/ConcurrentHashMap$ForEachTransformedEntryTask.members#65.0-1789983753036-kotlin.trap.gz" }
{ "origin": "CodeQL Kotlin extractor", "timestamp": "2026-09-27 14:18:01", "kind": "INFO", "message": "Will write TRAP file /Users/macbook/Octo/static_analysis_codeql_1/codeql-kotlin.db/trap/java/classes/java/util/concurrent/ConcurrentHashMap$EntrySetView.members/ConcurrentHashMap$EntrySetView.members#65.0-1789983753036-kotlin.trap.gz" }
{ "origin": "CodeQL Kotlin extractor", "timestamp": "2026-09-27 14:18:01", "kind": "INFO", "message": "Finished writing TRAP file /Users/macbook/Octo/static_analysis_codeql_1/codeql-kotlin.db/trap/java/classes/java/util/concurrent/ConcurrentHashMap$EntrySetView.members/ConcurrentHashMap$EntrySetView.members#65.0-1789983753036-kotlin.trap.gz" }
{ "origin": "CodeQL Kotlin extractor", "timestamp": "2026-09-27 14:18:01", "kind": "INFO", "message": "Will write TRAP file /Users/macbook/Octo/static_analysis_codeql_1/codeql-kotlin.db/trap/java/classes/java/util/concurrent/ConcurrentHashMap$MapEntry.members/ConcurrentHashMap$MapEntry.members#65.0-1789983753036-kotlin.trap.gz" }
{ "origin": "CodeQL Kotlin extractor", "timestamp": "2026-09-27 14:18:01", "kind": "INFO", "message": "Finished writing TRAP file /Users/macbook/Octo/static_analysis_codeql_1/codeql-kotlin.db/trap/java/classes/java/util/concurrent/ConcurrentHashMap$MapEntry.members/ConcurrentHashMap$MapEntry.members#65.0-1789983753036-kotlin.trap.gz" }
{ "origin": "CodeQL Kotlin extractor", "timestamp": "2026-09-27 14:18:01", "kind": "INFO", "message": "Will write TRAP file /Users/macbook/Octo/static_analysis_codeql_1/codeql-kotlin.db/trap/java/classes/java/util/concurrent/ConcurrentHashMap$ReduceEntriesTask.members/ConcurrentHashMap$ReduceEntriesTask.members#65.0-1789983753036-kotlin.trap.gz" }
{ "origin": "CodeQL Kotlin extractor", "timestamp": "2026-09-27 14:18:02", "kind": "INFO", "message": "Finished writing TRAP file /Users/macbook/Octo/static_analysis_codeql_1/codeql-kotlin.db/trap/java/classes/java/util/concurrent/ConcurrentHashMap$ReduceEntriesTask.members/ConcurrentHashMap$ReduceEntriesTask.members#65.0-1789983753036-kotlin.trap.gz" }
{ "origin": "CodeQL Kotlin extractor", "timestamp": "2026-09-27 14:18:02", "kind": "INFO", "message": "Will write TRAP file /Users/macbook/Octo/static_analysis_codeql_1/codeql-kotlin.db/trap/java/classes/java/util/concurrent/ConcurrentHashMap$MapReduceEntriesToDoubleTask.members/ConcurrentHashMap$MapReduceEntriesToDoubleTask.members#65.0-1789983753036-kotlin.trap.gz" }
{ "origin": "CodeQL Kotlin extractor", "timestamp": "2026-09-27 14:18:02", "kind": "INFO", "message": "Finished writing TRAP file /Users/macbook/Octo/static_analysis_codeql_1/codeql-kotlin.db/trap/java/classes/java/util/concurrent/ConcurrentHashMap$MapReduceEntriesToDoubleTask.members/ConcurrentHashMap$MapReduceEntriesToDoubleTask.members#65.0-1789983753036-kotlin.trap.gz" }
{ "origin": "CodeQL Kotlin extractor", "timestamp": "2026-09-27 14:18:02", "kind": "INFO", "message": "Will write TRAP file /Users/macbook/Octo/static_analysis_codeql_1/codeql-kotlin.db/trap/java/classes/java/util/concurrent/ConcurrentHashMap$TableStack.members/ConcurrentHashMap$TableStack.members#65.0-1789983753036-kotlin.trap.gz" }
{ "origin": "CodeQL Kotlin extractor", "timestamp": "2026-09-27 14:18:02", "kind": "INFO", "message": "Finished writing TRAP file /Users/macbook/Octo/static_analysis_codeql_1/codeql-kotlin.db/trap/java/classes/java/util/concurrent/ConcurrentHashMap$TableStack.members/ConcurrentHashMap$TableStack.members#65.0-1789983753036-kotlin.trap.gz" }
{ "origin": "CodeQL Kotlin extractor", "timestamp": "2026-09-27 14:18:02", "kind": "INFO", "message": "Will write TRAP file /Users/macbook/Octo/static_analysis_codeql_1/codeql-kotlin.db/trap/java/classes/java/util/concurrent/ConcurrentHashMap$ReduceKeysTask.members/ConcurrentHashMap$ReduceKeysTask.members#65.0-1789983753036-kotlin.trap.gz" }
{ "origin": "CodeQL Kotlin extractor", "timestamp": "2026-09-27 14:18:02", "kind": "INFO", "message": "Finished writing TRAP file /Users/macbook/Octo/static_analysis_codeql_1/codeql-kotlin.db/trap/java/classes/java/util/concurrent/ConcurrentHashMap$ReduceKeysTask.members/ConcurrentHashMap$ReduceKeysTask.members#65.0-1789983753036-kotlin.trap.gz" }
{ "origin": "CodeQL Kotlin extractor", "timestamp": "2026-09-27 14:18:02", "kind": "INFO", "message": "Will write TRAP file /Users/macbook/Octo/static_analysis_codeql_1/codeql-kotlin.db/trap/java/classes/java/util/concurrent/ConcurrentHashMap$ForEachTransformedValueTask.members/ConcurrentHashMap$ForEachTransformedValueTask.members#65.0-1789983753036-kotlin.trap.gz" }
{ "origin": "CodeQL Kotlin extractor", "timestamp": "2026-09-27 14:18:02", "kind": "INFO", "message": "Finished writing TRAP file /Users/macbook/Octo/static_analysis_codeql_1/codeql-kotlin.db/trap/java/classes/java/util/concurrent/ConcurrentHashMap$ForEachTransformedValueTask.members/ConcurrentHashMap$ForEachTransformedValueTask.members#65.0-1789983753036-kotlin.trap.gz" }
{ "origin": "CodeQL Kotlin extractor", "timestamp": "2026-09-27 14:18:02", "kind": "INFO", "message": "Will write TRAP file /Users/macbook/Octo/static_analysis_codeql_1/codeql-kotlin.db/trap/java/classes/java/util/concurrent/ConcurrentHashMap$Segment.members/ConcurrentHashMap$Segment.members#65.0-1789983753036-kotlin.trap.gz" }
{ "origin": "CodeQL Kotlin extractor", "timestamp": "2026-09-27 14:18:02", "kind": "INFO", "message": "Finished writing TRAP file /Users/macbook/Octo/static_analysis_codeql_1/codeql-kotlin.db/trap/java/classes/java/util/concurrent/ConcurrentHashMap$Segment.members/ConcurrentHashMap$Segment.members#65.0-1789983753036-kotlin.trap.gz" }
{ "origin": "CodeQL Kotlin extractor", "timestamp": "2026-09-27 14:18:02", "kind": "INFO", "message": "Will write TRAP file /Users/macbook/Octo/static_analysis_codeql_1/codeql-kotlin.db/trap/java/classes/java/util/concurrent/ConcurrentHashMap$ReservationNode.members/ConcurrentHashMap$ReservationNode.members#65.0-1789983753036-kotlin.trap.gz" }
{ "origin": "CodeQL Kotlin extractor", "timestamp": "2026-09-27 14:18:02", "kind": "INFO", "message": "Finished writing TRAP file /Users/macbook/Octo/static_analysis_codeql_1/codeql-kotlin.db/trap/java/classes/java/util/concurrent/ConcurrentHashMap$ReservationNode.members/ConcurrentHashMap$ReservationNode.members#65.0-1789983753036-kotlin.trap.gz" }
{ "origin": "CodeQL Kotlin extractor", "timestamp": "2026-09-27 14:18:02", "kind": "INFO", "message": "Will write TRAP file /Users/macbook/Octo/static_analysis_codeql_1/codeql-kotlin.db/trap/java/classes/java/util/concurrent/ConcurrentHashMap$TreeNode.members/ConcurrentHashMap$TreeNode.members#65.0-1789983753036-kotlin.trap.gz" }
{ "origin": "CodeQL Kotlin extractor", "timestamp": "2026-09-27 14:18:02", "kind": "INFO", "message": "Finished writing TRAP file /Users/macbook/Octo/static_analysis_codeql_1/codeql-kotlin.db/trap/java/classes/java/util/concurrent/ConcurrentHashMap$TreeNode.members/ConcurrentHashMap$TreeNode.members#65.0-1789983753036-kotlin.trap.gz" }
{ "origin": "CodeQL Kotlin extractor", "timestamp": "2026-09-27 14:18:02", "kind": "INFO", "message": "Will write TRAP file /Users/macbook/Octo/static_analysis_codeql_1/codeql-kotlin.db/trap/java/classes/java/util/concurrent/ConcurrentHashMap$MapReduceKeysToDoubleTask.members/ConcurrentHashMap$MapReduceKeysToDoubleTask.members#65.0-1789983753036-kotlin.trap.gz" }
{ "origin": "CodeQL Kotlin extractor", "timestamp": "2026-09-27 14:18:02", "kind": "INFO", "message": "Finished writing TRAP file /Users/macbook/Octo/static_analysis_codeql_1/codeql-kotlin.db/trap/java/classes/java/util/concurrent/ConcurrentHashMap$MapReduceKeysToDoubleTask.members/ConcurrentHashMap$MapReduceKeysToDoubleTask.members#65.0-1789983753036-kotlin.trap.gz" }
{ "origin": "CodeQL Kotlin extractor", "timestamp": "2026-09-27 14:18:02", "kind": "INFO", "message": "Will write TRAP file /Users/macbook/Octo/static_analysis_codeql_1/codeql-kotlin.db/trap/java/classes/java/util/concurrent/ConcurrentHashMap$EntrySpliterator.members/ConcurrentHashMap$EntrySpliterator.members#65.0-1789983753036-kotlin.trap.gz" }
{ "origin": "CodeQL Kotlin extractor", "timestamp": "2026-09-27 14:18:02", "kind": "INFO", "message": "Finished writing TRAP file /Users/macbook/Octo/static_analysis_codeql_1/codeql-kotlin.db/trap/java/classes/java/util/concurrent/ConcurrentHashMap$EntrySpliterator.members/ConcurrentHashMap$EntrySpliterator.members#65.0-1789983753036-kotlin.trap.gz" }
{ "origin": "CodeQL Kotlin extractor", "timestamp": "2026-09-27 14:18:02", "kind": "INFO", "message": "Will write TRAP file /Users/macbook/Octo/static_analysis_codeql_1/codeql-kotlin.db/trap/java/classes/java/util/concurrent/ConcurrentHashMap$BaseIterator.members/ConcurrentHashMap$BaseIterator.members#65.0-1789983753036-kotlin.trap.gz" }
{ "origin": "CodeQL Kotlin extractor", "timestamp": "2026-09-27 14:18:02", "kind": "INFO", "message": "Finished writing TRAP file /Users/macbook/Octo/static_analysis_codeql_1/codeql-kotlin.db/trap/java/classes/java/util/concurrent/ConcurrentHashMap$BaseIterator.members/ConcurrentHashMap$BaseIterator.members#65.0-1789983753036-kotlin.trap.gz" }
{ "origin": "CodeQL Kotlin extractor", "timestamp": "2026-09-27 14:18:02", "kind": "INFO", "message": "Will write TRAP file /Users/macbook/Octo/static_analysis_codeql_1/codeql-kotlin.db/trap/java/classes/java/util/concurrent/ConcurrentHashMap$ForEachKeyTask.members/ConcurrentHashMap$ForEachKeyTask.members#65.0-1789983753036-kotlin.trap.gz" }
{ "origin": "CodeQL Kotlin extractor", "timestamp": "2026-09-27 14:18:02", "kind": "INFO", "message": "Finished writing TRAP file /Users/macbook/Octo/static_analysis_codeql_1/codeql-kotlin.db/trap/java/classes/java/util/concurrent/ConcurrentHashMap$ForEachKeyTask.members/ConcurrentHashMap$ForEachKeyTask.members#65.0-1789983753036-kotlin.trap.gz" }
{ "origin": "CodeQL Kotlin extractor", "timestamp": "2026-09-27 14:18:02", "kind": "INFO", "message": "Will write TRAP file /Users/macbook/Octo/static_analysis_codeql_1/codeql-kotlin.db/trap/java/classes/java/util/concurrent/ConcurrentHashMap$MapReduceMappingsToDoubleTask.members/ConcurrentHashMap$MapReduceMappingsToDoubleTask.members#65.0-1789983753036-kotlin.trap.gz" }
{ "origin": "CodeQL Kotlin extractor", "timestamp": "2026-09-27 14:18:02", "kind": "INFO", "message": "Finished writing TRAP file /Users/macbook/Octo/static_analysis_codeql_1/codeql-kotlin.db/trap/java/classes/java/util/concurrent/ConcurrentHashMap$MapReduceMappingsToDoubleTask.members/ConcurrentHashMap$MapReduceMappingsToDoubleTask.members#65.0-1789983753036-kotlin.trap.gz" }
{ "origin": "CodeQL Kotlin extractor", "timestamp": "2026-09-27 14:18:02", "kind": "INFO", "message": "Will write TRAP file /Users/macbook/Octo/static_analysis_codeql_1/codeql-kotlin.db/trap/java/classes/java/util/concurrent/ConcurrentHashMap$MapReduceKeysToIntTask.members/ConcurrentHashMap$MapReduceKeysToIntTask.members#65.0-1789983753036-kotlin.trap.gz" }
{ "origin": "CodeQL Kotlin extractor", "timestamp": "2026-09-27 14:18:02", "kind": "INFO", "message": "Finished writing TRAP file /Users/macbook/Octo/static_analysis_codeql_1/codeql-kotlin.db/trap/java/classes/java/util/concurrent/ConcurrentHashMap$MapReduceKeysToIntTask.members/ConcurrentHashMap$MapReduceKeysToIntTask.members#65.0-1789983753036-kotlin.trap.gz" }
{ "origin": "CodeQL Kotlin extractor", "timestamp": "2026-09-27 14:18:02", "kind": "INFO", "message": "Will write TRAP file /Users/macbook/Octo/static_analysis_codeql_1/codeql-kotlin.db/trap/java/classes/java/util/concurrent/ConcurrentHashMap$ValuesView.members/ConcurrentHashMap$ValuesView.members#65.0-1789983753036-kotlin.trap.gz" }
{ "origin": "CodeQL Kotlin extractor", "timestamp": "2026-09-27 14:18:02", "kind": "INFO", "message": "Finished writing TRAP file /Users/macbook/Octo/static_analysis_codeql_1/codeql-kotlin.db/trap/java/classes/java/util/concurrent/ConcurrentHashMap$ValuesView.members/ConcurrentHashMap$ValuesView.members#65.0-1789983753036-kotlin.trap.gz" }
{ "origin": "CodeQL Kotlin extractor", "timestamp": "2026-09-27 14:18:02", "kind": "INFO", "message": "Will write TRAP file /Users/macbook/Octo/static_analysis_codeql_1/codeql-kotlin.db/trap/java/classes/java/util/concurrent/ConcurrentHashMap$SearchEntriesTask.members/ConcurrentHashMap$SearchEntriesTask.members#65.0-1789983753036-kotlin.trap.gz" }
{ "origin": "CodeQL Kotlin extractor", "timestamp": "2026-09-27 14:18:02", "kind": "INFO", "message": "Finished writing TRAP file /Users/macbook/Octo/static_analysis_codeql_1/codeql-kotlin.db/trap/java/classes/java/util/concurrent/ConcurrentHashMap$SearchEntriesTask.members/ConcurrentHashMap$SearchEntriesTask.members#65.0-1789983753036-kotlin.trap.gz" }
{ "origin": "CodeQL Kotlin extractor", "timestamp": "2026-09-27 14:18:02", "kind": "INFO", "message": "Will write TRAP file /Users/macbook/Octo/static_analysis_codeql_1/codeql-kotlin.db/trap/java/classes/java/util/concurrent/ConcurrentHashMap$MapReduceValuesTask.members/ConcurrentHashMap$MapReduceValuesTask.members#65.0-1789983753036-kotlin.trap.gz" }
{ "origin": "CodeQL Kotlin extractor", "timestamp": "2026-09-27 14:18:02", "kind": "INFO", "message": "Finished writing TRAP file /Users/macbook/Octo/static_analysis_codeql_1/codeql-kotlin.db/trap/java/classes/java/util/concurrent/ConcurrentHashMap$MapReduceValuesTask.members/ConcurrentHashMap$MapReduceValuesTask.members#65.0-1789983753036-kotlin.trap.gz" }
{ "origin": "CodeQL Kotlin extractor", "timestamp": "2026-09-27 14:18:02", "kind": "INFO", "message": "Will write TRAP file /Users/macbook/Octo/static_analysis_codeql_1/codeql-kotlin.db/trap/java/classes/java/util/function/ToDoubleBiFunction.members/ToDoubleBiFunction.members#65.0-1789983753036-kotlin.trap.gz" }
{ "origin": "CodeQL Kotlin extractor", "timestamp": "2026-09-27 14:18:02", "kind": "INFO", "message": "Finished writing TRAP file /Users/macbook/Octo/static_analysis_codeql_1/codeql-kotlin.db/trap/java/classes/java/util/function/ToDoubleBiFunction.members/ToDoubleBiFunction.members#65.0-1789983753036-kotlin.trap.gz" }
{ "origin": "CodeQL Kotlin extractor", "timestamp": "2026-09-27 14:18:02", "kind": "INFO", "message": "Skipping extracting external decl DoubleBinaryOperator" }
{ "origin": "CodeQL Kotlin extractor", "timestamp": "2026-09-27 14:18:02", "kind": "INFO", "message": "Will write TRAP file /Users/macbook/Octo/static_analysis_codeql_1/codeql-kotlin.db/trap/java/classes/java/util/function/ToLongBiFunction.members/ToLongBiFunction.members#65.0-1789983753036-kotlin.trap.gz" }
{ "origin": "CodeQL Kotlin extractor", "timestamp": "2026-09-27 14:18:02", "kind": "INFO", "message": "Finished writing TRAP file /Users/macbook/Octo/static_analysis_codeql_1/codeql-kotlin.db/trap/java/classes/java/util/function/ToLongBiFunction.members/ToLongBiFunction.members#65.0-1789983753036-kotlin.trap.gz" }
{ "origin": "CodeQL Kotlin extractor", "timestamp": "2026-09-27 14:18:02", "kind": "INFO", "message": "Skipping extracting external decl LongBinaryOperator" }
{ "origin": "CodeQL Kotlin extractor", "timestamp": "2026-09-27 14:18:02", "kind": "INFO", "message": "Will write TRAP file /Users/macbook/Octo/static_analysis_codeql_1/codeql-kotlin.db/trap/java/classes/java/util/function/ToIntBiFunction.members/ToIntBiFunction.members#65.0-1789983753036-kotlin.trap.gz" }
{ "origin": "CodeQL Kotlin extractor", "timestamp": "2026-09-27 14:18:02", "kind": "INFO", "message": "Finished writing TRAP file /Users/macbook/Octo/static_analysis_codeql_1/codeql-kotlin.db/trap/java/classes/java/util/function/ToIntBiFunction.members/ToIntBiFunction.members#65.0-1789983753036-kotlin.trap.gz" }
{ "origin": "CodeQL Kotlin extractor", "timestamp": "2026-09-27 14:18:02", "kind": "INFO", "message": "Skipping extracting external decl IntBinaryOperator" }
{ "origin": "CodeQL Kotlin extractor", "timestamp": "2026-09-27 14:18:02", "kind": "INFO", "message": "Skipping extracting external decl ToDoubleFunction" }
{ "origin": "CodeQL Kotlin extractor", "timestamp": "2026-09-27 14:18:02", "kind": "INFO", "message": "Skipping extracting external decl ToLongFunction" }
{ "origin": "CodeQL Kotlin extractor", "timestamp": "2026-09-27 14:18:02", "kind": "INFO", "message": "Skipping extracting external decl ToIntFunction" }
{ "origin": "CodeQL Kotlin extractor", "timestamp": "2026-09-27 14:18:02", "kind": "INFO", "message": "Will write TRAP file /Users/macbook/Octo/static_analysis_codeql_1/codeql-kotlin.db/trap/java/classes/kotlin/jvm/internal/DoubleCompanionObject.members/DoubleCompanionObject.members#52.0-318186000000-kotlin.trap.gz" }
{ "origin": "CodeQL Kotlin extractor", "timestamp": "2026-09-27 14:18:02", "kind": "INFO", "message": "Finished writing TRAP file /Users/macbook/Octo/static_analysis_codeql_1/codeql-kotlin.db/trap/java/classes/kotlin/jvm/internal/DoubleCompanionObject.members/DoubleCompanionObject.members#52.0-318186000000-kotlin.trap.gz" }
{ "origin": "CodeQL Kotlin extractor", "timestamp": "2026-09-27 14:18:02", "kind": "INFO", "message": "Will write TRAP file /Users/macbook/Octo/static_analysis_codeql_1/codeql-kotlin.db/trap/java/classes/kotlin/jvm/internal/FloatCompanionObject.members/FloatCompanionObject.members#52.0-318186000000-kotlin.trap.gz" }
{ "origin": "CodeQL Kotlin extractor", "timestamp": "2026-09-27 14:18:02", "kind": "INFO", "message": "Finished writing TRAP file /Users/macbook/Octo/static_analysis_codeql_1/codeql-kotlin.db/trap/java/classes/kotlin/jvm/internal/FloatCompanionObject.members/FloatCompanionObject.members#52.0-318186000000-kotlin.trap.gz" }
{ "origin": "CodeQL Kotlin extractor", "timestamp": "2026-09-27 14:18:02", "kind": "INFO", "message": "Will write TRAP file /Users/macbook/Octo/static_analysis_codeql_1/codeql-kotlin.db/trap/java/classes/kotlin/jvm/internal/ShortCompanionObject.members/ShortCompanionObject.members#52.0-318186000000-kotlin.trap.gz" }
{ "origin": "CodeQL Kotlin extractor", "timestamp": "2026-09-27 14:18:02", "kind": "INFO", "message": "Finished writing TRAP file /Users/macbook/Octo/static_analysis_codeql_1/codeql-kotlin.db/trap/java/classes/kotlin/jvm/internal/ShortCompanionObject.members/ShortCompanionObject.members#52.0-318186000000-kotlin.trap.gz" }
{ "origin": "CodeQL Kotlin extractor", "timestamp": "2026-09-27 14:18:02", "kind": "INFO", "message": "Will write TRAP file /Users/macbook/Octo/static_analysis_codeql_1/codeql-kotlin.db/trap/java/classes/kotlin/jvm/internal/CharCompanionObject.members/CharCompanionObject.members#52.0-318186000000-kotlin.trap.gz" }
{ "origin": "CodeQL Kotlin extractor", "timestamp": "2026-09-27 14:18:02", "kind": "INFO", "message": "Finished writing TRAP file /Users/macbook/Octo/static_analysis_codeql_1/codeql-kotlin.db/trap/java/classes/kotlin/jvm/internal/CharCompanionObject.members/CharCompanionObject.members#52.0-318186000000-kotlin.trap.gz" }
{ "origin": "CodeQL Kotlin extractor", "timestamp": "2026-09-27 14:18:02", "kind": "INFO", "message": "Will write TRAP file /Users/macbook/Octo/static_analysis_codeql_1/codeql-kotlin.db/trap/java/classes/kotlin/ranges/CharRange$Companion.members/CharRange$Companion.members#52.0-318186000000-kotlin.trap.gz" }
{ "origin": "CodeQL Kotlin extractor", "timestamp": "2026-09-27 14:18:02", "kind": "INFO", "message": "Finished writing TRAP file /Users/macbook/Octo/static_analysis_codeql_1/codeql-kotlin.db/trap/java/classes/kotlin/ranges/CharRange$Companion.members/CharRange$Companion.members#52.0-318186000000-kotlin.trap.gz" }
{ "origin": "CodeQL Kotlin extractor", "timestamp": "2026-09-27 14:18:02", "kind": "INFO", "message": "Will write TRAP file /Users/macbook/Octo/static_analysis_codeql_1/codeql-kotlin.db/trap/java/classes/kotlin/ranges/CharProgression.members/CharProgression.members#52.0-318186000000-kotlin.trap.gz" }
{ "origin": "CodeQL Kotlin extractor", "timestamp": "2026-09-27 14:18:02", "kind": "INFO", "message": "Finished writing TRAP file /Users/macbook/Octo/static_analysis_codeql_1/codeql-kotlin.db/trap/java/classes/kotlin/ranges/CharProgression.members/CharProgression.members#52.0-318186000000-kotlin.trap.gz" }
{ "origin": "CodeQL Kotlin extractor", "timestamp": "2026-09-27 14:18:02", "kind": "INFO", "message": "Will write TRAP file /Users/macbook/Octo/static_analysis_codeql_1/codeql-kotlin.db/trap/java/classes/kotlin/ranges/IntProgression$Companion.members/IntProgression$Companion.members#52.0-318186000000-kotlin.trap.gz" }
{ "origin": "CodeQL Kotlin extractor", "timestamp": "2026-09-27 14:18:02", "kind": "INFO", "message": "Finished writing TRAP file /Users/macbook/Octo/static_analysis_codeql_1/codeql-kotlin.db/trap/java/classes/kotlin/ranges/IntProgression$Companion.members/IntProgression$Companion.members#52.0-318186000000-kotlin.trap.gz" }
{ "origin": "CodeQL Kotlin extractor", "timestamp": "2026-09-27 14:18:02", "kind": "INFO", "message": "Will write TRAP file /Users/macbook/Octo/static_analysis_codeql_1/codeql-kotlin.db/trap/java/classes/kotlin/collections/IntIterator.members/IntIterator.members#52.0-318186000000-kotlin.trap.gz" }
{ "origin": "CodeQL Kotlin extractor", "timestamp": "2026-09-27 14:18:02", "kind": "INFO", "message": "Finished writing TRAP file /Users/macbook/Octo/static_analysis_codeql_1/codeql-kotlin.db/trap/java/classes/kotlin/collections/IntIterator.members/IntIterator.members#52.0-318186000000-kotlin.trap.gz" }
{ "origin": "CodeQL Kotlin extractor", "timestamp": "2026-09-27 14:18:02", "kind": "INFO", "message": "Skipping extracting external decl Iterable" }
{ "origin": "CodeQL Kotlin extractor", "timestamp": "2026-09-27 14:18:02", "kind": "INFO", "message": "Will write TRAP file /Users/macbook/Octo/static_analysis_codeql_1/codeql-kotlin.db/trap/java/classes/kotlin/ranges/LongProgression$Companion.members/LongProgression$Companion.members#52.0-318186000000-kotlin.trap.gz" }
{ "origin": "CodeQL Kotlin extractor", "timestamp": "2026-09-27 14:18:02", "kind": "INFO", "message": "Finished writing TRAP file /Users/macbook/Octo/static_analysis_codeql_1/codeql-kotlin.db/trap/java/classes/kotlin/ranges/LongProgression$Companion.members/LongProgression$Companion.members#52.0-318186000000-kotlin.trap.gz" }
{ "origin": "CodeQL Kotlin extractor", "timestamp": "2026-09-27 14:18:02", "kind": "INFO", "message": "Will write TRAP file /Users/macbook/Octo/static_analysis_codeql_1/codeql-kotlin.db/trap/java/classes/kotlin/collections/LongIterator.members/LongIterator.members#52.0-318186000000-kotlin.trap.gz" }
{ "origin": "CodeQL Kotlin extractor", "timestamp": "2026-09-27 14:18:02", "kind": "INFO", "message": "Finished writing TRAP file /Users/macbook/Octo/static_analysis_codeql_1/codeql-kotlin.db/trap/java/classes/kotlin/collections/LongIterator.members/LongIterator.members#52.0-318186000000-kotlin.trap.gz" }
{ "origin": "CodeQL Kotlin extractor", "timestamp": "2026-09-27 14:18:02", "kind": "INFO", "message": "Skipping extracting external decl ReferenceQueue" }
{ "origin": "CodeQL Kotlin extractor", "timestamp": "2026-09-27 14:18:02", "kind": "INFO", "message": "Skipping extracting external decl ThreadGroup" }
{ "origin": "CodeQL Kotlin extractor", "timestamp": "2026-09-27 14:18:02", "kind": "INFO", "message": "Will write TRAP file /Users/macbook/Octo/static_analysis_codeql_1/codeql-kotlin.db/trap/java/classes/java/util/WeakHashMap$ValueSpliterator.members/WeakHashMap$ValueSpliterator.members#65.0-1789983753036-kotlin.trap.gz" }
{ "origin": "CodeQL Kotlin extractor", "timestamp": "2026-09-27 14:18:02", "kind": "INFO", "message": "Finished writing TRAP file /Users/macbook/Octo/static_analysis_codeql_1/codeql-kotlin.db/trap/java/classes/java/util/WeakHashMap$ValueSpliterator.members/WeakHashMap$ValueSpliterator.members#65.0-1789983753036-kotlin.trap.gz" }
{ "origin": "CodeQL Kotlin extractor", "timestamp": "2026-09-27 14:18:02", "kind": "INFO", "message": "Will write TRAP file /Users/macbook/Octo/static_analysis_codeql_1/codeql-kotlin.db/trap/java/classes/java/util/WeakHashMap$WeakHashMapSpliterator.members/WeakHashMap$WeakHashMapSpliterator.members#65.0-1789983753036-kotlin.trap.gz" }
{ "origin": "CodeQL Kotlin extractor", "timestamp": "2026-09-27 14:18:02", "kind": "INFO", "message": "Finished writing TRAP file /Users/macbook/Octo/static_analysis_codeql_1/codeql-kotlin.db/trap/java/classes/java/util/WeakHashMap$WeakHashMapSpliterator.members/WeakHashMap$WeakHashMapSpliterator.members#65.0-1789983753036-kotlin.trap.gz" }
{ "origin": "CodeQL Kotlin extractor", "timestamp": "2026-09-27 14:18:02", "kind": "INFO", "message": "Will write TRAP file /Users/macbook/Octo/static_analysis_codeql_1/codeql-kotlin.db/trap/java/classes/java/util/WeakHashMap$EntrySpliterator.members/WeakHashMap$EntrySpliterator.members#65.0-1789983753036-kotlin.trap.gz" }
{ "origin": "CodeQL Kotlin extractor", "timestamp": "2026-09-27 14:18:02", "kind": "INFO", "message": "Finished writing TRAP file /Users/macbook/Octo/static_analysis_codeql_1/codeql-kotlin.db/trap/java/classes/java/util/WeakHashMap$EntrySpliterator.members/WeakHashMap$EntrySpliterator.members#65.0-1789983753036-kotlin.trap.gz" }
{ "origin": "CodeQL Kotlin extractor", "timestamp": "2026-09-27 14:18:02", "kind": "INFO", "message": "Will write TRAP file /Users/macbook/Octo/static_analysis_codeql_1/codeql-kotlin.db/trap/java/classes/java/util/WeakHashMap$KeySpliterator.members/WeakHashMap$KeySpliterator.members#65.0-1789983753036-kotlin.trap.gz" }
{ "origin": "CodeQL Kotlin extractor", "timestamp": "2026-09-27 14:18:02", "kind": "INFO", "message": "Finished writing TRAP file /Users/macbook/Octo/static_analysis_codeql_1/codeql-kotlin.db/trap/java/classes/java/util/WeakHashMap$KeySpliterator.members/WeakHashMap$KeySpliterator.members#65.0-1789983753036-kotlin.trap.gz" }
{ "origin": "CodeQL Kotlin extractor", "timestamp": "2026-09-27 14:18:02", "kind": "INFO", "message": "Will write TRAP file /Users/macbook/Octo/static_analysis_codeql_1/codeql-kotlin.db/trap/java/classes/java/lang/ModuleLayer$Controller.members/ModuleLayer$Controller.members#65.0-1789983753036-kotlin.trap.gz" }
{ "origin": "CodeQL Kotlin extractor", "timestamp": "2026-09-27 14:18:02", "kind": "INFO", "message": "Finished writing TRAP file /Users/macbook/Octo/static_analysis_codeql_1/codeql-kotlin.db/trap/java/classes/java/lang/ModuleLayer$Controller.members/ModuleLayer$Controller.members#65.0-1789983753036-kotlin.trap.gz" }
{ "origin": "CodeQL Kotlin extractor", "timestamp": "2026-09-27 14:18:02", "kind": "INFO", "message": "Will write TRAP file /Users/macbook/Octo/static_analysis_codeql_1/codeql-kotlin.db/trap/java/classes/jdk/internal/module/ServicesCatalog.members/ServicesCatalog.members#65.0-1789983753036-kotlin.trap.gz" }
{ "origin": "CodeQL Kotlin extractor", "timestamp": "2026-09-27 14:18:02", "kind": "INFO", "message": "Finished writing TRAP file /Users/macbook/Octo/static_analysis_codeql_1/codeql-kotlin.db/trap/java/classes/jdk/internal/module/ServicesCatalog.members/ServicesCatalog.members#65.0-1789983753036-kotlin.trap.gz" }
{ "origin": "CodeQL Kotlin extractor", "timestamp": "2026-09-27 14:18:02", "kind": "INFO", "message": "Will write TRAP file /Users/macbook/Octo/static_analysis_codeql_1/codeql-kotlin.db/trap/java/classes/java/lang/module/ModuleDescriptor$Version.members/ModuleDescriptor$Version.members#65.0-1789983753036-kotlin.trap.gz" }
{ "origin": "CodeQL Kotlin extractor", "timestamp": "2026-09-27 14:18:02", "kind": "INFO", "message": "Finished writing TRAP file /Users/macbook/Octo/static_analysis_codeql_1/codeql-kotlin.db/trap/java/classes/java/lang/module/ModuleDescriptor$Version.members/ModuleDescriptor$Version.members#65.0-1789983753036-kotlin.trap.gz" }
{ "origin": "CodeQL Kotlin extractor", "timestamp": "2026-09-27 14:18:02", "kind": "INFO", "message": "Will write TRAP file /Users/macbook/Octo/static_analysis_codeql_1/codeql-kotlin.db/trap/java/classes/java/lang/module/ModuleDescriptor$Modifier.members/ModuleDescriptor$Modifier.members#65.0-1789983753036-kotlin.trap.gz" }
{ "origin": "CodeQL Kotlin extractor", "timestamp": "2026-09-27 14:18:02", "kind": "INFO", "message": "Finished writing TRAP file /Users/macbook/Octo/static_analysis_codeql_1/codeql-kotlin.db/trap/java/classes/java/lang/module/ModuleDescriptor$Modifier.members/ModuleDescriptor$Modifier.members#65.0-1789983753036-kotlin.trap.gz" }
{ "origin": "CodeQL Kotlin extractor", "timestamp": "2026-09-27 14:18:02", "kind": "INFO", "message": "Will write TRAP file /Users/macbook/Octo/static_analysis_codeql_1/codeql-kotlin.db/trap/java/classes/java/lang/module/ModuleDescriptor$Requires.members/ModuleDescriptor$Requires.members#65.0-1789983753036-kotlin.trap.gz" }
{ "origin": "CodeQL Kotlin extractor", "timestamp": "2026-09-27 14:18:02", "kind": "INFO", "message": "Finished writing TRAP file /Users/macbook/Octo/static_analysis_codeql_1/codeql-kotlin.db/trap/java/classes/java/lang/module/ModuleDescriptor$Requires.members/ModuleDescriptor$Requires.members#65.0-1789983753036-kotlin.trap.gz" }
{ "origin": "CodeQL Kotlin extractor", "timestamp": "2026-09-27 14:18:02", "kind": "INFO", "message": "Will write TRAP file /Users/macbook/Octo/static_analysis_codeql_1/codeql-kotlin.db/trap/java/classes/java/lang/module/ModuleDescriptor$Exports.members/ModuleDescriptor$Exports.members#65.0-1789983753036-kotlin.trap.gz" }
{ "origin": "CodeQL Kotlin extractor", "timestamp": "2026-09-27 14:18:02", "kind": "INFO", "message": "Finished writing TRAP file /Users/macbook/Octo/static_analysis_codeql_1/codeql-kotlin.db/trap/java/classes/java/lang/module/ModuleDescriptor$Exports.members/ModuleDescriptor$Exports.members#65.0-1789983753036-kotlin.trap.gz" }
{ "origin": "CodeQL Kotlin extractor", "timestamp": "2026-09-27 14:18:02", "kind": "INFO", "message": "Will write TRAP file /Users/macbook/Octo/static_analysis_codeql_1/codeql-kotlin.db/trap/java/classes/java/lang/module/ModuleDescriptor$Opens.members/ModuleDescriptor$Opens.members#65.0-1789983753036-kotlin.trap.gz" }
{ "origin": "CodeQL Kotlin extractor", "timestamp": "2026-09-27 14:18:02", "kind": "INFO", "message": "Finished writing TRAP file /Users/macbook/Octo/static_analysis_codeql_1/codeql-kotlin.db/trap/java/classes/java/lang/module/ModuleDescriptor$Opens.members/ModuleDescriptor$Opens.members#65.0-1789983753036-kotlin.trap.gz" }
{ "origin": "CodeQL Kotlin extractor", "timestamp": "2026-09-27 14:18:02", "kind": "INFO", "message": "Will write TRAP file /Users/macbook/Octo/static_analysis_codeql_1/codeql-kotlin.db/trap/java/classes/java/lang/module/ModuleDescriptor$Provides.members/ModuleDescriptor$Provides.members#65.0-1789983753036-kotlin.trap.gz" }
{ "origin": "CodeQL Kotlin extractor", "timestamp": "2026-09-27 14:18:02", "kind": "INFO", "message": "Finished writing TRAP file /Users/macbook/Octo/static_analysis_codeql_1/codeql-kotlin.db/trap/java/classes/java/lang/module/ModuleDescriptor$Provides.members/ModuleDescriptor$Provides.members#65.0-1789983753036-kotlin.trap.gz" }
{ "origin": "CodeQL Kotlin extractor", "timestamp": "2026-09-27 14:18:02", "kind": "INFO", "message": "Will write TRAP file /Users/macbook/Octo/static_analysis_codeql_1/codeql-kotlin.db/trap/java/classes/java/lang/module/ModuleDescriptor$Builder.members/ModuleDescriptor$Builder.members#65.0-1789983753036-kotlin.trap.gz" }
{ "origin": "CodeQL Kotlin extractor", "timestamp": "2026-09-27 14:18:02", "kind": "INFO", "message": "Finished writing TRAP file /Users/macbook/Octo/static_analysis_codeql_1/codeql-kotlin.db/trap/java/classes/java/lang/module/ModuleDescriptor$Builder.members/ModuleDescriptor$Builder.members#65.0-1789983753036-kotlin.trap.gz" }
{ "origin": "CodeQL Kotlin extractor", "timestamp": "2026-09-27 14:18:02", "kind": "INFO", "message": "Will write TRAP file /Users/macbook/Octo/static_analysis_codeql_1/codeql-kotlin.db/trap/java/classes/java/lang/module/ModuleFinder.members/ModuleFinder.members#65.0-1789983753036-kotlin.trap.gz" }
{ "origin": "CodeQL Kotlin extractor", "timestamp": "2026-09-27 14:18:02", "kind": "INFO", "message": "Finished writing TRAP file /Users/macbook/Octo/static_analysis_codeql_1/codeql-kotlin.db/trap/java/classes/java/lang/module/ModuleFinder.members/ModuleFinder.members#65.0-1789983753036-kotlin.trap.gz" }
{ "origin": "CodeQL Kotlin extractor", "timestamp": "2026-09-27 14:18:02", "kind": "INFO", "message": "Will write TRAP file /Users/macbook/Octo/static_analysis_codeql_1/codeql-kotlin.db/trap/java/classes/java/lang/module/ResolvedModule.members/ResolvedModule.members#65.0-1789983753036-kotlin.trap.gz" }
{ "origin": "CodeQL Kotlin extractor", "timestamp": "2026-09-27 14:18:02", "kind": "INFO", "message": "Finished writing TRAP file /Users/macbook/Octo/static_analysis_codeql_1/codeql-kotlin.db/trap/java/classes/java/lang/module/ResolvedModule.members/ResolvedModule.members#65.0-1789983753036-kotlin.trap.gz" }
{ "origin": "CodeQL Kotlin extractor", "timestamp": "2026-09-27 14:18:02", "kind": "INFO", "message": "Skipping extracting external decl PrintStream" }
{ "origin": "CodeQL Kotlin extractor", "timestamp": "2026-09-27 14:18:02", "kind": "INFO", "message": "Will write TRAP file /Users/macbook/Octo/static_analysis_codeql_1/codeql-kotlin.db/trap/java/classes/java/lang/Runtime$Version.members/Runtime$Version.members#65.0-1789983753036-kotlin.trap.gz" }
{ "origin": "CodeQL Kotlin extractor", "timestamp": "2026-09-27 14:18:02", "kind": "INFO", "message": "Finished writing TRAP file /Users/macbook/Octo/static_analysis_codeql_1/codeql-kotlin.db/trap/java/classes/java/lang/Runtime$Version.members/Runtime$Version.members#65.0-1789983753036-kotlin.trap.gz" }
{ "origin": "CodeQL Kotlin extractor", "timestamp": "2026-09-27 14:18:02", "kind": "INFO", "message": "Will write TRAP file /Users/macbook/Octo/static_analysis_codeql_1/codeql-kotlin.db/trap/java/classes/sun/reflect/generics/factory/GenericsFactory.members/GenericsFactory.members#65.0-1789983753036-kotlin.trap.gz" }
{ "origin": "CodeQL Kotlin extractor", "timestamp": "2026-09-27 14:18:02", "kind": "INFO", "message": "Finished writing TRAP file /Users/macbook/Octo/static_analysis_codeql_1/codeql-kotlin.db/trap/java/classes/sun/reflect/generics/factory/GenericsFactory.members/GenericsFactory.members#65.0-1789983753036-kotlin.trap.gz" }
{ "origin": "CodeQL Kotlin extractor", "timestamp": "2026-09-27 14:18:02", "kind": "INFO", "message": "Will write TRAP file /Users/macbook/Octo/static_analysis_codeql_1/codeql-kotlin.db/trap/java/classes/sun/reflect/generics/tree/MethodTypeSignature.members/MethodTypeSignature.members#65.0-1789983753036-kotlin.trap.gz" }
{ "origin": "CodeQL Kotlin extractor", "timestamp": "2026-09-27 14:18:02", "kind": "INFO", "message": "Finished writing TRAP file /Users/macbook/Octo/static_analysis_codeql_1/codeql-kotlin.db/trap/java/classes/sun/reflect/generics/tree/MethodTypeSignature.members/MethodTypeSignature.members#65.0-1789983753036-kotlin.trap.gz" }
{ "origin": "CodeQL Kotlin extractor", "timestamp": "2026-09-27 14:18:02", "kind": "INFO", "message": "Will write TRAP file /Users/macbook/Octo/static_analysis_codeql_1/codeql-kotlin.db/trap/java/classes/sun/reflect/generics/repository/GenericDeclRepository.members/GenericDeclRepository.members#65.0-1789983753036-kotlin.trap.gz" }
{ "origin": "CodeQL Kotlin extractor", "timestamp": "2026-09-27 14:18:02", "kind": "INFO", "message": "Finished writing TRAP file /Users/macbook/Octo/static_analysis_codeql_1/codeql-kotlin.db/trap/java/classes/sun/reflect/generics/repository/GenericDeclRepository.members/GenericDeclRepository.members#65.0-1789983753036-kotlin.trap.gz" }
{ "origin": "CodeQL Kotlin extractor", "timestamp": "2026-09-27 14:18:02", "kind": "INFO", "message": "Will write TRAP file /Users/macbook/Octo/static_analysis_codeql_1/codeql-kotlin.db/trap/java/classes/sun/reflect/generics/repository/AbstractRepository.members/AbstractRepository.members#65.0-1789983753036-kotlin.trap.gz" }
{ "origin": "CodeQL Kotlin extractor", "timestamp": "2026-09-27 14:18:02", "kind": "INFO", "message": "Finished writing TRAP file /Users/macbook/Octo/static_analysis_codeql_1/codeql-kotlin.db/trap/java/classes/sun/reflect/generics/repository/AbstractRepository.members/AbstractRepository.members#65.0-1789983753036-kotlin.trap.gz" }
{ "origin": "CodeQL Kotlin extractor", "timestamp": "2026-09-27 14:18:02", "kind": "INFO", "message": "Will write TRAP file /Users/macbook/Octo/static_analysis_codeql_1/codeql-kotlin.db/trap/java/classes/sun/reflect/generics/tree/Tree.members/Tree.members#65.0-1789983753036-kotlin.trap.gz" }
{ "origin": "CodeQL Kotlin extractor", "timestamp": "2026-09-27 14:18:02", "kind": "INFO", "message": "Finished writing TRAP file /Users/macbook/Octo/static_analysis_codeql_1/codeql-kotlin.db/trap/java/classes/sun/reflect/generics/tree/Tree.members/Tree.members#65.0-1789983753036-kotlin.trap.gz" }
{ "origin": "CodeQL Kotlin extractor", "timestamp": "2026-09-27 14:18:02", "kind": "INFO", "message": "Will write TRAP file /Users/macbook/Octo/static_analysis_codeql_1/codeql-kotlin.db/trap/java/classes/sun/reflect/generics/visitor/Reifier.members/Reifier.members#65.0-1789983753036-kotlin.trap.gz" }
{ "origin": "CodeQL Kotlin extractor", "timestamp": "2026-09-27 14:18:02", "kind": "INFO", "message": "Finished writing TRAP file /Users/macbook/Octo/static_analysis_codeql_1/codeql-kotlin.db/trap/java/classes/sun/reflect/generics/visitor/Reifier.members/Reifier.members#65.0-1789983753036-kotlin.trap.gz" }
{ "origin": "CodeQL Kotlin extractor", "timestamp": "2026-09-27 14:18:02", "kind": "INFO", "message": "Skipping extracting external decl Record" }
{ "origin": "CodeQL Kotlin extractor", "timestamp": "2026-09-27 14:18:02", "kind": "INFO", "message": "Will write TRAP file /Users/macbook/Octo/static_analysis_codeql_1/codeql-kotlin.db/trap/java/classes/jdk/internal/reflect/ReflectionFactory.members/ReflectionFactory.members#65.0-1789983753036-kotlin.trap.gz" }
{ "origin": "CodeQL Kotlin extractor", "timestamp": "2026-09-27 14:18:02", "kind": "INFO", "message": "Finished writing TRAP file /Users/macbook/Octo/static_analysis_codeql_1/codeql-kotlin.db/trap/java/classes/jdk/internal/reflect/ReflectionFactory.members/ReflectionFactory.members#65.0-1789983753036-kotlin.trap.gz" }
{ "origin": "CodeQL Kotlin extractor", "timestamp": "2026-09-27 14:18:02", "kind": "INFO", "message": "Will write TRAP file /Users/macbook/Octo/static_analysis_codeql_1/codeql-kotlin.db/trap/java/classes/java/security/cert/Certificate.members/Certificate.members#65.0-1789983753036-kotlin.trap.gz" }
{ "origin": "CodeQL Kotlin extractor", "timestamp": "2026-09-27 14:18:02", "kind": "INFO", "message": "Finished writing TRAP file /Users/macbook/Octo/static_analysis_codeql_1/codeql-kotlin.db/trap/java/classes/java/security/cert/Certificate.members/Certificate.members#65.0-1789983753036-kotlin.trap.gz" }
{ "origin": "CodeQL Kotlin extractor", "timestamp": "2026-09-27 14:18:02", "kind": "INFO", "message": "Will write TRAP file /Users/macbook/Octo/static_analysis_codeql_1/codeql-kotlin.db/trap/java/classes/java/security/CodeSigner.members/CodeSigner.members#65.0-1789983753036-kotlin.trap.gz" }
{ "origin": "CodeQL Kotlin extractor", "timestamp": "2026-09-27 14:18:02", "kind": "INFO", "message": "Finished writing TRAP file /Users/macbook/Octo/static_analysis_codeql_1/codeql-kotlin.db/trap/java/classes/java/security/CodeSigner.members/CodeSigner.members#65.0-1789983753036-kotlin.trap.gz" }
{ "origin": "CodeQL Kotlin extractor", "timestamp": "2026-09-27 14:18:02", "kind": "INFO", "message": "Will write TRAP file /Users/macbook/Octo/static_analysis_codeql_1/codeql-kotlin.db/trap/java/classes/javax/security/auth/Subject.members/Subject.members#65.0-1789983753036-kotlin.trap.gz" }
{ "origin": "CodeQL Kotlin extractor", "timestamp": "2026-09-27 14:18:02", "kind": "INFO", "message": "Finished writing TRAP file /Users/macbook/Octo/static_analysis_codeql_1/codeql-kotlin.db/trap/java/classes/javax/security/auth/Subject.members/Subject.members#65.0-1789983753036-kotlin.trap.gz" }
{ "origin": "CodeQL Kotlin extractor", "timestamp": "2026-09-27 14:18:02", "kind": "INFO", "message": "Skipping extracting external decl OfShort" }
{ "origin": "CodeQL Kotlin extractor", "timestamp": "2026-09-27 14:18:02", "kind": "INFO", "message": "Skipping extracting external decl OfDouble" }
{ "origin": "CodeQL Kotlin extractor", "timestamp": "2026-09-27 14:18:02", "kind": "INFO", "message": "Skipping extracting external decl OfBoolean" }
{ "origin": "CodeQL Kotlin extractor", "timestamp": "2026-09-27 14:18:02", "kind": "INFO", "message": "Skipping extracting external decl OfChar" }
{ "origin": "CodeQL Kotlin extractor", "timestamp": "2026-09-27 14:18:02", "kind": "INFO", "message": "Skipping extracting external decl OfFloat" }
{ "origin": "CodeQL Kotlin extractor", "timestamp": "2026-09-27 14:18:02", "kind": "INFO", "message": "Skipping extracting external decl OfByte" }
{ "origin": "CodeQL Kotlin extractor", "timestamp": "2026-09-27 14:18:02", "kind": "INFO", "message": "Skipping extracting external decl OfLong" }
{ "origin": "CodeQL Kotlin extractor", "timestamp": "2026-09-27 14:18:02", "kind": "INFO", "message": "Skipping extracting external decl OfInt" }
{ "origin": "CodeQL Kotlin extractor", "timestamp": "2026-09-27 14:18:02", "kind": "INFO", "message": "Skipping extracting external decl AddressLayout" }
{ "origin": "CodeQL Kotlin extractor", "timestamp": "2026-09-27 14:18:02", "kind": "INFO", "message": "Skipping extracting external decl MemoryLayout" }
{ "origin": "CodeQL Kotlin extractor", "timestamp": "2026-09-27 14:18:02", "kind": "INFO", "message": "Will write TRAP file /Users/macbook/Octo/static_analysis_codeql_1/codeql-kotlin.db/trap/java/classes/java/lang/ref/SoftReference.members/SoftReference.members#65.0-1789983753036-kotlin.trap.gz" }
{ "origin": "CodeQL Kotlin extractor", "timestamp": "2026-09-27 14:18:02", "kind": "INFO", "message": "Finished writing TRAP file /Users/macbook/Octo/static_analysis_codeql_1/codeql-kotlin.db/trap/java/classes/java/lang/ref/SoftReference.members/SoftReference.members#65.0-1789983753036-kotlin.trap.gz" }
{ "origin": "CodeQL Kotlin extractor", "timestamp": "2026-09-27 14:18:02", "kind": "INFO", "message": "Skipping extracting external decl Hidden" }
{ "origin": "CodeQL Kotlin extractor", "timestamp": "2026-09-27 14:18:02", "kind": "INFO", "message": "Will write TRAP file /Users/macbook/Octo/static_analysis_codeql_1/codeql-kotlin.db/trap/java/classes/java/lang/invoke/WrongMethodTypeException.members/WrongMethodTypeException.members#65.0-1789983753036-kotlin.trap.gz" }
{ "origin": "CodeQL Kotlin extractor", "timestamp": "2026-09-27 14:18:02", "kind": "INFO", "message": "Finished writing TRAP file /Users/macbook/Octo/static_analysis_codeql_1/codeql-kotlin.db/trap/java/classes/java/lang/invoke/WrongMethodTypeException.members/WrongMethodTypeException.members#65.0-1789983753036-kotlin.trap.gz" }
{ "origin": "CodeQL Kotlin extractor", "timestamp": "2026-09-27 14:18:02", "kind": "INFO", "message": "Will write TRAP file /Users/macbook/Octo/static_analysis_codeql_1/codeql-kotlin.db/trap/java/classes/java/lang/invoke/CallSite.members/CallSite.members#65.0-1789983753036-kotlin.trap.gz" }
{ "origin": "CodeQL Kotlin extractor", "timestamp": "2026-09-27 14:18:02", "kind": "INFO", "message": "Finished writing TRAP file /Users/macbook/Octo/static_analysis_codeql_1/codeql-kotlin.db/trap/java/classes/java/lang/invoke/CallSite.members/CallSite.members#65.0-1789983753036-kotlin.trap.gz" }
{ "origin": "CodeQL Kotlin extractor", "timestamp": "2026-09-27 14:18:02", "kind": "INFO", "message": "Skipping extracting external decl DontInline" }
{ "origin": "CodeQL Kotlin extractor", "timestamp": "2026-09-27 14:18:02", "kind": "INFO", "message": "Will write TRAP file /Users/macbook/Octo/static_analysis_codeql_1/codeql-kotlin.db/trap/java/classes/jdk/internal/util/ReferenceKey.members/ReferenceKey.members#65.0-1789983753036-kotlin.trap.gz" }
{ "origin": "CodeQL Kotlin extractor", "timestamp": "2026-09-27 14:18:02", "kind": "INFO", "message": "Finished writing TRAP file /Users/macbook/Octo/static_analysis_codeql_1/codeql-kotlin.db/trap/java/classes/jdk/internal/util/ReferenceKey.members/ReferenceKey.members#65.0-1789983753036-kotlin.trap.gz" }
{ "origin": "CodeQL Kotlin extractor", "timestamp": "2026-09-27 14:18:02", "kind": "INFO", "message": "Will write TRAP file /Users/macbook/Octo/static_analysis_codeql_1/codeql-kotlin.db/trap/java/classes/jdk/internal/util/ReferencedKeyMap.members/ReferencedKeyMap.members#65.0-1789983753036-kotlin.trap.gz" }
{ "origin": "CodeQL Kotlin extractor", "timestamp": "2026-09-27 14:18:03", "kind": "INFO", "message": "Finished writing TRAP file /Users/macbook/Octo/static_analysis_codeql_1/codeql-kotlin.db/trap/java/classes/jdk/internal/util/ReferencedKeyMap.members/ReferencedKeyMap.members#65.0-1789983753036-kotlin.trap.gz" }
{ "origin": "CodeQL Kotlin extractor", "timestamp": "2026-09-27 14:18:03", "kind": "INFO", "message": "Will write TRAP file /Users/macbook/Octo/static_analysis_codeql_1/codeql-kotlin.db/trap/java/classes/java/lang/invoke/LambdaForm$Compiled.members/LambdaForm$Compiled.members#65.0-1789983753036-kotlin.trap.gz" }
{ "origin": "CodeQL Kotlin extractor", "timestamp": "2026-09-27 14:18:03", "kind": "INFO", "message": "Finished writing TRAP file /Users/macbook/Octo/static_analysis_codeql_1/codeql-kotlin.db/trap/java/classes/java/lang/invoke/LambdaForm$Compiled.members/LambdaForm$Compiled.members#65.0-1789983753036-kotlin.trap.gz" }
{ "origin": "CodeQL Kotlin extractor", "timestamp": "2026-09-27 14:18:03", "kind": "INFO", "message": "Will write TRAP file /Users/macbook/Octo/static_analysis_codeql_1/codeql-kotlin.db/trap/java/classes/java/lang/invoke/LambdaForm$NamedFunction.members/LambdaForm$NamedFunction.members#65.0-1789983753036-kotlin.trap.gz" }
{ "origin": "CodeQL Kotlin extractor", "timestamp": "2026-09-27 14:18:03", "kind": "INFO", "message": "Finished writing TRAP file /Users/macbook/Octo/static_analysis_codeql_1/codeql-kotlin.db/trap/java/classes/java/lang/invoke/LambdaForm$NamedFunction.members/LambdaForm$NamedFunction.members#65.0-1789983753036-kotlin.trap.gz" }
{ "origin": "CodeQL Kotlin extractor", "timestamp": "2026-09-27 14:18:03", "kind": "INFO", "message": "Will write TRAP file /Users/macbook/Octo/static_analysis_codeql_1/codeql-kotlin.db/trap/java/classes/java/lang/invoke/LambdaForm$Kind.members/LambdaForm$Kind.members#65.0-1789983753036-kotlin.trap.gz" }
{ "origin": "CodeQL Kotlin extractor", "timestamp": "2026-09-27 14:18:03", "kind": "INFO", "message": "Finished writing TRAP file /Users/macbook/Octo/static_analysis_codeql_1/codeql-kotlin.db/trap/java/classes/java/lang/invoke/LambdaForm$Kind.members/LambdaForm$Kind.members#65.0-1789983753036-kotlin.trap.gz" }
{ "origin": "CodeQL Kotlin extractor", "timestamp": "2026-09-27 14:18:03", "kind": "INFO", "message": "Will write TRAP file /Users/macbook/Octo/static_analysis_codeql_1/codeql-kotlin.db/trap/java/classes/java/lang/invoke/LambdaForm$BasicType.members/LambdaForm$BasicType.members#65.0-1789983753036-kotlin.trap.gz" }
{ "origin": "CodeQL Kotlin extractor", "timestamp": "2026-09-27 14:18:03", "kind": "INFO", "message": "Finished writing TRAP file /Users/macbook/Octo/static_analysis_codeql_1/codeql-kotlin.db/trap/java/classes/java/lang/invoke/LambdaForm$BasicType.members/LambdaForm$BasicType.members#65.0-1789983753036-kotlin.trap.gz" }
{ "origin": "CodeQL Kotlin extractor", "timestamp": "2026-09-27 14:18:03", "kind": "INFO", "message": "Will write TRAP file /Users/macbook/Octo/static_analysis_codeql_1/codeql-kotlin.db/trap/java/classes/java/lang/invoke/LambdaFormEditor.members/LambdaFormEditor.members#65.0-1789983753036-kotlin.trap.gz" }
{ "origin": "CodeQL Kotlin extractor", "timestamp": "2026-09-27 14:18:03", "kind": "INFO", "message": "Finished writing TRAP file /Users/macbook/Octo/static_analysis_codeql_1/codeql-kotlin.db/trap/java/classes/java/lang/invoke/LambdaFormEditor.members/LambdaFormEditor.members#65.0-1789983753036-kotlin.trap.gz" }
{ "origin": "CodeQL Kotlin extractor", "timestamp": "2026-09-27 14:18:03", "kind": "INFO", "message": "Will write TRAP file /Users/macbook/Octo/static_analysis_codeql_1/codeql-kotlin.db/trap/java/classes/java/lang/invoke/BoundMethodHandle$SpeciesData.members/BoundMethodHandle$SpeciesData.members#65.0-1789983753036-kotlin.trap.gz" }
{ "origin": "CodeQL Kotlin extractor", "timestamp": "2026-09-27 14:18:03", "kind": "INFO", "message": "Finished writing TRAP file /Users/macbook/Octo/static_analysis_codeql_1/codeql-kotlin.db/trap/java/classes/java/lang/invoke/BoundMethodHandle$SpeciesData.members/BoundMethodHandle$SpeciesData.members#65.0-1789983753036-kotlin.trap.gz" }
{ "origin": "CodeQL Kotlin extractor", "timestamp": "2026-09-27 14:18:03", "kind": "INFO", "message": "Will write TRAP file /Users/macbook/Octo/static_analysis_codeql_1/codeql-kotlin.db/trap/java/classes/java/lang/invoke/BoundMethodHandle$Specializer.members/BoundMethodHandle$Specializer.members#65.0-1789983753036-kotlin.trap.gz" }
{ "origin": "CodeQL Kotlin extractor", "timestamp": "2026-09-27 14:18:03", "kind": "INFO", "message": "Finished writing TRAP file /Users/macbook/Octo/static_analysis_codeql_1/codeql-kotlin.db/trap/java/classes/java/lang/invoke/BoundMethodHandle$Specializer.members/BoundMethodHandle$Specializer.members#65.0-1789983753036-kotlin.trap.gz" }
{ "origin": "CodeQL Kotlin extractor", "timestamp": "2026-09-27 14:18:03", "kind": "INFO", "message": "Will write TRAP file /Users/macbook/Octo/static_analysis_codeql_1/codeql-kotlin.db/trap/java/classes/java/lang/invoke/MethodHandleImpl.members/MethodHandleImpl.members#65.0-1789983753036-kotlin.trap.gz" }
{ "origin": "CodeQL Kotlin extractor", "timestamp": "2026-09-27 14:18:03", "kind": "INFO", "message": "Finished writing TRAP file /Users/macbook/Octo/static_analysis_codeql_1/codeql-kotlin.db/trap/java/classes/java/lang/invoke/MethodHandleImpl.members/MethodHandleImpl.members#65.0-1789983753036-kotlin.trap.gz" }
{ "origin": "CodeQL Kotlin extractor", "timestamp": "2026-09-27 14:18:03", "kind": "INFO", "message": "Will write TRAP file /Users/macbook/Octo/static_analysis_codeql_1/codeql-kotlin.db/trap/java/classes/java/util/concurrent/CountedCompleter.members/CountedCompleter.members#65.0-1789983753036-kotlin.trap.gz" }
{ "origin": "CodeQL Kotlin extractor", "timestamp": "2026-09-27 14:18:03", "kind": "INFO", "message": "Finished writing TRAP file /Users/macbook/Octo/static_analysis_codeql_1/codeql-kotlin.db/trap/java/classes/java/util/concurrent/CountedCompleter.members/CountedCompleter.members#65.0-1789983753036-kotlin.trap.gz" }
{ "origin": "CodeQL Kotlin extractor", "timestamp": "2026-09-27 14:18:03", "kind": "INFO", "message": "Will write TRAP file /Users/macbook/Octo/static_analysis_codeql_1/codeql-kotlin.db/trap/java/classes/java/util/concurrent/ForkJoinTask.members/ForkJoinTask.members#65.0-1789983753036-kotlin.trap.gz" }
{ "origin": "CodeQL Kotlin extractor", "timestamp": "2026-09-27 14:18:03", "kind": "INFO", "message": "Finished writing TRAP file /Users/macbook/Octo/static_analysis_codeql_1/codeql-kotlin.db/trap/java/classes/java/util/concurrent/ForkJoinTask.members/ForkJoinTask.members#65.0-1789983753036-kotlin.trap.gz" }
{ "origin": "CodeQL Kotlin extractor", "timestamp": "2026-09-27 14:18:03", "kind": "INFO", "message": "Skipping extracting external decl Future" }
{ "origin": "CodeQL Kotlin extractor", "timestamp": "2026-09-27 14:18:03", "kind": "INFO", "message": "Will write TRAP file /Users/macbook/Octo/static_analysis_codeql_1/codeql-kotlin.db/trap/java/classes/java/util/concurrent/atomic/AtomicReference.members/AtomicReference.members#65.0-1789983753036-kotlin.trap.gz" }
{ "origin": "CodeQL Kotlin extractor", "timestamp": "2026-09-27 14:18:03", "kind": "INFO", "message": "Finished writing TRAP file /Users/macbook/Octo/static_analysis_codeql_1/codeql-kotlin.db/trap/java/classes/java/util/concurrent/atomic/AtomicReference.members/AtomicReference.members#65.0-1789983753036-kotlin.trap.gz" }
{ "origin": "CodeQL Kotlin extractor", "timestamp": "2026-09-27 14:18:03", "kind": "INFO", "message": "Skipping extracting external decl TimeUnit" }
{ "origin": "CodeQL Kotlin extractor", "timestamp": "2026-09-27 14:18:03", "kind": "INFO", "message": "Skipping extracting external decl State" }
{ "origin": "CodeQL Kotlin extractor", "timestamp": "2026-09-27 14:18:03", "kind": "INFO", "message": "Will write TRAP file /Users/macbook/Octo/static_analysis_codeql_1/codeql-kotlin.db/trap/java/classes/java/util/concurrent/ForkJoinPool.members/ForkJoinPool.members#65.0-1789983753036-kotlin.trap.gz" }
{ "origin": "CodeQL Kotlin extractor", "timestamp": "2026-09-27 14:18:03", "kind": "INFO", "message": "Finished writing TRAP file /Users/macbook/Octo/static_analysis_codeql_1/codeql-kotlin.db/trap/java/classes/java/util/concurrent/ForkJoinPool.members/ForkJoinPool.members#65.0-1789983753036-kotlin.trap.gz" }
{ "origin": "CodeQL Kotlin extractor", "timestamp": "2026-09-27 14:18:03", "kind": "INFO", "message": "Skipping extracting external decl Callable" }
{ "origin": "CodeQL Kotlin extractor", "timestamp": "2026-09-27 14:18:03", "kind": "INFO", "message": "Will write TRAP file /Users/macbook/Octo/static_analysis_codeql_1/codeql-kotlin.db/trap/java/classes/jdk/internal/vm/annotation/Contended.members/Contended.members#65.0-1789983753036-kotlin.trap.gz" }
{ "origin": "CodeQL Kotlin extractor", "timestamp": "2026-09-27 14:18:03", "kind": "INFO", "message": "Finished writing TRAP file /Users/macbook/Octo/static_analysis_codeql_1/codeql-kotlin.db/trap/java/classes/jdk/internal/vm/annotation/Contended.members/Contended.members#65.0-1789983753036-kotlin.trap.gz" }
{ "origin": "CodeQL Kotlin extractor", "timestamp": "2026-09-27 14:18:03", "kind": "INFO", "message": "Skipping extracting external decl Thread" }
{ "origin": "CodeQL Kotlin extractor", "timestamp": "2026-09-27 14:18:03", "kind": "INFO", "message": "Will write TRAP file /Users/macbook/Octo/static_analysis_codeql_1/codeql-kotlin.db/trap/java/classes/java/util/concurrent/locks/ReentrantLock.members/ReentrantLock.members#65.0-1789983753036-kotlin.trap.gz" }
{ "origin": "CodeQL Kotlin extractor", "timestamp": "2026-09-27 14:18:03", "kind": "INFO", "message": "Finished writing TRAP file /Users/macbook/Octo/static_analysis_codeql_1/codeql-kotlin.db/trap/java/classes/java/util/concurrent/locks/ReentrantLock.members/ReentrantLock.members#65.0-1789983753036-kotlin.trap.gz" }
{ "origin": "CodeQL Kotlin extractor", "timestamp": "2026-09-27 14:18:03", "kind": "INFO", "message": "Skipping extracting external decl FunctionalInterface" }
{ "origin": "CodeQL Kotlin extractor", "timestamp": "2026-09-27 14:18:03", "kind": "INFO", "message": "Will write TRAP file /Users/macbook/Octo/static_analysis_codeql_1/codeql-kotlin.db/trap/java/classes/kotlin/ranges/CharProgression$Companion.members/CharProgression$Companion.members#52.0-318186000000-kotlin.trap.gz" }
{ "origin": "CodeQL Kotlin extractor", "timestamp": "2026-09-27 14:18:03", "kind": "INFO", "message": "Finished writing TRAP file /Users/macbook/Octo/static_analysis_codeql_1/codeql-kotlin.db/trap/java/classes/kotlin/ranges/CharProgression$Companion.members/CharProgression$Companion.members#52.0-318186000000-kotlin.trap.gz" }
{ "origin": "CodeQL Kotlin extractor", "timestamp": "2026-09-27 14:18:03", "kind": "INFO", "message": "Will write TRAP file /Users/macbook/Octo/static_analysis_codeql_1/codeql-kotlin.db/trap/java/classes/kotlin/collections/CharIterator.members/CharIterator.members#52.0-318186000000-kotlin.trap.gz" }
{ "origin": "CodeQL Kotlin extractor", "timestamp": "2026-09-27 14:18:03", "kind": "INFO", "message": "Finished writing TRAP file /Users/macbook/Octo/static_analysis_codeql_1/codeql-kotlin.db/trap/java/classes/kotlin/collections/CharIterator.members/CharIterator.members#52.0-318186000000-kotlin.trap.gz" }
{ "origin": "CodeQL Kotlin extractor", "timestamp": "2026-09-27 14:18:03", "kind": "INFO", "message": "Skipping extracting external decl Iterator" }
{ "origin": "CodeQL Kotlin extractor", "timestamp": "2026-09-27 14:18:03", "kind": "INFO", "message": "Will write TRAP file /Users/macbook/Octo/static_analysis_codeql_1/codeql-kotlin.db/trap/java/classes/jdk/internal/module/ServicesCatalog$ServiceProvider.members/ServicesCatalog$ServiceProvider.members#65.0-1789983753036-kotlin.trap.gz" }
{ "origin": "CodeQL Kotlin extractor", "timestamp": "2026-09-27 14:18:03", "kind": "INFO", "message": "Finished writing TRAP file /Users/macbook/Octo/static_analysis_codeql_1/codeql-kotlin.db/trap/java/classes/jdk/internal/module/ServicesCatalog$ServiceProvider.members/ServicesCatalog$ServiceProvider.members#65.0-1789983753036-kotlin.trap.gz" }
{ "origin": "CodeQL Kotlin extractor", "timestamp": "2026-09-27 14:18:03", "kind": "INFO", "message": "Will write TRAP file /Users/macbook/Octo/static_analysis_codeql_1/codeql-kotlin.db/trap/java/classes/java/lang/module/ModuleDescriptor$Requires$Modifier.members/ModuleDescriptor$Requires$Modifier.members#65.0-1789983753036-kotlin.trap.gz" }
{ "origin": "CodeQL Kotlin extractor", "timestamp": "2026-09-27 14:18:03", "kind": "INFO", "message": "Finished writing TRAP file /Users/macbook/Octo/static_analysis_codeql_1/codeql-kotlin.db/trap/java/classes/java/lang/module/ModuleDescriptor$Requires$Modifier.members/ModuleDescriptor$Requires$Modifier.members#65.0-1789983753036-kotlin.trap.gz" }
{ "origin": "CodeQL Kotlin extractor", "timestamp": "2026-09-27 14:18:03", "kind": "INFO", "message": "Will write TRAP file /Users/macbook/Octo/static_analysis_codeql_1/codeql-kotlin.db/trap/java/classes/java/lang/module/ModuleDescriptor$Exports$Modifier.members/ModuleDescriptor$Exports$Modifier.members#65.0-1789983753036-kotlin.trap.gz" }
{ "origin": "CodeQL Kotlin extractor", "timestamp": "2026-09-27 14:18:03", "kind": "INFO", "message": "Finished writing TRAP file /Users/macbook/Octo/static_analysis_codeql_1/codeql-kotlin.db/trap/java/classes/java/lang/module/ModuleDescriptor$Exports$Modifier.members/ModuleDescriptor$Exports$Modifier.members#65.0-1789983753036-kotlin.trap.gz" }
{ "origin": "CodeQL Kotlin extractor", "timestamp": "2026-09-27 14:18:03", "kind": "INFO", "message": "Will write TRAP file /Users/macbook/Octo/static_analysis_codeql_1/codeql-kotlin.db/trap/java/classes/java/lang/module/ModuleDescriptor$Opens$Modifier.members/ModuleDescriptor$Opens$Modifier.members#65.0-1789983753036-kotlin.trap.gz" }
{ "origin": "CodeQL Kotlin extractor", "timestamp": "2026-09-27 14:18:03", "kind": "INFO", "message": "Finished writing TRAP file /Users/macbook/Octo/static_analysis_codeql_1/codeql-kotlin.db/trap/java/classes/java/lang/module/ModuleDescriptor$Opens$Modifier.members/ModuleDescriptor$Opens$Modifier.members#65.0-1789983753036-kotlin.trap.gz" }
{ "origin": "CodeQL Kotlin extractor", "timestamp": "2026-09-27 14:18:03", "kind": "INFO", "message": "Will write TRAP file /Users/macbook/Octo/static_analysis_codeql_1/codeql-kotlin.db/trap/java/classes/java/lang/module/ModuleReference.members/ModuleReference.members#65.0-1789983753036-kotlin.trap.gz" }
{ "origin": "CodeQL Kotlin extractor", "timestamp": "2026-09-27 14:18:03", "kind": "INFO", "message": "Finished writing TRAP file /Users/macbook/Octo/static_analysis_codeql_1/codeql-kotlin.db/trap/java/classes/java/lang/module/ModuleReference.members/ModuleReference.members#65.0-1789983753036-kotlin.trap.gz" }
{ "origin": "CodeQL Kotlin extractor", "timestamp": "2026-09-27 14:18:03", "kind": "INFO", "message": "Skipping extracting external decl Path" }
{ "origin": "CodeQL Kotlin extractor", "timestamp": "2026-09-27 14:18:03", "kind": "INFO", "message": "Will write TRAP file /Users/macbook/Octo/static_analysis_codeql_1/codeql-kotlin.db/trap/java/classes/java/lang/Runtime.members/Runtime.members#65.0-1789983753036-kotlin.trap.gz" }
{ "origin": "CodeQL Kotlin extractor", "timestamp": "2026-09-27 14:18:03", "kind": "INFO", "message": "Finished writing TRAP file /Users/macbook/Octo/static_analysis_codeql_1/codeql-kotlin.db/trap/java/classes/java/lang/Runtime.members/Runtime.members#65.0-1789983753036-kotlin.trap.gz" }
{ "origin": "CodeQL Kotlin extractor", "timestamp": "2026-09-27 14:18:03", "kind": "INFO", "message": "Will write TRAP file /Users/macbook/Octo/static_analysis_codeql_1/codeql-kotlin.db/trap/java/classes/sun/reflect/generics/tree/FieldTypeSignature.members/FieldTypeSignature.members#65.0-1789983753036-kotlin.trap.gz" }
{ "origin": "CodeQL Kotlin extractor", "timestamp": "2026-09-27 14:18:03", "kind": "INFO", "message": "Finished writing TRAP file /Users/macbook/Octo/static_analysis_codeql_1/codeql-kotlin.db/trap/java/classes/sun/reflect/generics/tree/FieldTypeSignature.members/FieldTypeSignature.members#65.0-1789983753036-kotlin.trap.gz" }
{ "origin": "CodeQL Kotlin extractor", "timestamp": "2026-09-27 14:18:03", "kind": "INFO", "message": "Will write TRAP file /Users/macbook/Octo/static_analysis_codeql_1/codeql-kotlin.db/trap/java/classes/java/lang/reflect/ParameterizedType.members/ParameterizedType.members#65.0-1789983753036-kotlin.trap.gz" }
{ "origin": "CodeQL Kotlin extractor", "timestamp": "2026-09-27 14:18:03", "kind": "INFO", "message": "Finished writing TRAP file /Users/macbook/Octo/static_analysis_codeql_1/codeql-kotlin.db/trap/java/classes/java/lang/reflect/ParameterizedType.members/ParameterizedType.members#65.0-1789983753036-kotlin.trap.gz" }
{ "origin": "CodeQL Kotlin extractor", "timestamp": "2026-09-27 14:18:03", "kind": "INFO", "message": "Will write TRAP file /Users/macbook/Octo/static_analysis_codeql_1/codeql-kotlin.db/trap/java/classes/java/lang/reflect/WildcardType.members/WildcardType.members#65.0-1789983753036-kotlin.trap.gz" }
{ "origin": "CodeQL Kotlin extractor", "timestamp": "2026-09-27 14:18:03", "kind": "INFO", "message": "Finished writing TRAP file /Users/macbook/Octo/static_analysis_codeql_1/codeql-kotlin.db/trap/java/classes/java/lang/reflect/WildcardType.members/WildcardType.members#65.0-1789983753036-kotlin.trap.gz" }
{ "origin": "CodeQL Kotlin extractor", "timestamp": "2026-09-27 14:18:03", "kind": "INFO", "message": "Will write TRAP file /Users/macbook/Octo/static_analysis_codeql_1/codeql-kotlin.db/trap/java/classes/sun/reflect/generics/tree/FormalTypeParameter.members/FormalTypeParameter.members#65.0-1789983753036-kotlin.trap.gz" }
{ "origin": "CodeQL Kotlin extractor", "timestamp": "2026-09-27 14:18:03", "kind": "INFO", "message": "Finished writing TRAP file /Users/macbook/Octo/static_analysis_codeql_1/codeql-kotlin.db/trap/java/classes/sun/reflect/generics/tree/FormalTypeParameter.members/FormalTypeParameter.members#65.0-1789983753036-kotlin.trap.gz" }
{ "origin": "CodeQL Kotlin extractor", "timestamp": "2026-09-27 14:18:03", "kind": "INFO", "message": "Will write TRAP file /Users/macbook/Octo/static_analysis_codeql_1/codeql-kotlin.db/trap/java/classes/sun/reflect/generics/tree/TypeSignature.members/TypeSignature.members#65.0-1789983753036-kotlin.trap.gz" }
{ "origin": "CodeQL Kotlin extractor", "timestamp": "2026-09-27 14:18:03", "kind": "INFO", "message": "Finished writing TRAP file /Users/macbook/Octo/static_analysis_codeql_1/codeql-kotlin.db/trap/java/classes/sun/reflect/generics/tree/TypeSignature.members/TypeSignature.members#65.0-1789983753036-kotlin.trap.gz" }
{ "origin": "CodeQL Kotlin extractor", "timestamp": "2026-09-27 14:18:03", "kind": "INFO", "message": "Will write TRAP file /Users/macbook/Octo/static_analysis_codeql_1/codeql-kotlin.db/trap/java/classes/sun/reflect/generics/tree/ReturnType.members/ReturnType.members#65.0-1789983753036-kotlin.trap.gz" }
{ "origin": "CodeQL Kotlin extractor", "timestamp": "2026-09-27 14:18:03", "kind": "INFO", "message": "Finished writing TRAP file /Users/macbook/Octo/static_analysis_codeql_1/codeql-kotlin.db/trap/java/classes/sun/reflect/generics/tree/ReturnType.members/ReturnType.members#65.0-1789983753036-kotlin.trap.gz" }
{ "origin": "CodeQL Kotlin extractor", "timestamp": "2026-09-27 14:18:03", "kind": "INFO", "message": "Will write TRAP file /Users/macbook/Octo/static_analysis_codeql_1/codeql-kotlin.db/trap/java/classes/sun/reflect/generics/visitor/Visitor.members/Visitor.members#65.0-1789983753036-kotlin.trap.gz" }
{ "origin": "CodeQL Kotlin extractor", "timestamp": "2026-09-27 14:18:03", "kind": "INFO", "message": "Finished writing TRAP file /Users/macbook/Octo/static_analysis_codeql_1/codeql-kotlin.db/trap/java/classes/sun/reflect/generics/visitor/Visitor.members/Visitor.members#65.0-1789983753036-kotlin.trap.gz" }
{ "origin": "CodeQL Kotlin extractor", "timestamp": "2026-09-27 14:18:03", "kind": "INFO", "message": "Will write TRAP file /Users/macbook/Octo/static_analysis_codeql_1/codeql-kotlin.db/trap/java/classes/sun/reflect/generics/visitor/TypeTreeVisitor.members/TypeTreeVisitor.members#65.0-1789983753036-kotlin.trap.gz" }
{ "origin": "CodeQL Kotlin extractor", "timestamp": "2026-09-27 14:18:03", "kind": "INFO", "message": "Finished writing TRAP file /Users/macbook/Octo/static_analysis_codeql_1/codeql-kotlin.db/trap/java/classes/sun/reflect/generics/visitor/TypeTreeVisitor.members/TypeTreeVisitor.members#65.0-1789983753036-kotlin.trap.gz" }
{ "origin": "CodeQL Kotlin extractor", "timestamp": "2026-09-27 14:18:03", "kind": "INFO", "message": "Will write TRAP file /Users/macbook/Octo/static_analysis_codeql_1/codeql-kotlin.db/trap/java/classes/sun/reflect/generics/tree/Signature.members/Signature.members#65.0-1789983753036-kotlin.trap.gz" }
{ "origin": "CodeQL Kotlin extractor", "timestamp": "2026-09-27 14:18:03", "kind": "INFO", "message": "Finished writing TRAP file /Users/macbook/Octo/static_analysis_codeql_1/codeql-kotlin.db/trap/java/classes/sun/reflect/generics/tree/Signature.members/Signature.members#65.0-1789983753036-kotlin.trap.gz" }
{ "origin": "CodeQL Kotlin extractor", "timestamp": "2026-09-27 14:18:03", "kind": "INFO", "message": "Will write TRAP file /Users/macbook/Octo/static_analysis_codeql_1/codeql-kotlin.db/trap/java/classes/sun/reflect/generics/tree/ClassTypeSignature.members/ClassTypeSignature.members#65.0-1789983753036-kotlin.trap.gz" }
{ "origin": "CodeQL Kotlin extractor", "timestamp": "2026-09-27 14:18:03", "kind": "INFO", "message": "Finished writing TRAP file /Users/macbook/Octo/static_analysis_codeql_1/codeql-kotlin.db/trap/java/classes/sun/reflect/generics/tree/ClassTypeSignature.members/ClassTypeSignature.members#65.0-1789983753036-kotlin.trap.gz" }
{ "origin": "CodeQL Kotlin extractor", "timestamp": "2026-09-27 14:18:03", "kind": "INFO", "message": "Will write TRAP file /Users/macbook/Octo/static_analysis_codeql_1/codeql-kotlin.db/trap/java/classes/sun/reflect/generics/tree/ArrayTypeSignature.members/ArrayTypeSignature.members#65.0-1789983753036-kotlin.trap.gz" }
{ "origin": "CodeQL Kotlin extractor", "timestamp": "2026-09-27 14:18:03", "kind": "INFO", "message": "Finished writing TRAP file /Users/macbook/Octo/static_analysis_codeql_1/codeql-kotlin.db/trap/java/classes/sun/reflect/generics/tree/ArrayTypeSignature.members/ArrayTypeSignature.members#65.0-1789983753036-kotlin.trap.gz" }
{ "origin": "CodeQL Kotlin extractor", "timestamp": "2026-09-27 14:18:03", "kind": "INFO", "message": "Will write TRAP file /Users/macbook/Octo/static_analysis_codeql_1/codeql-kotlin.db/trap/java/classes/sun/reflect/generics/tree/TypeVariableSignature.members/TypeVariableSignature.members#65.0-1789983753036-kotlin.trap.gz" }
{ "origin": "CodeQL Kotlin extractor", "timestamp": "2026-09-27 14:18:03", "kind": "INFO", "message": "Finished writing TRAP file /Users/macbook/Octo/static_analysis_codeql_1/codeql-kotlin.db/trap/java/classes/sun/reflect/generics/tree/TypeVariableSignature.members/TypeVariableSignature.members#65.0-1789983753036-kotlin.trap.gz" }
{ "origin": "CodeQL Kotlin extractor", "timestamp": "2026-09-27 14:18:03", "kind": "INFO", "message": "Will write TRAP file /Users/macbook/Octo/static_analysis_codeql_1/codeql-kotlin.db/trap/java/classes/sun/reflect/generics/tree/Wildcard.members/Wildcard.members#65.0-1789983753036-kotlin.trap.gz" }
{ "origin": "CodeQL Kotlin extractor", "timestamp": "2026-09-27 14:18:03", "kind": "INFO", "message": "Finished writing TRAP file /Users/macbook/Octo/static_analysis_codeql_1/codeql-kotlin.db/trap/java/classes/sun/reflect/generics/tree/Wildcard.members/Wildcard.members#65.0-1789983753036-kotlin.trap.gz" }
{ "origin": "CodeQL Kotlin extractor", "timestamp": "2026-09-27 14:18:03", "kind": "INFO", "message": "Will write TRAP file /Users/macbook/Octo/static_analysis_codeql_1/codeql-kotlin.db/trap/java/classes/sun/reflect/generics/tree/SimpleClassTypeSignature.members/SimpleClassTypeSignature.members#65.0-1789983753036-kotlin.trap.gz" }
{ "origin": "CodeQL Kotlin extractor", "timestamp": "2026-09-27 14:18:03", "kind": "INFO", "message": "Finished writing TRAP file /Users/macbook/Octo/static_analysis_codeql_1/codeql-kotlin.db/trap/java/classes/sun/reflect/generics/tree/SimpleClassTypeSignature.members/SimpleClassTypeSignature.members#65.0-1789983753036-kotlin.trap.gz" }
{ "origin": "CodeQL Kotlin extractor", "timestamp": "2026-09-27 14:18:03", "kind": "INFO", "message": "Will write TRAP file /Users/macbook/Octo/static_analysis_codeql_1/codeql-kotlin.db/trap/java/classes/sun/reflect/generics/tree/BottomSignature.members/BottomSignature.members#65.0-1789983753036-kotlin.trap.gz" }
{ "origin": "CodeQL Kotlin extractor", "timestamp": "2026-09-27 14:18:03", "kind": "INFO", "message": "Finished writing TRAP file /Users/macbook/Octo/static_analysis_codeql_1/codeql-kotlin.db/trap/java/classes/sun/reflect/generics/tree/BottomSignature.members/BottomSignature.members#65.0-1789983753036-kotlin.trap.gz" }
{ "origin": "CodeQL Kotlin extractor", "timestamp": "2026-09-27 14:18:03", "kind": "INFO", "message": "Will write TRAP file /Users/macbook/Octo/static_analysis_codeql_1/codeql-kotlin.db/trap/java/classes/sun/reflect/generics/tree/ByteSignature.members/ByteSignature.members#65.0-1789983753036-kotlin.trap.gz" }
{ "origin": "CodeQL Kotlin extractor", "timestamp": "2026-09-27 14:18:03", "kind": "INFO", "message": "Finished writing TRAP file /Users/macbook/Octo/static_analysis_codeql_1/codeql-kotlin.db/trap/java/classes/sun/reflect/generics/tree/ByteSignature.members/ByteSignature.members#65.0-1789983753036-kotlin.trap.gz" }
{ "origin": "CodeQL Kotlin extractor", "timestamp": "2026-09-27 14:18:03", "kind": "INFO", "message": "Will write TRAP file /Users/macbook/Octo/static_analysis_codeql_1/codeql-kotlin.db/trap/java/classes/sun/reflect/generics/tree/BooleanSignature.members/BooleanSignature.members#65.0-1789983753036-kotlin.trap.gz" }
{ "origin": "CodeQL Kotlin extractor", "timestamp": "2026-09-27 14:18:03", "kind": "INFO", "message": "Finished writing TRAP file /Users/macbook/Octo/static_analysis_codeql_1/codeql-kotlin.db/trap/java/classes/sun/reflect/generics/tree/BooleanSignature.members/BooleanSignature.members#65.0-1789983753036-kotlin.trap.gz" }
{ "origin": "CodeQL Kotlin extractor", "timestamp": "2026-09-27 14:18:03", "kind": "INFO", "message": "Will write TRAP file /Users/macbook/Octo/static_analysis_codeql_1/codeql-kotlin.db/trap/java/classes/sun/reflect/generics/tree/ShortSignature.members/ShortSignature.members#65.0-1789983753036-kotlin.trap.gz" }
{ "origin": "CodeQL Kotlin extractor", "timestamp": "2026-09-27 14:18:03", "kind": "INFO", "message": "Finished writing TRAP file /Users/macbook/Octo/static_analysis_codeql_1/codeql-kotlin.db/trap/java/classes/sun/reflect/generics/tree/ShortSignature.members/ShortSignature.members#65.0-1789983753036-kotlin.trap.gz" }
{ "origin": "CodeQL Kotlin extractor", "timestamp": "2026-09-27 14:18:03", "kind": "INFO", "message": "Will write TRAP file /Users/macbook/Octo/static_analysis_codeql_1/codeql-kotlin.db/trap/java/classes/sun/reflect/generics/tree/CharSignature.members/CharSignature.members#65.0-1789983753036-kotlin.trap.gz" }
{ "origin": "CodeQL Kotlin extractor", "timestamp": "2026-09-27 14:18:03", "kind": "INFO", "message": "Finished writing TRAP file /Users/macbook/Octo/static_analysis_codeql_1/codeql-kotlin.db/trap/java/classes/sun/reflect/generics/tree/CharSignature.members/CharSignature.members#65.0-1789983753036-kotlin.trap.gz" }
{ "origin": "CodeQL Kotlin extractor", "timestamp": "2026-09-27 14:18:03", "kind": "INFO", "message": "Will write TRAP file /Users/macbook/Octo/static_analysis_codeql_1/codeql-kotlin.db/trap/java/classes/sun/reflect/generics/tree/IntSignature.members/IntSignature.members#65.0-1789983753036-kotlin.trap.gz" }
{ "origin": "CodeQL Kotlin extractor", "timestamp": "2026-09-27 14:18:03", "kind": "INFO", "message": "Finished writing TRAP file /Users/macbook/Octo/static_analysis_codeql_1/codeql-kotlin.db/trap/java/classes/sun/reflect/generics/tree/IntSignature.members/IntSignature.members#65.0-1789983753036-kotlin.trap.gz" }
{ "origin": "CodeQL Kotlin extractor", "timestamp": "2026-09-27 14:18:03", "kind": "INFO", "message": "Will write TRAP file /Users/macbook/Octo/static_analysis_codeql_1/codeql-kotlin.db/trap/java/classes/sun/reflect/generics/tree/LongSignature.members/LongSignature.members#65.0-1789983753036-kotlin.trap.gz" }
{ "origin": "CodeQL Kotlin extractor", "timestamp": "2026-09-27 14:18:03", "kind": "INFO", "message": "Finished writing TRAP file /Users/macbook/Octo/static_analysis_codeql_1/codeql-kotlin.db/trap/java/classes/sun/reflect/generics/tree/LongSignature.members/LongSignature.members#65.0-1789983753036-kotlin.trap.gz" }
{ "origin": "CodeQL Kotlin extractor", "timestamp": "2026-09-27 14:18:03", "kind": "INFO", "message": "Will write TRAP file /Users/macbook/Octo/static_analysis_codeql_1/codeql-kotlin.db/trap/java/classes/sun/reflect/generics/tree/FloatSignature.members/FloatSignature.members#65.0-1789983753036-kotlin.trap.gz" }
{ "origin": "CodeQL Kotlin extractor", "timestamp": "2026-09-27 14:18:03", "kind": "INFO", "message": "Finished writing TRAP file /Users/macbook/Octo/static_analysis_codeql_1/codeql-kotlin.db/trap/java/classes/sun/reflect/generics/tree/FloatSignature.members/FloatSignature.members#65.0-1789983753036-kotlin.trap.gz" }
{ "origin": "CodeQL Kotlin extractor", "timestamp": "2026-09-27 14:18:03", "kind": "INFO", "message": "Will write TRAP file /Users/macbook/Octo/static_analysis_codeql_1/codeql-kotlin.db/trap/java/classes/sun/reflect/generics/tree/DoubleSignature.members/DoubleSignature.members#65.0-1789983753036-kotlin.trap.gz" }
{ "origin": "CodeQL Kotlin extractor", "timestamp": "2026-09-27 14:18:03", "kind": "INFO", "message": "Finished writing TRAP file /Users/macbook/Octo/static_analysis_codeql_1/codeql-kotlin.db/trap/java/classes/sun/reflect/generics/tree/DoubleSignature.members/DoubleSignature.members#65.0-1789983753036-kotlin.trap.gz" }
{ "origin": "CodeQL Kotlin extractor", "timestamp": "2026-09-27 14:18:03", "kind": "INFO", "message": "Will write TRAP file /Users/macbook/Octo/static_analysis_codeql_1/codeql-kotlin.db/trap/java/classes/sun/reflect/generics/tree/VoidDescriptor.members/VoidDescriptor.members#65.0-1789983753036-kotlin.trap.gz" }
{ "origin": "CodeQL Kotlin extractor", "timestamp": "2026-09-27 14:18:03", "kind": "INFO", "message": "Finished writing TRAP file /Users/macbook/Octo/static_analysis_codeql_1/codeql-kotlin.db/trap/java/classes/sun/reflect/generics/tree/VoidDescriptor.members/VoidDescriptor.members#65.0-1789983753036-kotlin.trap.gz" }
{ "origin": "CodeQL Kotlin extractor", "timestamp": "2026-09-27 14:18:03", "kind": "INFO", "message": "Will write TRAP file /Users/macbook/Octo/static_analysis_codeql_1/codeql-kotlin.db/trap/java/classes/jdk/internal/reflect/ReflectionFactory$GetReflectionFactoryAction.members/ReflectionFactory$GetReflectionFactoryAction.members#65.0-1789983753036-kotlin.trap.gz" }
{ "origin": "CodeQL Kotlin extractor", "timestamp": "2026-09-27 14:18:03", "kind": "INFO", "message": "Finished writing TRAP file /Users/macbook/Octo/static_analysis_codeql_1/codeql-kotlin.db/trap/java/classes/jdk/internal/reflect/ReflectionFactory$GetReflectionFactoryAction.members/ReflectionFactory$GetReflectionFactoryAction.members#65.0-1789983753036-kotlin.trap.gz" }
{ "origin": "CodeQL Kotlin extractor", "timestamp": "2026-09-27 14:18:03", "kind": "INFO", "message": "Will write TRAP file /Users/macbook/Octo/static_analysis_codeql_1/codeql-kotlin.db/trap/java/classes/jdk/internal/reflect/FieldAccessor.members/FieldAccessor.members#65.0-1789983753036-kotlin.trap.gz" }
{ "origin": "CodeQL Kotlin extractor", "timestamp": "2026-09-27 14:18:03", "kind": "INFO", "message": "Finished writing TRAP file /Users/macbook/Octo/static_analysis_codeql_1/codeql-kotlin.db/trap/java/classes/jdk/internal/reflect/FieldAccessor.members/FieldAccessor.members#65.0-1789983753036-kotlin.trap.gz" }
{ "origin": "CodeQL Kotlin extractor", "timestamp": "2026-09-27 14:18:03", "kind": "INFO", "message": "Will write TRAP file /Users/macbook/Octo/static_analysis_codeql_1/codeql-kotlin.db/trap/java/classes/java/io/OptionalDataException.members/OptionalDataException.members#65.0-1789983753036-kotlin.trap.gz" }
{ "origin": "CodeQL Kotlin extractor", "timestamp": "2026-09-27 14:18:03", "kind": "INFO", "message": "Finished writing TRAP file /Users/macbook/Octo/static_analysis_codeql_1/codeql-kotlin.db/trap/java/classes/java/io/OptionalDataException.members/OptionalDataException.members#65.0-1789983753036-kotlin.trap.gz" }
{ "origin": "CodeQL Kotlin extractor", "timestamp": "2026-09-27 14:18:03", "kind": "INFO", "message": "Will write TRAP file /Users/macbook/Octo/static_analysis_codeql_1/codeql-kotlin.db/trap/java/classes/jdk/internal/reflect/MethodAccessorImpl.members/MethodAccessorImpl.members#65.0-1789983753036-kotlin.trap.gz" }
{ "origin": "CodeQL Kotlin extractor", "timestamp": "2026-09-27 14:18:03", "kind": "INFO", "message": "Finished writing TRAP file /Users/macbook/Octo/static_analysis_codeql_1/codeql-kotlin.db/trap/java/classes/jdk/internal/reflect/MethodAccessorImpl.members/MethodAccessorImpl.members#65.0-1789983753036-kotlin.trap.gz" }
{ "origin": "CodeQL Kotlin extractor", "timestamp": "2026-09-27 14:18:03", "kind": "INFO", "message": "Will write TRAP file /Users/macbook/Octo/static_analysis_codeql_1/codeql-kotlin.db/trap/java/classes/java/security/cert/Certificate$CertificateRep.members/Certificate$CertificateRep.members#65.0-1789983753036-kotlin.trap.gz" }
{ "origin": "CodeQL Kotlin extractor", "timestamp": "2026-09-27 14:18:03", "kind": "INFO", "message": "Finished writing TRAP file /Users/macbook/Octo/static_analysis_codeql_1/codeql-kotlin.db/trap/java/classes/java/security/cert/Certificate$CertificateRep.members/Certificate$CertificateRep.members#65.0-1789983753036-kotlin.trap.gz" }
{ "origin": "CodeQL Kotlin extractor", "timestamp": "2026-09-27 14:18:03", "kind": "INFO", "message": "Will write TRAP file /Users/macbook/Octo/static_analysis_codeql_1/codeql-kotlin.db/trap/java/classes/java/security/PublicKey.members/PublicKey.members#65.0-1789983753036-kotlin.trap.gz" }
{ "origin": "CodeQL Kotlin extractor", "timestamp": "2026-09-27 14:18:03", "kind": "INFO", "message": "Finished writing TRAP file /Users/macbook/Octo/static_analysis_codeql_1/codeql-kotlin.db/trap/java/classes/java/security/PublicKey.members/PublicKey.members#65.0-1789983753036-kotlin.trap.gz" }
{ "origin": "CodeQL Kotlin extractor", "timestamp": "2026-09-27 14:18:03", "kind": "INFO", "message": "Will write TRAP file /Users/macbook/Octo/static_analysis_codeql_1/codeql-kotlin.db/trap/java/classes/java/security/Provider.members/Provider.members#65.0-1789983753036-kotlin.trap.gz" }
{ "origin": "CodeQL Kotlin extractor", "timestamp": "2026-09-27 14:18:03", "kind": "INFO", "message": "Finished writing TRAP file /Users/macbook/Octo/static_analysis_codeql_1/codeql-kotlin.db/trap/java/classes/java/security/Provider.members/Provider.members#65.0-1789983753036-kotlin.trap.gz" }
{ "origin": "CodeQL Kotlin extractor", "timestamp": "2026-09-27 14:18:03", "kind": "INFO", "message": "Will write TRAP file /Users/macbook/Octo/static_analysis_codeql_1/codeql-kotlin.db/trap/java/classes/java/security/cert/CertPath.members/CertPath.members#65.0-1789983753036-kotlin.trap.gz" }
{ "origin": "CodeQL Kotlin extractor", "timestamp": "2026-09-27 14:18:03", "kind": "INFO", "message": "Finished writing TRAP file /Users/macbook/Octo/static_analysis_codeql_1/codeql-kotlin.db/trap/java/classes/java/security/cert/CertPath.members/CertPath.members#65.0-1789983753036-kotlin.trap.gz" }
{ "origin": "CodeQL Kotlin extractor", "timestamp": "2026-09-27 14:18:03", "kind": "INFO", "message": "Will write TRAP file /Users/macbook/Octo/static_analysis_codeql_1/codeql-kotlin.db/trap/java/classes/java/security/Timestamp.members/Timestamp.members#65.0-1789983753036-kotlin.trap.gz" }
{ "origin": "CodeQL Kotlin extractor", "timestamp": "2026-09-27 14:18:03", "kind": "INFO", "message": "Finished writing TRAP file /Users/macbook/Octo/static_analysis_codeql_1/codeql-kotlin.db/trap/java/classes/java/security/Timestamp.members/Timestamp.members#65.0-1789983753036-kotlin.trap.gz" }
{ "origin": "CodeQL Kotlin extractor", "timestamp": "2026-09-27 14:18:03", "kind": "INFO", "message": "Will write TRAP file /Users/macbook/Octo/static_analysis_codeql_1/codeql-kotlin.db/trap/java/classes/javax/security/auth/Subject$AuthPermissionHolder.members/Subject$AuthPermissionHolder.members#65.0-1789983753036-kotlin.trap.gz" }
{ "origin": "CodeQL Kotlin extractor", "timestamp": "2026-09-27 14:18:03", "kind": "INFO", "message": "Finished writing TRAP file /Users/macbook/Octo/static_analysis_codeql_1/codeql-kotlin.db/trap/java/classes/javax/security/auth/Subject$AuthPermissionHolder.members/Subject$AuthPermissionHolder.members#65.0-1789983753036-kotlin.trap.gz" }
{ "origin": "CodeQL Kotlin extractor", "timestamp": "2026-09-27 14:18:03", "kind": "INFO", "message": "Skipping extracting external decl AccessControlContext" }
{ "origin": "CodeQL Kotlin extractor", "timestamp": "2026-09-27 14:18:03", "kind": "INFO", "message": "Will write TRAP file /Users/macbook/Octo/static_analysis_codeql_1/codeql-kotlin.db/trap/java/classes/java/security/PrivilegedAction.members/PrivilegedAction.members#65.0-1789983753036-kotlin.trap.gz" }
{ "origin": "CodeQL Kotlin extractor", "timestamp": "2026-09-27 14:18:03", "kind": "INFO", "message": "Finished writing TRAP file /Users/macbook/Octo/static_analysis_codeql_1/codeql-kotlin.db/trap/java/classes/java/security/PrivilegedAction.members/PrivilegedAction.members#65.0-1789983753036-kotlin.trap.gz" }
{ "origin": "CodeQL Kotlin extractor", "timestamp": "2026-09-27 14:18:03", "kind": "INFO", "message": "Will write TRAP file /Users/macbook/Octo/static_analysis_codeql_1/codeql-kotlin.db/trap/java/classes/java/security/PrivilegedExceptionAction.members/PrivilegedExceptionAction.members#65.0-1789983753036-kotlin.trap.gz" }
{ "origin": "CodeQL Kotlin extractor", "timestamp": "2026-09-27 14:18:03", "kind": "INFO", "message": "Finished writing TRAP file /Users/macbook/Octo/static_analysis_codeql_1/codeql-kotlin.db/trap/java/classes/java/security/PrivilegedExceptionAction.members/PrivilegedExceptionAction.members#65.0-1789983753036-kotlin.trap.gz" }
{ "origin": "CodeQL Kotlin extractor", "timestamp": "2026-09-27 14:18:03", "kind": "INFO", "message": "Will write TRAP file /Users/macbook/Octo/static_analysis_codeql_1/codeql-kotlin.db/trap/java/classes/sun/invoke/util/Wrapper.members/Wrapper.members#65.0-1789983753036-kotlin.trap.gz" }
{ "origin": "CodeQL Kotlin extractor", "timestamp": "2026-09-27 14:18:03", "kind": "INFO", "message": "Finished writing TRAP file /Users/macbook/Octo/static_analysis_codeql_1/codeql-kotlin.db/trap/java/classes/sun/invoke/util/Wrapper.members/Wrapper.members#65.0-1789983753036-kotlin.trap.gz" }
{ "origin": "CodeQL Kotlin extractor", "timestamp": "2026-09-27 14:18:03", "kind": "INFO", "message": "Will write TRAP file /Users/macbook/Octo/static_analysis_codeql_1/codeql-kotlin.db/trap/java/classes/java/lang/invoke/ClassSpecializer$SpeciesData.members/ClassSpecializer$SpeciesData.members#65.0-1789983753036-kotlin.trap.gz" }
{ "origin": "CodeQL Kotlin extractor", "timestamp": "2026-09-27 14:18:03", "kind": "INFO", "message": "Finished writing TRAP file /Users/macbook/Octo/static_analysis_codeql_1/codeql-kotlin.db/trap/java/classes/java/lang/invoke/ClassSpecializer$SpeciesData.members/ClassSpecializer$SpeciesData.members#65.0-1789983753036-kotlin.trap.gz" }
{ "origin": "CodeQL Kotlin extractor", "timestamp": "2026-09-27 14:18:03", "kind": "INFO", "message": "Will write TRAP file /Users/macbook/Octo/static_analysis_codeql_1/codeql-kotlin.db/trap/java/classes/java/lang/invoke/ClassSpecializer.members/ClassSpecializer.members#65.0-1789983753036-kotlin.trap.gz" }
{ "origin": "CodeQL Kotlin extractor", "timestamp": "2026-09-27 14:18:03", "kind": "INFO", "message": "Finished writing TRAP file /Users/macbook/Octo/static_analysis_codeql_1/codeql-kotlin.db/trap/java/classes/java/lang/invoke/ClassSpecializer.members/ClassSpecializer.members#65.0-1789983753036-kotlin.trap.gz" }
{ "origin": "CodeQL Kotlin extractor", "timestamp": "2026-09-27 14:18:03", "kind": "INFO", "message": "Will write TRAP file /Users/macbook/Octo/static_analysis_codeql_1/codeql-kotlin.db/trap/java/classes/java/lang/invoke/BoundMethodHandle$Specializer$Factory.members/BoundMethodHandle$Specializer$Factory.members#65.0-1789983753036-kotlin.trap.gz" }
{ "origin": "CodeQL Kotlin extractor", "timestamp": "2026-09-27 14:18:03", "kind": "INFO", "message": "Finished writing TRAP file /Users/macbook/Octo/static_analysis_codeql_1/codeql-kotlin.db/trap/java/classes/java/lang/invoke/BoundMethodHandle$Specializer$Factory.members/BoundMethodHandle$Specializer$Factory.members#65.0-1789983753036-kotlin.trap.gz" }
{ "origin": "CodeQL Kotlin extractor", "timestamp": "2026-09-27 14:18:03", "kind": "INFO", "message": "Will write TRAP file /Users/macbook/Octo/static_analysis_codeql_1/codeql-kotlin.db/trap/java/classes/java/lang/invoke/ClassSpecializer$Factory.members/ClassSpecializer$Factory.members#65.0-1789983753036-kotlin.trap.gz" }
{ "origin": "CodeQL Kotlin extractor", "timestamp": "2026-09-27 14:18:03", "kind": "INFO", "message": "Finished writing TRAP file /Users/macbook/Octo/static_analysis_codeql_1/codeql-kotlin.db/trap/java/classes/java/lang/invoke/ClassSpecializer$Factory.members/ClassSpecializer$Factory.members#65.0-1789983753036-kotlin.trap.gz" }
{ "origin": "CodeQL Kotlin extractor", "timestamp": "2026-09-27 14:18:03", "kind": "INFO", "message": "Will write TRAP file /Users/macbook/Octo/static_analysis_codeql_1/codeql-kotlin.db/trap/java/classes/java/lang/invoke/MethodHandleImpl$ArrayAccess.members/MethodHandleImpl$ArrayAccess.members#65.0-1789983753036-kotlin.trap.gz" }
{ "origin": "CodeQL Kotlin extractor", "timestamp": "2026-09-27 14:18:03", "kind": "INFO", "message": "Finished writing TRAP file /Users/macbook/Octo/static_analysis_codeql_1/codeql-kotlin.db/trap/java/classes/java/lang/invoke/MethodHandleImpl$ArrayAccess.members/MethodHandleImpl$ArrayAccess.members#65.0-1789983753036-kotlin.trap.gz" }
{ "origin": "CodeQL Kotlin extractor", "timestamp": "2026-09-27 14:18:03", "kind": "INFO", "message": "Will write TRAP file /Users/macbook/Octo/static_analysis_codeql_1/codeql-kotlin.db/trap/java/classes/java/lang/invoke/MethodHandleImpl$CasesHolder.members/MethodHandleImpl$CasesHolder.members#65.0-1789983753036-kotlin.trap.gz" }
{ "origin": "CodeQL Kotlin extractor", "timestamp": "2026-09-27 14:18:03", "kind": "INFO", "message": "Finished writing TRAP file /Users/macbook/Octo/static_analysis_codeql_1/codeql-kotlin.db/trap/java/classes/java/lang/invoke/MethodHandleImpl$CasesHolder.members/MethodHandleImpl$CasesHolder.members#65.0-1789983753036-kotlin.trap.gz" }
{ "origin": "CodeQL Kotlin extractor", "timestamp": "2026-09-27 14:18:03", "kind": "INFO", "message": "Will write TRAP file /Users/macbook/Octo/static_analysis_codeql_1/codeql-kotlin.db/trap/java/classes/java/lang/invoke/MethodHandleImpl$ArrayAccessor.members/MethodHandleImpl$ArrayAccessor.members#65.0-1789983753036-kotlin.trap.gz" }
{ "origin": "CodeQL Kotlin extractor", "timestamp": "2026-09-27 14:18:03", "kind": "INFO", "message": "Finished writing TRAP file /Users/macbook/Octo/static_analysis_codeql_1/codeql-kotlin.db/trap/java/classes/java/lang/invoke/MethodHandleImpl$ArrayAccessor.members/MethodHandleImpl$ArrayAccessor.members#65.0-1789983753036-kotlin.trap.gz" }
{ "origin": "CodeQL Kotlin extractor", "timestamp": "2026-09-27 14:18:03", "kind": "INFO", "message": "Will write TRAP file /Users/macbook/Octo/static_analysis_codeql_1/codeql-kotlin.db/trap/java/classes/java/lang/invoke/MethodHandleImpl$WrappedMember.members/MethodHandleImpl$WrappedMember.members#65.0-1789983753036-kotlin.trap.gz" }
{ "origin": "CodeQL Kotlin extractor", "timestamp": "2026-09-27 14:18:03", "kind": "INFO", "message": "Finished writing TRAP file /Users/macbook/Octo/static_analysis_codeql_1/codeql-kotlin.db/trap/java/classes/java/lang/invoke/MethodHandleImpl$WrappedMember.members/MethodHandleImpl$WrappedMember.members#65.0-1789983753036-kotlin.trap.gz" }
{ "origin": "CodeQL Kotlin extractor", "timestamp": "2026-09-27 14:18:03", "kind": "INFO", "message": "Will write TRAP file /Users/macbook/Octo/static_analysis_codeql_1/codeql-kotlin.db/trap/java/classes/java/lang/invoke/MethodHandleImpl$CountingWrapper.members/MethodHandleImpl$CountingWrapper.members#65.0-1789983753036-kotlin.trap.gz" }
{ "origin": "CodeQL Kotlin extractor", "timestamp": "2026-09-27 14:18:03", "kind": "INFO", "message": "Finished writing TRAP file /Users/macbook/Octo/static_analysis_codeql_1/codeql-kotlin.db/trap/java/classes/java/lang/invoke/MethodHandleImpl$CountingWrapper.members/MethodHandleImpl$CountingWrapper.members#65.0-1789983753036-kotlin.trap.gz" }
{ "origin": "CodeQL Kotlin extractor", "timestamp": "2026-09-27 14:18:03", "kind": "INFO", "message": "Will write TRAP file /Users/macbook/Octo/static_analysis_codeql_1/codeql-kotlin.db/trap/java/classes/java/lang/invoke/MethodHandleImpl$IntrinsicMethodHandle.members/MethodHandleImpl$IntrinsicMethodHandle.members#65.0-1789983753036-kotlin.trap.gz" }
{ "origin": "CodeQL Kotlin extractor", "timestamp": "2026-09-27 14:18:03", "kind": "INFO", "message": "Finished writing TRAP file /Users/macbook/Octo/static_analysis_codeql_1/codeql-kotlin.db/trap/java/classes/java/lang/invoke/MethodHandleImpl$IntrinsicMethodHandle.members/MethodHandleImpl$IntrinsicMethodHandle.members#65.0-1789983753036-kotlin.trap.gz" }
{ "origin": "CodeQL Kotlin extractor", "timestamp": "2026-09-27 14:18:03", "kind": "INFO", "message": "Will write TRAP file /Users/macbook/Octo/static_analysis_codeql_1/codeql-kotlin.db/trap/java/classes/java/lang/invoke/MethodHandleImpl$AsVarargsCollector.members/MethodHandleImpl$AsVarargsCollector.members#65.0-1789983753036-kotlin.trap.gz" }
{ "origin": "CodeQL Kotlin extractor", "timestamp": "2026-09-27 14:18:03", "kind": "INFO", "message": "Finished writing TRAP file /Users/macbook/Octo/static_analysis_codeql_1/codeql-kotlin.db/trap/java/classes/java/lang/invoke/MethodHandleImpl$AsVarargsCollector.members/MethodHandleImpl$AsVarargsCollector.members#65.0-1789983753036-kotlin.trap.gz" }
{ "origin": "CodeQL Kotlin extractor", "timestamp": "2026-09-27 14:18:03", "kind": "INFO", "message": "Will write TRAP file /Users/macbook/Octo/static_analysis_codeql_1/codeql-kotlin.db/trap/java/classes/java/lang/invoke/MethodHandleImpl$LoopClauses.members/MethodHandleImpl$LoopClauses.members#65.0-1789983753036-kotlin.trap.gz" }
{ "origin": "CodeQL Kotlin extractor", "timestamp": "2026-09-27 14:18:03", "kind": "INFO", "message": "Finished writing TRAP file /Users/macbook/Octo/static_analysis_codeql_1/codeql-kotlin.db/trap/java/classes/java/lang/invoke/MethodHandleImpl$LoopClauses.members/MethodHandleImpl$LoopClauses.members#65.0-1789983753036-kotlin.trap.gz" }
{ "origin": "CodeQL Kotlin extractor", "timestamp": "2026-09-27 14:18:03", "kind": "INFO", "message": "Will write TRAP file /Users/macbook/Octo/static_analysis_codeql_1/codeql-kotlin.db/trap/java/classes/java/lang/InternalError.members/InternalError.members#65.0-1789983753036-kotlin.trap.gz" }
{ "origin": "CodeQL Kotlin extractor", "timestamp": "2026-09-27 14:18:03", "kind": "INFO", "message": "Finished writing TRAP file /Users/macbook/Octo/static_analysis_codeql_1/codeql-kotlin.db/trap/java/classes/java/lang/InternalError.members/InternalError.members#65.0-1789983753036-kotlin.trap.gz" }
{ "origin": "CodeQL Kotlin extractor", "timestamp": "2026-09-27 14:18:03", "kind": "INFO", "message": "Will write TRAP file /Users/macbook/Octo/static_analysis_codeql_1/codeql-kotlin.db/trap/java/classes/sun/invoke/empty/Empty.members/Empty.members#65.0-1789983753036-kotlin.trap.gz" }
{ "origin": "CodeQL Kotlin extractor", "timestamp": "2026-09-27 14:18:03", "kind": "INFO", "message": "Finished writing TRAP file /Users/macbook/Octo/static_analysis_codeql_1/codeql-kotlin.db/trap/java/classes/sun/invoke/empty/Empty.members/Empty.members#65.0-1789983753036-kotlin.trap.gz" }
{ "origin": "CodeQL Kotlin extractor", "timestamp": "2026-09-27 14:18:03", "kind": "INFO", "message": "Will write TRAP file /Users/macbook/Octo/static_analysis_codeql_1/codeql-kotlin.db/trap/java/classes/java/util/concurrent/ForkJoinTask$RunnableExecuteAction.members/ForkJoinTask$RunnableExecuteAction.members#65.0-1789983753036-kotlin.trap.gz" }
{ "origin": "CodeQL Kotlin extractor", "timestamp": "2026-09-27 14:18:03", "kind": "INFO", "message": "Finished writing TRAP file /Users/macbook/Octo/static_analysis_codeql_1/codeql-kotlin.db/trap/java/classes/java/util/concurrent/ForkJoinTask$RunnableExecuteAction.members/ForkJoinTask$RunnableExecuteAction.members#65.0-1789983753036-kotlin.trap.gz" }
{ "origin": "CodeQL Kotlin extractor", "timestamp": "2026-09-27 14:18:03", "kind": "INFO", "message": "Will write TRAP file /Users/macbook/Octo/static_analysis_codeql_1/codeql-kotlin.db/trap/java/classes/java/util/concurrent/ForkJoinTask$AdaptedInterruptibleCallable.members/ForkJoinTask$AdaptedInterruptibleCallable.members#65.0-1789983753036-kotlin.trap.gz" }
{ "origin": "CodeQL Kotlin extractor", "timestamp": "2026-09-27 14:18:03", "kind": "INFO", "message": "Finished writing TRAP file /Users/macbook/Octo/static_analysis_codeql_1/codeql-kotlin.db/trap/java/classes/java/util/concurrent/ForkJoinTask$AdaptedInterruptibleCallable.members/ForkJoinTask$AdaptedInterruptibleCallable.members#65.0-1789983753036-kotlin.trap.gz" }
{ "origin": "CodeQL Kotlin extractor", "timestamp": "2026-09-27 14:18:03", "kind": "INFO", "message": "Will write TRAP file /Users/macbook/Octo/static_analysis_codeql_1/codeql-kotlin.db/trap/java/classes/java/util/concurrent/ForkJoinTask$AdaptedRunnableAction.members/ForkJoinTask$AdaptedRunnableAction.members#65.0-1789983753036-kotlin.trap.gz" }
{ "origin": "CodeQL Kotlin extractor", "timestamp": "2026-09-27 14:18:03", "kind": "INFO", "message": "Finished writing TRAP file /Users/macbook/Octo/static_analysis_codeql_1/codeql-kotlin.db/trap/java/classes/java/util/concurrent/ForkJoinTask$AdaptedRunnableAction.members/ForkJoinTask$AdaptedRunnableAction.members#65.0-1789983753036-kotlin.trap.gz" }
{ "origin": "CodeQL Kotlin extractor", "timestamp": "2026-09-27 14:18:03", "kind": "INFO", "message": "Will write TRAP file /Users/macbook/Octo/static_analysis_codeql_1/codeql-kotlin.db/trap/java/classes/java/util/concurrent/ForkJoinTask$AdaptedRunnable.members/ForkJoinTask$AdaptedRunnable.members#65.0-1789983753036-kotlin.trap.gz" }
{ "origin": "CodeQL Kotlin extractor", "timestamp": "2026-09-27 14:18:03", "kind": "INFO", "message": "Finished writing TRAP file /Users/macbook/Octo/static_analysis_codeql_1/codeql-kotlin.db/trap/java/classes/java/util/concurrent/ForkJoinTask$AdaptedRunnable.members/ForkJoinTask$AdaptedRunnable.members#65.0-1789983753036-kotlin.trap.gz" }
{ "origin": "CodeQL Kotlin extractor", "timestamp": "2026-09-27 14:18:03", "kind": "INFO", "message": "Will write TRAP file /Users/macbook/Octo/static_analysis_codeql_1/codeql-kotlin.db/trap/java/classes/java/util/concurrent/ForkJoinTask$Aux.members/ForkJoinTask$Aux.members#65.0-1789983753036-kotlin.trap.gz" }
{ "origin": "CodeQL Kotlin extractor", "timestamp": "2026-09-27 14:18:03", "kind": "INFO", "message": "Finished writing TRAP file /Users/macbook/Octo/static_analysis_codeql_1/codeql-kotlin.db/trap/java/classes/java/util/concurrent/ForkJoinTask$Aux.members/ForkJoinTask$Aux.members#65.0-1789983753036-kotlin.trap.gz" }
{ "origin": "CodeQL Kotlin extractor", "timestamp": "2026-09-27 14:18:03", "kind": "INFO", "message": "Will write TRAP file /Users/macbook/Octo/static_analysis_codeql_1/codeql-kotlin.db/trap/java/classes/java/util/concurrent/ForkJoinTask$AdaptedCallable.members/ForkJoinTask$AdaptedCallable.members#65.0-1789983753036-kotlin.trap.gz" }
{ "origin": "CodeQL Kotlin extractor", "timestamp": "2026-09-27 14:18:03", "kind": "INFO", "message": "Finished writing TRAP file /Users/macbook/Octo/static_analysis_codeql_1/codeql-kotlin.db/trap/java/classes/java/util/concurrent/ForkJoinTask$AdaptedCallable.members/ForkJoinTask$AdaptedCallable.members#65.0-1789983753036-kotlin.trap.gz" }
{ "origin": "CodeQL Kotlin extractor", "timestamp": "2026-09-27 14:18:03", "kind": "INFO", "message": "Skipping extracting external decl BinaryOperator" }
{ "origin": "CodeQL Kotlin extractor", "timestamp": "2026-09-27 14:18:03", "kind": "INFO", "message": "Will write TRAP file /Users/macbook/Octo/static_analysis_codeql_1/codeql-kotlin.db/trap/java/classes/java/util/concurrent/ForkJoinPool$ForkJoinWorkerThreadFactory.members/ForkJoinPool$ForkJoinWorkerThreadFactory.members#65.0-1789983753036-kotlin.trap.gz" }
{ "origin": "CodeQL Kotlin extractor", "timestamp": "2026-09-27 14:18:03", "kind": "INFO", "message": "Finished writing TRAP file /Users/macbook/Octo/static_analysis_codeql_1/codeql-kotlin.db/trap/java/classes/java/util/concurrent/ForkJoinPool$ForkJoinWorkerThreadFactory.members/ForkJoinPool$ForkJoinWorkerThreadFactory.members#65.0-1789983753036-kotlin.trap.gz" }
{ "origin": "CodeQL Kotlin extractor", "timestamp": "2026-09-27 14:18:03", "kind": "INFO", "message": "Skipping extracting external decl UncaughtExceptionHandler" }
{ "origin": "CodeQL Kotlin extractor", "timestamp": "2026-09-27 14:18:03", "kind": "INFO", "message": "Will write TRAP file /Users/macbook/Octo/static_analysis_codeql_1/codeql-kotlin.db/trap/java/classes/java/util/concurrent/ForkJoinPool$InvokeAnyTask.members/ForkJoinPool$InvokeAnyTask.members#65.0-1789983753036-kotlin.trap.gz" }
{ "origin": "CodeQL Kotlin extractor", "timestamp": "2026-09-27 14:18:03", "kind": "INFO", "message": "Finished writing TRAP file /Users/macbook/Octo/static_analysis_codeql_1/codeql-kotlin.db/trap/java/classes/java/util/concurrent/ForkJoinPool$InvokeAnyTask.members/ForkJoinPool$InvokeAnyTask.members#65.0-1789983753036-kotlin.trap.gz" }
{ "origin": "CodeQL Kotlin extractor", "timestamp": "2026-09-27 14:18:03", "kind": "INFO", "message": "Will write TRAP file /Users/macbook/Octo/static_analysis_codeql_1/codeql-kotlin.db/trap/java/classes/java/util/concurrent/ForkJoinPool$ManagedBlocker.members/ForkJoinPool$ManagedBlocker.members#65.0-1789983753036-kotlin.trap.gz" }
{ "origin": "CodeQL Kotlin extractor", "timestamp": "2026-09-27 14:18:03", "kind": "INFO", "message": "Finished writing TRAP file /Users/macbook/Octo/static_analysis_codeql_1/codeql-kotlin.db/trap/java/classes/java/util/concurrent/ForkJoinPool$ManagedBlocker.members/ForkJoinPool$ManagedBlocker.members#65.0-1789983753036-kotlin.trap.gz" }
{ "origin": "CodeQL Kotlin extractor", "timestamp": "2026-09-27 14:18:03", "kind": "INFO", "message": "Will write TRAP file /Users/macbook/Octo/static_analysis_codeql_1/codeql-kotlin.db/trap/java/classes/java/util/concurrent/ForkJoinPool$InvokeAnyRoot.members/ForkJoinPool$InvokeAnyRoot.members#65.0-1789983753036-kotlin.trap.gz" }
{ "origin": "CodeQL Kotlin extractor", "timestamp": "2026-09-27 14:18:03", "kind": "INFO", "message": "Finished writing TRAP file /Users/macbook/Octo/static_analysis_codeql_1/codeql-kotlin.db/trap/java/classes/java/util/concurrent/ForkJoinPool$InvokeAnyRoot.members/ForkJoinPool$InvokeAnyRoot.members#65.0-1789983753036-kotlin.trap.gz" }
{ "origin": "CodeQL Kotlin extractor", "timestamp": "2026-09-27 14:18:03", "kind": "INFO", "message": "Will write TRAP file /Users/macbook/Octo/static_analysis_codeql_1/codeql-kotlin.db/trap/java/classes/java/util/concurrent/ForkJoinPool$WorkQueue.members/ForkJoinPool$WorkQueue.members#65.0-1789983753036-kotlin.trap.gz" }
{ "origin": "CodeQL Kotlin extractor", "timestamp": "2026-09-27 14:18:03", "kind": "INFO", "message": "Finished writing TRAP file /Users/macbook/Octo/static_analysis_codeql_1/codeql-kotlin.db/trap/java/classes/java/util/concurrent/ForkJoinPool$WorkQueue.members/ForkJoinPool$WorkQueue.members#65.0-1789983753036-kotlin.trap.gz" }
{ "origin": "CodeQL Kotlin extractor", "timestamp": "2026-09-27 14:18:03", "kind": "INFO", "message": "Will write TRAP file /Users/macbook/Octo/static_analysis_codeql_1/codeql-kotlin.db/trap/java/classes/java/util/concurrent/ForkJoinPool$DefaultForkJoinWorkerThreadFactory.members/ForkJoinPool$DefaultForkJoinWorkerThreadFactory.members#65.0-1789983753036-kotlin.trap.gz" }
{ "origin": "CodeQL Kotlin extractor", "timestamp": "2026-09-27 14:18:03", "kind": "INFO", "message": "Finished writing TRAP file /Users/macbook/Octo/static_analysis_codeql_1/codeql-kotlin.db/trap/java/classes/java/util/concurrent/ForkJoinPool$DefaultForkJoinWorkerThreadFactory.members/ForkJoinPool$DefaultForkJoinWorkerThreadFactory.members#65.0-1789983753036-kotlin.trap.gz" }
{ "origin": "CodeQL Kotlin extractor", "timestamp": "2026-09-27 14:18:03", "kind": "INFO", "message": "Will write TRAP file /Users/macbook/Octo/static_analysis_codeql_1/codeql-kotlin.db/trap/java/classes/java/util/concurrent/locks/Condition.members/Condition.members#65.0-1789983753036-kotlin.trap.gz" }
{ "origin": "CodeQL Kotlin extractor", "timestamp": "2026-09-27 14:18:03", "kind": "INFO", "message": "Finished writing TRAP file /Users/macbook/Octo/static_analysis_codeql_1/codeql-kotlin.db/trap/java/classes/java/util/concurrent/locks/Condition.members/Condition.members#65.0-1789983753036-kotlin.trap.gz" }
{ "origin": "CodeQL Kotlin extractor", "timestamp": "2026-09-27 14:18:03", "kind": "INFO", "message": "Will write TRAP file /Users/macbook/Octo/static_analysis_codeql_1/codeql-kotlin.db/trap/java/classes/jdk/internal/vm/SharedThreadContainer.members/SharedThreadContainer.members#65.0-1789983753036-kotlin.trap.gz" }
{ "origin": "CodeQL Kotlin extractor", "timestamp": "2026-09-27 14:18:03", "kind": "INFO", "message": "Finished writing TRAP file /Users/macbook/Octo/static_analysis_codeql_1/codeql-kotlin.db/trap/java/classes/jdk/internal/vm/SharedThreadContainer.members/SharedThreadContainer.members#65.0-1789983753036-kotlin.trap.gz" }
{ "origin": "CodeQL Kotlin extractor", "timestamp": "2026-09-27 14:18:03", "kind": "INFO", "message": "Will write TRAP file /Users/macbook/Octo/static_analysis_codeql_1/codeql-kotlin.db/trap/java/classes/java/util/concurrent/ForkJoinWorkerThread.members/ForkJoinWorkerThread.members#65.0-1789983753036-kotlin.trap.gz" }
{ "origin": "CodeQL Kotlin extractor", "timestamp": "2026-09-27 14:18:03", "kind": "INFO", "message": "Finished writing TRAP file /Users/macbook/Octo/static_analysis_codeql_1/codeql-kotlin.db/trap/java/classes/java/util/concurrent/ForkJoinWorkerThread.members/ForkJoinWorkerThread.members#65.0-1789983753036-kotlin.trap.gz" }
{ "origin": "CodeQL Kotlin extractor", "timestamp": "2026-09-27 14:18:03", "kind": "INFO", "message": "Will write TRAP file /Users/macbook/Octo/static_analysis_codeql_1/codeql-kotlin.db/trap/java/classes/java/util/concurrent/RunnableFuture.members/RunnableFuture.members#65.0-1789983753036-kotlin.trap.gz" }
{ "origin": "CodeQL Kotlin extractor", "timestamp": "2026-09-27 14:18:03", "kind": "INFO", "message": "Finished writing TRAP file /Users/macbook/Octo/static_analysis_codeql_1/codeql-kotlin.db/trap/java/classes/java/util/concurrent/RunnableFuture.members/RunnableFuture.members#65.0-1789983753036-kotlin.trap.gz" }
{ "origin": "CodeQL Kotlin extractor", "timestamp": "2026-09-27 14:18:03", "kind": "INFO", "message": "Will write TRAP file /Users/macbook/Octo/static_analysis_codeql_1/codeql-kotlin.db/trap/java/classes/java/lang/RuntimePermission.members/RuntimePermission.members#65.0-1789983753036-kotlin.trap.gz" }
{ "origin": "CodeQL Kotlin extractor", "timestamp": "2026-09-27 14:18:03", "kind": "INFO", "message": "Finished writing TRAP file /Users/macbook/Octo/static_analysis_codeql_1/codeql-kotlin.db/trap/java/classes/java/lang/RuntimePermission.members/RuntimePermission.members#65.0-1789983753036-kotlin.trap.gz" }
{ "origin": "CodeQL Kotlin extractor", "timestamp": "2026-09-27 14:18:03", "kind": "INFO", "message": "Skipping extracting external decl Executor" }
{ "origin": "CodeQL Kotlin extractor", "timestamp": "2026-09-27 14:18:03", "kind": "INFO", "message": "Will write TRAP file /Users/macbook/Octo/static_analysis_codeql_1/codeql-kotlin.db/trap/java/classes/java/util/concurrent/AbstractExecutorService.members/AbstractExecutorService.members#65.0-1789983753036-kotlin.trap.gz" }
{ "origin": "CodeQL Kotlin extractor", "timestamp": "2026-09-27 14:18:04", "kind": "INFO", "message": "Finished writing TRAP file /Users/macbook/Octo/static_analysis_codeql_1/codeql-kotlin.db/trap/java/classes/java/util/concurrent/AbstractExecutorService.members/AbstractExecutorService.members#65.0-1789983753036-kotlin.trap.gz" }
{ "origin": "CodeQL Kotlin extractor", "timestamp": "2026-09-27 14:18:04", "kind": "INFO", "message": "Will write TRAP file /Users/macbook/Octo/static_analysis_codeql_1/codeql-kotlin.db/trap/java/classes/java/util/concurrent/locks/ReentrantLock$Sync.members/ReentrantLock$Sync.members#65.0-1789983753036-kotlin.trap.gz" }
{ "origin": "CodeQL Kotlin extractor", "timestamp": "2026-09-27 14:18:04", "kind": "INFO", "message": "Finished writing TRAP file /Users/macbook/Octo/static_analysis_codeql_1/codeql-kotlin.db/trap/java/classes/java/util/concurrent/locks/ReentrantLock$Sync.members/ReentrantLock$Sync.members#65.0-1789983753036-kotlin.trap.gz" }
{ "origin": "CodeQL Kotlin extractor", "timestamp": "2026-09-27 14:18:04", "kind": "INFO", "message": "Will write TRAP file /Users/macbook/Octo/static_analysis_codeql_1/codeql-kotlin.db/trap/java/classes/java/util/concurrent/locks/ReentrantLock$FairSync.members/ReentrantLock$FairSync.members#65.0-1789983753036-kotlin.trap.gz" }
{ "origin": "CodeQL Kotlin extractor", "timestamp": "2026-09-27 14:18:04", "kind": "INFO", "message": "Finished writing TRAP file /Users/macbook/Octo/static_analysis_codeql_1/codeql-kotlin.db/trap/java/classes/java/util/concurrent/locks/ReentrantLock$FairSync.members/ReentrantLock$FairSync.members#65.0-1789983753036-kotlin.trap.gz" }
{ "origin": "CodeQL Kotlin extractor", "timestamp": "2026-09-27 14:18:04", "kind": "INFO", "message": "Will write TRAP file /Users/macbook/Octo/static_analysis_codeql_1/codeql-kotlin.db/trap/java/classes/java/util/concurrent/locks/ReentrantLock$NonfairSync.members/ReentrantLock$NonfairSync.members#65.0-1789983753036-kotlin.trap.gz" }
{ "origin": "CodeQL Kotlin extractor", "timestamp": "2026-09-27 14:18:04", "kind": "INFO", "message": "Finished writing TRAP file /Users/macbook/Octo/static_analysis_codeql_1/codeql-kotlin.db/trap/java/classes/java/util/concurrent/locks/ReentrantLock$NonfairSync.members/ReentrantLock$NonfairSync.members#65.0-1789983753036-kotlin.trap.gz" }
{ "origin": "CodeQL Kotlin extractor", "timestamp": "2026-09-27 14:18:04", "kind": "INFO", "message": "Will write TRAP file /Users/macbook/Octo/static_analysis_codeql_1/codeql-kotlin.db/trap/java/classes/java/util/concurrent/locks/Lock.members/Lock.members#65.0-1789983753036-kotlin.trap.gz" }
{ "origin": "CodeQL Kotlin extractor", "timestamp": "2026-09-27 14:18:04", "kind": "INFO", "message": "Finished writing TRAP file /Users/macbook/Octo/static_analysis_codeql_1/codeql-kotlin.db/trap/java/classes/java/util/concurrent/locks/Lock.members/Lock.members#65.0-1789983753036-kotlin.trap.gz" }
{ "origin": "CodeQL Kotlin extractor", "timestamp": "2026-09-27 14:18:04", "kind": "INFO", "message": "Will write TRAP file /Users/macbook/Octo/static_analysis_codeql_1/codeql-kotlin.db/trap/java/classes/java/lang/module/ModuleReader.members/ModuleReader.members#65.0-1789983753036-kotlin.trap.gz" }
{ "origin": "CodeQL Kotlin extractor", "timestamp": "2026-09-27 14:18:04", "kind": "INFO", "message": "Finished writing TRAP file /Users/macbook/Octo/static_analysis_codeql_1/codeql-kotlin.db/trap/java/classes/java/lang/module/ModuleReader.members/ModuleReader.members#65.0-1789983753036-kotlin.trap.gz" }
{ "origin": "CodeQL Kotlin extractor", "timestamp": "2026-09-27 14:18:04", "kind": "INFO", "message": "Will write TRAP file /Users/macbook/Octo/static_analysis_codeql_1/codeql-kotlin.db/trap/java/classes/java/lang/Process.members/Process.members#65.0-1789983753036-kotlin.trap.gz" }
{ "origin": "CodeQL Kotlin extractor", "timestamp": "2026-09-27 14:18:04", "kind": "INFO", "message": "Finished writing TRAP file /Users/macbook/Octo/static_analysis_codeql_1/codeql-kotlin.db/trap/java/classes/java/lang/Process.members/Process.members#65.0-1789983753036-kotlin.trap.gz" }
{ "origin": "CodeQL Kotlin extractor", "timestamp": "2026-09-27 14:18:04", "kind": "INFO", "message": "Will write TRAP file /Users/macbook/Octo/static_analysis_codeql_1/codeql-kotlin.db/trap/java/classes/sun/reflect/generics/tree/BaseType.members/BaseType.members#65.0-1789983753036-kotlin.trap.gz" }
{ "origin": "CodeQL Kotlin extractor", "timestamp": "2026-09-27 14:18:04", "kind": "INFO", "message": "Finished writing TRAP file /Users/macbook/Octo/static_analysis_codeql_1/codeql-kotlin.db/trap/java/classes/sun/reflect/generics/tree/BaseType.members/BaseType.members#65.0-1789983753036-kotlin.trap.gz" }
{ "origin": "CodeQL Kotlin extractor", "timestamp": "2026-09-27 14:18:04", "kind": "INFO", "message": "Will write TRAP file /Users/macbook/Octo/static_analysis_codeql_1/codeql-kotlin.db/trap/java/classes/sun/reflect/generics/tree/TypeArgument.members/TypeArgument.members#65.0-1789983753036-kotlin.trap.gz" }
{ "origin": "CodeQL Kotlin extractor", "timestamp": "2026-09-27 14:18:04", "kind": "INFO", "message": "Finished writing TRAP file /Users/macbook/Octo/static_analysis_codeql_1/codeql-kotlin.db/trap/java/classes/sun/reflect/generics/tree/TypeArgument.members/TypeArgument.members#65.0-1789983753036-kotlin.trap.gz" }
{ "origin": "CodeQL Kotlin extractor", "timestamp": "2026-09-27 14:18:04", "kind": "INFO", "message": "Will write TRAP file /Users/macbook/Octo/static_analysis_codeql_1/codeql-kotlin.db/trap/java/classes/sun/reflect/generics/tree/TypeTree.members/TypeTree.members#65.0-1789983753036-kotlin.trap.gz" }
{ "origin": "CodeQL Kotlin extractor", "timestamp": "2026-09-27 14:18:04", "kind": "INFO", "message": "Finished writing TRAP file /Users/macbook/Octo/static_analysis_codeql_1/codeql-kotlin.db/trap/java/classes/sun/reflect/generics/tree/TypeTree.members/TypeTree.members#65.0-1789983753036-kotlin.trap.gz" }
{ "origin": "CodeQL Kotlin extractor", "timestamp": "2026-09-27 14:18:04", "kind": "INFO", "message": "Will write TRAP file /Users/macbook/Octo/static_analysis_codeql_1/codeql-kotlin.db/trap/java/classes/sun/reflect/generics/tree/ClassSignature.members/ClassSignature.members#65.0-1789983753036-kotlin.trap.gz" }
{ "origin": "CodeQL Kotlin extractor", "timestamp": "2026-09-27 14:18:04", "kind": "INFO", "message": "Finished writing TRAP file /Users/macbook/Octo/static_analysis_codeql_1/codeql-kotlin.db/trap/java/classes/sun/reflect/generics/tree/ClassSignature.members/ClassSignature.members#65.0-1789983753036-kotlin.trap.gz" }
{ "origin": "CodeQL Kotlin extractor", "timestamp": "2026-09-27 14:18:04", "kind": "INFO", "message": "Will write TRAP file /Users/macbook/Octo/static_analysis_codeql_1/codeql-kotlin.db/trap/java/classes/java/io/ObjectStreamException.members/ObjectStreamException.members#65.0-1789983753036-kotlin.trap.gz" }
{ "origin": "CodeQL Kotlin extractor", "timestamp": "2026-09-27 14:18:04", "kind": "INFO", "message": "Finished writing TRAP file /Users/macbook/Octo/static_analysis_codeql_1/codeql-kotlin.db/trap/java/classes/java/io/ObjectStreamException.members/ObjectStreamException.members#65.0-1789983753036-kotlin.trap.gz" }
{ "origin": "CodeQL Kotlin extractor", "timestamp": "2026-09-27 14:18:04", "kind": "INFO", "message": "Will write TRAP file /Users/macbook/Octo/static_analysis_codeql_1/codeql-kotlin.db/trap/java/classes/jdk/internal/reflect/MagicAccessorImpl.members/MagicAccessorImpl.members#65.0-1789983753036-kotlin.trap.gz" }
{ "origin": "CodeQL Kotlin extractor", "timestamp": "2026-09-27 14:18:04", "kind": "INFO", "message": "Finished writing TRAP file /Users/macbook/Octo/static_analysis_codeql_1/codeql-kotlin.db/trap/java/classes/jdk/internal/reflect/MagicAccessorImpl.members/MagicAccessorImpl.members#65.0-1789983753036-kotlin.trap.gz" }
{ "origin": "CodeQL Kotlin extractor", "timestamp": "2026-09-27 14:18:04", "kind": "INFO", "message": "Will write TRAP file /Users/macbook/Octo/static_analysis_codeql_1/codeql-kotlin.db/trap/java/classes/java/security/Key.members/Key.members#65.0-1789983753036-kotlin.trap.gz" }
{ "origin": "CodeQL Kotlin extractor", "timestamp": "2026-09-27 14:18:04", "kind": "INFO", "message": "Finished writing TRAP file /Users/macbook/Octo/static_analysis_codeql_1/codeql-kotlin.db/trap/java/classes/java/security/Key.members/Key.members#65.0-1789983753036-kotlin.trap.gz" }
{ "origin": "CodeQL Kotlin extractor", "timestamp": "2026-09-27 14:18:04", "kind": "INFO", "message": "Will write TRAP file /Users/macbook/Octo/static_analysis_codeql_1/codeql-kotlin.db/trap/java/classes/java/security/Provider$Service.members/Provider$Service.members#65.0-1789983753036-kotlin.trap.gz" }
{ "origin": "CodeQL Kotlin extractor", "timestamp": "2026-09-27 14:18:04", "kind": "INFO", "message": "Finished writing TRAP file /Users/macbook/Octo/static_analysis_codeql_1/codeql-kotlin.db/trap/java/classes/java/security/Provider$Service.members/Provider$Service.members#65.0-1789983753036-kotlin.trap.gz" }
{ "origin": "CodeQL Kotlin extractor", "timestamp": "2026-09-27 14:18:04", "kind": "INFO", "message": "Skipping extracting external decl Properties" }
{ "origin": "CodeQL Kotlin extractor", "timestamp": "2026-09-27 14:18:04", "kind": "INFO", "message": "Will write TRAP file /Users/macbook/Octo/static_analysis_codeql_1/codeql-kotlin.db/trap/java/classes/java/security/cert/CertPath$CertPathRep.members/CertPath$CertPathRep.members#65.0-1789983753036-kotlin.trap.gz" }
{ "origin": "CodeQL Kotlin extractor", "timestamp": "2026-09-27 14:18:04", "kind": "INFO", "message": "Finished writing TRAP file /Users/macbook/Octo/static_analysis_codeql_1/codeql-kotlin.db/trap/java/classes/java/security/cert/CertPath$CertPathRep.members/CertPath$CertPathRep.members#65.0-1789983753036-kotlin.trap.gz" }
{ "origin": "CodeQL Kotlin extractor", "timestamp": "2026-09-27 14:18:04", "kind": "INFO", "message": "Skipping extracting external decl Date" }
{ "origin": "CodeQL Kotlin extractor", "timestamp": "2026-09-27 14:18:04", "kind": "INFO", "message": "Will write TRAP file /Users/macbook/Octo/static_analysis_codeql_1/codeql-kotlin.db/trap/java/classes/javax/security/auth/AuthPermission.members/AuthPermission.members#65.0-1789983753036-kotlin.trap.gz" }
{ "origin": "CodeQL Kotlin extractor", "timestamp": "2026-09-27 14:18:04", "kind": "INFO", "message": "Finished writing TRAP file /Users/macbook/Octo/static_analysis_codeql_1/codeql-kotlin.db/trap/java/classes/javax/security/auth/AuthPermission.members/AuthPermission.members#65.0-1789983753036-kotlin.trap.gz" }
{ "origin": "CodeQL Kotlin extractor", "timestamp": "2026-09-27 14:18:04", "kind": "INFO", "message": "Will write TRAP file /Users/macbook/Octo/static_analysis_codeql_1/codeql-kotlin.db/trap/java/classes/java/lang/invoke/DelegatingMethodHandle.members/DelegatingMethodHandle.members#65.0-1789983753036-kotlin.trap.gz" }
{ "origin": "CodeQL Kotlin extractor", "timestamp": "2026-09-27 14:18:04", "kind": "INFO", "message": "Finished writing TRAP file /Users/macbook/Octo/static_analysis_codeql_1/codeql-kotlin.db/trap/java/classes/java/lang/invoke/DelegatingMethodHandle.members/DelegatingMethodHandle.members#65.0-1789983753036-kotlin.trap.gz" }
{ "origin": "CodeQL Kotlin extractor", "timestamp": "2026-09-27 14:18:04", "kind": "INFO", "message": "Will write TRAP file /Users/macbook/Octo/static_analysis_codeql_1/codeql-kotlin.db/trap/java/classes/java/lang/VirtualMachineError.members/VirtualMachineError.members#65.0-1789983753036-kotlin.trap.gz" }
{ "origin": "CodeQL Kotlin extractor", "timestamp": "2026-09-27 14:18:04", "kind": "INFO", "message": "Finished writing TRAP file /Users/macbook/Octo/static_analysis_codeql_1/codeql-kotlin.db/trap/java/classes/java/lang/VirtualMachineError.members/VirtualMachineError.members#65.0-1789983753036-kotlin.trap.gz" }
{ "origin": "CodeQL Kotlin extractor", "timestamp": "2026-09-27 14:18:04", "kind": "INFO", "message": "Skipping extracting external decl AtomicInteger" }
{ "origin": "CodeQL Kotlin extractor", "timestamp": "2026-09-27 14:18:04", "kind": "INFO", "message": "Skipping extracting external decl ThreadContainer" }
{ "origin": "CodeQL Kotlin extractor", "timestamp": "2026-09-27 14:18:04", "kind": "INFO", "message": "Will write TRAP file /Users/macbook/Octo/static_analysis_codeql_1/codeql-kotlin.db/trap/java/classes/java/util/concurrent/ForkJoinWorkerThread$InnocuousForkJoinWorkerThread.members/ForkJoinWorkerThread$InnocuousForkJoinWorkerThread.members#65.0-1789983753036-kotlin.trap.gz" }
{ "origin": "CodeQL Kotlin extractor", "timestamp": "2026-09-27 14:18:04", "kind": "INFO", "message": "Finished writing TRAP file /Users/macbook/Octo/static_analysis_codeql_1/codeql-kotlin.db/trap/java/classes/java/util/concurrent/ForkJoinWorkerThread$InnocuousForkJoinWorkerThread.members/ForkJoinWorkerThread$InnocuousForkJoinWorkerThread.members#65.0-1789983753036-kotlin.trap.gz" }
{ "origin": "CodeQL Kotlin extractor", "timestamp": "2026-09-27 14:18:04", "kind": "INFO", "message": "Skipping extracting external decl BasicPermission" }
{ "origin": "CodeQL Kotlin extractor", "timestamp": "2026-09-27 14:18:04", "kind": "INFO", "message": "Skipping extracting external decl ExecutorService" }
{ "origin": "CodeQL Kotlin extractor", "timestamp": "2026-09-27 14:18:04", "kind": "INFO", "message": "Skipping extracting external decl ReservedStackAccess" }
{ "origin": "CodeQL Kotlin extractor", "timestamp": "2026-09-27 14:18:04", "kind": "INFO", "message": "Will write TRAP file /Users/macbook/Octo/static_analysis_codeql_1/codeql-kotlin.db/trap/java/classes/java/util/concurrent/locks/AbstractQueuedSynchronizer$ConditionObject.members/AbstractQueuedSynchronizer$ConditionObject.members#65.0-1789983753036-kotlin.trap.gz" }
{ "origin": "CodeQL Kotlin extractor", "timestamp": "2026-09-27 14:18:04", "kind": "INFO", "message": "Finished writing TRAP file /Users/macbook/Octo/static_analysis_codeql_1/codeql-kotlin.db/trap/java/classes/java/util/concurrent/locks/AbstractQueuedSynchronizer$ConditionObject.members/AbstractQueuedSynchronizer$ConditionObject.members#65.0-1789983753036-kotlin.trap.gz" }
{ "origin": "CodeQL Kotlin extractor", "timestamp": "2026-09-27 14:18:04", "kind": "INFO", "message": "Will write TRAP file /Users/macbook/Octo/static_analysis_codeql_1/codeql-kotlin.db/trap/java/classes/java/util/concurrent/locks/AbstractQueuedSynchronizer.members/AbstractQueuedSynchronizer.members#65.0-1789983753036-kotlin.trap.gz" }
{ "origin": "CodeQL Kotlin extractor", "timestamp": "2026-09-27 14:18:04", "kind": "INFO", "message": "Finished writing TRAP file /Users/macbook/Octo/static_analysis_codeql_1/codeql-kotlin.db/trap/java/classes/java/util/concurrent/locks/AbstractQueuedSynchronizer.members/AbstractQueuedSynchronizer.members#65.0-1789983753036-kotlin.trap.gz" }
{ "origin": "CodeQL Kotlin extractor", "timestamp": "2026-09-27 14:18:04", "kind": "INFO", "message": "Will write TRAP file /Users/macbook/Octo/static_analysis_codeql_1/codeql-kotlin.db/trap/java/classes/java/lang/Process$PipeInputStream.members/Process$PipeInputStream.members#65.0-1789983753036-kotlin.trap.gz" }
{ "origin": "CodeQL Kotlin extractor", "timestamp": "2026-09-27 14:18:04", "kind": "INFO", "message": "Finished writing TRAP file /Users/macbook/Octo/static_analysis_codeql_1/codeql-kotlin.db/trap/java/classes/java/lang/Process$PipeInputStream.members/Process$PipeInputStream.members#65.0-1789983753036-kotlin.trap.gz" }
{ "origin": "CodeQL Kotlin extractor", "timestamp": "2026-09-27 14:18:04", "kind": "INFO", "message": "Will write TRAP file /Users/macbook/Octo/static_analysis_codeql_1/codeql-kotlin.db/trap/java/classes/java/io/BufferedWriter.members/BufferedWriter.members#65.0-1789983753036-kotlin.trap.gz" }
{ "origin": "CodeQL Kotlin extractor", "timestamp": "2026-09-27 14:18:04", "kind": "INFO", "message": "Finished writing TRAP file /Users/macbook/Octo/static_analysis_codeql_1/codeql-kotlin.db/trap/java/classes/java/io/BufferedWriter.members/BufferedWriter.members#65.0-1789983753036-kotlin.trap.gz" }
{ "origin": "CodeQL Kotlin extractor", "timestamp": "2026-09-27 14:18:04", "kind": "INFO", "message": "Will write TRAP file /Users/macbook/Octo/static_analysis_codeql_1/codeql-kotlin.db/trap/java/classes/java/io/BufferedReader.members/BufferedReader.members#65.0-1789983753036-kotlin.trap.gz" }
{ "origin": "CodeQL Kotlin extractor", "timestamp": "2026-09-27 14:18:04", "kind": "INFO", "message": "Finished writing TRAP file /Users/macbook/Octo/static_analysis_codeql_1/codeql-kotlin.db/trap/java/classes/java/io/BufferedReader.members/BufferedReader.members#65.0-1789983753036-kotlin.trap.gz" }
{ "origin": "CodeQL Kotlin extractor", "timestamp": "2026-09-27 14:18:04", "kind": "INFO", "message": "Will write TRAP file /Users/macbook/Octo/static_analysis_codeql_1/codeql-kotlin.db/trap/java/classes/java/util/concurrent/CompletableFuture.members/CompletableFuture.members#65.0-1789983753036-kotlin.trap.gz" }
{ "origin": "CodeQL Kotlin extractor", "timestamp": "2026-09-27 14:18:04", "kind": "INFO", "message": "Finished writing TRAP file /Users/macbook/Octo/static_analysis_codeql_1/codeql-kotlin.db/trap/java/classes/java/util/concurrent/CompletableFuture.members/CompletableFuture.members#65.0-1789983753036-kotlin.trap.gz" }
{ "origin": "CodeQL Kotlin extractor", "timestamp": "2026-09-27 14:18:04", "kind": "INFO", "message": "Will write TRAP file /Users/macbook/Octo/static_analysis_codeql_1/codeql-kotlin.db/trap/java/classes/java/util/concurrent/CompletionStage.members/CompletionStage.members#65.0-1789983753036-kotlin.trap.gz" }
{ "origin": "CodeQL Kotlin extractor", "timestamp": "2026-09-27 14:18:04", "kind": "INFO", "message": "Finished writing TRAP file /Users/macbook/Octo/static_analysis_codeql_1/codeql-kotlin.db/trap/java/classes/java/util/concurrent/CompletionStage.members/CompletionStage.members#65.0-1789983753036-kotlin.trap.gz" }
{ "origin": "CodeQL Kotlin extractor", "timestamp": "2026-09-27 14:18:04", "kind": "INFO", "message": "Will write TRAP file /Users/macbook/Octo/static_analysis_codeql_1/codeql-kotlin.db/trap/java/classes/java/lang/ProcessHandle.members/ProcessHandle.members#65.0-1789983753036-kotlin.trap.gz" }
{ "origin": "CodeQL Kotlin extractor", "timestamp": "2026-09-27 14:18:04", "kind": "INFO", "message": "Finished writing TRAP file /Users/macbook/Octo/static_analysis_codeql_1/codeql-kotlin.db/trap/java/classes/java/lang/ProcessHandle.members/ProcessHandle.members#65.0-1789983753036-kotlin.trap.gz" }
{ "origin": "CodeQL Kotlin extractor", "timestamp": "2026-09-27 14:18:04", "kind": "INFO", "message": "Will write TRAP file /Users/macbook/Octo/static_analysis_codeql_1/codeql-kotlin.db/trap/java/classes/java/lang/ProcessHandle$Info.members/ProcessHandle$Info.members#65.0-1789983753036-kotlin.trap.gz" }
{ "origin": "CodeQL Kotlin extractor", "timestamp": "2026-09-27 14:18:04", "kind": "INFO", "message": "Finished writing TRAP file /Users/macbook/Octo/static_analysis_codeql_1/codeql-kotlin.db/trap/java/classes/java/lang/ProcessHandle$Info.members/ProcessHandle$Info.members#65.0-1789983753036-kotlin.trap.gz" }
{ "origin": "CodeQL Kotlin extractor", "timestamp": "2026-09-27 14:18:04", "kind": "INFO", "message": "Will write TRAP file /Users/macbook/Octo/static_analysis_codeql_1/codeql-kotlin.db/trap/java/classes/java/io/IOException.members/IOException.members#65.0-1789983753036-kotlin.trap.gz" }
{ "origin": "CodeQL Kotlin extractor", "timestamp": "2026-09-27 14:18:04", "kind": "INFO", "message": "Finished writing TRAP file /Users/macbook/Octo/static_analysis_codeql_1/codeql-kotlin.db/trap/java/classes/java/io/IOException.members/IOException.members#65.0-1789983753036-kotlin.trap.gz" }
{ "origin": "CodeQL Kotlin extractor", "timestamp": "2026-09-27 14:18:04", "kind": "INFO", "message": "Skipping extracting external decl Error" }
{ "origin": "CodeQL Kotlin extractor", "timestamp": "2026-09-27 14:18:04", "kind": "INFO", "message": "Will write TRAP file /Users/macbook/Octo/static_analysis_codeql_1/codeql-kotlin.db/trap/java/classes/java/util/concurrent/locks/AbstractQueuedSynchronizer$Node.members/AbstractQueuedSynchronizer$Node.members#65.0-1789983753036-kotlin.trap.gz" }
{ "origin": "CodeQL Kotlin extractor", "timestamp": "2026-09-27 14:18:04", "kind": "INFO", "message": "Finished writing TRAP file /Users/macbook/Octo/static_analysis_codeql_1/codeql-kotlin.db/trap/java/classes/java/util/concurrent/locks/AbstractQueuedSynchronizer$Node.members/AbstractQueuedSynchronizer$Node.members#65.0-1789983753036-kotlin.trap.gz" }
{ "origin": "CodeQL Kotlin extractor", "timestamp": "2026-09-27 14:18:04", "kind": "INFO", "message": "Will write TRAP file /Users/macbook/Octo/static_analysis_codeql_1/codeql-kotlin.db/trap/java/classes/java/util/concurrent/locks/AbstractQueuedSynchronizer$ConditionNode.members/AbstractQueuedSynchronizer$ConditionNode.members#65.0-1789983753036-kotlin.trap.gz" }
{ "origin": "CodeQL Kotlin extractor", "timestamp": "2026-09-27 14:18:04", "kind": "INFO", "message": "Finished writing TRAP file /Users/macbook/Octo/static_analysis_codeql_1/codeql-kotlin.db/trap/java/classes/java/util/concurrent/locks/AbstractQueuedSynchronizer$ConditionNode.members/AbstractQueuedSynchronizer$ConditionNode.members#65.0-1789983753036-kotlin.trap.gz" }
{ "origin": "CodeQL Kotlin extractor", "timestamp": "2026-09-27 14:18:04", "kind": "INFO", "message": "Will write TRAP file /Users/macbook/Octo/static_analysis_codeql_1/codeql-kotlin.db/trap/java/classes/java/util/concurrent/locks/AbstractQueuedSynchronizer$SharedNode.members/AbstractQueuedSynchronizer$SharedNode.members#65.0-1789983753036-kotlin.trap.gz" }
{ "origin": "CodeQL Kotlin extractor", "timestamp": "2026-09-27 14:18:04", "kind": "INFO", "message": "Finished writing TRAP file /Users/macbook/Octo/static_analysis_codeql_1/codeql-kotlin.db/trap/java/classes/java/util/concurrent/locks/AbstractQueuedSynchronizer$SharedNode.members/AbstractQueuedSynchronizer$SharedNode.members#65.0-1789983753036-kotlin.trap.gz" }
{ "origin": "CodeQL Kotlin extractor", "timestamp": "2026-09-27 14:18:04", "kind": "INFO", "message": "Will write TRAP file /Users/macbook/Octo/static_analysis_codeql_1/codeql-kotlin.db/trap/java/classes/java/util/concurrent/locks/AbstractQueuedSynchronizer$ExclusiveNode.members/AbstractQueuedSynchronizer$ExclusiveNode.members#65.0-1789983753036-kotlin.trap.gz" }
{ "origin": "CodeQL Kotlin extractor", "timestamp": "2026-09-27 14:18:04", "kind": "INFO", "message": "Finished writing TRAP file /Users/macbook/Octo/static_analysis_codeql_1/codeql-kotlin.db/trap/java/classes/java/util/concurrent/locks/AbstractQueuedSynchronizer$ExclusiveNode.members/AbstractQueuedSynchronizer$ExclusiveNode.members#65.0-1789983753036-kotlin.trap.gz" }
{ "origin": "CodeQL Kotlin extractor", "timestamp": "2026-09-27 14:18:04", "kind": "INFO", "message": "Will write TRAP file /Users/macbook/Octo/static_analysis_codeql_1/codeql-kotlin.db/trap/java/classes/java/util/concurrent/locks/AbstractOwnableSynchronizer.members/AbstractOwnableSynchronizer.members#65.0-1789983753036-kotlin.trap.gz" }
{ "origin": "CodeQL Kotlin extractor", "timestamp": "2026-09-27 14:18:04", "kind": "INFO", "message": "Finished writing TRAP file /Users/macbook/Octo/static_analysis_codeql_1/codeql-kotlin.db/trap/java/classes/java/util/concurrent/locks/AbstractOwnableSynchronizer.members/AbstractOwnableSynchronizer.members#65.0-1789983753036-kotlin.trap.gz" }
{ "origin": "CodeQL Kotlin extractor", "timestamp": "2026-09-27 14:18:04", "kind": "INFO", "message": "Skipping extracting external decl FileDescriptor" }
{ "origin": "CodeQL Kotlin extractor", "timestamp": "2026-09-27 14:18:04", "kind": "INFO", "message": "Will write TRAP file /Users/macbook/Octo/static_analysis_codeql_1/codeql-kotlin.db/trap/java/classes/java/io/FileInputStream.members/FileInputStream.members#65.0-1789983753036-kotlin.trap.gz" }
{ "origin": "CodeQL Kotlin extractor", "timestamp": "2026-09-27 14:18:04", "kind": "INFO", "message": "Finished writing TRAP file /Users/macbook/Octo/static_analysis_codeql_1/codeql-kotlin.db/trap/java/classes/java/io/FileInputStream.members/FileInputStream.members#65.0-1789983753036-kotlin.trap.gz" }
{ "origin": "CodeQL Kotlin extractor", "timestamp": "2026-09-27 14:18:04", "kind": "INFO", "message": "Skipping extracting external decl Writer" }
{ "origin": "CodeQL Kotlin extractor", "timestamp": "2026-09-27 14:18:04", "kind": "INFO", "message": "Skipping extracting external decl Reader" }
{ "origin": "CodeQL Kotlin extractor", "timestamp": "2026-09-27 14:18:04", "kind": "INFO", "message": "Will write TRAP file /Users/macbook/Octo/static_analysis_codeql_1/codeql-kotlin.db/trap/java/classes/java/util/concurrent/CompletableFuture$BiCompletion.members/CompletableFuture$BiCompletion.members#65.0-1789983753036-kotlin.trap.gz" }
{ "origin": "CodeQL Kotlin extractor", "timestamp": "2026-09-27 14:18:04", "kind": "INFO", "message": "Finished writing TRAP file /Users/macbook/Octo/static_analysis_codeql_1/codeql-kotlin.db/trap/java/classes/java/util/concurrent/CompletableFuture$BiCompletion.members/CompletableFuture$BiCompletion.members#65.0-1789983753036-kotlin.trap.gz" }
{ "origin": "CodeQL Kotlin extractor", "timestamp": "2026-09-27 14:18:04", "kind": "INFO", "message": "Will write TRAP file /Users/macbook/Octo/static_analysis_codeql_1/codeql-kotlin.db/trap/java/classes/java/util/concurrent/CompletableFuture$OrApply.members/CompletableFuture$OrApply.members#65.0-1789983753036-kotlin.trap.gz" }
{ "origin": "CodeQL Kotlin extractor", "timestamp": "2026-09-27 14:18:04", "kind": "INFO", "message": "Finished writing TRAP file /Users/macbook/Octo/static_analysis_codeql_1/codeql-kotlin.db/trap/java/classes/java/util/concurrent/CompletableFuture$OrApply.members/CompletableFuture$OrApply.members#65.0-1789983753036-kotlin.trap.gz" }
{ "origin": "CodeQL Kotlin extractor", "timestamp": "2026-09-27 14:18:04", "kind": "INFO", "message": "Will write TRAP file /Users/macbook/Octo/static_analysis_codeql_1/codeql-kotlin.db/trap/java/classes/java/util/concurrent/CompletableFuture$TaskSubmitter.members/CompletableFuture$TaskSubmitter.members#65.0-1789983753036-kotlin.trap.gz" }
{ "origin": "CodeQL Kotlin extractor", "timestamp": "2026-09-27 14:18:04", "kind": "INFO", "message": "Finished writing TRAP file /Users/macbook/Octo/static_analysis_codeql_1/codeql-kotlin.db/trap/java/classes/java/util/concurrent/CompletableFuture$TaskSubmitter.members/CompletableFuture$TaskSubmitter.members#65.0-1789983753036-kotlin.trap.gz" }
{ "origin": "CodeQL Kotlin extractor", "timestamp": "2026-09-27 14:18:04", "kind": "INFO", "message": "Will write TRAP file /Users/macbook/Octo/static_analysis_codeql_1/codeql-kotlin.db/trap/java/classes/java/util/concurrent/CompletableFuture$AsyncRun.members/CompletableFuture$AsyncRun.members#65.0-1789983753036-kotlin.trap.gz" }
{ "origin": "CodeQL Kotlin extractor", "timestamp": "2026-09-27 14:18:04", "kind": "INFO", "message": "Finished writing TRAP file /Users/macbook/Octo/static_analysis_codeql_1/codeql-kotlin.db/trap/java/classes/java/util/concurrent/CompletableFuture$AsyncRun.members/CompletableFuture$AsyncRun.members#65.0-1789983753036-kotlin.trap.gz" }
{ "origin": "CodeQL Kotlin extractor", "timestamp": "2026-09-27 14:18:04", "kind": "INFO", "message": "Will write TRAP file /Users/macbook/Octo/static_analysis_codeql_1/codeql-kotlin.db/trap/java/classes/java/util/concurrent/CompletableFuture$UniRun.members/CompletableFuture$UniRun.members#65.0-1789983753036-kotlin.trap.gz" }
{ "origin": "CodeQL Kotlin extractor", "timestamp": "2026-09-27 14:18:04", "kind": "INFO", "message": "Finished writing TRAP file /Users/macbook/Octo/static_analysis_codeql_1/codeql-kotlin.db/trap/java/classes/java/util/concurrent/CompletableFuture$UniRun.members/CompletableFuture$UniRun.members#65.0-1789983753036-kotlin.trap.gz" }
{ "origin": "CodeQL Kotlin extractor", "timestamp": "2026-09-27 14:18:04", "kind": "INFO", "message": "Will write TRAP file /Users/macbook/Octo/static_analysis_codeql_1/codeql-kotlin.db/trap/java/classes/java/util/concurrent/CompletableFuture$DelayedCompleter.members/CompletableFuture$DelayedCompleter.members#65.0-1789983753036-kotlin.trap.gz" }
{ "origin": "CodeQL Kotlin extractor", "timestamp": "2026-09-27 14:18:04", "kind": "INFO", "message": "Finished writing TRAP file /Users/macbook/Octo/static_analysis_codeql_1/codeql-kotlin.db/trap/java/classes/java/util/concurrent/CompletableFuture$DelayedCompleter.members/CompletableFuture$DelayedCompleter.members#65.0-1789983753036-kotlin.trap.gz" }
{ "origin": "CodeQL Kotlin extractor", "timestamp": "2026-09-27 14:18:04", "kind": "INFO", "message": "Will write TRAP file /Users/macbook/Octo/static_analysis_codeql_1/codeql-kotlin.db/trap/java/classes/java/util/concurrent/CompletableFuture$Canceller.members/CompletableFuture$Canceller.members#65.0-1789983753036-kotlin.trap.gz" }
{ "origin": "CodeQL Kotlin extractor", "timestamp": "2026-09-27 14:18:04", "kind": "INFO", "message": "Finished writing TRAP file /Users/macbook/Octo/static_analysis_codeql_1/codeql-kotlin.db/trap/java/classes/java/util/concurrent/CompletableFuture$Canceller.members/CompletableFuture$Canceller.members#65.0-1789983753036-kotlin.trap.gz" }
{ "origin": "CodeQL Kotlin extractor", "timestamp": "2026-09-27 14:18:04", "kind": "INFO", "message": "Will write TRAP file /Users/macbook/Octo/static_analysis_codeql_1/codeql-kotlin.db/trap/java/classes/java/util/concurrent/CompletableFuture$UniExceptionally.members/CompletableFuture$UniExceptionally.members#65.0-1789983753036-kotlin.trap.gz" }
{ "origin": "CodeQL Kotlin extractor", "timestamp": "2026-09-27 14:18:04", "kind": "INFO", "message": "Finished writing TRAP file /Users/macbook/Octo/static_analysis_codeql_1/codeql-kotlin.db/trap/java/classes/java/util/concurrent/CompletableFuture$UniExceptionally.members/CompletableFuture$UniExceptionally.members#65.0-1789983753036-kotlin.trap.gz" }
{ "origin": "CodeQL Kotlin extractor", "timestamp": "2026-09-27 14:18:04", "kind": "INFO", "message": "Will write TRAP file /Users/macbook/Octo/static_analysis_codeql_1/codeql-kotlin.db/trap/java/classes/java/util/concurrent/CompletableFuture$OrAccept.members/CompletableFuture$OrAccept.members#65.0-1789983753036-kotlin.trap.gz" }
{ "origin": "CodeQL Kotlin extractor", "timestamp": "2026-09-27 14:18:04", "kind": "INFO", "message": "Finished writing TRAP file /Users/macbook/Octo/static_analysis_codeql_1/codeql-kotlin.db/trap/java/classes/java/util/concurrent/CompletableFuture$OrAccept.members/CompletableFuture$OrAccept.members#65.0-1789983753036-kotlin.trap.gz" }
{ "origin": "CodeQL Kotlin extractor", "timestamp": "2026-09-27 14:18:04", "kind": "INFO", "message": "Will write TRAP file /Users/macbook/Octo/static_analysis_codeql_1/codeql-kotlin.db/trap/java/classes/java/util/concurrent/CompletableFuture$UniComposeExceptionally.members/CompletableFuture$UniComposeExceptionally.members#65.0-1789983753036-kotlin.trap.gz" }
{ "origin": "CodeQL Kotlin extractor", "timestamp": "2026-09-27 14:18:04", "kind": "INFO", "message": "Finished writing TRAP file /Users/macbook/Octo/static_analysis_codeql_1/codeql-kotlin.db/trap/java/classes/java/util/concurrent/CompletableFuture$UniComposeExceptionally.members/CompletableFuture$UniComposeExceptionally.members#65.0-1789983753036-kotlin.trap.gz" }
{ "origin": "CodeQL Kotlin extractor", "timestamp": "2026-09-27 14:18:04", "kind": "INFO", "message": "Will write TRAP file /Users/macbook/Octo/static_analysis_codeql_1/codeql-kotlin.db/trap/java/classes/java/util/concurrent/CompletableFuture$UniAccept.members/CompletableFuture$UniAccept.members#65.0-1789983753036-kotlin.trap.gz" }
{ "origin": "CodeQL Kotlin extractor", "timestamp": "2026-09-27 14:18:04", "kind": "INFO", "message": "Finished writing TRAP file /Users/macbook/Octo/static_analysis_codeql_1/codeql-kotlin.db/trap/java/classes/java/util/concurrent/CompletableFuture$UniAccept.members/CompletableFuture$UniAccept.members#65.0-1789983753036-kotlin.trap.gz" }
{ "origin": "CodeQL Kotlin extractor", "timestamp": "2026-09-27 14:18:04", "kind": "INFO", "message": "Will write TRAP file /Users/macbook/Octo/static_analysis_codeql_1/codeql-kotlin.db/trap/java/classes/java/util/concurrent/CompletableFuture$DelayedExecutor.members/CompletableFuture$DelayedExecutor.members#65.0-1789983753036-kotlin.trap.gz" }
{ "origin": "CodeQL Kotlin extractor", "timestamp": "2026-09-27 14:18:04", "kind": "INFO", "message": "Finished writing TRAP file /Users/macbook/Octo/static_analysis_codeql_1/codeql-kotlin.db/trap/java/classes/java/util/concurrent/CompletableFuture$DelayedExecutor.members/CompletableFuture$DelayedExecutor.members#65.0-1789983753036-kotlin.trap.gz" }
{ "origin": "CodeQL Kotlin extractor", "timestamp": "2026-09-27 14:18:04", "kind": "INFO", "message": "Will write TRAP file /Users/macbook/Octo/static_analysis_codeql_1/codeql-kotlin.db/trap/java/classes/java/util/concurrent/CompletableFuture$Signaller.members/CompletableFuture$Signaller.members#65.0-1789983753036-kotlin.trap.gz" }
{ "origin": "CodeQL Kotlin extractor", "timestamp": "2026-09-27 14:18:04", "kind": "INFO", "message": "Finished writing TRAP file /Users/macbook/Octo/static_analysis_codeql_1/codeql-kotlin.db/trap/java/classes/java/util/concurrent/CompletableFuture$Signaller.members/CompletableFuture$Signaller.members#65.0-1789983753036-kotlin.trap.gz" }
{ "origin": "CodeQL Kotlin extractor", "timestamp": "2026-09-27 14:18:04", "kind": "INFO", "message": "Will write TRAP file /Users/macbook/Octo/static_analysis_codeql_1/codeql-kotlin.db/trap/java/classes/java/util/concurrent/CompletableFuture$UniRelay.members/CompletableFuture$UniRelay.members#65.0-1789983753036-kotlin.trap.gz" }
{ "origin": "CodeQL Kotlin extractor", "timestamp": "2026-09-27 14:18:04", "kind": "INFO", "message": "Finished writing TRAP file /Users/macbook/Octo/static_analysis_codeql_1/codeql-kotlin.db/trap/java/classes/java/util/concurrent/CompletableFuture$UniRelay.members/CompletableFuture$UniRelay.members#65.0-1789983753036-kotlin.trap.gz" }
{ "origin": "CodeQL Kotlin extractor", "timestamp": "2026-09-27 14:18:04", "kind": "INFO", "message": "Will write TRAP file /Users/macbook/Octo/static_analysis_codeql_1/codeql-kotlin.db/trap/java/classes/java/util/concurrent/CompletableFuture$Delayer.members/CompletableFuture$Delayer.members#65.0-1789983753036-kotlin.trap.gz" }
{ "origin": "CodeQL Kotlin extractor", "timestamp": "2026-09-27 14:18:04", "kind": "INFO", "message": "Finished writing TRAP file /Users/macbook/Octo/static_analysis_codeql_1/codeql-kotlin.db/trap/java/classes/java/util/concurrent/CompletableFuture$Delayer.members/CompletableFuture$Delayer.members#65.0-1789983753036-kotlin.trap.gz" }
{ "origin": "CodeQL Kotlin extractor", "timestamp": "2026-09-27 14:18:04", "kind": "INFO", "message": "Will write TRAP file /Users/macbook/Octo/static_analysis_codeql_1/codeql-kotlin.db/trap/java/classes/java/util/concurrent/CompletableFuture$BiRelay.members/CompletableFuture$BiRelay.members#65.0-1789983753036-kotlin.trap.gz" }
{ "origin": "CodeQL Kotlin extractor", "timestamp": "2026-09-27 14:18:04", "kind": "INFO", "message": "Finished writing TRAP file /Users/macbook/Octo/static_analysis_codeql_1/codeql-kotlin.db/trap/java/classes/java/util/concurrent/CompletableFuture$BiRelay.members/CompletableFuture$BiRelay.members#65.0-1789983753036-kotlin.trap.gz" }
{ "origin": "CodeQL Kotlin extractor", "timestamp": "2026-09-27 14:18:04", "kind": "INFO", "message": "Will write TRAP file /Users/macbook/Octo/static_analysis_codeql_1/codeql-kotlin.db/trap/java/classes/java/util/concurrent/CompletableFuture$UniWhenComplete.members/CompletableFuture$UniWhenComplete.members#65.0-1789983753036-kotlin.trap.gz" }
{ "origin": "CodeQL Kotlin extractor", "timestamp": "2026-09-27 14:18:04", "kind": "INFO", "message": "Finished writing TRAP file /Users/macbook/Octo/static_analysis_codeql_1/codeql-kotlin.db/trap/java/classes/java/util/concurrent/CompletableFuture$UniWhenComplete.members/CompletableFuture$UniWhenComplete.members#65.0-1789983753036-kotlin.trap.gz" }
{ "origin": "CodeQL Kotlin extractor", "timestamp": "2026-09-27 14:18:04", "kind": "INFO", "message": "Will write TRAP file /Users/macbook/Octo/static_analysis_codeql_1/codeql-kotlin.db/trap/java/classes/java/util/concurrent/CompletableFuture$AltResult.members/CompletableFuture$AltResult.members#65.0-1789983753036-kotlin.trap.gz" }
{ "origin": "CodeQL Kotlin extractor", "timestamp": "2026-09-27 14:18:04", "kind": "INFO", "message": "Finished writing TRAP file /Users/macbook/Octo/static_analysis_codeql_1/codeql-kotlin.db/trap/java/classes/java/util/concurrent/CompletableFuture$AltResult.members/CompletableFuture$AltResult.members#65.0-1789983753036-kotlin.trap.gz" }
{ "origin": "CodeQL Kotlin extractor", "timestamp": "2026-09-27 14:18:04", "kind": "INFO", "message": "Will write TRAP file /Users/macbook/Octo/static_analysis_codeql_1/codeql-kotlin.db/trap/java/classes/java/util/concurrent/CompletableFuture$AsynchronousCompletionTask.members/CompletableFuture$AsynchronousCompletionTask.members#65.0-1789983753036-kotlin.trap.gz" }
{ "origin": "CodeQL Kotlin extractor", "timestamp": "2026-09-27 14:18:04", "kind": "INFO", "message": "Finished writing TRAP file /Users/macbook/Octo/static_analysis_codeql_1/codeql-kotlin.db/trap/java/classes/java/util/concurrent/CompletableFuture$AsynchronousCompletionTask.members/CompletableFuture$AsynchronousCompletionTask.members#65.0-1789983753036-kotlin.trap.gz" }
{ "origin": "CodeQL Kotlin extractor", "timestamp": "2026-09-27 14:18:04", "kind": "INFO", "message": "Will write TRAP file /Users/macbook/Octo/static_analysis_codeql_1/codeql-kotlin.db/trap/java/classes/java/util/concurrent/CompletableFuture$Timeout.members/CompletableFuture$Timeout.members#65.0-1789983753036-kotlin.trap.gz" }
{ "origin": "CodeQL Kotlin extractor", "timestamp": "2026-09-27 14:18:04", "kind": "INFO", "message": "Finished writing TRAP file /Users/macbook/Octo/static_analysis_codeql_1/codeql-kotlin.db/trap/java/classes/java/util/concurrent/CompletableFuture$Timeout.members/CompletableFuture$Timeout.members#65.0-1789983753036-kotlin.trap.gz" }
{ "origin": "CodeQL Kotlin extractor", "timestamp": "2026-09-27 14:18:04", "kind": "INFO", "message": "Will write TRAP file /Users/macbook/Octo/static_analysis_codeql_1/codeql-kotlin.db/trap/java/classes/java/util/concurrent/CompletableFuture$CoCompletion.members/CompletableFuture$CoCompletion.members#65.0-1789983753036-kotlin.trap.gz" }
{ "origin": "CodeQL Kotlin extractor", "timestamp": "2026-09-27 14:18:04", "kind": "INFO", "message": "Finished writing TRAP file /Users/macbook/Octo/static_analysis_codeql_1/codeql-kotlin.db/trap/java/classes/java/util/concurrent/CompletableFuture$CoCompletion.members/CompletableFuture$CoCompletion.members#65.0-1789983753036-kotlin.trap.gz" }
{ "origin": "CodeQL Kotlin extractor", "timestamp": "2026-09-27 14:18:04", "kind": "INFO", "message": "Will write TRAP file /Users/macbook/Octo/static_analysis_codeql_1/codeql-kotlin.db/trap/java/classes/java/util/concurrent/CompletableFuture$UniCompletion.members/CompletableFuture$UniCompletion.members#65.0-1789983753036-kotlin.trap.gz" }
{ "origin": "CodeQL Kotlin extractor", "timestamp": "2026-09-27 14:18:04", "kind": "INFO", "message": "Finished writing TRAP file /Users/macbook/Octo/static_analysis_codeql_1/codeql-kotlin.db/trap/java/classes/java/util/concurrent/CompletableFuture$UniCompletion.members/CompletableFuture$UniCompletion.members#65.0-1789983753036-kotlin.trap.gz" }
{ "origin": "CodeQL Kotlin extractor", "timestamp": "2026-09-27 14:18:04", "kind": "INFO", "message": "Will write TRAP file /Users/macbook/Octo/static_analysis_codeql_1/codeql-kotlin.db/trap/java/classes/java/util/concurrent/CompletableFuture$AsyncSupply.members/CompletableFuture$AsyncSupply.members#65.0-1789983753036-kotlin.trap.gz" }
{ "origin": "CodeQL Kotlin extractor", "timestamp": "2026-09-27 14:18:04", "kind": "INFO", "message": "Finished writing TRAP file /Users/macbook/Octo/static_analysis_codeql_1/codeql-kotlin.db/trap/java/classes/java/util/concurrent/CompletableFuture$AsyncSupply.members/CompletableFuture$AsyncSupply.members#65.0-1789983753036-kotlin.trap.gz" }
{ "origin": "CodeQL Kotlin extractor", "timestamp": "2026-09-27 14:18:04", "kind": "INFO", "message": "Will write TRAP file /Users/macbook/Octo/static_analysis_codeql_1/codeql-kotlin.db/trap/java/classes/java/util/concurrent/CompletableFuture$UniHandle.members/CompletableFuture$UniHandle.members#65.0-1789983753036-kotlin.trap.gz" }
{ "origin": "CodeQL Kotlin extractor", "timestamp": "2026-09-27 14:18:04", "kind": "INFO", "message": "Finished writing TRAP file /Users/macbook/Octo/static_analysis_codeql_1/codeql-kotlin.db/trap/java/classes/java/util/concurrent/CompletableFuture$UniHandle.members/CompletableFuture$UniHandle.members#65.0-1789983753036-kotlin.trap.gz" }
{ "origin": "CodeQL Kotlin extractor", "timestamp": "2026-09-27 14:18:04", "kind": "INFO", "message": "Will write TRAP file /Users/macbook/Octo/static_analysis_codeql_1/codeql-kotlin.db/trap/java/classes/java/util/concurrent/CompletableFuture$OrRun.members/CompletableFuture$OrRun.members#65.0-1789983753036-kotlin.trap.gz" }
{ "origin": "CodeQL Kotlin extractor", "timestamp": "2026-09-27 14:18:04", "kind": "INFO", "message": "Finished writing TRAP file /Users/macbook/Octo/static_analysis_codeql_1/codeql-kotlin.db/trap/java/classes/java/util/concurrent/CompletableFuture$OrRun.members/CompletableFuture$OrRun.members#65.0-1789983753036-kotlin.trap.gz" }
{ "origin": "CodeQL Kotlin extractor", "timestamp": "2026-09-27 14:18:04", "kind": "INFO", "message": "Will write TRAP file /Users/macbook/Octo/static_analysis_codeql_1/codeql-kotlin.db/trap/java/classes/java/util/concurrent/CompletableFuture$BiAccept.members/CompletableFuture$BiAccept.members#65.0-1789983753036-kotlin.trap.gz" }
{ "origin": "CodeQL Kotlin extractor", "timestamp": "2026-09-27 14:18:04", "kind": "INFO", "message": "Finished writing TRAP file /Users/macbook/Octo/static_analysis_codeql_1/codeql-kotlin.db/trap/java/classes/java/util/concurrent/CompletableFuture$BiAccept.members/CompletableFuture$BiAccept.members#65.0-1789983753036-kotlin.trap.gz" }
{ "origin": "CodeQL Kotlin extractor", "timestamp": "2026-09-27 14:18:04", "kind": "INFO", "message": "Will write TRAP file /Users/macbook/Octo/static_analysis_codeql_1/codeql-kotlin.db/trap/java/classes/java/util/concurrent/CompletableFuture$UniCompose.members/CompletableFuture$UniCompose.members#65.0-1789983753036-kotlin.trap.gz" }
{ "origin": "CodeQL Kotlin extractor", "timestamp": "2026-09-27 14:18:04", "kind": "INFO", "message": "Finished writing TRAP file /Users/macbook/Octo/static_analysis_codeql_1/codeql-kotlin.db/trap/java/classes/java/util/concurrent/CompletableFuture$UniCompose.members/CompletableFuture$UniCompose.members#65.0-1789983753036-kotlin.trap.gz" }
{ "origin": "CodeQL Kotlin extractor", "timestamp": "2026-09-27 14:18:04", "kind": "INFO", "message": "Will write TRAP file /Users/macbook/Octo/static_analysis_codeql_1/codeql-kotlin.db/trap/java/classes/java/util/concurrent/CompletableFuture$Completion.members/CompletableFuture$Completion.members#65.0-1789983753036-kotlin.trap.gz" }
{ "origin": "CodeQL Kotlin extractor", "timestamp": "2026-09-27 14:18:04", "kind": "INFO", "message": "Finished writing TRAP file /Users/macbook/Octo/static_analysis_codeql_1/codeql-kotlin.db/trap/java/classes/java/util/concurrent/CompletableFuture$Completion.members/CompletableFuture$Completion.members#65.0-1789983753036-kotlin.trap.gz" }
{ "origin": "CodeQL Kotlin extractor", "timestamp": "2026-09-27 14:18:04", "kind": "INFO", "message": "Will write TRAP file /Users/macbook/Octo/static_analysis_codeql_1/codeql-kotlin.db/trap/java/classes/java/util/concurrent/CompletableFuture$MinimalStage.members/CompletableFuture$MinimalStage.members#65.0-1789983753036-kotlin.trap.gz" }
{ "origin": "CodeQL Kotlin extractor", "timestamp": "2026-09-27 14:18:04", "kind": "INFO", "message": "Finished writing TRAP file /Users/macbook/Octo/static_analysis_codeql_1/codeql-kotlin.db/trap/java/classes/java/util/concurrent/CompletableFuture$MinimalStage.members/CompletableFuture$MinimalStage.members#65.0-1789983753036-kotlin.trap.gz" }
{ "origin": "CodeQL Kotlin extractor", "timestamp": "2026-09-27 14:18:04", "kind": "INFO", "message": "Will write TRAP file /Users/macbook/Octo/static_analysis_codeql_1/codeql-kotlin.db/trap/java/classes/java/util/concurrent/CompletableFuture$AnyOf.members/CompletableFuture$AnyOf.members#65.0-1789983753036-kotlin.trap.gz" }
{ "origin": "CodeQL Kotlin extractor", "timestamp": "2026-09-27 14:18:04", "kind": "INFO", "message": "Finished writing TRAP file /Users/macbook/Octo/static_analysis_codeql_1/codeql-kotlin.db/trap/java/classes/java/util/concurrent/CompletableFuture$AnyOf.members/CompletableFuture$AnyOf.members#65.0-1789983753036-kotlin.trap.gz" }
{ "origin": "CodeQL Kotlin extractor", "timestamp": "2026-09-27 14:18:04", "kind": "INFO", "message": "Will write TRAP file /Users/macbook/Octo/static_analysis_codeql_1/codeql-kotlin.db/trap/java/classes/java/util/concurrent/CompletableFuture$BiRun.members/CompletableFuture$BiRun.members#65.0-1789983753036-kotlin.trap.gz" }
{ "origin": "CodeQL Kotlin extractor", "timestamp": "2026-09-27 14:18:04", "kind": "INFO", "message": "Finished writing TRAP file /Users/macbook/Octo/static_analysis_codeql_1/codeql-kotlin.db/trap/java/classes/java/util/concurrent/CompletableFuture$BiRun.members/CompletableFuture$BiRun.members#65.0-1789983753036-kotlin.trap.gz" }
{ "origin": "CodeQL Kotlin extractor", "timestamp": "2026-09-27 14:18:04", "kind": "INFO", "message": "Will write TRAP file /Users/macbook/Octo/static_analysis_codeql_1/codeql-kotlin.db/trap/java/classes/java/util/concurrent/CompletableFuture$BiApply.members/CompletableFuture$BiApply.members#65.0-1789983753036-kotlin.trap.gz" }
{ "origin": "CodeQL Kotlin extractor", "timestamp": "2026-09-27 14:18:04", "kind": "INFO", "message": "Finished writing TRAP file /Users/macbook/Octo/static_analysis_codeql_1/codeql-kotlin.db/trap/java/classes/java/util/concurrent/CompletableFuture$BiApply.members/CompletableFuture$BiApply.members#65.0-1789983753036-kotlin.trap.gz" }
{ "origin": "CodeQL Kotlin extractor", "timestamp": "2026-09-27 14:18:04", "kind": "INFO", "message": "Will write TRAP file /Users/macbook/Octo/static_analysis_codeql_1/codeql-kotlin.db/trap/java/classes/java/util/concurrent/CompletableFuture$UniApply.members/CompletableFuture$UniApply.members#65.0-1789983753036-kotlin.trap.gz" }
{ "origin": "CodeQL Kotlin extractor", "timestamp": "2026-09-27 14:18:04", "kind": "INFO", "message": "Finished writing TRAP file /Users/macbook/Octo/static_analysis_codeql_1/codeql-kotlin.db/trap/java/classes/java/util/concurrent/CompletableFuture$UniApply.members/CompletableFuture$UniApply.members#65.0-1789983753036-kotlin.trap.gz" }
{ "origin": "CodeQL Kotlin extractor", "timestamp": "2026-09-27 14:18:04", "kind": "INFO", "message": "Skipping extracting external decl Instant" }
{ "origin": "CodeQL Kotlin extractor", "timestamp": "2026-09-27 14:18:04", "kind": "INFO", "message": "Skipping extracting external decl Duration" }
{ "origin": "CodeQL Kotlin extractor", "timestamp": "2026-09-27 14:18:04", "kind": "INFO", "message": "Skipping extracting external decl Exception" }
{ "origin": "CodeQL Kotlin extractor", "timestamp": "2026-09-27 14:18:04", "kind": "INFO", "message": "Skipping extracting external decl FileChannel" }
{ "origin": "CodeQL Kotlin extractor", "timestamp": "2026-09-27 14:18:04", "kind": "INFO", "message": "Will write TRAP file /Users/macbook/Octo/static_analysis_codeql_1/codeql-kotlin.db/trap/java/classes/java/util/concurrent/CompletableFuture$Delayer$DaemonThreadFactory.members/CompletableFuture$Delayer$DaemonThreadFactory.members#65.0-1789983753036-kotlin.trap.gz" }
{ "origin": "CodeQL Kotlin extractor", "timestamp": "2026-09-27 14:18:04", "kind": "INFO", "message": "Finished writing TRAP file /Users/macbook/Octo/static_analysis_codeql_1/codeql-kotlin.db/trap/java/classes/java/util/concurrent/CompletableFuture$Delayer$DaemonThreadFactory.members/CompletableFuture$Delayer$DaemonThreadFactory.members#65.0-1789983753036-kotlin.trap.gz" }
{ "origin": "CodeQL Kotlin extractor", "timestamp": "2026-09-27 14:18:04", "kind": "INFO", "message": "Will write TRAP file /Users/macbook/Octo/static_analysis_codeql_1/codeql-kotlin.db/trap/java/classes/java/util/concurrent/ScheduledThreadPoolExecutor.members/ScheduledThreadPoolExecutor.members#65.0-1789983753036-kotlin.trap.gz" }
{ "origin": "CodeQL Kotlin extractor", "timestamp": "2026-09-27 14:18:04", "kind": "INFO", "message": "Finished writing TRAP file /Users/macbook/Octo/static_analysis_codeql_1/codeql-kotlin.db/trap/java/classes/java/util/concurrent/ScheduledThreadPoolExecutor.members/ScheduledThreadPoolExecutor.members#65.0-1789983753036-kotlin.trap.gz" }
{ "origin": "CodeQL Kotlin extractor", "timestamp": "2026-09-27 14:18:04", "kind": "INFO", "message": "Will write TRAP file /Users/macbook/Octo/static_analysis_codeql_1/codeql-kotlin.db/trap/java/classes/java/util/concurrent/ScheduledFuture.members/ScheduledFuture.members#65.0-1789983753036-kotlin.trap.gz" }
{ "origin": "CodeQL Kotlin extractor", "timestamp": "2026-09-27 14:18:04", "kind": "INFO", "message": "Finished writing TRAP file /Users/macbook/Octo/static_analysis_codeql_1/codeql-kotlin.db/trap/java/classes/java/util/concurrent/ScheduledFuture.members/ScheduledFuture.members#65.0-1789983753036-kotlin.trap.gz" }
{ "origin": "CodeQL Kotlin extractor", "timestamp": "2026-09-27 14:18:04", "kind": "INFO", "message": "Will write TRAP file /Users/macbook/Octo/static_analysis_codeql_1/codeql-kotlin.db/trap/java/classes/java/util/concurrent/Delayed.members/Delayed.members#65.0-1789983753036-kotlin.trap.gz" }
{ "origin": "CodeQL Kotlin extractor", "timestamp": "2026-09-27 14:18:04", "kind": "INFO", "message": "Finished writing TRAP file /Users/macbook/Octo/static_analysis_codeql_1/codeql-kotlin.db/trap/java/classes/java/util/concurrent/Delayed.members/Delayed.members#65.0-1789983753036-kotlin.trap.gz" }
{ "origin": "CodeQL Kotlin extractor", "timestamp": "2026-09-27 14:18:04", "kind": "INFO", "message": "Skipping extracting external decl ThreadFactory" }
{ "origin": "CodeQL Kotlin extractor", "timestamp": "2026-09-27 14:18:04", "kind": "INFO", "message": "Will write TRAP file /Users/macbook/Octo/static_analysis_codeql_1/codeql-kotlin.db/trap/java/classes/java/util/concurrent/RejectedExecutionHandler.members/RejectedExecutionHandler.members#65.0-1789983753036-kotlin.trap.gz" }
{ "origin": "CodeQL Kotlin extractor", "timestamp": "2026-09-27 14:18:04", "kind": "INFO", "message": "Finished writing TRAP file /Users/macbook/Octo/static_analysis_codeql_1/codeql-kotlin.db/trap/java/classes/java/util/concurrent/RejectedExecutionHandler.members/RejectedExecutionHandler.members#65.0-1789983753036-kotlin.trap.gz" }
{ "origin": "CodeQL Kotlin extractor", "timestamp": "2026-09-27 14:18:04", "kind": "INFO", "message": "Will write TRAP file /Users/macbook/Octo/static_analysis_codeql_1/codeql-kotlin.db/trap/java/classes/java/util/concurrent/ScheduledThreadPoolExecutor$DelayedWorkQueue.members/ScheduledThreadPoolExecutor$DelayedWorkQueue.members#65.0-1789983753036-kotlin.trap.gz" }
{ "origin": "CodeQL Kotlin extractor", "timestamp": "2026-09-27 14:18:04", "kind": "INFO", "message": "Finished writing TRAP file /Users/macbook/Octo/static_analysis_codeql_1/codeql-kotlin.db/trap/java/classes/java/util/concurrent/ScheduledThreadPoolExecutor$DelayedWorkQueue.members/ScheduledThreadPoolExecutor$DelayedWorkQueue.members#65.0-1789983753036-kotlin.trap.gz" }
{ "origin": "CodeQL Kotlin extractor", "timestamp": "2026-09-27 14:18:04", "kind": "INFO", "message": "Will write TRAP file /Users/macbook/Octo/static_analysis_codeql_1/codeql-kotlin.db/trap/java/classes/java/util/concurrent/RunnableScheduledFuture.members/RunnableScheduledFuture.members#65.0-1789983753036-kotlin.trap.gz" }
{ "origin": "CodeQL Kotlin extractor", "timestamp": "2026-09-27 14:18:04", "kind": "INFO", "message": "Finished writing TRAP file /Users/macbook/Octo/static_analysis_codeql_1/codeql-kotlin.db/trap/java/classes/java/util/concurrent/RunnableScheduledFuture.members/RunnableScheduledFuture.members#65.0-1789983753036-kotlin.trap.gz" }
{ "origin": "CodeQL Kotlin extractor", "timestamp": "2026-09-27 14:18:04", "kind": "INFO", "message": "Will write TRAP file /Users/macbook/Octo/static_analysis_codeql_1/codeql-kotlin.db/trap/java/classes/java/util/concurrent/BlockingQueue.members/BlockingQueue.members#65.0-1789983753036-kotlin.trap.gz" }
{ "origin": "CodeQL Kotlin extractor", "timestamp": "2026-09-27 14:18:04", "kind": "INFO", "message": "Finished writing TRAP file /Users/macbook/Octo/static_analysis_codeql_1/codeql-kotlin.db/trap/java/classes/java/util/concurrent/BlockingQueue.members/BlockingQueue.members#65.0-1789983753036-kotlin.trap.gz" }
{ "origin": "CodeQL Kotlin extractor", "timestamp": "2026-09-27 14:18:04", "kind": "INFO", "message": "Will write TRAP file /Users/macbook/Octo/static_analysis_codeql_1/codeql-kotlin.db/trap/java/classes/java/util/Queue.members/Queue.members#65.0-1789983753036-kotlin.trap.gz" }
{ "origin": "CodeQL Kotlin extractor", "timestamp": "2026-09-27 14:18:04", "kind": "INFO", "message": "Finished writing TRAP file /Users/macbook/Octo/static_analysis_codeql_1/codeql-kotlin.db/trap/java/classes/java/util/Queue.members/Queue.members#65.0-1789983753036-kotlin.trap.gz" }
{ "origin": "CodeQL Kotlin extractor", "timestamp": "2026-09-27 14:18:04", "kind": "INFO", "message": "Will write TRAP file /Users/macbook/Octo/static_analysis_codeql_1/codeql-kotlin.db/trap/java/classes/java/util/concurrent/ThreadPoolExecutor.members/ThreadPoolExecutor.members#65.0-1789983753036-kotlin.trap.gz" }
{ "origin": "CodeQL Kotlin extractor", "timestamp": "2026-09-27 14:18:04", "kind": "INFO", "message": "Finished writing TRAP file /Users/macbook/Octo/static_analysis_codeql_1/codeql-kotlin.db/trap/java/classes/java/util/concurrent/ThreadPoolExecutor.members/ThreadPoolExecutor.members#65.0-1789983753036-kotlin.trap.gz" }
{ "origin": "CodeQL Kotlin extractor", "timestamp": "2026-09-27 14:18:04", "kind": "INFO", "message": "Will write TRAP file /Users/macbook/Octo/static_analysis_codeql_1/codeql-kotlin.db/trap/java/classes/java/util/concurrent/ScheduledExecutorService.members/ScheduledExecutorService.members#65.0-1789983753036-kotlin.trap.gz" }
{ "origin": "CodeQL Kotlin extractor", "timestamp": "2026-09-27 14:18:04", "kind": "INFO", "message": "Finished writing TRAP file /Users/macbook/Octo/static_analysis_codeql_1/codeql-kotlin.db/trap/java/classes/java/util/concurrent/ScheduledExecutorService.members/ScheduledExecutorService.members#65.0-1789983753036-kotlin.trap.gz" }
{ "origin": "CodeQL Kotlin extractor", "timestamp": "2026-09-27 14:18:04", "kind": "INFO", "message": "Will write TRAP file /Users/macbook/Octo/static_analysis_codeql_1/codeql-kotlin.db/trap/java/classes/java/util/AbstractQueue.members/AbstractQueue.members#65.0-1789983753036-kotlin.trap.gz" }
{ "origin": "CodeQL Kotlin extractor", "timestamp": "2026-09-27 14:18:04", "kind": "INFO", "message": "Finished writing TRAP file /Users/macbook/Octo/static_analysis_codeql_1/codeql-kotlin.db/trap/java/classes/java/util/AbstractQueue.members/AbstractQueue.members#65.0-1789983753036-kotlin.trap.gz" }
{ "origin": "CodeQL Kotlin extractor", "timestamp": "2026-09-27 14:18:04", "kind": "INFO", "message": "Will write TRAP file /Users/macbook/Octo/static_analysis_codeql_1/codeql-kotlin.db/trap/java/classes/java/util/concurrent/ThreadPoolExecutor$DiscardOldestPolicy.members/ThreadPoolExecutor$DiscardOldestPolicy.members#65.0-1789983753036-kotlin.trap.gz" }
{ "origin": "CodeQL Kotlin extractor", "timestamp": "2026-09-27 14:18:04", "kind": "INFO", "message": "Finished writing TRAP file /Users/macbook/Octo/static_analysis_codeql_1/codeql-kotlin.db/trap/java/classes/java/util/concurrent/ThreadPoolExecutor$DiscardOldestPolicy.members/ThreadPoolExecutor$DiscardOldestPolicy.members#65.0-1789983753036-kotlin.trap.gz" }
{ "origin": "CodeQL Kotlin extractor", "timestamp": "2026-09-27 14:18:04", "kind": "INFO", "message": "Will write TRAP file /Users/macbook/Octo/static_analysis_codeql_1/codeql-kotlin.db/trap/java/classes/java/util/concurrent/ThreadPoolExecutor$CallerRunsPolicy.members/ThreadPoolExecutor$CallerRunsPolicy.members#65.0-1789983753036-kotlin.trap.gz" }
{ "origin": "CodeQL Kotlin extractor", "timestamp": "2026-09-27 14:18:04", "kind": "INFO", "message": "Finished writing TRAP file /Users/macbook/Octo/static_analysis_codeql_1/codeql-kotlin.db/trap/java/classes/java/util/concurrent/ThreadPoolExecutor$CallerRunsPolicy.members/ThreadPoolExecutor$CallerRunsPolicy.members#65.0-1789983753036-kotlin.trap.gz" }
{ "origin": "CodeQL Kotlin extractor", "timestamp": "2026-09-27 14:18:04", "kind": "INFO", "message": "Will write TRAP file /Users/macbook/Octo/static_analysis_codeql_1/codeql-kotlin.db/trap/java/classes/java/util/concurrent/ThreadPoolExecutor$DiscardPolicy.members/ThreadPoolExecutor$DiscardPolicy.members#65.0-1789983753036-kotlin.trap.gz" }
{ "origin": "CodeQL Kotlin extractor", "timestamp": "2026-09-27 14:18:04", "kind": "INFO", "message": "Finished writing TRAP file /Users/macbook/Octo/static_analysis_codeql_1/codeql-kotlin.db/trap/java/classes/java/util/concurrent/ThreadPoolExecutor$DiscardPolicy.members/ThreadPoolExecutor$DiscardPolicy.members#65.0-1789983753036-kotlin.trap.gz" }
{ "origin": "CodeQL Kotlin extractor", "timestamp": "2026-09-27 14:18:04", "kind": "INFO", "message": "Will write TRAP file /Users/macbook/Octo/static_analysis_codeql_1/codeql-kotlin.db/trap/java/classes/java/util/concurrent/ThreadPoolExecutor$AbortPolicy.members/ThreadPoolExecutor$AbortPolicy.members#65.0-1789983753036-kotlin.trap.gz" }
{ "origin": "CodeQL Kotlin extractor", "timestamp": "2026-09-27 14:18:04", "kind": "INFO", "message": "Finished writing TRAP file /Users/macbook/Octo/static_analysis_codeql_1/codeql-kotlin.db/trap/java/classes/java/util/concurrent/ThreadPoolExecutor$AbortPolicy.members/ThreadPoolExecutor$AbortPolicy.members#65.0-1789983753036-kotlin.trap.gz" }
{ "origin": "CodeQL Kotlin extractor", "timestamp": "2026-09-27 14:18:04", "kind": "INFO", "message": "Will write TRAP file /Users/macbook/Octo/static_analysis_codeql_1/codeql-kotlin.db/trap/java/classes/java/util/concurrent/ThreadPoolExecutor$Worker.members/ThreadPoolExecutor$Worker.members#65.0-1789983753036-kotlin.trap.gz" }
{ "origin": "CodeQL Kotlin extractor", "timestamp": "2026-09-27 14:18:04", "kind": "INFO", "message": "Finished writing TRAP file /Users/macbook/Octo/static_analysis_codeql_1/codeql-kotlin.db/trap/java/classes/java/util/concurrent/ThreadPoolExecutor$Worker.members/ThreadPoolExecutor$Worker.members#65.0-1789983753036-kotlin.trap.gz" }
{ "origin": "CodeQL Kotlin extractor", "timestamp": "2026-09-27 14:18:04", "kind": "INFO", "message": "Finished writing TRAP file /Users/macbook/Octo/static_analysis_codeql_1/codeql-kotlin.db/trap/java/Users/macbook/Octo/modules/control-panel/src/main/kotlin/com/octo/controlpanel/judgment/DataClassification.kt.trap.gz" }
{ "origin": "CodeQL Kotlin extractor", "timestamp": "2026-09-27 14:18:04", "kind": "INFO", "message": "Extracting file /Users/macbook/Octo/modules/control-panel/src/main/kotlin/com/octo/controlpanel/judgment/DecisionModelConfig.kt" }
{ "origin": "CodeQL Kotlin extractor", "timestamp": "2026-09-27 14:18:04", "kind": "INFO", "message": "Will write TRAP file /Users/macbook/Octo/static_analysis_codeql_1/codeql-kotlin.db/trap/java/Users/macbook/Octo/modules/control-panel/src/main/kotlin/com/octo/controlpanel/judgment/DecisionModelConfig.kt.trap.gz" }
{ "origin": "CodeQL Kotlin extractor", "timestamp": "2026-09-27 14:18:05", "kind": "INFO", "message": "Will write TRAP file /Users/macbook/Octo/static_analysis_codeql_1/codeql-kotlin.db/trap/java/classes/com/octo/controlpanel/judgment/DecisionModelConfig$Companion.members/DecisionModelConfig$Companion.members#0.0-0-kotlin.trap.gz" }
{ "origin": "CodeQL Kotlin extractor", "timestamp": "2026-09-27 14:18:05", "kind": "INFO", "message": "Finished writing TRAP file /Users/macbook/Octo/static_analysis_codeql_1/codeql-kotlin.db/trap/java/classes/com/octo/controlpanel/judgment/DecisionModelConfig$Companion.members/DecisionModelConfig$Companion.members#0.0-0-kotlin.trap.gz" }
{ "origin": "CodeQL Kotlin extractor", "timestamp": "2026-09-27 14:18:05", "kind": "INFO", "message": "Will write TRAP file /Users/macbook/Octo/static_analysis_codeql_1/codeql-kotlin.db/trap/java/classes/com/octo/controlpanel/judgment/DecisionModelConfig.members/DecisionModelConfig.members#0.0-0-kotlin.trap.gz" }
{ "origin": "CodeQL Kotlin extractor", "timestamp": "2026-09-27 14:18:05", "kind": "INFO", "message": "Finished writing TRAP file /Users/macbook/Octo/static_analysis_codeql_1/codeql-kotlin.db/trap/java/classes/com/octo/controlpanel/judgment/DecisionModelConfig.members/DecisionModelConfig.members#0.0-0-kotlin.trap.gz" }
{ "origin": "CodeQL Kotlin extractor", "timestamp": "2026-09-27 14:18:05", "kind": "INFO", "message": "Will write TRAP file /Users/macbook/Octo/static_analysis_codeql_1/codeql-kotlin.db/trap/java/classes/com/octo/controlpanel/judgment/DecisionModelConfigKt.members/DecisionModelConfigKt.members#0.0-0-kotlin.trap.gz" }
{ "origin": "CodeQL Kotlin extractor", "timestamp": "2026-09-27 14:18:05", "kind": "INFO", "message": "Finished writing TRAP file /Users/macbook/Octo/static_analysis_codeql_1/codeql-kotlin.db/trap/java/classes/com/octo/controlpanel/judgment/DecisionModelConfigKt.members/DecisionModelConfigKt.members#0.0-0-kotlin.trap.gz" }
{ "origin": "CodeQL Kotlin extractor", "timestamp": "2026-09-27 14:18:05", "kind": "INFO", "message": "Skipping extracting external decl String" }
{ "origin": "CodeQL Kotlin extractor", "timestamp": "2026-09-27 14:18:05", "kind": "INFO", "message": "Skipping extracting external decl String" }
{ "origin": "CodeQL Kotlin extractor", "timestamp": "2026-09-27 14:18:05", "kind": "INFO", "message": "Skipping extracting external decl Boolean" }
{ "origin": "CodeQL Kotlin extractor", "timestamp": "2026-09-27 14:18:05", "kind": "INFO", "message": "Skipping extracting external decl Boolean" }
{ "origin": "CodeQL Kotlin extractor", "timestamp": "2026-09-27 14:18:05", "kind": "INFO", "message": "Skipping extracting external decl Unit" }
{ "origin": "CodeQL Kotlin extractor", "timestamp": "2026-09-27 14:18:05", "kind": "INFO", "message": "Skipping extracting external decl NotNull" }
{ "origin": "CodeQL Kotlin extractor", "timestamp": "2026-09-27 14:18:05", "kind": "INFO", "message": "Skipping extracting external decl Object" }
{ "origin": "CodeQL Kotlin extractor", "timestamp": "2026-09-27 14:18:05", "kind": "INFO", "message": "Skipping extracting external decl Any" }
{ "origin": "CodeQL Kotlin extractor", "timestamp": "2026-09-27 14:18:05", "kind": "INFO", "message": "Skipping extracting external decl Function0" }
{ "origin": "CodeQL Kotlin extractor", "timestamp": "2026-09-27 14:18:05", "kind": "INFO", "message": "Skipping extracting external decl Function" }
{ "origin": "CodeQL Kotlin extractor", "timestamp": "2026-09-27 14:18:05", "kind": "INFO", "message": "Skipping extracting external decl Function0" }
{ "origin": "CodeQL Kotlin extractor", "timestamp": "2026-09-27 14:18:05", "kind": "INFO", "message": "Skipping extracting external decl require" }
{ "origin": "CodeQL Kotlin extractor", "timestamp": "2026-09-27 14:18:05", "kind": "INFO", "message": "Skipping extracting external decl CharSequence" }
{ "origin": "CodeQL Kotlin extractor", "timestamp": "2026-09-27 14:18:05", "kind": "INFO", "message": "Skipping extracting external decl CharSequence" }
{ "origin": "CodeQL Kotlin extractor", "timestamp": "2026-09-27 14:18:05", "kind": "INFO", "message": "Skipping extracting external decl isNotBlank" }
{ "origin": "CodeQL Kotlin extractor", "timestamp": "2026-09-27 14:18:05", "kind": "INFO", "message": "Skipping extracting external decl DefaultConstructorMarker" }
{ "origin": "CodeQL Kotlin extractor", "timestamp": "2026-09-27 14:18:05", "kind": "INFO", "message": "Skipping extracting external decl Integer" }
{ "origin": "CodeQL Kotlin extractor", "timestamp": "2026-09-27 14:18:05", "kind": "INFO", "message": "Skipping extracting external decl Int" }
{ "origin": "CodeQL Kotlin extractor", "timestamp": "2026-09-27 14:18:05", "kind": "INFO", "message": "Skipping extracting external decl Function1" }
{ "origin": "CodeQL Kotlin extractor", "timestamp": "2026-09-27 14:18:05", "kind": "INFO", "message": "Skipping extracting external decl Function1" }
{ "origin": "CodeQL Kotlin extractor", "timestamp": "2026-09-27 14:18:05", "kind": "INFO", "message": "Skipping extracting external decl Void" }
{ "origin": "CodeQL Kotlin extractor", "timestamp": "2026-09-27 14:18:05", "kind": "INFO", "message": "Skipping extracting external decl Nothing" }
{ "origin": "CodeQL Kotlin extractor", "timestamp": "2026-09-27 14:18:05", "kind": "INFO", "message": "Skipping extracting external decl takeIf" }
{ "origin": "CodeQL Kotlin extractor", "timestamp": "2026-09-27 14:18:05", "kind": "INFO", "message": "Skipping extracting external decl IllegalStateException" }
{ "origin": "CodeQL Kotlin extractor", "timestamp": "2026-09-27 14:18:05", "kind": "INFO", "message": "Will write TRAP file /Users/macbook/Octo/static_analysis_codeql_1/codeql-kotlin.db/trap/java/classes/java/lang/System.members/System.members#65.0-1789983753036-kotlin.trap.gz" }
{ "origin": "CodeQL Kotlin extractor", "timestamp": "2026-09-27 14:18:05", "kind": "INFO", "message": "Finished writing TRAP file /Users/macbook/Octo/static_analysis_codeql_1/codeql-kotlin.db/trap/java/classes/java/lang/System.members/System.members#65.0-1789983753036-kotlin.trap.gz" }
{ "origin": "CodeQL Kotlin extractor", "timestamp": "2026-09-27 14:18:05", "kind": "INFO", "message": "Skipping extracting external decl FunctionReference" }
{ "origin": "CodeQL Kotlin extractor", "timestamp": "2026-09-27 14:18:05", "kind": "INFO", "message": "Will write TRAP file /Users/macbook/Octo/static_analysis_codeql_1/codeql-kotlin.db/trap/java/classes/java/lang/System$Logger.members/System$Logger.members#65.0-1789983753036-kotlin.trap.gz" }
{ "origin": "CodeQL Kotlin extractor", "timestamp": "2026-09-27 14:18:05", "kind": "INFO", "message": "Finished writing TRAP file /Users/macbook/Octo/static_analysis_codeql_1/codeql-kotlin.db/trap/java/classes/java/lang/System$Logger.members/System$Logger.members#65.0-1789983753036-kotlin.trap.gz" }
{ "origin": "CodeQL Kotlin extractor", "timestamp": "2026-09-27 14:18:05", "kind": "INFO", "message": "Will write TRAP file /Users/macbook/Octo/static_analysis_codeql_1/codeql-kotlin.db/trap/java/classes/java/lang/System$LoggerFinder.members/System$LoggerFinder.members#65.0-1789983753036-kotlin.trap.gz" }
{ "origin": "CodeQL Kotlin extractor", "timestamp": "2026-09-27 14:18:05", "kind": "INFO", "message": "Finished writing TRAP file /Users/macbook/Octo/static_analysis_codeql_1/codeql-kotlin.db/trap/java/classes/java/lang/System$LoggerFinder.members/System$LoggerFinder.members#65.0-1789983753036-kotlin.trap.gz" }
{ "origin": "CodeQL Kotlin extractor", "timestamp": "2026-09-27 14:18:05", "kind": "INFO", "message": "Skipping extracting external decl Deprecated" }
{ "origin": "CodeQL Kotlin extractor", "timestamp": "2026-09-27 14:18:05", "kind": "INFO", "message": "Skipping extracting external decl InputStream" }
{ "origin": "CodeQL Kotlin extractor", "timestamp": "2026-09-27 14:18:05", "kind": "INFO", "message": "Skipping extracting external decl PrintStream" }
{ "origin": "CodeQL Kotlin extractor", "timestamp": "2026-09-27 14:18:05", "kind": "INFO", "message": "Skipping extracting external decl ModuleLayer" }
{ "origin": "CodeQL Kotlin extractor", "timestamp": "2026-09-27 14:18:05", "kind": "INFO", "message": "Will write TRAP file /Users/macbook/Octo/static_analysis_codeql_1/codeql-kotlin.db/trap/java/classes/java/io/Console.members/Console.members#65.0-1789983753036-kotlin.trap.gz" }
{ "origin": "CodeQL Kotlin extractor", "timestamp": "2026-09-27 14:18:05", "kind": "INFO", "message": "Finished writing TRAP file /Users/macbook/Octo/static_analysis_codeql_1/codeql-kotlin.db/trap/java/classes/java/io/Console.members/Console.members#65.0-1789983753036-kotlin.trap.gz" }
{ "origin": "CodeQL Kotlin extractor", "timestamp": "2026-09-27 14:18:05", "kind": "INFO", "message": "Skipping extracting external decl Channel" }
{ "origin": "CodeQL Kotlin extractor", "timestamp": "2026-09-27 14:18:05", "kind": "INFO", "message": "Will write TRAP file /Users/macbook/Octo/static_analysis_codeql_1/codeql-kotlin.db/trap/java/classes/java/lang/SecurityManager.members/SecurityManager.members#65.0-1789983753036-kotlin.trap.gz" }
{ "origin": "CodeQL Kotlin extractor", "timestamp": "2026-09-27 14:18:05", "kind": "INFO", "message": "Finished writing TRAP file /Users/macbook/Octo/static_analysis_codeql_1/codeql-kotlin.db/trap/java/classes/java/lang/SecurityManager.members/SecurityManager.members#65.0-1789983753036-kotlin.trap.gz" }
{ "origin": "CodeQL Kotlin extractor", "timestamp": "2026-09-27 14:18:05", "kind": "INFO", "message": "Skipping extracting external decl CallerSensitive" }
{ "origin": "CodeQL Kotlin extractor", "timestamp": "2026-09-27 14:18:05", "kind": "INFO", "message": "Skipping extracting external decl Long" }
{ "origin": "CodeQL Kotlin extractor", "timestamp": "2026-09-27 14:18:05", "kind": "INFO", "message": "Skipping extracting external decl Long" }
{ "origin": "CodeQL Kotlin extractor", "timestamp": "2026-09-27 14:18:05", "kind": "INFO", "message": "Skipping extracting external decl IntrinsicCandidate" }
{ "origin": "CodeQL Kotlin extractor", "timestamp": "2026-09-27 14:18:05", "kind": "INFO", "message": "Skipping extracting external decl Properties" }
{ "origin": "CodeQL Kotlin extractor", "timestamp": "2026-09-27 14:18:05", "kind": "INFO", "message": "Skipping extracting external decl Map" }
{ "origin": "CodeQL Kotlin extractor", "timestamp": "2026-09-27 14:18:05", "kind": "INFO", "message": "Skipping extracting external decl MutableMap" }
{ "origin": "CodeQL Kotlin extractor", "timestamp": "2026-09-27 14:18:05", "kind": "INFO", "message": "Skipping extracting external decl ResourceBundle" }
{ "origin": "CodeQL Kotlin extractor", "timestamp": "2026-09-27 14:18:05", "kind": "INFO", "message": "Will write TRAP file /Users/macbook/Octo/static_analysis_codeql_1/codeql-kotlin.db/trap/java/classes/java/lang/System$Logger$Level.members/System$Logger$Level.members#65.0-1789983753036-kotlin.trap.gz" }
{ "origin": "CodeQL Kotlin extractor", "timestamp": "2026-09-27 14:18:05", "kind": "INFO", "message": "Finished writing TRAP file /Users/macbook/Octo/static_analysis_codeql_1/codeql-kotlin.db/trap/java/classes/java/lang/System$Logger$Level.members/System$Logger$Level.members#65.0-1789983753036-kotlin.trap.gz" }
{ "origin": "CodeQL Kotlin extractor", "timestamp": "2026-09-27 14:18:05", "kind": "INFO", "message": "Skipping extracting external decl Supplier" }
{ "origin": "CodeQL Kotlin extractor", "timestamp": "2026-09-27 14:18:05", "kind": "INFO", "message": "Skipping extracting external decl Throwable" }
{ "origin": "CodeQL Kotlin extractor", "timestamp": "2026-09-27 14:18:05", "kind": "INFO", "message": "Skipping extracting external decl Throwable" }
{ "origin": "CodeQL Kotlin extractor", "timestamp": "2026-09-27 14:18:05", "kind": "INFO", "message": "Skipping extracting external decl Cloneable" }
{ "origin": "CodeQL Kotlin extractor", "timestamp": "2026-09-27 14:18:05", "kind": "INFO", "message": "Skipping extracting external decl Cloneable" }
{ "origin": "CodeQL Kotlin extractor", "timestamp": "2026-09-27 14:18:05", "kind": "INFO", "message": "Skipping extracting external decl Serializable" }
{ "origin": "CodeQL Kotlin extractor", "timestamp": "2026-09-27 14:18:05", "kind": "INFO", "message": "Skipping extracting external decl Module" }
{ "origin": "CodeQL Kotlin extractor", "timestamp": "2026-09-27 14:18:05", "kind": "INFO", "message": "Skipping extracting external decl RuntimePermission" }
{ "origin": "CodeQL Kotlin extractor", "timestamp": "2026-09-27 14:18:05", "kind": "INFO", "message": "Skipping extracting external decl PrintWriter" }
{ "origin": "CodeQL Kotlin extractor", "timestamp": "2026-09-27 14:18:05", "kind": "INFO", "message": "Skipping extracting external decl Reader" }
{ "origin": "CodeQL Kotlin extractor", "timestamp": "2026-09-27 14:18:05", "kind": "INFO", "message": "Skipping extracting external decl Character" }
{ "origin": "CodeQL Kotlin extractor", "timestamp": "2026-09-27 14:18:05", "kind": "INFO", "message": "Skipping extracting external decl Char" }
{ "origin": "CodeQL Kotlin extractor", "timestamp": "2026-09-27 14:18:05", "kind": "INFO", "message": "Skipping extracting external decl Charset" }
{ "origin": "CodeQL Kotlin extractor", "timestamp": "2026-09-27 14:18:05", "kind": "INFO", "message": "Skipping extracting external decl Flushable" }
{ "origin": "CodeQL Kotlin extractor", "timestamp": "2026-09-27 14:18:05", "kind": "INFO", "message": "Skipping extracting external decl Class" }
{ "origin": "CodeQL Kotlin extractor", "timestamp": "2026-09-27 14:18:05", "kind": "INFO", "message": "Skipping extracting external decl GenericDeclaration" }
{ "origin": "CodeQL Kotlin extractor", "timestamp": "2026-09-27 14:18:05", "kind": "INFO", "message": "Skipping extracting external decl Type" }
{ "origin": "CodeQL Kotlin extractor", "timestamp": "2026-09-27 14:18:05", "kind": "INFO", "message": "Skipping extracting external decl AnnotatedElement" }
{ "origin": "CodeQL Kotlin extractor", "timestamp": "2026-09-27 14:18:05", "kind": "INFO", "message": "Skipping extracting external decl OfField" }
{ "origin": "CodeQL Kotlin extractor", "timestamp": "2026-09-27 14:18:05", "kind": "INFO", "message": "Skipping extracting external decl TypeDescriptor" }
{ "origin": "CodeQL Kotlin extractor", "timestamp": "2026-09-27 14:18:05", "kind": "INFO", "message": "Skipping extracting external decl Constable" }
{ "origin": "CodeQL Kotlin extractor", "timestamp": "2026-09-27 14:18:05", "kind": "INFO", "message": "Skipping extracting external decl Permission" }
{ "origin": "CodeQL Kotlin extractor", "timestamp": "2026-09-27 14:18:05", "kind": "INFO", "message": "Skipping extracting external decl Thread" }
{ "origin": "CodeQL Kotlin extractor", "timestamp": "2026-09-27 14:18:05", "kind": "INFO", "message": "Skipping extracting external decl ThreadGroup" }
{ "origin": "CodeQL Kotlin extractor", "timestamp": "2026-09-27 14:18:05", "kind": "INFO", "message": "Skipping extracting external decl FileDescriptor" }
{ "origin": "CodeQL Kotlin extractor", "timestamp": "2026-09-27 14:18:05", "kind": "INFO", "message": "Skipping extracting external decl InetAddress" }
{ "origin": "CodeQL Kotlin extractor", "timestamp": "2026-09-27 14:18:05", "kind": "INFO", "message": "Skipping extracting external decl Byte" }
{ "origin": "CodeQL Kotlin extractor", "timestamp": "2026-09-27 14:18:05", "kind": "INFO", "message": "Skipping extracting external decl Byte" }
{ "origin": "CodeQL Kotlin extractor", "timestamp": "2026-09-27 14:18:05", "kind": "INFO", "message": "Skipping extracting external decl EnumEntries" }
{ "origin": "CodeQL Kotlin extractor", "timestamp": "2026-09-27 14:18:05", "kind": "INFO", "message": "Skipping extracting external decl List" }
{ "origin": "CodeQL Kotlin extractor", "timestamp": "2026-09-27 14:18:05", "kind": "INFO", "message": "Skipping extracting external decl SequencedCollection" }
{ "origin": "CodeQL Kotlin extractor", "timestamp": "2026-09-27 14:18:05", "kind": "INFO", "message": "Skipping extracting external decl Collection" }
{ "origin": "CodeQL Kotlin extractor", "timestamp": "2026-09-27 14:18:05", "kind": "INFO", "message": "Skipping extracting external decl Iterable" }
{ "origin": "CodeQL Kotlin extractor", "timestamp": "2026-09-27 14:18:05", "kind": "INFO", "message": "Skipping extracting external decl MutableIterable" }
{ "origin": "CodeQL Kotlin extractor", "timestamp": "2026-09-27 14:18:05", "kind": "INFO", "message": "Skipping extracting external decl MutableCollection" }
{ "origin": "CodeQL Kotlin extractor", "timestamp": "2026-09-27 14:18:05", "kind": "INFO", "message": "Skipping extracting external decl List" }
{ "origin": "CodeQL Kotlin extractor", "timestamp": "2026-09-27 14:18:05", "kind": "INFO", "message": "Skipping extracting external decl Enum" }
{ "origin": "CodeQL Kotlin extractor", "timestamp": "2026-09-27 14:18:05", "kind": "INFO", "message": "Skipping extracting external decl Comparable" }
{ "origin": "CodeQL Kotlin extractor", "timestamp": "2026-09-27 14:18:05", "kind": "INFO", "message": "Skipping extracting external decl Comparable" }
{ "origin": "CodeQL Kotlin extractor", "timestamp": "2026-09-27 14:18:05", "kind": "INFO", "message": "Skipping extracting external decl Enum" }
{ "origin": "CodeQL Kotlin extractor", "timestamp": "2026-09-27 14:18:05", "kind": "INFO", "message": "Skipping extracting external decl Optional" }
{ "origin": "CodeQL Kotlin extractor", "timestamp": "2026-09-27 14:18:05", "kind": "INFO", "message": "Skipping extracting external decl EnumDesc" }
{ "origin": "CodeQL Kotlin extractor", "timestamp": "2026-09-27 14:18:05", "kind": "INFO", "message": "Skipping extracting external decl DynamicConstantDesc" }
{ "origin": "CodeQL Kotlin extractor", "timestamp": "2026-09-27 14:18:05", "kind": "INFO", "message": "Skipping extracting external decl ConstantDesc" }
{ "origin": "CodeQL Kotlin extractor", "timestamp": "2026-09-27 14:18:05", "kind": "INFO", "message": "Finished writing TRAP file /Users/macbook/Octo/static_analysis_codeql_1/codeql-kotlin.db/trap/java/Users/macbook/Octo/modules/control-panel/src/main/kotlin/com/octo/controlpanel/judgment/DecisionModelConfig.kt.trap.gz" }
{ "origin": "CodeQL Kotlin extractor", "timestamp": "2026-09-27 14:18:05", "kind": "INFO", "message": "Extracting file /Users/macbook/Octo/modules/control-panel/src/main/kotlin/com/octo/controlpanel/judgment/JdkHttpTransport.kt" }
{ "origin": "CodeQL Kotlin extractor", "timestamp": "2026-09-27 14:18:05", "kind": "INFO", "message": "Will write TRAP file /Users/macbook/Octo/static_analysis_codeql_1/codeql-kotlin.db/trap/java/Users/macbook/Octo/modules/control-panel/src/main/kotlin/com/octo/controlpanel/judgment/JdkHttpTransport.kt.trap.gz" }
{ "origin": "CodeQL Kotlin extractor", "timestamp": "2026-09-27 14:18:05", "kind": "INFO", "message": "Will write TRAP file /Users/macbook/Octo/static_analysis_codeql_1/codeql-kotlin.db/trap/java/classes/com/octo/controlpanel/judgment/JdkHttpTransport.members/JdkHttpTransport.members#0.0-0-kotlin.trap.gz" }
{ "origin": "CodeQL Kotlin extractor", "timestamp": "2026-09-27 14:18:05", "kind": "INFO", "message": "Finished writing TRAP file /Users/macbook/Octo/static_analysis_codeql_1/codeql-kotlin.db/trap/java/classes/com/octo/controlpanel/judgment/JdkHttpTransport.members/JdkHttpTransport.members#0.0-0-kotlin.trap.gz" }
{ "origin": "CodeQL Kotlin extractor", "timestamp": "2026-09-27 14:18:05", "kind": "INFO", "message": "Will write TRAP file /Users/macbook/Octo/static_analysis_codeql_1/codeql-kotlin.db/trap/java/classes/com/octo/controlpanel/judgment/JdkHttpTransportKt.members/JdkHttpTransportKt.members#0.0-0-kotlin.trap.gz" }
{ "origin": "CodeQL Kotlin extractor", "timestamp": "2026-09-27 14:18:05", "kind": "INFO", "message": "Finished writing TRAP file /Users/macbook/Octo/static_analysis_codeql_1/codeql-kotlin.db/trap/java/classes/com/octo/controlpanel/judgment/JdkHttpTransportKt.members/JdkHttpTransportKt.members#0.0-0-kotlin.trap.gz" }
{ "origin": "CodeQL Kotlin extractor", "timestamp": "2026-09-27 14:18:05", "kind": "INFO", "message": "Will write TRAP file /Users/macbook/Octo/static_analysis_codeql_1/codeql-kotlin.db/trap/java/classes/java/net/http/HttpClient.members/HttpClient.members#65.0-1789983753036-kotlin.trap.gz" }
{ "origin": "CodeQL Kotlin extractor", "timestamp": "2026-09-27 14:18:05", "kind": "INFO", "message": "Finished writing TRAP file /Users/macbook/Octo/static_analysis_codeql_1/codeql-kotlin.db/trap/java/classes/java/net/http/HttpClient.members/HttpClient.members#65.0-1789983753036-kotlin.trap.gz" }
{ "origin": "CodeQL Kotlin extractor", "timestamp": "2026-09-27 14:18:05", "kind": "INFO", "message": "Skipping extracting external decl Duration" }
{ "origin": "CodeQL Kotlin extractor", "timestamp": "2026-09-27 14:18:05", "kind": "INFO", "message": "Skipping extracting external decl Unit" }
{ "origin": "CodeQL Kotlin extractor", "timestamp": "2026-09-27 14:18:05", "kind": "INFO", "message": "Skipping extracting external decl NotNull" }
{ "origin": "CodeQL Kotlin extractor", "timestamp": "2026-09-27 14:18:05", "kind": "INFO", "message": "Skipping extracting external decl String" }
{ "origin": "CodeQL Kotlin extractor", "timestamp": "2026-09-27 14:18:05", "kind": "INFO", "message": "Skipping extracting external decl String" }
{ "origin": "CodeQL Kotlin extractor", "timestamp": "2026-09-27 14:18:05", "kind": "INFO", "message": "Skipping extracting external decl Object" }
{ "origin": "CodeQL Kotlin extractor", "timestamp": "2026-09-27 14:18:05", "kind": "INFO", "message": "Skipping extracting external decl DefaultConstructorMarker" }
{ "origin": "CodeQL Kotlin extractor", "timestamp": "2026-09-27 14:18:05", "kind": "INFO", "message": "Skipping extracting external decl Integer" }
{ "origin": "CodeQL Kotlin extractor", "timestamp": "2026-09-27 14:18:05", "kind": "INFO", "message": "Skipping extracting external decl Int" }
{ "origin": "CodeQL Kotlin extractor", "timestamp": "2026-09-27 14:18:05", "kind": "INFO", "message": "Skipping extracting external decl Boolean" }
{ "origin": "CodeQL Kotlin extractor", "timestamp": "2026-09-27 14:18:05", "kind": "INFO", "message": "Skipping extracting external decl Boolean" }
{ "origin": "CodeQL Kotlin extractor", "timestamp": "2026-09-27 14:18:05", "kind": "INFO", "message": "Will write TRAP file /Users/macbook/Octo/static_analysis_codeql_1/codeql-kotlin.db/trap/java/classes/java/net/http/HttpClient$Builder.members/HttpClient$Builder.members#65.0-1789983753036-kotlin.trap.gz" }
{ "origin": "CodeQL Kotlin extractor", "timestamp": "2026-09-27 14:18:05", "kind": "INFO", "message": "Finished writing TRAP file /Users/macbook/Octo/static_analysis_codeql_1/codeql-kotlin.db/trap/java/classes/java/net/http/HttpClient$Builder.members/HttpClient$Builder.members#65.0-1789983753036-kotlin.trap.gz" }
{ "origin": "CodeQL Kotlin extractor", "timestamp": "2026-09-27 14:18:05", "kind": "INFO", "message": "Skipping extracting external decl Long" }
{ "origin": "CodeQL Kotlin extractor", "timestamp": "2026-09-27 14:18:05", "kind": "INFO", "message": "Skipping extracting external decl Long" }
{ "origin": "CodeQL Kotlin extractor", "timestamp": "2026-09-27 14:18:05", "kind": "INFO", "message": "Skipping extracting external decl Map" }
{ "origin": "CodeQL Kotlin extractor", "timestamp": "2026-09-27 14:18:05", "kind": "INFO", "message": "Skipping extracting external decl Any" }
{ "origin": "CodeQL Kotlin extractor", "timestamp": "2026-09-27 14:18:05", "kind": "INFO", "message": "Skipping extracting external decl Map" }
{ "origin": "CodeQL Kotlin extractor", "timestamp": "2026-09-27 14:18:05", "kind": "INFO", "message": "Will write TRAP file /Users/macbook/Octo/static_analysis_codeql_1/codeql-kotlin.db/trap/java/classes/java/net/http/HttpRequest$Builder.members/HttpRequest$Builder.members#65.0-1789983753036-kotlin.trap.gz" }
{ "origin": "CodeQL Kotlin extractor", "timestamp": "2026-09-27 14:18:05", "kind": "INFO", "message": "Finished writing TRAP file /Users/macbook/Octo/static_analysis_codeql_1/codeql-kotlin.db/trap/java/classes/java/net/http/HttpRequest$Builder.members/HttpRequest$Builder.members#65.0-1789983753036-kotlin.trap.gz" }
{ "origin": "CodeQL Kotlin extractor", "timestamp": "2026-09-27 14:18:05", "kind": "INFO", "message": "Will write TRAP file /Users/macbook/Octo/static_analysis_codeql_1/codeql-kotlin.db/trap/java/classes/java/net/http/HttpRequest$BodyPublisher.members/HttpRequest$BodyPublisher.members#65.0-1789983753036-kotlin.trap.gz" }
{ "origin": "CodeQL Kotlin extractor", "timestamp": "2026-09-27 14:18:05", "kind": "INFO", "message": "Finished writing TRAP file /Users/macbook/Octo/static_analysis_codeql_1/codeql-kotlin.db/trap/java/classes/java/net/http/HttpRequest$BodyPublisher.members/HttpRequest$BodyPublisher.members#65.0-1789983753036-kotlin.trap.gz" }
{ "origin": "CodeQL Kotlin extractor", "timestamp": "2026-09-27 14:18:05", "kind": "INFO", "message": "Will write TRAP file /Users/macbook/Octo/static_analysis_codeql_1/codeql-kotlin.db/trap/java/classes/java/net/http/HttpRequest.members/HttpRequest.members#65.0-1789983753036-kotlin.trap.gz" }
{ "origin": "CodeQL Kotlin extractor", "timestamp": "2026-09-27 14:18:05", "kind": "INFO", "message": "Finished writing TRAP file /Users/macbook/Octo/static_analysis_codeql_1/codeql-kotlin.db/trap/java/classes/java/net/http/HttpRequest.members/HttpRequest.members#65.0-1789983753036-kotlin.trap.gz" }
{ "origin": "CodeQL Kotlin extractor", "timestamp": "2026-09-27 14:18:05", "kind": "INFO", "message": "Skipping extracting external decl URI" }
{ "origin": "CodeQL Kotlin extractor", "timestamp": "2026-09-27 14:18:05", "kind": "INFO", "message": "Will write TRAP file /Users/macbook/Octo/static_analysis_codeql_1/codeql-kotlin.db/trap/java/classes/java/net/http/HttpRequest$BodyPublishers.members/HttpRequest$BodyPublishers.members#65.0-1789983753036-kotlin.trap.gz" }
{ "origin": "CodeQL Kotlin extractor", "timestamp": "2026-09-27 14:18:05", "kind": "INFO", "message": "Finished writing TRAP file /Users/macbook/Octo/static_analysis_codeql_1/codeql-kotlin.db/trap/java/classes/java/net/http/HttpRequest$BodyPublishers.members/HttpRequest$BodyPublishers.members#65.0-1789983753036-kotlin.trap.gz" }
{ "origin": "CodeQL Kotlin extractor", "timestamp": "2026-09-27 14:18:05", "kind": "INFO", "message": "Skipping extracting external decl Function1" }
{ "origin": "CodeQL Kotlin extractor", "timestamp": "2026-09-27 14:18:05", "kind": "INFO", "message": "Skipping extracting external decl Function" }
{ "origin": "CodeQL Kotlin extractor", "timestamp": "2026-09-27 14:18:05", "kind": "INFO", "message": "Skipping extracting external decl Function1" }
{ "origin": "CodeQL Kotlin extractor", "timestamp": "2026-09-27 14:18:05", "kind": "INFO", "message": "Will write TRAP file /Users/macbook/Octo/static_analysis_codeql_1/codeql-kotlin.db/trap/java/classes/kotlin/collections/forEach(java.util.Map,kotlin.jvm.functions.Function1).members/forEach(java.util.Map,kotlin.jvm.functions.Function1).members#-1.0-0-null.trap.gz" }
{ "origin": "CodeQL Kotlin extractor", "timestamp": "2026-09-27 14:18:05", "kind": "INFO", "message": "Finished writing TRAP file /Users/macbook/Octo/static_analysis_codeql_1/codeql-kotlin.db/trap/java/classes/kotlin/collections/forEach(java.util.Map,kotlin.jvm.functions.Function1).members/forEach(java.util.Map,kotlin.jvm.functions.Function1).members#-1.0-0-null.trap.gz" }
{ "origin": "CodeQL Kotlin extractor", "timestamp": "2026-09-27 14:18:05", "kind": "INFO", "message": "Skipping extracting external decl Entry" }
{ "origin": "CodeQL Kotlin extractor", "timestamp": "2026-09-27 14:18:05", "kind": "INFO", "message": "Skipping extracting external decl Entry" }
{ "origin": "CodeQL Kotlin extractor", "timestamp": "2026-09-27 14:18:05", "kind": "INFO", "message": "Skipping extracting external decl component1" }
{ "origin": "CodeQL Kotlin extractor", "timestamp": "2026-09-27 14:18:05", "kind": "INFO", "message": "Skipping extracting external decl component2" }
{ "origin": "CodeQL Kotlin extractor", "timestamp": "2026-09-27 14:18:05", "kind": "INFO", "message": "Will write TRAP file /Users/macbook/Octo/static_analysis_codeql_1/codeql-kotlin.db/trap/java/classes/java/net/http/HttpResponse.members/HttpResponse.members#65.0-1789983753036-kotlin.trap.gz" }
{ "origin": "CodeQL Kotlin extractor", "timestamp": "2026-09-27 14:18:05", "kind": "INFO", "message": "Finished writing TRAP file /Users/macbook/Octo/static_analysis_codeql_1/codeql-kotlin.db/trap/java/classes/java/net/http/HttpResponse.members/HttpResponse.members#65.0-1789983753036-kotlin.trap.gz" }
{ "origin": "CodeQL Kotlin extractor", "timestamp": "2026-09-27 14:18:05", "kind": "INFO", "message": "Will write TRAP file /Users/macbook/Octo/static_analysis_codeql_1/codeql-kotlin.db/trap/java/classes/java/net/http/HttpResponse$BodyHandler.members/HttpResponse$BodyHandler.members#65.0-1789983753036-kotlin.trap.gz" }
{ "origin": "CodeQL Kotlin extractor", "timestamp": "2026-09-27 14:18:05", "kind": "INFO", "message": "Finished writing TRAP file /Users/macbook/Octo/static_analysis_codeql_1/codeql-kotlin.db/trap/java/classes/java/net/http/HttpResponse$BodyHandler.members/HttpResponse$BodyHandler.members#65.0-1789983753036-kotlin.trap.gz" }
{ "origin": "CodeQL Kotlin extractor", "timestamp": "2026-09-27 14:18:05", "kind": "INFO", "message": "Will write TRAP file /Users/macbook/Octo/static_analysis_codeql_1/codeql-kotlin.db/trap/java/classes/java/net/http/HttpResponse$BodyHandlers.members/HttpResponse$BodyHandlers.members#65.0-1789983753036-kotlin.trap.gz" }
{ "origin": "CodeQL Kotlin extractor", "timestamp": "2026-09-27 14:18:05", "kind": "INFO", "message": "Finished writing TRAP file /Users/macbook/Octo/static_analysis_codeql_1/codeql-kotlin.db/trap/java/classes/java/net/http/HttpResponse$BodyHandlers.members/HttpResponse$BodyHandlers.members#65.0-1789983753036-kotlin.trap.gz" }
{ "origin": "CodeQL Kotlin extractor", "timestamp": "2026-09-27 14:18:05", "kind": "INFO", "message": "Skipping extracting external decl Optional" }
{ "origin": "CodeQL Kotlin extractor", "timestamp": "2026-09-27 14:18:05", "kind": "INFO", "message": "Will write TRAP file /Users/macbook/Octo/static_analysis_codeql_1/codeql-kotlin.db/trap/java/classes/java/net/http/HttpHeaders.members/HttpHeaders.members#65.0-1789983753036-kotlin.trap.gz" }
{ "origin": "CodeQL Kotlin extractor", "timestamp": "2026-09-27 14:18:05", "kind": "INFO", "message": "Finished writing TRAP file /Users/macbook/Octo/static_analysis_codeql_1/codeql-kotlin.db/trap/java/classes/java/net/http/HttpHeaders.members/HttpHeaders.members#65.0-1789983753036-kotlin.trap.gz" }
{ "origin": "CodeQL Kotlin extractor", "timestamp": "2026-09-27 14:18:05", "kind": "INFO", "message": "Will write TRAP file /Users/macbook/Octo/static_analysis_codeql_1/codeql-kotlin.db/trap/java/classes/javax/net/ssl/SSLSession.members/SSLSession.members#65.0-1789983753036-kotlin.trap.gz" }
{ "origin": "CodeQL Kotlin extractor", "timestamp": "2026-09-27 14:18:05", "kind": "INFO", "message": "Finished writing TRAP file /Users/macbook/Octo/static_analysis_codeql_1/codeql-kotlin.db/trap/java/classes/javax/net/ssl/SSLSession.members/SSLSession.members#65.0-1789983753036-kotlin.trap.gz" }
{ "origin": "CodeQL Kotlin extractor", "timestamp": "2026-09-27 14:18:05", "kind": "INFO", "message": "Will write TRAP file /Users/macbook/Octo/static_analysis_codeql_1/codeql-kotlin.db/trap/java/classes/java/net/http/HttpClient$Version.members/HttpClient$Version.members#65.0-1789983753036-kotlin.trap.gz" }
{ "origin": "CodeQL Kotlin extractor", "timestamp": "2026-09-27 14:18:05", "kind": "INFO", "message": "Finished writing TRAP file /Users/macbook/Octo/static_analysis_codeql_1/codeql-kotlin.db/trap/java/classes/java/net/http/HttpClient$Version.members/HttpClient$Version.members#65.0-1789983753036-kotlin.trap.gz" }
{ "origin": "CodeQL Kotlin extractor", "timestamp": "2026-09-27 14:18:05", "kind": "INFO", "message": "Skipping extracting external decl Deprecated" }
{ "origin": "CodeQL Kotlin extractor", "timestamp": "2026-09-27 14:18:05", "kind": "INFO", "message": "Will write TRAP file /Users/macbook/Octo/static_analysis_codeql_1/codeql-kotlin.db/trap/java/classes/java/net/http/HttpClient$Redirect.members/HttpClient$Redirect.members#65.0-1789983753036-kotlin.trap.gz" }
{ "origin": "CodeQL Kotlin extractor", "timestamp": "2026-09-27 14:18:05", "kind": "INFO", "message": "Finished writing TRAP file /Users/macbook/Octo/static_analysis_codeql_1/codeql-kotlin.db/trap/java/classes/java/net/http/HttpClient$Redirect.members/HttpClient$Redirect.members#65.0-1789983753036-kotlin.trap.gz" }
{ "origin": "CodeQL Kotlin extractor", "timestamp": "2026-09-27 14:18:05", "kind": "INFO", "message": "Will write TRAP file /Users/macbook/Octo/static_analysis_codeql_1/codeql-kotlin.db/trap/java/classes/java/net/CookieHandler.members/CookieHandler.members#65.0-1789983753036-kotlin.trap.gz" }
{ "origin": "CodeQL Kotlin extractor", "timestamp": "2026-09-27 14:18:05", "kind": "INFO", "message": "Finished writing TRAP file /Users/macbook/Octo/static_analysis_codeql_1/codeql-kotlin.db/trap/java/classes/java/net/CookieHandler.members/CookieHandler.members#65.0-1789983753036-kotlin.trap.gz" }
{ "origin": "CodeQL Kotlin extractor", "timestamp": "2026-09-27 14:18:05", "kind": "INFO", "message": "Will write TRAP file /Users/macbook/Octo/static_analysis_codeql_1/codeql-kotlin.db/trap/java/classes/java/net/ProxySelector.members/ProxySelector.members#65.0-1789983753036-kotlin.trap.gz" }
{ "origin": "CodeQL Kotlin extractor", "timestamp": "2026-09-27 14:18:05", "kind": "INFO", "message": "Finished writing TRAP file /Users/macbook/Octo/static_analysis_codeql_1/codeql-kotlin.db/trap/java/classes/java/net/ProxySelector.members/ProxySelector.members#65.0-1789983753036-kotlin.trap.gz" }
{ "origin": "CodeQL Kotlin extractor", "timestamp": "2026-09-27 14:18:05", "kind": "INFO", "message": "Will write TRAP file /Users/macbook/Octo/static_analysis_codeql_1/codeql-kotlin.db/trap/java/classes/javax/net/ssl/SSLContext.members/SSLContext.members#65.0-1789983753036-kotlin.trap.gz" }
{ "origin": "CodeQL Kotlin extractor", "timestamp": "2026-09-27 14:18:05", "kind": "INFO", "message": "Finished writing TRAP file /Users/macbook/Octo/static_analysis_codeql_1/codeql-kotlin.db/trap/java/classes/javax/net/ssl/SSLContext.members/SSLContext.members#65.0-1789983753036-kotlin.trap.gz" }
{ "origin": "CodeQL Kotlin extractor", "timestamp": "2026-09-27 14:18:05", "kind": "INFO", "message": "Will write TRAP file /Users/macbook/Octo/static_analysis_codeql_1/codeql-kotlin.db/trap/java/classes/javax/net/ssl/SSLParameters.members/SSLParameters.members#65.0-1789983753036-kotlin.trap.gz" }
{ "origin": "CodeQL Kotlin extractor", "timestamp": "2026-09-27 14:18:05", "kind": "INFO", "message": "Finished writing TRAP file /Users/macbook/Octo/static_analysis_codeql_1/codeql-kotlin.db/trap/java/classes/javax/net/ssl/SSLParameters.members/SSLParameters.members#65.0-1789983753036-kotlin.trap.gz" }
{ "origin": "CodeQL Kotlin extractor", "timestamp": "2026-09-27 14:18:05", "kind": "INFO", "message": "Will write TRAP file /Users/macbook/Octo/static_analysis_codeql_1/codeql-kotlin.db/trap/java/classes/java/net/Authenticator.members/Authenticator.members#65.0-1789983753036-kotlin.trap.gz" }
{ "origin": "CodeQL Kotlin extractor", "timestamp": "2026-09-27 14:18:05", "kind": "INFO", "message": "Finished writing TRAP file /Users/macbook/Octo/static_analysis_codeql_1/codeql-kotlin.db/trap/java/classes/java/net/Authenticator.members/Authenticator.members#65.0-1789983753036-kotlin.trap.gz" }
{ "origin": "CodeQL Kotlin extractor", "timestamp": "2026-09-27 14:18:05", "kind": "INFO", "message": "Skipping extracting external decl Executor" }
{ "origin": "CodeQL Kotlin extractor", "timestamp": "2026-09-27 14:18:05", "kind": "INFO", "message": "Skipping extracting external decl CompletableFuture" }
{ "origin": "CodeQL Kotlin extractor", "timestamp": "2026-09-27 14:18:05", "kind": "INFO", "message": "Skipping extracting external decl Future" }
{ "origin": "CodeQL Kotlin extractor", "timestamp": "2026-09-27 14:18:05", "kind": "INFO", "message": "Skipping extracting external decl CompletionStage" }
{ "origin": "CodeQL Kotlin extractor", "timestamp": "2026-09-27 14:18:05", "kind": "INFO", "message": "Will write TRAP file /Users/macbook/Octo/static_analysis_codeql_1/codeql-kotlin.db/trap/java/classes/java/net/http/HttpResponse$PushPromiseHandler.members/HttpResponse$PushPromiseHandler.members#65.0-1789983753036-kotlin.trap.gz" }
{ "origin": "CodeQL Kotlin extractor", "timestamp": "2026-09-27 14:18:05", "kind": "INFO", "message": "Finished writing TRAP file /Users/macbook/Octo/static_analysis_codeql_1/codeql-kotlin.db/trap/java/classes/java/net/http/HttpResponse$PushPromiseHandler.members/HttpResponse$PushPromiseHandler.members#65.0-1789983753036-kotlin.trap.gz" }
{ "origin": "CodeQL Kotlin extractor", "timestamp": "2026-09-27 14:18:05", "kind": "INFO", "message": "Will write TRAP file /Users/macbook/Octo/static_analysis_codeql_1/codeql-kotlin.db/trap/java/classes/java/net/http/WebSocket$Builder.members/WebSocket$Builder.members#65.0-1789983753036-kotlin.trap.gz" }
{ "origin": "CodeQL Kotlin extractor", "timestamp": "2026-09-27 14:18:05", "kind": "INFO", "message": "Finished writing TRAP file /Users/macbook/Octo/static_analysis_codeql_1/codeql-kotlin.db/trap/java/classes/java/net/http/WebSocket$Builder.members/WebSocket$Builder.members#65.0-1789983753036-kotlin.trap.gz" }
{ "origin": "CodeQL Kotlin extractor", "timestamp": "2026-09-27 14:18:05", "kind": "INFO", "message": "Skipping extracting external decl AutoCloseable" }
{ "origin": "CodeQL Kotlin extractor", "timestamp": "2026-09-27 14:18:05", "kind": "INFO", "message": "Skipping extracting external decl InetAddress" }
{ "origin": "CodeQL Kotlin extractor", "timestamp": "2026-09-27 14:18:05", "kind": "INFO", "message": "Skipping extracting external decl Cloneable" }
{ "origin": "CodeQL Kotlin extractor", "timestamp": "2026-09-27 14:18:05", "kind": "INFO", "message": "Skipping extracting external decl Cloneable" }
{ "origin": "CodeQL Kotlin extractor", "timestamp": "2026-09-27 14:18:05", "kind": "INFO", "message": "Skipping extracting external decl Serializable" }
{ "origin": "CodeQL Kotlin extractor", "timestamp": "2026-09-27 14:18:05", "kind": "INFO", "message": "Skipping extracting external decl ByteBuffer" }
{ "origin": "CodeQL Kotlin extractor", "timestamp": "2026-09-27 14:18:05", "kind": "INFO", "message": "Will write TRAP file /Users/macbook/Octo/static_analysis_codeql_1/codeql-kotlin.db/trap/java/classes/java/util/concurrent/Flow$Publisher.members/Flow$Publisher.members#65.0-1789983753036-kotlin.trap.gz" }
{ "origin": "CodeQL Kotlin extractor", "timestamp": "2026-09-27 14:18:05", "kind": "INFO", "message": "Finished writing TRAP file /Users/macbook/Octo/static_analysis_codeql_1/codeql-kotlin.db/trap/java/classes/java/util/concurrent/Flow$Publisher.members/Flow$Publisher.members#65.0-1789983753036-kotlin.trap.gz" }
{ "origin": "CodeQL Kotlin extractor", "timestamp": "2026-09-27 14:18:05", "kind": "INFO", "message": "Will write TRAP file /Users/macbook/Octo/static_analysis_codeql_1/codeql-kotlin.db/trap/java/classes/java/util/concurrent/Flow.members/Flow.members#65.0-1789983753036-kotlin.trap.gz" }
{ "origin": "CodeQL Kotlin extractor", "timestamp": "2026-09-27 14:18:05", "kind": "INFO", "message": "Finished writing TRAP file /Users/macbook/Octo/static_analysis_codeql_1/codeql-kotlin.db/trap/java/classes/java/util/concurrent/Flow.members/Flow.members#65.0-1789983753036-kotlin.trap.gz" }
{ "origin": "CodeQL Kotlin extractor", "timestamp": "2026-09-27 14:18:05", "kind": "INFO", "message": "Will write TRAP file /Users/macbook/Octo/static_analysis_codeql_1/codeql-kotlin.db/trap/java/classes/java/util/concurrent/Flow$Subscriber.members/Flow$Subscriber.members#65.0-1789983753036-kotlin.trap.gz" }
{ "origin": "CodeQL Kotlin extractor", "timestamp": "2026-09-27 14:18:05", "kind": "INFO", "message": "Finished writing TRAP file /Users/macbook/Octo/static_analysis_codeql_1/codeql-kotlin.db/trap/java/classes/java/util/concurrent/Flow$Subscriber.members/Flow$Subscriber.members#65.0-1789983753036-kotlin.trap.gz" }
{ "origin": "CodeQL Kotlin extractor", "timestamp": "2026-09-27 14:18:05", "kind": "INFO", "message": "Will write TRAP file /Users/macbook/Octo/static_analysis_codeql_1/codeql-kotlin.db/trap/java/classes/java/util/function/BiPredicate.members/BiPredicate.members#65.0-1789983753036-kotlin.trap.gz" }
{ "origin": "CodeQL Kotlin extractor", "timestamp": "2026-09-27 14:18:05", "kind": "INFO", "message": "Finished writing TRAP file /Users/macbook/Octo/static_analysis_codeql_1/codeql-kotlin.db/trap/java/classes/java/util/function/BiPredicate.members/BiPredicate.members#65.0-1789983753036-kotlin.trap.gz" }
{ "origin": "CodeQL Kotlin extractor", "timestamp": "2026-09-27 14:18:05", "kind": "INFO", "message": "Skipping extracting external decl Charset" }
{ "origin": "CodeQL Kotlin extractor", "timestamp": "2026-09-27 14:18:05", "kind": "INFO", "message": "Skipping extracting external decl InputStream" }
{ "origin": "CodeQL Kotlin extractor", "timestamp": "2026-09-27 14:18:05", "kind": "INFO", "message": "Skipping extracting external decl Supplier" }
{ "origin": "CodeQL Kotlin extractor", "timestamp": "2026-09-27 14:18:05", "kind": "INFO", "message": "Skipping extracting external decl Byte" }
{ "origin": "CodeQL Kotlin extractor", "timestamp": "2026-09-27 14:18:05", "kind": "INFO", "message": "Skipping extracting external decl Byte" }
{ "origin": "CodeQL Kotlin extractor", "timestamp": "2026-09-27 14:18:05", "kind": "INFO", "message": "Skipping extracting external decl Path" }
{ "origin": "CodeQL Kotlin extractor", "timestamp": "2026-09-27 14:18:05", "kind": "INFO", "message": "Skipping extracting external decl Iterable" }
{ "origin": "CodeQL Kotlin extractor", "timestamp": "2026-09-27 14:18:05", "kind": "INFO", "message": "Skipping extracting external decl MutableIterable" }
{ "origin": "CodeQL Kotlin extractor", "timestamp": "2026-09-27 14:18:05", "kind": "INFO", "message": "Skipping extracting external decl HidesMembers" }
{ "origin": "CodeQL Kotlin extractor", "timestamp": "2026-09-27 14:18:05", "kind": "INFO", "message": "Will write TRAP file /Users/macbook/Octo/static_analysis_codeql_1/codeql-kotlin.db/trap/java/classes/java/net/http/HttpResponse$BodySubscriber.members/HttpResponse$BodySubscriber.members#65.0-1789983753036-kotlin.trap.gz" }
{ "origin": "CodeQL Kotlin extractor", "timestamp": "2026-09-27 14:18:05", "kind": "INFO", "message": "Finished writing TRAP file /Users/macbook/Octo/static_analysis_codeql_1/codeql-kotlin.db/trap/java/classes/java/net/http/HttpResponse$BodySubscriber.members/HttpResponse$BodySubscriber.members#65.0-1789983753036-kotlin.trap.gz" }
{ "origin": "CodeQL Kotlin extractor", "timestamp": "2026-09-27 14:18:05", "kind": "INFO", "message": "Will write TRAP file /Users/macbook/Octo/static_analysis_codeql_1/codeql-kotlin.db/trap/java/classes/java/net/http/HttpResponse$ResponseInfo.members/HttpResponse$ResponseInfo.members#65.0-1789983753036-kotlin.trap.gz" }
{ "origin": "CodeQL Kotlin extractor", "timestamp": "2026-09-27 14:18:05", "kind": "INFO", "message": "Finished writing TRAP file /Users/macbook/Octo/static_analysis_codeql_1/codeql-kotlin.db/trap/java/classes/java/net/http/HttpResponse$ResponseInfo.members/HttpResponse$ResponseInfo.members#65.0-1789983753036-kotlin.trap.gz" }
{ "origin": "CodeQL Kotlin extractor", "timestamp": "2026-09-27 14:18:05", "kind": "INFO", "message": "Will write TRAP file /Users/macbook/Octo/static_analysis_codeql_1/codeql-kotlin.db/trap/java/classes/java/net/http/HttpResponse$BodySubscribers.members/HttpResponse$BodySubscribers.members#65.0-1789983753036-kotlin.trap.gz" }
{ "origin": "CodeQL Kotlin extractor", "timestamp": "2026-09-27 14:18:05", "kind": "INFO", "message": "Finished writing TRAP file /Users/macbook/Octo/static_analysis_codeql_1/codeql-kotlin.db/trap/java/classes/java/net/http/HttpResponse$BodySubscribers.members/HttpResponse$BodySubscribers.members#65.0-1789983753036-kotlin.trap.gz" }
{ "origin": "CodeQL Kotlin extractor", "timestamp": "2026-09-27 14:18:05", "kind": "INFO", "message": "Skipping extracting external decl List" }
{ "origin": "CodeQL Kotlin extractor", "timestamp": "2026-09-27 14:18:05", "kind": "INFO", "message": "Skipping extracting external decl SequencedCollection" }
{ "origin": "CodeQL Kotlin extractor", "timestamp": "2026-09-27 14:18:05", "kind": "INFO", "message": "Skipping extracting external decl Collection" }
{ "origin": "CodeQL Kotlin extractor", "timestamp": "2026-09-27 14:18:05", "kind": "INFO", "message": "Skipping extracting external decl MutableCollection" }
{ "origin": "CodeQL Kotlin extractor", "timestamp": "2026-09-27 14:18:05", "kind": "INFO", "message": "Skipping extracting external decl MutableList" }
{ "origin": "CodeQL Kotlin extractor", "timestamp": "2026-09-27 14:18:05", "kind": "INFO", "message": "Skipping extracting external decl FunctionalInterface" }
{ "origin": "CodeQL Kotlin extractor", "timestamp": "2026-09-27 14:18:05", "kind": "INFO", "message": "Skipping extracting external decl Void" }
{ "origin": "CodeQL Kotlin extractor", "timestamp": "2026-09-27 14:18:05", "kind": "INFO", "message": "Skipping extracting external decl Function" }
{ "origin": "CodeQL Kotlin extractor", "timestamp": "2026-09-27 14:18:05", "kind": "INFO", "message": "Skipping extracting external decl OpenOption" }
{ "origin": "CodeQL Kotlin extractor", "timestamp": "2026-09-27 14:18:05", "kind": "INFO", "message": "Skipping extracting external decl Stream" }
{ "origin": "CodeQL Kotlin extractor", "timestamp": "2026-09-27 14:18:05", "kind": "INFO", "message": "Skipping extracting external decl BaseStream" }
{ "origin": "CodeQL Kotlin extractor", "timestamp": "2026-09-27 14:18:05", "kind": "INFO", "message": "Skipping extracting external decl Consumer" }
{ "origin": "CodeQL Kotlin extractor", "timestamp": "2026-09-27 14:18:05", "kind": "INFO", "message": "Skipping extracting external decl OptionalLong" }
{ "origin": "CodeQL Kotlin extractor", "timestamp": "2026-09-27 14:18:05", "kind": "INFO", "message": "Skipping extracting external decl MutableMap" }
{ "origin": "CodeQL Kotlin extractor", "timestamp": "2026-09-27 14:18:05", "kind": "INFO", "message": "Will write TRAP file /Users/macbook/Octo/static_analysis_codeql_1/codeql-kotlin.db/trap/java/classes/javax/net/ssl/SSLSessionContext.members/SSLSessionContext.members#65.0-1789983753036-kotlin.trap.gz" }
{ "origin": "CodeQL Kotlin extractor", "timestamp": "2026-09-27 14:18:05", "kind": "INFO", "message": "Finished writing TRAP file /Users/macbook/Octo/static_analysis_codeql_1/codeql-kotlin.db/trap/java/classes/javax/net/ssl/SSLSessionContext.members/SSLSessionContext.members#65.0-1789983753036-kotlin.trap.gz" }
{ "origin": "CodeQL Kotlin extractor", "timestamp": "2026-09-27 14:18:05", "kind": "INFO", "message": "Skipping extracting external decl Certificate" }
{ "origin": "CodeQL Kotlin extractor", "timestamp": "2026-09-27 14:18:05", "kind": "INFO", "message": "Will write TRAP file /Users/macbook/Octo/static_analysis_codeql_1/codeql-kotlin.db/trap/java/classes/javax/security/cert/X509Certificate.members/X509Certificate.members#65.0-1789983753036-kotlin.trap.gz" }
{ "origin": "CodeQL Kotlin extractor", "timestamp": "2026-09-27 14:18:05", "kind": "INFO", "message": "Finished writing TRAP file /Users/macbook/Octo/static_analysis_codeql_1/codeql-kotlin.db/trap/java/classes/javax/security/cert/X509Certificate.members/X509Certificate.members#65.0-1789983753036-kotlin.trap.gz" }
{ "origin": "CodeQL Kotlin extractor", "timestamp": "2026-09-27 14:18:05", "kind": "INFO", "message": "Skipping extracting external decl Principal" }
{ "origin": "CodeQL Kotlin extractor", "timestamp": "2026-09-27 14:18:05", "kind": "INFO", "message": "Skipping extracting external decl EnumEntries" }
{ "origin": "CodeQL Kotlin extractor", "timestamp": "2026-09-27 14:18:05", "kind": "INFO", "message": "Skipping extracting external decl List" }
{ "origin": "CodeQL Kotlin extractor", "timestamp": "2026-09-27 14:18:05", "kind": "INFO", "message": "Skipping extracting external decl Enum" }
{ "origin": "CodeQL Kotlin extractor", "timestamp": "2026-09-27 14:18:05", "kind": "INFO", "message": "Skipping extracting external decl Constable" }
{ "origin": "CodeQL Kotlin extractor", "timestamp": "2026-09-27 14:18:05", "kind": "INFO", "message": "Skipping extracting external decl Comparable" }
{ "origin": "CodeQL Kotlin extractor", "timestamp": "2026-09-27 14:18:05", "kind": "INFO", "message": "Skipping extracting external decl Comparable" }
{ "origin": "CodeQL Kotlin extractor", "timestamp": "2026-09-27 14:18:05", "kind": "INFO", "message": "Skipping extracting external decl Enum" }
{ "origin": "CodeQL Kotlin extractor", "timestamp": "2026-09-27 14:18:05", "kind": "INFO", "message": "Skipping extracting external decl Class" }
{ "origin": "CodeQL Kotlin extractor", "timestamp": "2026-09-27 14:18:05", "kind": "INFO", "message": "Skipping extracting external decl GenericDeclaration" }
{ "origin": "CodeQL Kotlin extractor", "timestamp": "2026-09-27 14:18:05", "kind": "INFO", "message": "Skipping extracting external decl Type" }
{ "origin": "CodeQL Kotlin extractor", "timestamp": "2026-09-27 14:18:05", "kind": "INFO", "message": "Skipping extracting external decl AnnotatedElement" }
{ "origin": "CodeQL Kotlin extractor", "timestamp": "2026-09-27 14:18:05", "kind": "INFO", "message": "Skipping extracting external decl OfField" }
{ "origin": "CodeQL Kotlin extractor", "timestamp": "2026-09-27 14:18:05", "kind": "INFO", "message": "Skipping extracting external decl TypeDescriptor" }
{ "origin": "CodeQL Kotlin extractor", "timestamp": "2026-09-27 14:18:05", "kind": "INFO", "message": "Skipping extracting external decl EnumDesc" }
{ "origin": "CodeQL Kotlin extractor", "timestamp": "2026-09-27 14:18:05", "kind": "INFO", "message": "Skipping extracting external decl DynamicConstantDesc" }
{ "origin": "CodeQL Kotlin extractor", "timestamp": "2026-09-27 14:18:05", "kind": "INFO", "message": "Skipping extracting external decl ConstantDesc" }
{ "origin": "CodeQL Kotlin extractor", "timestamp": "2026-09-27 14:18:05", "kind": "INFO", "message": "Will write TRAP file /Users/macbook/Octo/static_analysis_codeql_1/codeql-kotlin.db/trap/java/classes/java/net/ProxySelector$StaticProxySelector.members/ProxySelector$StaticProxySelector.members#65.0-1789983753036-kotlin.trap.gz" }
{ "origin": "CodeQL Kotlin extractor", "timestamp": "2026-09-27 14:18:05", "kind": "INFO", "message": "Finished writing TRAP file /Users/macbook/Octo/static_analysis_codeql_1/codeql-kotlin.db/trap/java/classes/java/net/ProxySelector$StaticProxySelector.members/ProxySelector$StaticProxySelector.members#65.0-1789983753036-kotlin.trap.gz" }
{ "origin": "CodeQL Kotlin extractor", "timestamp": "2026-09-27 14:18:05", "kind": "INFO", "message": "Skipping extracting external decl Proxy" }
{ "origin": "CodeQL Kotlin extractor", "timestamp": "2026-09-27 14:18:05", "kind": "INFO", "message": "Skipping extracting external decl SocketAddress" }
{ "origin": "CodeQL Kotlin extractor", "timestamp": "2026-09-27 14:18:05", "kind": "INFO", "message": "Skipping extracting external decl IOException" }
{ "origin": "CodeQL Kotlin extractor", "timestamp": "2026-09-27 14:18:05", "kind": "INFO", "message": "Will write TRAP file /Users/macbook/Octo/static_analysis_codeql_1/codeql-kotlin.db/trap/java/classes/java/net/InetSocketAddress.members/InetSocketAddress.members#65.0-1789983753036-kotlin.trap.gz" }
{ "origin": "CodeQL Kotlin extractor", "timestamp": "2026-09-27 14:18:05", "kind": "INFO", "message": "Finished writing TRAP file /Users/macbook/Octo/static_analysis_codeql_1/codeql-kotlin.db/trap/java/classes/java/net/InetSocketAddress.members/InetSocketAddress.members#65.0-1789983753036-kotlin.trap.gz" }
{ "origin": "CodeQL Kotlin extractor", "timestamp": "2026-09-27 14:18:05", "kind": "INFO", "message": "Will write TRAP file /Users/macbook/Octo/static_analysis_codeql_1/codeql-kotlin.db/trap/java/classes/javax/net/ssl/SSLContextSpi.members/SSLContextSpi.members#65.0-1789983753036-kotlin.trap.gz" }
{ "origin": "CodeQL Kotlin extractor", "timestamp": "2026-09-27 14:18:05", "kind": "INFO", "message": "Finished writing TRAP file /Users/macbook/Octo/static_analysis_codeql_1/codeql-kotlin.db/trap/java/classes/javax/net/ssl/SSLContextSpi.members/SSLContextSpi.members#65.0-1789983753036-kotlin.trap.gz" }
{ "origin": "CodeQL Kotlin extractor", "timestamp": "2026-09-27 14:18:05", "kind": "INFO", "message": "Skipping extracting external decl Provider" }
{ "origin": "CodeQL Kotlin extractor", "timestamp": "2026-09-27 14:18:05", "kind": "INFO", "message": "Will write TRAP file /Users/macbook/Octo/static_analysis_codeql_1/codeql-kotlin.db/trap/java/classes/javax/net/ssl/KeyManager.members/KeyManager.members#65.0-1789983753036-kotlin.trap.gz" }
{ "origin": "CodeQL Kotlin extractor", "timestamp": "2026-09-27 14:18:05", "kind": "INFO", "message": "Finished writing TRAP file /Users/macbook/Octo/static_analysis_codeql_1/codeql-kotlin.db/trap/java/classes/javax/net/ssl/KeyManager.members/KeyManager.members#65.0-1789983753036-kotlin.trap.gz" }
{ "origin": "CodeQL Kotlin extractor", "timestamp": "2026-09-27 14:18:05", "kind": "INFO", "message": "Will write TRAP file /Users/macbook/Octo/static_analysis_codeql_1/codeql-kotlin.db/trap/java/classes/javax/net/ssl/TrustManager.members/TrustManager.members#65.0-1789983753036-kotlin.trap.gz" }
{ "origin": "CodeQL Kotlin extractor", "timestamp": "2026-09-27 14:18:05", "kind": "INFO", "message": "Finished writing TRAP file /Users/macbook/Octo/static_analysis_codeql_1/codeql-kotlin.db/trap/java/classes/javax/net/ssl/TrustManager.members/TrustManager.members#65.0-1789983753036-kotlin.trap.gz" }
{ "origin": "CodeQL Kotlin extractor", "timestamp": "2026-09-27 14:18:05", "kind": "INFO", "message": "Will write TRAP file /Users/macbook/Octo/static_analysis_codeql_1/codeql-kotlin.db/trap/java/classes/java/security/SecureRandom.members/SecureRandom.members#65.0-1789983753036-kotlin.trap.gz" }
{ "origin": "CodeQL Kotlin extractor", "timestamp": "2026-09-27 14:18:05", "kind": "INFO", "message": "Finished writing TRAP file /Users/macbook/Octo/static_analysis_codeql_1/codeql-kotlin.db/trap/java/classes/java/security/SecureRandom.members/SecureRandom.members#65.0-1789983753036-kotlin.trap.gz" }
{ "origin": "CodeQL Kotlin extractor", "timestamp": "2026-09-27 14:18:05", "kind": "INFO", "message": "Will write TRAP file /Users/macbook/Octo/static_analysis_codeql_1/codeql-kotlin.db/trap/java/classes/javax/net/ssl/SSLSocketFactory.members/SSLSocketFactory.members#65.0-1789983753036-kotlin.trap.gz" }
{ "origin": "CodeQL Kotlin extractor", "timestamp": "2026-09-27 14:18:05", "kind": "INFO", "message": "Finished writing TRAP file /Users/macbook/Octo/static_analysis_codeql_1/codeql-kotlin.db/trap/java/classes/javax/net/ssl/SSLSocketFactory.members/SSLSocketFactory.members#65.0-1789983753036-kotlin.trap.gz" }
{ "origin": "CodeQL Kotlin extractor", "timestamp": "2026-09-27 14:18:05", "kind": "INFO", "message": "Will write TRAP file /Users/macbook/Octo/static_analysis_codeql_1/codeql-kotlin.db/trap/java/classes/javax/net/ssl/SSLServerSocketFactory.members/SSLServerSocketFactory.members#65.0-1789983753036-kotlin.trap.gz" }
{ "origin": "CodeQL Kotlin extractor", "timestamp": "2026-09-27 14:18:05", "kind": "INFO", "message": "Finished writing TRAP file /Users/macbook/Octo/static_analysis_codeql_1/codeql-kotlin.db/trap/java/classes/javax/net/ssl/SSLServerSocketFactory.members/SSLServerSocketFactory.members#65.0-1789983753036-kotlin.trap.gz" }
{ "origin": "CodeQL Kotlin extractor", "timestamp": "2026-09-27 14:18:05", "kind": "INFO", "message": "Will write TRAP file /Users/macbook/Octo/static_analysis_codeql_1/codeql-kotlin.db/trap/java/classes/javax/net/ssl/SSLEngine.members/SSLEngine.members#65.0-1789983753036-kotlin.trap.gz" }
{ "origin": "CodeQL Kotlin extractor", "timestamp": "2026-09-27 14:18:05", "kind": "INFO", "message": "Finished writing TRAP file /Users/macbook/Octo/static_analysis_codeql_1/codeql-kotlin.db/trap/java/classes/javax/net/ssl/SSLEngine.members/SSLEngine.members#65.0-1789983753036-kotlin.trap.gz" }
{ "origin": "CodeQL Kotlin extractor", "timestamp": "2026-09-27 14:18:05", "kind": "INFO", "message": "Will write TRAP file /Users/macbook/Octo/static_analysis_codeql_1/codeql-kotlin.db/trap/java/classes/java/security/AlgorithmConstraints.members/AlgorithmConstraints.members#65.0-1789983753036-kotlin.trap.gz" }
{ "origin": "CodeQL Kotlin extractor", "timestamp": "2026-09-27 14:18:05", "kind": "INFO", "message": "Finished writing TRAP file /Users/macbook/Octo/static_analysis_codeql_1/codeql-kotlin.db/trap/java/classes/java/security/AlgorithmConstraints.members/AlgorithmConstraints.members#65.0-1789983753036-kotlin.trap.gz" }
{ "origin": "CodeQL Kotlin extractor", "timestamp": "2026-09-27 14:18:05", "kind": "INFO", "message": "Will write TRAP file /Users/macbook/Octo/static_analysis_codeql_1/codeql-kotlin.db/trap/java/classes/javax/net/ssl/SNIServerName.members/SNIServerName.members#65.0-1789983753036-kotlin.trap.gz" }
{ "origin": "CodeQL Kotlin extractor", "timestamp": "2026-09-27 14:18:05", "kind": "INFO", "message": "Finished writing TRAP file /Users/macbook/Octo/static_analysis_codeql_1/codeql-kotlin.db/trap/java/classes/javax/net/ssl/SNIServerName.members/SNIServerName.members#65.0-1789983753036-kotlin.trap.gz" }
{ "origin": "CodeQL Kotlin extractor", "timestamp": "2026-09-27 14:18:05", "kind": "INFO", "message": "Will write TRAP file /Users/macbook/Octo/static_analysis_codeql_1/codeql-kotlin.db/trap/java/classes/javax/net/ssl/SNIMatcher.members/SNIMatcher.members#65.0-1789983753036-kotlin.trap.gz" }
{ "origin": "CodeQL Kotlin extractor", "timestamp": "2026-09-27 14:18:05", "kind": "INFO", "message": "Finished writing TRAP file /Users/macbook/Octo/static_analysis_codeql_1/codeql-kotlin.db/trap/java/classes/javax/net/ssl/SNIMatcher.members/SNIMatcher.members#65.0-1789983753036-kotlin.trap.gz" }
{ "origin": "CodeQL Kotlin extractor", "timestamp": "2026-09-27 14:18:05", "kind": "INFO", "message": "Will write TRAP file /Users/macbook/Octo/static_analysis_codeql_1/codeql-kotlin.db/trap/java/classes/java/net/Authenticator$RequestorType.members/Authenticator$RequestorType.members#65.0-1789983753036-kotlin.trap.gz" }
{ "origin": "CodeQL Kotlin extractor", "timestamp": "2026-09-27 14:18:05", "kind": "INFO", "message": "Finished writing TRAP file /Users/macbook/Octo/static_analysis_codeql_1/codeql-kotlin.db/trap/java/classes/java/net/Authenticator$RequestorType.members/Authenticator$RequestorType.members#65.0-1789983753036-kotlin.trap.gz" }
{ "origin": "CodeQL Kotlin extractor", "timestamp": "2026-09-27 14:18:05", "kind": "INFO", "message": "Skipping extracting external decl URL" }
{ "origin": "CodeQL Kotlin extractor", "timestamp": "2026-09-27 14:18:05", "kind": "INFO", "message": "Will write TRAP file /Users/macbook/Octo/static_analysis_codeql_1/codeql-kotlin.db/trap/java/classes/java/net/PasswordAuthentication.members/PasswordAuthentication.members#65.0-1789983753036-kotlin.trap.gz" }
{ "origin": "CodeQL Kotlin extractor", "timestamp": "2026-09-27 14:18:05", "kind": "INFO", "message": "Finished writing TRAP file /Users/macbook/Octo/static_analysis_codeql_1/codeql-kotlin.db/trap/java/classes/java/net/PasswordAuthentication.members/PasswordAuthentication.members#65.0-1789983753036-kotlin.trap.gz" }
{ "origin": "CodeQL Kotlin extractor", "timestamp": "2026-09-27 14:18:05", "kind": "INFO", "message": "Skipping extracting external decl ConcurrentMap" }
{ "origin": "CodeQL Kotlin extractor", "timestamp": "2026-09-27 14:18:05", "kind": "INFO", "message": "Will write TRAP file /Users/macbook/Octo/static_analysis_codeql_1/codeql-kotlin.db/trap/java/classes/java/net/http/WebSocket.members/WebSocket.members#65.0-1789983753036-kotlin.trap.gz" }
{ "origin": "CodeQL Kotlin extractor", "timestamp": "2026-09-27 14:18:05", "kind": "INFO", "message": "Finished writing TRAP file /Users/macbook/Octo/static_analysis_codeql_1/codeql-kotlin.db/trap/java/classes/java/net/http/WebSocket.members/WebSocket.members#65.0-1789983753036-kotlin.trap.gz" }
{ "origin": "CodeQL Kotlin extractor", "timestamp": "2026-09-27 14:18:05", "kind": "INFO", "message": "Will write TRAP file /Users/macbook/Octo/static_analysis_codeql_1/codeql-kotlin.db/trap/java/classes/java/net/http/WebSocket$Listener.members/WebSocket$Listener.members#65.0-1789983753036-kotlin.trap.gz" }
{ "origin": "CodeQL Kotlin extractor", "timestamp": "2026-09-27 14:18:05", "kind": "INFO", "message": "Finished writing TRAP file /Users/macbook/Octo/static_analysis_codeql_1/codeql-kotlin.db/trap/java/classes/java/net/http/WebSocket$Listener.members/WebSocket$Listener.members#65.0-1789983753036-kotlin.trap.gz" }
{ "origin": "CodeQL Kotlin extractor", "timestamp": "2026-09-27 14:18:05", "kind": "INFO", "message": "Will write TRAP file /Users/macbook/Octo/static_analysis_codeql_1/codeql-kotlin.db/trap/java/classes/java/util/concurrent/Flow$Processor.members/Flow$Processor.members#65.0-1789983753036-kotlin.trap.gz" }
{ "origin": "CodeQL Kotlin extractor", "timestamp": "2026-09-27 14:18:05", "kind": "INFO", "message": "Finished writing TRAP file /Users/macbook/Octo/static_analysis_codeql_1/codeql-kotlin.db/trap/java/classes/java/util/concurrent/Flow$Processor.members/Flow$Processor.members#65.0-1789983753036-kotlin.trap.gz" }
{ "origin": "CodeQL Kotlin extractor", "timestamp": "2026-09-27 14:18:05", "kind": "INFO", "message": "Will write TRAP file /Users/macbook/Octo/static_analysis_codeql_1/codeql-kotlin.db/trap/java/classes/java/util/concurrent/Flow$Subscription.members/Flow$Subscription.members#65.0-1789983753036-kotlin.trap.gz" }
{ "origin": "CodeQL Kotlin extractor", "timestamp": "2026-09-27 14:18:05", "kind": "INFO", "message": "Finished writing TRAP file /Users/macbook/Octo/static_analysis_codeql_1/codeql-kotlin.db/trap/java/classes/java/util/concurrent/Flow$Subscription.members/Flow$Subscription.members#65.0-1789983753036-kotlin.trap.gz" }
{ "origin": "CodeQL Kotlin extractor", "timestamp": "2026-09-27 14:18:05", "kind": "INFO", "message": "Skipping extracting external decl Throwable" }
{ "origin": "CodeQL Kotlin extractor", "timestamp": "2026-09-27 14:18:05", "kind": "INFO", "message": "Skipping extracting external decl Throwable" }
{ "origin": "CodeQL Kotlin extractor", "timestamp": "2026-09-27 14:18:05", "kind": "INFO", "message": "Skipping extracting external decl Enumeration" }
{ "origin": "CodeQL Kotlin extractor", "timestamp": "2026-09-27 14:18:05", "kind": "INFO", "message": "Skipping extracting external decl Date" }
{ "origin": "CodeQL Kotlin extractor", "timestamp": "2026-09-27 14:18:05", "kind": "INFO", "message": "Skipping extracting external decl BigInteger" }
{ "origin": "CodeQL Kotlin extractor", "timestamp": "2026-09-27 14:18:05", "kind": "INFO", "message": "Will write TRAP file /Users/macbook/Octo/static_analysis_codeql_1/codeql-kotlin.db/trap/java/classes/javax/security/cert/Certificate.members/Certificate.members#65.0-1789983753036-kotlin.trap.gz" }
{ "origin": "CodeQL Kotlin extractor", "timestamp": "2026-09-27 14:18:05", "kind": "INFO", "message": "Finished writing TRAP file /Users/macbook/Octo/static_analysis_codeql_1/codeql-kotlin.db/trap/java/classes/javax/security/cert/Certificate.members/Certificate.members#65.0-1789983753036-kotlin.trap.gz" }
{ "origin": "CodeQL Kotlin extractor", "timestamp": "2026-09-27 14:18:05", "kind": "INFO", "message": "Will write TRAP file /Users/macbook/Octo/static_analysis_codeql_1/codeql-kotlin.db/trap/java/classes/java/security/SecureRandomSpi.members/SecureRandomSpi.members#65.0-1789983753036-kotlin.trap.gz" }
{ "origin": "CodeQL Kotlin extractor", "timestamp": "2026-09-27 14:18:05", "kind": "INFO", "message": "Finished writing TRAP file /Users/macbook/Octo/static_analysis_codeql_1/codeql-kotlin.db/trap/java/classes/java/security/SecureRandomSpi.members/SecureRandomSpi.members#65.0-1789983753036-kotlin.trap.gz" }
{ "origin": "CodeQL Kotlin extractor", "timestamp": "2026-09-27 14:18:05", "kind": "INFO", "message": "Will write TRAP file /Users/macbook/Octo/static_analysis_codeql_1/codeql-kotlin.db/trap/java/classes/java/security/SecureRandomParameters.members/SecureRandomParameters.members#65.0-1789983753036-kotlin.trap.gz" }
{ "origin": "CodeQL Kotlin extractor", "timestamp": "2026-09-27 14:18:05", "kind": "INFO", "message": "Finished writing TRAP file /Users/macbook/Octo/static_analysis_codeql_1/codeql-kotlin.db/trap/java/classes/java/security/SecureRandomParameters.members/SecureRandomParameters.members#65.0-1789983753036-kotlin.trap.gz" }
{ "origin": "CodeQL Kotlin extractor", "timestamp": "2026-09-27 14:18:05", "kind": "INFO", "message": "Skipping extracting external decl Random" }
{ "origin": "CodeQL Kotlin extractor", "timestamp": "2026-09-27 14:18:05", "kind": "INFO", "message": "Skipping extracting external decl RandomGeneratorProperties" }
{ "origin": "CodeQL Kotlin extractor", "timestamp": "2026-09-27 14:18:05", "kind": "INFO", "message": "Will write TRAP file /Users/macbook/Octo/static_analysis_codeql_1/codeql-kotlin.db/trap/java/classes/java/net/Socket.members/Socket.members#65.0-1789983753036-kotlin.trap.gz" }
{ "origin": "CodeQL Kotlin extractor", "timestamp": "2026-09-27 14:18:05", "kind": "INFO", "message": "Finished writing TRAP file /Users/macbook/Octo/static_analysis_codeql_1/codeql-kotlin.db/trap/java/classes/java/net/Socket.members/Socket.members#65.0-1789983753036-kotlin.trap.gz" }
{ "origin": "CodeQL Kotlin extractor", "timestamp": "2026-09-27 14:18:05", "kind": "INFO", "message": "Will write TRAP file /Users/macbook/Octo/static_analysis_codeql_1/codeql-kotlin.db/trap/java/classes/javax/net/SocketFactory.members/SocketFactory.members#65.0-1789983753036-kotlin.trap.gz" }
{ "origin": "CodeQL Kotlin extractor", "timestamp": "2026-09-27 14:18:05", "kind": "INFO", "message": "Finished writing TRAP file /Users/macbook/Octo/static_analysis_codeql_1/codeql-kotlin.db/trap/java/classes/javax/net/SocketFactory.members/SocketFactory.members#65.0-1789983753036-kotlin.trap.gz" }
{ "origin": "CodeQL Kotlin extractor", "timestamp": "2026-09-27 14:18:05", "kind": "INFO", "message": "Will write TRAP file /Users/macbook/Octo/static_analysis_codeql_1/codeql-kotlin.db/trap/java/classes/javax/net/ServerSocketFactory.members/ServerSocketFactory.members#65.0-1789983753036-kotlin.trap.gz" }
{ "origin": "CodeQL Kotlin extractor", "timestamp": "2026-09-27 14:18:05", "kind": "INFO", "message": "Finished writing TRAP file /Users/macbook/Octo/static_analysis_codeql_1/codeql-kotlin.db/trap/java/classes/javax/net/ServerSocketFactory.members/ServerSocketFactory.members#65.0-1789983753036-kotlin.trap.gz" }
{ "origin": "CodeQL Kotlin extractor", "timestamp": "2026-09-27 14:18:05", "kind": "INFO", "message": "Will write TRAP file /Users/macbook/Octo/static_analysis_codeql_1/codeql-kotlin.db/trap/java/classes/javax/net/ssl/SSLEngineResult.members/SSLEngineResult.members#65.0-1789983753036-kotlin.trap.gz" }
{ "origin": "CodeQL Kotlin extractor", "timestamp": "2026-09-27 14:18:05", "kind": "INFO", "message": "Finished writing TRAP file /Users/macbook/Octo/static_analysis_codeql_1/codeql-kotlin.db/trap/java/classes/javax/net/ssl/SSLEngineResult.members/SSLEngineResult.members#65.0-1789983753036-kotlin.trap.gz" }
{ "origin": "CodeQL Kotlin extractor", "timestamp": "2026-09-27 14:18:05", "kind": "INFO", "message": "Skipping extracting external decl Runnable" }
{ "origin": "CodeQL Kotlin extractor", "timestamp": "2026-09-27 14:18:05", "kind": "INFO", "message": "Will write TRAP file /Users/macbook/Octo/static_analysis_codeql_1/codeql-kotlin.db/trap/java/classes/javax/net/ssl/SSLEngineResult$HandshakeStatus.members/SSLEngineResult$HandshakeStatus.members#65.0-1789983753036-kotlin.trap.gz" }
{ "origin": "CodeQL Kotlin extractor", "timestamp": "2026-09-27 14:18:05", "kind": "INFO", "message": "Finished writing TRAP file /Users/macbook/Octo/static_analysis_codeql_1/codeql-kotlin.db/trap/java/classes/javax/net/ssl/SSLEngineResult$HandshakeStatus.members/SSLEngineResult$HandshakeStatus.members#65.0-1789983753036-kotlin.trap.gz" }
{ "origin": "CodeQL Kotlin extractor", "timestamp": "2026-09-27 14:18:05", "kind": "INFO", "message": "Skipping extracting external decl BiFunction" }
{ "origin": "CodeQL Kotlin extractor", "timestamp": "2026-09-27 14:18:05", "kind": "INFO", "message": "Will write TRAP file /Users/macbook/Octo/static_analysis_codeql_1/codeql-kotlin.db/trap/java/classes/java/security/CryptoPrimitive.members/CryptoPrimitive.members#65.0-1789983753036-kotlin.trap.gz" }
{ "origin": "CodeQL Kotlin extractor", "timestamp": "2026-09-27 14:18:05", "kind": "INFO", "message": "Finished writing TRAP file /Users/macbook/Octo/static_analysis_codeql_1/codeql-kotlin.db/trap/java/classes/java/security/CryptoPrimitive.members/CryptoPrimitive.members#65.0-1789983753036-kotlin.trap.gz" }
{ "origin": "CodeQL Kotlin extractor", "timestamp": "2026-09-27 14:18:05", "kind": "INFO", "message": "Skipping extracting external decl Set" }
{ "origin": "CodeQL Kotlin extractor", "timestamp": "2026-09-27 14:18:05", "kind": "INFO", "message": "Skipping extracting external decl MutableSet" }
{ "origin": "CodeQL Kotlin extractor", "timestamp": "2026-09-27 14:18:05", "kind": "INFO", "message": "Will write TRAP file /Users/macbook/Octo/static_analysis_codeql_1/codeql-kotlin.db/trap/java/classes/java/security/AlgorithmParameters.members/AlgorithmParameters.members#65.0-1789983753036-kotlin.trap.gz" }
{ "origin": "CodeQL Kotlin extractor", "timestamp": "2026-09-27 14:18:05", "kind": "INFO", "message": "Finished writing TRAP file /Users/macbook/Octo/static_analysis_codeql_1/codeql-kotlin.db/trap/java/classes/java/security/AlgorithmParameters.members/AlgorithmParameters.members#65.0-1789983753036-kotlin.trap.gz" }
{ "origin": "CodeQL Kotlin extractor", "timestamp": "2026-09-27 14:18:05", "kind": "INFO", "message": "Skipping extracting external decl Key" }
{ "origin": "CodeQL Kotlin extractor", "timestamp": "2026-09-27 14:18:05", "kind": "INFO", "message": "Skipping extracting external decl Character" }
{ "origin": "CodeQL Kotlin extractor", "timestamp": "2026-09-27 14:18:05", "kind": "INFO", "message": "Skipping extracting external decl Char" }
{ "origin": "CodeQL Kotlin extractor", "timestamp": "2026-09-27 14:18:05", "kind": "INFO", "message": "Skipping extracting external decl CharSequence" }
{ "origin": "CodeQL Kotlin extractor", "timestamp": "2026-09-27 14:18:05", "kind": "INFO", "message": "Skipping extracting external decl CharSequence" }
{ "origin": "CodeQL Kotlin extractor", "timestamp": "2026-09-27 14:18:05", "kind": "INFO", "message": "Skipping extracting external decl PublicKey" }
{ "origin": "CodeQL Kotlin extractor", "timestamp": "2026-09-27 14:18:05", "kind": "INFO", "message": "Will write TRAP file /Users/macbook/Octo/static_analysis_codeql_1/codeql-kotlin.db/trap/java/classes/java/net/SocketImpl.members/SocketImpl.members#65.0-1789983753036-kotlin.trap.gz" }
{ "origin": "CodeQL Kotlin extractor", "timestamp": "2026-09-27 14:18:05", "kind": "INFO", "message": "Finished writing TRAP file /Users/macbook/Octo/static_analysis_codeql_1/codeql-kotlin.db/trap/java/classes/java/net/SocketImpl.members/SocketImpl.members#65.0-1789983753036-kotlin.trap.gz" }
{ "origin": "CodeQL Kotlin extractor", "timestamp": "2026-09-27 14:18:05", "kind": "INFO", "message": "Will write TRAP file /Users/macbook/Octo/static_analysis_codeql_1/codeql-kotlin.db/trap/java/classes/java/nio/channels/SocketChannel.members/SocketChannel.members#65.0-1789983753036-kotlin.trap.gz" }
{ "origin": "CodeQL Kotlin extractor", "timestamp": "2026-09-27 14:18:05", "kind": "INFO", "message": "Finished writing TRAP file /Users/macbook/Octo/static_analysis_codeql_1/codeql-kotlin.db/trap/java/classes/java/nio/channels/SocketChannel.members/SocketChannel.members#65.0-1789983753036-kotlin.trap.gz" }
{ "origin": "CodeQL Kotlin extractor", "timestamp": "2026-09-27 14:18:05", "kind": "INFO", "message": "Skipping extracting external decl OutputStream" }
{ "origin": "CodeQL Kotlin extractor", "timestamp": "2026-09-27 14:18:05", "kind": "INFO", "message": "Will write TRAP file /Users/macbook/Octo/static_analysis_codeql_1/codeql-kotlin.db/trap/java/classes/java/net/SocketOption.members/SocketOption.members#65.0-1789983753036-kotlin.trap.gz" }
{ "origin": "CodeQL Kotlin extractor", "timestamp": "2026-09-27 14:18:05", "kind": "INFO", "message": "Finished writing TRAP file /Users/macbook/Octo/static_analysis_codeql_1/codeql-kotlin.db/trap/java/classes/java/net/SocketOption.members/SocketOption.members#65.0-1789983753036-kotlin.trap.gz" }
{ "origin": "CodeQL Kotlin extractor", "timestamp": "2026-09-27 14:18:05", "kind": "INFO", "message": "Will write TRAP file /Users/macbook/Octo/static_analysis_codeql_1/codeql-kotlin.db/trap/java/classes/java/net/SocketImplFactory.members/SocketImplFactory.members#65.0-1789983753036-kotlin.trap.gz" }
{ "origin": "CodeQL Kotlin extractor", "timestamp": "2026-09-27 14:18:05", "kind": "INFO", "message": "Finished writing TRAP file /Users/macbook/Octo/static_analysis_codeql_1/codeql-kotlin.db/trap/java/classes/java/net/SocketImplFactory.members/SocketImplFactory.members#65.0-1789983753036-kotlin.trap.gz" }
{ "origin": "CodeQL Kotlin extractor", "timestamp": "2026-09-27 14:18:05", "kind": "INFO", "message": "Skipping extracting external decl Closeable" }
{ "origin": "CodeQL Kotlin extractor", "timestamp": "2026-09-27 14:18:05", "kind": "INFO", "message": "Will write TRAP file /Users/macbook/Octo/static_analysis_codeql_1/codeql-kotlin.db/trap/java/classes/java/net/ServerSocket.members/ServerSocket.members#65.0-1789983753036-kotlin.trap.gz" }
{ "origin": "CodeQL Kotlin extractor", "timestamp": "2026-09-27 14:18:05", "kind": "INFO", "message": "Finished writing TRAP file /Users/macbook/Octo/static_analysis_codeql_1/codeql-kotlin.db/trap/java/classes/java/net/ServerSocket.members/ServerSocket.members#65.0-1789983753036-kotlin.trap.gz" }
{ "origin": "CodeQL Kotlin extractor", "timestamp": "2026-09-27 14:18:05", "kind": "INFO", "message": "Will write TRAP file /Users/macbook/Octo/static_analysis_codeql_1/codeql-kotlin.db/trap/java/classes/javax/net/ssl/SSLEngineResult$Status.members/SSLEngineResult$Status.members#65.0-1789983753036-kotlin.trap.gz" }
{ "origin": "CodeQL Kotlin extractor", "timestamp": "2026-09-27 14:18:05", "kind": "INFO", "message": "Finished writing TRAP file /Users/macbook/Octo/static_analysis_codeql_1/codeql-kotlin.db/trap/java/classes/javax/net/ssl/SSLEngineResult$Status.members/SSLEngineResult$Status.members#65.0-1789983753036-kotlin.trap.gz" }
{ "origin": "CodeQL Kotlin extractor", "timestamp": "2026-09-27 14:18:05", "kind": "INFO", "message": "Will write TRAP file /Users/macbook/Octo/static_analysis_codeql_1/codeql-kotlin.db/trap/java/classes/java/security/AlgorithmParametersSpi.members/AlgorithmParametersSpi.members#65.0-1789983753036-kotlin.trap.gz" }
{ "origin": "CodeQL Kotlin extractor", "timestamp": "2026-09-27 14:18:05", "kind": "INFO", "message": "Finished writing TRAP file /Users/macbook/Octo/static_analysis_codeql_1/codeql-kotlin.db/trap/java/classes/java/security/AlgorithmParametersSpi.members/AlgorithmParametersSpi.members#65.0-1789983753036-kotlin.trap.gz" }
{ "origin": "CodeQL Kotlin extractor", "timestamp": "2026-09-27 14:18:05", "kind": "INFO", "message": "Will write TRAP file /Users/macbook/Octo/static_analysis_codeql_1/codeql-kotlin.db/trap/java/classes/java/security/spec/AlgorithmParameterSpec.members/AlgorithmParameterSpec.members#65.0-1789983753036-kotlin.trap.gz" }
{ "origin": "CodeQL Kotlin extractor", "timestamp": "2026-09-27 14:18:05", "kind": "INFO", "message": "Finished writing TRAP file /Users/macbook/Octo/static_analysis_codeql_1/codeql-kotlin.db/trap/java/classes/java/security/spec/AlgorithmParameterSpec.members/AlgorithmParameterSpec.members#65.0-1789983753036-kotlin.trap.gz" }
{ "origin": "CodeQL Kotlin extractor", "timestamp": "2026-09-27 14:18:05", "kind": "INFO", "message": "Skipping extracting external decl FileDescriptor" }
{ "origin": "CodeQL Kotlin extractor", "timestamp": "2026-09-27 14:18:05", "kind": "INFO", "message": "Will write TRAP file /Users/macbook/Octo/static_analysis_codeql_1/codeql-kotlin.db/trap/java/classes/sun/net/PlatformSocketImpl.members/PlatformSocketImpl.members#65.0-1789983753036-kotlin.trap.gz" }
{ "origin": "CodeQL Kotlin extractor", "timestamp": "2026-09-27 14:18:05", "kind": "INFO", "message": "Finished writing TRAP file /Users/macbook/Octo/static_analysis_codeql_1/codeql-kotlin.db/trap/java/classes/sun/net/PlatformSocketImpl.members/PlatformSocketImpl.members#65.0-1789983753036-kotlin.trap.gz" }
{ "origin": "CodeQL Kotlin extractor", "timestamp": "2026-09-27 14:18:05", "kind": "INFO", "message": "Will write TRAP file /Users/macbook/Octo/static_analysis_codeql_1/codeql-kotlin.db/trap/java/classes/java/net/SocketOptions.members/SocketOptions.members#65.0-1789983753036-kotlin.trap.gz" }
{ "origin": "CodeQL Kotlin extractor", "timestamp": "2026-09-27 14:18:05", "kind": "INFO", "message": "Finished writing TRAP file /Users/macbook/Octo/static_analysis_codeql_1/codeql-kotlin.db/trap/java/classes/java/net/SocketOptions.members/SocketOptions.members#65.0-1789983753036-kotlin.trap.gz" }
{ "origin": "CodeQL Kotlin extractor", "timestamp": "2026-09-27 14:18:05", "kind": "INFO", "message": "Will write TRAP file /Users/macbook/Octo/static_analysis_codeql_1/codeql-kotlin.db/trap/java/classes/java/nio/channels/spi/SelectorProvider.members/SelectorProvider.members#65.0-1789983753036-kotlin.trap.gz" }
{ "origin": "CodeQL Kotlin extractor", "timestamp": "2026-09-27 14:18:05", "kind": "INFO", "message": "Finished writing TRAP file /Users/macbook/Octo/static_analysis_codeql_1/codeql-kotlin.db/trap/java/classes/java/nio/channels/spi/SelectorProvider.members/SelectorProvider.members#65.0-1789983753036-kotlin.trap.gz" }
{ "origin": "CodeQL Kotlin extractor", "timestamp": "2026-09-27 14:18:05", "kind": "INFO", "message": "Will write TRAP file /Users/macbook/Octo/static_analysis_codeql_1/codeql-kotlin.db/trap/java/classes/java/net/ProtocolFamily.members/ProtocolFamily.members#65.0-1789983753036-kotlin.trap.gz" }
{ "origin": "CodeQL Kotlin extractor", "timestamp": "2026-09-27 14:18:05", "kind": "INFO", "message": "Finished writing TRAP file /Users/macbook/Octo/static_analysis_codeql_1/codeql-kotlin.db/trap/java/classes/java/net/ProtocolFamily.members/ProtocolFamily.members#65.0-1789983753036-kotlin.trap.gz" }
{ "origin": "CodeQL Kotlin extractor", "timestamp": "2026-09-27 14:18:05", "kind": "INFO", "message": "Will write TRAP file /Users/macbook/Octo/static_analysis_codeql_1/codeql-kotlin.db/trap/java/classes/java/nio/channels/spi/AbstractSelectableChannel.members/AbstractSelectableChannel.members#65.0-1789983753036-kotlin.trap.gz" }
{ "origin": "CodeQL Kotlin extractor", "timestamp": "2026-09-27 14:18:05", "kind": "INFO", "message": "Finished writing TRAP file /Users/macbook/Octo/static_analysis_codeql_1/codeql-kotlin.db/trap/java/classes/java/nio/channels/spi/AbstractSelectableChannel.members/AbstractSelectableChannel.members#65.0-1789983753036-kotlin.trap.gz" }
{ "origin": "CodeQL Kotlin extractor", "timestamp": "2026-09-27 14:18:05", "kind": "INFO", "message": "Skipping extracting external decl ByteChannel" }
{ "origin": "CodeQL Kotlin extractor", "timestamp": "2026-09-27 14:18:05", "kind": "INFO", "message": "Skipping extracting external decl ScatteringByteChannel" }
{ "origin": "CodeQL Kotlin extractor", "timestamp": "2026-09-27 14:18:05", "kind": "INFO", "message": "Skipping extracting external decl GatheringByteChannel" }
{ "origin": "CodeQL Kotlin extractor", "timestamp": "2026-09-27 14:18:05", "kind": "INFO", "message": "Will write TRAP file /Users/macbook/Octo/static_analysis_codeql_1/codeql-kotlin.db/trap/java/classes/java/nio/channels/NetworkChannel.members/NetworkChannel.members#65.0-1789983753036-kotlin.trap.gz" }
{ "origin": "CodeQL Kotlin extractor", "timestamp": "2026-09-27 14:18:05", "kind": "INFO", "message": "Finished writing TRAP file /Users/macbook/Octo/static_analysis_codeql_1/codeql-kotlin.db/trap/java/classes/java/nio/channels/NetworkChannel.members/NetworkChannel.members#65.0-1789983753036-kotlin.trap.gz" }
{ "origin": "CodeQL Kotlin extractor", "timestamp": "2026-09-27 14:18:05", "kind": "INFO", "message": "Will write TRAP file /Users/macbook/Octo/static_analysis_codeql_1/codeql-kotlin.db/trap/java/classes/java/nio/channels/ServerSocketChannel.members/ServerSocketChannel.members#65.0-1789983753036-kotlin.trap.gz" }
{ "origin": "CodeQL Kotlin extractor", "timestamp": "2026-09-27 14:18:05", "kind": "INFO", "message": "Finished writing TRAP file /Users/macbook/Octo/static_analysis_codeql_1/codeql-kotlin.db/trap/java/classes/java/nio/channels/ServerSocketChannel.members/ServerSocketChannel.members#65.0-1789983753036-kotlin.trap.gz" }
{ "origin": "CodeQL Kotlin extractor", "timestamp": "2026-09-27 14:18:05", "kind": "INFO", "message": "Will write TRAP file /Users/macbook/Octo/static_analysis_codeql_1/codeql-kotlin.db/trap/java/classes/java/nio/channels/DatagramChannel.members/DatagramChannel.members#65.0-1789983753036-kotlin.trap.gz" }
{ "origin": "CodeQL Kotlin extractor", "timestamp": "2026-09-27 14:18:05", "kind": "INFO", "message": "Finished writing TRAP file /Users/macbook/Octo/static_analysis_codeql_1/codeql-kotlin.db/trap/java/classes/java/nio/channels/DatagramChannel.members/DatagramChannel.members#65.0-1789983753036-kotlin.trap.gz" }
{ "origin": "CodeQL Kotlin extractor", "timestamp": "2026-09-27 14:18:05", "kind": "INFO", "message": "Will write TRAP file /Users/macbook/Octo/static_analysis_codeql_1/codeql-kotlin.db/trap/java/classes/java/nio/channels/Pipe.members/Pipe.members#65.0-1789983753036-kotlin.trap.gz" }
{ "origin": "CodeQL Kotlin extractor", "timestamp": "2026-09-27 14:18:05", "kind": "INFO", "message": "Finished writing TRAP file /Users/macbook/Octo/static_analysis_codeql_1/codeql-kotlin.db/trap/java/classes/java/nio/channels/Pipe.members/Pipe.members#65.0-1789983753036-kotlin.trap.gz" }
{ "origin": "CodeQL Kotlin extractor", "timestamp": "2026-09-27 14:18:05", "kind": "INFO", "message": "Will write TRAP file /Users/macbook/Octo/static_analysis_codeql_1/codeql-kotlin.db/trap/java/classes/java/nio/channels/spi/AbstractSelector.members/AbstractSelector.members#65.0-1789983753036-kotlin.trap.gz" }
{ "origin": "CodeQL Kotlin extractor", "timestamp": "2026-09-27 14:18:05", "kind": "INFO", "message": "Finished writing TRAP file /Users/macbook/Octo/static_analysis_codeql_1/codeql-kotlin.db/trap/java/classes/java/nio/channels/spi/AbstractSelector.members/AbstractSelector.members#65.0-1789983753036-kotlin.trap.gz" }
{ "origin": "CodeQL Kotlin extractor", "timestamp": "2026-09-27 14:18:05", "kind": "INFO", "message": "Skipping extracting external decl Channel" }
{ "origin": "CodeQL Kotlin extractor", "timestamp": "2026-09-27 14:18:05", "kind": "INFO", "message": "Will write TRAP file /Users/macbook/Octo/static_analysis_codeql_1/codeql-kotlin.db/trap/java/classes/java/nio/channels/SelectionKey.members/SelectionKey.members#65.0-1789983753036-kotlin.trap.gz" }
{ "origin": "CodeQL Kotlin extractor", "timestamp": "2026-09-27 14:18:05", "kind": "INFO", "message": "Finished writing TRAP file /Users/macbook/Octo/static_analysis_codeql_1/codeql-kotlin.db/trap/java/classes/java/nio/channels/SelectionKey.members/SelectionKey.members#65.0-1789983753036-kotlin.trap.gz" }
{ "origin": "CodeQL Kotlin extractor", "timestamp": "2026-09-27 14:18:05", "kind": "INFO", "message": "Will write TRAP file /Users/macbook/Octo/static_analysis_codeql_1/codeql-kotlin.db/trap/java/classes/java/nio/channels/Selector.members/Selector.members#65.0-1789983753036-kotlin.trap.gz" }
{ "origin": "CodeQL Kotlin extractor", "timestamp": "2026-09-27 14:18:05", "kind": "INFO", "message": "Finished writing TRAP file /Users/macbook/Octo/static_analysis_codeql_1/codeql-kotlin.db/trap/java/classes/java/nio/channels/Selector.members/Selector.members#65.0-1789983753036-kotlin.trap.gz" }
{ "origin": "CodeQL Kotlin extractor", "timestamp": "2026-09-27 14:18:05", "kind": "INFO", "message": "Will write TRAP file /Users/macbook/Octo/static_analysis_codeql_1/codeql-kotlin.db/trap/java/classes/java/nio/channels/SelectableChannel.members/SelectableChannel.members#65.0-1789983753036-kotlin.trap.gz" }
{ "origin": "CodeQL Kotlin extractor", "timestamp": "2026-09-27 14:18:05", "kind": "INFO", "message": "Finished writing TRAP file /Users/macbook/Octo/static_analysis_codeql_1/codeql-kotlin.db/trap/java/classes/java/nio/channels/SelectableChannel.members/SelectableChannel.members#65.0-1789983753036-kotlin.trap.gz" }
{ "origin": "CodeQL Kotlin extractor", "timestamp": "2026-09-27 14:18:05", "kind": "INFO", "message": "Will write TRAP file /Users/macbook/Octo/static_analysis_codeql_1/codeql-kotlin.db/trap/java/classes/java/net/DatagramSocket.members/DatagramSocket.members#65.0-1789983753036-kotlin.trap.gz" }
{ "origin": "CodeQL Kotlin extractor", "timestamp": "2026-09-27 14:18:05", "kind": "INFO", "message": "Finished writing TRAP file /Users/macbook/Octo/static_analysis_codeql_1/codeql-kotlin.db/trap/java/classes/java/net/DatagramSocket.members/DatagramSocket.members#65.0-1789983753036-kotlin.trap.gz" }
{ "origin": "CodeQL Kotlin extractor", "timestamp": "2026-09-27 14:18:05", "kind": "INFO", "message": "Will write TRAP file /Users/macbook/Octo/static_analysis_codeql_1/codeql-kotlin.db/trap/java/classes/java/nio/channels/MulticastChannel.members/MulticastChannel.members#65.0-1789983753036-kotlin.trap.gz" }
{ "origin": "CodeQL Kotlin extractor", "timestamp": "2026-09-27 14:18:05", "kind": "INFO", "message": "Finished writing TRAP file /Users/macbook/Octo/static_analysis_codeql_1/codeql-kotlin.db/trap/java/classes/java/nio/channels/MulticastChannel.members/MulticastChannel.members#65.0-1789983753036-kotlin.trap.gz" }
{ "origin": "CodeQL Kotlin extractor", "timestamp": "2026-09-27 14:18:05", "kind": "INFO", "message": "Will write TRAP file /Users/macbook/Octo/static_analysis_codeql_1/codeql-kotlin.db/trap/java/classes/java/nio/channels/Pipe$SinkChannel.members/Pipe$SinkChannel.members#65.0-1789983753036-kotlin.trap.gz" }
{ "origin": "CodeQL Kotlin extractor", "timestamp": "2026-09-27 14:18:05", "kind": "INFO", "message": "Finished writing TRAP file /Users/macbook/Octo/static_analysis_codeql_1/codeql-kotlin.db/trap/java/classes/java/nio/channels/Pipe$SinkChannel.members/Pipe$SinkChannel.members#65.0-1789983753036-kotlin.trap.gz" }
{ "origin": "CodeQL Kotlin extractor", "timestamp": "2026-09-27 14:18:05", "kind": "INFO", "message": "Will write TRAP file /Users/macbook/Octo/static_analysis_codeql_1/codeql-kotlin.db/trap/java/classes/java/nio/channels/Pipe$SourceChannel.members/Pipe$SourceChannel.members#65.0-1789983753036-kotlin.trap.gz" }
{ "origin": "CodeQL Kotlin extractor", "timestamp": "2026-09-27 14:18:05", "kind": "INFO", "message": "Finished writing TRAP file /Users/macbook/Octo/static_analysis_codeql_1/codeql-kotlin.db/trap/java/classes/java/nio/channels/Pipe$SourceChannel.members/Pipe$SourceChannel.members#65.0-1789983753036-kotlin.trap.gz" }
{ "origin": "CodeQL Kotlin extractor", "timestamp": "2026-09-27 14:18:05", "kind": "INFO", "message": "Will write TRAP file /Users/macbook/Octo/static_analysis_codeql_1/codeql-kotlin.db/trap/java/classes/java/nio/channels/spi/AbstractSelectionKey.members/AbstractSelectionKey.members#65.0-1789983753036-kotlin.trap.gz" }
{ "origin": "CodeQL Kotlin extractor", "timestamp": "2026-09-27 14:18:05", "kind": "INFO", "message": "Finished writing TRAP file /Users/macbook/Octo/static_analysis_codeql_1/codeql-kotlin.db/trap/java/classes/java/nio/channels/spi/AbstractSelectionKey.members/AbstractSelectionKey.members#65.0-1789983753036-kotlin.trap.gz" }
{ "origin": "CodeQL Kotlin extractor", "timestamp": "2026-09-27 14:18:05", "kind": "INFO", "message": "Skipping extracting external decl AbstractInterruptibleChannel" }
{ "origin": "CodeQL Kotlin extractor", "timestamp": "2026-09-27 14:18:05", "kind": "INFO", "message": "Will write TRAP file /Users/macbook/Octo/static_analysis_codeql_1/codeql-kotlin.db/trap/java/classes/java/net/DatagramSocketImpl.members/DatagramSocketImpl.members#65.0-1789983753036-kotlin.trap.gz" }
{ "origin": "CodeQL Kotlin extractor", "timestamp": "2026-09-27 14:18:05", "kind": "INFO", "message": "Finished writing TRAP file /Users/macbook/Octo/static_analysis_codeql_1/codeql-kotlin.db/trap/java/classes/java/net/DatagramSocketImpl.members/DatagramSocketImpl.members#65.0-1789983753036-kotlin.trap.gz" }
{ "origin": "CodeQL Kotlin extractor", "timestamp": "2026-09-27 14:18:05", "kind": "INFO", "message": "Will write TRAP file /Users/macbook/Octo/static_analysis_codeql_1/codeql-kotlin.db/trap/java/classes/java/net/DatagramPacket.members/DatagramPacket.members#65.0-1789983753036-kotlin.trap.gz" }
{ "origin": "CodeQL Kotlin extractor", "timestamp": "2026-09-27 14:18:05", "kind": "INFO", "message": "Finished writing TRAP file /Users/macbook/Octo/static_analysis_codeql_1/codeql-kotlin.db/trap/java/classes/java/net/DatagramPacket.members/DatagramPacket.members#65.0-1789983753036-kotlin.trap.gz" }
{ "origin": "CodeQL Kotlin extractor", "timestamp": "2026-09-27 14:18:05", "kind": "INFO", "message": "Skipping extracting external decl NetworkInterface" }
{ "origin": "CodeQL Kotlin extractor", "timestamp": "2026-09-27 14:18:05", "kind": "INFO", "message": "Will write TRAP file /Users/macbook/Octo/static_analysis_codeql_1/codeql-kotlin.db/trap/java/classes/java/net/DatagramSocketImplFactory.members/DatagramSocketImplFactory.members#65.0-1789983753036-kotlin.trap.gz" }
{ "origin": "CodeQL Kotlin extractor", "timestamp": "2026-09-27 14:18:05", "kind": "INFO", "message": "Finished writing TRAP file /Users/macbook/Octo/static_analysis_codeql_1/codeql-kotlin.db/trap/java/classes/java/net/DatagramSocketImplFactory.members/DatagramSocketImplFactory.members#65.0-1789983753036-kotlin.trap.gz" }
{ "origin": "CodeQL Kotlin extractor", "timestamp": "2026-09-27 14:18:05", "kind": "INFO", "message": "Will write TRAP file /Users/macbook/Octo/static_analysis_codeql_1/codeql-kotlin.db/trap/java/classes/java/nio/channels/MembershipKey.members/MembershipKey.members#65.0-1789983753036-kotlin.trap.gz" }
{ "origin": "CodeQL Kotlin extractor", "timestamp": "2026-09-27 14:18:05", "kind": "INFO", "message": "Finished writing TRAP file /Users/macbook/Octo/static_analysis_codeql_1/codeql-kotlin.db/trap/java/classes/java/nio/channels/MembershipKey.members/MembershipKey.members#65.0-1789983753036-kotlin.trap.gz" }
{ "origin": "CodeQL Kotlin extractor", "timestamp": "2026-09-27 14:18:05", "kind": "INFO", "message": "Skipping extracting external decl WritableByteChannel" }
{ "origin": "CodeQL Kotlin extractor", "timestamp": "2026-09-27 14:18:05", "kind": "INFO", "message": "Skipping extracting external decl ReadableByteChannel" }
{ "origin": "CodeQL Kotlin extractor", "timestamp": "2026-09-27 14:18:06", "kind": "INFO", "message": "Finished writing TRAP file /Users/macbook/Octo/static_analysis_codeql_1/codeql-kotlin.db/trap/java/Users/macbook/Octo/modules/control-panel/src/main/kotlin/com/octo/controlpanel/judgment/JdkHttpTransport.kt.trap.gz" }
{ "origin": "CodeQL Kotlin extractor", "timestamp": "2026-09-27 14:18:06", "kind": "INFO", "message": "Extracting file /Users/macbook/Octo/modules/control-panel/src/main/kotlin/com/octo/controlpanel/judgment/JudgmentAnswer.kt" }
{ "origin": "CodeQL Kotlin extractor", "timestamp": "2026-09-27 14:18:06", "kind": "INFO", "message": "Will write TRAP file /Users/macbook/Octo/static_analysis_codeql_1/codeql-kotlin.db/trap/java/Users/macbook/Octo/modules/control-panel/src/main/kotlin/com/octo/controlpanel/judgment/JudgmentAnswer.kt.trap.gz" }
{ "origin": "CodeQL Kotlin extractor", "timestamp": "2026-09-27 14:18:06", "kind": "INFO", "message": "Will write TRAP file /Users/macbook/Octo/static_analysis_codeql_1/codeql-kotlin.db/trap/java/classes/com/octo/controlpanel/judgment/JudgmentAnswer.members/JudgmentAnswer.members#0.0-0-kotlin.trap.gz" }
{ "origin": "CodeQL Kotlin extractor", "timestamp": "2026-09-27 14:18:06", "kind": "INFO", "message": "Finished writing TRAP file /Users/macbook/Octo/static_analysis_codeql_1/codeql-kotlin.db/trap/java/classes/com/octo/controlpanel/judgment/JudgmentAnswer.members/JudgmentAnswer.members#0.0-0-kotlin.trap.gz" }
{ "origin": "CodeQL Kotlin extractor", "timestamp": "2026-09-27 14:18:06", "kind": "INFO", "message": "Will write TRAP file /Users/macbook/Octo/static_analysis_codeql_1/codeql-kotlin.db/trap/java/classes/com/octo/controlpanel/judgment/NoulAnswer.members/NoulAnswer.members#0.0-0-kotlin.trap.gz" }
{ "origin": "CodeQL Kotlin extractor", "timestamp": "2026-09-27 14:18:06", "kind": "INFO", "message": "Finished writing TRAP file /Users/macbook/Octo/static_analysis_codeql_1/codeql-kotlin.db/trap/java/classes/com/octo/controlpanel/judgment/NoulAnswer.members/NoulAnswer.members#0.0-0-kotlin.trap.gz" }
{ "origin": "CodeQL Kotlin extractor", "timestamp": "2026-09-27 14:18:06", "kind": "INFO", "message": "Will write TRAP file /Users/macbook/Octo/static_analysis_codeql_1/codeql-kotlin.db/trap/java/classes/com/octo/controlpanel/judgment/ChoiceAnswer.members/ChoiceAnswer.members#0.0-0-kotlin.trap.gz" }
{ "origin": "CodeQL Kotlin extractor", "timestamp": "2026-09-27 14:18:06", "kind": "INFO", "message": "Finished writing TRAP file /Users/macbook/Octo/static_analysis_codeql_1/codeql-kotlin.db/trap/java/classes/com/octo/controlpanel/judgment/ChoiceAnswer.members/ChoiceAnswer.members#0.0-0-kotlin.trap.gz" }
{ "origin": "CodeQL Kotlin extractor", "timestamp": "2026-09-27 14:18:06", "kind": "INFO", "message": "Will write TRAP file /Users/macbook/Octo/static_analysis_codeql_1/codeql-kotlin.db/trap/java/classes/com/octo/controlpanel/judgment/ScoreAnswer.members/ScoreAnswer.members#0.0-0-kotlin.trap.gz" }
{ "origin": "CodeQL Kotlin extractor", "timestamp": "2026-09-27 14:18:06", "kind": "INFO", "message": "Finished writing TRAP file /Users/macbook/Octo/static_analysis_codeql_1/codeql-kotlin.db/trap/java/classes/com/octo/controlpanel/judgment/ScoreAnswer.members/ScoreAnswer.members#0.0-0-kotlin.trap.gz" }
{ "origin": "CodeQL Kotlin extractor", "timestamp": "2026-09-27 14:18:06", "kind": "INFO", "message": "Will write TRAP file /Users/macbook/Octo/static_analysis_codeql_1/codeql-kotlin.db/trap/java/classes/com/octo/controlpanel/judgment/JudgmentAnswerKt.members/JudgmentAnswerKt.members#0.0-0-kotlin.trap.gz" }
{ "origin": "CodeQL Kotlin extractor", "timestamp": "2026-09-27 14:18:06", "kind": "INFO", "message": "Finished writing TRAP file /Users/macbook/Octo/static_analysis_codeql_1/codeql-kotlin.db/trap/java/classes/com/octo/controlpanel/judgment/JudgmentAnswerKt.members/JudgmentAnswerKt.members#0.0-0-kotlin.trap.gz" }
{ "origin": "CodeQL Kotlin extractor", "timestamp": "2026-09-27 14:18:06", "kind": "INFO", "message": "Skipping extracting external decl String" }
{ "origin": "CodeQL Kotlin extractor", "timestamp": "2026-09-27 14:18:06", "kind": "INFO", "message": "Skipping extracting external decl String" }
{ "origin": "CodeQL Kotlin extractor", "timestamp": "2026-09-27 14:18:06", "kind": "INFO", "message": "Skipping extracting external decl NotNull" }
{ "origin": "CodeQL Kotlin extractor", "timestamp": "2026-09-27 14:18:06", "kind": "INFO", "message": "Skipping extracting external decl Object" }
{ "origin": "CodeQL Kotlin extractor", "timestamp": "2026-09-27 14:18:06", "kind": "INFO", "message": "Skipping extracting external decl Any" }
{ "origin": "CodeQL Kotlin extractor", "timestamp": "2026-09-27 14:18:06", "kind": "INFO", "message": "Will write TRAP file /Users/macbook/Octo/static_analysis_codeql_1/codeql-kotlin.db/trap/java/classes/com/fasterxml/jackson/annotation/JsonSubTypes.members/JsonSubTypes.members#50.0-1752885240000-kotlin.trap.gz" }
{ "origin": "CodeQL Kotlin extractor", "timestamp": "2026-09-27 14:18:06", "kind": "INFO", "message": "Finished writing TRAP file /Users/macbook/Octo/static_analysis_codeql_1/codeql-kotlin.db/trap/java/classes/com/fasterxml/jackson/annotation/JsonSubTypes.members/JsonSubTypes.members#50.0-1752885240000-kotlin.trap.gz" }
{ "origin": "CodeQL Kotlin extractor", "timestamp": "2026-09-27 14:18:06", "kind": "INFO", "message": "Will write TRAP file /Users/macbook/Octo/static_analysis_codeql_1/codeql-kotlin.db/trap/java/classes/com/fasterxml/jackson/annotation/JsonSubTypes$Type.members/JsonSubTypes$Type.members#50.0-1752885240000-kotlin.trap.gz" }
{ "origin": "CodeQL Kotlin extractor", "timestamp": "2026-09-27 14:18:06", "kind": "INFO", "message": "Finished writing TRAP file /Users/macbook/Octo/static_analysis_codeql_1/codeql-kotlin.db/trap/java/classes/com/fasterxml/jackson/annotation/JsonSubTypes$Type.members/JsonSubTypes$Type.members#50.0-1752885240000-kotlin.trap.gz" }
{ "origin": "CodeQL Kotlin extractor", "timestamp": "2026-09-27 14:18:06", "kind": "INFO", "message": "Skipping extracting external decl Cloneable" }
{ "origin": "CodeQL Kotlin extractor", "timestamp": "2026-09-27 14:18:06", "kind": "INFO", "message": "Skipping extracting external decl Cloneable" }
{ "origin": "CodeQL Kotlin extractor", "timestamp": "2026-09-27 14:18:06", "kind": "INFO", "message": "Skipping extracting external decl Serializable" }
{ "origin": "CodeQL Kotlin extractor", "timestamp": "2026-09-27 14:18:06", "kind": "INFO", "message": "Skipping extracting external decl Integer" }
{ "origin": "CodeQL Kotlin extractor", "timestamp": "2026-09-27 14:18:06", "kind": "INFO", "message": "Skipping extracting external decl Int" }
{ "origin": "CodeQL Kotlin extractor", "timestamp": "2026-09-27 14:18:06", "kind": "INFO", "message": "Skipping extracting external decl Class" }
{ "origin": "CodeQL Kotlin extractor", "timestamp": "2026-09-27 14:18:06", "kind": "INFO", "message": "Skipping extracting external decl GenericDeclaration" }
{ "origin": "CodeQL Kotlin extractor", "timestamp": "2026-09-27 14:18:06", "kind": "INFO", "message": "Skipping extracting external decl Type" }
{ "origin": "CodeQL Kotlin extractor", "timestamp": "2026-09-27 14:18:06", "kind": "INFO", "message": "Skipping extracting external decl AnnotatedElement" }
{ "origin": "CodeQL Kotlin extractor", "timestamp": "2026-09-27 14:18:06", "kind": "INFO", "message": "Skipping extracting external decl OfField" }
{ "origin": "CodeQL Kotlin extractor", "timestamp": "2026-09-27 14:18:06", "kind": "INFO", "message": "Skipping extracting external decl TypeDescriptor" }
{ "origin": "CodeQL Kotlin extractor", "timestamp": "2026-09-27 14:18:06", "kind": "INFO", "message": "Skipping extracting external decl Constable" }
{ "origin": "CodeQL Kotlin extractor", "timestamp": "2026-09-27 14:18:06", "kind": "INFO", "message": "Skipping extracting external decl Boolean" }
{ "origin": "CodeQL Kotlin extractor", "timestamp": "2026-09-27 14:18:06", "kind": "INFO", "message": "Skipping extracting external decl Boolean" }
{ "origin": "CodeQL Kotlin extractor", "timestamp": "2026-09-27 14:18:06", "kind": "INFO", "message": "Will write TRAP file /Users/macbook/Octo/static_analysis_codeql_1/codeql-kotlin.db/trap/java/classes/com/fasterxml/jackson/annotation/JsonTypeInfo.members/JsonTypeInfo.members#50.0-1752885240000-kotlin.trap.gz" }
{ "origin": "CodeQL Kotlin extractor", "timestamp": "2026-09-27 14:18:06", "kind": "INFO", "message": "Finished writing TRAP file /Users/macbook/Octo/static_analysis_codeql_1/codeql-kotlin.db/trap/java/classes/com/fasterxml/jackson/annotation/JsonTypeInfo.members/JsonTypeInfo.members#50.0-1752885240000-kotlin.trap.gz" }
{ "origin": "CodeQL Kotlin extractor", "timestamp": "2026-09-27 14:18:06", "kind": "INFO", "message": "Will write TRAP file /Users/macbook/Octo/static_analysis_codeql_1/codeql-kotlin.db/trap/java/classes/com/fasterxml/jackson/annotation/JsonTypeInfo$Id.members/JsonTypeInfo$Id.members#50.0-1752885240000-kotlin.trap.gz" }
{ "origin": "CodeQL Kotlin extractor", "timestamp": "2026-09-27 14:18:06", "kind": "INFO", "message": "Finished writing TRAP file /Users/macbook/Octo/static_analysis_codeql_1/codeql-kotlin.db/trap/java/classes/com/fasterxml/jackson/annotation/JsonTypeInfo$Id.members/JsonTypeInfo$Id.members#50.0-1752885240000-kotlin.trap.gz" }
{ "origin": "CodeQL Kotlin extractor", "timestamp": "2026-09-27 14:18:06", "kind": "INFO", "message": "Will write TRAP file /Users/macbook/Octo/static_analysis_codeql_1/codeql-kotlin.db/trap/java/classes/com/fasterxml/jackson/annotation/JsonTypeInfo$As.members/JsonTypeInfo$As.members#50.0-1752885240000-kotlin.trap.gz" }
{ "origin": "CodeQL Kotlin extractor", "timestamp": "2026-09-27 14:18:06", "kind": "INFO", "message": "Finished writing TRAP file /Users/macbook/Octo/static_analysis_codeql_1/codeql-kotlin.db/trap/java/classes/com/fasterxml/jackson/annotation/JsonTypeInfo$As.members/JsonTypeInfo$As.members#50.0-1752885240000-kotlin.trap.gz" }
{ "origin": "CodeQL Kotlin extractor", "timestamp": "2026-09-27 14:18:06", "kind": "INFO", "message": "Will write TRAP file /Users/macbook/Octo/static_analysis_codeql_1/codeql-kotlin.db/trap/java/classes/com/fasterxml/jackson/annotation/OptBoolean.members/OptBoolean.members#50.0-1752885240000-kotlin.trap.gz" }
{ "origin": "CodeQL Kotlin extractor", "timestamp": "2026-09-27 14:18:06", "kind": "INFO", "message": "Finished writing TRAP file /Users/macbook/Octo/static_analysis_codeql_1/codeql-kotlin.db/trap/java/classes/com/fasterxml/jackson/annotation/OptBoolean.members/OptBoolean.members#50.0-1752885240000-kotlin.trap.gz" }
{ "origin": "CodeQL Kotlin extractor", "timestamp": "2026-09-27 14:18:06", "kind": "INFO", "message": "Skipping extracting external decl Double" }
{ "origin": "CodeQL Kotlin extractor", "timestamp": "2026-09-27 14:18:06", "kind": "INFO", "message": "Skipping extracting external decl Double" }
{ "origin": "CodeQL Kotlin extractor", "timestamp": "2026-09-27 14:18:06", "kind": "INFO", "message": "Skipping extracting external decl Unit" }
{ "origin": "CodeQL Kotlin extractor", "timestamp": "2026-09-27 14:18:06", "kind": "INFO", "message": "Skipping extracting external decl Map" }
{ "origin": "CodeQL Kotlin extractor", "timestamp": "2026-09-27 14:18:06", "kind": "INFO", "message": "Skipping extracting external decl Map" }
{ "origin": "CodeQL Kotlin extractor", "timestamp": "2026-09-27 14:18:06", "kind": "INFO", "message": "Skipping extracting external decl Deprecated" }
{ "origin": "CodeQL Kotlin extractor", "timestamp": "2026-09-27 14:18:06", "kind": "INFO", "message": "Skipping extracting external decl Annotation" }
{ "origin": "CodeQL Kotlin extractor", "timestamp": "2026-09-27 14:18:06", "kind": "INFO", "message": "Skipping extracting external decl Annotation" }
{ "origin": "CodeQL Kotlin extractor", "timestamp": "2026-09-27 14:18:06", "kind": "INFO", "message": "Will write TRAP file /Users/macbook/Octo/static_analysis_codeql_1/codeql-kotlin.db/trap/java/classes/com/fasterxml/jackson/annotation/JacksonAnnotation.members/JacksonAnnotation.members#50.0-1752885240000-kotlin.trap.gz" }
{ "origin": "CodeQL Kotlin extractor", "timestamp": "2026-09-27 14:18:06", "kind": "INFO", "message": "Finished writing TRAP file /Users/macbook/Octo/static_analysis_codeql_1/codeql-kotlin.db/trap/java/classes/com/fasterxml/jackson/annotation/JacksonAnnotation.members/JacksonAnnotation.members#50.0-1752885240000-kotlin.trap.gz" }
{ "origin": "CodeQL Kotlin extractor", "timestamp": "2026-09-27 14:18:06", "kind": "INFO", "message": "Skipping extracting external decl Retention" }
{ "origin": "CodeQL Kotlin extractor", "timestamp": "2026-09-27 14:18:06", "kind": "INFO", "message": "Skipping extracting external decl AnnotationRetention" }
{ "origin": "CodeQL Kotlin extractor", "timestamp": "2026-09-27 14:18:06", "kind": "INFO", "message": "Skipping extracting external decl Target" }
{ "origin": "CodeQL Kotlin extractor", "timestamp": "2026-09-27 14:18:06", "kind": "INFO", "message": "Skipping extracting external decl AnnotationTarget" }
{ "origin": "CodeQL Kotlin extractor", "timestamp": "2026-09-27 14:18:06", "kind": "INFO", "message": "Skipping extracting external decl EnumEntries" }
{ "origin": "CodeQL Kotlin extractor", "timestamp": "2026-09-27 14:18:06", "kind": "INFO", "message": "Skipping extracting external decl List" }
{ "origin": "CodeQL Kotlin extractor", "timestamp": "2026-09-27 14:18:06", "kind": "INFO", "message": "Skipping extracting external decl SequencedCollection" }
{ "origin": "CodeQL Kotlin extractor", "timestamp": "2026-09-27 14:18:06", "kind": "INFO", "message": "Skipping extracting external decl Collection" }
{ "origin": "CodeQL Kotlin extractor", "timestamp": "2026-09-27 14:18:06", "kind": "INFO", "message": "Skipping extracting external decl Iterable" }
{ "origin": "CodeQL Kotlin extractor", "timestamp": "2026-09-27 14:18:06", "kind": "INFO", "message": "Skipping extracting external decl MutableIterable" }
{ "origin": "CodeQL Kotlin extractor", "timestamp": "2026-09-27 14:18:06", "kind": "INFO", "message": "Skipping extracting external decl MutableCollection" }
{ "origin": "CodeQL Kotlin extractor", "timestamp": "2026-09-27 14:18:06", "kind": "INFO", "message": "Skipping extracting external decl List" }
{ "origin": "CodeQL Kotlin extractor", "timestamp": "2026-09-27 14:18:06", "kind": "INFO", "message": "Skipping extracting external decl Enum" }
{ "origin": "CodeQL Kotlin extractor", "timestamp": "2026-09-27 14:18:06", "kind": "INFO", "message": "Skipping extracting external decl Comparable" }
{ "origin": "CodeQL Kotlin extractor", "timestamp": "2026-09-27 14:18:06", "kind": "INFO", "message": "Skipping extracting external decl Comparable" }
{ "origin": "CodeQL Kotlin extractor", "timestamp": "2026-09-27 14:18:06", "kind": "INFO", "message": "Skipping extracting external decl Enum" }
{ "origin": "CodeQL Kotlin extractor", "timestamp": "2026-09-27 14:18:06", "kind": "INFO", "message": "Skipping extracting external decl Optional" }
{ "origin": "CodeQL Kotlin extractor", "timestamp": "2026-09-27 14:18:06", "kind": "INFO", "message": "Skipping extracting external decl EnumDesc" }
{ "origin": "CodeQL Kotlin extractor", "timestamp": "2026-09-27 14:18:06", "kind": "INFO", "message": "Skipping extracting external decl DynamicConstantDesc" }
{ "origin": "CodeQL Kotlin extractor", "timestamp": "2026-09-27 14:18:06", "kind": "INFO", "message": "Skipping extracting external decl ConstantDesc" }
{ "origin": "CodeQL Kotlin extractor", "timestamp": "2026-09-27 14:18:06", "kind": "INFO", "message": "Finished writing TRAP file /Users/macbook/Octo/static_analysis_codeql_1/codeql-kotlin.db/trap/java/Users/macbook/Octo/modules/control-panel/src/main/kotlin/com/octo/controlpanel/judgment/JudgmentAnswer.kt.trap.gz" }
{ "origin": "CodeQL Kotlin extractor", "timestamp": "2026-09-27 14:18:06", "kind": "INFO", "message": "Extracting file /Users/macbook/Octo/modules/control-panel/src/main/kotlin/com/octo/controlpanel/judgment/JudgmentClient.kt" }
{ "origin": "CodeQL Kotlin extractor", "timestamp": "2026-09-27 14:18:06", "kind": "INFO", "message": "Will write TRAP file /Users/macbook/Octo/static_analysis_codeql_1/codeql-kotlin.db/trap/java/Users/macbook/Octo/modules/control-panel/src/main/kotlin/com/octo/controlpanel/judgment/JudgmentClient.kt.trap.gz" }
{ "origin": "CodeQL Kotlin extractor", "timestamp": "2026-09-27 14:18:06", "kind": "INFO", "message": "Will write TRAP file /Users/macbook/Octo/static_analysis_codeql_1/codeql-kotlin.db/trap/java/classes/com/octo/controlpanel/judgment/ConfidentialStateRejectedException.members/ConfidentialStateRejectedException.members#0.0-0-kotlin.trap.gz" }
{ "origin": "CodeQL Kotlin extractor", "timestamp": "2026-09-27 14:18:06", "kind": "INFO", "message": "Finished writing TRAP file /Users/macbook/Octo/static_analysis_codeql_1/codeql-kotlin.db/trap/java/classes/com/octo/controlpanel/judgment/ConfidentialStateRejectedException.members/ConfidentialStateRejectedException.members#0.0-0-kotlin.trap.gz" }
{ "origin": "CodeQL Kotlin extractor", "timestamp": "2026-09-27 14:18:06", "kind": "INFO", "message": "Will write TRAP file /Users/macbook/Octo/static_analysis_codeql_1/codeql-kotlin.db/trap/java/classes/com/octo/controlpanel/judgment/JudgmentRequestException.members/JudgmentRequestException.members#0.0-0-kotlin.trap.gz" }
{ "origin": "CodeQL Kotlin extractor", "timestamp": "2026-09-27 14:18:06", "kind": "INFO", "message": "Finished writing TRAP file /Users/macbook/Octo/static_analysis_codeql_1/codeql-kotlin.db/trap/java/classes/com/octo/controlpanel/judgment/JudgmentRequestException.members/JudgmentRequestException.members#0.0-0-kotlin.trap.gz" }
{ "origin": "CodeQL Kotlin extractor", "timestamp": "2026-09-27 14:18:06", "kind": "INFO", "message": "Will write TRAP file /Users/macbook/Octo/static_analysis_codeql_1/codeql-kotlin.db/trap/java/classes/com/octo/controlpanel/judgment/TransportResponse.members/TransportResponse.members#0.0-0-kotlin.trap.gz" }
{ "origin": "CodeQL Kotlin extractor", "timestamp": "2026-09-27 14:18:06", "kind": "INFO", "message": "Finished writing TRAP file /Users/macbook/Octo/static_analysis_codeql_1/codeql-kotlin.db/trap/java/classes/com/octo/controlpanel/judgment/TransportResponse.members/TransportResponse.members#0.0-0-kotlin.trap.gz" }
{ "origin": "CodeQL Kotlin extractor", "timestamp": "2026-09-27 14:18:06", "kind": "INFO", "message": "Will write TRAP file /Users/macbook/Octo/static_analysis_codeql_1/codeql-kotlin.db/trap/java/classes/com/octo/controlpanel/judgment/JudgmentTransport.members/JudgmentTransport.members#0.0-0-kotlin.trap.gz" }
{ "origin": "CodeQL Kotlin extractor", "timestamp": "2026-09-27 14:18:06", "kind": "INFO", "message": "Finished writing TRAP file /Users/macbook/Octo/static_analysis_codeql_1/codeql-kotlin.db/trap/java/classes/com/octo/controlpanel/judgment/JudgmentTransport.members/JudgmentTransport.members#0.0-0-kotlin.trap.gz" }
{ "origin": "CodeQL Kotlin extractor", "timestamp": "2026-09-27 14:18:06", "kind": "INFO", "message": "Will write TRAP file /Users/macbook/Octo/static_analysis_codeql_1/codeql-kotlin.db/trap/java/classes/com/octo/controlpanel/judgment/JudgmentClient.members/JudgmentClient.members#0.0-0-kotlin.trap.gz" }
{ "origin": "CodeQL Kotlin extractor", "timestamp": "2026-09-27 14:18:06", "kind": "INFO", "message": "Finished writing TRAP file /Users/macbook/Octo/static_analysis_codeql_1/codeql-kotlin.db/trap/java/classes/com/octo/controlpanel/judgment/JudgmentClient.members/JudgmentClient.members#0.0-0-kotlin.trap.gz" }
{ "origin": "CodeQL Kotlin extractor", "timestamp": "2026-09-27 14:18:06", "kind": "INFO", "message": "Will write TRAP file /Users/macbook/Octo/static_analysis_codeql_1/codeql-kotlin.db/trap/java/classes/com/octo/controlpanel/judgment/JudgmentClientKt.members/JudgmentClientKt.members#0.0-0-kotlin.trap.gz" }
{ "origin": "CodeQL Kotlin extractor", "timestamp": "2026-09-27 14:18:06", "kind": "INFO", "message": "Finished writing TRAP file /Users/macbook/Octo/static_analysis_codeql_1/codeql-kotlin.db/trap/java/classes/com/octo/controlpanel/judgment/JudgmentClientKt.members/JudgmentClientKt.members#0.0-0-kotlin.trap.gz" }
{ "origin": "CodeQL Kotlin extractor", "timestamp": "2026-09-27 14:18:06", "kind": "INFO", "message": "Skipping extracting external decl Unit" }
{ "origin": "CodeQL Kotlin extractor", "timestamp": "2026-09-27 14:18:06", "kind": "INFO", "message": "Skipping extracting external decl NotNull" }
{ "origin": "CodeQL Kotlin extractor", "timestamp": "2026-09-27 14:18:06", "kind": "INFO", "message": "Skipping extracting external decl String" }
{ "origin": "CodeQL Kotlin extractor", "timestamp": "2026-09-27 14:18:06", "kind": "INFO", "message": "Skipping extracting external decl String" }
{ "origin": "CodeQL Kotlin extractor", "timestamp": "2026-09-27 14:18:06", "kind": "INFO", "message": "Skipping extracting external decl IllegalArgumentException" }
{ "origin": "CodeQL Kotlin extractor", "timestamp": "2026-09-27 14:18:06", "kind": "INFO", "message": "Skipping extracting external decl Integer" }
{ "origin": "CodeQL Kotlin extractor", "timestamp": "2026-09-27 14:18:06", "kind": "INFO", "message": "Skipping extracting external decl Int" }
{ "origin": "CodeQL Kotlin extractor", "timestamp": "2026-09-27 14:18:06", "kind": "INFO", "message": "Skipping extracting external decl RuntimeException" }
{ "origin": "CodeQL Kotlin extractor", "timestamp": "2026-09-27 14:18:06", "kind": "INFO", "message": "Skipping extracting external decl Object" }
{ "origin": "CodeQL Kotlin extractor", "timestamp": "2026-09-27 14:18:06", "kind": "INFO", "message": "Skipping extracting external decl Any" }
{ "origin": "CodeQL Kotlin extractor", "timestamp": "2026-09-27 14:18:06", "kind": "INFO", "message": "Skipping extracting external decl Boolean" }
{ "origin": "CodeQL Kotlin extractor", "timestamp": "2026-09-27 14:18:06", "kind": "INFO", "message": "Skipping extracting external decl Boolean" }
{ "origin": "CodeQL Kotlin extractor", "timestamp": "2026-09-27 14:18:06", "kind": "INFO", "message": "Skipping extracting external decl Map" }
{ "origin": "CodeQL Kotlin extractor", "timestamp": "2026-09-27 14:18:06", "kind": "INFO", "message": "Skipping extracting external decl Map" }
{ "origin": "CodeQL Kotlin extractor", "timestamp": "2026-09-27 14:18:06", "kind": "INFO", "message": "Finished writing TRAP file /Users/macbook/Octo/static_analysis_codeql_1/codeql-kotlin.db/trap/java/Users/macbook/Octo/modules/control-panel/src/main/kotlin/com/octo/controlpanel/judgment/JudgmentClient.kt.trap.gz" }
{ "origin": "CodeQL Kotlin extractor", "timestamp": "2026-09-27 14:18:06", "kind": "INFO", "message": "Extracting file /Users/macbook/Octo/modules/control-panel/src/main/kotlin/com/octo/controlpanel/judgment/JudgmentExchange.kt" }
{ "origin": "CodeQL Kotlin extractor", "timestamp": "2026-09-27 14:18:06", "kind": "INFO", "message": "Will write TRAP file /Users/macbook/Octo/static_analysis_codeql_1/codeql-kotlin.db/trap/java/Users/macbook/Octo/modules/control-panel/src/main/kotlin/com/octo/controlpanel/judgment/JudgmentExchange.kt.trap.gz" }
{ "origin": "CodeQL Kotlin extractor", "timestamp": "2026-09-27 14:18:06", "kind": "INFO", "message": "Will write TRAP file /Users/macbook/Octo/static_analysis_codeql_1/codeql-kotlin.db/trap/java/classes/com/octo/controlpanel/judgment/TokenUsage.members/TokenUsage.members#0.0-0-kotlin.trap.gz" }
{ "origin": "CodeQL Kotlin extractor", "timestamp": "2026-09-27 14:18:06", "kind": "INFO", "message": "Finished writing TRAP file /Users/macbook/Octo/static_analysis_codeql_1/codeql-kotlin.db/trap/java/classes/com/octo/controlpanel/judgment/TokenUsage.members/TokenUsage.members#0.0-0-kotlin.trap.gz" }
{ "origin": "CodeQL Kotlin extractor", "timestamp": "2026-09-27 14:18:06", "kind": "INFO", "message": "Will write TRAP file /Users/macbook/Octo/static_analysis_codeql_1/codeql-kotlin.db/trap/java/classes/com/octo/controlpanel/judgment/ProviderRouting.members/ProviderRouting.members#0.0-0-kotlin.trap.gz" }
{ "origin": "CodeQL Kotlin extractor", "timestamp": "2026-09-27 14:18:06", "kind": "INFO", "message": "Finished writing TRAP file /Users/macbook/Octo/static_analysis_codeql_1/codeql-kotlin.db/trap/java/classes/com/octo/controlpanel/judgment/ProviderRouting.members/ProviderRouting.members#0.0-0-kotlin.trap.gz" }
{ "origin": "CodeQL Kotlin extractor", "timestamp": "2026-09-27 14:18:06", "kind": "INFO", "message": "Will write TRAP file /Users/macbook/Octo/static_analysis_codeql_1/codeql-kotlin.db/trap/java/classes/com/octo/controlpanel/judgment/DecisionsRequest.members/DecisionsRequest.members#0.0-0-kotlin.trap.gz" }
{ "origin": "CodeQL Kotlin extractor", "timestamp": "2026-09-27 14:18:06", "kind": "INFO", "message": "Finished writing TRAP file /Users/macbook/Octo/static_analysis_codeql_1/codeql-kotlin.db/trap/java/classes/com/octo/controlpanel/judgment/DecisionsRequest.members/DecisionsRequest.members#0.0-0-kotlin.trap.gz" }
{ "origin": "CodeQL Kotlin extractor", "timestamp": "2026-09-27 14:18:06", "kind": "INFO", "message": "Will write TRAP file /Users/macbook/Octo/static_analysis_codeql_1/codeql-kotlin.db/trap/java/classes/com/octo/controlpanel/judgment/DecisionsResponse.members/DecisionsResponse.members#0.0-0-kotlin.trap.gz" }
{ "origin": "CodeQL Kotlin extractor", "timestamp": "2026-09-27 14:18:06", "kind": "INFO", "message": "Finished writing TRAP file /Users/macbook/Octo/static_analysis_codeql_1/codeql-kotlin.db/trap/java/classes/com/octo/controlpanel/judgment/DecisionsResponse.members/DecisionsResponse.members#0.0-0-kotlin.trap.gz" }
{ "origin": "CodeQL Kotlin extractor", "timestamp": "2026-09-27 14:18:06", "kind": "INFO", "message": "Will write TRAP file /Users/macbook/Octo/static_analysis_codeql_1/codeql-kotlin.db/trap/java/classes/com/octo/controlpanel/judgment/JudgmentResult.members/JudgmentResult.members#0.0-0-kotlin.trap.gz" }
{ "origin": "CodeQL Kotlin extractor", "timestamp": "2026-09-27 14:18:06", "kind": "INFO", "message": "Finished writing TRAP file /Users/macbook/Octo/static_analysis_codeql_1/codeql-kotlin.db/trap/java/classes/com/octo/controlpanel/judgment/JudgmentResult.members/JudgmentResult.members#0.0-0-kotlin.trap.gz" }
{ "origin": "CodeQL Kotlin extractor", "timestamp": "2026-09-27 14:18:06", "kind": "INFO", "message": "Will write TRAP file /Users/macbook/Octo/static_analysis_codeql_1/codeql-kotlin.db/trap/java/classes/com/octo/controlpanel/judgment/DecisionLineage.members/DecisionLineage.members#0.0-0-kotlin.trap.gz" }
{ "origin": "CodeQL Kotlin extractor", "timestamp": "2026-09-27 14:18:06", "kind": "INFO", "message": "Finished writing TRAP file /Users/macbook/Octo/static_analysis_codeql_1/codeql-kotlin.db/trap/java/classes/com/octo/controlpanel/judgment/DecisionLineage.members/DecisionLineage.members#0.0-0-kotlin.trap.gz" }
{ "origin": "CodeQL Kotlin extractor", "timestamp": "2026-09-27 14:18:06", "kind": "INFO", "message": "Will write TRAP file /Users/macbook/Octo/static_analysis_codeql_1/codeql-kotlin.db/trap/java/classes/com/octo/controlpanel/judgment/UnexpectedAnswerException.members/UnexpectedAnswerException.members#0.0-0-kotlin.trap.gz" }
{ "origin": "CodeQL Kotlin extractor", "timestamp": "2026-09-27 14:18:06", "kind": "INFO", "message": "Finished writing TRAP file /Users/macbook/Octo/static_analysis_codeql_1/codeql-kotlin.db/trap/java/classes/com/octo/controlpanel/judgment/UnexpectedAnswerException.members/UnexpectedAnswerException.members#0.0-0-kotlin.trap.gz" }
{ "origin": "CodeQL Kotlin extractor", "timestamp": "2026-09-27 14:18:06", "kind": "INFO", "message": "Will write TRAP file /Users/macbook/Octo/static_analysis_codeql_1/codeql-kotlin.db/trap/java/classes/com/octo/controlpanel/judgment/JudgmentExchangeKt$choiceAnswer(com.octo.controlpanel.judgment.JudgmentResult,java.lang.String).members/JudgmentExchangeKt$choiceAnswer(com.octo.controlpanel.judgment.JudgmentResult,java.lang.String).members#0.0-0-kotlin.trap.gz" }
{ "origin": "CodeQL Kotlin extractor", "timestamp": "2026-09-27 14:18:06", "kind": "INFO", "message": "Finished writing TRAP file /Users/macbook/Octo/static_analysis_codeql_1/codeql-kotlin.db/trap/java/classes/com/octo/controlpanel/judgment/JudgmentExchangeKt$choiceAnswer(com.octo.controlpanel.judgment.JudgmentResult,java.lang.String).members/JudgmentExchangeKt$choiceAnswer(com.octo.controlpanel.judgment.JudgmentResult,java.lang.String).members#0.0-0-kotlin.trap.gz" }
{ "origin": "CodeQL Kotlin extractor", "timestamp": "2026-09-27 14:18:06", "kind": "INFO", "message": "Will write TRAP file /Users/macbook/Octo/static_analysis_codeql_1/codeql-kotlin.db/trap/java/classes/com/octo/controlpanel/judgment/JudgmentExchangeKt$noulAnswer(com.octo.controlpanel.judgment.JudgmentResult,java.lang.String).members/JudgmentExchangeKt$noulAnswer(com.octo.controlpanel.judgment.JudgmentResult,java.lang.String).members#0.0-0-kotlin.trap.gz" }
{ "origin": "CodeQL Kotlin extractor", "timestamp": "2026-09-27 14:18:06", "kind": "INFO", "message": "Finished writing TRAP file /Users/macbook/Octo/static_analysis_codeql_1/codeql-kotlin.db/trap/java/classes/com/octo/controlpanel/judgment/JudgmentExchangeKt$noulAnswer(com.octo.controlpanel.judgment.JudgmentResult,java.lang.String).members/JudgmentExchangeKt$noulAnswer(com.octo.controlpanel.judgment.JudgmentResult,java.lang.String).members#0.0-0-kotlin.trap.gz" }
{ "origin": "CodeQL Kotlin extractor", "timestamp": "2026-09-27 14:18:06", "kind": "INFO", "message": "Will write TRAP file /Users/macbook/Octo/static_analysis_codeql_1/codeql-kotlin.db/trap/java/classes/com/octo/controlpanel/judgment/JudgmentExchangeKt.members/JudgmentExchangeKt.members#0.0-0-kotlin.trap.gz" }
{ "origin": "CodeQL Kotlin extractor", "timestamp": "2026-09-27 14:18:06", "kind": "INFO", "message": "Finished writing TRAP file /Users/macbook/Octo/static_analysis_codeql_1/codeql-kotlin.db/trap/java/classes/com/octo/controlpanel/judgment/JudgmentExchangeKt.members/JudgmentExchangeKt.members#0.0-0-kotlin.trap.gz" }
{ "origin": "CodeQL Kotlin extractor", "timestamp": "2026-09-27 14:18:06", "kind": "INFO", "message": "Skipping extracting external decl Integer" }
{ "origin": "CodeQL Kotlin extractor", "timestamp": "2026-09-27 14:18:06", "kind": "INFO", "message": "Skipping extracting external decl Int" }
{ "origin": "CodeQL Kotlin extractor", "timestamp": "2026-09-27 14:18:06", "kind": "INFO", "message": "Skipping extracting external decl Double" }
{ "origin": "CodeQL Kotlin extractor", "timestamp": "2026-09-27 14:18:06", "kind": "INFO", "message": "Skipping extracting external decl Double" }
{ "origin": "CodeQL Kotlin extractor", "timestamp": "2026-09-27 14:18:06", "kind": "INFO", "message": "Skipping extracting external decl Unit" }
{ "origin": "CodeQL Kotlin extractor", "timestamp": "2026-09-27 14:18:06", "kind": "INFO", "message": "Skipping extracting external decl Object" }
{ "origin": "CodeQL Kotlin extractor", "timestamp": "2026-09-27 14:18:06", "kind": "INFO", "message": "Skipping extracting external decl DefaultConstructorMarker" }
{ "origin": "CodeQL Kotlin extractor", "timestamp": "2026-09-27 14:18:06", "kind": "INFO", "message": "Skipping extracting external decl Boolean" }
{ "origin": "CodeQL Kotlin extractor", "timestamp": "2026-09-27 14:18:06", "kind": "INFO", "message": "Skipping extracting external decl Boolean" }
{ "origin": "CodeQL Kotlin extractor", "timestamp": "2026-09-27 14:18:06", "kind": "INFO", "message": "Skipping extracting external decl Void" }
{ "origin": "CodeQL Kotlin extractor", "timestamp": "2026-09-27 14:18:06", "kind": "INFO", "message": "Skipping extracting external decl Nothing" }
{ "origin": "CodeQL Kotlin extractor", "timestamp": "2026-09-27 14:18:06", "kind": "INFO", "message": "Will write TRAP file /Users/macbook/Octo/static_analysis_codeql_1/codeql-kotlin.db/trap/java/classes/com/fasterxml/jackson/annotation/JsonProperty.members/JsonProperty.members#50.0-1752885240000-kotlin.trap.gz" }
{ "origin": "CodeQL Kotlin extractor", "timestamp": "2026-09-27 14:18:06", "kind": "WARN", "message": "Diagnostic(com.github.codeql.KotlinFileExtractor.extractClassSource(KotlinFileExtractor.kt:972)): At <unknown location while processing /Users/macbook/Octo/modules/control-panel/src/main/kotlin/com/octo/controlpanel/judgment/JudgmentExchange.kt>: Expected an annotation property to have a getter  ...while extracting a class source (JsonProperty) at file:///Users/macbook/.gradle/caches/modules-2/files-2.1/com.fasterxml.jackson.core/jackson-annotations/2.19.2/c5381f11988ae3d424b197a26087d86067b6d7d/jackson-annotations-2.19.2.jar!/com/fasterxml/jackson/annotation/JsonProperty.class\n" }
{ "origin": "CodeQL Kotlin extractor", "timestamp": "2026-09-27 14:18:06", "kind": "WARN", "message": "Diagnostic(com.github.codeql.KotlinFileExtractor.extractClassSource(KotlinFileExtractor.kt:972)): At <unknown location while processing /Users/macbook/Octo/modules/control-panel/src/main/kotlin/com/octo/controlpanel/judgment/JudgmentExchange.kt>: Expected an annotation property to have a getter  ...while extracting a class source (JsonProperty) at file:///Users/macbook/.gradle/caches/modules-2/files-2.1/com.fasterxml.jackson.core/jackson-annotations/2.19.2/c5381f11988ae3d424b197a26087d86067b6d7d/jackson-annotations-2.19.2.jar!/com/fasterxml/jackson/annotation/JsonProperty.class\n" }
{ "origin": "CodeQL Kotlin extractor", "timestamp": "2026-09-27 14:18:06", "kind": "INFO", "message": "Finished writing TRAP file /Users/macbook/Octo/static_analysis_codeql_1/codeql-kotlin.db/trap/java/classes/com/fasterxml/jackson/annotation/JsonProperty.members/JsonProperty.members#50.0-1752885240000-kotlin.trap.gz" }
{ "origin": "CodeQL Kotlin extractor", "timestamp": "2026-09-27 14:18:06", "kind": "INFO", "message": "Skipping extracting external decl String" }
{ "origin": "CodeQL Kotlin extractor", "timestamp": "2026-09-27 14:18:06", "kind": "INFO", "message": "Skipping extracting external decl String" }
{ "origin": "CodeQL Kotlin extractor", "timestamp": "2026-09-27 14:18:06", "kind": "INFO", "message": "Skipping extracting external decl OptBoolean" }
{ "origin": "CodeQL Kotlin extractor", "timestamp": "2026-09-27 14:18:06", "kind": "INFO", "message": "Will write TRAP file /Users/macbook/Octo/static_analysis_codeql_1/codeql-kotlin.db/trap/java/classes/com/fasterxml/jackson/annotation/JsonProperty$Access.members/JsonProperty$Access.members#50.0-1752885240000-kotlin.trap.gz" }
{ "origin": "CodeQL Kotlin extractor", "timestamp": "2026-09-27 14:18:06", "kind": "INFO", "message": "Finished writing TRAP file /Users/macbook/Octo/static_analysis_codeql_1/codeql-kotlin.db/trap/java/classes/com/fasterxml/jackson/annotation/JsonProperty$Access.members/JsonProperty$Access.members#50.0-1752885240000-kotlin.trap.gz" }
{ "origin": "CodeQL Kotlin extractor", "timestamp": "2026-09-27 14:18:06", "kind": "INFO", "message": "Skipping extracting external decl NotNull" }
{ "origin": "CodeQL Kotlin extractor", "timestamp": "2026-09-27 14:18:06", "kind": "INFO", "message": "Skipping extracting external decl Any" }
{ "origin": "CodeQL Kotlin extractor", "timestamp": "2026-09-27 14:18:06", "kind": "INFO", "message": "Skipping extracting external decl Map" }
{ "origin": "CodeQL Kotlin extractor", "timestamp": "2026-09-27 14:18:06", "kind": "INFO", "message": "Skipping extracting external decl Map" }
{ "origin": "CodeQL Kotlin extractor", "timestamp": "2026-09-27 14:18:06", "kind": "INFO", "message": "Skipping extracting external decl IllegalStateException" }
{ "origin": "CodeQL Kotlin extractor", "timestamp": "2026-09-27 14:18:06", "kind": "INFO", "message": "Skipping extracting external decl MutableMap" }
{ "origin": "CodeQL Kotlin extractor", "timestamp": "2026-09-27 14:18:06", "kind": "INFO", "message": "Skipping extracting external decl Set" }
{ "origin": "CodeQL Kotlin extractor", "timestamp": "2026-09-27 14:18:06", "kind": "INFO", "message": "Skipping extracting external decl Collection" }
{ "origin": "CodeQL Kotlin extractor", "timestamp": "2026-09-27 14:18:06", "kind": "INFO", "message": "Skipping extracting external decl Iterable" }
{ "origin": "CodeQL Kotlin extractor", "timestamp": "2026-09-27 14:18:06", "kind": "INFO", "message": "Skipping extracting external decl MutableIterable" }
{ "origin": "CodeQL Kotlin extractor", "timestamp": "2026-09-27 14:18:06", "kind": "INFO", "message": "Skipping extracting external decl MutableCollection" }
{ "origin": "CodeQL Kotlin extractor", "timestamp": "2026-09-27 14:18:06", "kind": "INFO", "message": "Skipping extracting external decl MutableSet" }
{ "origin": "CodeQL Kotlin extractor", "timestamp": "2026-09-27 14:18:06", "kind": "INFO", "message": "Skipping extracting external decl Entry" }
{ "origin": "CodeQL Kotlin extractor", "timestamp": "2026-09-27 14:18:06", "kind": "INFO", "message": "Skipping extracting external decl MutableEntry" }
{ "origin": "CodeQL Kotlin extractor", "timestamp": "2026-09-27 14:18:06", "kind": "INFO", "message": "Skipping extracting external decl BiConsumer" }
{ "origin": "CodeQL Kotlin extractor", "timestamp": "2026-09-27 14:18:06", "kind": "INFO", "message": "Skipping extracting external decl BiFunction" }
{ "origin": "CodeQL Kotlin extractor", "timestamp": "2026-09-27 14:18:06", "kind": "INFO", "message": "Skipping extracting external decl Function" }
{ "origin": "CodeQL Kotlin extractor", "timestamp": "2026-09-27 14:18:06", "kind": "INFO", "message": "Skipping extracting external decl Cloneable" }
{ "origin": "CodeQL Kotlin extractor", "timestamp": "2026-09-27 14:18:06", "kind": "INFO", "message": "Skipping extracting external decl Cloneable" }
{ "origin": "CodeQL Kotlin extractor", "timestamp": "2026-09-27 14:18:06", "kind": "INFO", "message": "Skipping extracting external decl Serializable" }
{ "origin": "CodeQL Kotlin extractor", "timestamp": "2026-09-27 14:18:06", "kind": "INFO", "message": "Skipping extracting external decl Deprecated" }
{ "origin": "CodeQL Kotlin extractor", "timestamp": "2026-09-27 14:18:06", "kind": "INFO", "message": "Skipping extracting external decl Annotation" }
{ "origin": "CodeQL Kotlin extractor", "timestamp": "2026-09-27 14:18:06", "kind": "INFO", "message": "Skipping extracting external decl Annotation" }
{ "origin": "CodeQL Kotlin extractor", "timestamp": "2026-09-27 14:18:06", "kind": "INFO", "message": "Skipping extracting external decl JacksonAnnotation" }
{ "origin": "CodeQL Kotlin extractor", "timestamp": "2026-09-27 14:18:06", "kind": "INFO", "message": "Skipping extracting external decl Retention" }
{ "origin": "CodeQL Kotlin extractor", "timestamp": "2026-09-27 14:18:06", "kind": "INFO", "message": "Skipping extracting external decl AnnotationRetention" }
{ "origin": "CodeQL Kotlin extractor", "timestamp": "2026-09-27 14:18:06", "kind": "INFO", "message": "Skipping extracting external decl Target" }
{ "origin": "CodeQL Kotlin extractor", "timestamp": "2026-09-27 14:18:06", "kind": "INFO", "message": "Skipping extracting external decl AnnotationTarget" }
{ "origin": "CodeQL Kotlin extractor", "timestamp": "2026-09-27 14:18:06", "kind": "INFO", "message": "Skipping extracting external decl EnumEntries" }
{ "origin": "CodeQL Kotlin extractor", "timestamp": "2026-09-27 14:18:06", "kind": "INFO", "message": "Skipping extracting external decl List" }
{ "origin": "CodeQL Kotlin extractor", "timestamp": "2026-09-27 14:18:06", "kind": "INFO", "message": "Skipping extracting external decl SequencedCollection" }
{ "origin": "CodeQL Kotlin extractor", "timestamp": "2026-09-27 14:18:06", "kind": "INFO", "message": "Skipping extracting external decl List" }
{ "origin": "CodeQL Kotlin extractor", "timestamp": "2026-09-27 14:18:06", "kind": "INFO", "message": "Skipping extracting external decl Enum" }
{ "origin": "CodeQL Kotlin extractor", "timestamp": "2026-09-27 14:18:06", "kind": "INFO", "message": "Skipping extracting external decl Constable" }
{ "origin": "CodeQL Kotlin extractor", "timestamp": "2026-09-27 14:18:06", "kind": "INFO", "message": "Skipping extracting external decl Comparable" }
{ "origin": "CodeQL Kotlin extractor", "timestamp": "2026-09-27 14:18:06", "kind": "INFO", "message": "Skipping extracting external decl Comparable" }
{ "origin": "CodeQL Kotlin extractor", "timestamp": "2026-09-27 14:18:06", "kind": "INFO", "message": "Skipping extracting external decl Enum" }
{ "origin": "CodeQL Kotlin extractor", "timestamp": "2026-09-27 14:18:06", "kind": "INFO", "message": "Skipping extracting external decl Class" }
{ "origin": "CodeQL Kotlin extractor", "timestamp": "2026-09-27 14:18:06", "kind": "INFO", "message": "Skipping extracting external decl GenericDeclaration" }
{ "origin": "CodeQL Kotlin extractor", "timestamp": "2026-09-27 14:18:06", "kind": "INFO", "message": "Skipping extracting external decl Type" }
{ "origin": "CodeQL Kotlin extractor", "timestamp": "2026-09-27 14:18:06", "kind": "INFO", "message": "Skipping extracting external decl AnnotatedElement" }
{ "origin": "CodeQL Kotlin extractor", "timestamp": "2026-09-27 14:18:06", "kind": "INFO", "message": "Skipping extracting external decl OfField" }
{ "origin": "CodeQL Kotlin extractor", "timestamp": "2026-09-27 14:18:06", "kind": "INFO", "message": "Skipping extracting external decl TypeDescriptor" }
{ "origin": "CodeQL Kotlin extractor", "timestamp": "2026-09-27 14:18:06", "kind": "INFO", "message": "Skipping extracting external decl Optional" }
{ "origin": "CodeQL Kotlin extractor", "timestamp": "2026-09-27 14:18:06", "kind": "INFO", "message": "Skipping extracting external decl EnumDesc" }
{ "origin": "CodeQL Kotlin extractor", "timestamp": "2026-09-27 14:18:06", "kind": "INFO", "message": "Skipping extracting external decl DynamicConstantDesc" }
{ "origin": "CodeQL Kotlin extractor", "timestamp": "2026-09-27 14:18:06", "kind": "INFO", "message": "Skipping extracting external decl ConstantDesc" }
{ "origin": "CodeQL Kotlin extractor", "timestamp": "2026-09-27 14:18:06", "kind": "INFO", "message": "Finished writing TRAP file /Users/macbook/Octo/static_analysis_codeql_1/codeql-kotlin.db/trap/java/Users/macbook/Octo/modules/control-panel/src/main/kotlin/com/octo/controlpanel/judgment/JudgmentExchange.kt.trap.gz" }
{ "origin": "CodeQL Kotlin extractor", "timestamp": "2026-09-27 14:18:06", "kind": "INFO", "message": "Extracting file /Users/macbook/Octo/modules/control-panel/src/main/kotlin/com/octo/controlpanel/judgment/JudgmentQuestion.kt" }
{ "origin": "CodeQL Kotlin extractor", "timestamp": "2026-09-27 14:18:06", "kind": "INFO", "message": "Will write TRAP file /Users/macbook/Octo/static_analysis_codeql_1/codeql-kotlin.db/trap/java/Users/macbook/Octo/modules/control-panel/src/main/kotlin/com/octo/controlpanel/judgment/JudgmentQuestion.kt.trap.gz" }
{ "origin": "CodeQL Kotlin extractor", "timestamp": "2026-09-27 14:18:06", "kind": "INFO", "message": "Will write TRAP file /Users/macbook/Octo/static_analysis_codeql_1/codeql-kotlin.db/trap/java/classes/com/octo/controlpanel/judgment/JudgmentQuestion.members/JudgmentQuestion.members#0.0-0-kotlin.trap.gz" }
{ "origin": "CodeQL Kotlin extractor", "timestamp": "2026-09-27 14:18:06", "kind": "INFO", "message": "Finished writing TRAP file /Users/macbook/Octo/static_analysis_codeql_1/codeql-kotlin.db/trap/java/classes/com/octo/controlpanel/judgment/JudgmentQuestion.members/JudgmentQuestion.members#0.0-0-kotlin.trap.gz" }
{ "origin": "CodeQL Kotlin extractor", "timestamp": "2026-09-27 14:18:06", "kind": "INFO", "message": "Will write TRAP file /Users/macbook/Octo/static_analysis_codeql_1/codeql-kotlin.db/trap/java/classes/com/octo/controlpanel/judgment/NoulCriteria.members/NoulCriteria.members#0.0-0-kotlin.trap.gz" }
{ "origin": "CodeQL Kotlin extractor", "timestamp": "2026-09-27 14:18:06", "kind": "INFO", "message": "Finished writing TRAP file /Users/macbook/Octo/static_analysis_codeql_1/codeql-kotlin.db/trap/java/classes/com/octo/controlpanel/judgment/NoulCriteria.members/NoulCriteria.members#0.0-0-kotlin.trap.gz" }
{ "origin": "CodeQL Kotlin extractor", "timestamp": "2026-09-27 14:18:06", "kind": "INFO", "message": "Will write TRAP file /Users/macbook/Octo/static_analysis_codeql_1/codeql-kotlin.db/trap/java/classes/com/octo/controlpanel/judgment/NoulQuestion.members/NoulQuestion.members#0.0-0-kotlin.trap.gz" }
{ "origin": "CodeQL Kotlin extractor", "timestamp": "2026-09-27 14:18:06", "kind": "INFO", "message": "Finished writing TRAP file /Users/macbook/Octo/static_analysis_codeql_1/codeql-kotlin.db/trap/java/classes/com/octo/controlpanel/judgment/NoulQuestion.members/NoulQuestion.members#0.0-0-kotlin.trap.gz" }
{ "origin": "CodeQL Kotlin extractor", "timestamp": "2026-09-27 14:18:06", "kind": "INFO", "message": "Will write TRAP file /Users/macbook/Octo/static_analysis_codeql_1/codeql-kotlin.db/trap/java/classes/com/octo/controlpanel/judgment/ChoiceQuestion.members/ChoiceQuestion.members#0.0-0-kotlin.trap.gz" }
{ "origin": "CodeQL Kotlin extractor", "timestamp": "2026-09-27 14:18:06", "kind": "INFO", "message": "Finished writing TRAP file /Users/macbook/Octo/static_analysis_codeql_1/codeql-kotlin.db/trap/java/classes/com/octo/controlpanel/judgment/ChoiceQuestion.members/ChoiceQuestion.members#0.0-0-kotlin.trap.gz" }
{ "origin": "CodeQL Kotlin extractor", "timestamp": "2026-09-27 14:18:06", "kind": "INFO", "message": "Will write TRAP file /Users/macbook/Octo/static_analysis_codeql_1/codeql-kotlin.db/trap/java/classes/com/octo/controlpanel/judgment/ScoreQuestion.members/ScoreQuestion.members#0.0-0-kotlin.trap.gz" }
{ "origin": "CodeQL Kotlin extractor", "timestamp": "2026-09-27 14:18:06", "kind": "INFO", "message": "Finished writing TRAP file /Users/macbook/Octo/static_analysis_codeql_1/codeql-kotlin.db/trap/java/classes/com/octo/controlpanel/judgment/ScoreQuestion.members/ScoreQuestion.members#0.0-0-kotlin.trap.gz" }
{ "origin": "CodeQL Kotlin extractor", "timestamp": "2026-09-27 14:18:06", "kind": "INFO", "message": "Will write TRAP file /Users/macbook/Octo/static_analysis_codeql_1/codeql-kotlin.db/trap/java/classes/com/octo/controlpanel/judgment/JudgmentQuestionKt.members/JudgmentQuestionKt.members#0.0-0-kotlin.trap.gz" }
{ "origin": "CodeQL Kotlin extractor", "timestamp": "2026-09-27 14:18:06", "kind": "INFO", "message": "Finished writing TRAP file /Users/macbook/Octo/static_analysis_codeql_1/codeql-kotlin.db/trap/java/classes/com/octo/controlpanel/judgment/JudgmentQuestionKt.members/JudgmentQuestionKt.members#0.0-0-kotlin.trap.gz" }
{ "origin": "CodeQL Kotlin extractor", "timestamp": "2026-09-27 14:18:06", "kind": "INFO", "message": "Skipping extracting external decl String" }
{ "origin": "CodeQL Kotlin extractor", "timestamp": "2026-09-27 14:18:06", "kind": "INFO", "message": "Skipping extracting external decl String" }
{ "origin": "CodeQL Kotlin extractor", "timestamp": "2026-09-27 14:18:06", "kind": "INFO", "message": "Skipping extracting external decl NotNull" }
{ "origin": "CodeQL Kotlin extractor", "timestamp": "2026-09-27 14:18:06", "kind": "INFO", "message": "Skipping extracting external decl Object" }
{ "origin": "CodeQL Kotlin extractor", "timestamp": "2026-09-27 14:18:06", "kind": "INFO", "message": "Skipping extracting external decl Any" }
{ "origin": "CodeQL Kotlin extractor", "timestamp": "2026-09-27 14:18:06", "kind": "INFO", "message": "Skipping extracting external decl Unit" }
{ "origin": "CodeQL Kotlin extractor", "timestamp": "2026-09-27 14:18:06", "kind": "INFO", "message": "Skipping extracting external decl DefaultConstructorMarker" }
{ "origin": "CodeQL Kotlin extractor", "timestamp": "2026-09-27 14:18:06", "kind": "INFO", "message": "Skipping extracting external decl Integer" }
{ "origin": "CodeQL Kotlin extractor", "timestamp": "2026-09-27 14:18:06", "kind": "INFO", "message": "Skipping extracting external decl Int" }
{ "origin": "CodeQL Kotlin extractor", "timestamp": "2026-09-27 14:18:06", "kind": "INFO", "message": "Skipping extracting external decl Boolean" }
{ "origin": "CodeQL Kotlin extractor", "timestamp": "2026-09-27 14:18:06", "kind": "INFO", "message": "Skipping extracting external decl Boolean" }
{ "origin": "CodeQL Kotlin extractor", "timestamp": "2026-09-27 14:18:06", "kind": "INFO", "message": "Skipping extracting external decl Void" }
{ "origin": "CodeQL Kotlin extractor", "timestamp": "2026-09-27 14:18:06", "kind": "INFO", "message": "Skipping extracting external decl Nothing" }
{ "origin": "CodeQL Kotlin extractor", "timestamp": "2026-09-27 14:18:06", "kind": "INFO", "message": "Skipping extracting external decl JsonProperty" }
{ "origin": "CodeQL Kotlin extractor", "timestamp": "2026-09-27 14:18:06", "kind": "INFO", "message": "Skipping extracting external decl OptBoolean" }
{ "origin": "CodeQL Kotlin extractor", "timestamp": "2026-09-27 14:18:06", "kind": "INFO", "message": "Skipping extracting external decl Access" }
{ "origin": "CodeQL Kotlin extractor", "timestamp": "2026-09-27 14:18:06", "kind": "INFO", "message": "Skipping extracting external decl Map" }
{ "origin": "CodeQL Kotlin extractor", "timestamp": "2026-09-27 14:18:06", "kind": "INFO", "message": "Skipping extracting external decl Map" }
{ "origin": "CodeQL Kotlin extractor", "timestamp": "2026-09-27 14:18:06", "kind": "INFO", "message": "Skipping extracting external decl List" }
{ "origin": "CodeQL Kotlin extractor", "timestamp": "2026-09-27 14:18:06", "kind": "INFO", "message": "Skipping extracting external decl SequencedCollection" }
{ "origin": "CodeQL Kotlin extractor", "timestamp": "2026-09-27 14:18:06", "kind": "INFO", "message": "Skipping extracting external decl Collection" }
{ "origin": "CodeQL Kotlin extractor", "timestamp": "2026-09-27 14:18:06", "kind": "INFO", "message": "Skipping extracting external decl Iterable" }
{ "origin": "CodeQL Kotlin extractor", "timestamp": "2026-09-27 14:18:06", "kind": "INFO", "message": "Skipping extracting external decl MutableIterable" }
{ "origin": "CodeQL Kotlin extractor", "timestamp": "2026-09-27 14:18:06", "kind": "INFO", "message": "Skipping extracting external decl MutableCollection" }
{ "origin": "CodeQL Kotlin extractor", "timestamp": "2026-09-27 14:18:06", "kind": "INFO", "message": "Skipping extracting external decl List" }
{ "origin": "CodeQL Kotlin extractor", "timestamp": "2026-09-27 14:18:06", "kind": "INFO", "message": "Finished writing TRAP file /Users/macbook/Octo/static_analysis_codeql_1/codeql-kotlin.db/trap/java/Users/macbook/Octo/modules/control-panel/src/main/kotlin/com/octo/controlpanel/judgment/JudgmentQuestion.kt.trap.gz" }
{ "origin": "CodeQL Kotlin extractor", "timestamp": "2026-09-27 14:18:06", "kind": "INFO", "message": "Extracting file /Users/macbook/Octo/modules/control-panel/src/main/kotlin/com/octo/controlpanel/judgment/OpenRouterDecisionsClient.kt" }
{ "origin": "CodeQL Kotlin extractor", "timestamp": "2026-09-27 14:18:06", "kind": "INFO", "message": "Will write TRAP file /Users/macbook/Octo/static_analysis_codeql_1/codeql-kotlin.db/trap/java/Users/macbook/Octo/modules/control-panel/src/main/kotlin/com/octo/controlpanel/judgment/OpenRouterDecisionsClient.kt.trap.gz" }
{ "origin": "CodeQL Kotlin extractor", "timestamp": "2026-09-27 14:18:06", "kind": "WARN", "message": "Diagnostic(com.github.codeql.KotlinUsesExtractor.kotlinFunctionToJavaEquivalent(KotlinUsesExtractor.kt:1716)): Couldn't find a Java equivalent function to kotlin.Int.rangeTo in java.lang.Integer  ...while extracting a call (<no name>) at file:///Users/macbook/Octo/modules/control-panel/src/main/kotlin/com/octo/controlpanel/judgment/OpenRouterDecisionsClient.kt:40:37:40:44\n  ...while extracting a expression (<no name>) at file:///Users/macbook/Octo/modules/control-panel/src/main/kotlin/com/octo/controlpanel/judgment/OpenRouterDecisionsClient.kt:40:37:40:44\n  ...while extracting a call (<no name>) at file:///Users/macbook/Octo/modules/control-panel/src/main/kotlin/com/octo/controlpanel/judgment/OpenRouterDecisionsClient.kt:40:13:40:44\n  ...while extracting a expression (<no name>) at file:///Users/macbook/Octo/modules/control-panel/src/main/kotlin/com/octo/controlpanel/judgment/OpenRouterDecisionsClient.kt:40:13:40:44\n  ...while extracting a call (<no name>) at file:///Users/macbook/Octo/modules/control-panel/src/main/kotlin/com/octo/controlpanel/judgment/OpenRouterDecisionsClient.kt:40:13:40:44\n  ...while extracting a expression (<no name>) at file:///Users/macbook/Octo/modules/control-panel/src/main/kotlin/com/octo/controlpanel/judgment/OpenRouterDecisionsClient.kt:40:13:40:44\n  ...while extracting a expression (<no name>) at file:///Users/macbook/Octo/modules/control-panel/src/main/kotlin/com/octo/controlpanel/judgment/OpenRouterDecisionsClient.kt:40:9:42:9\n  ...while extracting a statement (<no name>) at file:///Users/macbook/Octo/modules/control-panel/src/main/kotlin/com/octo/controlpanel/judgment/OpenRouterDecisionsClient.kt:40:9:42:9\n  ...while extracting a block body (<no name>) at file:///Users/macbook/Octo/modules/control-panel/src/main/kotlin/com/octo/controlpanel/judgment/OpenRouterDecisionsClient.kt:17:23:52:5\n  ...while extracting a body (<no name>) at file:///Users/macbook/Octo/modules/control-panel/src/main/kotlin/com/octo/controlpanel/judgment/OpenRouterDecisionsClient.kt:17:23:52:5\n  ...while extracting a function (decide) at file:///Users/macbook/Octo/modules/control-panel/src/main/kotlin/com/octo/controlpanel/judgment/OpenRouterDecisionsClient.kt:14:14:52:5\n  ...while extracting a declaration (decide) at file:///Users/macbook/Octo/modules/control-panel/src/main/kotlin/com/octo/controlpanel/judgment/OpenRouterDecisionsClient.kt:14:14:52:5\n  ...while extracting a class source (OpenRouterDecisionsClient) at file:///Users/macbook/Octo/modules/control-panel/src/main/kotlin/com/octo/controlpanel/judgment/OpenRouterDecisionsClient.kt:9:1:65:1\n  ...while extracting a declaration (OpenRouterDecisionsClient) at file:///Users/macbook/Octo/modules/control-panel/src/main/kotlin/com/octo/controlpanel/judgment/OpenRouterDecisionsClient.kt:9:1:65:1\n  ...while extracting a file (OpenRouterDecisionsClient.kt) at file:///Users/macbook/Octo/modules/control-panel/src/main/kotlin/com/octo/controlpanel/judgment/OpenRouterDecisionsClient.kt:1:1:66:0\n" }
{ "origin": "CodeQL Kotlin extractor", "timestamp": "2026-09-27 14:18:06", "kind": "ERROR", "message": "Diagnostic(com.github.codeql.KotlinFileExtractor.findTopLevelPropertyOrWarn(KotlinFileExtractor.kt:3914)): At file:///Users/macbook/Octo/modules/control-panel/src/main/kotlin/com/octo/controlpanel/judgment/OpenRouterDecisionsClient.kt:44:86:44:89: Couldn't find JVM intrinsic property kotlin.jvm java in kotlin.jvm.JvmClassMappingKt  ...while extracting a call (<no name>) at file:///Users/macbook/Octo/modules/control-panel/src/main/kotlin/com/octo/controlpanel/judgment/OpenRouterDecisionsClient.kt:44:86:44:89\n  ...while extracting a expression (<no name>) at file:///Users/macbook/Octo/modules/control-panel/src/main/kotlin/com/octo/controlpanel/judgment/OpenRouterDecisionsClient.kt:44:86:44:89\n  ...while extracting a call (<no name>) at file:///Users/macbook/Octo/modules/control-panel/src/main/kotlin/com/octo/controlpanel/judgment/OpenRouterDecisionsClient.kt:44:36:44:90\n  ...while extracting a expression (<no name>) at file:///Users/macbook/Octo/modules/control-panel/src/main/kotlin/com/octo/controlpanel/judgment/OpenRouterDecisionsClient.kt:44:36:44:90\n  ...while extracting a variable expr (decoded) at file:///Users/macbook/Octo/modules/control-panel/src/main/kotlin/com/octo/controlpanel/judgment/OpenRouterDecisionsClient.kt:44:9:44:90\n  ...while extracting a variable (decoded) at file:///Users/macbook/Octo/modules/control-panel/src/main/kotlin/com/octo/controlpanel/judgment/OpenRouterDecisionsClient.kt:44:9:44:90\n  ...while extracting a statement (decoded) at file:///Users/macbook/Octo/modules/control-panel/src/main/kotlin/com/octo/controlpanel/judgment/OpenRouterDecisionsClient.kt:44:9:44:90\n  ...while extracting a block body (<no name>) at file:///Users/macbook/Octo/modules/control-panel/src/main/kotlin/com/octo/controlpanel/judgment/OpenRouterDecisionsClient.kt:17:23:52:5\n  ...while extracting a body (<no name>) at file:///Users/macbook/Octo/modules/control-panel/src/main/kotlin/com/octo/controlpanel/judgment/OpenRouterDecisionsClient.kt:17:23:52:5\n  ...while extracting a function (decide) at file:///Users/macbook/Octo/modules/control-panel/src/main/kotlin/com/octo/controlpanel/judgment/OpenRouterDecisionsClient.kt:14:14:52:5\n  ...while extracting a declaration (decide) at file:///Users/macbook/Octo/modules/control-panel/src/main/kotlin/com/octo/controlpanel/judgment/OpenRouterDecisionsClient.kt:14:14:52:5\n  ...while extracting a class source (OpenRouterDecisionsClient) at file:///Users/macbook/Octo/modules/control-panel/src/main/kotlin/com/octo/controlpanel/judgment/OpenRouterDecisionsClient.kt:9:1:65:1\n  ...while extracting a declaration (OpenRouterDecisionsClient) at file:///Users/macbook/Octo/modules/control-panel/src/main/kotlin/com/octo/controlpanel/judgment/OpenRouterDecisionsClient.kt:9:1:65:1\n  ...while extracting a file (OpenRouterDecisionsClient.kt) at file:///Users/macbook/Octo/modules/control-panel/src/main/kotlin/com/octo/controlpanel/judgment/OpenRouterDecisionsClient.kt:1:1:66:0\n" }
{ "origin": "CodeQL Kotlin extractor", "timestamp": "2026-09-27 14:18:06", "kind": "INFO", "message": "Will write TRAP file /Users/macbook/Octo/static_analysis_codeql_1/codeql-kotlin.db/trap/java/classes/com/octo/controlpanel/judgment/OpenRouterDecisionsClient$Companion.members/OpenRouterDecisionsClient$Companion.members#0.0-0-kotlin.trap.gz" }
{ "origin": "CodeQL Kotlin extractor", "timestamp": "2026-09-27 14:18:06", "kind": "INFO", "message": "Finished writing TRAP file /Users/macbook/Octo/static_analysis_codeql_1/codeql-kotlin.db/trap/java/classes/com/octo/controlpanel/judgment/OpenRouterDecisionsClient$Companion.members/OpenRouterDecisionsClient$Companion.members#0.0-0-kotlin.trap.gz" }
{ "origin": "CodeQL Kotlin extractor", "timestamp": "2026-09-27 14:18:06", "kind": "INFO", "message": "Will write TRAP file /Users/macbook/Octo/static_analysis_codeql_1/codeql-kotlin.db/trap/java/classes/com/octo/controlpanel/judgment/OpenRouterDecisionsClient.members/OpenRouterDecisionsClient.members#0.0-0-kotlin.trap.gz" }
{ "origin": "CodeQL Kotlin extractor", "timestamp": "2026-09-27 14:18:06", "kind": "INFO", "message": "Finished writing TRAP file /Users/macbook/Octo/static_analysis_codeql_1/codeql-kotlin.db/trap/java/classes/com/octo/controlpanel/judgment/OpenRouterDecisionsClient.members/OpenRouterDecisionsClient.members#0.0-0-kotlin.trap.gz" }
{ "origin": "CodeQL Kotlin extractor", "timestamp": "2026-09-27 14:18:06", "kind": "INFO", "message": "Will write TRAP file /Users/macbook/Octo/static_analysis_codeql_1/codeql-kotlin.db/trap/java/classes/com/octo/controlpanel/judgment/OpenRouterDecisionsClientKt.members/OpenRouterDecisionsClientKt.members#0.0-0-kotlin.trap.gz" }
{ "origin": "CodeQL Kotlin extractor", "timestamp": "2026-09-27 14:18:06", "kind": "INFO", "message": "Finished writing TRAP file /Users/macbook/Octo/static_analysis_codeql_1/codeql-kotlin.db/trap/java/classes/com/octo/controlpanel/judgment/OpenRouterDecisionsClientKt.members/OpenRouterDecisionsClientKt.members#0.0-0-kotlin.trap.gz" }
{ "origin": "CodeQL Kotlin extractor", "timestamp": "2026-09-27 14:18:06", "kind": "INFO", "message": "Will write TRAP file /Users/macbook/Octo/static_analysis_codeql_1/codeql-kotlin.db/trap/java/classes/com/fasterxml/jackson/databind/ObjectMapper.members/ObjectMapper.members#52.0-1752886142000-kotlin.trap.gz" }
{ "origin": "CodeQL Kotlin extractor", "timestamp": "2026-09-27 14:18:06", "kind": "INFO", "message": "Finished writing TRAP file /Users/macbook/Octo/static_analysis_codeql_1/codeql-kotlin.db/trap/java/classes/com/fasterxml/jackson/databind/ObjectMapper.members/ObjectMapper.members#52.0-1752886142000-kotlin.trap.gz" }
{ "origin": "CodeQL Kotlin extractor", "timestamp": "2026-09-27 14:18:06", "kind": "INFO", "message": "Skipping extracting external decl Unit" }
{ "origin": "CodeQL Kotlin extractor", "timestamp": "2026-09-27 14:18:06", "kind": "INFO", "message": "Skipping extracting external decl NotNull" }
{ "origin": "CodeQL Kotlin extractor", "timestamp": "2026-09-27 14:18:06", "kind": "INFO", "message": "Skipping extracting external decl String" }
{ "origin": "CodeQL Kotlin extractor", "timestamp": "2026-09-27 14:18:06", "kind": "INFO", "message": "Skipping extracting external decl String" }
{ "origin": "CodeQL Kotlin extractor", "timestamp": "2026-09-27 14:18:06", "kind": "INFO", "message": "Skipping extracting external decl Object" }
{ "origin": "CodeQL Kotlin extractor", "timestamp": "2026-09-27 14:18:06", "kind": "INFO", "message": "Skipping extracting external decl DefaultConstructorMarker" }
{ "origin": "CodeQL Kotlin extractor", "timestamp": "2026-09-27 14:18:06", "kind": "INFO", "message": "Skipping extracting external decl Integer" }
{ "origin": "CodeQL Kotlin extractor", "timestamp": "2026-09-27 14:18:06", "kind": "INFO", "message": "Skipping extracting external decl Int" }
{ "origin": "CodeQL Kotlin extractor", "timestamp": "2026-09-27 14:18:06", "kind": "INFO", "message": "Skipping extracting external decl Boolean" }
{ "origin": "CodeQL Kotlin extractor", "timestamp": "2026-09-27 14:18:06", "kind": "INFO", "message": "Skipping extracting external decl Boolean" }
{ "origin": "CodeQL Kotlin extractor", "timestamp": "2026-09-27 14:18:06", "kind": "INFO", "message": "Skipping extracting external decl Map" }
{ "origin": "CodeQL Kotlin extractor", "timestamp": "2026-09-27 14:18:06", "kind": "INFO", "message": "Skipping extracting external decl Any" }
{ "origin": "CodeQL Kotlin extractor", "timestamp": "2026-09-27 14:18:06", "kind": "INFO", "message": "Skipping extracting external decl Map" }
{ "origin": "CodeQL Kotlin extractor", "timestamp": "2026-09-27 14:18:06", "kind": "INFO", "message": "Skipping extracting external decl Function0" }
{ "origin": "CodeQL Kotlin extractor", "timestamp": "2026-09-27 14:18:06", "kind": "INFO", "message": "Skipping extracting external decl Function" }
{ "origin": "CodeQL Kotlin extractor", "timestamp": "2026-09-27 14:18:06", "kind": "INFO", "message": "Skipping extracting external decl Function0" }
{ "origin": "CodeQL Kotlin extractor", "timestamp": "2026-09-27 14:18:06", "kind": "INFO", "message": "Skipping extracting external decl require" }
{ "origin": "CodeQL Kotlin extractor", "timestamp": "2026-09-27 14:18:06", "kind": "INFO", "message": "Will write TRAP file /Users/macbook/Octo/static_analysis_codeql_1/codeql-kotlin.db/trap/java/classes/kotlin/collections/isNotEmpty(java.util.Map).members/isNotEmpty(java.util.Map).members#-1.0-0-null.trap.gz" }
{ "origin": "CodeQL Kotlin extractor", "timestamp": "2026-09-27 14:18:06", "kind": "INFO", "message": "Finished writing TRAP file /Users/macbook/Octo/static_analysis_codeql_1/codeql-kotlin.db/trap/java/classes/kotlin/collections/isNotEmpty(java.util.Map).members/isNotEmpty(java.util.Map).members#-1.0-0-null.trap.gz" }
{ "origin": "CodeQL Kotlin extractor", "timestamp": "2026-09-27 14:18:06", "kind": "INFO", "message": "Skipping extracting external decl Pair" }
{ "origin": "CodeQL Kotlin extractor", "timestamp": "2026-09-27 14:18:06", "kind": "INFO", "message": "Skipping extracting external decl Serializable" }
{ "origin": "CodeQL Kotlin extractor", "timestamp": "2026-09-27 14:18:06", "kind": "INFO", "message": "Skipping extracting external decl Cloneable" }
{ "origin": "CodeQL Kotlin extractor", "timestamp": "2026-09-27 14:18:06", "kind": "INFO", "message": "Skipping extracting external decl Cloneable" }
{ "origin": "CodeQL Kotlin extractor", "timestamp": "2026-09-27 14:18:06", "kind": "INFO", "message": "Will write TRAP file /Users/macbook/Octo/static_analysis_codeql_1/codeql-kotlin.db/trap/java/classes/kotlin/collections/mapOf(kotlin.Pair[]).members/mapOf(kotlin.Pair[]).members#-1.0-0-null.trap.gz" }
{ "origin": "CodeQL Kotlin extractor", "timestamp": "2026-09-27 14:18:06", "kind": "INFO", "message": "Finished writing TRAP file /Users/macbook/Octo/static_analysis_codeql_1/codeql-kotlin.db/trap/java/classes/kotlin/collections/mapOf(kotlin.Pair[]).members/mapOf(kotlin.Pair[]).members#-1.0-0-null.trap.gz" }
{ "origin": "CodeQL Kotlin extractor", "timestamp": "2026-09-27 14:18:06", "kind": "INFO", "message": "Skipping extracting external decl to" }
{ "origin": "CodeQL Kotlin extractor", "timestamp": "2026-09-27 14:18:06", "kind": "INFO", "message": "Skipping extracting external decl IntRange" }
{ "origin": "CodeQL Kotlin extractor", "timestamp": "2026-09-27 14:18:06", "kind": "INFO", "message": "Will write TRAP file /Users/macbook/Octo/static_analysis_codeql_1/codeql-kotlin.db/trap/java/classes/kotlin/text/take(java.lang.String,int).members/take(java.lang.String,int).members#-1.0-0-null.trap.gz" }
{ "origin": "CodeQL Kotlin extractor", "timestamp": "2026-09-27 14:18:06", "kind": "INFO", "message": "Finished writing TRAP file /Users/macbook/Octo/static_analysis_codeql_1/codeql-kotlin.db/trap/java/classes/kotlin/text/take(java.lang.String,int).members/take(java.lang.String,int).members#-1.0-0-null.trap.gz" }
{ "origin": "CodeQL Kotlin extractor", "timestamp": "2026-09-27 14:18:06", "kind": "INFO", "message": "Skipping extracting external decl Class" }
{ "origin": "CodeQL Kotlin extractor", "timestamp": "2026-09-27 14:18:06", "kind": "INFO", "message": "Skipping extracting external decl GenericDeclaration" }
{ "origin": "CodeQL Kotlin extractor", "timestamp": "2026-09-27 14:18:06", "kind": "INFO", "message": "Skipping extracting external decl Type" }
{ "origin": "CodeQL Kotlin extractor", "timestamp": "2026-09-27 14:18:06", "kind": "INFO", "message": "Skipping extracting external decl AnnotatedElement" }
{ "origin": "CodeQL Kotlin extractor", "timestamp": "2026-09-27 14:18:06", "kind": "INFO", "message": "Skipping extracting external decl OfField" }
{ "origin": "CodeQL Kotlin extractor", "timestamp": "2026-09-27 14:18:06", "kind": "INFO", "message": "Skipping extracting external decl TypeDescriptor" }
{ "origin": "CodeQL Kotlin extractor", "timestamp": "2026-09-27 14:18:06", "kind": "INFO", "message": "Skipping extracting external decl Constable" }
{ "origin": "CodeQL Kotlin extractor", "timestamp": "2026-09-27 14:18:06", "kind": "INFO", "message": "Will write TRAP file /Users/macbook/Octo/static_analysis_codeql_1/codeql-kotlin.db/trap/java/classes/com/fasterxml/jackson/databind/json/JsonMapper.members/JsonMapper.members#52.0-1752886142000-kotlin.trap.gz" }
{ "origin": "CodeQL Kotlin extractor", "timestamp": "2026-09-27 14:18:06", "kind": "INFO", "message": "Finished writing TRAP file /Users/macbook/Octo/static_analysis_codeql_1/codeql-kotlin.db/trap/java/classes/com/fasterxml/jackson/databind/json/JsonMapper.members/JsonMapper.members#52.0-1752886142000-kotlin.trap.gz" }
{ "origin": "CodeQL Kotlin extractor", "timestamp": "2026-09-27 14:18:06", "kind": "INFO", "message": "Will write TRAP file /Users/macbook/Octo/static_analysis_codeql_1/codeql-kotlin.db/trap/java/classes/com/fasterxml/jackson/databind/cfg/MapperBuilder.members/MapperBuilder.members#52.0-1752886142000-kotlin.trap.gz" }
{ "origin": "CodeQL Kotlin extractor", "timestamp": "2026-09-27 14:18:06", "kind": "INFO", "message": "Finished writing TRAP file /Users/macbook/Octo/static_analysis_codeql_1/codeql-kotlin.db/trap/java/classes/com/fasterxml/jackson/databind/cfg/MapperBuilder.members/MapperBuilder.members#52.0-1752886142000-kotlin.trap.gz" }
{ "origin": "CodeQL Kotlin extractor", "timestamp": "2026-09-27 14:18:06", "kind": "INFO", "message": "Will write TRAP file /Users/macbook/Octo/static_analysis_codeql_1/codeql-kotlin.db/trap/java/classes/com/fasterxml/jackson/databind/json/JsonMapper$Builder.members/JsonMapper$Builder.members#52.0-1752886142000-kotlin.trap.gz" }
{ "origin": "CodeQL Kotlin extractor", "timestamp": "2026-09-27 14:18:06", "kind": "INFO", "message": "Finished writing TRAP file /Users/macbook/Octo/static_analysis_codeql_1/codeql-kotlin.db/trap/java/classes/com/fasterxml/jackson/databind/json/JsonMapper$Builder.members/JsonMapper$Builder.members#52.0-1752886142000-kotlin.trap.gz" }
{ "origin": "CodeQL Kotlin extractor", "timestamp": "2026-09-27 14:18:06", "kind": "INFO", "message": "Will write TRAP file /Users/macbook/Octo/static_analysis_codeql_1/codeql-kotlin.db/trap/java/classes/com/fasterxml/jackson/databind/DeserializationFeature.members/DeserializationFeature.members#52.0-1752886142000-kotlin.trap.gz" }
{ "origin": "CodeQL Kotlin extractor", "timestamp": "2026-09-27 14:18:06", "kind": "INFO", "message": "Finished writing TRAP file /Users/macbook/Octo/static_analysis_codeql_1/codeql-kotlin.db/trap/java/classes/com/fasterxml/jackson/databind/DeserializationFeature.members/DeserializationFeature.members#52.0-1752886142000-kotlin.trap.gz" }
{ "origin": "CodeQL Kotlin extractor", "timestamp": "2026-09-27 14:18:06", "kind": "INFO", "message": "Will write TRAP file /Users/macbook/Octo/static_analysis_codeql_1/codeql-kotlin.db/trap/java/classes/com/fasterxml/jackson/annotation/JsonInclude$Include.members/JsonInclude$Include.members#50.0-1752885240000-kotlin.trap.gz" }
{ "origin": "CodeQL Kotlin extractor", "timestamp": "2026-09-27 14:18:06", "kind": "INFO", "message": "Finished writing TRAP file /Users/macbook/Octo/static_analysis_codeql_1/codeql-kotlin.db/trap/java/classes/com/fasterxml/jackson/annotation/JsonInclude$Include.members/JsonInclude$Include.members#50.0-1752885240000-kotlin.trap.gz" }
{ "origin": "CodeQL Kotlin extractor", "timestamp": "2026-09-27 14:18:06", "kind": "INFO", "message": "Will write TRAP file /Users/macbook/Octo/static_analysis_codeql_1/codeql-kotlin.db/trap/java/classes/com/fasterxml/jackson/databind/Module.members/Module.members#52.0-1752886142000-kotlin.trap.gz" }
{ "origin": "CodeQL Kotlin extractor", "timestamp": "2026-09-27 14:18:06", "kind": "INFO", "message": "Finished writing TRAP file /Users/macbook/Octo/static_analysis_codeql_1/codeql-kotlin.db/trap/java/classes/com/fasterxml/jackson/databind/Module.members/Module.members#52.0-1752886142000-kotlin.trap.gz" }
{ "origin": "CodeQL Kotlin extractor", "timestamp": "2026-09-27 14:18:06", "kind": "INFO", "message": "Will write TRAP file /Users/macbook/Octo/static_analysis_codeql_1/codeql-kotlin.db/trap/java/classes/com/fasterxml/jackson/module/kotlin/KotlinModule$Builder.members/KotlinModule$Builder.members#52.0-318240000000-kotlin.trap.gz" }
{ "origin": "CodeQL Kotlin extractor", "timestamp": "2026-09-27 14:18:06", "kind": "INFO", "message": "Finished writing TRAP file /Users/macbook/Octo/static_analysis_codeql_1/codeql-kotlin.db/trap/java/classes/com/fasterxml/jackson/module/kotlin/KotlinModule$Builder.members/KotlinModule$Builder.members#52.0-318240000000-kotlin.trap.gz" }
{ "origin": "CodeQL Kotlin extractor", "timestamp": "2026-09-27 14:18:06", "kind": "INFO", "message": "Skipping extracting external decl Function1" }
{ "origin": "CodeQL Kotlin extractor", "timestamp": "2026-09-27 14:18:06", "kind": "INFO", "message": "Skipping extracting external decl Function1" }
{ "origin": "CodeQL Kotlin extractor", "timestamp": "2026-09-27 14:18:06", "kind": "INFO", "message": "Will write TRAP file /Users/macbook/Octo/static_analysis_codeql_1/codeql-kotlin.db/trap/java/classes/com/fasterxml/jackson/module/kotlin/KotlinModule.members/KotlinModule.members#52.0-318240000000-kotlin.trap.gz" }
{ "origin": "CodeQL Kotlin extractor", "timestamp": "2026-09-27 14:18:06", "kind": "INFO", "message": "Finished writing TRAP file /Users/macbook/Octo/static_analysis_codeql_1/codeql-kotlin.db/trap/java/classes/com/fasterxml/jackson/module/kotlin/KotlinModule.members/KotlinModule.members#52.0-318240000000-kotlin.trap.gz" }
{ "origin": "CodeQL Kotlin extractor", "timestamp": "2026-09-27 14:18:06", "kind": "INFO", "message": "Will write TRAP file /Users/macbook/Octo/static_analysis_codeql_1/codeql-kotlin.db/trap/java/classes/com/fasterxml/jackson/module/kotlin/kotlinModule(kotlin.jvm.functions.Function1).members/kotlinModule(kotlin.jvm.functions.Function1).members#-1.0-0-null.trap.gz" }
{ "origin": "CodeQL Kotlin extractor", "timestamp": "2026-09-27 14:18:06", "kind": "INFO", "message": "Finished writing TRAP file /Users/macbook/Octo/static_analysis_codeql_1/codeql-kotlin.db/trap/java/classes/com/fasterxml/jackson/module/kotlin/kotlinModule(kotlin.jvm.functions.Function1).members/kotlinModule(kotlin.jvm.functions.Function1).members#-1.0-0-null.trap.gz" }
{ "origin": "CodeQL Kotlin extractor", "timestamp": "2026-09-27 14:18:06", "kind": "INFO", "message": "Skipping extracting external decl Deprecated" }
{ "origin": "CodeQL Kotlin extractor", "timestamp": "2026-09-27 14:18:06", "kind": "INFO", "message": "Will write TRAP file /Users/macbook/Octo/static_analysis_codeql_1/codeql-kotlin.db/trap/java/classes/com/fasterxml/jackson/core/JsonFactory.members/JsonFactory.members#52.0-1752860368000-kotlin.trap.gz" }
{ "origin": "CodeQL Kotlin extractor", "timestamp": "2026-09-27 14:18:06", "kind": "INFO", "message": "Finished writing TRAP file /Users/macbook/Octo/static_analysis_codeql_1/codeql-kotlin.db/trap/java/classes/com/fasterxml/jackson/core/JsonFactory.members/JsonFactory.members#52.0-1752860368000-kotlin.trap.gz" }
{ "origin": "CodeQL Kotlin extractor", "timestamp": "2026-09-27 14:18:06", "kind": "INFO", "message": "Will write TRAP file /Users/macbook/Octo/static_analysis_codeql_1/codeql-kotlin.db/trap/java/classes/com/fasterxml/jackson/databind/ser/DefaultSerializerProvider.members/DefaultSerializerProvider.members#52.0-1752886142000-kotlin.trap.gz" }
{ "origin": "CodeQL Kotlin extractor", "timestamp": "2026-09-27 14:18:06", "kind": "INFO", "message": "Finished writing TRAP file /Users/macbook/Octo/static_analysis_codeql_1/codeql-kotlin.db/trap/java/classes/com/fasterxml/jackson/databind/ser/DefaultSerializerProvider.members/DefaultSerializerProvider.members#52.0-1752886142000-kotlin.trap.gz" }
{ "origin": "CodeQL Kotlin extractor", "timestamp": "2026-09-27 14:18:06", "kind": "INFO", "message": "Will write TRAP file /Users/macbook/Octo/static_analysis_codeql_1/codeql-kotlin.db/trap/java/classes/com/fasterxml/jackson/databind/deser/DefaultDeserializationContext.members/DefaultDeserializationContext.members#52.0-1752886142000-kotlin.trap.gz" }
{ "origin": "CodeQL Kotlin extractor", "timestamp": "2026-09-27 14:18:06", "kind": "INFO", "message": "Finished writing TRAP file /Users/macbook/Octo/static_analysis_codeql_1/codeql-kotlin.db/trap/java/classes/com/fasterxml/jackson/databind/deser/DefaultDeserializationContext.members/DefaultDeserializationContext.members#52.0-1752886142000-kotlin.trap.gz" }
{ "origin": "CodeQL Kotlin extractor", "timestamp": "2026-09-27 14:18:06", "kind": "INFO", "message": "Will write TRAP file /Users/macbook/Octo/static_analysis_codeql_1/codeql-kotlin.db/trap/java/classes/com/fasterxml/jackson/databind/ObjectMapper$DefaultTyping.members/ObjectMapper$DefaultTyping.members#52.0-1752886142000-kotlin.trap.gz" }
{ "origin": "CodeQL Kotlin extractor", "timestamp": "2026-09-27 14:18:06", "kind": "INFO", "message": "Finished writing TRAP file /Users/macbook/Octo/static_analysis_codeql_1/codeql-kotlin.db/trap/java/classes/com/fasterxml/jackson/databind/ObjectMapper$DefaultTyping.members/ObjectMapper$DefaultTyping.members#52.0-1752886142000-kotlin.trap.gz" }
{ "origin": "CodeQL Kotlin extractor", "timestamp": "2026-09-27 14:18:06", "kind": "INFO", "message": "Will write TRAP file /Users/macbook/Octo/static_analysis_codeql_1/codeql-kotlin.db/trap/java/classes/com/fasterxml/jackson/databind/ObjectMapper$DefaultTypeResolverBuilder.members/ObjectMapper$DefaultTypeResolverBuilder.members#52.0-1752886142000-kotlin.trap.gz" }
{ "origin": "CodeQL Kotlin extractor", "timestamp": "2026-09-27 14:18:06", "kind": "INFO", "message": "Finished writing TRAP file /Users/macbook/Octo/static_analysis_codeql_1/codeql-kotlin.db/trap/java/classes/com/fasterxml/jackson/databind/ObjectMapper$DefaultTypeResolverBuilder.members/ObjectMapper$DefaultTypeResolverBuilder.members#52.0-1752886142000-kotlin.trap.gz" }
{ "origin": "CodeQL Kotlin extractor", "timestamp": "2026-09-27 14:18:06", "kind": "INFO", "message": "Will write TRAP file /Users/macbook/Octo/static_analysis_codeql_1/codeql-kotlin.db/trap/java/classes/com/fasterxml/jackson/databind/type/TypeFactory.members/TypeFactory.members#52.0-1752886142000-kotlin.trap.gz" }
{ "origin": "CodeQL Kotlin extractor", "timestamp": "2026-09-27 14:18:06", "kind": "INFO", "message": "Finished writing TRAP file /Users/macbook/Octo/static_analysis_codeql_1/codeql-kotlin.db/trap/java/classes/com/fasterxml/jackson/databind/type/TypeFactory.members/TypeFactory.members#52.0-1752886142000-kotlin.trap.gz" }
{ "origin": "CodeQL Kotlin extractor", "timestamp": "2026-09-27 14:18:06", "kind": "INFO", "message": "Will write TRAP file /Users/macbook/Octo/static_analysis_codeql_1/codeql-kotlin.db/trap/java/classes/com/fasterxml/jackson/databind/InjectableValues.members/InjectableValues.members#52.0-1752886142000-kotlin.trap.gz" }
{ "origin": "CodeQL Kotlin extractor", "timestamp": "2026-09-27 14:18:06", "kind": "INFO", "message": "Finished writing TRAP file /Users/macbook/Octo/static_analysis_codeql_1/codeql-kotlin.db/trap/java/classes/com/fasterxml/jackson/databind/InjectableValues.members/InjectableValues.members#52.0-1752886142000-kotlin.trap.gz" }
{ "origin": "CodeQL Kotlin extractor", "timestamp": "2026-09-27 14:18:06", "kind": "INFO", "message": "Will write TRAP file /Users/macbook/Octo/static_analysis_codeql_1/codeql-kotlin.db/trap/java/classes/com/fasterxml/jackson/databind/jsontype/SubtypeResolver.members/SubtypeResolver.members#52.0-1752886142000-kotlin.trap.gz" }
{ "origin": "CodeQL Kotlin extractor", "timestamp": "2026-09-27 14:18:06", "kind": "INFO", "message": "Finished writing TRAP file /Users/macbook/Octo/static_analysis_codeql_1/codeql-kotlin.db/trap/java/classes/com/fasterxml/jackson/databind/jsontype/SubtypeResolver.members/SubtypeResolver.members#52.0-1752886142000-kotlin.trap.gz" }
{ "origin": "CodeQL Kotlin extractor", "timestamp": "2026-09-27 14:18:06", "kind": "INFO", "message": "Will write TRAP file /Users/macbook/Octo/static_analysis_codeql_1/codeql-kotlin.db/trap/java/classes/com/fasterxml/jackson/databind/cfg/ConfigOverrides.members/ConfigOverrides.members#52.0-1752886142000-kotlin.trap.gz" }
{ "origin": "CodeQL Kotlin extractor", "timestamp": "2026-09-27 14:18:06", "kind": "INFO", "message": "Finished writing TRAP file /Users/macbook/Octo/static_analysis_codeql_1/codeql-kotlin.db/trap/java/classes/com/fasterxml/jackson/databind/cfg/ConfigOverrides.members/ConfigOverrides.members#52.0-1752886142000-kotlin.trap.gz" }
{ "origin": "CodeQL Kotlin extractor", "timestamp": "2026-09-27 14:18:06", "kind": "INFO", "message": "Will write TRAP file /Users/macbook/Octo/static_analysis_codeql_1/codeql-kotlin.db/trap/java/classes/com/fasterxml/jackson/databind/cfg/CoercionConfigs.members/CoercionConfigs.members#52.0-1752886142000-kotlin.trap.gz" }
{ "origin": "CodeQL Kotlin extractor", "timestamp": "2026-09-27 14:18:06", "kind": "INFO", "message": "Finished writing TRAP file /Users/macbook/Octo/static_analysis_codeql_1/codeql-kotlin.db/trap/java/classes/com/fasterxml/jackson/databind/cfg/CoercionConfigs.members/CoercionConfigs.members#52.0-1752886142000-kotlin.trap.gz" }
{ "origin": "CodeQL Kotlin extractor", "timestamp": "2026-09-27 14:18:06", "kind": "INFO", "message": "Will write TRAP file /Users/macbook/Octo/static_analysis_codeql_1/codeql-kotlin.db/trap/java/classes/com/fasterxml/jackson/databind/introspect/SimpleMixInResolver.members/SimpleMixInResolver.members#52.0-1752886142000-kotlin.trap.gz" }
{ "origin": "CodeQL Kotlin extractor", "timestamp": "2026-09-27 14:18:06", "kind": "INFO", "message": "Finished writing TRAP file /Users/macbook/Octo/static_analysis_codeql_1/codeql-kotlin.db/trap/java/classes/com/fasterxml/jackson/databind/introspect/SimpleMixInResolver.members/SimpleMixInResolver.members#52.0-1752886142000-kotlin.trap.gz" }
{ "origin": "CodeQL Kotlin extractor", "timestamp": "2026-09-27 14:18:06", "kind": "INFO", "message": "Will write TRAP file /Users/macbook/Octo/static_analysis_codeql_1/codeql-kotlin.db/trap/java/classes/com/fasterxml/jackson/databind/SerializationConfig.members/SerializationConfig.members#52.0-1752886142000-kotlin.trap.gz" }
{ "origin": "CodeQL Kotlin extractor", "timestamp": "2026-09-27 14:18:07", "kind": "INFO", "message": "Finished writing TRAP file /Users/macbook/Octo/static_analysis_codeql_1/codeql-kotlin.db/trap/java/classes/com/fasterxml/jackson/databind/SerializationConfig.members/SerializationConfig.members#52.0-1752886142000-kotlin.trap.gz" }
{ "origin": "CodeQL Kotlin extractor", "timestamp": "2026-09-27 14:18:07", "kind": "INFO", "message": "Will write TRAP file /Users/macbook/Octo/static_analysis_codeql_1/codeql-kotlin.db/trap/java/classes/com/fasterxml/jackson/databind/ser/SerializerFactory.members/SerializerFactory.members#52.0-1752886142000-kotlin.trap.gz" }
{ "origin": "CodeQL Kotlin extractor", "timestamp": "2026-09-27 14:18:07", "kind": "INFO", "message": "Finished writing TRAP file /Users/macbook/Octo/static_analysis_codeql_1/codeql-kotlin.db/trap/java/classes/com/fasterxml/jackson/databind/ser/SerializerFactory.members/SerializerFactory.members#52.0-1752886142000-kotlin.trap.gz" }
{ "origin": "CodeQL Kotlin extractor", "timestamp": "2026-09-27 14:18:07", "kind": "INFO", "message": "Will write TRAP file /Users/macbook/Octo/static_analysis_codeql_1/codeql-kotlin.db/trap/java/classes/com/fasterxml/jackson/databind/DeserializationConfig.members/DeserializationConfig.members#52.0-1752886142000-kotlin.trap.gz" }
{ "origin": "CodeQL Kotlin extractor", "timestamp": "2026-09-27 14:18:07", "kind": "INFO", "message": "Finished writing TRAP file /Users/macbook/Octo/static_analysis_codeql_1/codeql-kotlin.db/trap/java/classes/com/fasterxml/jackson/databind/DeserializationConfig.members/DeserializationConfig.members#52.0-1752886142000-kotlin.trap.gz" }
{ "origin": "CodeQL Kotlin extractor", "timestamp": "2026-09-27 14:18:07", "kind": "INFO", "message": "Skipping extracting external decl Set" }
{ "origin": "CodeQL Kotlin extractor", "timestamp": "2026-09-27 14:18:07", "kind": "INFO", "message": "Skipping extracting external decl Collection" }
{ "origin": "CodeQL Kotlin extractor", "timestamp": "2026-09-27 14:18:07", "kind": "INFO", "message": "Skipping extracting external decl Iterable" }
{ "origin": "CodeQL Kotlin extractor", "timestamp": "2026-09-27 14:18:07", "kind": "INFO", "message": "Skipping extracting external decl MutableIterable" }
{ "origin": "CodeQL Kotlin extractor", "timestamp": "2026-09-27 14:18:07", "kind": "INFO", "message": "Skipping extracting external decl MutableCollection" }
{ "origin": "CodeQL Kotlin extractor", "timestamp": "2026-09-27 14:18:07", "kind": "INFO", "message": "Skipping extracting external decl MutableSet" }
{ "origin": "CodeQL Kotlin extractor", "timestamp": "2026-09-27 14:18:07", "kind": "INFO", "message": "Will write TRAP file /Users/macbook/Octo/static_analysis_codeql_1/codeql-kotlin.db/trap/java/classes/com/fasterxml/jackson/databind/JavaType.members/JavaType.members#52.0-1752886142000-kotlin.trap.gz" }
{ "origin": "CodeQL Kotlin extractor", "timestamp": "2026-09-27 14:18:07", "kind": "INFO", "message": "Finished writing TRAP file /Users/macbook/Octo/static_analysis_codeql_1/codeql-kotlin.db/trap/java/classes/com/fasterxml/jackson/databind/JavaType.members/JavaType.members#52.0-1752886142000-kotlin.trap.gz" }
{ "origin": "CodeQL Kotlin extractor", "timestamp": "2026-09-27 14:18:07", "kind": "INFO", "message": "Will write TRAP file /Users/macbook/Octo/static_analysis_codeql_1/codeql-kotlin.db/trap/java/classes/com/fasterxml/jackson/databind/JsonDeserializer.members/JsonDeserializer.members#52.0-1752886142000-kotlin.trap.gz" }
{ "origin": "CodeQL Kotlin extractor", "timestamp": "2026-09-27 14:18:07", "kind": "INFO", "message": "Finished writing TRAP file /Users/macbook/Octo/static_analysis_codeql_1/codeql-kotlin.db/trap/java/classes/com/fasterxml/jackson/databind/JsonDeserializer.members/JsonDeserializer.members#52.0-1752886142000-kotlin.trap.gz" }
{ "origin": "CodeQL Kotlin extractor", "timestamp": "2026-09-27 14:18:07", "kind": "INFO", "message": "Will write TRAP file /Users/macbook/Octo/static_analysis_codeql_1/codeql-kotlin.db/trap/java/classes/com/fasterxml/jackson/databind/deser/NullValueProvider.members/NullValueProvider.members#52.0-1752886142000-kotlin.trap.gz" }
{ "origin": "CodeQL Kotlin extractor", "timestamp": "2026-09-27 14:18:07", "kind": "INFO", "message": "Finished writing TRAP file /Users/macbook/Octo/static_analysis_codeql_1/codeql-kotlin.db/trap/java/classes/com/fasterxml/jackson/databind/deser/NullValueProvider.members/NullValueProvider.members#52.0-1752886142000-kotlin.trap.gz" }
{ "origin": "CodeQL Kotlin extractor", "timestamp": "2026-09-27 14:18:07", "kind": "INFO", "message": "Skipping extracting external decl ConcurrentHashMap" }
{ "origin": "CodeQL Kotlin extractor", "timestamp": "2026-09-27 14:18:07", "kind": "INFO", "message": "Skipping extracting external decl AbstractMap" }
{ "origin": "CodeQL Kotlin extractor", "timestamp": "2026-09-27 14:18:07", "kind": "INFO", "message": "Skipping extracting external decl MutableMap" }
{ "origin": "CodeQL Kotlin extractor", "timestamp": "2026-09-27 14:18:07", "kind": "INFO", "message": "Skipping extracting external decl ConcurrentMap" }
{ "origin": "CodeQL Kotlin extractor", "timestamp": "2026-09-27 14:18:07", "kind": "INFO", "message": "Will write TRAP file /Users/macbook/Octo/static_analysis_codeql_1/codeql-kotlin.db/trap/java/classes/com/fasterxml/jackson/databind/introspect/ClassIntrospector.members/ClassIntrospector.members#52.0-1752886142000-kotlin.trap.gz" }
{ "origin": "CodeQL Kotlin extractor", "timestamp": "2026-09-27 14:18:07", "kind": "INFO", "message": "Finished writing TRAP file /Users/macbook/Octo/static_analysis_codeql_1/codeql-kotlin.db/trap/java/classes/com/fasterxml/jackson/databind/introspect/ClassIntrospector.members/ClassIntrospector.members#52.0-1752886142000-kotlin.trap.gz" }
{ "origin": "CodeQL Kotlin extractor", "timestamp": "2026-09-27 14:18:07", "kind": "INFO", "message": "Will write TRAP file /Users/macbook/Octo/static_analysis_codeql_1/codeql-kotlin.db/trap/java/classes/com/fasterxml/jackson/databind/ObjectReader.members/ObjectReader.members#52.0-1752886142000-kotlin.trap.gz" }
{ "origin": "CodeQL Kotlin extractor", "timestamp": "2026-09-27 14:18:07", "kind": "INFO", "message": "Finished writing TRAP file /Users/macbook/Octo/static_analysis_codeql_1/codeql-kotlin.db/trap/java/classes/com/fasterxml/jackson/databind/ObjectReader.members/ObjectReader.members#52.0-1752886142000-kotlin.trap.gz" }
{ "origin": "CodeQL Kotlin extractor", "timestamp": "2026-09-27 14:18:07", "kind": "INFO", "message": "Will write TRAP file /Users/macbook/Octo/static_analysis_codeql_1/codeql-kotlin.db/trap/java/classes/com/fasterxml/jackson/core/FormatSchema.members/FormatSchema.members#52.0-1752860368000-kotlin.trap.gz" }
{ "origin": "CodeQL Kotlin extractor", "timestamp": "2026-09-27 14:18:07", "kind": "INFO", "message": "Finished writing TRAP file /Users/macbook/Octo/static_analysis_codeql_1/codeql-kotlin.db/trap/java/classes/com/fasterxml/jackson/core/FormatSchema.members/FormatSchema.members#52.0-1752860368000-kotlin.trap.gz" }
{ "origin": "CodeQL Kotlin extractor", "timestamp": "2026-09-27 14:18:07", "kind": "INFO", "message": "Will write TRAP file /Users/macbook/Octo/static_analysis_codeql_1/codeql-kotlin.db/trap/java/classes/com/fasterxml/jackson/databind/ObjectWriter.members/ObjectWriter.members#52.0-1752886142000-kotlin.trap.gz" }
{ "origin": "CodeQL Kotlin extractor", "timestamp": "2026-09-27 14:18:07", "kind": "INFO", "message": "Finished writing TRAP file /Users/macbook/Octo/static_analysis_codeql_1/codeql-kotlin.db/trap/java/classes/com/fasterxml/jackson/databind/ObjectWriter.members/ObjectWriter.members#52.0-1752886142000-kotlin.trap.gz" }
{ "origin": "CodeQL Kotlin extractor", "timestamp": "2026-09-27 14:18:07", "kind": "INFO", "message": "Will write TRAP file /Users/macbook/Octo/static_analysis_codeql_1/codeql-kotlin.db/trap/java/classes/com/fasterxml/jackson/core/PrettyPrinter.members/PrettyPrinter.members#52.0-1752860368000-kotlin.trap.gz" }
{ "origin": "CodeQL Kotlin extractor", "timestamp": "2026-09-27 14:18:07", "kind": "INFO", "message": "Finished writing TRAP file /Users/macbook/Octo/static_analysis_codeql_1/codeql-kotlin.db/trap/java/classes/com/fasterxml/jackson/core/PrettyPrinter.members/PrettyPrinter.members#52.0-1752860368000-kotlin.trap.gz" }
{ "origin": "CodeQL Kotlin extractor", "timestamp": "2026-09-27 14:18:07", "kind": "INFO", "message": "Will write TRAP file /Users/macbook/Octo/static_analysis_codeql_1/codeql-kotlin.db/trap/java/classes/com/fasterxml/jackson/core/Version.members/Version.members#52.0-1752860368000-kotlin.trap.gz" }
{ "origin": "CodeQL Kotlin extractor", "timestamp": "2026-09-27 14:18:07", "kind": "INFO", "message": "Finished writing TRAP file /Users/macbook/Octo/static_analysis_codeql_1/codeql-kotlin.db/trap/java/classes/com/fasterxml/jackson/core/Version.members/Version.members#52.0-1752860368000-kotlin.trap.gz" }
{ "origin": "CodeQL Kotlin extractor", "timestamp": "2026-09-27 14:18:07", "kind": "INFO", "message": "Skipping extracting external decl OutputStream" }
{ "origin": "CodeQL Kotlin extractor", "timestamp": "2026-09-27 14:18:07", "kind": "INFO", "message": "Will write TRAP file /Users/macbook/Octo/static_analysis_codeql_1/codeql-kotlin.db/trap/java/classes/com/fasterxml/jackson/core/JsonGenerator.members/JsonGenerator.members#52.0-1752860368000-kotlin.trap.gz" }
{ "origin": "CodeQL Kotlin extractor", "timestamp": "2026-09-27 14:18:07", "kind": "INFO", "message": "Finished writing TRAP file /Users/macbook/Octo/static_analysis_codeql_1/codeql-kotlin.db/trap/java/classes/com/fasterxml/jackson/core/JsonGenerator.members/JsonGenerator.members#52.0-1752860368000-kotlin.trap.gz" }
{ "origin": "CodeQL Kotlin extractor", "timestamp": "2026-09-27 14:18:07", "kind": "INFO", "message": "Will write TRAP file /Users/macbook/Octo/static_analysis_codeql_1/codeql-kotlin.db/trap/java/classes/com/fasterxml/jackson/core/JsonEncoding.members/JsonEncoding.members#52.0-1752860368000-kotlin.trap.gz" }
{ "origin": "CodeQL Kotlin extractor", "timestamp": "2026-09-27 14:18:07", "kind": "INFO", "message": "Finished writing TRAP file /Users/macbook/Octo/static_analysis_codeql_1/codeql-kotlin.db/trap/java/classes/com/fasterxml/jackson/core/JsonEncoding.members/JsonEncoding.members#52.0-1752860368000-kotlin.trap.gz" }
{ "origin": "CodeQL Kotlin extractor", "timestamp": "2026-09-27 14:18:07", "kind": "INFO", "message": "Skipping extracting external decl Writer" }
{ "origin": "CodeQL Kotlin extractor", "timestamp": "2026-09-27 14:18:07", "kind": "INFO", "message": "Skipping extracting external decl File" }
{ "origin": "CodeQL Kotlin extractor", "timestamp": "2026-09-27 14:18:07", "kind": "INFO", "message": "Skipping extracting external decl DataOutput" }
{ "origin": "CodeQL Kotlin extractor", "timestamp": "2026-09-27 14:18:07", "kind": "INFO", "message": "Will write TRAP file /Users/macbook/Octo/static_analysis_codeql_1/codeql-kotlin.db/trap/java/classes/com/fasterxml/jackson/core/JsonParser.members/JsonParser.members#52.0-1752860368000-kotlin.trap.gz" }
{ "origin": "CodeQL Kotlin extractor", "timestamp": "2026-09-27 14:18:07", "kind": "INFO", "message": "Finished writing TRAP file /Users/macbook/Octo/static_analysis_codeql_1/codeql-kotlin.db/trap/java/classes/com/fasterxml/jackson/core/JsonParser.members/JsonParser.members#52.0-1752860368000-kotlin.trap.gz" }
{ "origin": "CodeQL Kotlin extractor", "timestamp": "2026-09-27 14:18:07", "kind": "INFO", "message": "Skipping extracting external decl URL" }
{ "origin": "CodeQL Kotlin extractor", "timestamp": "2026-09-27 14:18:07", "kind": "INFO", "message": "Skipping extracting external decl InputStream" }
{ "origin": "CodeQL Kotlin extractor", "timestamp": "2026-09-27 14:18:07", "kind": "INFO", "message": "Skipping extracting external decl Reader" }
{ "origin": "CodeQL Kotlin extractor", "timestamp": "2026-09-27 14:18:07", "kind": "INFO", "message": "Skipping extracting external decl Byte" }
{ "origin": "CodeQL Kotlin extractor", "timestamp": "2026-09-27 14:18:07", "kind": "INFO", "message": "Skipping extracting external decl Byte" }
{ "origin": "CodeQL Kotlin extractor", "timestamp": "2026-09-27 14:18:07", "kind": "INFO", "message": "Skipping extracting external decl Character" }
{ "origin": "CodeQL Kotlin extractor", "timestamp": "2026-09-27 14:18:07", "kind": "INFO", "message": "Skipping extracting external decl Char" }
{ "origin": "CodeQL Kotlin extractor", "timestamp": "2026-09-27 14:18:07", "kind": "INFO", "message": "Skipping extracting external decl DataInput" }
{ "origin": "CodeQL Kotlin extractor", "timestamp": "2026-09-27 14:18:07", "kind": "INFO", "message": "Will write TRAP file /Users/macbook/Octo/static_analysis_codeql_1/codeql-kotlin.db/trap/java/classes/com/fasterxml/jackson/databind/DeserializationContext.members/DeserializationContext.members#52.0-1752886142000-kotlin.trap.gz" }
{ "origin": "CodeQL Kotlin extractor", "timestamp": "2026-09-27 14:18:07", "kind": "INFO", "message": "Finished writing TRAP file /Users/macbook/Octo/static_analysis_codeql_1/codeql-kotlin.db/trap/java/classes/com/fasterxml/jackson/databind/DeserializationContext.members/DeserializationContext.members#52.0-1752886142000-kotlin.trap.gz" }
{ "origin": "CodeQL Kotlin extractor", "timestamp": "2026-09-27 14:18:07", "kind": "INFO", "message": "Will write TRAP file /Users/macbook/Octo/static_analysis_codeql_1/codeql-kotlin.db/trap/java/classes/com/fasterxml/jackson/databind/SerializerProvider.members/SerializerProvider.members#52.0-1752886142000-kotlin.trap.gz" }
{ "origin": "CodeQL Kotlin extractor", "timestamp": "2026-09-27 14:18:07", "kind": "INFO", "message": "Finished writing TRAP file /Users/macbook/Octo/static_analysis_codeql_1/codeql-kotlin.db/trap/java/classes/com/fasterxml/jackson/databind/SerializerProvider.members/SerializerProvider.members#52.0-1752886142000-kotlin.trap.gz" }
{ "origin": "CodeQL Kotlin extractor", "timestamp": "2026-09-27 14:18:07", "kind": "INFO", "message": "Will write TRAP file /Users/macbook/Octo/static_analysis_codeql_1/codeql-kotlin.db/trap/java/classes/com/fasterxml/jackson/databind/introspect/ClassIntrospector$MixInResolver.members/ClassIntrospector$MixInResolver.members#52.0-1752886142000-kotlin.trap.gz" }
{ "origin": "CodeQL Kotlin extractor", "timestamp": "2026-09-27 14:18:07", "kind": "INFO", "message": "Finished writing TRAP file /Users/macbook/Octo/static_analysis_codeql_1/codeql-kotlin.db/trap/java/classes/com/fasterxml/jackson/databind/introspect/ClassIntrospector$MixInResolver.members/ClassIntrospector$MixInResolver.members#52.0-1752886142000-kotlin.trap.gz" }
{ "origin": "CodeQL Kotlin extractor", "timestamp": "2026-09-27 14:18:07", "kind": "INFO", "message": "Will write TRAP file /Users/macbook/Octo/static_analysis_codeql_1/codeql-kotlin.db/trap/java/classes/com/fasterxml/jackson/databind/introspect/VisibilityChecker.members/VisibilityChecker.members#52.0-1752886142000-kotlin.trap.gz" }
{ "origin": "CodeQL Kotlin extractor", "timestamp": "2026-09-27 14:18:07", "kind": "INFO", "message": "Finished writing TRAP file /Users/macbook/Octo/static_analysis_codeql_1/codeql-kotlin.db/trap/java/classes/com/fasterxml/jackson/databind/introspect/VisibilityChecker.members/VisibilityChecker.members#52.0-1752886142000-kotlin.trap.gz" }
{ "origin": "CodeQL Kotlin extractor", "timestamp": "2026-09-27 14:18:07", "kind": "INFO", "message": "Will write TRAP file /Users/macbook/Octo/static_analysis_codeql_1/codeql-kotlin.db/trap/java/classes/com/fasterxml/jackson/annotation/PropertyAccessor.members/PropertyAccessor.members#50.0-1752885240000-kotlin.trap.gz" }
{ "origin": "CodeQL Kotlin extractor", "timestamp": "2026-09-27 14:18:07", "kind": "INFO", "message": "Finished writing TRAP file /Users/macbook/Octo/static_analysis_codeql_1/codeql-kotlin.db/trap/java/classes/com/fasterxml/jackson/annotation/PropertyAccessor.members/PropertyAccessor.members#50.0-1752885240000-kotlin.trap.gz" }
{ "origin": "CodeQL Kotlin extractor", "timestamp": "2026-09-27 14:18:07", "kind": "INFO", "message": "Will write TRAP file /Users/macbook/Octo/static_analysis_codeql_1/codeql-kotlin.db/trap/java/classes/com/fasterxml/jackson/annotation/JsonAutoDetect$Visibility.members/JsonAutoDetect$Visibility.members#50.0-1752885240000-kotlin.trap.gz" }
{ "origin": "CodeQL Kotlin extractor", "timestamp": "2026-09-27 14:18:07", "kind": "INFO", "message": "Finished writing TRAP file /Users/macbook/Octo/static_analysis_codeql_1/codeql-kotlin.db/trap/java/classes/com/fasterxml/jackson/annotation/JsonAutoDetect$Visibility.members/JsonAutoDetect$Visibility.members#50.0-1752885240000-kotlin.trap.gz" }
{ "origin": "CodeQL Kotlin extractor", "timestamp": "2026-09-27 14:18:07", "kind": "INFO", "message": "Will write TRAP file /Users/macbook/Octo/static_analysis_codeql_1/codeql-kotlin.db/trap/java/classes/com/fasterxml/jackson/databind/AnnotationIntrospector.members/AnnotationIntrospector.members#52.0-1752886142000-kotlin.trap.gz" }
{ "origin": "CodeQL Kotlin extractor", "timestamp": "2026-09-27 14:18:07", "kind": "INFO", "message": "Finished writing TRAP file /Users/macbook/Octo/static_analysis_codeql_1/codeql-kotlin.db/trap/java/classes/com/fasterxml/jackson/databind/AnnotationIntrospector.members/AnnotationIntrospector.members#52.0-1752886142000-kotlin.trap.gz" }
{ "origin": "CodeQL Kotlin extractor", "timestamp": "2026-09-27 14:18:07", "kind": "INFO", "message": "Will write TRAP file /Users/macbook/Octo/static_analysis_codeql_1/codeql-kotlin.db/trap/java/classes/com/fasterxml/jackson/databind/PropertyNamingStrategy.members/PropertyNamingStrategy.members#52.0-1752886142000-kotlin.trap.gz" }
{ "origin": "CodeQL Kotlin extractor", "timestamp": "2026-09-27 14:18:07", "kind": "INFO", "message": "Finished writing TRAP file /Users/macbook/Octo/static_analysis_codeql_1/codeql-kotlin.db/trap/java/classes/com/fasterxml/jackson/databind/PropertyNamingStrategy.members/PropertyNamingStrategy.members#52.0-1752886142000-kotlin.trap.gz" }
{ "origin": "CodeQL Kotlin extractor", "timestamp": "2026-09-27 14:18:07", "kind": "INFO", "message": "Will write TRAP file /Users/macbook/Octo/static_analysis_codeql_1/codeql-kotlin.db/trap/java/classes/com/fasterxml/jackson/databind/EnumNamingStrategy.members/EnumNamingStrategy.members#52.0-1752886142000-kotlin.trap.gz" }
{ "origin": "CodeQL Kotlin extractor", "timestamp": "2026-09-27 14:18:07", "kind": "INFO", "message": "Finished writing TRAP file /Users/macbook/Octo/static_analysis_codeql_1/codeql-kotlin.db/trap/java/classes/com/fasterxml/jackson/databind/EnumNamingStrategy.members/EnumNamingStrategy.members#52.0-1752886142000-kotlin.trap.gz" }
{ "origin": "CodeQL Kotlin extractor", "timestamp": "2026-09-27 14:18:07", "kind": "INFO", "message": "Will write TRAP file /Users/macbook/Octo/static_analysis_codeql_1/codeql-kotlin.db/trap/java/classes/com/fasterxml/jackson/databind/introspect/AccessorNamingStrategy$Provider.members/AccessorNamingStrategy$Provider.members#52.0-1752886142000-kotlin.trap.gz" }
{ "origin": "CodeQL Kotlin extractor", "timestamp": "2026-09-27 14:18:07", "kind": "INFO", "message": "Finished writing TRAP file /Users/macbook/Octo/static_analysis_codeql_1/codeql-kotlin.db/trap/java/classes/com/fasterxml/jackson/databind/introspect/AccessorNamingStrategy$Provider.members/AccessorNamingStrategy$Provider.members#52.0-1752886142000-kotlin.trap.gz" }
{ "origin": "CodeQL Kotlin extractor", "timestamp": "2026-09-27 14:18:07", "kind": "INFO", "message": "Will write TRAP file /Users/macbook/Octo/static_analysis_codeql_1/codeql-kotlin.db/trap/java/classes/com/fasterxml/jackson/databind/jsontype/PolymorphicTypeValidator.members/PolymorphicTypeValidator.members#52.0-1752886142000-kotlin.trap.gz" }
{ "origin": "CodeQL Kotlin extractor", "timestamp": "2026-09-27 14:18:07", "kind": "INFO", "message": "Finished writing TRAP file /Users/macbook/Octo/static_analysis_codeql_1/codeql-kotlin.db/trap/java/classes/com/fasterxml/jackson/databind/jsontype/PolymorphicTypeValidator.members/PolymorphicTypeValidator.members#52.0-1752886142000-kotlin.trap.gz" }
{ "origin": "CodeQL Kotlin extractor", "timestamp": "2026-09-27 14:18:07", "kind": "INFO", "message": "Will write TRAP file /Users/macbook/Octo/static_analysis_codeql_1/codeql-kotlin.db/trap/java/classes/com/fasterxml/jackson/annotation/JsonInclude$Value.members/JsonInclude$Value.members#50.0-1752885240000-kotlin.trap.gz" }
{ "origin": "CodeQL Kotlin extractor", "timestamp": "2026-09-27 14:18:07", "kind": "INFO", "message": "Finished writing TRAP file /Users/macbook/Octo/static_analysis_codeql_1/codeql-kotlin.db/trap/java/classes/com/fasterxml/jackson/annotation/JsonInclude$Value.members/JsonInclude$Value.members#50.0-1752885240000-kotlin.trap.gz" }
{ "origin": "CodeQL Kotlin extractor", "timestamp": "2026-09-27 14:18:07", "kind": "INFO", "message": "Will write TRAP file /Users/macbook/Octo/static_analysis_codeql_1/codeql-kotlin.db/trap/java/classes/com/fasterxml/jackson/annotation/JsonSetter$Value.members/JsonSetter$Value.members#50.0-1752885240000-kotlin.trap.gz" }
{ "origin": "CodeQL Kotlin extractor", "timestamp": "2026-09-27 14:18:07", "kind": "INFO", "message": "Finished writing TRAP file /Users/macbook/Octo/static_analysis_codeql_1/codeql-kotlin.db/trap/java/classes/com/fasterxml/jackson/annotation/JsonSetter$Value.members/JsonSetter$Value.members#50.0-1752885240000-kotlin.trap.gz" }
{ "origin": "CodeQL Kotlin extractor", "timestamp": "2026-09-27 14:18:07", "kind": "INFO", "message": "Will write TRAP file /Users/macbook/Octo/static_analysis_codeql_1/codeql-kotlin.db/trap/java/classes/com/fasterxml/jackson/annotation/JsonAutoDetect$Value.members/JsonAutoDetect$Value.members#50.0-1752885240000-kotlin.trap.gz" }
{ "origin": "CodeQL Kotlin extractor", "timestamp": "2026-09-27 14:18:07", "kind": "INFO", "message": "Finished writing TRAP file /Users/macbook/Octo/static_analysis_codeql_1/codeql-kotlin.db/trap/java/classes/com/fasterxml/jackson/annotation/JsonAutoDetect$Value.members/JsonAutoDetect$Value.members#50.0-1752885240000-kotlin.trap.gz" }
{ "origin": "CodeQL Kotlin extractor", "timestamp": "2026-09-27 14:18:07", "kind": "INFO", "message": "Will write TRAP file /Users/macbook/Octo/static_analysis_codeql_1/codeql-kotlin.db/trap/java/classes/com/fasterxml/jackson/databind/jsontype/NamedType.members/NamedType.members#52.0-1752886142000-kotlin.trap.gz" }
{ "origin": "CodeQL Kotlin extractor", "timestamp": "2026-09-27 14:18:07", "kind": "INFO", "message": "Finished writing TRAP file /Users/macbook/Octo/static_analysis_codeql_1/codeql-kotlin.db/trap/java/classes/com/fasterxml/jackson/databind/jsontype/NamedType.members/NamedType.members#52.0-1752886142000-kotlin.trap.gz" }
{ "origin": "CodeQL Kotlin extractor", "timestamp": "2026-09-27 14:18:07", "kind": "INFO", "message": "Skipping extracting external decl As" }
{ "origin": "CodeQL Kotlin extractor", "timestamp": "2026-09-27 14:18:07", "kind": "INFO", "message": "Will write TRAP file /Users/macbook/Octo/static_analysis_codeql_1/codeql-kotlin.db/trap/java/classes/com/fasterxml/jackson/databind/jsontype/TypeResolverBuilder.members/TypeResolverBuilder.members#52.0-1752886142000-kotlin.trap.gz" }
{ "origin": "CodeQL Kotlin extractor", "timestamp": "2026-09-27 14:18:07", "kind": "INFO", "message": "Finished writing TRAP file /Users/macbook/Octo/static_analysis_codeql_1/codeql-kotlin.db/trap/java/classes/com/fasterxml/jackson/databind/jsontype/TypeResolverBuilder.members/TypeResolverBuilder.members#52.0-1752886142000-kotlin.trap.gz" }
{ "origin": "CodeQL Kotlin extractor", "timestamp": "2026-09-27 14:18:07", "kind": "INFO", "message": "Will write TRAP file /Users/macbook/Octo/static_analysis_codeql_1/codeql-kotlin.db/trap/java/classes/com/fasterxml/jackson/databind/cfg/MutableConfigOverride.members/MutableConfigOverride.members#52.0-1752886142000-kotlin.trap.gz" }
{ "origin": "CodeQL Kotlin extractor", "timestamp": "2026-09-27 14:18:07", "kind": "INFO", "message": "Finished writing TRAP file /Users/macbook/Octo/static_analysis_codeql_1/codeql-kotlin.db/trap/java/classes/com/fasterxml/jackson/databind/cfg/MutableConfigOverride.members/MutableConfigOverride.members#52.0-1752886142000-kotlin.trap.gz" }
{ "origin": "CodeQL Kotlin extractor", "timestamp": "2026-09-27 14:18:07", "kind": "INFO", "message": "Will write TRAP file /Users/macbook/Octo/static_analysis_codeql_1/codeql-kotlin.db/trap/java/classes/com/fasterxml/jackson/databind/cfg/MutableCoercionConfig.members/MutableCoercionConfig.members#52.0-1752886142000-kotlin.trap.gz" }
{ "origin": "CodeQL Kotlin extractor", "timestamp": "2026-09-27 14:18:07", "kind": "INFO", "message": "Finished writing TRAP file /Users/macbook/Octo/static_analysis_codeql_1/codeql-kotlin.db/trap/java/classes/com/fasterxml/jackson/databind/cfg/MutableCoercionConfig.members/MutableCoercionConfig.members#52.0-1752886142000-kotlin.trap.gz" }
{ "origin": "CodeQL Kotlin extractor", "timestamp": "2026-09-27 14:18:07", "kind": "INFO", "message": "Will write TRAP file /Users/macbook/Octo/static_analysis_codeql_1/codeql-kotlin.db/trap/java/classes/com/fasterxml/jackson/databind/type/LogicalType.members/LogicalType.members#52.0-1752886142000-kotlin.trap.gz" }
{ "origin": "CodeQL Kotlin extractor", "timestamp": "2026-09-27 14:18:07", "kind": "INFO", "message": "Finished writing TRAP file /Users/macbook/Octo/static_analysis_codeql_1/codeql-kotlin.db/trap/java/classes/com/fasterxml/jackson/databind/type/LogicalType.members/LogicalType.members#52.0-1752886142000-kotlin.trap.gz" }
{ "origin": "CodeQL Kotlin extractor", "timestamp": "2026-09-27 14:18:07", "kind": "INFO", "message": "Will write TRAP file /Users/macbook/Octo/static_analysis_codeql_1/codeql-kotlin.db/trap/java/classes/com/fasterxml/jackson/core/type/TypeReference.members/TypeReference.members#52.0-1752860368000-kotlin.trap.gz" }
{ "origin": "CodeQL Kotlin extractor", "timestamp": "2026-09-27 14:18:07", "kind": "INFO", "message": "Finished writing TRAP file /Users/macbook/Octo/static_analysis_codeql_1/codeql-kotlin.db/trap/java/classes/com/fasterxml/jackson/core/type/TypeReference.members/TypeReference.members#52.0-1752860368000-kotlin.trap.gz" }
{ "origin": "CodeQL Kotlin extractor", "timestamp": "2026-09-27 14:18:07", "kind": "INFO", "message": "Skipping extracting external decl Comparable" }
{ "origin": "CodeQL Kotlin extractor", "timestamp": "2026-09-27 14:18:07", "kind": "INFO", "message": "Skipping extracting external decl Comparable" }
{ "origin": "CodeQL Kotlin extractor", "timestamp": "2026-09-27 14:18:07", "kind": "INFO", "message": "Will write TRAP file /Users/macbook/Octo/static_analysis_codeql_1/codeql-kotlin.db/trap/java/classes/com/fasterxml/jackson/databind/node/JsonNodeFactory.members/JsonNodeFactory.members#52.0-1752886142000-kotlin.trap.gz" }
{ "origin": "CodeQL Kotlin extractor", "timestamp": "2026-09-27 14:18:07", "kind": "INFO", "message": "Finished writing TRAP file /Users/macbook/Octo/static_analysis_codeql_1/codeql-kotlin.db/trap/java/classes/com/fasterxml/jackson/databind/node/JsonNodeFactory.members/JsonNodeFactory.members#52.0-1752886142000-kotlin.trap.gz" }
{ "origin": "CodeQL Kotlin extractor", "timestamp": "2026-09-27 14:18:07", "kind": "INFO", "message": "Will write TRAP file /Users/macbook/Octo/static_analysis_codeql_1/codeql-kotlin.db/trap/java/classes/com/fasterxml/jackson/databind/cfg/ConstructorDetector.members/ConstructorDetector.members#52.0-1752886142000-kotlin.trap.gz" }
{ "origin": "CodeQL Kotlin extractor", "timestamp": "2026-09-27 14:18:07", "kind": "INFO", "message": "Finished writing TRAP file /Users/macbook/Octo/static_analysis_codeql_1/codeql-kotlin.db/trap/java/classes/com/fasterxml/jackson/databind/cfg/ConstructorDetector.members/ConstructorDetector.members#52.0-1752886142000-kotlin.trap.gz" }
{ "origin": "CodeQL Kotlin extractor", "timestamp": "2026-09-27 14:18:07", "kind": "INFO", "message": "Will write TRAP file /Users/macbook/Octo/static_analysis_codeql_1/codeql-kotlin.db/trap/java/classes/com/fasterxml/jackson/databind/cfg/CacheProvider.members/CacheProvider.members#52.0-1752886142000-kotlin.trap.gz" }
{ "origin": "CodeQL Kotlin extractor", "timestamp": "2026-09-27 14:18:07", "kind": "INFO", "message": "Finished writing TRAP file /Users/macbook/Octo/static_analysis_codeql_1/codeql-kotlin.db/trap/java/classes/com/fasterxml/jackson/databind/cfg/CacheProvider.members/CacheProvider.members#52.0-1752886142000-kotlin.trap.gz" }
{ "origin": "CodeQL Kotlin extractor", "timestamp": "2026-09-27 14:18:07", "kind": "INFO", "message": "Will write TRAP file /Users/macbook/Octo/static_analysis_codeql_1/codeql-kotlin.db/trap/java/classes/com/fasterxml/jackson/databind/deser/DeserializationProblemHandler.members/DeserializationProblemHandler.members#52.0-1752886142000-kotlin.trap.gz" }
{ "origin": "CodeQL Kotlin extractor", "timestamp": "2026-09-27 14:18:07", "kind": "INFO", "message": "Finished writing TRAP file /Users/macbook/Octo/static_analysis_codeql_1/codeql-kotlin.db/trap/java/classes/com/fasterxml/jackson/databind/deser/DeserializationProblemHandler.members/DeserializationProblemHandler.members#52.0-1752886142000-kotlin.trap.gz" }
{ "origin": "CodeQL Kotlin extractor", "timestamp": "2026-09-27 14:18:07", "kind": "INFO", "message": "Will write TRAP file /Users/macbook/Octo/static_analysis_codeql_1/codeql-kotlin.db/trap/java/classes/com/fasterxml/jackson/databind/ser/FilterProvider.members/FilterProvider.members#52.0-1752886142000-kotlin.trap.gz" }
{ "origin": "CodeQL Kotlin extractor", "timestamp": "2026-09-27 14:18:07", "kind": "INFO", "message": "Finished writing TRAP file /Users/macbook/Octo/static_analysis_codeql_1/codeql-kotlin.db/trap/java/classes/com/fasterxml/jackson/databind/ser/FilterProvider.members/FilterProvider.members#52.0-1752886142000-kotlin.trap.gz" }
{ "origin": "CodeQL Kotlin extractor", "timestamp": "2026-09-27 14:18:07", "kind": "INFO", "message": "Will write TRAP file /Users/macbook/Octo/static_analysis_codeql_1/codeql-kotlin.db/trap/java/classes/com/fasterxml/jackson/core/Base64Variant.members/Base64Variant.members#52.0-1752860368000-kotlin.trap.gz" }
{ "origin": "CodeQL Kotlin extractor", "timestamp": "2026-09-27 14:18:07", "kind": "INFO", "message": "Finished writing TRAP file /Users/macbook/Octo/static_analysis_codeql_1/codeql-kotlin.db/trap/java/classes/com/fasterxml/jackson/core/Base64Variant.members/Base64Variant.members#52.0-1752860368000-kotlin.trap.gz" }
{ "origin": "CodeQL Kotlin extractor", "timestamp": "2026-09-27 14:18:07", "kind": "INFO", "message": "Will write TRAP file /Users/macbook/Octo/static_analysis_codeql_1/codeql-kotlin.db/trap/java/classes/java/text/DateFormat.members/DateFormat.members#65.0-1789983753036-kotlin.trap.gz" }
{ "origin": "CodeQL Kotlin extractor", "timestamp": "2026-09-27 14:18:07", "kind": "INFO", "message": "Finished writing TRAP file /Users/macbook/Octo/static_analysis_codeql_1/codeql-kotlin.db/trap/java/classes/java/text/DateFormat.members/DateFormat.members#65.0-1789983753036-kotlin.trap.gz" }
{ "origin": "CodeQL Kotlin extractor", "timestamp": "2026-09-27 14:18:07", "kind": "INFO", "message": "Will write TRAP file /Users/macbook/Octo/static_analysis_codeql_1/codeql-kotlin.db/trap/java/classes/com/fasterxml/jackson/databind/cfg/HandlerInstantiator.members/HandlerInstantiator.members#52.0-1752886142000-kotlin.trap.gz" }
{ "origin": "CodeQL Kotlin extractor", "timestamp": "2026-09-27 14:18:07", "kind": "INFO", "message": "Finished writing TRAP file /Users/macbook/Octo/static_analysis_codeql_1/codeql-kotlin.db/trap/java/classes/com/fasterxml/jackson/databind/cfg/HandlerInstantiator.members/HandlerInstantiator.members#52.0-1752886142000-kotlin.trap.gz" }
{ "origin": "CodeQL Kotlin extractor", "timestamp": "2026-09-27 14:18:07", "kind": "INFO", "message": "Skipping extracting external decl Locale" }
{ "origin": "CodeQL Kotlin extractor", "timestamp": "2026-09-27 14:18:07", "kind": "INFO", "message": "Skipping extracting external decl TimeZone" }
{ "origin": "CodeQL Kotlin extractor", "timestamp": "2026-09-27 14:18:07", "kind": "INFO", "message": "Will write TRAP file /Users/macbook/Octo/static_analysis_codeql_1/codeql-kotlin.db/trap/java/classes/com/fasterxml/jackson/databind/cfg/ContextAttributes.members/ContextAttributes.members#52.0-1752886142000-kotlin.trap.gz" }
{ "origin": "CodeQL Kotlin extractor", "timestamp": "2026-09-27 14:18:07", "kind": "INFO", "message": "Finished writing TRAP file /Users/macbook/Octo/static_analysis_codeql_1/codeql-kotlin.db/trap/java/classes/com/fasterxml/jackson/databind/cfg/ContextAttributes.members/ContextAttributes.members#52.0-1752886142000-kotlin.trap.gz" }
{ "origin": "CodeQL Kotlin extractor", "timestamp": "2026-09-27 14:18:07", "kind": "INFO", "message": "Will write TRAP file /Users/macbook/Octo/static_analysis_codeql_1/codeql-kotlin.db/trap/java/classes/com/fasterxml/jackson/databind/MapperFeature.members/MapperFeature.members#52.0-1752886142000-kotlin.trap.gz" }
{ "origin": "CodeQL Kotlin extractor", "timestamp": "2026-09-27 14:18:07", "kind": "INFO", "message": "Finished writing TRAP file /Users/macbook/Octo/static_analysis_codeql_1/codeql-kotlin.db/trap/java/classes/com/fasterxml/jackson/databind/MapperFeature.members/MapperFeature.members#52.0-1752886142000-kotlin.trap.gz" }
{ "origin": "CodeQL Kotlin extractor", "timestamp": "2026-09-27 14:18:07", "kind": "INFO", "message": "Will write TRAP file /Users/macbook/Octo/static_analysis_codeql_1/codeql-kotlin.db/trap/java/classes/com/fasterxml/jackson/databind/SerializationFeature.members/SerializationFeature.members#52.0-1752886142000-kotlin.trap.gz" }
{ "origin": "CodeQL Kotlin extractor", "timestamp": "2026-09-27 14:18:07", "kind": "INFO", "message": "Finished writing TRAP file /Users/macbook/Octo/static_analysis_codeql_1/codeql-kotlin.db/trap/java/classes/com/fasterxml/jackson/databind/SerializationFeature.members/SerializationFeature.members#52.0-1752886142000-kotlin.trap.gz" }
{ "origin": "CodeQL Kotlin extractor", "timestamp": "2026-09-27 14:18:07", "kind": "INFO", "message": "Will write TRAP file /Users/macbook/Octo/static_analysis_codeql_1/codeql-kotlin.db/trap/java/classes/com/fasterxml/jackson/core/JsonParser$Feature.members/JsonParser$Feature.members#52.0-1752860368000-kotlin.trap.gz" }
{ "origin": "CodeQL Kotlin extractor", "timestamp": "2026-09-27 14:18:07", "kind": "INFO", "message": "Finished writing TRAP file /Users/macbook/Octo/static_analysis_codeql_1/codeql-kotlin.db/trap/java/classes/com/fasterxml/jackson/core/JsonParser$Feature.members/JsonParser$Feature.members#52.0-1752860368000-kotlin.trap.gz" }
{ "origin": "CodeQL Kotlin extractor", "timestamp": "2026-09-27 14:18:07", "kind": "INFO", "message": "Will write TRAP file /Users/macbook/Octo/static_analysis_codeql_1/codeql-kotlin.db/trap/java/classes/com/fasterxml/jackson/core/JsonGenerator$Feature.members/JsonGenerator$Feature.members#52.0-1752860368000-kotlin.trap.gz" }
{ "origin": "CodeQL Kotlin extractor", "timestamp": "2026-09-27 14:18:07", "kind": "INFO", "message": "Finished writing TRAP file /Users/macbook/Octo/static_analysis_codeql_1/codeql-kotlin.db/trap/java/classes/com/fasterxml/jackson/core/JsonGenerator$Feature.members/JsonGenerator$Feature.members#52.0-1752860368000-kotlin.trap.gz" }
{ "origin": "CodeQL Kotlin extractor", "timestamp": "2026-09-27 14:18:07", "kind": "INFO", "message": "Will write TRAP file /Users/macbook/Octo/static_analysis_codeql_1/codeql-kotlin.db/trap/java/classes/com/fasterxml/jackson/core/JsonFactory$Feature.members/JsonFactory$Feature.members#52.0-1752860368000-kotlin.trap.gz" }
{ "origin": "CodeQL Kotlin extractor", "timestamp": "2026-09-27 14:18:07", "kind": "INFO", "message": "Finished writing TRAP file /Users/macbook/Octo/static_analysis_codeql_1/codeql-kotlin.db/trap/java/classes/com/fasterxml/jackson/core/JsonFactory$Feature.members/JsonFactory$Feature.members#52.0-1752860368000-kotlin.trap.gz" }
{ "origin": "CodeQL Kotlin extractor", "timestamp": "2026-09-27 14:18:07", "kind": "INFO", "message": "Will write TRAP file /Users/macbook/Octo/static_analysis_codeql_1/codeql-kotlin.db/trap/java/classes/com/fasterxml/jackson/core/StreamReadFeature.members/StreamReadFeature.members#52.0-1752860368000-kotlin.trap.gz" }
{ "origin": "CodeQL Kotlin extractor", "timestamp": "2026-09-27 14:18:07", "kind": "INFO", "message": "Finished writing TRAP file /Users/macbook/Octo/static_analysis_codeql_1/codeql-kotlin.db/trap/java/classes/com/fasterxml/jackson/core/StreamReadFeature.members/StreamReadFeature.members#52.0-1752860368000-kotlin.trap.gz" }
{ "origin": "CodeQL Kotlin extractor", "timestamp": "2026-09-27 14:18:07", "kind": "INFO", "message": "Will write TRAP file /Users/macbook/Octo/static_analysis_codeql_1/codeql-kotlin.db/trap/java/classes/com/fasterxml/jackson/core/StreamWriteFeature.members/StreamWriteFeature.members#52.0-1752860368000-kotlin.trap.gz" }
{ "origin": "CodeQL Kotlin extractor", "timestamp": "2026-09-27 14:18:07", "kind": "INFO", "message": "Finished writing TRAP file /Users/macbook/Octo/static_analysis_codeql_1/codeql-kotlin.db/trap/java/classes/com/fasterxml/jackson/core/StreamWriteFeature.members/StreamWriteFeature.members#52.0-1752860368000-kotlin.trap.gz" }
{ "origin": "CodeQL Kotlin extractor", "timestamp": "2026-09-27 14:18:07", "kind": "INFO", "message": "Will write TRAP file /Users/macbook/Octo/static_analysis_codeql_1/codeql-kotlin.db/trap/java/classes/com/fasterxml/jackson/databind/cfg/DatatypeFeature.members/DatatypeFeature.members#52.0-1752886142000-kotlin.trap.gz" }
{ "origin": "CodeQL Kotlin extractor", "timestamp": "2026-09-27 14:18:07", "kind": "INFO", "message": "Finished writing TRAP file /Users/macbook/Octo/static_analysis_codeql_1/codeql-kotlin.db/trap/java/classes/com/fasterxml/jackson/databind/cfg/DatatypeFeature.members/DatatypeFeature.members#52.0-1752886142000-kotlin.trap.gz" }
{ "origin": "CodeQL Kotlin extractor", "timestamp": "2026-09-27 14:18:07", "kind": "INFO", "message": "Will write TRAP file /Users/macbook/Octo/static_analysis_codeql_1/codeql-kotlin.db/trap/java/classes/com/fasterxml/jackson/core/type/ResolvedType.members/ResolvedType.members#52.0-1752860368000-kotlin.trap.gz" }
{ "origin": "CodeQL Kotlin extractor", "timestamp": "2026-09-27 14:18:07", "kind": "INFO", "message": "Finished writing TRAP file /Users/macbook/Octo/static_analysis_codeql_1/codeql-kotlin.db/trap/java/classes/com/fasterxml/jackson/core/type/ResolvedType.members/ResolvedType.members#52.0-1752860368000-kotlin.trap.gz" }
{ "origin": "CodeQL Kotlin extractor", "timestamp": "2026-09-27 14:18:07", "kind": "INFO", "message": "Will write TRAP file /Users/macbook/Octo/static_analysis_codeql_1/codeql-kotlin.db/trap/java/classes/com/fasterxml/jackson/core/TreeNode.members/TreeNode.members#52.0-1752860368000-kotlin.trap.gz" }
{ "origin": "CodeQL Kotlin extractor", "timestamp": "2026-09-27 14:18:07", "kind": "INFO", "message": "Finished writing TRAP file /Users/macbook/Octo/static_analysis_codeql_1/codeql-kotlin.db/trap/java/classes/com/fasterxml/jackson/core/TreeNode.members/TreeNode.members#52.0-1752860368000-kotlin.trap.gz" }
{ "origin": "CodeQL Kotlin extractor", "timestamp": "2026-09-27 14:18:07", "kind": "INFO", "message": "Will write TRAP file /Users/macbook/Octo/static_analysis_codeql_1/codeql-kotlin.db/trap/java/classes/com/fasterxml/jackson/databind/JsonNode.members/JsonNode.members#52.0-1752886142000-kotlin.trap.gz" }
{ "origin": "CodeQL Kotlin extractor", "timestamp": "2026-09-27 14:18:07", "kind": "INFO", "message": "Finished writing TRAP file /Users/macbook/Octo/static_analysis_codeql_1/codeql-kotlin.db/trap/java/classes/com/fasterxml/jackson/databind/JsonNode.members/JsonNode.members#52.0-1752886142000-kotlin.trap.gz" }
{ "origin": "CodeQL Kotlin extractor", "timestamp": "2026-09-27 14:18:07", "kind": "INFO", "message": "Will write TRAP file /Users/macbook/Octo/static_analysis_codeql_1/codeql-kotlin.db/trap/java/classes/com/fasterxml/jackson/databind/MappingIterator.members/MappingIterator.members#52.0-1752886142000-kotlin.trap.gz" }
{ "origin": "CodeQL Kotlin extractor", "timestamp": "2026-09-27 14:18:07", "kind": "INFO", "message": "Finished writing TRAP file /Users/macbook/Octo/static_analysis_codeql_1/codeql-kotlin.db/trap/java/classes/com/fasterxml/jackson/databind/MappingIterator.members/MappingIterator.members#52.0-1752886142000-kotlin.trap.gz" }
{ "origin": "CodeQL Kotlin extractor", "timestamp": "2026-09-27 14:18:07", "kind": "INFO", "message": "Skipping extracting external decl Iterator" }
{ "origin": "CodeQL Kotlin extractor", "timestamp": "2026-09-27 14:18:07", "kind": "INFO", "message": "Skipping extracting external decl MutableIterator" }
{ "origin": "CodeQL Kotlin extractor", "timestamp": "2026-09-27 14:18:07", "kind": "INFO", "message": "Skipping extracting external decl Closeable" }
{ "origin": "CodeQL Kotlin extractor", "timestamp": "2026-09-27 14:18:07", "kind": "INFO", "message": "Will write TRAP file /Users/macbook/Octo/static_analysis_codeql_1/codeql-kotlin.db/trap/java/classes/com/fasterxml/jackson/databind/node/ObjectNode.members/ObjectNode.members#52.0-1752886142000-kotlin.trap.gz" }
{ "origin": "CodeQL Kotlin extractor", "timestamp": "2026-09-27 14:18:07", "kind": "INFO", "message": "Finished writing TRAP file /Users/macbook/Octo/static_analysis_codeql_1/codeql-kotlin.db/trap/java/classes/com/fasterxml/jackson/databind/node/ObjectNode.members/ObjectNode.members#52.0-1752886142000-kotlin.trap.gz" }
{ "origin": "CodeQL Kotlin extractor", "timestamp": "2026-09-27 14:18:07", "kind": "INFO", "message": "Will write TRAP file /Users/macbook/Octo/static_analysis_codeql_1/codeql-kotlin.db/trap/java/classes/com/fasterxml/jackson/databind/node/ArrayNode.members/ArrayNode.members#52.0-1752886142000-kotlin.trap.gz" }
{ "origin": "CodeQL Kotlin extractor", "timestamp": "2026-09-27 14:18:08", "kind": "INFO", "message": "Finished writing TRAP file /Users/macbook/Octo/static_analysis_codeql_1/codeql-kotlin.db/trap/java/classes/com/fasterxml/jackson/databind/node/ArrayNode.members/ArrayNode.members#52.0-1752886142000-kotlin.trap.gz" }
{ "origin": "CodeQL Kotlin extractor", "timestamp": "2026-09-27 14:18:08", "kind": "INFO", "message": "Skipping extracting external decl Throwable" }
{ "origin": "CodeQL Kotlin extractor", "timestamp": "2026-09-27 14:18:08", "kind": "INFO", "message": "Skipping extracting external decl Throwable" }
{ "origin": "CodeQL Kotlin extractor", "timestamp": "2026-09-27 14:18:08", "kind": "INFO", "message": "Skipping extracting external decl AtomicReference" }
{ "origin": "CodeQL Kotlin extractor", "timestamp": "2026-09-27 14:18:08", "kind": "INFO", "message": "Will write TRAP file /Users/macbook/Octo/static_analysis_codeql_1/codeql-kotlin.db/trap/java/classes/com/fasterxml/jackson/core/io/CharacterEscapes.members/CharacterEscapes.members#52.0-1752860368000-kotlin.trap.gz" }
{ "origin": "CodeQL Kotlin extractor", "timestamp": "2026-09-27 14:18:08", "kind": "INFO", "message": "Finished writing TRAP file /Users/macbook/Octo/static_analysis_codeql_1/codeql-kotlin.db/trap/java/classes/com/fasterxml/jackson/core/io/CharacterEscapes.members/CharacterEscapes.members#52.0-1752860368000-kotlin.trap.gz" }
{ "origin": "CodeQL Kotlin extractor", "timestamp": "2026-09-27 14:18:08", "kind": "INFO", "message": "Will write TRAP file /Users/macbook/Octo/static_analysis_codeql_1/codeql-kotlin.db/trap/java/classes/com/fasterxml/jackson/databind/jsonschema/JsonSchema.members/JsonSchema.members#52.0-1752886142000-kotlin.trap.gz" }
{ "origin": "CodeQL Kotlin extractor", "timestamp": "2026-09-27 14:18:08", "kind": "INFO", "message": "Finished writing TRAP file /Users/macbook/Octo/static_analysis_codeql_1/codeql-kotlin.db/trap/java/classes/com/fasterxml/jackson/databind/jsonschema/JsonSchema.members/JsonSchema.members#52.0-1752886142000-kotlin.trap.gz" }
{ "origin": "CodeQL Kotlin extractor", "timestamp": "2026-09-27 14:18:08", "kind": "INFO", "message": "Will write TRAP file /Users/macbook/Octo/static_analysis_codeql_1/codeql-kotlin.db/trap/java/classes/com/fasterxml/jackson/databind/jsonFormatVisitors/JsonFormatVisitorWrapper.members/JsonFormatVisitorWrapper.members#52.0-1752886142000-kotlin.trap.gz" }
{ "origin": "CodeQL Kotlin extractor", "timestamp": "2026-09-27 14:18:08", "kind": "INFO", "message": "Finished writing TRAP file /Users/macbook/Octo/static_analysis_codeql_1/codeql-kotlin.db/trap/java/classes/com/fasterxml/jackson/databind/jsonFormatVisitors/JsonFormatVisitorWrapper.members/JsonFormatVisitorWrapper.members#52.0-1752886142000-kotlin.trap.gz" }
{ "origin": "CodeQL Kotlin extractor", "timestamp": "2026-09-27 14:18:08", "kind": "INFO", "message": "Will write TRAP file /Users/macbook/Octo/static_analysis_codeql_1/codeql-kotlin.db/trap/java/classes/com/fasterxml/jackson/core/JsonToken.members/JsonToken.members#52.0-1752860368000-kotlin.trap.gz" }
{ "origin": "CodeQL Kotlin extractor", "timestamp": "2026-09-27 14:18:08", "kind": "INFO", "message": "Finished writing TRAP file /Users/macbook/Octo/static_analysis_codeql_1/codeql-kotlin.db/trap/java/classes/com/fasterxml/jackson/core/JsonToken.members/JsonToken.members#52.0-1752860368000-kotlin.trap.gz" }
{ "origin": "CodeQL Kotlin extractor", "timestamp": "2026-09-27 14:18:08", "kind": "INFO", "message": "Will write TRAP file /Users/macbook/Octo/static_analysis_codeql_1/codeql-kotlin.db/trap/java/classes/com/fasterxml/jackson/databind/cfg/BaseSettings.members/BaseSettings.members#52.0-1752886142000-kotlin.trap.gz" }
{ "origin": "CodeQL Kotlin extractor", "timestamp": "2026-09-27 14:18:08", "kind": "INFO", "message": "Finished writing TRAP file /Users/macbook/Octo/static_analysis_codeql_1/codeql-kotlin.db/trap/java/classes/com/fasterxml/jackson/databind/cfg/BaseSettings.members/BaseSettings.members#52.0-1752886142000-kotlin.trap.gz" }
{ "origin": "CodeQL Kotlin extractor", "timestamp": "2026-09-27 14:18:08", "kind": "INFO", "message": "Skipping extracting external decl List" }
{ "origin": "CodeQL Kotlin extractor", "timestamp": "2026-09-27 14:18:08", "kind": "INFO", "message": "Skipping extracting external decl SequencedCollection" }
{ "origin": "CodeQL Kotlin extractor", "timestamp": "2026-09-27 14:18:08", "kind": "INFO", "message": "Skipping extracting external decl MutableList" }
{ "origin": "CodeQL Kotlin extractor", "timestamp": "2026-09-27 14:18:08", "kind": "INFO", "message": "Skipping extracting external decl ClassLoader" }
{ "origin": "CodeQL Kotlin extractor", "timestamp": "2026-09-27 14:18:08", "kind": "INFO", "message": "Will write TRAP file /Users/macbook/Octo/static_analysis_codeql_1/codeql-kotlin.db/trap/java/classes/com/fasterxml/jackson/core/ObjectCodec.members/ObjectCodec.members#52.0-1752860368000-kotlin.trap.gz" }
{ "origin": "CodeQL Kotlin extractor", "timestamp": "2026-09-27 14:18:08", "kind": "INFO", "message": "Finished writing TRAP file /Users/macbook/Octo/static_analysis_codeql_1/codeql-kotlin.db/trap/java/classes/com/fasterxml/jackson/core/ObjectCodec.members/ObjectCodec.members#52.0-1752860368000-kotlin.trap.gz" }
{ "origin": "CodeQL Kotlin extractor", "timestamp": "2026-09-27 14:18:08", "kind": "INFO", "message": "Will write TRAP file /Users/macbook/Octo/static_analysis_codeql_1/codeql-kotlin.db/trap/java/classes/com/fasterxml/jackson/core/Versioned.members/Versioned.members#52.0-1752860368000-kotlin.trap.gz" }
{ "origin": "CodeQL Kotlin extractor", "timestamp": "2026-09-27 14:18:08", "kind": "INFO", "message": "Finished writing TRAP file /Users/macbook/Octo/static_analysis_codeql_1/codeql-kotlin.db/trap/java/classes/com/fasterxml/jackson/core/Versioned.members/Versioned.members#52.0-1752860368000-kotlin.trap.gz" }
{ "origin": "CodeQL Kotlin extractor", "timestamp": "2026-09-27 14:18:08", "kind": "INFO", "message": "Skipping extracting external decl InlineOnly" }
{ "origin": "CodeQL Kotlin extractor", "timestamp": "2026-09-27 14:18:08", "kind": "INFO", "message": "Will write TRAP file /Users/macbook/Octo/static_analysis_codeql_1/codeql-kotlin.db/trap/java/classes/com/fasterxml/jackson/core/json/JsonReadFeature.members/JsonReadFeature.members#52.0-1752860368000-kotlin.trap.gz" }
{ "origin": "CodeQL Kotlin extractor", "timestamp": "2026-09-27 14:18:08", "kind": "INFO", "message": "Finished writing TRAP file /Users/macbook/Octo/static_analysis_codeql_1/codeql-kotlin.db/trap/java/classes/com/fasterxml/jackson/core/json/JsonReadFeature.members/JsonReadFeature.members#52.0-1752860368000-kotlin.trap.gz" }
{ "origin": "CodeQL Kotlin extractor", "timestamp": "2026-09-27 14:18:08", "kind": "INFO", "message": "Will write TRAP file /Users/macbook/Octo/static_analysis_codeql_1/codeql-kotlin.db/trap/java/classes/com/fasterxml/jackson/core/json/JsonWriteFeature.members/JsonWriteFeature.members#52.0-1752860368000-kotlin.trap.gz" }
{ "origin": "CodeQL Kotlin extractor", "timestamp": "2026-09-27 14:18:08", "kind": "INFO", "message": "Finished writing TRAP file /Users/macbook/Octo/static_analysis_codeql_1/codeql-kotlin.db/trap/java/classes/com/fasterxml/jackson/core/json/JsonWriteFeature.members/JsonWriteFeature.members#52.0-1752860368000-kotlin.trap.gz" }
{ "origin": "CodeQL Kotlin extractor", "timestamp": "2026-09-27 14:18:08", "kind": "INFO", "message": "Will write TRAP file /Users/macbook/Octo/static_analysis_codeql_1/codeql-kotlin.db/trap/java/classes/com/fasterxml/jackson/core/TokenStreamFactory.members/TokenStreamFactory.members#52.0-1752860368000-kotlin.trap.gz" }
{ "origin": "CodeQL Kotlin extractor", "timestamp": "2026-09-27 14:18:08", "kind": "INFO", "message": "Finished writing TRAP file /Users/macbook/Octo/static_analysis_codeql_1/codeql-kotlin.db/trap/java/classes/com/fasterxml/jackson/core/TokenStreamFactory.members/TokenStreamFactory.members#52.0-1752860368000-kotlin.trap.gz" }
{ "origin": "CodeQL Kotlin extractor", "timestamp": "2026-09-27 14:18:08", "kind": "INFO", "message": "Skipping extracting external decl Consumer" }
{ "origin": "CodeQL Kotlin extractor", "timestamp": "2026-09-27 14:18:08", "kind": "INFO", "message": "Skipping extracting external decl EnumEntries" }
{ "origin": "CodeQL Kotlin extractor", "timestamp": "2026-09-27 14:18:08", "kind": "INFO", "message": "Skipping extracting external decl List" }
{ "origin": "CodeQL Kotlin extractor", "timestamp": "2026-09-27 14:18:08", "kind": "INFO", "message": "Skipping extracting external decl Enum" }
{ "origin": "CodeQL Kotlin extractor", "timestamp": "2026-09-27 14:18:08", "kind": "INFO", "message": "Skipping extracting external decl Enum" }
{ "origin": "CodeQL Kotlin extractor", "timestamp": "2026-09-27 14:18:08", "kind": "INFO", "message": "Skipping extracting external decl Optional" }
{ "origin": "CodeQL Kotlin extractor", "timestamp": "2026-09-27 14:18:08", "kind": "INFO", "message": "Skipping extracting external decl EnumDesc" }
{ "origin": "CodeQL Kotlin extractor", "timestamp": "2026-09-27 14:18:08", "kind": "INFO", "message": "Skipping extracting external decl DynamicConstantDesc" }
{ "origin": "CodeQL Kotlin extractor", "timestamp": "2026-09-27 14:18:08", "kind": "INFO", "message": "Skipping extracting external decl ConstantDesc" }
{ "origin": "CodeQL Kotlin extractor", "timestamp": "2026-09-27 14:18:08", "kind": "INFO", "message": "Will write TRAP file /Users/macbook/Octo/static_analysis_codeql_1/codeql-kotlin.db/trap/java/classes/com/fasterxml/jackson/databind/cfg/ConfigFeature.members/ConfigFeature.members#52.0-1752886142000-kotlin.trap.gz" }
{ "origin": "CodeQL Kotlin extractor", "timestamp": "2026-09-27 14:18:08", "kind": "INFO", "message": "Finished writing TRAP file /Users/macbook/Octo/static_analysis_codeql_1/codeql-kotlin.db/trap/java/classes/com/fasterxml/jackson/databind/cfg/ConfigFeature.members/ConfigFeature.members#52.0-1752886142000-kotlin.trap.gz" }
{ "origin": "CodeQL Kotlin extractor", "timestamp": "2026-09-27 14:18:08", "kind": "INFO", "message": "Will write TRAP file /Users/macbook/Octo/static_analysis_codeql_1/codeql-kotlin.db/trap/java/classes/com/fasterxml/jackson/annotation/JsonInclude.members/JsonInclude.members#50.0-1752885240000-kotlin.trap.gz" }
{ "origin": "CodeQL Kotlin extractor", "timestamp": "2026-09-27 14:18:08", "kind": "INFO", "message": "Finished writing TRAP file /Users/macbook/Octo/static_analysis_codeql_1/codeql-kotlin.db/trap/java/classes/com/fasterxml/jackson/annotation/JsonInclude.members/JsonInclude.members#50.0-1752885240000-kotlin.trap.gz" }
{ "origin": "CodeQL Kotlin extractor", "timestamp": "2026-09-27 14:18:08", "kind": "INFO", "message": "Will write TRAP file /Users/macbook/Octo/static_analysis_codeql_1/codeql-kotlin.db/trap/java/classes/com/fasterxml/jackson/databind/Module$SetupContext.members/Module$SetupContext.members#52.0-1752886142000-kotlin.trap.gz" }
{ "origin": "CodeQL Kotlin extractor", "timestamp": "2026-09-27 14:18:08", "kind": "INFO", "message": "Finished writing TRAP file /Users/macbook/Octo/static_analysis_codeql_1/codeql-kotlin.db/trap/java/classes/com/fasterxml/jackson/databind/Module$SetupContext.members/Module$SetupContext.members#52.0-1752886142000-kotlin.trap.gz" }
{ "origin": "CodeQL Kotlin extractor", "timestamp": "2026-09-27 14:18:08", "kind": "INFO", "message": "Will write TRAP file /Users/macbook/Octo/static_analysis_codeql_1/codeql-kotlin.db/trap/java/classes/com/fasterxml/jackson/module/kotlin/KotlinModule$Builder$Companion.members/KotlinModule$Builder$Companion.members#52.0-318240000000-kotlin.trap.gz" }
{ "origin": "CodeQL Kotlin extractor", "timestamp": "2026-09-27 14:18:08", "kind": "INFO", "message": "Finished writing TRAP file /Users/macbook/Octo/static_analysis_codeql_1/codeql-kotlin.db/trap/java/classes/com/fasterxml/jackson/module/kotlin/KotlinModule$Builder$Companion.members/KotlinModule$Builder$Companion.members#52.0-318240000000-kotlin.trap.gz" }
{ "origin": "CodeQL Kotlin extractor", "timestamp": "2026-09-27 14:18:08", "kind": "INFO", "message": "Will write TRAP file /Users/macbook/Octo/static_analysis_codeql_1/codeql-kotlin.db/trap/java/classes/com/fasterxml/jackson/module/kotlin/KotlinFeature.members/KotlinFeature.members#52.0-318240000000-kotlin.trap.gz" }
{ "origin": "CodeQL Kotlin extractor", "timestamp": "2026-09-27 14:18:08", "kind": "INFO", "message": "Finished writing TRAP file /Users/macbook/Octo/static_analysis_codeql_1/codeql-kotlin.db/trap/java/classes/com/fasterxml/jackson/module/kotlin/KotlinFeature.members/KotlinFeature.members#52.0-318240000000-kotlin.trap.gz" }
{ "origin": "CodeQL Kotlin extractor", "timestamp": "2026-09-27 14:18:08", "kind": "INFO", "message": "Skipping extracting external decl Deprecated" }
{ "origin": "CodeQL Kotlin extractor", "timestamp": "2026-09-27 14:18:08", "kind": "INFO", "message": "Skipping extracting external decl ReplaceWith" }
{ "origin": "CodeQL Kotlin extractor", "timestamp": "2026-09-27 14:18:08", "kind": "INFO", "message": "Skipping extracting external decl DeprecationLevel" }
{ "origin": "CodeQL Kotlin extractor", "timestamp": "2026-09-27 14:18:08", "kind": "INFO", "message": "Will write TRAP file /Users/macbook/Octo/static_analysis_codeql_1/codeql-kotlin.db/trap/java/classes/com/fasterxml/jackson/module/kotlin/KotlinModule$Companion.members/KotlinModule$Companion.members#52.0-318240000000-kotlin.trap.gz" }
{ "origin": "CodeQL Kotlin extractor", "timestamp": "2026-09-27 14:18:08", "kind": "INFO", "message": "Finished writing TRAP file /Users/macbook/Octo/static_analysis_codeql_1/codeql-kotlin.db/trap/java/classes/com/fasterxml/jackson/module/kotlin/KotlinModule$Companion.members/KotlinModule$Companion.members#52.0-318240000000-kotlin.trap.gz" }
{ "origin": "CodeQL Kotlin extractor", "timestamp": "2026-09-27 14:18:08", "kind": "INFO", "message": "Will write TRAP file /Users/macbook/Octo/static_analysis_codeql_1/codeql-kotlin.db/trap/java/classes/com/fasterxml/jackson/databind/module/SimpleSerializers.members/SimpleSerializers.members#52.0-1752886142000-kotlin.trap.gz" }
{ "origin": "CodeQL Kotlin extractor", "timestamp": "2026-09-27 14:18:08", "kind": "INFO", "message": "Finished writing TRAP file /Users/macbook/Octo/static_analysis_codeql_1/codeql-kotlin.db/trap/java/classes/com/fasterxml/jackson/databind/module/SimpleSerializers.members/SimpleSerializers.members#52.0-1752886142000-kotlin.trap.gz" }
{ "origin": "CodeQL Kotlin extractor", "timestamp": "2026-09-27 14:18:08", "kind": "INFO", "message": "Will write TRAP file /Users/macbook/Octo/static_analysis_codeql_1/codeql-kotlin.db/trap/java/classes/com/fasterxml/jackson/databind/module/SimpleDeserializers.members/SimpleDeserializers.members#52.0-1752886142000-kotlin.trap.gz" }
{ "origin": "CodeQL Kotlin extractor", "timestamp": "2026-09-27 14:18:08", "kind": "INFO", "message": "Finished writing TRAP file /Users/macbook/Octo/static_analysis_codeql_1/codeql-kotlin.db/trap/java/classes/com/fasterxml/jackson/databind/module/SimpleDeserializers.members/SimpleDeserializers.members#52.0-1752886142000-kotlin.trap.gz" }
{ "origin": "CodeQL Kotlin extractor", "timestamp": "2026-09-27 14:18:08", "kind": "INFO", "message": "Will write TRAP file /Users/macbook/Octo/static_analysis_codeql_1/codeql-kotlin.db/trap/java/classes/com/fasterxml/jackson/databind/module/SimpleKeyDeserializers.members/SimpleKeyDeserializers.members#52.0-1752886142000-kotlin.trap.gz" }
{ "origin": "CodeQL Kotlin extractor", "timestamp": "2026-09-27 14:18:08", "kind": "INFO", "message": "Finished writing TRAP file /Users/macbook/Octo/static_analysis_codeql_1/codeql-kotlin.db/trap/java/classes/com/fasterxml/jackson/databind/module/SimpleKeyDeserializers.members/SimpleKeyDeserializers.members#52.0-1752886142000-kotlin.trap.gz" }
{ "origin": "CodeQL Kotlin extractor", "timestamp": "2026-09-27 14:18:08", "kind": "INFO", "message": "Will write TRAP file /Users/macbook/Octo/static_analysis_codeql_1/codeql-kotlin.db/trap/java/classes/com/fasterxml/jackson/databind/module/SimpleAbstractTypeResolver.members/SimpleAbstractTypeResolver.members#52.0-1752886142000-kotlin.trap.gz" }
{ "origin": "CodeQL Kotlin extractor", "timestamp": "2026-09-27 14:18:08", "kind": "INFO", "message": "Finished writing TRAP file /Users/macbook/Octo/static_analysis_codeql_1/codeql-kotlin.db/trap/java/classes/com/fasterxml/jackson/databind/module/SimpleAbstractTypeResolver.members/SimpleAbstractTypeResolver.members#52.0-1752886142000-kotlin.trap.gz" }
{ "origin": "CodeQL Kotlin extractor", "timestamp": "2026-09-27 14:18:08", "kind": "INFO", "message": "Will write TRAP file /Users/macbook/Octo/static_analysis_codeql_1/codeql-kotlin.db/trap/java/classes/com/fasterxml/jackson/databind/module/SimpleValueInstantiators.members/SimpleValueInstantiators.members#52.0-1752886142000-kotlin.trap.gz" }
{ "origin": "CodeQL Kotlin extractor", "timestamp": "2026-09-27 14:18:08", "kind": "INFO", "message": "Finished writing TRAP file /Users/macbook/Octo/static_analysis_codeql_1/codeql-kotlin.db/trap/java/classes/com/fasterxml/jackson/databind/module/SimpleValueInstantiators.members/SimpleValueInstantiators.members#52.0-1752886142000-kotlin.trap.gz" }
{ "origin": "CodeQL Kotlin extractor", "timestamp": "2026-09-27 14:18:08", "kind": "INFO", "message": "Will write TRAP file /Users/macbook/Octo/static_analysis_codeql_1/codeql-kotlin.db/trap/java/classes/com/fasterxml/jackson/databind/deser/BeanDeserializerModifier.members/BeanDeserializerModifier.members#52.0-1752886142000-kotlin.trap.gz" }
{ "origin": "CodeQL Kotlin extractor", "timestamp": "2026-09-27 14:18:08", "kind": "INFO", "message": "Finished writing TRAP file /Users/macbook/Octo/static_analysis_codeql_1/codeql-kotlin.db/trap/java/classes/com/fasterxml/jackson/databind/deser/BeanDeserializerModifier.members/BeanDeserializerModifier.members#52.0-1752886142000-kotlin.trap.gz" }
{ "origin": "CodeQL Kotlin extractor", "timestamp": "2026-09-27 14:18:08", "kind": "INFO", "message": "Will write TRAP file /Users/macbook/Octo/static_analysis_codeql_1/codeql-kotlin.db/trap/java/classes/com/fasterxml/jackson/databind/ser/BeanSerializerModifier.members/BeanSerializerModifier.members#52.0-1752886142000-kotlin.trap.gz" }
{ "origin": "CodeQL Kotlin extractor", "timestamp": "2026-09-27 14:18:08", "kind": "INFO", "message": "Finished writing TRAP file /Users/macbook/Octo/static_analysis_codeql_1/codeql-kotlin.db/trap/java/classes/com/fasterxml/jackson/databind/ser/BeanSerializerModifier.members/BeanSerializerModifier.members#52.0-1752886142000-kotlin.trap.gz" }
{ "origin": "CodeQL Kotlin extractor", "timestamp": "2026-09-27 14:18:08", "kind": "INFO", "message": "Skipping extracting external decl HashMap" }
{ "origin": "CodeQL Kotlin extractor", "timestamp": "2026-09-27 14:18:08", "kind": "INFO", "message": "Skipping extracting external decl LinkedHashSet" }
{ "origin": "CodeQL Kotlin extractor", "timestamp": "2026-09-27 14:18:08", "kind": "INFO", "message": "Skipping extracting external decl HashSet" }
{ "origin": "CodeQL Kotlin extractor", "timestamp": "2026-09-27 14:18:08", "kind": "INFO", "message": "Skipping extracting external decl AbstractSet" }
{ "origin": "CodeQL Kotlin extractor", "timestamp": "2026-09-27 14:18:08", "kind": "INFO", "message": "Skipping extracting external decl AbstractCollection" }
{ "origin": "CodeQL Kotlin extractor", "timestamp": "2026-09-27 14:18:08", "kind": "INFO", "message": "Skipping extracting external decl SequencedSet" }
{ "origin": "CodeQL Kotlin extractor", "timestamp": "2026-09-27 14:18:08", "kind": "INFO", "message": "Will write TRAP file /Users/macbook/Octo/static_analysis_codeql_1/codeql-kotlin.db/trap/java/classes/com/fasterxml/jackson/databind/module/SimpleModule.members/SimpleModule.members#52.0-1752886142000-kotlin.trap.gz" }
{ "origin": "CodeQL Kotlin extractor", "timestamp": "2026-09-27 14:18:08", "kind": "INFO", "message": "Finished writing TRAP file /Users/macbook/Octo/static_analysis_codeql_1/codeql-kotlin.db/trap/java/classes/com/fasterxml/jackson/databind/module/SimpleModule.members/SimpleModule.members#52.0-1752886142000-kotlin.trap.gz" }
{ "origin": "CodeQL Kotlin extractor", "timestamp": "2026-09-27 14:18:08", "kind": "INFO", "message": "Will write TRAP file /Users/macbook/Octo/static_analysis_codeql_1/codeql-kotlin.db/trap/java/classes/com/fasterxml/jackson/core/JsonFactoryBuilder.members/JsonFactoryBuilder.members#52.0-1752860368000-kotlin.trap.gz" }
{ "origin": "CodeQL Kotlin extractor", "timestamp": "2026-09-27 14:18:08", "kind": "INFO", "message": "Finished writing TRAP file /Users/macbook/Octo/static_analysis_codeql_1/codeql-kotlin.db/trap/java/classes/com/fasterxml/jackson/core/JsonFactoryBuilder.members/JsonFactoryBuilder.members#52.0-1752860368000-kotlin.trap.gz" }
{ "origin": "CodeQL Kotlin extractor", "timestamp": "2026-09-27 14:18:08", "kind": "INFO", "message": "Will write TRAP file /Users/macbook/Octo/static_analysis_codeql_1/codeql-kotlin.db/trap/java/classes/com/fasterxml/jackson/core/TSFBuilder.members/TSFBuilder.members#52.0-1752860368000-kotlin.trap.gz" }
{ "origin": "CodeQL Kotlin extractor", "timestamp": "2026-09-27 14:18:08", "kind": "INFO", "message": "Finished writing TRAP file /Users/macbook/Octo/static_analysis_codeql_1/codeql-kotlin.db/trap/java/classes/com/fasterxml/jackson/core/TSFBuilder.members/TSFBuilder.members#52.0-1752860368000-kotlin.trap.gz" }
{ "origin": "CodeQL Kotlin extractor", "timestamp": "2026-09-27 14:18:08", "kind": "INFO", "message": "Will write TRAP file /Users/macbook/Octo/static_analysis_codeql_1/codeql-kotlin.db/trap/java/classes/com/fasterxml/jackson/core/sym/CharsToNameCanonicalizer.members/CharsToNameCanonicalizer.members#52.0-1752860368000-kotlin.trap.gz" }
{ "origin": "CodeQL Kotlin extractor", "timestamp": "2026-09-27 14:18:08", "kind": "INFO", "message": "Finished writing TRAP file /Users/macbook/Octo/static_analysis_codeql_1/codeql-kotlin.db/trap/java/classes/com/fasterxml/jackson/core/sym/CharsToNameCanonicalizer.members/CharsToNameCanonicalizer.members#52.0-1752860368000-kotlin.trap.gz" }
{ "origin": "CodeQL Kotlin extractor", "timestamp": "2026-09-27 14:18:08", "kind": "INFO", "message": "Will write TRAP file /Users/macbook/Octo/static_analysis_codeql_1/codeql-kotlin.db/trap/java/classes/com/fasterxml/jackson/core/sym/ByteQuadsCanonicalizer.members/ByteQuadsCanonicalizer.members#52.0-1752860368000-kotlin.trap.gz" }
{ "origin": "CodeQL Kotlin extractor", "timestamp": "2026-09-27 14:18:08", "kind": "INFO", "message": "Finished writing TRAP file /Users/macbook/Octo/static_analysis_codeql_1/codeql-kotlin.db/trap/java/classes/com/fasterxml/jackson/core/sym/ByteQuadsCanonicalizer.members/ByteQuadsCanonicalizer.members#52.0-1752860368000-kotlin.trap.gz" }
{ "origin": "CodeQL Kotlin extractor", "timestamp": "2026-09-27 14:18:08", "kind": "INFO", "message": "Will write TRAP file /Users/macbook/Octo/static_analysis_codeql_1/codeql-kotlin.db/trap/java/classes/com/fasterxml/jackson/core/util/BufferRecycler.members/BufferRecycler.members#52.0-1752860368000-kotlin.trap.gz" }
{ "origin": "CodeQL Kotlin extractor", "timestamp": "2026-09-27 14:18:08", "kind": "INFO", "message": "Finished writing TRAP file /Users/macbook/Octo/static_analysis_codeql_1/codeql-kotlin.db/trap/java/classes/com/fasterxml/jackson/core/util/BufferRecycler.members/BufferRecycler.members#52.0-1752860368000-kotlin.trap.gz" }
{ "origin": "CodeQL Kotlin extractor", "timestamp": "2026-09-27 14:18:08", "kind": "INFO", "message": "Will write TRAP file /Users/macbook/Octo/static_analysis_codeql_1/codeql-kotlin.db/trap/java/classes/com/fasterxml/jackson/core/util/RecyclerPool.members/RecyclerPool.members#52.0-1752860368000-kotlin.trap.gz" }
{ "origin": "CodeQL Kotlin extractor", "timestamp": "2026-09-27 14:18:08", "kind": "INFO", "message": "Finished writing TRAP file /Users/macbook/Octo/static_analysis_codeql_1/codeql-kotlin.db/trap/java/classes/com/fasterxml/jackson/core/util/RecyclerPool.members/RecyclerPool.members#52.0-1752860368000-kotlin.trap.gz" }
{ "origin": "CodeQL Kotlin extractor", "timestamp": "2026-09-27 14:18:08", "kind": "INFO", "message": "Will write TRAP file /Users/macbook/Octo/static_analysis_codeql_1/codeql-kotlin.db/trap/java/classes/com/fasterxml/jackson/core/StreamReadConstraints.members/StreamReadConstraints.members#52.0-1752860368000-kotlin.trap.gz" }
{ "origin": "CodeQL Kotlin extractor", "timestamp": "2026-09-27 14:18:08", "kind": "INFO", "message": "Finished writing TRAP file /Users/macbook/Octo/static_analysis_codeql_1/codeql-kotlin.db/trap/java/classes/com/fasterxml/jackson/core/StreamReadConstraints.members/StreamReadConstraints.members#52.0-1752860368000-kotlin.trap.gz" }
{ "origin": "CodeQL Kotlin extractor", "timestamp": "2026-09-27 14:18:08", "kind": "INFO", "message": "Will write TRAP file /Users/macbook/Octo/static_analysis_codeql_1/codeql-kotlin.db/trap/java/classes/com/fasterxml/jackson/core/ErrorReportConfiguration.members/ErrorReportConfiguration.members#52.0-1752860368000-kotlin.trap.gz" }
{ "origin": "CodeQL Kotlin extractor", "timestamp": "2026-09-27 14:18:08", "kind": "INFO", "message": "Finished writing TRAP file /Users/macbook/Octo/static_analysis_codeql_1/codeql-kotlin.db/trap/java/classes/com/fasterxml/jackson/core/ErrorReportConfiguration.members/ErrorReportConfiguration.members#52.0-1752860368000-kotlin.trap.gz" }
{ "origin": "CodeQL Kotlin extractor", "timestamp": "2026-09-27 14:18:08", "kind": "INFO", "message": "Will write TRAP file /Users/macbook/Octo/static_analysis_codeql_1/codeql-kotlin.db/trap/java/classes/com/fasterxml/jackson/core/StreamWriteConstraints.members/StreamWriteConstraints.members#52.0-1752860368000-kotlin.trap.gz" }
{ "origin": "CodeQL Kotlin extractor", "timestamp": "2026-09-27 14:18:08", "kind": "INFO", "message": "Finished writing TRAP file /Users/macbook/Octo/static_analysis_codeql_1/codeql-kotlin.db/trap/java/classes/com/fasterxml/jackson/core/StreamWriteConstraints.members/StreamWriteConstraints.members#52.0-1752860368000-kotlin.trap.gz" }
{ "origin": "CodeQL Kotlin extractor", "timestamp": "2026-09-27 14:18:08", "kind": "INFO", "message": "Will write TRAP file /Users/macbook/Octo/static_analysis_codeql_1/codeql-kotlin.db/trap/java/classes/com/fasterxml/jackson/core/io/InputDecorator.members/InputDecorator.members#52.0-1752860368000-kotlin.trap.gz" }
{ "origin": "CodeQL Kotlin extractor", "timestamp": "2026-09-27 14:18:08", "kind": "INFO", "message": "Finished writing TRAP file /Users/macbook/Octo/static_analysis_codeql_1/codeql-kotlin.db/trap/java/classes/com/fasterxml/jackson/core/io/InputDecorator.members/InputDecorator.members#52.0-1752860368000-kotlin.trap.gz" }
{ "origin": "CodeQL Kotlin extractor", "timestamp": "2026-09-27 14:18:08", "kind": "INFO", "message": "Will write TRAP file /Users/macbook/Octo/static_analysis_codeql_1/codeql-kotlin.db/trap/java/classes/com/fasterxml/jackson/core/io/OutputDecorator.members/OutputDecorator.members#52.0-1752860368000-kotlin.trap.gz" }
{ "origin": "CodeQL Kotlin extractor", "timestamp": "2026-09-27 14:18:08", "kind": "INFO", "message": "Finished writing TRAP file /Users/macbook/Octo/static_analysis_codeql_1/codeql-kotlin.db/trap/java/classes/com/fasterxml/jackson/core/io/OutputDecorator.members/OutputDecorator.members#52.0-1752860368000-kotlin.trap.gz" }
{ "origin": "CodeQL Kotlin extractor", "timestamp": "2026-09-27 14:18:08", "kind": "INFO", "message": "Will write TRAP file /Users/macbook/Octo/static_analysis_codeql_1/codeql-kotlin.db/trap/java/classes/com/fasterxml/jackson/core/util/JsonGeneratorDecorator.members/JsonGeneratorDecorator.members#52.0-1752860368000-kotlin.trap.gz" }
{ "origin": "CodeQL Kotlin extractor", "timestamp": "2026-09-27 14:18:08", "kind": "INFO", "message": "Finished writing TRAP file /Users/macbook/Octo/static_analysis_codeql_1/codeql-kotlin.db/trap/java/classes/com/fasterxml/jackson/core/util/JsonGeneratorDecorator.members/JsonGeneratorDecorator.members#52.0-1752860368000-kotlin.trap.gz" }
{ "origin": "CodeQL Kotlin extractor", "timestamp": "2026-09-27 14:18:08", "kind": "INFO", "message": "Will write TRAP file /Users/macbook/Octo/static_analysis_codeql_1/codeql-kotlin.db/trap/java/classes/com/fasterxml/jackson/core/SerializableString.members/SerializableString.members#52.0-1752860368000-kotlin.trap.gz" }
{ "origin": "CodeQL Kotlin extractor", "timestamp": "2026-09-27 14:18:08", "kind": "INFO", "message": "Finished writing TRAP file /Users/macbook/Octo/static_analysis_codeql_1/codeql-kotlin.db/trap/java/classes/com/fasterxml/jackson/core/SerializableString.members/SerializableString.members#52.0-1752860368000-kotlin.trap.gz" }
{ "origin": "CodeQL Kotlin extractor", "timestamp": "2026-09-27 14:18:08", "kind": "INFO", "message": "Will write TRAP file /Users/macbook/Octo/static_analysis_codeql_1/codeql-kotlin.db/trap/java/classes/com/fasterxml/jackson/core/FormatFeature.members/FormatFeature.members#52.0-1752860368000-kotlin.trap.gz" }
{ "origin": "CodeQL Kotlin extractor", "timestamp": "2026-09-27 14:18:08", "kind": "INFO", "message": "Finished writing TRAP file /Users/macbook/Octo/static_analysis_codeql_1/codeql-kotlin.db/trap/java/classes/com/fasterxml/jackson/core/FormatFeature.members/FormatFeature.members#52.0-1752860368000-kotlin.trap.gz" }
{ "origin": "CodeQL Kotlin extractor", "timestamp": "2026-09-27 14:18:08", "kind": "INFO", "message": "Will write TRAP file /Users/macbook/Octo/static_analysis_codeql_1/codeql-kotlin.db/trap/java/classes/com/fasterxml/jackson/core/format/InputAccessor.members/InputAccessor.members#52.0-1752860368000-kotlin.trap.gz" }
{ "origin": "CodeQL Kotlin extractor", "timestamp": "2026-09-27 14:18:08", "kind": "INFO", "message": "Finished writing TRAP file /Users/macbook/Octo/static_analysis_codeql_1/codeql-kotlin.db/trap/java/classes/com/fasterxml/jackson/core/format/InputAccessor.members/InputAccessor.members#52.0-1752860368000-kotlin.trap.gz" }
{ "origin": "CodeQL Kotlin extractor", "timestamp": "2026-09-27 14:18:08", "kind": "INFO", "message": "Will write TRAP file /Users/macbook/Octo/static_analysis_codeql_1/codeql-kotlin.db/trap/java/classes/com/fasterxml/jackson/core/format/MatchStrength.members/MatchStrength.members#52.0-1752860368000-kotlin.trap.gz" }
{ "origin": "CodeQL Kotlin extractor", "timestamp": "2026-09-27 14:18:08", "kind": "INFO", "message": "Finished writing TRAP file /Users/macbook/Octo/static_analysis_codeql_1/codeql-kotlin.db/trap/java/classes/com/fasterxml/jackson/core/format/MatchStrength.members/MatchStrength.members#52.0-1752860368000-kotlin.trap.gz" }
{ "origin": "CodeQL Kotlin extractor", "timestamp": "2026-09-27 14:18:08", "kind": "INFO", "message": "Will write TRAP file /Users/macbook/Octo/static_analysis_codeql_1/codeql-kotlin.db/trap/java/classes/com/fasterxml/jackson/core/io/IOContext.members/IOContext.members#52.0-1752860368000-kotlin.trap.gz" }
{ "origin": "CodeQL Kotlin extractor", "timestamp": "2026-09-27 14:18:08", "kind": "INFO", "message": "Finished writing TRAP file /Users/macbook/Octo/static_analysis_codeql_1/codeql-kotlin.db/trap/java/classes/com/fasterxml/jackson/core/io/IOContext.members/IOContext.members#52.0-1752860368000-kotlin.trap.gz" }
{ "origin": "CodeQL Kotlin extractor", "timestamp": "2026-09-27 14:18:08", "kind": "INFO", "message": "Will write TRAP file /Users/macbook/Octo/static_analysis_codeql_1/codeql-kotlin.db/trap/java/classes/com/fasterxml/jackson/core/io/ContentReference.members/ContentReference.members#52.0-1752860368000-kotlin.trap.gz" }
{ "origin": "CodeQL Kotlin extractor", "timestamp": "2026-09-27 14:18:08", "kind": "INFO", "message": "Finished writing TRAP file /Users/macbook/Octo/static_analysis_codeql_1/codeql-kotlin.db/trap/java/classes/com/fasterxml/jackson/core/io/ContentReference.members/ContentReference.members#52.0-1752860368000-kotlin.trap.gz" }
{ "origin": "CodeQL Kotlin extractor", "timestamp": "2026-09-27 14:18:08", "kind": "INFO", "message": "Will write TRAP file /Users/macbook/Octo/static_analysis_codeql_1/codeql-kotlin.db/trap/java/classes/com/fasterxml/jackson/databind/ser/DefaultSerializerProvider$Impl.members/DefaultSerializerProvider$Impl.members#52.0-1752886142000-kotlin.trap.gz" }
{ "origin": "CodeQL Kotlin extractor", "timestamp": "2026-09-27 14:18:08", "kind": "INFO", "message": "Finished writing TRAP file /Users/macbook/Octo/static_analysis_codeql_1/codeql-kotlin.db/trap/java/classes/com/fasterxml/jackson/databind/ser/DefaultSerializerProvider$Impl.members/DefaultSerializerProvider$Impl.members#52.0-1752886142000-kotlin.trap.gz" }
{ "origin": "CodeQL Kotlin extractor", "timestamp": "2026-09-27 14:18:08", "kind": "INFO", "message": "Will write TRAP file /Users/macbook/Octo/static_analysis_codeql_1/codeql-kotlin.db/trap/java/classes/com/fasterxml/jackson/databind/ser/impl/WritableObjectId.members/WritableObjectId.members#52.0-1752886142000-kotlin.trap.gz" }
{ "origin": "CodeQL Kotlin extractor", "timestamp": "2026-09-27 14:18:08", "kind": "INFO", "message": "Finished writing TRAP file /Users/macbook/Octo/static_analysis_codeql_1/codeql-kotlin.db/trap/java/classes/com/fasterxml/jackson/databind/ser/impl/WritableObjectId.members/WritableObjectId.members#52.0-1752886142000-kotlin.trap.gz" }
{ "origin": "CodeQL Kotlin extractor", "timestamp": "2026-09-27 14:18:08", "kind": "INFO", "message": "Will write TRAP file /Users/macbook/Octo/static_analysis_codeql_1/codeql-kotlin.db/trap/java/classes/com/fasterxml/jackson/annotation/ObjectIdGenerator.members/ObjectIdGenerator.members#50.0-1752885240000-kotlin.trap.gz" }
{ "origin": "CodeQL Kotlin extractor", "timestamp": "2026-09-27 14:18:08", "kind": "INFO", "message": "Finished writing TRAP file /Users/macbook/Octo/static_analysis_codeql_1/codeql-kotlin.db/trap/java/classes/com/fasterxml/jackson/annotation/ObjectIdGenerator.members/ObjectIdGenerator.members#50.0-1752885240000-kotlin.trap.gz" }
{ "origin": "CodeQL Kotlin extractor", "timestamp": "2026-09-27 14:18:08", "kind": "INFO", "message": "Will write TRAP file /Users/macbook/Octo/static_analysis_codeql_1/codeql-kotlin.db/trap/java/classes/java/util/ArrayList.members/ArrayList.members#65.0-1789983753036-kotlin.trap.gz" }
{ "origin": "CodeQL Kotlin extractor", "timestamp": "2026-09-27 14:18:08", "kind": "INFO", "message": "Finished writing TRAP file /Users/macbook/Octo/static_analysis_codeql_1/codeql-kotlin.db/trap/java/classes/java/util/ArrayList.members/ArrayList.members#65.0-1789983753036-kotlin.trap.gz" }
{ "origin": "CodeQL Kotlin extractor", "timestamp": "2026-09-27 14:18:08", "kind": "INFO", "message": "Will write TRAP file /Users/macbook/Octo/static_analysis_codeql_1/codeql-kotlin.db/trap/java/classes/java/util/AbstractList.members/AbstractList.members#65.0-1789983753036-kotlin.trap.gz" }
{ "origin": "CodeQL Kotlin extractor", "timestamp": "2026-09-27 14:18:08", "kind": "INFO", "message": "Finished writing TRAP file /Users/macbook/Octo/static_analysis_codeql_1/codeql-kotlin.db/trap/java/classes/java/util/AbstractList.members/AbstractList.members#65.0-1789983753036-kotlin.trap.gz" }
{ "origin": "CodeQL Kotlin extractor", "timestamp": "2026-09-27 14:18:08", "kind": "INFO", "message": "Will write TRAP file /Users/macbook/Octo/static_analysis_codeql_1/codeql-kotlin.db/trap/java/classes/java/util/RandomAccess.members/RandomAccess.members#65.0-1789983753036-kotlin.trap.gz" }
{ "origin": "CodeQL Kotlin extractor", "timestamp": "2026-09-27 14:18:08", "kind": "INFO", "message": "Finished writing TRAP file /Users/macbook/Octo/static_analysis_codeql_1/codeql-kotlin.db/trap/java/classes/java/util/RandomAccess.members/RandomAccess.members#65.0-1789983753036-kotlin.trap.gz" }
{ "origin": "CodeQL Kotlin extractor", "timestamp": "2026-09-27 14:18:08", "kind": "INFO", "message": "Will write TRAP file /Users/macbook/Octo/static_analysis_codeql_1/codeql-kotlin.db/trap/java/classes/com/fasterxml/jackson/databind/introspect/Annotated.members/Annotated.members#52.0-1752886142000-kotlin.trap.gz" }
{ "origin": "CodeQL Kotlin extractor", "timestamp": "2026-09-27 14:18:08", "kind": "INFO", "message": "Finished writing TRAP file /Users/macbook/Octo/static_analysis_codeql_1/codeql-kotlin.db/trap/java/classes/com/fasterxml/jackson/databind/introspect/Annotated.members/Annotated.members#52.0-1752886142000-kotlin.trap.gz" }
{ "origin": "CodeQL Kotlin extractor", "timestamp": "2026-09-27 14:18:08", "kind": "INFO", "message": "Will write TRAP file /Users/macbook/Octo/static_analysis_codeql_1/codeql-kotlin.db/trap/java/classes/com/fasterxml/jackson/databind/JsonSerializer.members/JsonSerializer.members#52.0-1752886142000-kotlin.trap.gz" }
{ "origin": "CodeQL Kotlin extractor", "timestamp": "2026-09-27 14:18:08", "kind": "INFO", "message": "Finished writing TRAP file /Users/macbook/Octo/static_analysis_codeql_1/codeql-kotlin.db/trap/java/classes/com/fasterxml/jackson/databind/JsonSerializer.members/JsonSerializer.members#52.0-1752886142000-kotlin.trap.gz" }
{ "origin": "CodeQL Kotlin extractor", "timestamp": "2026-09-27 14:18:08", "kind": "INFO", "message": "Will write TRAP file /Users/macbook/Octo/static_analysis_codeql_1/codeql-kotlin.db/trap/java/classes/com/fasterxml/jackson/databind/jsonFormatVisitors/JsonFormatVisitable.members/JsonFormatVisitable.members#52.0-1752886142000-kotlin.trap.gz" }
{ "origin": "CodeQL Kotlin extractor", "timestamp": "2026-09-27 14:18:08", "kind": "INFO", "message": "Finished writing TRAP file /Users/macbook/Octo/static_analysis_codeql_1/codeql-kotlin.db/trap/java/classes/com/fasterxml/jackson/databind/jsonFormatVisitors/JsonFormatVisitable.members/JsonFormatVisitable.members#52.0-1752886142000-kotlin.trap.gz" }
{ "origin": "CodeQL Kotlin extractor", "timestamp": "2026-09-27 14:18:08", "kind": "INFO", "message": "Will write TRAP file /Users/macbook/Octo/static_analysis_codeql_1/codeql-kotlin.db/trap/java/classes/com/fasterxml/jackson/databind/introspect/BeanPropertyDefinition.members/BeanPropertyDefinition.members#52.0-1752886142000-kotlin.trap.gz" }
{ "origin": "CodeQL Kotlin extractor", "timestamp": "2026-09-27 14:18:08", "kind": "INFO", "message": "Finished writing TRAP file /Users/macbook/Octo/static_analysis_codeql_1/codeql-kotlin.db/trap/java/classes/com/fasterxml/jackson/databind/introspect/BeanPropertyDefinition.members/BeanPropertyDefinition.members#52.0-1752886142000-kotlin.trap.gz" }
{ "origin": "CodeQL Kotlin extractor", "timestamp": "2026-09-27 14:18:08", "kind": "INFO", "message": "Will write TRAP file /Users/macbook/Octo/static_analysis_codeql_1/codeql-kotlin.db/trap/java/classes/com/fasterxml/jackson/databind/jsontype/TypeSerializer.members/TypeSerializer.members#52.0-1752886142000-kotlin.trap.gz" }
{ "origin": "CodeQL Kotlin extractor", "timestamp": "2026-09-27 14:18:08", "kind": "INFO", "message": "Finished writing TRAP file /Users/macbook/Octo/static_analysis_codeql_1/codeql-kotlin.db/trap/java/classes/com/fasterxml/jackson/databind/jsontype/TypeSerializer.members/TypeSerializer.members#52.0-1752886142000-kotlin.trap.gz" }
{ "origin": "CodeQL Kotlin extractor", "timestamp": "2026-09-27 14:18:08", "kind": "INFO", "message": "Will write TRAP file /Users/macbook/Octo/static_analysis_codeql_1/codeql-kotlin.db/trap/java/classes/com/fasterxml/jackson/databind/ser/SerializerCache.members/SerializerCache.members#52.0-1752886142000-kotlin.trap.gz" }
{ "origin": "CodeQL Kotlin extractor", "timestamp": "2026-09-27 14:18:08", "kind": "INFO", "message": "Finished writing TRAP file /Users/macbook/Octo/static_analysis_codeql_1/codeql-kotlin.db/trap/java/classes/com/fasterxml/jackson/databind/ser/SerializerCache.members/SerializerCache.members#52.0-1752886142000-kotlin.trap.gz" }
{ "origin": "CodeQL Kotlin extractor", "timestamp": "2026-09-27 14:18:08", "kind": "INFO", "message": "Will write TRAP file /Users/macbook/Octo/static_analysis_codeql_1/codeql-kotlin.db/trap/java/classes/com/fasterxml/jackson/databind/ser/impl/ReadOnlyClassToSerializerMap.members/ReadOnlyClassToSerializerMap.members#52.0-1752886142000-kotlin.trap.gz" }
{ "origin": "CodeQL Kotlin extractor", "timestamp": "2026-09-27 14:18:08", "kind": "INFO", "message": "Finished writing TRAP file /Users/macbook/Octo/static_analysis_codeql_1/codeql-kotlin.db/trap/java/classes/com/fasterxml/jackson/databind/ser/impl/ReadOnlyClassToSerializerMap.members/ReadOnlyClassToSerializerMap.members#52.0-1752886142000-kotlin.trap.gz" }
{ "origin": "CodeQL Kotlin extractor", "timestamp": "2026-09-27 14:18:08", "kind": "INFO", "message": "Will write TRAP file /Users/macbook/Octo/static_analysis_codeql_1/codeql-kotlin.db/trap/java/classes/com/fasterxml/jackson/databind/deser/DeserializerFactory.members/DeserializerFactory.members#52.0-1752886142000-kotlin.trap.gz" }
{ "origin": "CodeQL Kotlin extractor", "timestamp": "2026-09-27 14:18:08", "kind": "INFO", "message": "Finished writing TRAP file /Users/macbook/Octo/static_analysis_codeql_1/codeql-kotlin.db/trap/java/classes/com/fasterxml/jackson/databind/deser/DeserializerFactory.members/DeserializerFactory.members#52.0-1752886142000-kotlin.trap.gz" }
{ "origin": "CodeQL Kotlin extractor", "timestamp": "2026-09-27 14:18:08", "kind": "INFO", "message": "Will write TRAP file /Users/macbook/Octo/static_analysis_codeql_1/codeql-kotlin.db/trap/java/classes/com/fasterxml/jackson/databind/deser/DeserializerCache.members/DeserializerCache.members#52.0-1752886142000-kotlin.trap.gz" }
{ "origin": "CodeQL Kotlin extractor", "timestamp": "2026-09-27 14:18:08", "kind": "INFO", "message": "Finished writing TRAP file /Users/macbook/Octo/static_analysis_codeql_1/codeql-kotlin.db/trap/java/classes/com/fasterxml/jackson/databind/deser/DeserializerCache.members/DeserializerCache.members#52.0-1752886142000-kotlin.trap.gz" }
{ "origin": "CodeQL Kotlin extractor", "timestamp": "2026-09-27 14:18:08", "kind": "INFO", "message": "Will write TRAP file /Users/macbook/Octo/static_analysis_codeql_1/codeql-kotlin.db/trap/java/classes/com/fasterxml/jackson/databind/deser/DefaultDeserializationContext$Impl.members/DefaultDeserializationContext$Impl.members#52.0-1752886142000-kotlin.trap.gz" }
{ "origin": "CodeQL Kotlin extractor", "timestamp": "2026-09-27 14:18:08", "kind": "INFO", "message": "Finished writing TRAP file /Users/macbook/Octo/static_analysis_codeql_1/codeql-kotlin.db/trap/java/classes/com/fasterxml/jackson/databind/deser/DefaultDeserializationContext$Impl.members/DefaultDeserializationContext$Impl.members#52.0-1752886142000-kotlin.trap.gz" }
{ "origin": "CodeQL Kotlin extractor", "timestamp": "2026-09-27 14:18:08", "kind": "INFO", "message": "Will write TRAP file /Users/macbook/Octo/static_analysis_codeql_1/codeql-kotlin.db/trap/java/classes/com/fasterxml/jackson/annotation/ObjectIdGenerator$IdKey.members/ObjectIdGenerator$IdKey.members#50.0-1752885240000-kotlin.trap.gz" }
{ "origin": "CodeQL Kotlin extractor", "timestamp": "2026-09-27 14:18:08", "kind": "INFO", "message": "Finished writing TRAP file /Users/macbook/Octo/static_analysis_codeql_1/codeql-kotlin.db/trap/java/classes/com/fasterxml/jackson/annotation/ObjectIdGenerator$IdKey.members/ObjectIdGenerator$IdKey.members#50.0-1752885240000-kotlin.trap.gz" }
{ "origin": "CodeQL Kotlin extractor", "timestamp": "2026-09-27 14:18:08", "kind": "INFO", "message": "Will write TRAP file /Users/macbook/Octo/static_analysis_codeql_1/codeql-kotlin.db/trap/java/classes/com/fasterxml/jackson/databind/deser/impl/ReadableObjectId.members/ReadableObjectId.members#52.0-1752886142000-kotlin.trap.gz" }
{ "origin": "CodeQL Kotlin extractor", "timestamp": "2026-09-27 14:18:08", "kind": "INFO", "message": "Finished writing TRAP file /Users/macbook/Octo/static_analysis_codeql_1/codeql-kotlin.db/trap/java/classes/com/fasterxml/jackson/databind/deser/impl/ReadableObjectId.members/ReadableObjectId.members#52.0-1752886142000-kotlin.trap.gz" }
{ "origin": "CodeQL Kotlin extractor", "timestamp": "2026-09-27 14:18:08", "kind": "INFO", "message": "Skipping extracting external decl LinkedHashMap" }
{ "origin": "CodeQL Kotlin extractor", "timestamp": "2026-09-27 14:18:08", "kind": "INFO", "message": "Skipping extracting external decl SequencedMap" }
{ "origin": "CodeQL Kotlin extractor", "timestamp": "2026-09-27 14:18:08", "kind": "INFO", "message": "Will write TRAP file /Users/macbook/Octo/static_analysis_codeql_1/codeql-kotlin.db/trap/java/classes/com/fasterxml/jackson/annotation/ObjectIdResolver.members/ObjectIdResolver.members#50.0-1752885240000-kotlin.trap.gz" }
{ "origin": "CodeQL Kotlin extractor", "timestamp": "2026-09-27 14:18:08", "kind": "INFO", "message": "Finished writing TRAP file /Users/macbook/Octo/static_analysis_codeql_1/codeql-kotlin.db/trap/java/classes/com/fasterxml/jackson/annotation/ObjectIdResolver.members/ObjectIdResolver.members#50.0-1752885240000-kotlin.trap.gz" }
{ "origin": "CodeQL Kotlin extractor", "timestamp": "2026-09-27 14:18:08", "kind": "INFO", "message": "Will write TRAP file /Users/macbook/Octo/static_analysis_codeql_1/codeql-kotlin.db/trap/java/classes/com/fasterxml/jackson/databind/KeyDeserializer.members/KeyDeserializer.members#52.0-1752886142000-kotlin.trap.gz" }
{ "origin": "CodeQL Kotlin extractor", "timestamp": "2026-09-27 14:18:08", "kind": "INFO", "message": "Finished writing TRAP file /Users/macbook/Octo/static_analysis_codeql_1/codeql-kotlin.db/trap/java/classes/com/fasterxml/jackson/databind/KeyDeserializer.members/KeyDeserializer.members#52.0-1752886142000-kotlin.trap.gz" }
{ "origin": "CodeQL Kotlin extractor", "timestamp": "2026-09-27 14:18:08", "kind": "INFO", "message": "Will write TRAP file /Users/macbook/Octo/static_analysis_codeql_1/codeql-kotlin.db/trap/java/classes/com/fasterxml/jackson/core/StreamReadCapability.members/StreamReadCapability.members#52.0-1752860368000-kotlin.trap.gz" }
{ "origin": "CodeQL Kotlin extractor", "timestamp": "2026-09-27 14:18:08", "kind": "INFO", "message": "Finished writing TRAP file /Users/macbook/Octo/static_analysis_codeql_1/codeql-kotlin.db/trap/java/classes/com/fasterxml/jackson/core/StreamReadCapability.members/StreamReadCapability.members#52.0-1752860368000-kotlin.trap.gz" }
{ "origin": "CodeQL Kotlin extractor", "timestamp": "2026-09-27 14:18:08", "kind": "INFO", "message": "Will write TRAP file /Users/macbook/Octo/static_analysis_codeql_1/codeql-kotlin.db/trap/java/classes/com/fasterxml/jackson/core/util/JacksonFeatureSet.members/JacksonFeatureSet.members#52.0-1752860368000-kotlin.trap.gz" }
{ "origin": "CodeQL Kotlin extractor", "timestamp": "2026-09-27 14:18:08", "kind": "INFO", "message": "Finished writing TRAP file /Users/macbook/Octo/static_analysis_codeql_1/codeql-kotlin.db/trap/java/classes/com/fasterxml/jackson/core/util/JacksonFeatureSet.members/JacksonFeatureSet.members#52.0-1752860368000-kotlin.trap.gz" }
{ "origin": "CodeQL Kotlin extractor", "timestamp": "2026-09-27 14:18:08", "kind": "INFO", "message": "Will write TRAP file /Users/macbook/Octo/static_analysis_codeql_1/codeql-kotlin.db/trap/java/classes/com/fasterxml/jackson/databind/util/ArrayBuilders.members/ArrayBuilders.members#52.0-1752886142000-kotlin.trap.gz" }
{ "origin": "CodeQL Kotlin extractor", "timestamp": "2026-09-27 14:18:08", "kind": "INFO", "message": "Finished writing TRAP file /Users/macbook/Octo/static_analysis_codeql_1/codeql-kotlin.db/trap/java/classes/com/fasterxml/jackson/databind/util/ArrayBuilders.members/ArrayBuilders.members#52.0-1752886142000-kotlin.trap.gz" }
{ "origin": "CodeQL Kotlin extractor", "timestamp": "2026-09-27 14:18:08", "kind": "INFO", "message": "Will write TRAP file /Users/macbook/Octo/static_analysis_codeql_1/codeql-kotlin.db/trap/java/classes/com/fasterxml/jackson/databind/util/ObjectBuffer.members/ObjectBuffer.members#52.0-1752886142000-kotlin.trap.gz" }
{ "origin": "CodeQL Kotlin extractor", "timestamp": "2026-09-27 14:18:08", "kind": "INFO", "message": "Finished writing TRAP file /Users/macbook/Octo/static_analysis_codeql_1/codeql-kotlin.db/trap/java/classes/com/fasterxml/jackson/databind/util/ObjectBuffer.members/ObjectBuffer.members#52.0-1752886142000-kotlin.trap.gz" }
{ "origin": "CodeQL Kotlin extractor", "timestamp": "2026-09-27 14:18:08", "kind": "INFO", "message": "Will write TRAP file /Users/macbook/Octo/static_analysis_codeql_1/codeql-kotlin.db/trap/java/classes/com/fasterxml/jackson/databind/util/LinkedNode.members/LinkedNode.members#52.0-1752886142000-kotlin.trap.gz" }
{ "origin": "CodeQL Kotlin extractor", "timestamp": "2026-09-27 14:18:08", "kind": "INFO", "message": "Finished writing TRAP file /Users/macbook/Octo/static_analysis_codeql_1/codeql-kotlin.db/trap/java/classes/com/fasterxml/jackson/databind/util/LinkedNode.members/LinkedNode.members#52.0-1752886142000-kotlin.trap.gz" }
{ "origin": "CodeQL Kotlin extractor", "timestamp": "2026-09-27 14:18:08", "kind": "INFO", "message": "Will write TRAP file /Users/macbook/Octo/static_analysis_codeql_1/codeql-kotlin.db/trap/java/classes/com/fasterxml/jackson/databind/cfg/MapperConfig.members/MapperConfig.members#52.0-1752886142000-kotlin.trap.gz" }
{ "origin": "CodeQL Kotlin extractor", "timestamp": "2026-09-27 14:18:08", "kind": "INFO", "message": "Finished writing TRAP file /Users/macbook/Octo/static_analysis_codeql_1/codeql-kotlin.db/trap/java/classes/com/fasterxml/jackson/databind/cfg/MapperConfig.members/MapperConfig.members#52.0-1752886142000-kotlin.trap.gz" }
{ "origin": "CodeQL Kotlin extractor", "timestamp": "2026-09-27 14:18:08", "kind": "INFO", "message": "Will write TRAP file /Users/macbook/Octo/static_analysis_codeql_1/codeql-kotlin.db/trap/java/classes/com/fasterxml/jackson/databind/jsontype/TypeDeserializer.members/TypeDeserializer.members#52.0-1752886142000-kotlin.trap.gz" }
{ "origin": "CodeQL Kotlin extractor", "timestamp": "2026-09-27 14:18:08", "kind": "INFO", "message": "Finished writing TRAP file /Users/macbook/Octo/static_analysis_codeql_1/codeql-kotlin.db/trap/java/classes/com/fasterxml/jackson/databind/jsontype/TypeDeserializer.members/TypeDeserializer.members#52.0-1752886142000-kotlin.trap.gz" }
{ "origin": "CodeQL Kotlin extractor", "timestamp": "2026-09-27 14:18:08", "kind": "INFO", "message": "Skipping extracting external decl Id" }
{ "origin": "CodeQL Kotlin extractor", "timestamp": "2026-09-27 14:18:08", "kind": "INFO", "message": "Will write TRAP file /Users/macbook/Octo/static_analysis_codeql_1/codeql-kotlin.db/trap/java/classes/com/fasterxml/jackson/databind/jsontype/TypeIdResolver.members/TypeIdResolver.members#52.0-1752886142000-kotlin.trap.gz" }
{ "origin": "CodeQL Kotlin extractor", "timestamp": "2026-09-27 14:18:08", "kind": "INFO", "message": "Finished writing TRAP file /Users/macbook/Octo/static_analysis_codeql_1/codeql-kotlin.db/trap/java/classes/com/fasterxml/jackson/databind/jsontype/TypeIdResolver.members/TypeIdResolver.members#52.0-1752886142000-kotlin.trap.gz" }
{ "origin": "CodeQL Kotlin extractor", "timestamp": "2026-09-27 14:18:08", "kind": "INFO", "message": "Will write TRAP file /Users/macbook/Octo/static_analysis_codeql_1/codeql-kotlin.db/trap/java/classes/com/fasterxml/jackson/databind/jsontype/impl/StdTypeResolverBuilder.members/StdTypeResolverBuilder.members#52.0-1752886142000-kotlin.trap.gz" }
{ "origin": "CodeQL Kotlin extractor", "timestamp": "2026-09-27 14:18:08", "kind": "INFO", "message": "Finished writing TRAP file /Users/macbook/Octo/static_analysis_codeql_1/codeql-kotlin.db/trap/java/classes/com/fasterxml/jackson/databind/jsontype/impl/StdTypeResolverBuilder.members/StdTypeResolverBuilder.members#52.0-1752886142000-kotlin.trap.gz" }
{ "origin": "CodeQL Kotlin extractor", "timestamp": "2026-09-27 14:18:08", "kind": "INFO", "message": "Will write TRAP file /Users/macbook/Octo/static_analysis_codeql_1/codeql-kotlin.db/trap/java/classes/com/fasterxml/jackson/databind/util/LookupCache.members/LookupCache.members#52.0-1752886142000-kotlin.trap.gz" }
{ "origin": "CodeQL Kotlin extractor", "timestamp": "2026-09-27 14:18:08", "kind": "INFO", "message": "Finished writing TRAP file /Users/macbook/Octo/static_analysis_codeql_1/codeql-kotlin.db/trap/java/classes/com/fasterxml/jackson/databind/util/LookupCache.members/LookupCache.members#52.0-1752886142000-kotlin.trap.gz" }
{ "origin": "CodeQL Kotlin extractor", "timestamp": "2026-09-27 14:18:08", "kind": "INFO", "message": "Will write TRAP file /Users/macbook/Octo/static_analysis_codeql_1/codeql-kotlin.db/trap/java/classes/com/fasterxml/jackson/databind/type/TypeParser.members/TypeParser.members#52.0-1752886142000-kotlin.trap.gz" }
{ "origin": "CodeQL Kotlin extractor", "timestamp": "2026-09-27 14:18:08", "kind": "INFO", "message": "Finished writing TRAP file /Users/macbook/Octo/static_analysis_codeql_1/codeql-kotlin.db/trap/java/classes/com/fasterxml/jackson/databind/type/TypeParser.members/TypeParser.members#52.0-1752886142000-kotlin.trap.gz" }
{ "origin": "CodeQL Kotlin extractor", "timestamp": "2026-09-27 14:18:08", "kind": "INFO", "message": "Will write TRAP file /Users/macbook/Octo/static_analysis_codeql_1/codeql-kotlin.db/trap/java/classes/com/fasterxml/jackson/databind/type/TypeModifier.members/TypeModifier.members#52.0-1752886142000-kotlin.trap.gz" }
{ "origin": "CodeQL Kotlin extractor", "timestamp": "2026-09-27 14:18:08", "kind": "INFO", "message": "Finished writing TRAP file /Users/macbook/Octo/static_analysis_codeql_1/codeql-kotlin.db/trap/java/classes/com/fasterxml/jackson/databind/type/TypeModifier.members/TypeModifier.members#52.0-1752886142000-kotlin.trap.gz" }
{ "origin": "CodeQL Kotlin extractor", "timestamp": "2026-09-27 14:18:08", "kind": "INFO", "message": "Will write TRAP file /Users/macbook/Octo/static_analysis_codeql_1/codeql-kotlin.db/trap/java/classes/com/fasterxml/jackson/databind/util/LRUMap.members/LRUMap.members#52.0-1752886142000-kotlin.trap.gz" }
{ "origin": "CodeQL Kotlin extractor", "timestamp": "2026-09-27 14:18:08", "kind": "INFO", "message": "Finished writing TRAP file /Users/macbook/Octo/static_analysis_codeql_1/codeql-kotlin.db/trap/java/classes/com/fasterxml/jackson/databind/util/LRUMap.members/LRUMap.members#52.0-1752886142000-kotlin.trap.gz" }
{ "origin": "CodeQL Kotlin extractor", "timestamp": "2026-09-27 14:18:08", "kind": "INFO", "message": "Will write TRAP file /Users/macbook/Octo/static_analysis_codeql_1/codeql-kotlin.db/trap/java/classes/com/fasterxml/jackson/databind/type/TypeBindings.members/TypeBindings.members#52.0-1752886142000-kotlin.trap.gz" }
{ "origin": "CodeQL Kotlin extractor", "timestamp": "2026-09-27 14:18:08", "kind": "INFO", "message": "Finished writing TRAP file /Users/macbook/Octo/static_analysis_codeql_1/codeql-kotlin.db/trap/java/classes/com/fasterxml/jackson/databind/type/TypeBindings.members/TypeBindings.members#52.0-1752886142000-kotlin.trap.gz" }
{ "origin": "CodeQL Kotlin extractor", "timestamp": "2026-09-27 14:18:08", "kind": "INFO", "message": "Will write TRAP file /Users/macbook/Octo/static_analysis_codeql_1/codeql-kotlin.db/trap/java/classes/com/fasterxml/jackson/databind/type/ArrayType.members/ArrayType.members#52.0-1752886142000-kotlin.trap.gz" }
{ "origin": "CodeQL Kotlin extractor", "timestamp": "2026-09-27 14:18:08", "kind": "INFO", "message": "Finished writing TRAP file /Users/macbook/Octo/static_analysis_codeql_1/codeql-kotlin.db/trap/java/classes/com/fasterxml/jackson/databind/type/ArrayType.members/ArrayType.members#52.0-1752886142000-kotlin.trap.gz" }
{ "origin": "CodeQL Kotlin extractor", "timestamp": "2026-09-27 14:18:08", "kind": "INFO", "message": "Will write TRAP file /Users/macbook/Octo/static_analysis_codeql_1/codeql-kotlin.db/trap/java/classes/com/fasterxml/jackson/databind/type/CollectionType.members/CollectionType.members#52.0-1752886142000-kotlin.trap.gz" }
{ "origin": "CodeQL Kotlin extractor", "timestamp": "2026-09-27 14:18:08", "kind": "INFO", "message": "Finished writing TRAP file /Users/macbook/Octo/static_analysis_codeql_1/codeql-kotlin.db/trap/java/classes/com/fasterxml/jackson/databind/type/CollectionType.members/CollectionType.members#52.0-1752886142000-kotlin.trap.gz" }
{ "origin": "CodeQL Kotlin extractor", "timestamp": "2026-09-27 14:18:08", "kind": "INFO", "message": "Will write TRAP file /Users/macbook/Octo/static_analysis_codeql_1/codeql-kotlin.db/trap/java/classes/com/fasterxml/jackson/databind/type/CollectionLikeType.members/CollectionLikeType.members#52.0-1752886142000-kotlin.trap.gz" }
{ "origin": "CodeQL Kotlin extractor", "timestamp": "2026-09-27 14:18:08", "kind": "INFO", "message": "Finished writing TRAP file /Users/macbook/Octo/static_analysis_codeql_1/codeql-kotlin.db/trap/java/classes/com/fasterxml/jackson/databind/type/CollectionLikeType.members/CollectionLikeType.members#52.0-1752886142000-kotlin.trap.gz" }
{ "origin": "CodeQL Kotlin extractor", "timestamp": "2026-09-27 14:18:08", "kind": "INFO", "message": "Will write TRAP file /Users/macbook/Octo/static_analysis_codeql_1/codeql-kotlin.db/trap/java/classes/com/fasterxml/jackson/databind/type/MapType.members/MapType.members#52.0-1752886142000-kotlin.trap.gz" }
{ "origin": "CodeQL Kotlin extractor", "timestamp": "2026-09-27 14:18:08", "kind": "INFO", "message": "Finished writing TRAP file /Users/macbook/Octo/static_analysis_codeql_1/codeql-kotlin.db/trap/java/classes/com/fasterxml/jackson/databind/type/MapType.members/MapType.members#52.0-1752886142000-kotlin.trap.gz" }
{ "origin": "CodeQL Kotlin extractor", "timestamp": "2026-09-27 14:18:08", "kind": "INFO", "message": "Will write TRAP file /Users/macbook/Octo/static_analysis_codeql_1/codeql-kotlin.db/trap/java/classes/com/fasterxml/jackson/databind/type/MapLikeType.members/MapLikeType.members#52.0-1752886142000-kotlin.trap.gz" }
{ "origin": "CodeQL Kotlin extractor", "timestamp": "2026-09-27 14:18:08", "kind": "INFO", "message": "Finished writing TRAP file /Users/macbook/Octo/static_analysis_codeql_1/codeql-kotlin.db/trap/java/classes/com/fasterxml/jackson/databind/type/MapLikeType.members/MapLikeType.members#52.0-1752886142000-kotlin.trap.gz" }
{ "origin": "CodeQL Kotlin extractor", "timestamp": "2026-09-27 14:18:08", "kind": "INFO", "message": "Will write TRAP file /Users/macbook/Octo/static_analysis_codeql_1/codeql-kotlin.db/trap/java/classes/com/fasterxml/jackson/databind/type/ClassStack.members/ClassStack.members#52.0-1752886142000-kotlin.trap.gz" }
{ "origin": "CodeQL Kotlin extractor", "timestamp": "2026-09-27 14:18:08", "kind": "INFO", "message": "Finished writing TRAP file /Users/macbook/Octo/static_analysis_codeql_1/codeql-kotlin.db/trap/java/classes/com/fasterxml/jackson/databind/type/ClassStack.members/ClassStack.members#52.0-1752886142000-kotlin.trap.gz" }
{ "origin": "CodeQL Kotlin extractor", "timestamp": "2026-09-27 14:18:08", "kind": "INFO", "message": "Skipping extracting external decl ParameterizedType" }
{ "origin": "CodeQL Kotlin extractor", "timestamp": "2026-09-27 14:18:08", "kind": "INFO", "message": "Will write TRAP file /Users/macbook/Octo/static_analysis_codeql_1/codeql-kotlin.db/trap/java/classes/java/lang/reflect/GenericArrayType.members/GenericArrayType.members#65.0-1789983753036-kotlin.trap.gz" }
{ "origin": "CodeQL Kotlin extractor", "timestamp": "2026-09-27 14:18:08", "kind": "INFO", "message": "Finished writing TRAP file /Users/macbook/Octo/static_analysis_codeql_1/codeql-kotlin.db/trap/java/classes/java/lang/reflect/GenericArrayType.members/GenericArrayType.members#65.0-1789983753036-kotlin.trap.gz" }
{ "origin": "CodeQL Kotlin extractor", "timestamp": "2026-09-27 14:18:08", "kind": "INFO", "message": "Skipping extracting external decl TypeVariable" }
{ "origin": "CodeQL Kotlin extractor", "timestamp": "2026-09-27 14:18:08", "kind": "INFO", "message": "Skipping extracting external decl WildcardType" }
{ "origin": "CodeQL Kotlin extractor", "timestamp": "2026-09-27 14:18:08", "kind": "INFO", "message": "Will write TRAP file /Users/macbook/Octo/static_analysis_codeql_1/codeql-kotlin.db/trap/java/classes/com/fasterxml/jackson/databind/type/SimpleType.members/SimpleType.members#52.0-1752886142000-kotlin.trap.gz" }
{ "origin": "CodeQL Kotlin extractor", "timestamp": "2026-09-27 14:18:08", "kind": "INFO", "message": "Finished writing TRAP file /Users/macbook/Octo/static_analysis_codeql_1/codeql-kotlin.db/trap/java/classes/com/fasterxml/jackson/databind/type/SimpleType.members/SimpleType.members#52.0-1752886142000-kotlin.trap.gz" }
{ "origin": "CodeQL Kotlin extractor", "timestamp": "2026-09-27 14:18:08", "kind": "INFO", "message": "Will write TRAP file /Users/macbook/Octo/static_analysis_codeql_1/codeql-kotlin.db/trap/java/classes/com/fasterxml/jackson/databind/InjectableValues$Std.members/InjectableValues$Std.members#52.0-1752886142000-kotlin.trap.gz" }
{ "origin": "CodeQL Kotlin extractor", "timestamp": "2026-09-27 14:18:08", "kind": "INFO", "message": "Finished writing TRAP file /Users/macbook/Octo/static_analysis_codeql_1/codeql-kotlin.db/trap/java/classes/com/fasterxml/jackson/databind/InjectableValues$Std.members/InjectableValues$Std.members#52.0-1752886142000-kotlin.trap.gz" }
{ "origin": "CodeQL Kotlin extractor", "timestamp": "2026-09-27 14:18:08", "kind": "INFO", "message": "Will write TRAP file /Users/macbook/Octo/static_analysis_codeql_1/codeql-kotlin.db/trap/java/classes/com/fasterxml/jackson/databind/BeanProperty.members/BeanProperty.members#52.0-1752886142000-kotlin.trap.gz" }
{ "origin": "CodeQL Kotlin extractor", "timestamp": "2026-09-27 14:18:08", "kind": "INFO", "message": "Finished writing TRAP file /Users/macbook/Octo/static_analysis_codeql_1/codeql-kotlin.db/trap/java/classes/com/fasterxml/jackson/databind/BeanProperty.members/BeanProperty.members#52.0-1752886142000-kotlin.trap.gz" }
{ "origin": "CodeQL Kotlin extractor", "timestamp": "2026-09-27 14:18:08", "kind": "INFO", "message": "Will write TRAP file /Users/macbook/Octo/static_analysis_codeql_1/codeql-kotlin.db/trap/java/classes/com/fasterxml/jackson/databind/introspect/AnnotatedMember.members/AnnotatedMember.members#52.0-1752886142000-kotlin.trap.gz" }
{ "origin": "CodeQL Kotlin extractor", "timestamp": "2026-09-27 14:18:08", "kind": "INFO", "message": "Finished writing TRAP file /Users/macbook/Octo/static_analysis_codeql_1/codeql-kotlin.db/trap/java/classes/com/fasterxml/jackson/databind/introspect/AnnotatedMember.members/AnnotatedMember.members#52.0-1752886142000-kotlin.trap.gz" }
{ "origin": "CodeQL Kotlin extractor", "timestamp": "2026-09-27 14:18:08", "kind": "INFO", "message": "Will write TRAP file /Users/macbook/Octo/static_analysis_codeql_1/codeql-kotlin.db/trap/java/classes/com/fasterxml/jackson/databind/introspect/AnnotatedClass.members/AnnotatedClass.members#52.0-1752886142000-kotlin.trap.gz" }
{ "origin": "CodeQL Kotlin extractor", "timestamp": "2026-09-27 14:18:08", "kind": "INFO", "message": "Finished writing TRAP file /Users/macbook/Octo/static_analysis_codeql_1/codeql-kotlin.db/trap/java/classes/com/fasterxml/jackson/databind/introspect/AnnotatedClass.members/AnnotatedClass.members#52.0-1752886142000-kotlin.trap.gz" }
{ "origin": "CodeQL Kotlin extractor", "timestamp": "2026-09-27 14:18:08", "kind": "INFO", "message": "Will write TRAP file /Users/macbook/Octo/static_analysis_codeql_1/codeql-kotlin.db/trap/java/classes/com/fasterxml/jackson/databind/cfg/ConfigOverride.members/ConfigOverride.members#52.0-1752886142000-kotlin.trap.gz" }
{ "origin": "CodeQL Kotlin extractor", "timestamp": "2026-09-27 14:18:08", "kind": "INFO", "message": "Finished writing TRAP file /Users/macbook/Octo/static_analysis_codeql_1/codeql-kotlin.db/trap/java/classes/com/fasterxml/jackson/databind/cfg/ConfigOverride.members/ConfigOverride.members#52.0-1752886142000-kotlin.trap.gz" }
{ "origin": "CodeQL Kotlin extractor", "timestamp": "2026-09-27 14:18:08", "kind": "INFO", "message": "Will write TRAP file /Users/macbook/Octo/static_analysis_codeql_1/codeql-kotlin.db/trap/java/classes/com/fasterxml/jackson/annotation/JsonFormat$Value.members/JsonFormat$Value.members#50.0-1752885240000-kotlin.trap.gz" }
{ "origin": "CodeQL Kotlin extractor", "timestamp": "2026-09-27 14:18:08", "kind": "INFO", "message": "Finished writing TRAP file /Users/macbook/Octo/static_analysis_codeql_1/codeql-kotlin.db/trap/java/classes/com/fasterxml/jackson/annotation/JsonFormat$Value.members/JsonFormat$Value.members#50.0-1752885240000-kotlin.trap.gz" }
{ "origin": "CodeQL Kotlin extractor", "timestamp": "2026-09-27 14:18:08", "kind": "INFO", "message": "Will write TRAP file /Users/macbook/Octo/static_analysis_codeql_1/codeql-kotlin.db/trap/java/classes/com/fasterxml/jackson/databind/cfg/CoercionAction.members/CoercionAction.members#52.0-1752886142000-kotlin.trap.gz" }
{ "origin": "CodeQL Kotlin extractor", "timestamp": "2026-09-27 14:18:08", "kind": "INFO", "message": "Finished writing TRAP file /Users/macbook/Octo/static_analysis_codeql_1/codeql-kotlin.db/trap/java/classes/com/fasterxml/jackson/databind/cfg/CoercionAction.members/CoercionAction.members#52.0-1752886142000-kotlin.trap.gz" }
{ "origin": "CodeQL Kotlin extractor", "timestamp": "2026-09-27 14:18:08", "kind": "INFO", "message": "Will write TRAP file /Users/macbook/Octo/static_analysis_codeql_1/codeql-kotlin.db/trap/java/classes/com/fasterxml/jackson/databind/cfg/CoercionInputShape.members/CoercionInputShape.members#52.0-1752886142000-kotlin.trap.gz" }
{ "origin": "CodeQL Kotlin extractor", "timestamp": "2026-09-27 14:18:08", "kind": "INFO", "message": "Finished writing TRAP file /Users/macbook/Octo/static_analysis_codeql_1/codeql-kotlin.db/trap/java/classes/com/fasterxml/jackson/databind/cfg/CoercionInputShape.members/CoercionInputShape.members#52.0-1752886142000-kotlin.trap.gz" }
{ "origin": "CodeQL Kotlin extractor", "timestamp": "2026-09-27 14:18:08", "kind": "INFO", "message": "Will write TRAP file /Users/macbook/Octo/static_analysis_codeql_1/codeql-kotlin.db/trap/java/classes/com/fasterxml/jackson/databind/type/ClassKey.members/ClassKey.members#52.0-1752886142000-kotlin.trap.gz" }
{ "origin": "CodeQL Kotlin extractor", "timestamp": "2026-09-27 14:18:08", "kind": "INFO", "message": "Finished writing TRAP file /Users/macbook/Octo/static_analysis_codeql_1/codeql-kotlin.db/trap/java/classes/com/fasterxml/jackson/databind/type/ClassKey.members/ClassKey.members#52.0-1752886142000-kotlin.trap.gz" }
{ "origin": "CodeQL Kotlin extractor", "timestamp": "2026-09-27 14:18:08", "kind": "INFO", "message": "Will write TRAP file /Users/macbook/Octo/static_analysis_codeql_1/codeql-kotlin.db/trap/java/classes/com/fasterxml/jackson/databind/util/RootNameLookup.members/RootNameLookup.members#52.0-1752886142000-kotlin.trap.gz" }
{ "origin": "CodeQL Kotlin extractor", "timestamp": "2026-09-27 14:18:08", "kind": "INFO", "message": "Finished writing TRAP file /Users/macbook/Octo/static_analysis_codeql_1/codeql-kotlin.db/trap/java/classes/com/fasterxml/jackson/databind/util/RootNameLookup.members/RootNameLookup.members#52.0-1752886142000-kotlin.trap.gz" }
{ "origin": "CodeQL Kotlin extractor", "timestamp": "2026-09-27 14:18:08", "kind": "INFO", "message": "Will write TRAP file /Users/macbook/Octo/static_analysis_codeql_1/codeql-kotlin.db/trap/java/classes/com/fasterxml/jackson/databind/cfg/DatatypeFeatures.members/DatatypeFeatures.members#52.0-1752886142000-kotlin.trap.gz" }
{ "origin": "CodeQL Kotlin extractor", "timestamp": "2026-09-27 14:18:08", "kind": "INFO", "message": "Finished writing TRAP file /Users/macbook/Octo/static_analysis_codeql_1/codeql-kotlin.db/trap/java/classes/com/fasterxml/jackson/databind/cfg/DatatypeFeatures.members/DatatypeFeatures.members#52.0-1752886142000-kotlin.trap.gz" }
{ "origin": "CodeQL Kotlin extractor", "timestamp": "2026-09-27 14:18:08", "kind": "INFO", "message": "Skipping extracting external decl Long" }
{ "origin": "CodeQL Kotlin extractor", "timestamp": "2026-09-27 14:18:08", "kind": "INFO", "message": "Skipping extracting external decl Long" }
{ "origin": "CodeQL Kotlin extractor", "timestamp": "2026-09-27 14:18:08", "kind": "INFO", "message": "Will write TRAP file /Users/macbook/Octo/static_analysis_codeql_1/codeql-kotlin.db/trap/java/classes/com/fasterxml/jackson/databind/PropertyName.members/PropertyName.members#52.0-1752886142000-kotlin.trap.gz" }
{ "origin": "CodeQL Kotlin extractor", "timestamp": "2026-09-27 14:18:08", "kind": "INFO", "message": "Finished writing TRAP file /Users/macbook/Octo/static_analysis_codeql_1/codeql-kotlin.db/trap/java/classes/com/fasterxml/jackson/databind/PropertyName.members/PropertyName.members#52.0-1752886142000-kotlin.trap.gz" }
{ "origin": "CodeQL Kotlin extractor", "timestamp": "2026-09-27 14:18:08", "kind": "INFO", "message": "Will write TRAP file /Users/macbook/Octo/static_analysis_codeql_1/codeql-kotlin.db/trap/java/classes/com/fasterxml/jackson/databind/BeanDescription.members/BeanDescription.members#52.0-1752886142000-kotlin.trap.gz" }
{ "origin": "CodeQL Kotlin extractor", "timestamp": "2026-09-27 14:18:08", "kind": "INFO", "message": "Finished writing TRAP file /Users/macbook/Octo/static_analysis_codeql_1/codeql-kotlin.db/trap/java/classes/com/fasterxml/jackson/databind/BeanDescription.members/BeanDescription.members#52.0-1752886142000-kotlin.trap.gz" }
{ "origin": "CodeQL Kotlin extractor", "timestamp": "2026-09-27 14:18:08", "kind": "INFO", "message": "Will write TRAP file /Users/macbook/Octo/static_analysis_codeql_1/codeql-kotlin.db/trap/java/classes/com/fasterxml/jackson/databind/cfg/MapperConfigBase.members/MapperConfigBase.members#52.0-1752886142000-kotlin.trap.gz" }
{ "origin": "CodeQL Kotlin extractor", "timestamp": "2026-09-27 14:18:08", "kind": "INFO", "message": "Finished writing TRAP file /Users/macbook/Octo/static_analysis_codeql_1/codeql-kotlin.db/trap/java/classes/com/fasterxml/jackson/databind/cfg/MapperConfigBase.members/MapperConfigBase.members#52.0-1752886142000-kotlin.trap.gz" }
{ "origin": "CodeQL Kotlin extractor", "timestamp": "2026-09-27 14:18:08", "kind": "INFO", "message": "Will write TRAP file /Users/macbook/Octo/static_analysis_codeql_1/codeql-kotlin.db/trap/java/classes/com/fasterxml/jackson/annotation/JsonIgnoreProperties$Value.members/JsonIgnoreProperties$Value.members#50.0-1752885240000-kotlin.trap.gz" }
{ "origin": "CodeQL Kotlin extractor", "timestamp": "2026-09-27 14:18:08", "kind": "INFO", "message": "Finished writing TRAP file /Users/macbook/Octo/static_analysis_codeql_1/codeql-kotlin.db/trap/java/classes/com/fasterxml/jackson/annotation/JsonIgnoreProperties$Value.members/JsonIgnoreProperties$Value.members#50.0-1752885240000-kotlin.trap.gz" }
{ "origin": "CodeQL Kotlin extractor", "timestamp": "2026-09-27 14:18:08", "kind": "INFO", "message": "Will write TRAP file /Users/macbook/Octo/static_analysis_codeql_1/codeql-kotlin.db/trap/java/classes/com/fasterxml/jackson/annotation/JsonIncludeProperties$Value.members/JsonIncludeProperties$Value.members#50.0-1752885240000-kotlin.trap.gz" }
{ "origin": "CodeQL Kotlin extractor", "timestamp": "2026-09-27 14:18:08", "kind": "INFO", "message": "Finished writing TRAP file /Users/macbook/Octo/static_analysis_codeql_1/codeql-kotlin.db/trap/java/classes/com/fasterxml/jackson/annotation/JsonIncludeProperties$Value.members/JsonIncludeProperties$Value.members#50.0-1752885240000-kotlin.trap.gz" }
{ "origin": "CodeQL Kotlin extractor", "timestamp": "2026-09-27 14:18:08", "kind": "INFO", "message": "Will write TRAP file /Users/macbook/Octo/static_analysis_codeql_1/codeql-kotlin.db/trap/java/classes/com/fasterxml/jackson/databind/ser/Serializers.members/Serializers.members#52.0-1752886142000-kotlin.trap.gz" }
{ "origin": "CodeQL Kotlin extractor", "timestamp": "2026-09-27 14:18:08", "kind": "INFO", "message": "Finished writing TRAP file /Users/macbook/Octo/static_analysis_codeql_1/codeql-kotlin.db/trap/java/classes/com/fasterxml/jackson/databind/ser/Serializers.members/Serializers.members#52.0-1752886142000-kotlin.trap.gz" }
{ "origin": "CodeQL Kotlin extractor", "timestamp": "2026-09-27 14:18:08", "kind": "INFO", "message": "Skipping extracting external decl StringBuilder" }
{ "origin": "CodeQL Kotlin extractor", "timestamp": "2026-09-27 14:18:08", "kind": "INFO", "message": "Will write TRAP file /Users/macbook/Octo/static_analysis_codeql_1/codeql-kotlin.db/trap/java/classes/com/fasterxml/jackson/databind/JsonDeserializer$None.members/JsonDeserializer$None.members#52.0-1752886142000-kotlin.trap.gz" }
{ "origin": "CodeQL Kotlin extractor", "timestamp": "2026-09-27 14:18:08", "kind": "INFO", "message": "Finished writing TRAP file /Users/macbook/Octo/static_analysis_codeql_1/codeql-kotlin.db/trap/java/classes/com/fasterxml/jackson/databind/JsonDeserializer$None.members/JsonDeserializer$None.members#52.0-1752886142000-kotlin.trap.gz" }
{ "origin": "CodeQL Kotlin extractor", "timestamp": "2026-09-27 14:18:08", "kind": "INFO", "message": "Will write TRAP file /Users/macbook/Octo/static_analysis_codeql_1/codeql-kotlin.db/trap/java/classes/com/fasterxml/jackson/databind/util/NameTransformer.members/NameTransformer.members#52.0-1752886142000-kotlin.trap.gz" }
{ "origin": "CodeQL Kotlin extractor", "timestamp": "2026-09-27 14:18:08", "kind": "INFO", "message": "Finished writing TRAP file /Users/macbook/Octo/static_analysis_codeql_1/codeql-kotlin.db/trap/java/classes/com/fasterxml/jackson/databind/util/NameTransformer.members/NameTransformer.members#52.0-1752886142000-kotlin.trap.gz" }
{ "origin": "CodeQL Kotlin extractor", "timestamp": "2026-09-27 14:18:08", "kind": "INFO", "message": "Will write TRAP file /Users/macbook/Octo/static_analysis_codeql_1/codeql-kotlin.db/trap/java/classes/com/fasterxml/jackson/databind/util/AccessPattern.members/AccessPattern.members#52.0-1752886142000-kotlin.trap.gz" }
{ "origin": "CodeQL Kotlin extractor", "timestamp": "2026-09-27 14:18:08", "kind": "INFO", "message": "Finished writing TRAP file /Users/macbook/Octo/static_analysis_codeql_1/codeql-kotlin.db/trap/java/classes/com/fasterxml/jackson/databind/util/AccessPattern.members/AccessPattern.members#52.0-1752886142000-kotlin.trap.gz" }
{ "origin": "CodeQL Kotlin extractor", "timestamp": "2026-09-27 14:18:08", "kind": "INFO", "message": "Will write TRAP file /Users/macbook/Octo/static_analysis_codeql_1/codeql-kotlin.db/trap/java/classes/com/fasterxml/jackson/databind/deser/impl/ObjectIdReader.members/ObjectIdReader.members#52.0-1752886142000-kotlin.trap.gz" }
{ "origin": "CodeQL Kotlin extractor", "timestamp": "2026-09-27 14:18:08", "kind": "INFO", "message": "Finished writing TRAP file /Users/macbook/Octo/static_analysis_codeql_1/codeql-kotlin.db/trap/java/classes/com/fasterxml/jackson/databind/deser/impl/ObjectIdReader.members/ObjectIdReader.members#52.0-1752886142000-kotlin.trap.gz" }
{ "origin": "CodeQL Kotlin extractor", "timestamp": "2026-09-27 14:18:08", "kind": "INFO", "message": "Will write TRAP file /Users/macbook/Octo/static_analysis_codeql_1/codeql-kotlin.db/trap/java/classes/com/fasterxml/jackson/databind/deser/SettableBeanProperty.members/SettableBeanProperty.members#52.0-1752886142000-kotlin.trap.gz" }
{ "origin": "CodeQL Kotlin extractor", "timestamp": "2026-09-27 14:18:08", "kind": "INFO", "message": "Finished writing TRAP file /Users/macbook/Octo/static_analysis_codeql_1/codeql-kotlin.db/trap/java/classes/com/fasterxml/jackson/databind/deser/SettableBeanProperty.members/SettableBeanProperty.members#52.0-1752886142000-kotlin.trap.gz" }
{ "origin": "CodeQL Kotlin extractor", "timestamp": "2026-09-27 14:18:08", "kind": "INFO", "message": "Will write TRAP file /Users/macbook/Octo/static_analysis_codeql_1/codeql-kotlin.db/trap/java/classes/com/fasterxml/jackson/databind/deser/DataFormatReaders.members/DataFormatReaders.members#52.0-1752886142000-kotlin.trap.gz" }
{ "origin": "CodeQL Kotlin extractor", "timestamp": "2026-09-27 14:18:08", "kind": "INFO", "message": "Finished writing TRAP file /Users/macbook/Octo/static_analysis_codeql_1/codeql-kotlin.db/trap/java/classes/com/fasterxml/jackson/databind/deser/DataFormatReaders.members/DataFormatReaders.members#52.0-1752886142000-kotlin.trap.gz" }
{ "origin": "CodeQL Kotlin extractor", "timestamp": "2026-09-27 14:18:08", "kind": "INFO", "message": "Will write TRAP file /Users/macbook/Octo/static_analysis_codeql_1/codeql-kotlin.db/trap/java/classes/com/fasterxml/jackson/core/filter/TokenFilter.members/TokenFilter.members#52.0-1752860368000-kotlin.trap.gz" }
{ "origin": "CodeQL Kotlin extractor", "timestamp": "2026-09-27 14:18:08", "kind": "INFO", "message": "Finished writing TRAP file /Users/macbook/Octo/static_analysis_codeql_1/codeql-kotlin.db/trap/java/classes/com/fasterxml/jackson/core/filter/TokenFilter.members/TokenFilter.members#52.0-1752860368000-kotlin.trap.gz" }
{ "origin": "CodeQL Kotlin extractor", "timestamp": "2026-09-27 14:18:08", "kind": "INFO", "message": "Will write TRAP file /Users/macbook/Octo/static_analysis_codeql_1/codeql-kotlin.db/trap/java/classes/com/fasterxml/jackson/core/JsonPointer.members/JsonPointer.members#52.0-1752860368000-kotlin.trap.gz" }
{ "origin": "CodeQL Kotlin extractor", "timestamp": "2026-09-27 14:18:08", "kind": "INFO", "message": "Finished writing TRAP file /Users/macbook/Octo/static_analysis_codeql_1/codeql-kotlin.db/trap/java/classes/com/fasterxml/jackson/core/JsonPointer.members/JsonPointer.members#52.0-1752860368000-kotlin.trap.gz" }
{ "origin": "CodeQL Kotlin extractor", "timestamp": "2026-09-27 14:18:08", "kind": "INFO", "message": "Will write TRAP file /Users/macbook/Octo/static_analysis_codeql_1/codeql-kotlin.db/trap/java/classes/com/fasterxml/jackson/databind/deser/DataFormatReaders$Match.members/DataFormatReaders$Match.members#52.0-1752886142000-kotlin.trap.gz" }
{ "origin": "CodeQL Kotlin extractor", "timestamp": "2026-09-27 14:18:08", "kind": "INFO", "message": "Finished writing TRAP file /Users/macbook/Octo/static_analysis_codeql_1/codeql-kotlin.db/trap/java/classes/com/fasterxml/jackson/databind/deser/DataFormatReaders$Match.members/DataFormatReaders$Match.members#52.0-1752886142000-kotlin.trap.gz" }
{ "origin": "CodeQL Kotlin extractor", "timestamp": "2026-09-27 14:18:08", "kind": "INFO", "message": "Will write TRAP file /Users/macbook/Octo/static_analysis_codeql_1/codeql-kotlin.db/trap/java/classes/com/fasterxml/jackson/databind/ObjectWriter$GeneratorSettings.members/ObjectWriter$GeneratorSettings.members#52.0-1752886142000-kotlin.trap.gz" }
{ "origin": "CodeQL Kotlin extractor", "timestamp": "2026-09-27 14:18:08", "kind": "INFO", "message": "Finished writing TRAP file /Users/macbook/Octo/static_analysis_codeql_1/codeql-kotlin.db/trap/java/classes/com/fasterxml/jackson/databind/ObjectWriter$GeneratorSettings.members/ObjectWriter$GeneratorSettings.members#52.0-1752886142000-kotlin.trap.gz" }
{ "origin": "CodeQL Kotlin extractor", "timestamp": "2026-09-27 14:18:08", "kind": "INFO", "message": "Will write TRAP file /Users/macbook/Octo/static_analysis_codeql_1/codeql-kotlin.db/trap/java/classes/com/fasterxml/jackson/databind/ObjectWriter$Prefetch.members/ObjectWriter$Prefetch.members#52.0-1752886142000-kotlin.trap.gz" }
{ "origin": "CodeQL Kotlin extractor", "timestamp": "2026-09-27 14:18:08", "kind": "INFO", "message": "Finished writing TRAP file /Users/macbook/Octo/static_analysis_codeql_1/codeql-kotlin.db/trap/java/classes/com/fasterxml/jackson/databind/ObjectWriter$Prefetch.members/ObjectWriter$Prefetch.members#52.0-1752886142000-kotlin.trap.gz" }
{ "origin": "CodeQL Kotlin extractor", "timestamp": "2026-09-27 14:18:08", "kind": "INFO", "message": "Will write TRAP file /Users/macbook/Octo/static_analysis_codeql_1/codeql-kotlin.db/trap/java/classes/com/fasterxml/jackson/databind/SequenceWriter.members/SequenceWriter.members#52.0-1752886142000-kotlin.trap.gz" }
{ "origin": "CodeQL Kotlin extractor", "timestamp": "2026-09-27 14:18:08", "kind": "INFO", "message": "Finished writing TRAP file /Users/macbook/Octo/static_analysis_codeql_1/codeql-kotlin.db/trap/java/classes/com/fasterxml/jackson/databind/SequenceWriter.members/SequenceWriter.members#52.0-1752886142000-kotlin.trap.gz" }
{ "origin": "CodeQL Kotlin extractor", "timestamp": "2026-09-27 14:18:08", "kind": "INFO", "message": "Will write TRAP file /Users/macbook/Octo/static_analysis_codeql_1/codeql-kotlin.db/trap/java/classes/com/fasterxml/jackson/core/util/Separators.members/Separators.members#52.0-1752860368000-kotlin.trap.gz" }
{ "origin": "CodeQL Kotlin extractor", "timestamp": "2026-09-27 14:18:08", "kind": "INFO", "message": "Finished writing TRAP file /Users/macbook/Octo/static_analysis_codeql_1/codeql-kotlin.db/trap/java/classes/com/fasterxml/jackson/core/util/Separators.members/Separators.members#52.0-1752860368000-kotlin.trap.gz" }
{ "origin": "CodeQL Kotlin extractor", "timestamp": "2026-09-27 14:18:08", "kind": "INFO", "message": "Will write TRAP file /Users/macbook/Octo/static_analysis_codeql_1/codeql-kotlin.db/trap/java/classes/com/fasterxml/jackson/core/io/SerializedString.members/SerializedString.members#52.0-1752860368000-kotlin.trap.gz" }
{ "origin": "CodeQL Kotlin extractor", "timestamp": "2026-09-27 14:18:08", "kind": "INFO", "message": "Finished writing TRAP file /Users/macbook/Octo/static_analysis_codeql_1/codeql-kotlin.db/trap/java/classes/com/fasterxml/jackson/core/io/SerializedString.members/SerializedString.members#52.0-1752860368000-kotlin.trap.gz" }
{ "origin": "CodeQL Kotlin extractor", "timestamp": "2026-09-27 14:18:08", "kind": "INFO", "message": "Will write TRAP file /Users/macbook/Octo/static_analysis_codeql_1/codeql-kotlin.db/trap/java/classes/com/fasterxml/jackson/core/JsonStreamContext.members/JsonStreamContext.members#52.0-1752860368000-kotlin.trap.gz" }
{ "origin": "CodeQL Kotlin extractor", "timestamp": "2026-09-27 14:18:08", "kind": "INFO", "message": "Finished writing TRAP file /Users/macbook/Octo/static_analysis_codeql_1/codeql-kotlin.db/trap/java/classes/com/fasterxml/jackson/core/JsonStreamContext.members/JsonStreamContext.members#52.0-1752860368000-kotlin.trap.gz" }
{ "origin": "CodeQL Kotlin extractor", "timestamp": "2026-09-27 14:18:08", "kind": "INFO", "message": "Will write TRAP file /Users/macbook/Octo/static_analysis_codeql_1/codeql-kotlin.db/trap/java/classes/com/fasterxml/jackson/core/StreamWriteCapability.members/StreamWriteCapability.members#52.0-1752860368000-kotlin.trap.gz" }
{ "origin": "CodeQL Kotlin extractor", "timestamp": "2026-09-27 14:18:08", "kind": "INFO", "message": "Finished writing TRAP file /Users/macbook/Octo/static_analysis_codeql_1/codeql-kotlin.db/trap/java/classes/com/fasterxml/jackson/core/StreamWriteCapability.members/StreamWriteCapability.members#52.0-1752860368000-kotlin.trap.gz" }
{ "origin": "CodeQL Kotlin extractor", "timestamp": "2026-09-27 14:18:08", "kind": "INFO", "message": "Skipping extracting external decl Double" }
{ "origin": "CodeQL Kotlin extractor", "timestamp": "2026-09-27 14:18:08", "kind": "INFO", "message": "Skipping extracting external decl Double" }
{ "origin": "CodeQL Kotlin extractor", "timestamp": "2026-09-27 14:18:08", "kind": "INFO", "message": "Skipping extracting external decl Short" }
{ "origin": "CodeQL Kotlin extractor", "timestamp": "2026-09-27 14:18:08", "kind": "INFO", "message": "Skipping extracting external decl Short" }
{ "origin": "CodeQL Kotlin extractor", "timestamp": "2026-09-27 14:18:08", "kind": "INFO", "message": "Skipping extracting external decl BigInteger" }
{ "origin": "CodeQL Kotlin extractor", "timestamp": "2026-09-27 14:18:08", "kind": "INFO", "message": "Skipping extracting external decl Float" }
{ "origin": "CodeQL Kotlin extractor", "timestamp": "2026-09-27 14:18:08", "kind": "INFO", "message": "Skipping extracting external decl Float" }
{ "origin": "CodeQL Kotlin extractor", "timestamp": "2026-09-27 14:18:08", "kind": "INFO", "message": "Skipping extracting external decl BigDecimal" }
{ "origin": "CodeQL Kotlin extractor", "timestamp": "2026-09-27 14:18:08", "kind": "INFO", "message": "Will write TRAP file /Users/macbook/Octo/static_analysis_codeql_1/codeql-kotlin.db/trap/java/classes/com/fasterxml/jackson/core/type/WritableTypeId.members/WritableTypeId.members#52.0-1752860368000-kotlin.trap.gz" }
{ "origin": "CodeQL Kotlin extractor", "timestamp": "2026-09-27 14:18:08", "kind": "INFO", "message": "Finished writing TRAP file /Users/macbook/Octo/static_analysis_codeql_1/codeql-kotlin.db/trap/java/classes/com/fasterxml/jackson/core/type/WritableTypeId.members/WritableTypeId.members#52.0-1752860368000-kotlin.trap.gz" }
{ "origin": "CodeQL Kotlin extractor", "timestamp": "2026-09-27 14:18:08", "kind": "INFO", "message": "Will write TRAP file /Users/macbook/Octo/static_analysis_codeql_1/codeql-kotlin.db/trap/java/classes/com/fasterxml/jackson/core/exc/StreamWriteException.members/StreamWriteException.members#52.0-1752860368000-kotlin.trap.gz" }
{ "origin": "CodeQL Kotlin extractor", "timestamp": "2026-09-27 14:18:08", "kind": "INFO", "message": "Finished writing TRAP file /Users/macbook/Octo/static_analysis_codeql_1/codeql-kotlin.db/trap/java/classes/com/fasterxml/jackson/core/exc/StreamWriteException.members/StreamWriteException.members#52.0-1752860368000-kotlin.trap.gz" }
{ "origin": "CodeQL Kotlin extractor", "timestamp": "2026-09-27 14:18:08", "kind": "INFO", "message": "Skipping extracting external decl Flushable" }
{ "origin": "CodeQL Kotlin extractor", "timestamp": "2026-09-27 14:18:08", "kind": "INFO", "message": "Will write TRAP file /Users/macbook/Octo/static_analysis_codeql_1/codeql-kotlin.db/trap/java/classes/com/fasterxml/jackson/core/JsonParser$NumberTypeFP.members/JsonParser$NumberTypeFP.members#52.0-1752860368000-kotlin.trap.gz" }
{ "origin": "CodeQL Kotlin extractor", "timestamp": "2026-09-27 14:18:08", "kind": "INFO", "message": "Finished writing TRAP file /Users/macbook/Octo/static_analysis_codeql_1/codeql-kotlin.db/trap/java/classes/com/fasterxml/jackson/core/JsonParser$NumberTypeFP.members/JsonParser$NumberTypeFP.members#52.0-1752860368000-kotlin.trap.gz" }
{ "origin": "CodeQL Kotlin extractor", "timestamp": "2026-09-27 14:18:08", "kind": "INFO", "message": "Will write TRAP file /Users/macbook/Octo/static_analysis_codeql_1/codeql-kotlin.db/trap/java/classes/com/fasterxml/jackson/core/JsonParser$NumberType.members/JsonParser$NumberType.members#52.0-1752860368000-kotlin.trap.gz" }
{ "origin": "CodeQL Kotlin extractor", "timestamp": "2026-09-27 14:18:08", "kind": "INFO", "message": "Finished writing TRAP file /Users/macbook/Octo/static_analysis_codeql_1/codeql-kotlin.db/trap/java/classes/com/fasterxml/jackson/core/JsonParser$NumberType.members/JsonParser$NumberType.members#52.0-1752860368000-kotlin.trap.gz" }
{ "origin": "CodeQL Kotlin extractor", "timestamp": "2026-09-27 14:18:08", "kind": "INFO", "message": "Will write TRAP file /Users/macbook/Octo/static_analysis_codeql_1/codeql-kotlin.db/trap/java/classes/com/fasterxml/jackson/core/util/RequestPayload.members/RequestPayload.members#52.0-1752860368000-kotlin.trap.gz" }
{ "origin": "CodeQL Kotlin extractor", "timestamp": "2026-09-27 14:18:08", "kind": "INFO", "message": "Finished writing TRAP file /Users/macbook/Octo/static_analysis_codeql_1/codeql-kotlin.db/trap/java/classes/com/fasterxml/jackson/core/util/RequestPayload.members/RequestPayload.members#52.0-1752860368000-kotlin.trap.gz" }
{ "origin": "CodeQL Kotlin extractor", "timestamp": "2026-09-27 14:18:08", "kind": "INFO", "message": "Will write TRAP file /Users/macbook/Octo/static_analysis_codeql_1/codeql-kotlin.db/trap/java/classes/com/fasterxml/jackson/core/async/NonBlockingInputFeeder.members/NonBlockingInputFeeder.members#52.0-1752860368000-kotlin.trap.gz" }
{ "origin": "CodeQL Kotlin extractor", "timestamp": "2026-09-27 14:18:08", "kind": "INFO", "message": "Finished writing TRAP file /Users/macbook/Octo/static_analysis_codeql_1/codeql-kotlin.db/trap/java/classes/com/fasterxml/jackson/core/async/NonBlockingInputFeeder.members/NonBlockingInputFeeder.members#52.0-1752860368000-kotlin.trap.gz" }
{ "origin": "CodeQL Kotlin extractor", "timestamp": "2026-09-27 14:18:08", "kind": "INFO", "message": "Will write TRAP file /Users/macbook/Octo/static_analysis_codeql_1/codeql-kotlin.db/trap/java/classes/com/fasterxml/jackson/core/JsonLocation.members/JsonLocation.members#52.0-1752860368000-kotlin.trap.gz" }
{ "origin": "CodeQL Kotlin extractor", "timestamp": "2026-09-27 14:18:08", "kind": "INFO", "message": "Finished writing TRAP file /Users/macbook/Octo/static_analysis_codeql_1/codeql-kotlin.db/trap/java/classes/com/fasterxml/jackson/core/JsonLocation.members/JsonLocation.members#52.0-1752860368000-kotlin.trap.gz" }
{ "origin": "CodeQL Kotlin extractor", "timestamp": "2026-09-27 14:18:08", "kind": "INFO", "message": "Skipping extracting external decl Number" }
{ "origin": "CodeQL Kotlin extractor", "timestamp": "2026-09-27 14:18:08", "kind": "INFO", "message": "Skipping extracting external decl Number" }
{ "origin": "CodeQL Kotlin extractor", "timestamp": "2026-09-27 14:18:08", "kind": "INFO", "message": "Will write TRAP file /Users/macbook/Octo/static_analysis_codeql_1/codeql-kotlin.db/trap/java/classes/com/fasterxml/jackson/core/JsonParseException.members/JsonParseException.members#52.0-1752860368000-kotlin.trap.gz" }
{ "origin": "CodeQL Kotlin extractor", "timestamp": "2026-09-27 14:18:08", "kind": "INFO", "message": "Finished writing TRAP file /Users/macbook/Octo/static_analysis_codeql_1/codeql-kotlin.db/trap/java/classes/com/fasterxml/jackson/core/JsonParseException.members/JsonParseException.members#52.0-1752860368000-kotlin.trap.gz" }
{ "origin": "CodeQL Kotlin extractor", "timestamp": "2026-09-27 14:18:08", "kind": "INFO", "message": "Will write TRAP file /Users/macbook/Octo/static_analysis_codeql_1/codeql-kotlin.db/trap/java/classes/com/fasterxml/jackson/databind/util/TokenBuffer.members/TokenBuffer.members#52.0-1752886142000-kotlin.trap.gz" }
{ "origin": "CodeQL Kotlin extractor", "timestamp": "2026-09-27 14:18:09", "kind": "INFO", "message": "Finished writing TRAP file /Users/macbook/Octo/static_analysis_codeql_1/codeql-kotlin.db/trap/java/classes/com/fasterxml/jackson/databind/util/TokenBuffer.members/TokenBuffer.members#52.0-1752886142000-kotlin.trap.gz" }
{ "origin": "CodeQL Kotlin extractor", "timestamp": "2026-09-27 14:18:09", "kind": "INFO", "message": "Skipping extracting external decl Date" }
{ "origin": "CodeQL Kotlin extractor", "timestamp": "2026-09-27 14:18:09", "kind": "INFO", "message": "Skipping extracting external decl Calendar" }
{ "origin": "CodeQL Kotlin extractor", "timestamp": "2026-09-27 14:18:09", "kind": "INFO", "message": "Will write TRAP file /Users/macbook/Octo/static_analysis_codeql_1/codeql-kotlin.db/trap/java/classes/com/fasterxml/jackson/databind/deser/ValueInstantiator.members/ValueInstantiator.members#52.0-1752886142000-kotlin.trap.gz" }
{ "origin": "CodeQL Kotlin extractor", "timestamp": "2026-09-27 14:18:09", "kind": "INFO", "message": "Finished writing TRAP file /Users/macbook/Octo/static_analysis_codeql_1/codeql-kotlin.db/trap/java/classes/com/fasterxml/jackson/databind/deser/ValueInstantiator.members/ValueInstantiator.members#52.0-1752886142000-kotlin.trap.gz" }
{ "origin": "CodeQL Kotlin extractor", "timestamp": "2026-09-27 14:18:09", "kind": "INFO", "message": "Will write TRAP file /Users/macbook/Octo/static_analysis_codeql_1/codeql-kotlin.db/trap/java/classes/com/fasterxml/jackson/databind/JsonMappingException.members/JsonMappingException.members#52.0-1752886142000-kotlin.trap.gz" }
{ "origin": "CodeQL Kotlin extractor", "timestamp": "2026-09-27 14:18:09", "kind": "INFO", "message": "Finished writing TRAP file /Users/macbook/Octo/static_analysis_codeql_1/codeql-kotlin.db/trap/java/classes/com/fasterxml/jackson/databind/JsonMappingException.members/JsonMappingException.members#52.0-1752886142000-kotlin.trap.gz" }
{ "origin": "CodeQL Kotlin extractor", "timestamp": "2026-09-27 14:18:09", "kind": "INFO", "message": "Will write TRAP file /Users/macbook/Octo/static_analysis_codeql_1/codeql-kotlin.db/trap/java/classes/com/fasterxml/jackson/databind/DatabindContext.members/DatabindContext.members#52.0-1752886142000-kotlin.trap.gz" }
{ "origin": "CodeQL Kotlin extractor", "timestamp": "2026-09-27 14:18:09", "kind": "INFO", "message": "Finished writing TRAP file /Users/macbook/Octo/static_analysis_codeql_1/codeql-kotlin.db/trap/java/classes/com/fasterxml/jackson/databind/DatabindContext.members/DatabindContext.members#52.0-1752886142000-kotlin.trap.gz" }
{ "origin": "CodeQL Kotlin extractor", "timestamp": "2026-09-27 14:18:09", "kind": "INFO", "message": "Will write TRAP file /Users/macbook/Octo/static_analysis_codeql_1/codeql-kotlin.db/trap/java/classes/com/fasterxml/jackson/databind/introspect/VisibilityChecker$Std.members/VisibilityChecker$Std.members#52.0-1752886142000-kotlin.trap.gz" }
{ "origin": "CodeQL Kotlin extractor", "timestamp": "2026-09-27 14:18:09", "kind": "INFO", "message": "Finished writing TRAP file /Users/macbook/Octo/static_analysis_codeql_1/codeql-kotlin.db/trap/java/classes/com/fasterxml/jackson/databind/introspect/VisibilityChecker$Std.members/VisibilityChecker$Std.members#52.0-1752886142000-kotlin.trap.gz" }
{ "origin": "CodeQL Kotlin extractor", "timestamp": "2026-09-27 14:18:09", "kind": "INFO", "message": "Will write TRAP file /Users/macbook/Octo/static_analysis_codeql_1/codeql-kotlin.db/trap/java/classes/com/fasterxml/jackson/annotation/JsonAutoDetect.members/JsonAutoDetect.members#50.0-1752885240000-kotlin.trap.gz" }
{ "origin": "CodeQL Kotlin extractor", "timestamp": "2026-09-27 14:18:09", "kind": "INFO", "message": "Finished writing TRAP file /Users/macbook/Octo/static_analysis_codeql_1/codeql-kotlin.db/trap/java/classes/com/fasterxml/jackson/annotation/JsonAutoDetect.members/JsonAutoDetect.members#50.0-1752885240000-kotlin.trap.gz" }
{ "origin": "CodeQL Kotlin extractor", "timestamp": "2026-09-27 14:18:09", "kind": "INFO", "message": "Skipping extracting external decl Method" }
{ "origin": "CodeQL Kotlin extractor", "timestamp": "2026-09-27 14:18:09", "kind": "INFO", "message": "Will write TRAP file /Users/macbook/Octo/static_analysis_codeql_1/codeql-kotlin.db/trap/java/classes/com/fasterxml/jackson/databind/introspect/AnnotatedMethod.members/AnnotatedMethod.members#52.0-1752886142000-kotlin.trap.gz" }
{ "origin": "CodeQL Kotlin extractor", "timestamp": "2026-09-27 14:18:09", "kind": "INFO", "message": "Finished writing TRAP file /Users/macbook/Octo/static_analysis_codeql_1/codeql-kotlin.db/trap/java/classes/com/fasterxml/jackson/databind/introspect/AnnotatedMethod.members/AnnotatedMethod.members#52.0-1752886142000-kotlin.trap.gz" }
{ "origin": "CodeQL Kotlin extractor", "timestamp": "2026-09-27 14:18:09", "kind": "INFO", "message": "Skipping extracting external decl Member" }
{ "origin": "CodeQL Kotlin extractor", "timestamp": "2026-09-27 14:18:09", "kind": "INFO", "message": "Skipping extracting external decl Field" }
{ "origin": "CodeQL Kotlin extractor", "timestamp": "2026-09-27 14:18:09", "kind": "INFO", "message": "Will write TRAP file /Users/macbook/Octo/static_analysis_codeql_1/codeql-kotlin.db/trap/java/classes/com/fasterxml/jackson/databind/introspect/AnnotatedField.members/AnnotatedField.members#52.0-1752886142000-kotlin.trap.gz" }
{ "origin": "CodeQL Kotlin extractor", "timestamp": "2026-09-27 14:18:09", "kind": "INFO", "message": "Finished writing TRAP file /Users/macbook/Octo/static_analysis_codeql_1/codeql-kotlin.db/trap/java/classes/com/fasterxml/jackson/databind/introspect/AnnotatedField.members/AnnotatedField.members#52.0-1752886142000-kotlin.trap.gz" }
{ "origin": "CodeQL Kotlin extractor", "timestamp": "2026-09-27 14:18:09", "kind": "INFO", "message": "Will write TRAP file /Users/macbook/Octo/static_analysis_codeql_1/codeql-kotlin.db/trap/java/classes/com/fasterxml/jackson/databind/AnnotationIntrospector$XmlExtensions.members/AnnotationIntrospector$XmlExtensions.members#52.0-1752886142000-kotlin.trap.gz" }
{ "origin": "CodeQL Kotlin extractor", "timestamp": "2026-09-27 14:18:09", "kind": "INFO", "message": "Finished writing TRAP file /Users/macbook/Octo/static_analysis_codeql_1/codeql-kotlin.db/trap/java/classes/com/fasterxml/jackson/databind/AnnotationIntrospector$XmlExtensions.members/AnnotationIntrospector$XmlExtensions.members#52.0-1752886142000-kotlin.trap.gz" }
{ "origin": "CodeQL Kotlin extractor", "timestamp": "2026-09-27 14:18:09", "kind": "INFO", "message": "Will write TRAP file /Users/macbook/Octo/static_analysis_codeql_1/codeql-kotlin.db/trap/java/classes/com/fasterxml/jackson/databind/AnnotationIntrospector$ReferenceProperty.members/AnnotationIntrospector$ReferenceProperty.members#52.0-1752886142000-kotlin.trap.gz" }
{ "origin": "CodeQL Kotlin extractor", "timestamp": "2026-09-27 14:18:09", "kind": "INFO", "message": "Finished writing TRAP file /Users/macbook/Octo/static_analysis_codeql_1/codeql-kotlin.db/trap/java/classes/com/fasterxml/jackson/databind/AnnotationIntrospector$ReferenceProperty.members/AnnotationIntrospector$ReferenceProperty.members#52.0-1752886142000-kotlin.trap.gz" }
{ "origin": "CodeQL Kotlin extractor", "timestamp": "2026-09-27 14:18:09", "kind": "INFO", "message": "Skipping extracting external decl Annotation" }
{ "origin": "CodeQL Kotlin extractor", "timestamp": "2026-09-27 14:18:09", "kind": "INFO", "message": "Skipping extracting external decl Annotation" }
{ "origin": "CodeQL Kotlin extractor", "timestamp": "2026-09-27 14:18:09", "kind": "INFO", "message": "Will write TRAP file /Users/macbook/Octo/static_analysis_codeql_1/codeql-kotlin.db/trap/java/classes/com/fasterxml/jackson/databind/introspect/ObjectIdInfo.members/ObjectIdInfo.members#52.0-1752886142000-kotlin.trap.gz" }
{ "origin": "CodeQL Kotlin extractor", "timestamp": "2026-09-27 14:18:09", "kind": "INFO", "message": "Finished writing TRAP file /Users/macbook/Octo/static_analysis_codeql_1/codeql-kotlin.db/trap/java/classes/com/fasterxml/jackson/databind/introspect/ObjectIdInfo.members/ObjectIdInfo.members#52.0-1752886142000-kotlin.trap.gz" }
{ "origin": "CodeQL Kotlin extractor", "timestamp": "2026-09-27 14:18:09", "kind": "INFO", "message": "Will write TRAP file /Users/macbook/Octo/static_analysis_codeql_1/codeql-kotlin.db/trap/java/classes/com/fasterxml/jackson/annotation/JsonTypeInfo$Value.members/JsonTypeInfo$Value.members#50.0-1752885240000-kotlin.trap.gz" }
{ "origin": "CodeQL Kotlin extractor", "timestamp": "2026-09-27 14:18:09", "kind": "INFO", "message": "Finished writing TRAP file /Users/macbook/Octo/static_analysis_codeql_1/codeql-kotlin.db/trap/java/classes/com/fasterxml/jackson/annotation/JsonTypeInfo$Value.members/JsonTypeInfo$Value.members#50.0-1752885240000-kotlin.trap.gz" }
{ "origin": "CodeQL Kotlin extractor", "timestamp": "2026-09-27 14:18:09", "kind": "INFO", "message": "Will write TRAP file /Users/macbook/Octo/static_analysis_codeql_1/codeql-kotlin.db/trap/java/classes/com/fasterxml/jackson/annotation/JacksonInject$Value.members/JacksonInject$Value.members#50.0-1752885240000-kotlin.trap.gz" }
{ "origin": "CodeQL Kotlin extractor", "timestamp": "2026-09-27 14:18:09", "kind": "INFO", "message": "Finished writing TRAP file /Users/macbook/Octo/static_analysis_codeql_1/codeql-kotlin.db/trap/java/classes/com/fasterxml/jackson/annotation/JacksonInject$Value.members/JacksonInject$Value.members#50.0-1752885240000-kotlin.trap.gz" }
{ "origin": "CodeQL Kotlin extractor", "timestamp": "2026-09-27 14:18:09", "kind": "INFO", "message": "Skipping extracting external decl Access" }
{ "origin": "CodeQL Kotlin extractor", "timestamp": "2026-09-27 14:18:09", "kind": "INFO", "message": "Will write TRAP file /Users/macbook/Octo/static_analysis_codeql_1/codeql-kotlin.db/trap/java/classes/com/fasterxml/jackson/databind/annotation/JsonSerialize$Typing.members/JsonSerialize$Typing.members#52.0-1752886142000-kotlin.trap.gz" }
{ "origin": "CodeQL Kotlin extractor", "timestamp": "2026-09-27 14:18:09", "kind": "INFO", "message": "Finished writing TRAP file /Users/macbook/Octo/static_analysis_codeql_1/codeql-kotlin.db/trap/java/classes/com/fasterxml/jackson/databind/annotation/JsonSerialize$Typing.members/JsonSerialize$Typing.members#52.0-1752886142000-kotlin.trap.gz" }
{ "origin": "CodeQL Kotlin extractor", "timestamp": "2026-09-27 14:18:09", "kind": "INFO", "message": "Will write TRAP file /Users/macbook/Octo/static_analysis_codeql_1/codeql-kotlin.db/trap/java/classes/com/fasterxml/jackson/databind/ser/BeanPropertyWriter.members/BeanPropertyWriter.members#52.0-1752886142000-kotlin.trap.gz" }
{ "origin": "CodeQL Kotlin extractor", "timestamp": "2026-09-27 14:18:09", "kind": "INFO", "message": "Finished writing TRAP file /Users/macbook/Octo/static_analysis_codeql_1/codeql-kotlin.db/trap/java/classes/com/fasterxml/jackson/databind/ser/BeanPropertyWriter.members/BeanPropertyWriter.members#52.0-1752886142000-kotlin.trap.gz" }
{ "origin": "CodeQL Kotlin extractor", "timestamp": "2026-09-27 14:18:09", "kind": "INFO", "message": "Will write TRAP file /Users/macbook/Octo/static_analysis_codeql_1/codeql-kotlin.db/trap/java/classes/com/fasterxml/jackson/databind/annotation/JsonPOJOBuilder$Value.members/JsonPOJOBuilder$Value.members#52.0-1752886142000-kotlin.trap.gz" }
{ "origin": "CodeQL Kotlin extractor", "timestamp": "2026-09-27 14:18:09", "kind": "INFO", "message": "Finished writing TRAP file /Users/macbook/Octo/static_analysis_codeql_1/codeql-kotlin.db/trap/java/classes/com/fasterxml/jackson/databind/annotation/JsonPOJOBuilder$Value.members/JsonPOJOBuilder$Value.members#52.0-1752886142000-kotlin.trap.gz" }
{ "origin": "CodeQL Kotlin extractor", "timestamp": "2026-09-27 14:18:09", "kind": "INFO", "message": "Will write TRAP file /Users/macbook/Octo/static_analysis_codeql_1/codeql-kotlin.db/trap/java/classes/com/fasterxml/jackson/annotation/JsonCreator$Mode.members/JsonCreator$Mode.members#50.0-1752885240000-kotlin.trap.gz" }
{ "origin": "CodeQL Kotlin extractor", "timestamp": "2026-09-27 14:18:09", "kind": "INFO", "message": "Finished writing TRAP file /Users/macbook/Octo/static_analysis_codeql_1/codeql-kotlin.db/trap/java/classes/com/fasterxml/jackson/annotation/JsonCreator$Mode.members/JsonCreator$Mode.members#50.0-1752885240000-kotlin.trap.gz" }
{ "origin": "CodeQL Kotlin extractor", "timestamp": "2026-09-27 14:18:09", "kind": "INFO", "message": "Will write TRAP file /Users/macbook/Octo/static_analysis_codeql_1/codeql-kotlin.db/trap/java/classes/com/fasterxml/jackson/databind/introspect/PotentialCreator.members/PotentialCreator.members#52.0-1752886142000-kotlin.trap.gz" }
{ "origin": "CodeQL Kotlin extractor", "timestamp": "2026-09-27 14:18:09", "kind": "INFO", "message": "Finished writing TRAP file /Users/macbook/Octo/static_analysis_codeql_1/codeql-kotlin.db/trap/java/classes/com/fasterxml/jackson/databind/introspect/PotentialCreator.members/PotentialCreator.members#52.0-1752886142000-kotlin.trap.gz" }
{ "origin": "CodeQL Kotlin extractor", "timestamp": "2026-09-27 14:18:09", "kind": "INFO", "message": "Will write TRAP file /Users/macbook/Octo/static_analysis_codeql_1/codeql-kotlin.db/trap/java/classes/com/fasterxml/jackson/databind/PropertyNamingStrategy$KebabCaseStrategy.members/PropertyNamingStrategy$KebabCaseStrategy.members#52.0-1752886142000-kotlin.trap.gz" }
{ "origin": "CodeQL Kotlin extractor", "timestamp": "2026-09-27 14:18:09", "kind": "INFO", "message": "Finished writing TRAP file /Users/macbook/Octo/static_analysis_codeql_1/codeql-kotlin.db/trap/java/classes/com/fasterxml/jackson/databind/PropertyNamingStrategy$KebabCaseStrategy.members/PropertyNamingStrategy$KebabCaseStrategy.members#52.0-1752886142000-kotlin.trap.gz" }
{ "origin": "CodeQL Kotlin extractor", "timestamp": "2026-09-27 14:18:09", "kind": "INFO", "message": "Will write TRAP file /Users/macbook/Octo/static_analysis_codeql_1/codeql-kotlin.db/trap/java/classes/com/fasterxml/jackson/databind/PropertyNamingStrategy$LowerCaseStrategy.members/PropertyNamingStrategy$LowerCaseStrategy.members#52.0-1752886142000-kotlin.trap.gz" }
{ "origin": "CodeQL Kotlin extractor", "timestamp": "2026-09-27 14:18:09", "kind": "INFO", "message": "Finished writing TRAP file /Users/macbook/Octo/static_analysis_codeql_1/codeql-kotlin.db/trap/java/classes/com/fasterxml/jackson/databind/PropertyNamingStrategy$LowerCaseStrategy.members/PropertyNamingStrategy$LowerCaseStrategy.members#52.0-1752886142000-kotlin.trap.gz" }
{ "origin": "CodeQL Kotlin extractor", "timestamp": "2026-09-27 14:18:09", "kind": "INFO", "message": "Will write TRAP file /Users/macbook/Octo/static_analysis_codeql_1/codeql-kotlin.db/trap/java/classes/com/fasterxml/jackson/databind/PropertyNamingStrategy$LowerDotCaseStrategy.members/PropertyNamingStrategy$LowerDotCaseStrategy.members#52.0-1752886142000-kotlin.trap.gz" }
{ "origin": "CodeQL Kotlin extractor", "timestamp": "2026-09-27 14:18:09", "kind": "INFO", "message": "Finished writing TRAP file /Users/macbook/Octo/static_analysis_codeql_1/codeql-kotlin.db/trap/java/classes/com/fasterxml/jackson/databind/PropertyNamingStrategy$LowerDotCaseStrategy.members/PropertyNamingStrategy$LowerDotCaseStrategy.members#52.0-1752886142000-kotlin.trap.gz" }
{ "origin": "CodeQL Kotlin extractor", "timestamp": "2026-09-27 14:18:09", "kind": "INFO", "message": "Will write TRAP file /Users/macbook/Octo/static_analysis_codeql_1/codeql-kotlin.db/trap/java/classes/com/fasterxml/jackson/databind/PropertyNamingStrategy$UpperCamelCaseStrategy.members/PropertyNamingStrategy$UpperCamelCaseStrategy.members#52.0-1752886142000-kotlin.trap.gz" }
{ "origin": "CodeQL Kotlin extractor", "timestamp": "2026-09-27 14:18:09", "kind": "INFO", "message": "Finished writing TRAP file /Users/macbook/Octo/static_analysis_codeql_1/codeql-kotlin.db/trap/java/classes/com/fasterxml/jackson/databind/PropertyNamingStrategy$UpperCamelCaseStrategy.members/PropertyNamingStrategy$UpperCamelCaseStrategy.members#52.0-1752886142000-kotlin.trap.gz" }
{ "origin": "CodeQL Kotlin extractor", "timestamp": "2026-09-27 14:18:09", "kind": "INFO", "message": "Will write TRAP file /Users/macbook/Octo/static_analysis_codeql_1/codeql-kotlin.db/trap/java/classes/com/fasterxml/jackson/databind/PropertyNamingStrategy$PropertyNamingStrategyBase.members/PropertyNamingStrategy$PropertyNamingStrategyBase.members#52.0-1752886142000-kotlin.trap.gz" }
{ "origin": "CodeQL Kotlin extractor", "timestamp": "2026-09-27 14:18:09", "kind": "INFO", "message": "Finished writing TRAP file /Users/macbook/Octo/static_analysis_codeql_1/codeql-kotlin.db/trap/java/classes/com/fasterxml/jackson/databind/PropertyNamingStrategy$PropertyNamingStrategyBase.members/PropertyNamingStrategy$PropertyNamingStrategyBase.members#52.0-1752886142000-kotlin.trap.gz" }
{ "origin": "CodeQL Kotlin extractor", "timestamp": "2026-09-27 14:18:09", "kind": "INFO", "message": "Will write TRAP file /Users/macbook/Octo/static_analysis_codeql_1/codeql-kotlin.db/trap/java/classes/com/fasterxml/jackson/databind/PropertyNamingStrategy$SnakeCaseStrategy.members/PropertyNamingStrategy$SnakeCaseStrategy.members#52.0-1752886142000-kotlin.trap.gz" }
{ "origin": "CodeQL Kotlin extractor", "timestamp": "2026-09-27 14:18:09", "kind": "INFO", "message": "Finished writing TRAP file /Users/macbook/Octo/static_analysis_codeql_1/codeql-kotlin.db/trap/java/classes/com/fasterxml/jackson/databind/PropertyNamingStrategy$SnakeCaseStrategy.members/PropertyNamingStrategy$SnakeCaseStrategy.members#52.0-1752886142000-kotlin.trap.gz" }
{ "origin": "CodeQL Kotlin extractor", "timestamp": "2026-09-27 14:18:09", "kind": "INFO", "message": "Will write TRAP file /Users/macbook/Octo/static_analysis_codeql_1/codeql-kotlin.db/trap/java/classes/com/fasterxml/jackson/databind/introspect/AnnotatedParameter.members/AnnotatedParameter.members#52.0-1752886142000-kotlin.trap.gz" }
{ "origin": "CodeQL Kotlin extractor", "timestamp": "2026-09-27 14:18:09", "kind": "INFO", "message": "Finished writing TRAP file /Users/macbook/Octo/static_analysis_codeql_1/codeql-kotlin.db/trap/java/classes/com/fasterxml/jackson/databind/introspect/AnnotatedParameter.members/AnnotatedParameter.members#52.0-1752886142000-kotlin.trap.gz" }
{ "origin": "CodeQL Kotlin extractor", "timestamp": "2026-09-27 14:18:09", "kind": "INFO", "message": "Will write TRAP file /Users/macbook/Octo/static_analysis_codeql_1/codeql-kotlin.db/trap/java/classes/com/fasterxml/jackson/databind/introspect/AccessorNamingStrategy.members/AccessorNamingStrategy.members#52.0-1752886142000-kotlin.trap.gz" }
{ "origin": "CodeQL Kotlin extractor", "timestamp": "2026-09-27 14:18:09", "kind": "INFO", "message": "Finished writing TRAP file /Users/macbook/Octo/static_analysis_codeql_1/codeql-kotlin.db/trap/java/classes/com/fasterxml/jackson/databind/introspect/AccessorNamingStrategy.members/AccessorNamingStrategy.members#52.0-1752886142000-kotlin.trap.gz" }
{ "origin": "CodeQL Kotlin extractor", "timestamp": "2026-09-27 14:18:09", "kind": "INFO", "message": "Will write TRAP file /Users/macbook/Octo/static_analysis_codeql_1/codeql-kotlin.db/trap/java/classes/com/fasterxml/jackson/databind/jsontype/PolymorphicTypeValidator$Validity.members/PolymorphicTypeValidator$Validity.members#52.0-1752886142000-kotlin.trap.gz" }
{ "origin": "CodeQL Kotlin extractor", "timestamp": "2026-09-27 14:18:09", "kind": "INFO", "message": "Finished writing TRAP file /Users/macbook/Octo/static_analysis_codeql_1/codeql-kotlin.db/trap/java/classes/com/fasterxml/jackson/databind/jsontype/PolymorphicTypeValidator$Validity.members/PolymorphicTypeValidator$Validity.members#52.0-1752886142000-kotlin.trap.gz" }
{ "origin": "CodeQL Kotlin extractor", "timestamp": "2026-09-27 14:18:09", "kind": "INFO", "message": "Will write TRAP file /Users/macbook/Octo/static_analysis_codeql_1/codeql-kotlin.db/trap/java/classes/com/fasterxml/jackson/databind/jsontype/PolymorphicTypeValidator$Base.members/PolymorphicTypeValidator$Base.members#52.0-1752886142000-kotlin.trap.gz" }
{ "origin": "CodeQL Kotlin extractor", "timestamp": "2026-09-27 14:18:09", "kind": "INFO", "message": "Finished writing TRAP file /Users/macbook/Octo/static_analysis_codeql_1/codeql-kotlin.db/trap/java/classes/com/fasterxml/jackson/databind/jsontype/PolymorphicTypeValidator$Base.members/PolymorphicTypeValidator$Base.members#52.0-1752886142000-kotlin.trap.gz" }
{ "origin": "CodeQL Kotlin extractor", "timestamp": "2026-09-27 14:18:09", "kind": "INFO", "message": "Will write TRAP file /Users/macbook/Octo/static_analysis_codeql_1/codeql-kotlin.db/trap/java/classes/com/fasterxml/jackson/annotation/JacksonAnnotationValue.members/JacksonAnnotationValue.members#50.0-1752885240000-kotlin.trap.gz" }
{ "origin": "CodeQL Kotlin extractor", "timestamp": "2026-09-27 14:18:09", "kind": "INFO", "message": "Finished writing TRAP file /Users/macbook/Octo/static_analysis_codeql_1/codeql-kotlin.db/trap/java/classes/com/fasterxml/jackson/annotation/JacksonAnnotationValue.members/JacksonAnnotationValue.members#50.0-1752885240000-kotlin.trap.gz" }
{ "origin": "CodeQL Kotlin extractor", "timestamp": "2026-09-27 14:18:09", "kind": "INFO", "message": "Will write TRAP file /Users/macbook/Octo/static_analysis_codeql_1/codeql-kotlin.db/trap/java/classes/com/fasterxml/jackson/annotation/JsonSetter.members/JsonSetter.members#50.0-1752885240000-kotlin.trap.gz" }
{ "origin": "CodeQL Kotlin extractor", "timestamp": "2026-09-27 14:18:09", "kind": "INFO", "message": "Finished writing TRAP file /Users/macbook/Octo/static_analysis_codeql_1/codeql-kotlin.db/trap/java/classes/com/fasterxml/jackson/annotation/JsonSetter.members/JsonSetter.members#50.0-1752885240000-kotlin.trap.gz" }
{ "origin": "CodeQL Kotlin extractor", "timestamp": "2026-09-27 14:18:09", "kind": "INFO", "message": "Will write TRAP file /Users/macbook/Octo/static_analysis_codeql_1/codeql-kotlin.db/trap/java/classes/com/fasterxml/jackson/annotation/Nulls.members/Nulls.members#50.0-1752885240000-kotlin.trap.gz" }
{ "origin": "CodeQL Kotlin extractor", "timestamp": "2026-09-27 14:18:09", "kind": "INFO", "message": "Finished writing TRAP file /Users/macbook/Octo/static_analysis_codeql_1/codeql-kotlin.db/trap/java/classes/com/fasterxml/jackson/annotation/Nulls.members/Nulls.members#50.0-1752885240000-kotlin.trap.gz" }
{ "origin": "CodeQL Kotlin extractor", "timestamp": "2026-09-27 14:18:09", "kind": "INFO", "message": "Will write TRAP file /Users/macbook/Octo/static_analysis_codeql_1/codeql-kotlin.db/trap/java/classes/com/fasterxml/jackson/databind/cfg/CoercionConfig.members/CoercionConfig.members#52.0-1752886142000-kotlin.trap.gz" }
{ "origin": "CodeQL Kotlin extractor", "timestamp": "2026-09-27 14:18:09", "kind": "INFO", "message": "Finished writing TRAP file /Users/macbook/Octo/static_analysis_codeql_1/codeql-kotlin.db/trap/java/classes/com/fasterxml/jackson/databind/cfg/CoercionConfig.members/CoercionConfig.members#52.0-1752886142000-kotlin.trap.gz" }
{ "origin": "CodeQL Kotlin extractor", "timestamp": "2026-09-27 14:18:09", "kind": "INFO", "message": "Will write TRAP file /Users/macbook/Octo/static_analysis_codeql_1/codeql-kotlin.db/trap/java/classes/com/fasterxml/jackson/databind/node/BooleanNode.members/BooleanNode.members#52.0-1752886142000-kotlin.trap.gz" }
{ "origin": "CodeQL Kotlin extractor", "timestamp": "2026-09-27 14:18:09", "kind": "INFO", "message": "Finished writing TRAP file /Users/macbook/Octo/static_analysis_codeql_1/codeql-kotlin.db/trap/java/classes/com/fasterxml/jackson/databind/node/BooleanNode.members/BooleanNode.members#52.0-1752886142000-kotlin.trap.gz" }
{ "origin": "CodeQL Kotlin extractor", "timestamp": "2026-09-27 14:18:09", "kind": "INFO", "message": "Will write TRAP file /Users/macbook/Octo/static_analysis_codeql_1/codeql-kotlin.db/trap/java/classes/com/fasterxml/jackson/databind/node/NullNode.members/NullNode.members#52.0-1752886142000-kotlin.trap.gz" }
{ "origin": "CodeQL Kotlin extractor", "timestamp": "2026-09-27 14:18:09", "kind": "INFO", "message": "Finished writing TRAP file /Users/macbook/Octo/static_analysis_codeql_1/codeql-kotlin.db/trap/java/classes/com/fasterxml/jackson/databind/node/NullNode.members/NullNode.members#52.0-1752886142000-kotlin.trap.gz" }
{ "origin": "CodeQL Kotlin extractor", "timestamp": "2026-09-27 14:18:09", "kind": "INFO", "message": "Will write TRAP file /Users/macbook/Octo/static_analysis_codeql_1/codeql-kotlin.db/trap/java/classes/com/fasterxml/jackson/databind/node/NumericNode.members/NumericNode.members#52.0-1752886142000-kotlin.trap.gz" }
{ "origin": "CodeQL Kotlin extractor", "timestamp": "2026-09-27 14:18:09", "kind": "INFO", "message": "Finished writing TRAP file /Users/macbook/Octo/static_analysis_codeql_1/codeql-kotlin.db/trap/java/classes/com/fasterxml/jackson/databind/node/NumericNode.members/NumericNode.members#52.0-1752886142000-kotlin.trap.gz" }
{ "origin": "CodeQL Kotlin extractor", "timestamp": "2026-09-27 14:18:09", "kind": "INFO", "message": "Will write TRAP file /Users/macbook/Octo/static_analysis_codeql_1/codeql-kotlin.db/trap/java/classes/com/fasterxml/jackson/databind/node/ValueNode.members/ValueNode.members#52.0-1752886142000-kotlin.trap.gz" }
{ "origin": "CodeQL Kotlin extractor", "timestamp": "2026-09-27 14:18:09", "kind": "INFO", "message": "Finished writing TRAP file /Users/macbook/Octo/static_analysis_codeql_1/codeql-kotlin.db/trap/java/classes/com/fasterxml/jackson/databind/node/ValueNode.members/ValueNode.members#52.0-1752886142000-kotlin.trap.gz" }
{ "origin": "CodeQL Kotlin extractor", "timestamp": "2026-09-27 14:18:09", "kind": "INFO", "message": "Will write TRAP file /Users/macbook/Octo/static_analysis_codeql_1/codeql-kotlin.db/trap/java/classes/com/fasterxml/jackson/databind/node/TextNode.members/TextNode.members#52.0-1752886142000-kotlin.trap.gz" }
{ "origin": "CodeQL Kotlin extractor", "timestamp": "2026-09-27 14:18:09", "kind": "INFO", "message": "Finished writing TRAP file /Users/macbook/Octo/static_analysis_codeql_1/codeql-kotlin.db/trap/java/classes/com/fasterxml/jackson/databind/node/TextNode.members/TextNode.members#52.0-1752886142000-kotlin.trap.gz" }
{ "origin": "CodeQL Kotlin extractor", "timestamp": "2026-09-27 14:18:09", "kind": "INFO", "message": "Will write TRAP file /Users/macbook/Octo/static_analysis_codeql_1/codeql-kotlin.db/trap/java/classes/com/fasterxml/jackson/databind/node/BinaryNode.members/BinaryNode.members#52.0-1752886142000-kotlin.trap.gz" }
{ "origin": "CodeQL Kotlin extractor", "timestamp": "2026-09-27 14:18:09", "kind": "INFO", "message": "Finished writing TRAP file /Users/macbook/Octo/static_analysis_codeql_1/codeql-kotlin.db/trap/java/classes/com/fasterxml/jackson/databind/node/BinaryNode.members/BinaryNode.members#52.0-1752886142000-kotlin.trap.gz" }
{ "origin": "CodeQL Kotlin extractor", "timestamp": "2026-09-27 14:18:09", "kind": "INFO", "message": "Will write TRAP file /Users/macbook/Octo/static_analysis_codeql_1/codeql-kotlin.db/trap/java/classes/com/fasterxml/jackson/databind/util/RawValue.members/RawValue.members#52.0-1752886142000-kotlin.trap.gz" }
{ "origin": "CodeQL Kotlin extractor", "timestamp": "2026-09-27 14:18:09", "kind": "INFO", "message": "Finished writing TRAP file /Users/macbook/Octo/static_analysis_codeql_1/codeql-kotlin.db/trap/java/classes/com/fasterxml/jackson/databind/util/RawValue.members/RawValue.members#52.0-1752886142000-kotlin.trap.gz" }
{ "origin": "CodeQL Kotlin extractor", "timestamp": "2026-09-27 14:18:09", "kind": "INFO", "message": "Will write TRAP file /Users/macbook/Octo/static_analysis_codeql_1/codeql-kotlin.db/trap/java/classes/com/fasterxml/jackson/databind/node/JsonNodeCreator.members/JsonNodeCreator.members#52.0-1752886142000-kotlin.trap.gz" }
{ "origin": "CodeQL Kotlin extractor", "timestamp": "2026-09-27 14:18:09", "kind": "INFO", "message": "Finished writing TRAP file /Users/macbook/Octo/static_analysis_codeql_1/codeql-kotlin.db/trap/java/classes/com/fasterxml/jackson/databind/node/JsonNodeCreator.members/JsonNodeCreator.members#52.0-1752886142000-kotlin.trap.gz" }
{ "origin": "CodeQL Kotlin extractor", "timestamp": "2026-09-27 14:18:09", "kind": "INFO", "message": "Will write TRAP file /Users/macbook/Octo/static_analysis_codeql_1/codeql-kotlin.db/trap/java/classes/com/fasterxml/jackson/databind/cfg/ConstructorDetector$SingleArgConstructor.members/ConstructorDetector$SingleArgConstructor.members#52.0-1752886142000-kotlin.trap.gz" }
{ "origin": "CodeQL Kotlin extractor", "timestamp": "2026-09-27 14:18:09", "kind": "INFO", "message": "Finished writing TRAP file /Users/macbook/Octo/static_analysis_codeql_1/codeql-kotlin.db/trap/java/classes/com/fasterxml/jackson/databind/cfg/ConstructorDetector$SingleArgConstructor.members/ConstructorDetector$SingleArgConstructor.members#52.0-1752886142000-kotlin.trap.gz" }
{ "origin": "CodeQL Kotlin extractor", "timestamp": "2026-09-27 14:18:09", "kind": "INFO", "message": "Will write TRAP file /Users/macbook/Octo/static_analysis_codeql_1/codeql-kotlin.db/trap/java/classes/com/fasterxml/jackson/databind/util/TypeKey.members/TypeKey.members#52.0-1752886142000-kotlin.trap.gz" }
{ "origin": "CodeQL Kotlin extractor", "timestamp": "2026-09-27 14:18:09", "kind": "INFO", "message": "Finished writing TRAP file /Users/macbook/Octo/static_analysis_codeql_1/codeql-kotlin.db/trap/java/classes/com/fasterxml/jackson/databind/util/TypeKey.members/TypeKey.members#52.0-1752886142000-kotlin.trap.gz" }
{ "origin": "CodeQL Kotlin extractor", "timestamp": "2026-09-27 14:18:09", "kind": "INFO", "message": "Will write TRAP file /Users/macbook/Octo/static_analysis_codeql_1/codeql-kotlin.db/trap/java/classes/com/fasterxml/jackson/databind/ser/BeanPropertyFilter.members/BeanPropertyFilter.members#52.0-1752886142000-kotlin.trap.gz" }
{ "origin": "CodeQL Kotlin extractor", "timestamp": "2026-09-27 14:18:09", "kind": "INFO", "message": "Finished writing TRAP file /Users/macbook/Octo/static_analysis_codeql_1/codeql-kotlin.db/trap/java/classes/com/fasterxml/jackson/databind/ser/BeanPropertyFilter.members/BeanPropertyFilter.members#52.0-1752886142000-kotlin.trap.gz" }
{ "origin": "CodeQL Kotlin extractor", "timestamp": "2026-09-27 14:18:09", "kind": "INFO", "message": "Will write TRAP file /Users/macbook/Octo/static_analysis_codeql_1/codeql-kotlin.db/trap/java/classes/com/fasterxml/jackson/databind/ser/PropertyFilter.members/PropertyFilter.members#52.0-1752886142000-kotlin.trap.gz" }
{ "origin": "CodeQL Kotlin extractor", "timestamp": "2026-09-27 14:18:09", "kind": "INFO", "message": "Finished writing TRAP file /Users/macbook/Octo/static_analysis_codeql_1/codeql-kotlin.db/trap/java/classes/com/fasterxml/jackson/databind/ser/PropertyFilter.members/PropertyFilter.members#52.0-1752886142000-kotlin.trap.gz" }
{ "origin": "CodeQL Kotlin extractor", "timestamp": "2026-09-27 14:18:09", "kind": "INFO", "message": "Will write TRAP file /Users/macbook/Octo/static_analysis_codeql_1/codeql-kotlin.db/trap/java/classes/com/fasterxml/jackson/core/Base64Variant$PaddingReadBehaviour.members/Base64Variant$PaddingReadBehaviour.members#52.0-1752860368000-kotlin.trap.gz" }
{ "origin": "CodeQL Kotlin extractor", "timestamp": "2026-09-27 14:18:09", "kind": "INFO", "message": "Finished writing TRAP file /Users/macbook/Octo/static_analysis_codeql_1/codeql-kotlin.db/trap/java/classes/com/fasterxml/jackson/core/Base64Variant$PaddingReadBehaviour.members/Base64Variant$PaddingReadBehaviour.members#52.0-1752860368000-kotlin.trap.gz" }
{ "origin": "CodeQL Kotlin extractor", "timestamp": "2026-09-27 14:18:09", "kind": "INFO", "message": "Will write TRAP file /Users/macbook/Octo/static_analysis_codeql_1/codeql-kotlin.db/trap/java/classes/com/fasterxml/jackson/core/util/ByteArrayBuilder.members/ByteArrayBuilder.members#52.0-1752860368000-kotlin.trap.gz" }
{ "origin": "CodeQL Kotlin extractor", "timestamp": "2026-09-27 14:18:09", "kind": "INFO", "message": "Finished writing TRAP file /Users/macbook/Octo/static_analysis_codeql_1/codeql-kotlin.db/trap/java/classes/com/fasterxml/jackson/core/util/ByteArrayBuilder.members/ByteArrayBuilder.members#52.0-1752860368000-kotlin.trap.gz" }
{ "origin": "CodeQL Kotlin extractor", "timestamp": "2026-09-27 14:18:09", "kind": "INFO", "message": "Will write TRAP file /Users/macbook/Octo/static_analysis_codeql_1/codeql-kotlin.db/trap/java/classes/java/text/DateFormat$Field.members/DateFormat$Field.members#65.0-1789983753036-kotlin.trap.gz" }
{ "origin": "CodeQL Kotlin extractor", "timestamp": "2026-09-27 14:18:09", "kind": "INFO", "message": "Finished writing TRAP file /Users/macbook/Octo/static_analysis_codeql_1/codeql-kotlin.db/trap/java/classes/java/text/DateFormat$Field.members/DateFormat$Field.members#65.0-1789983753036-kotlin.trap.gz" }
{ "origin": "CodeQL Kotlin extractor", "timestamp": "2026-09-27 14:18:09", "kind": "INFO", "message": "Will write TRAP file /Users/macbook/Octo/static_analysis_codeql_1/codeql-kotlin.db/trap/java/classes/java/text/NumberFormat.members/NumberFormat.members#65.0-1789983753036-kotlin.trap.gz" }
{ "origin": "CodeQL Kotlin extractor", "timestamp": "2026-09-27 14:18:09", "kind": "INFO", "message": "Finished writing TRAP file /Users/macbook/Octo/static_analysis_codeql_1/codeql-kotlin.db/trap/java/classes/java/text/NumberFormat.members/NumberFormat.members#65.0-1789983753036-kotlin.trap.gz" }
{ "origin": "CodeQL Kotlin extractor", "timestamp": "2026-09-27 14:18:09", "kind": "INFO", "message": "Skipping extracting external decl StringBuffer" }
{ "origin": "CodeQL Kotlin extractor", "timestamp": "2026-09-27 14:18:09", "kind": "INFO", "message": "Skipping extracting external decl FieldPosition" }
{ "origin": "CodeQL Kotlin extractor", "timestamp": "2026-09-27 14:18:09", "kind": "INFO", "message": "Skipping extracting external decl ParsePosition" }
{ "origin": "CodeQL Kotlin extractor", "timestamp": "2026-09-27 14:18:09", "kind": "INFO", "message": "Skipping extracting external decl Format" }
{ "origin": "CodeQL Kotlin extractor", "timestamp": "2026-09-27 14:18:09", "kind": "INFO", "message": "Will write TRAP file /Users/macbook/Octo/static_analysis_codeql_1/codeql-kotlin.db/trap/java/classes/com/fasterxml/jackson/databind/util/Converter.members/Converter.members#52.0-1752886142000-kotlin.trap.gz" }
{ "origin": "CodeQL Kotlin extractor", "timestamp": "2026-09-27 14:18:09", "kind": "INFO", "message": "Finished writing TRAP file /Users/macbook/Octo/static_analysis_codeql_1/codeql-kotlin.db/trap/java/classes/com/fasterxml/jackson/databind/util/Converter.members/Converter.members#52.0-1752886142000-kotlin.trap.gz" }
{ "origin": "CodeQL Kotlin extractor", "timestamp": "2026-09-27 14:18:09", "kind": "INFO", "message": "Will write TRAP file /Users/macbook/Octo/static_analysis_codeql_1/codeql-kotlin.db/trap/java/classes/com/fasterxml/jackson/databind/ser/VirtualBeanPropertyWriter.members/VirtualBeanPropertyWriter.members#52.0-1752886142000-kotlin.trap.gz" }
{ "origin": "CodeQL Kotlin extractor", "timestamp": "2026-09-27 14:18:09", "kind": "INFO", "message": "Finished writing TRAP file /Users/macbook/Octo/static_analysis_codeql_1/codeql-kotlin.db/trap/java/classes/com/fasterxml/jackson/databind/ser/VirtualBeanPropertyWriter.members/VirtualBeanPropertyWriter.members#52.0-1752886142000-kotlin.trap.gz" }
{ "origin": "CodeQL Kotlin extractor", "timestamp": "2026-09-27 14:18:09", "kind": "INFO", "message": "Will write TRAP file /Users/macbook/Octo/static_analysis_codeql_1/codeql-kotlin.db/trap/java/classes/com/fasterxml/jackson/databind/cfg/ContextAttributes$Impl.members/ContextAttributes$Impl.members#52.0-1752886142000-kotlin.trap.gz" }
{ "origin": "CodeQL Kotlin extractor", "timestamp": "2026-09-27 14:18:09", "kind": "INFO", "message": "Finished writing TRAP file /Users/macbook/Octo/static_analysis_codeql_1/codeql-kotlin.db/trap/java/classes/com/fasterxml/jackson/databind/cfg/ContextAttributes$Impl.members/ContextAttributes$Impl.members#52.0-1752886142000-kotlin.trap.gz" }
{ "origin": "CodeQL Kotlin extractor", "timestamp": "2026-09-27 14:18:09", "kind": "INFO", "message": "Will write TRAP file /Users/macbook/Octo/static_analysis_codeql_1/codeql-kotlin.db/trap/java/classes/com/fasterxml/jackson/core/util/JacksonFeature.members/JacksonFeature.members#52.0-1752860368000-kotlin.trap.gz" }
{ "origin": "CodeQL Kotlin extractor", "timestamp": "2026-09-27 14:18:09", "kind": "INFO", "message": "Finished writing TRAP file /Users/macbook/Octo/static_analysis_codeql_1/codeql-kotlin.db/trap/java/classes/com/fasterxml/jackson/core/util/JacksonFeature.members/JacksonFeature.members#52.0-1752860368000-kotlin.trap.gz" }
{ "origin": "CodeQL Kotlin extractor", "timestamp": "2026-09-27 14:18:09", "kind": "INFO", "message": "Will write TRAP file /Users/macbook/Octo/static_analysis_codeql_1/codeql-kotlin.db/trap/java/classes/com/fasterxml/jackson/databind/JsonNode$OverwriteMode.members/JsonNode$OverwriteMode.members#52.0-1752886142000-kotlin.trap.gz" }
{ "origin": "CodeQL Kotlin extractor", "timestamp": "2026-09-27 14:18:09", "kind": "INFO", "message": "Finished writing TRAP file /Users/macbook/Octo/static_analysis_codeql_1/codeql-kotlin.db/trap/java/classes/com/fasterxml/jackson/databind/JsonNode$OverwriteMode.members/JsonNode$OverwriteMode.members#52.0-1752886142000-kotlin.trap.gz" }
{ "origin": "CodeQL Kotlin extractor", "timestamp": "2026-09-27 14:18:09", "kind": "INFO", "message": "Will write TRAP file /Users/macbook/Octo/static_analysis_codeql_1/codeql-kotlin.db/trap/java/classes/com/fasterxml/jackson/databind/node/JsonNodeType.members/JsonNodeType.members#52.0-1752886142000-kotlin.trap.gz" }
{ "origin": "CodeQL Kotlin extractor", "timestamp": "2026-09-27 14:18:09", "kind": "INFO", "message": "Finished writing TRAP file /Users/macbook/Octo/static_analysis_codeql_1/codeql-kotlin.db/trap/java/classes/com/fasterxml/jackson/databind/node/JsonNodeType.members/JsonNodeType.members#52.0-1752886142000-kotlin.trap.gz" }
{ "origin": "CodeQL Kotlin extractor", "timestamp": "2026-09-27 14:18:09", "kind": "INFO", "message": "Skipping extracting external decl Entry" }
{ "origin": "CodeQL Kotlin extractor", "timestamp": "2026-09-27 14:18:09", "kind": "INFO", "message": "Skipping extracting external decl MutableEntry" }
{ "origin": "CodeQL Kotlin extractor", "timestamp": "2026-09-27 14:18:09", "kind": "INFO", "message": "Skipping extracting external decl Stream" }
{ "origin": "CodeQL Kotlin extractor", "timestamp": "2026-09-27 14:18:09", "kind": "INFO", "message": "Skipping extracting external decl BaseStream" }
{ "origin": "CodeQL Kotlin extractor", "timestamp": "2026-09-27 14:18:09", "kind": "INFO", "message": "Skipping extracting external decl AutoCloseable" }
{ "origin": "CodeQL Kotlin extractor", "timestamp": "2026-09-27 14:18:09", "kind": "INFO", "message": "Skipping extracting external decl BiConsumer" }
{ "origin": "CodeQL Kotlin extractor", "timestamp": "2026-09-27 14:18:09", "kind": "INFO", "message": "Skipping extracting external decl Comparator" }
{ "origin": "CodeQL Kotlin extractor", "timestamp": "2026-09-27 14:18:09", "kind": "INFO", "message": "Will write TRAP file /Users/macbook/Octo/static_analysis_codeql_1/codeql-kotlin.db/trap/java/classes/com/fasterxml/jackson/databind/JsonSerializable$Base.members/JsonSerializable$Base.members#52.0-1752886142000-kotlin.trap.gz" }
{ "origin": "CodeQL Kotlin extractor", "timestamp": "2026-09-27 14:18:09", "kind": "INFO", "message": "Finished writing TRAP file /Users/macbook/Octo/static_analysis_codeql_1/codeql-kotlin.db/trap/java/classes/com/fasterxml/jackson/databind/JsonSerializable$Base.members/JsonSerializable$Base.members#52.0-1752886142000-kotlin.trap.gz" }
{ "origin": "CodeQL Kotlin extractor", "timestamp": "2026-09-27 14:18:09", "kind": "INFO", "message": "Skipping extracting external decl Spliterator" }
{ "origin": "CodeQL Kotlin extractor", "timestamp": "2026-09-27 14:18:09", "kind": "INFO", "message": "Skipping extracting external decl IOException" }
{ "origin": "CodeQL Kotlin extractor", "timestamp": "2026-09-27 14:18:09", "kind": "INFO", "message": "Skipping extracting external decl Predicate" }
{ "origin": "CodeQL Kotlin extractor", "timestamp": "2026-09-27 14:18:09", "kind": "INFO", "message": "Will write TRAP file /Users/macbook/Octo/static_analysis_codeql_1/codeql-kotlin.db/trap/java/classes/com/fasterxml/jackson/databind/node/ContainerNode.members/ContainerNode.members#52.0-1752886142000-kotlin.trap.gz" }
{ "origin": "CodeQL Kotlin extractor", "timestamp": "2026-09-27 14:18:09", "kind": "INFO", "message": "Finished writing TRAP file /Users/macbook/Octo/static_analysis_codeql_1/codeql-kotlin.db/trap/java/classes/com/fasterxml/jackson/databind/node/ContainerNode.members/ContainerNode.members#52.0-1752886142000-kotlin.trap.gz" }
{ "origin": "CodeQL Kotlin extractor", "timestamp": "2026-09-27 14:18:09", "kind": "INFO", "message": "Will write TRAP file /Users/macbook/Octo/static_analysis_codeql_1/codeql-kotlin.db/trap/java/classes/com/fasterxml/jackson/databind/node/BaseJsonNode.members/BaseJsonNode.members#52.0-1752886142000-kotlin.trap.gz" }
{ "origin": "CodeQL Kotlin extractor", "timestamp": "2026-09-27 14:18:09", "kind": "INFO", "message": "Finished writing TRAP file /Users/macbook/Octo/static_analysis_codeql_1/codeql-kotlin.db/trap/java/classes/com/fasterxml/jackson/databind/node/BaseJsonNode.members/BaseJsonNode.members#52.0-1752886142000-kotlin.trap.gz" }
{ "origin": "CodeQL Kotlin extractor", "timestamp": "2026-09-27 14:18:09", "kind": "INFO", "message": "Will write TRAP file /Users/macbook/Octo/static_analysis_codeql_1/codeql-kotlin.db/trap/java/classes/com/fasterxml/jackson/annotation/JsonCreator.members/JsonCreator.members#50.0-1752885240000-kotlin.trap.gz" }
{ "origin": "CodeQL Kotlin extractor", "timestamp": "2026-09-27 14:18:09", "kind": "INFO", "message": "Finished writing TRAP file /Users/macbook/Octo/static_analysis_codeql_1/codeql-kotlin.db/trap/java/classes/com/fasterxml/jackson/annotation/JsonCreator.members/JsonCreator.members#50.0-1752885240000-kotlin.trap.gz" }
{ "origin": "CodeQL Kotlin extractor", "timestamp": "2026-09-27 14:18:09", "kind": "INFO", "message": "Will write TRAP file /Users/macbook/Octo/static_analysis_codeql_1/codeql-kotlin.db/trap/java/classes/com/fasterxml/jackson/annotation/JsonValue.members/JsonValue.members#50.0-1752885240000-kotlin.trap.gz" }
{ "origin": "CodeQL Kotlin extractor", "timestamp": "2026-09-27 14:18:09", "kind": "INFO", "message": "Finished writing TRAP file /Users/macbook/Octo/static_analysis_codeql_1/codeql-kotlin.db/trap/java/classes/com/fasterxml/jackson/annotation/JsonValue.members/JsonValue.members#50.0-1752885240000-kotlin.trap.gz" }
{ "origin": "CodeQL Kotlin extractor", "timestamp": "2026-09-27 14:18:09", "kind": "INFO", "message": "Will write TRAP file /Users/macbook/Octo/static_analysis_codeql_1/codeql-kotlin.db/trap/java/classes/com/fasterxml/jackson/databind/jsonFormatVisitors/JsonFormatVisitorWrapper$Base.members/JsonFormatVisitorWrapper$Base.members#52.0-1752886142000-kotlin.trap.gz" }
{ "origin": "CodeQL Kotlin extractor", "timestamp": "2026-09-27 14:18:09", "kind": "INFO", "message": "Finished writing TRAP file /Users/macbook/Octo/static_analysis_codeql_1/codeql-kotlin.db/trap/java/classes/com/fasterxml/jackson/databind/jsonFormatVisitors/JsonFormatVisitorWrapper$Base.members/JsonFormatVisitorWrapper$Base.members#52.0-1752886142000-kotlin.trap.gz" }
{ "origin": "CodeQL Kotlin extractor", "timestamp": "2026-09-27 14:18:09", "kind": "INFO", "message": "Will write TRAP file /Users/macbook/Octo/static_analysis_codeql_1/codeql-kotlin.db/trap/java/classes/com/fasterxml/jackson/databind/jsonFormatVisitors/JsonObjectFormatVisitor.members/JsonObjectFormatVisitor.members#52.0-1752886142000-kotlin.trap.gz" }
{ "origin": "CodeQL Kotlin extractor", "timestamp": "2026-09-27 14:18:09", "kind": "INFO", "message": "Finished writing TRAP file /Users/macbook/Octo/static_analysis_codeql_1/codeql-kotlin.db/trap/java/classes/com/fasterxml/jackson/databind/jsonFormatVisitors/JsonObjectFormatVisitor.members/JsonObjectFormatVisitor.members#52.0-1752886142000-kotlin.trap.gz" }
{ "origin": "CodeQL Kotlin extractor", "timestamp": "2026-09-27 14:18:09", "kind": "INFO", "message": "Will write TRAP file /Users/macbook/Octo/static_analysis_codeql_1/codeql-kotlin.db/trap/java/classes/com/fasterxml/jackson/databind/jsonFormatVisitors/JsonArrayFormatVisitor.members/JsonArrayFormatVisitor.members#52.0-1752886142000-kotlin.trap.gz" }
{ "origin": "CodeQL Kotlin extractor", "timestamp": "2026-09-27 14:18:09", "kind": "INFO", "message": "Finished writing TRAP file /Users/macbook/Octo/static_analysis_codeql_1/codeql-kotlin.db/trap/java/classes/com/fasterxml/jackson/databind/jsonFormatVisitors/JsonArrayFormatVisitor.members/JsonArrayFormatVisitor.members#52.0-1752886142000-kotlin.trap.gz" }
{ "origin": "CodeQL Kotlin extractor", "timestamp": "2026-09-27 14:18:09", "kind": "INFO", "message": "Will write TRAP file /Users/macbook/Octo/static_analysis_codeql_1/codeql-kotlin.db/trap/java/classes/com/fasterxml/jackson/databind/jsonFormatVisitors/JsonStringFormatVisitor.members/JsonStringFormatVisitor.members#52.0-1752886142000-kotlin.trap.gz" }
{ "origin": "CodeQL Kotlin extractor", "timestamp": "2026-09-27 14:18:09", "kind": "INFO", "message": "Finished writing TRAP file /Users/macbook/Octo/static_analysis_codeql_1/codeql-kotlin.db/trap/java/classes/com/fasterxml/jackson/databind/jsonFormatVisitors/JsonStringFormatVisitor.members/JsonStringFormatVisitor.members#52.0-1752886142000-kotlin.trap.gz" }
{ "origin": "CodeQL Kotlin extractor", "timestamp": "2026-09-27 14:18:09", "kind": "INFO", "message": "Will write TRAP file /Users/macbook/Octo/static_analysis_codeql_1/codeql-kotlin.db/trap/java/classes/com/fasterxml/jackson/databind/jsonFormatVisitors/JsonNumberFormatVisitor.members/JsonNumberFormatVisitor.members#52.0-1752886142000-kotlin.trap.gz" }
{ "origin": "CodeQL Kotlin extractor", "timestamp": "2026-09-27 14:18:09", "kind": "INFO", "message": "Finished writing TRAP file /Users/macbook/Octo/static_analysis_codeql_1/codeql-kotlin.db/trap/java/classes/com/fasterxml/jackson/databind/jsonFormatVisitors/JsonNumberFormatVisitor.members/JsonNumberFormatVisitor.members#52.0-1752886142000-kotlin.trap.gz" }
{ "origin": "CodeQL Kotlin extractor", "timestamp": "2026-09-27 14:18:09", "kind": "INFO", "message": "Will write TRAP file /Users/macbook/Octo/static_analysis_codeql_1/codeql-kotlin.db/trap/java/classes/com/fasterxml/jackson/databind/jsonFormatVisitors/JsonIntegerFormatVisitor.members/JsonIntegerFormatVisitor.members#52.0-1752886142000-kotlin.trap.gz" }
{ "origin": "CodeQL Kotlin extractor", "timestamp": "2026-09-27 14:18:09", "kind": "INFO", "message": "Finished writing TRAP file /Users/macbook/Octo/static_analysis_codeql_1/codeql-kotlin.db/trap/java/classes/com/fasterxml/jackson/databind/jsonFormatVisitors/JsonIntegerFormatVisitor.members/JsonIntegerFormatVisitor.members#52.0-1752886142000-kotlin.trap.gz" }
{ "origin": "CodeQL Kotlin extractor", "timestamp": "2026-09-27 14:18:09", "kind": "INFO", "message": "Will write TRAP file /Users/macbook/Octo/static_analysis_codeql_1/codeql-kotlin.db/trap/java/classes/com/fasterxml/jackson/databind/jsonFormatVisitors/JsonBooleanFormatVisitor.members/JsonBooleanFormatVisitor.members#52.0-1752886142000-kotlin.trap.gz" }
{ "origin": "CodeQL Kotlin extractor", "timestamp": "2026-09-27 14:18:09", "kind": "INFO", "message": "Finished writing TRAP file /Users/macbook/Octo/static_analysis_codeql_1/codeql-kotlin.db/trap/java/classes/com/fasterxml/jackson/databind/jsonFormatVisitors/JsonBooleanFormatVisitor.members/JsonBooleanFormatVisitor.members#52.0-1752886142000-kotlin.trap.gz" }
{ "origin": "CodeQL Kotlin extractor", "timestamp": "2026-09-27 14:18:09", "kind": "INFO", "message": "Will write TRAP file /Users/macbook/Octo/static_analysis_codeql_1/codeql-kotlin.db/trap/java/classes/com/fasterxml/jackson/databind/jsonFormatVisitors/JsonNullFormatVisitor.members/JsonNullFormatVisitor.members#52.0-1752886142000-kotlin.trap.gz" }
{ "origin": "CodeQL Kotlin extractor", "timestamp": "2026-09-27 14:18:09", "kind": "INFO", "message": "Finished writing TRAP file /Users/macbook/Octo/static_analysis_codeql_1/codeql-kotlin.db/trap/java/classes/com/fasterxml/jackson/databind/jsonFormatVisitors/JsonNullFormatVisitor.members/JsonNullFormatVisitor.members#52.0-1752886142000-kotlin.trap.gz" }
{ "origin": "CodeQL Kotlin extractor", "timestamp": "2026-09-27 14:18:09", "kind": "INFO", "message": "Will write TRAP file /Users/macbook/Octo/static_analysis_codeql_1/codeql-kotlin.db/trap/java/classes/com/fasterxml/jackson/databind/jsonFormatVisitors/JsonAnyFormatVisitor.members/JsonAnyFormatVisitor.members#52.0-1752886142000-kotlin.trap.gz" }
{ "origin": "CodeQL Kotlin extractor", "timestamp": "2026-09-27 14:18:09", "kind": "INFO", "message": "Finished writing TRAP file /Users/macbook/Octo/static_analysis_codeql_1/codeql-kotlin.db/trap/java/classes/com/fasterxml/jackson/databind/jsonFormatVisitors/JsonAnyFormatVisitor.members/JsonAnyFormatVisitor.members#52.0-1752886142000-kotlin.trap.gz" }
{ "origin": "CodeQL Kotlin extractor", "timestamp": "2026-09-27 14:18:09", "kind": "INFO", "message": "Will write TRAP file /Users/macbook/Octo/static_analysis_codeql_1/codeql-kotlin.db/trap/java/classes/com/fasterxml/jackson/databind/jsonFormatVisitors/JsonMapFormatVisitor.members/JsonMapFormatVisitor.members#52.0-1752886142000-kotlin.trap.gz" }
{ "origin": "CodeQL Kotlin extractor", "timestamp": "2026-09-27 14:18:09", "kind": "INFO", "message": "Finished writing TRAP file /Users/macbook/Octo/static_analysis_codeql_1/codeql-kotlin.db/trap/java/classes/com/fasterxml/jackson/databind/jsonFormatVisitors/JsonMapFormatVisitor.members/JsonMapFormatVisitor.members#52.0-1752886142000-kotlin.trap.gz" }
{ "origin": "CodeQL Kotlin extractor", "timestamp": "2026-09-27 14:18:09", "kind": "INFO", "message": "Will write TRAP file /Users/macbook/Octo/static_analysis_codeql_1/codeql-kotlin.db/trap/java/classes/com/fasterxml/jackson/databind/jsonFormatVisitors/JsonFormatVisitorWithSerializerProvider.members/JsonFormatVisitorWithSerializerProvider.members#52.0-1752886142000-kotlin.trap.gz" }
{ "origin": "CodeQL Kotlin extractor", "timestamp": "2026-09-27 14:18:09", "kind": "INFO", "message": "Finished writing TRAP file /Users/macbook/Octo/static_analysis_codeql_1/codeql-kotlin.db/trap/java/classes/com/fasterxml/jackson/databind/jsonFormatVisitors/JsonFormatVisitorWithSerializerProvider.members/JsonFormatVisitorWithSerializerProvider.members#52.0-1752886142000-kotlin.trap.gz" }
{ "origin": "CodeQL Kotlin extractor", "timestamp": "2026-09-27 14:18:09", "kind": "INFO", "message": "Will write TRAP file /Users/macbook/Octo/static_analysis_codeql_1/codeql-kotlin.db/trap/java/classes/com/fasterxml/jackson/core/TreeCodec.members/TreeCodec.members#52.0-1752860368000-kotlin.trap.gz" }
{ "origin": "CodeQL Kotlin extractor", "timestamp": "2026-09-27 14:18:09", "kind": "INFO", "message": "Finished writing TRAP file /Users/macbook/Octo/static_analysis_codeql_1/codeql-kotlin.db/trap/java/classes/com/fasterxml/jackson/core/TreeCodec.members/TreeCodec.members#52.0-1752860368000-kotlin.trap.gz" }
{ "origin": "CodeQL Kotlin extractor", "timestamp": "2026-09-27 14:18:09", "kind": "INFO", "message": "Skipping extracting external decl JacksonAnnotation" }
{ "origin": "CodeQL Kotlin extractor", "timestamp": "2026-09-27 14:18:09", "kind": "INFO", "message": "Skipping extracting external decl Retention" }
{ "origin": "CodeQL Kotlin extractor", "timestamp": "2026-09-27 14:18:09", "kind": "INFO", "message": "Skipping extracting external decl AnnotationRetention" }
{ "origin": "CodeQL Kotlin extractor", "timestamp": "2026-09-27 14:18:09", "kind": "INFO", "message": "Skipping extracting external decl Target" }
{ "origin": "CodeQL Kotlin extractor", "timestamp": "2026-09-27 14:18:09", "kind": "INFO", "message": "Skipping extracting external decl AnnotationTarget" }
{ "origin": "CodeQL Kotlin extractor", "timestamp": "2026-09-27 14:18:09", "kind": "INFO", "message": "Will write TRAP file /Users/macbook/Octo/static_analysis_codeql_1/codeql-kotlin.db/trap/java/classes/com/fasterxml/jackson/databind/deser/Deserializers.members/Deserializers.members#52.0-1752886142000-kotlin.trap.gz" }
{ "origin": "CodeQL Kotlin extractor", "timestamp": "2026-09-27 14:18:09", "kind": "INFO", "message": "Finished writing TRAP file /Users/macbook/Octo/static_analysis_codeql_1/codeql-kotlin.db/trap/java/classes/com/fasterxml/jackson/databind/deser/Deserializers.members/Deserializers.members#52.0-1752886142000-kotlin.trap.gz" }
{ "origin": "CodeQL Kotlin extractor", "timestamp": "2026-09-27 14:18:09", "kind": "INFO", "message": "Will write TRAP file /Users/macbook/Octo/static_analysis_codeql_1/codeql-kotlin.db/trap/java/classes/com/fasterxml/jackson/databind/deser/KeyDeserializers.members/KeyDeserializers.members#52.0-1752886142000-kotlin.trap.gz" }
{ "origin": "CodeQL Kotlin extractor", "timestamp": "2026-09-27 14:18:09", "kind": "INFO", "message": "Finished writing TRAP file /Users/macbook/Octo/static_analysis_codeql_1/codeql-kotlin.db/trap/java/classes/com/fasterxml/jackson/databind/deser/KeyDeserializers.members/KeyDeserializers.members#52.0-1752886142000-kotlin.trap.gz" }
{ "origin": "CodeQL Kotlin extractor", "timestamp": "2026-09-27 14:18:09", "kind": "INFO", "message": "Will write TRAP file /Users/macbook/Octo/static_analysis_codeql_1/codeql-kotlin.db/trap/java/classes/com/fasterxml/jackson/databind/AbstractTypeResolver.members/AbstractTypeResolver.members#52.0-1752886142000-kotlin.trap.gz" }
{ "origin": "CodeQL Kotlin extractor", "timestamp": "2026-09-27 14:18:09", "kind": "INFO", "message": "Finished writing TRAP file /Users/macbook/Octo/static_analysis_codeql_1/codeql-kotlin.db/trap/java/classes/com/fasterxml/jackson/databind/AbstractTypeResolver.members/AbstractTypeResolver.members#52.0-1752886142000-kotlin.trap.gz" }
{ "origin": "CodeQL Kotlin extractor", "timestamp": "2026-09-27 14:18:09", "kind": "INFO", "message": "Will write TRAP file /Users/macbook/Octo/static_analysis_codeql_1/codeql-kotlin.db/trap/java/classes/com/fasterxml/jackson/databind/deser/ValueInstantiators.members/ValueInstantiators.members#52.0-1752886142000-kotlin.trap.gz" }
{ "origin": "CodeQL Kotlin extractor", "timestamp": "2026-09-27 14:18:09", "kind": "INFO", "message": "Finished writing TRAP file /Users/macbook/Octo/static_analysis_codeql_1/codeql-kotlin.db/trap/java/classes/com/fasterxml/jackson/databind/deser/ValueInstantiators.members/ValueInstantiators.members#52.0-1752886142000-kotlin.trap.gz" }
{ "origin": "CodeQL Kotlin extractor", "timestamp": "2026-09-27 14:18:09", "kind": "INFO", "message": "Will write TRAP file /Users/macbook/Octo/static_analysis_codeql_1/codeql-kotlin.db/trap/java/classes/com/fasterxml/jackson/module/kotlin/KotlinFeature$Companion.members/KotlinFeature$Companion.members#52.0-318240000000-kotlin.trap.gz" }
{ "origin": "CodeQL Kotlin extractor", "timestamp": "2026-09-27 14:18:09", "kind": "INFO", "message": "Finished writing TRAP file /Users/macbook/Octo/static_analysis_codeql_1/codeql-kotlin.db/trap/java/classes/com/fasterxml/jackson/module/kotlin/KotlinFeature$Companion.members/KotlinFeature$Companion.members#52.0-318240000000-kotlin.trap.gz" }
{ "origin": "CodeQL Kotlin extractor", "timestamp": "2026-09-27 14:18:09", "kind": "INFO", "message": "Will write TRAP file /Users/macbook/Octo/static_analysis_codeql_1/codeql-kotlin.db/trap/java/classes/java/util/BitSet.members/BitSet.members#65.0-1789983753036-kotlin.trap.gz" }
{ "origin": "CodeQL Kotlin extractor", "timestamp": "2026-09-27 14:18:09", "kind": "INFO", "message": "Finished writing TRAP file /Users/macbook/Octo/static_analysis_codeql_1/codeql-kotlin.db/trap/java/classes/java/util/BitSet.members/BitSet.members#65.0-1789983753036-kotlin.trap.gz" }
{ "origin": "CodeQL Kotlin extractor", "timestamp": "2026-09-27 14:18:09", "kind": "INFO", "message": "Will write TRAP file /Users/macbook/Octo/static_analysis_codeql_1/codeql-kotlin.db/trap/java/classes/com/fasterxml/jackson/databind/ser/Serializers$Base.members/Serializers$Base.members#52.0-1752886142000-kotlin.trap.gz" }
{ "origin": "CodeQL Kotlin extractor", "timestamp": "2026-09-27 14:18:09", "kind": "INFO", "message": "Finished writing TRAP file /Users/macbook/Octo/static_analysis_codeql_1/codeql-kotlin.db/trap/java/classes/com/fasterxml/jackson/databind/ser/Serializers$Base.members/Serializers$Base.members#52.0-1752886142000-kotlin.trap.gz" }
{ "origin": "CodeQL Kotlin extractor", "timestamp": "2026-09-27 14:18:09", "kind": "INFO", "message": "Will write TRAP file /Users/macbook/Octo/static_analysis_codeql_1/codeql-kotlin.db/trap/java/classes/com/fasterxml/jackson/databind/type/ReferenceType.members/ReferenceType.members#52.0-1752886142000-kotlin.trap.gz" }
{ "origin": "CodeQL Kotlin extractor", "timestamp": "2026-09-27 14:18:09", "kind": "INFO", "message": "Finished writing TRAP file /Users/macbook/Octo/static_analysis_codeql_1/codeql-kotlin.db/trap/java/classes/com/fasterxml/jackson/databind/type/ReferenceType.members/ReferenceType.members#52.0-1752886142000-kotlin.trap.gz" }
{ "origin": "CodeQL Kotlin extractor", "timestamp": "2026-09-27 14:18:09", "kind": "INFO", "message": "Will write TRAP file /Users/macbook/Octo/static_analysis_codeql_1/codeql-kotlin.db/trap/java/classes/com/fasterxml/jackson/databind/deser/Deserializers$Base.members/Deserializers$Base.members#52.0-1752886142000-kotlin.trap.gz" }
{ "origin": "CodeQL Kotlin extractor", "timestamp": "2026-09-27 14:18:09", "kind": "INFO", "message": "Finished writing TRAP file /Users/macbook/Octo/static_analysis_codeql_1/codeql-kotlin.db/trap/java/classes/com/fasterxml/jackson/databind/deser/Deserializers$Base.members/Deserializers$Base.members#52.0-1752886142000-kotlin.trap.gz" }
{ "origin": "CodeQL Kotlin extractor", "timestamp": "2026-09-27 14:18:09", "kind": "INFO", "message": "Will write TRAP file /Users/macbook/Octo/static_analysis_codeql_1/codeql-kotlin.db/trap/java/classes/com/fasterxml/jackson/databind/deser/ValueInstantiators$Base.members/ValueInstantiators$Base.members#52.0-1752886142000-kotlin.trap.gz" }
{ "origin": "CodeQL Kotlin extractor", "timestamp": "2026-09-27 14:18:09", "kind": "INFO", "message": "Finished writing TRAP file /Users/macbook/Octo/static_analysis_codeql_1/codeql-kotlin.db/trap/java/classes/com/fasterxml/jackson/databind/deser/ValueInstantiators$Base.members/ValueInstantiators$Base.members#52.0-1752886142000-kotlin.trap.gz" }
{ "origin": "CodeQL Kotlin extractor", "timestamp": "2026-09-27 14:18:09", "kind": "INFO", "message": "Will write TRAP file /Users/macbook/Octo/static_analysis_codeql_1/codeql-kotlin.db/trap/java/classes/com/fasterxml/jackson/databind/deser/BeanDeserializerBuilder.members/BeanDeserializerBuilder.members#52.0-1752886142000-kotlin.trap.gz" }
{ "origin": "CodeQL Kotlin extractor", "timestamp": "2026-09-27 14:18:09", "kind": "INFO", "message": "Finished writing TRAP file /Users/macbook/Octo/static_analysis_codeql_1/codeql-kotlin.db/trap/java/classes/com/fasterxml/jackson/databind/deser/BeanDeserializerBuilder.members/BeanDeserializerBuilder.members#52.0-1752886142000-kotlin.trap.gz" }
{ "origin": "CodeQL Kotlin extractor", "timestamp": "2026-09-27 14:18:09", "kind": "INFO", "message": "Will write TRAP file /Users/macbook/Octo/static_analysis_codeql_1/codeql-kotlin.db/trap/java/classes/com/fasterxml/jackson/databind/ser/BeanSerializerBuilder.members/BeanSerializerBuilder.members#52.0-1752886142000-kotlin.trap.gz" }
{ "origin": "CodeQL Kotlin extractor", "timestamp": "2026-09-27 14:18:09", "kind": "INFO", "message": "Finished writing TRAP file /Users/macbook/Octo/static_analysis_codeql_1/codeql-kotlin.db/trap/java/classes/com/fasterxml/jackson/databind/ser/BeanSerializerBuilder.members/BeanSerializerBuilder.members#52.0-1752886142000-kotlin.trap.gz" }
{ "origin": "CodeQL Kotlin extractor", "timestamp": "2026-09-27 14:18:09", "kind": "INFO", "message": "Will write TRAP file /Users/macbook/Octo/static_analysis_codeql_1/codeql-kotlin.db/trap/java/classes/com/fasterxml/jackson/core/sym/CharsToNameCanonicalizer$Bucket.members/CharsToNameCanonicalizer$Bucket.members#52.0-1752860368000-kotlin.trap.gz" }
{ "origin": "CodeQL Kotlin extractor", "timestamp": "2026-09-27 14:18:09", "kind": "INFO", "message": "Finished writing TRAP file /Users/macbook/Octo/static_analysis_codeql_1/codeql-kotlin.db/trap/java/classes/com/fasterxml/jackson/core/sym/CharsToNameCanonicalizer$Bucket.members/CharsToNameCanonicalizer$Bucket.members#52.0-1752860368000-kotlin.trap.gz" }
{ "origin": "CodeQL Kotlin extractor", "timestamp": "2026-09-27 14:18:09", "kind": "INFO", "message": "Will write TRAP file /Users/macbook/Octo/static_analysis_codeql_1/codeql-kotlin.db/trap/java/classes/com/fasterxml/jackson/core/sym/CharsToNameCanonicalizer$TableInfo.members/CharsToNameCanonicalizer$TableInfo.members#52.0-1752860368000-kotlin.trap.gz" }
{ "origin": "CodeQL Kotlin extractor", "timestamp": "2026-09-27 14:18:09", "kind": "INFO", "message": "Finished writing TRAP file /Users/macbook/Octo/static_analysis_codeql_1/codeql-kotlin.db/trap/java/classes/com/fasterxml/jackson/core/sym/CharsToNameCanonicalizer$TableInfo.members/CharsToNameCanonicalizer$TableInfo.members#52.0-1752860368000-kotlin.trap.gz" }
{ "origin": "CodeQL Kotlin extractor", "timestamp": "2026-09-27 14:18:09", "kind": "INFO", "message": "Will write TRAP file /Users/macbook/Octo/static_analysis_codeql_1/codeql-kotlin.db/trap/java/classes/com/fasterxml/jackson/core/sym/ByteQuadsCanonicalizer$TableInfo.members/ByteQuadsCanonicalizer$TableInfo.members#52.0-1752860368000-kotlin.trap.gz" }
{ "origin": "CodeQL Kotlin extractor", "timestamp": "2026-09-27 14:18:09", "kind": "INFO", "message": "Finished writing TRAP file /Users/macbook/Octo/static_analysis_codeql_1/codeql-kotlin.db/trap/java/classes/com/fasterxml/jackson/core/sym/ByteQuadsCanonicalizer$TableInfo.members/ByteQuadsCanonicalizer$TableInfo.members#52.0-1752860368000-kotlin.trap.gz" }
{ "origin": "CodeQL Kotlin extractor", "timestamp": "2026-09-27 14:18:09", "kind": "INFO", "message": "Will write TRAP file /Users/macbook/Octo/static_analysis_codeql_1/codeql-kotlin.db/trap/java/classes/com/fasterxml/jackson/core/util/InternCache.members/InternCache.members#52.0-1752860368000-kotlin.trap.gz" }
{ "origin": "CodeQL Kotlin extractor", "timestamp": "2026-09-27 14:18:09", "kind": "INFO", "message": "Finished writing TRAP file /Users/macbook/Octo/static_analysis_codeql_1/codeql-kotlin.db/trap/java/classes/com/fasterxml/jackson/core/util/InternCache.members/InternCache.members#52.0-1752860368000-kotlin.trap.gz" }
{ "origin": "CodeQL Kotlin extractor", "timestamp": "2026-09-27 14:18:09", "kind": "INFO", "message": "Will write TRAP file /Users/macbook/Octo/static_analysis_codeql_1/codeql-kotlin.db/trap/java/classes/com/fasterxml/jackson/core/util/BufferRecycler$Gettable.members/BufferRecycler$Gettable.members#52.0-1752860368000-kotlin.trap.gz" }
{ "origin": "CodeQL Kotlin extractor", "timestamp": "2026-09-27 14:18:09", "kind": "INFO", "message": "Finished writing TRAP file /Users/macbook/Octo/static_analysis_codeql_1/codeql-kotlin.db/trap/java/classes/com/fasterxml/jackson/core/util/BufferRecycler$Gettable.members/BufferRecycler$Gettable.members#52.0-1752860368000-kotlin.trap.gz" }
{ "origin": "CodeQL Kotlin extractor", "timestamp": "2026-09-27 14:18:09", "kind": "INFO", "message": "Will write TRAP file /Users/macbook/Octo/static_analysis_codeql_1/codeql-kotlin.db/trap/java/classes/java/util/concurrent/atomic/AtomicReferenceArray.members/AtomicReferenceArray.members#65.0-1789983753036-kotlin.trap.gz" }
{ "origin": "CodeQL Kotlin extractor", "timestamp": "2026-09-27 14:18:09", "kind": "INFO", "message": "Finished writing TRAP file /Users/macbook/Octo/static_analysis_codeql_1/codeql-kotlin.db/trap/java/classes/java/util/concurrent/atomic/AtomicReferenceArray.members/AtomicReferenceArray.members#65.0-1789983753036-kotlin.trap.gz" }
{ "origin": "CodeQL Kotlin extractor", "timestamp": "2026-09-27 14:18:09", "kind": "INFO", "message": "Will write TRAP file /Users/macbook/Octo/static_analysis_codeql_1/codeql-kotlin.db/trap/java/classes/com/fasterxml/jackson/core/util/RecyclerPool$WithPool.members/RecyclerPool$WithPool.members#52.0-1752860368000-kotlin.trap.gz" }
{ "origin": "CodeQL Kotlin extractor", "timestamp": "2026-09-27 14:18:09", "kind": "INFO", "message": "Finished writing TRAP file /Users/macbook/Octo/static_analysis_codeql_1/codeql-kotlin.db/trap/java/classes/com/fasterxml/jackson/core/util/RecyclerPool$WithPool.members/RecyclerPool$WithPool.members#52.0-1752860368000-kotlin.trap.gz" }
{ "origin": "CodeQL Kotlin extractor", "timestamp": "2026-09-27 14:18:09", "kind": "INFO", "message": "Will write TRAP file /Users/macbook/Octo/static_analysis_codeql_1/codeql-kotlin.db/trap/java/classes/com/fasterxml/jackson/core/util/RecyclerPool$ThreadLocalPoolBase.members/RecyclerPool$ThreadLocalPoolBase.members#52.0-1752860368000-kotlin.trap.gz" }
{ "origin": "CodeQL Kotlin extractor", "timestamp": "2026-09-27 14:18:09", "kind": "INFO", "message": "Finished writing TRAP file /Users/macbook/Octo/static_analysis_codeql_1/codeql-kotlin.db/trap/java/classes/com/fasterxml/jackson/core/util/RecyclerPool$ThreadLocalPoolBase.members/RecyclerPool$ThreadLocalPoolBase.members#52.0-1752860368000-kotlin.trap.gz" }
{ "origin": "CodeQL Kotlin extractor", "timestamp": "2026-09-27 14:18:09", "kind": "INFO", "message": "Will write TRAP file /Users/macbook/Octo/static_analysis_codeql_1/codeql-kotlin.db/trap/java/classes/com/fasterxml/jackson/core/util/RecyclerPool$ConcurrentDequePoolBase.members/RecyclerPool$ConcurrentDequePoolBase.members#52.0-1752860368000-kotlin.trap.gz" }
{ "origin": "CodeQL Kotlin extractor", "timestamp": "2026-09-27 14:18:09", "kind": "INFO", "message": "Finished writing TRAP file /Users/macbook/Octo/static_analysis_codeql_1/codeql-kotlin.db/trap/java/classes/com/fasterxml/jackson/core/util/RecyclerPool$ConcurrentDequePoolBase.members/RecyclerPool$ConcurrentDequePoolBase.members#52.0-1752860368000-kotlin.trap.gz" }
{ "origin": "CodeQL Kotlin extractor", "timestamp": "2026-09-27 14:18:09", "kind": "INFO", "message": "Will write TRAP file /Users/macbook/Octo/static_analysis_codeql_1/codeql-kotlin.db/trap/java/classes/com/fasterxml/jackson/core/util/RecyclerPool$BoundedPoolBase.members/RecyclerPool$BoundedPoolBase.members#52.0-1752860368000-kotlin.trap.gz" }
{ "origin": "CodeQL Kotlin extractor", "timestamp": "2026-09-27 14:18:09", "kind": "INFO", "message": "Finished writing TRAP file /Users/macbook/Octo/static_analysis_codeql_1/codeql-kotlin.db/trap/java/classes/com/fasterxml/jackson/core/util/RecyclerPool$BoundedPoolBase.members/RecyclerPool$BoundedPoolBase.members#52.0-1752860368000-kotlin.trap.gz" }
{ "origin": "CodeQL Kotlin extractor", "timestamp": "2026-09-27 14:18:09", "kind": "INFO", "message": "Will write TRAP file /Users/macbook/Octo/static_analysis_codeql_1/codeql-kotlin.db/trap/java/classes/com/fasterxml/jackson/core/util/RecyclerPool$StatefulImplBase.members/RecyclerPool$StatefulImplBase.members#52.0-1752860368000-kotlin.trap.gz" }
{ "origin": "CodeQL Kotlin extractor", "timestamp": "2026-09-27 14:18:09", "kind": "INFO", "message": "Finished writing TRAP file /Users/macbook/Octo/static_analysis_codeql_1/codeql-kotlin.db/trap/java/classes/com/fasterxml/jackson/core/util/RecyclerPool$StatefulImplBase.members/RecyclerPool$StatefulImplBase.members#52.0-1752860368000-kotlin.trap.gz" }
{ "origin": "CodeQL Kotlin extractor", "timestamp": "2026-09-27 14:18:09", "kind": "INFO", "message": "Will write TRAP file /Users/macbook/Octo/static_analysis_codeql_1/codeql-kotlin.db/trap/java/classes/com/fasterxml/jackson/core/util/RecyclerPool$LockFreePoolBase.members/RecyclerPool$LockFreePoolBase.members#52.0-1752860368000-kotlin.trap.gz" }
{ "origin": "CodeQL Kotlin extractor", "timestamp": "2026-09-27 14:18:09", "kind": "INFO", "message": "Finished writing TRAP file /Users/macbook/Octo/static_analysis_codeql_1/codeql-kotlin.db/trap/java/classes/com/fasterxml/jackson/core/util/RecyclerPool$LockFreePoolBase.members/RecyclerPool$LockFreePoolBase.members#52.0-1752860368000-kotlin.trap.gz" }
{ "origin": "CodeQL Kotlin extractor", "timestamp": "2026-09-27 14:18:09", "kind": "INFO", "message": "Will write TRAP file /Users/macbook/Octo/static_analysis_codeql_1/codeql-kotlin.db/trap/java/classes/com/fasterxml/jackson/core/util/RecyclerPool$NonRecyclingPoolBase.members/RecyclerPool$NonRecyclingPoolBase.members#52.0-1752860368000-kotlin.trap.gz" }
{ "origin": "CodeQL Kotlin extractor", "timestamp": "2026-09-27 14:18:09", "kind": "INFO", "message": "Finished writing TRAP file /Users/macbook/Octo/static_analysis_codeql_1/codeql-kotlin.db/trap/java/classes/com/fasterxml/jackson/core/util/RecyclerPool$NonRecyclingPoolBase.members/RecyclerPool$NonRecyclingPoolBase.members#52.0-1752860368000-kotlin.trap.gz" }
{ "origin": "CodeQL Kotlin extractor", "timestamp": "2026-09-27 14:18:09", "kind": "INFO", "message": "Will write TRAP file /Users/macbook/Octo/static_analysis_codeql_1/codeql-kotlin.db/trap/java/classes/com/fasterxml/jackson/core/StreamReadConstraints$Builder.members/StreamReadConstraints$Builder.members#52.0-1752860368000-kotlin.trap.gz" }
{ "origin": "CodeQL Kotlin extractor", "timestamp": "2026-09-27 14:18:09", "kind": "INFO", "message": "Finished writing TRAP file /Users/macbook/Octo/static_analysis_codeql_1/codeql-kotlin.db/trap/java/classes/com/fasterxml/jackson/core/StreamReadConstraints$Builder.members/StreamReadConstraints$Builder.members#52.0-1752860368000-kotlin.trap.gz" }
{ "origin": "CodeQL Kotlin extractor", "timestamp": "2026-09-27 14:18:09", "kind": "INFO", "message": "Will write TRAP file /Users/macbook/Octo/static_analysis_codeql_1/codeql-kotlin.db/trap/java/classes/com/fasterxml/jackson/core/exc/StreamConstraintsException.members/StreamConstraintsException.members#52.0-1752860368000-kotlin.trap.gz" }
{ "origin": "CodeQL Kotlin extractor", "timestamp": "2026-09-27 14:18:09", "kind": "INFO", "message": "Finished writing TRAP file /Users/macbook/Octo/static_analysis_codeql_1/codeql-kotlin.db/trap/java/classes/com/fasterxml/jackson/core/exc/StreamConstraintsException.members/StreamConstraintsException.members#52.0-1752860368000-kotlin.trap.gz" }
{ "origin": "CodeQL Kotlin extractor", "timestamp": "2026-09-27 14:18:09", "kind": "INFO", "message": "Will write TRAP file /Users/macbook/Octo/static_analysis_codeql_1/codeql-kotlin.db/trap/java/classes/com/fasterxml/jackson/core/ErrorReportConfiguration$Builder.members/ErrorReportConfiguration$Builder.members#52.0-1752860368000-kotlin.trap.gz" }
{ "origin": "CodeQL Kotlin extractor", "timestamp": "2026-09-27 14:18:09", "kind": "INFO", "message": "Finished writing TRAP file /Users/macbook/Octo/static_analysis_codeql_1/codeql-kotlin.db/trap/java/classes/com/fasterxml/jackson/core/ErrorReportConfiguration$Builder.members/ErrorReportConfiguration$Builder.members#52.0-1752860368000-kotlin.trap.gz" }
{ "origin": "CodeQL Kotlin extractor", "timestamp": "2026-09-27 14:18:09", "kind": "INFO", "message": "Will write TRAP file /Users/macbook/Octo/static_analysis_codeql_1/codeql-kotlin.db/trap/java/classes/com/fasterxml/jackson/core/StreamWriteConstraints$Builder.members/StreamWriteConstraints$Builder.members#52.0-1752860368000-kotlin.trap.gz" }
{ "origin": "CodeQL Kotlin extractor", "timestamp": "2026-09-27 14:18:09", "kind": "INFO", "message": "Finished writing TRAP file /Users/macbook/Octo/static_analysis_codeql_1/codeql-kotlin.db/trap/java/classes/com/fasterxml/jackson/core/StreamWriteConstraints$Builder.members/StreamWriteConstraints$Builder.members#52.0-1752860368000-kotlin.trap.gz" }
{ "origin": "CodeQL Kotlin extractor", "timestamp": "2026-09-27 14:18:09", "kind": "INFO", "message": "Skipping extracting external decl ByteBuffer" }
{ "origin": "CodeQL Kotlin extractor", "timestamp": "2026-09-27 14:18:09", "kind": "INFO", "message": "Will write TRAP file /Users/macbook/Octo/static_analysis_codeql_1/codeql-kotlin.db/trap/java/classes/com/fasterxml/jackson/core/format/InputAccessor$Std.members/InputAccessor$Std.members#52.0-1752860368000-kotlin.trap.gz" }
{ "origin": "CodeQL Kotlin extractor", "timestamp": "2026-09-27 14:18:09", "kind": "INFO", "message": "Finished writing TRAP file /Users/macbook/Octo/static_analysis_codeql_1/codeql-kotlin.db/trap/java/classes/com/fasterxml/jackson/core/format/InputAccessor$Std.members/InputAccessor$Std.members#52.0-1752860368000-kotlin.trap.gz" }
{ "origin": "CodeQL Kotlin extractor", "timestamp": "2026-09-27 14:18:09", "kind": "INFO", "message": "Will write TRAP file /Users/macbook/Octo/static_analysis_codeql_1/codeql-kotlin.db/trap/java/classes/com/fasterxml/jackson/core/util/TextBuffer.members/TextBuffer.members#52.0-1752860368000-kotlin.trap.gz" }
{ "origin": "CodeQL Kotlin extractor", "timestamp": "2026-09-27 14:18:09", "kind": "INFO", "message": "Finished writing TRAP file /Users/macbook/Octo/static_analysis_codeql_1/codeql-kotlin.db/trap/java/classes/com/fasterxml/jackson/core/util/TextBuffer.members/TextBuffer.members#52.0-1752860368000-kotlin.trap.gz" }
{ "origin": "CodeQL Kotlin extractor", "timestamp": "2026-09-27 14:18:09", "kind": "INFO", "message": "Skipping extracting external decl CharSequence" }
{ "origin": "CodeQL Kotlin extractor", "timestamp": "2026-09-27 14:18:09", "kind": "INFO", "message": "Skipping extracting external decl CharSequence" }
{ "origin": "CodeQL Kotlin extractor", "timestamp": "2026-09-27 14:18:09", "kind": "INFO", "message": "Will write TRAP file /Users/macbook/Octo/static_analysis_codeql_1/codeql-kotlin.db/trap/java/classes/com/fasterxml/jackson/databind/ser/impl/ObjectIdWriter.members/ObjectIdWriter.members#52.0-1752886142000-kotlin.trap.gz" }
{ "origin": "CodeQL Kotlin extractor", "timestamp": "2026-09-27 14:18:09", "kind": "INFO", "message": "Finished writing TRAP file /Users/macbook/Octo/static_analysis_codeql_1/codeql-kotlin.db/trap/java/classes/com/fasterxml/jackson/databind/ser/impl/ObjectIdWriter.members/ObjectIdWriter.members#52.0-1752886142000-kotlin.trap.gz" }
{ "origin": "CodeQL Kotlin extractor", "timestamp": "2026-09-27 14:18:09", "kind": "INFO", "message": "Will write TRAP file /Users/macbook/Octo/static_analysis_codeql_1/codeql-kotlin.db/trap/java/classes/java/util/ArrayList$ArrayListSpliterator.members/ArrayList$ArrayListSpliterator.members#65.0-1789983753036-kotlin.trap.gz" }
{ "origin": "CodeQL Kotlin extractor", "timestamp": "2026-09-27 14:18:09", "kind": "INFO", "message": "Finished writing TRAP file /Users/macbook/Octo/static_analysis_codeql_1/codeql-kotlin.db/trap/java/classes/java/util/ArrayList$ArrayListSpliterator.members/ArrayList$ArrayListSpliterator.members#65.0-1789983753036-kotlin.trap.gz" }
{ "origin": "CodeQL Kotlin extractor", "timestamp": "2026-09-27 14:18:09", "kind": "INFO", "message": "Skipping extracting external decl Collection" }
{ "origin": "CodeQL Kotlin extractor", "timestamp": "2026-09-27 14:18:09", "kind": "INFO", "message": "Skipping extracting external decl ListIterator" }
{ "origin": "CodeQL Kotlin extractor", "timestamp": "2026-09-27 14:18:09", "kind": "INFO", "message": "Skipping extracting external decl MutableListIterator" }
{ "origin": "CodeQL Kotlin extractor", "timestamp": "2026-09-27 14:18:09", "kind": "INFO", "message": "Skipping extracting external decl UnaryOperator" }
{ "origin": "CodeQL Kotlin extractor", "timestamp": "2026-09-27 14:18:09", "kind": "INFO", "message": "Skipping extracting external decl Function" }
{ "origin": "CodeQL Kotlin extractor", "timestamp": "2026-09-27 14:18:09", "kind": "INFO", "message": "Skipping extracting external decl IntFunction" }
{ "origin": "CodeQL Kotlin extractor", "timestamp": "2026-09-27 14:18:09", "kind": "INFO", "message": "Will write TRAP file /Users/macbook/Octo/static_analysis_codeql_1/codeql-kotlin.db/trap/java/classes/java/util/AbstractList$RandomAccessSpliterator.members/AbstractList$RandomAccessSpliterator.members#65.0-1789983753036-kotlin.trap.gz" }
{ "origin": "CodeQL Kotlin extractor", "timestamp": "2026-09-27 14:18:09", "kind": "INFO", "message": "Finished writing TRAP file /Users/macbook/Octo/static_analysis_codeql_1/codeql-kotlin.db/trap/java/classes/java/util/AbstractList$RandomAccessSpliterator.members/AbstractList$RandomAccessSpliterator.members#65.0-1789983753036-kotlin.trap.gz" }
{ "origin": "CodeQL Kotlin extractor", "timestamp": "2026-09-27 14:18:09", "kind": "INFO", "message": "Will write TRAP file /Users/macbook/Octo/static_analysis_codeql_1/codeql-kotlin.db/trap/java/classes/com/fasterxml/jackson/databind/JsonSerializer$None.members/JsonSerializer$None.members#52.0-1752886142000-kotlin.trap.gz" }
{ "origin": "CodeQL Kotlin extractor", "timestamp": "2026-09-27 14:18:09", "kind": "INFO", "message": "Finished writing TRAP file /Users/macbook/Octo/static_analysis_codeql_1/codeql-kotlin.db/trap/java/classes/com/fasterxml/jackson/databind/JsonSerializer$None.members/JsonSerializer$None.members#52.0-1752886142000-kotlin.trap.gz" }
{ "origin": "CodeQL Kotlin extractor", "timestamp": "2026-09-27 14:18:09", "kind": "INFO", "message": "Will write TRAP file /Users/macbook/Octo/static_analysis_codeql_1/codeql-kotlin.db/trap/java/classes/com/fasterxml/jackson/databind/ser/PropertyWriter.members/PropertyWriter.members#52.0-1752886142000-kotlin.trap.gz" }
{ "origin": "CodeQL Kotlin extractor", "timestamp": "2026-09-27 14:18:09", "kind": "INFO", "message": "Finished writing TRAP file /Users/macbook/Octo/static_analysis_codeql_1/codeql-kotlin.db/trap/java/classes/com/fasterxml/jackson/databind/ser/PropertyWriter.members/PropertyWriter.members#52.0-1752886142000-kotlin.trap.gz" }
{ "origin": "CodeQL Kotlin extractor", "timestamp": "2026-09-27 14:18:09", "kind": "INFO", "message": "Will write TRAP file /Users/macbook/Octo/static_analysis_codeql_1/codeql-kotlin.db/trap/java/classes/com/fasterxml/jackson/databind/PropertyMetadata.members/PropertyMetadata.members#52.0-1752886142000-kotlin.trap.gz" }
{ "origin": "CodeQL Kotlin extractor", "timestamp": "2026-09-27 14:18:09", "kind": "INFO", "message": "Finished writing TRAP file /Users/macbook/Octo/static_analysis_codeql_1/codeql-kotlin.db/trap/java/classes/com/fasterxml/jackson/databind/PropertyMetadata.members/PropertyMetadata.members#52.0-1752886142000-kotlin.trap.gz" }
{ "origin": "CodeQL Kotlin extractor", "timestamp": "2026-09-27 14:18:09", "kind": "INFO", "message": "Will write TRAP file /Users/macbook/Octo/static_analysis_codeql_1/codeql-kotlin.db/trap/java/classes/com/fasterxml/jackson/databind/util/Named.members/Named.members#52.0-1752886142000-kotlin.trap.gz" }
{ "origin": "CodeQL Kotlin extractor", "timestamp": "2026-09-27 14:18:09", "kind": "INFO", "message": "Finished writing TRAP file /Users/macbook/Octo/static_analysis_codeql_1/codeql-kotlin.db/trap/java/classes/com/fasterxml/jackson/databind/util/Named.members/Named.members#52.0-1752886142000-kotlin.trap.gz" }
{ "origin": "CodeQL Kotlin extractor", "timestamp": "2026-09-27 14:18:09", "kind": "INFO", "message": "Will write TRAP file /Users/macbook/Octo/static_analysis_codeql_1/codeql-kotlin.db/trap/java/classes/com/fasterxml/jackson/databind/deser/impl/ReadableObjectId$Referring.members/ReadableObjectId$Referring.members#52.0-1752886142000-kotlin.trap.gz" }
{ "origin": "CodeQL Kotlin extractor", "timestamp": "2026-09-27 14:18:09", "kind": "INFO", "message": "Finished writing TRAP file /Users/macbook/Octo/static_analysis_codeql_1/codeql-kotlin.db/trap/java/classes/com/fasterxml/jackson/databind/deser/impl/ReadableObjectId$Referring.members/ReadableObjectId$Referring.members#52.0-1752886142000-kotlin.trap.gz" }
{ "origin": "CodeQL Kotlin extractor", "timestamp": "2026-09-27 14:18:09", "kind": "INFO", "message": "Will write TRAP file /Users/macbook/Octo/static_analysis_codeql_1/codeql-kotlin.db/trap/java/classes/java/util/LinkedList.members/LinkedList.members#65.0-1789983753036-kotlin.trap.gz" }
{ "origin": "CodeQL Kotlin extractor", "timestamp": "2026-09-27 14:18:09", "kind": "INFO", "message": "Finished writing TRAP file /Users/macbook/Octo/static_analysis_codeql_1/codeql-kotlin.db/trap/java/classes/java/util/LinkedList.members/LinkedList.members#65.0-1789983753036-kotlin.trap.gz" }
{ "origin": "CodeQL Kotlin extractor", "timestamp": "2026-09-27 14:18:09", "kind": "INFO", "message": "Will write TRAP file /Users/macbook/Octo/static_analysis_codeql_1/codeql-kotlin.db/trap/java/classes/java/util/AbstractSequentialList.members/AbstractSequentialList.members#65.0-1789983753036-kotlin.trap.gz" }
{ "origin": "CodeQL Kotlin extractor", "timestamp": "2026-09-27 14:18:09", "kind": "INFO", "message": "Finished writing TRAP file /Users/macbook/Octo/static_analysis_codeql_1/codeql-kotlin.db/trap/java/classes/java/util/AbstractSequentialList.members/AbstractSequentialList.members#65.0-1789983753036-kotlin.trap.gz" }
{ "origin": "CodeQL Kotlin extractor", "timestamp": "2026-09-27 14:18:09", "kind": "INFO", "message": "Will write TRAP file /Users/macbook/Octo/static_analysis_codeql_1/codeql-kotlin.db/trap/java/classes/java/util/Deque.members/Deque.members#65.0-1789983753036-kotlin.trap.gz" }
{ "origin": "CodeQL Kotlin extractor", "timestamp": "2026-09-27 14:18:09", "kind": "INFO", "message": "Finished writing TRAP file /Users/macbook/Octo/static_analysis_codeql_1/codeql-kotlin.db/trap/java/classes/java/util/Deque.members/Deque.members#65.0-1789983753036-kotlin.trap.gz" }
{ "origin": "CodeQL Kotlin extractor", "timestamp": "2026-09-27 14:18:09", "kind": "INFO", "message": "Skipping extracting external decl Queue" }
{ "origin": "CodeQL Kotlin extractor", "timestamp": "2026-09-27 14:18:09", "kind": "INFO", "message": "Will write TRAP file /Users/macbook/Octo/static_analysis_codeql_1/codeql-kotlin.db/trap/java/classes/com/fasterxml/jackson/databind/KeyDeserializer$None.members/KeyDeserializer$None.members#52.0-1752886142000-kotlin.trap.gz" }
{ "origin": "CodeQL Kotlin extractor", "timestamp": "2026-09-27 14:18:09", "kind": "INFO", "message": "Finished writing TRAP file /Users/macbook/Octo/static_analysis_codeql_1/codeql-kotlin.db/trap/java/classes/com/fasterxml/jackson/databind/KeyDeserializer$None.members/KeyDeserializer$None.members#52.0-1752886142000-kotlin.trap.gz" }
{ "origin": "CodeQL Kotlin extractor", "timestamp": "2026-09-27 14:18:09", "kind": "INFO", "message": "Will write TRAP file /Users/macbook/Octo/static_analysis_codeql_1/codeql-kotlin.db/trap/java/classes/com/fasterxml/jackson/databind/util/ArrayBuilders$BooleanBuilder.members/ArrayBuilders$BooleanBuilder.members#52.0-1752886142000-kotlin.trap.gz" }
{ "origin": "CodeQL Kotlin extractor", "timestamp": "2026-09-27 14:18:09", "kind": "INFO", "message": "Finished writing TRAP file /Users/macbook/Octo/static_analysis_codeql_1/codeql-kotlin.db/trap/java/classes/com/fasterxml/jackson/databind/util/ArrayBuilders$BooleanBuilder.members/ArrayBuilders$BooleanBuilder.members#52.0-1752886142000-kotlin.trap.gz" }
{ "origin": "CodeQL Kotlin extractor", "timestamp": "2026-09-27 14:18:09", "kind": "INFO", "message": "Will write TRAP file /Users/macbook/Octo/static_analysis_codeql_1/codeql-kotlin.db/trap/java/classes/com/fasterxml/jackson/databind/util/ArrayBuilders$ShortBuilder.members/ArrayBuilders$ShortBuilder.members#52.0-1752886142000-kotlin.trap.gz" }
{ "origin": "CodeQL Kotlin extractor", "timestamp": "2026-09-27 14:18:09", "kind": "INFO", "message": "Finished writing TRAP file /Users/macbook/Octo/static_analysis_codeql_1/codeql-kotlin.db/trap/java/classes/com/fasterxml/jackson/databind/util/ArrayBuilders$ShortBuilder.members/ArrayBuilders$ShortBuilder.members#52.0-1752886142000-kotlin.trap.gz" }
{ "origin": "CodeQL Kotlin extractor", "timestamp": "2026-09-27 14:18:09", "kind": "INFO", "message": "Will write TRAP file /Users/macbook/Octo/static_analysis_codeql_1/codeql-kotlin.db/trap/java/classes/com/fasterxml/jackson/databind/util/ArrayBuilders$FloatBuilder.members/ArrayBuilders$FloatBuilder.members#52.0-1752886142000-kotlin.trap.gz" }
{ "origin": "CodeQL Kotlin extractor", "timestamp": "2026-09-27 14:18:09", "kind": "INFO", "message": "Finished writing TRAP file /Users/macbook/Octo/static_analysis_codeql_1/codeql-kotlin.db/trap/java/classes/com/fasterxml/jackson/databind/util/ArrayBuilders$FloatBuilder.members/ArrayBuilders$FloatBuilder.members#52.0-1752886142000-kotlin.trap.gz" }
{ "origin": "CodeQL Kotlin extractor", "timestamp": "2026-09-27 14:18:09", "kind": "INFO", "message": "Will write TRAP file /Users/macbook/Octo/static_analysis_codeql_1/codeql-kotlin.db/trap/java/classes/com/fasterxml/jackson/databind/util/ArrayBuilders$IntBuilder.members/ArrayBuilders$IntBuilder.members#52.0-1752886142000-kotlin.trap.gz" }
{ "origin": "CodeQL Kotlin extractor", "timestamp": "2026-09-27 14:18:09", "kind": "INFO", "message": "Finished writing TRAP file /Users/macbook/Octo/static_analysis_codeql_1/codeql-kotlin.db/trap/java/classes/com/fasterxml/jackson/databind/util/ArrayBuilders$IntBuilder.members/ArrayBuilders$IntBuilder.members#52.0-1752886142000-kotlin.trap.gz" }
{ "origin": "CodeQL Kotlin extractor", "timestamp": "2026-09-27 14:18:09", "kind": "INFO", "message": "Will write TRAP file /Users/macbook/Octo/static_analysis_codeql_1/codeql-kotlin.db/trap/java/classes/com/fasterxml/jackson/databind/util/ArrayBuilders$ByteBuilder.members/ArrayBuilders$ByteBuilder.members#52.0-1752886142000-kotlin.trap.gz" }
{ "origin": "CodeQL Kotlin extractor", "timestamp": "2026-09-27 14:18:09", "kind": "INFO", "message": "Finished writing TRAP file /Users/macbook/Octo/static_analysis_codeql_1/codeql-kotlin.db/trap/java/classes/com/fasterxml/jackson/databind/util/ArrayBuilders$ByteBuilder.members/ArrayBuilders$ByteBuilder.members#52.0-1752886142000-kotlin.trap.gz" }
{ "origin": "CodeQL Kotlin extractor", "timestamp": "2026-09-27 14:18:09", "kind": "INFO", "message": "Will write TRAP file /Users/macbook/Octo/static_analysis_codeql_1/codeql-kotlin.db/trap/java/classes/com/fasterxml/jackson/databind/util/ArrayBuilders$DoubleBuilder.members/ArrayBuilders$DoubleBuilder.members#52.0-1752886142000-kotlin.trap.gz" }
{ "origin": "CodeQL Kotlin extractor", "timestamp": "2026-09-27 14:18:09", "kind": "INFO", "message": "Finished writing TRAP file /Users/macbook/Octo/static_analysis_codeql_1/codeql-kotlin.db/trap/java/classes/com/fasterxml/jackson/databind/util/ArrayBuilders$DoubleBuilder.members/ArrayBuilders$DoubleBuilder.members#52.0-1752886142000-kotlin.trap.gz" }
{ "origin": "CodeQL Kotlin extractor", "timestamp": "2026-09-27 14:18:09", "kind": "INFO", "message": "Will write TRAP file /Users/macbook/Octo/static_analysis_codeql_1/codeql-kotlin.db/trap/java/classes/com/fasterxml/jackson/databind/util/ArrayBuilders$LongBuilder.members/ArrayBuilders$LongBuilder.members#52.0-1752886142000-kotlin.trap.gz" }
{ "origin": "CodeQL Kotlin extractor", "timestamp": "2026-09-27 14:18:09", "kind": "INFO", "message": "Finished writing TRAP file /Users/macbook/Octo/static_analysis_codeql_1/codeql-kotlin.db/trap/java/classes/com/fasterxml/jackson/databind/util/ArrayBuilders$LongBuilder.members/ArrayBuilders$LongBuilder.members#52.0-1752886142000-kotlin.trap.gz" }
{ "origin": "CodeQL Kotlin extractor", "timestamp": "2026-09-27 14:18:09", "kind": "INFO", "message": "Will write TRAP file /Users/macbook/Octo/static_analysis_codeql_1/codeql-kotlin.db/trap/java/classes/com/fasterxml/jackson/databind/type/TypeParser$MyTokenizer.members/TypeParser$MyTokenizer.members#52.0-1752886142000-kotlin.trap.gz" }
{ "origin": "CodeQL Kotlin extractor", "timestamp": "2026-09-27 14:18:09", "kind": "INFO", "message": "Finished writing TRAP file /Users/macbook/Octo/static_analysis_codeql_1/codeql-kotlin.db/trap/java/classes/com/fasterxml/jackson/databind/type/TypeParser$MyTokenizer.members/TypeParser$MyTokenizer.members#52.0-1752886142000-kotlin.trap.gz" }
{ "origin": "CodeQL Kotlin extractor", "timestamp": "2026-09-27 14:18:09", "kind": "INFO", "message": "Skipping extracting external decl IllegalArgumentException" }
{ "origin": "CodeQL Kotlin extractor", "timestamp": "2026-09-27 14:18:09", "kind": "INFO", "message": "Will write TRAP file /Users/macbook/Octo/static_analysis_codeql_1/codeql-kotlin.db/trap/java/classes/com/fasterxml/jackson/databind/util/internal/PrivateMaxEntriesMap.members/PrivateMaxEntriesMap.members#52.0-1752886142000-kotlin.trap.gz" }
{ "origin": "CodeQL Kotlin extractor", "timestamp": "2026-09-27 14:18:09", "kind": "INFO", "message": "Finished writing TRAP file /Users/macbook/Octo/static_analysis_codeql_1/codeql-kotlin.db/trap/java/classes/com/fasterxml/jackson/databind/util/internal/PrivateMaxEntriesMap.members/PrivateMaxEntriesMap.members#52.0-1752886142000-kotlin.trap.gz" }
{ "origin": "CodeQL Kotlin extractor", "timestamp": "2026-09-27 14:18:09", "kind": "INFO", "message": "Will write TRAP file /Users/macbook/Octo/static_analysis_codeql_1/codeql-kotlin.db/trap/java/classes/com/fasterxml/jackson/databind/type/TypeBindings$AsKey.members/TypeBindings$AsKey.members#52.0-1752886142000-kotlin.trap.gz" }
{ "origin": "CodeQL Kotlin extractor", "timestamp": "2026-09-27 14:18:09", "kind": "INFO", "message": "Finished writing TRAP file /Users/macbook/Octo/static_analysis_codeql_1/codeql-kotlin.db/trap/java/classes/com/fasterxml/jackson/databind/type/TypeBindings$AsKey.members/TypeBindings$AsKey.members#52.0-1752886142000-kotlin.trap.gz" }
{ "origin": "CodeQL Kotlin extractor", "timestamp": "2026-09-27 14:18:09", "kind": "INFO", "message": "Will write TRAP file /Users/macbook/Octo/static_analysis_codeql_1/codeql-kotlin.db/trap/java/classes/com/fasterxml/jackson/databind/type/TypeBindings$TypeParamStash.members/TypeBindings$TypeParamStash.members#52.0-1752886142000-kotlin.trap.gz" }
{ "origin": "CodeQL Kotlin extractor", "timestamp": "2026-09-27 14:18:09", "kind": "INFO", "message": "Finished writing TRAP file /Users/macbook/Octo/static_analysis_codeql_1/codeql-kotlin.db/trap/java/classes/com/fasterxml/jackson/databind/type/TypeBindings$TypeParamStash.members/TypeBindings$TypeParamStash.members#52.0-1752886142000-kotlin.trap.gz" }
{ "origin": "CodeQL Kotlin extractor", "timestamp": "2026-09-27 14:18:09", "kind": "INFO", "message": "Will write TRAP file /Users/macbook/Octo/static_analysis_codeql_1/codeql-kotlin.db/trap/java/classes/com/fasterxml/jackson/databind/type/TypeBase.members/TypeBase.members#52.0-1752886142000-kotlin.trap.gz" }
{ "origin": "CodeQL Kotlin extractor", "timestamp": "2026-09-27 14:18:09", "kind": "INFO", "message": "Finished writing TRAP file /Users/macbook/Octo/static_analysis_codeql_1/codeql-kotlin.db/trap/java/classes/com/fasterxml/jackson/databind/type/TypeBase.members/TypeBase.members#52.0-1752886142000-kotlin.trap.gz" }
{ "origin": "CodeQL Kotlin extractor", "timestamp": "2026-09-27 14:18:09", "kind": "INFO", "message": "Will write TRAP file /Users/macbook/Octo/static_analysis_codeql_1/codeql-kotlin.db/trap/java/classes/com/fasterxml/jackson/databind/type/ResolvedRecursiveType.members/ResolvedRecursiveType.members#52.0-1752886142000-kotlin.trap.gz" }
{ "origin": "CodeQL Kotlin extractor", "timestamp": "2026-09-27 14:18:09", "kind": "INFO", "message": "Finished writing TRAP file /Users/macbook/Octo/static_analysis_codeql_1/codeql-kotlin.db/trap/java/classes/com/fasterxml/jackson/databind/type/ResolvedRecursiveType.members/ResolvedRecursiveType.members#52.0-1752886142000-kotlin.trap.gz" }
{ "origin": "CodeQL Kotlin extractor", "timestamp": "2026-09-27 14:18:09", "kind": "INFO", "message": "Will write TRAP file /Users/macbook/Octo/static_analysis_codeql_1/codeql-kotlin.db/trap/java/classes/com/fasterxml/jackson/databind/BeanProperty$Bogus.members/BeanProperty$Bogus.members#52.0-1752886142000-kotlin.trap.gz" }
{ "origin": "CodeQL Kotlin extractor", "timestamp": "2026-09-27 14:18:09", "kind": "INFO", "message": "Finished writing TRAP file /Users/macbook/Octo/static_analysis_codeql_1/codeql-kotlin.db/trap/java/classes/com/fasterxml/jackson/databind/BeanProperty$Bogus.members/BeanProperty$Bogus.members#52.0-1752886142000-kotlin.trap.gz" }
{ "origin": "CodeQL Kotlin extractor", "timestamp": "2026-09-27 14:18:09", "kind": "INFO", "message": "Will write TRAP file /Users/macbook/Octo/static_analysis_codeql_1/codeql-kotlin.db/trap/java/classes/com/fasterxml/jackson/databind/BeanProperty$Std.members/BeanProperty$Std.members#52.0-1752886142000-kotlin.trap.gz" }
{ "origin": "CodeQL Kotlin extractor", "timestamp": "2026-09-27 14:18:09", "kind": "INFO", "message": "Finished writing TRAP file /Users/macbook/Octo/static_analysis_codeql_1/codeql-kotlin.db/trap/java/classes/com/fasterxml/jackson/databind/BeanProperty$Std.members/BeanProperty$Std.members#52.0-1752886142000-kotlin.trap.gz" }
{ "origin": "CodeQL Kotlin extractor", "timestamp": "2026-09-27 14:18:09", "kind": "INFO", "message": "Will write TRAP file /Users/macbook/Octo/static_analysis_codeql_1/codeql-kotlin.db/trap/java/classes/com/fasterxml/jackson/databind/introspect/TypeResolutionContext.members/TypeResolutionContext.members#52.0-1752886142000-kotlin.trap.gz" }
{ "origin": "CodeQL Kotlin extractor", "timestamp": "2026-09-27 14:18:09", "kind": "INFO", "message": "Finished writing TRAP file /Users/macbook/Octo/static_analysis_codeql_1/codeql-kotlin.db/trap/java/classes/com/fasterxml/jackson/databind/introspect/TypeResolutionContext.members/TypeResolutionContext.members#52.0-1752886142000-kotlin.trap.gz" }
{ "origin": "CodeQL Kotlin extractor", "timestamp": "2026-09-27 14:18:09", "kind": "INFO", "message": "Will write TRAP file /Users/macbook/Octo/static_analysis_codeql_1/codeql-kotlin.db/trap/java/classes/com/fasterxml/jackson/databind/introspect/AnnotationMap.members/AnnotationMap.members#52.0-1752886142000-kotlin.trap.gz" }
{ "origin": "CodeQL Kotlin extractor", "timestamp": "2026-09-27 14:18:09", "kind": "INFO", "message": "Finished writing TRAP file /Users/macbook/Octo/static_analysis_codeql_1/codeql-kotlin.db/trap/java/classes/com/fasterxml/jackson/databind/introspect/AnnotationMap.members/AnnotationMap.members#52.0-1752886142000-kotlin.trap.gz" }
{ "origin": "CodeQL Kotlin extractor", "timestamp": "2026-09-27 14:18:09", "kind": "INFO", "message": "Will write TRAP file /Users/macbook/Octo/static_analysis_codeql_1/codeql-kotlin.db/trap/java/classes/com/fasterxml/jackson/databind/util/Annotations.members/Annotations.members#52.0-1752886142000-kotlin.trap.gz" }
{ "origin": "CodeQL Kotlin extractor", "timestamp": "2026-09-27 14:18:09", "kind": "INFO", "message": "Finished writing TRAP file /Users/macbook/Octo/static_analysis_codeql_1/codeql-kotlin.db/trap/java/classes/com/fasterxml/jackson/databind/util/Annotations.members/Annotations.members#52.0-1752886142000-kotlin.trap.gz" }
{ "origin": "CodeQL Kotlin extractor", "timestamp": "2026-09-27 14:18:09", "kind": "INFO", "message": "Will write TRAP file /Users/macbook/Octo/static_analysis_codeql_1/codeql-kotlin.db/trap/java/classes/com/fasterxml/jackson/databind/introspect/AnnotatedClass$Creators.members/AnnotatedClass$Creators.members#52.0-1752886142000-kotlin.trap.gz" }
{ "origin": "CodeQL Kotlin extractor", "timestamp": "2026-09-27 14:18:09", "kind": "INFO", "message": "Finished writing TRAP file /Users/macbook/Octo/static_analysis_codeql_1/codeql-kotlin.db/trap/java/classes/com/fasterxml/jackson/databind/introspect/AnnotatedClass$Creators.members/AnnotatedClass$Creators.members#52.0-1752886142000-kotlin.trap.gz" }
{ "origin": "CodeQL Kotlin extractor", "timestamp": "2026-09-27 14:18:09", "kind": "INFO", "message": "Will write TRAP file /Users/macbook/Octo/static_analysis_codeql_1/codeql-kotlin.db/trap/java/classes/com/fasterxml/jackson/databind/introspect/AnnotatedMethodMap.members/AnnotatedMethodMap.members#52.0-1752886142000-kotlin.trap.gz" }
{ "origin": "CodeQL Kotlin extractor", "timestamp": "2026-09-27 14:18:09", "kind": "INFO", "message": "Finished writing TRAP file /Users/macbook/Octo/static_analysis_codeql_1/codeql-kotlin.db/trap/java/classes/com/fasterxml/jackson/databind/introspect/AnnotatedMethodMap.members/AnnotatedMethodMap.members#52.0-1752886142000-kotlin.trap.gz" }
{ "origin": "CodeQL Kotlin extractor", "timestamp": "2026-09-27 14:18:09", "kind": "INFO", "message": "Will write TRAP file /Users/macbook/Octo/static_analysis_codeql_1/codeql-kotlin.db/trap/java/classes/com/fasterxml/jackson/databind/introspect/AnnotatedConstructor.members/AnnotatedConstructor.members#52.0-1752886142000-kotlin.trap.gz" }
{ "origin": "CodeQL Kotlin extractor", "timestamp": "2026-09-27 14:18:09", "kind": "INFO", "message": "Finished writing TRAP file /Users/macbook/Octo/static_analysis_codeql_1/codeql-kotlin.db/trap/java/classes/com/fasterxml/jackson/databind/introspect/AnnotatedConstructor.members/AnnotatedConstructor.members#52.0-1752886142000-kotlin.trap.gz" }
{ "origin": "CodeQL Kotlin extractor", "timestamp": "2026-09-27 14:18:09", "kind": "INFO", "message": "Will write TRAP file /Users/macbook/Octo/static_analysis_codeql_1/codeql-kotlin.db/trap/java/classes/com/fasterxml/jackson/databind/cfg/ConfigOverride$Empty.members/ConfigOverride$Empty.members#52.0-1752886142000-kotlin.trap.gz" }
{ "origin": "CodeQL Kotlin extractor", "timestamp": "2026-09-27 14:18:09", "kind": "INFO", "message": "Finished writing TRAP file /Users/macbook/Octo/static_analysis_codeql_1/codeql-kotlin.db/trap/java/classes/com/fasterxml/jackson/databind/cfg/ConfigOverride$Empty.members/ConfigOverride$Empty.members#52.0-1752886142000-kotlin.trap.gz" }
{ "origin": "CodeQL Kotlin extractor", "timestamp": "2026-09-27 14:18:09", "kind": "INFO", "message": "Will write TRAP file /Users/macbook/Octo/static_analysis_codeql_1/codeql-kotlin.db/trap/java/classes/com/fasterxml/jackson/annotation/JsonFormat.members/JsonFormat.members#50.0-1752885240000-kotlin.trap.gz" }
{ "origin": "CodeQL Kotlin extractor", "timestamp": "2026-09-27 14:18:09", "kind": "WARN", "message": "Diagnostic(com.github.codeql.KotlinFileExtractor.extractClassSource(KotlinFileExtractor.kt:972)): At <unknown location while processing /Users/macbook/Octo/modules/control-panel/src/main/kotlin/com/octo/controlpanel/judgment/OpenRouterDecisionsClient.kt>: Expected an annotation property to have a getter  ...while extracting a class source (JsonFormat) at file:///Users/macbook/.gradle/caches/modules-2/files-2.1/com.fasterxml.jackson.core/jackson-annotations/2.19.2/c5381f11988ae3d424b197a26087d86067b6d7d/jackson-annotations-2.19.2.jar!/com/fasterxml/jackson/annotation/JsonFormat.class\n" }
{ "origin": "CodeQL Kotlin extractor", "timestamp": "2026-09-27 14:18:09", "kind": "WARN", "message": "Diagnostic(com.github.codeql.KotlinFileExtractor.extractClassSource(KotlinFileExtractor.kt:972)): At <unknown location while processing /Users/macbook/Octo/modules/control-panel/src/main/kotlin/com/octo/controlpanel/judgment/OpenRouterDecisionsClient.kt>: Expected an annotation property to have a getter  ...while extracting a class source (JsonFormat) at file:///Users/macbook/.gradle/caches/modules-2/files-2.1/com.fasterxml.jackson.core/jackson-annotations/2.19.2/c5381f11988ae3d424b197a26087d86067b6d7d/jackson-annotations-2.19.2.jar!/com/fasterxml/jackson/annotation/JsonFormat.class\n" }
{ "origin": "CodeQL Kotlin extractor", "timestamp": "2026-09-27 14:18:09", "kind": "INFO", "message": "Finished writing TRAP file /Users/macbook/Octo/static_analysis_codeql_1/codeql-kotlin.db/trap/java/classes/com/fasterxml/jackson/annotation/JsonFormat.members/JsonFormat.members#50.0-1752885240000-kotlin.trap.gz" }
{ "origin": "CodeQL Kotlin extractor", "timestamp": "2026-09-27 14:18:09", "kind": "INFO", "message": "Will write TRAP file /Users/macbook/Octo/static_analysis_codeql_1/codeql-kotlin.db/trap/java/classes/com/fasterxml/jackson/annotation/JsonFormat$Shape.members/JsonFormat$Shape.members#50.0-1752885240000-kotlin.trap.gz" }
{ "origin": "CodeQL Kotlin extractor", "timestamp": "2026-09-27 14:18:09", "kind": "INFO", "message": "Finished writing TRAP file /Users/macbook/Octo/static_analysis_codeql_1/codeql-kotlin.db/trap/java/classes/com/fasterxml/jackson/annotation/JsonFormat$Shape.members/JsonFormat$Shape.members#50.0-1752885240000-kotlin.trap.gz" }
{ "origin": "CodeQL Kotlin extractor", "timestamp": "2026-09-27 14:18:09", "kind": "INFO", "message": "Will write TRAP file /Users/macbook/Octo/static_analysis_codeql_1/codeql-kotlin.db/trap/java/classes/com/fasterxml/jackson/annotation/JsonFormat$Features.members/JsonFormat$Features.members#50.0-1752885240000-kotlin.trap.gz" }
{ "origin": "CodeQL Kotlin extractor", "timestamp": "2026-09-27 14:18:09", "kind": "INFO", "message": "Finished writing TRAP file /Users/macbook/Octo/static_analysis_codeql_1/codeql-kotlin.db/trap/java/classes/com/fasterxml/jackson/annotation/JsonFormat$Features.members/JsonFormat$Features.members#50.0-1752885240000-kotlin.trap.gz" }
{ "origin": "CodeQL Kotlin extractor", "timestamp": "2026-09-27 14:18:09", "kind": "INFO", "message": "Will write TRAP file /Users/macbook/Octo/static_analysis_codeql_1/codeql-kotlin.db/trap/java/classes/com/fasterxml/jackson/annotation/JsonFormat$Feature.members/JsonFormat$Feature.members#50.0-1752885240000-kotlin.trap.gz" }
{ "origin": "CodeQL Kotlin extractor", "timestamp": "2026-09-27 14:18:09", "kind": "INFO", "message": "Finished writing TRAP file /Users/macbook/Octo/static_analysis_codeql_1/codeql-kotlin.db/trap/java/classes/com/fasterxml/jackson/annotation/JsonFormat$Feature.members/JsonFormat$Feature.members#50.0-1752885240000-kotlin.trap.gz" }
{ "origin": "CodeQL Kotlin extractor", "timestamp": "2026-09-27 14:18:09", "kind": "INFO", "message": "Will write TRAP file /Users/macbook/Octo/static_analysis_codeql_1/codeql-kotlin.db/trap/java/classes/com/fasterxml/jackson/databind/introspect/AnnotatedAndMetadata.members/AnnotatedAndMetadata.members#52.0-1752886142000-kotlin.trap.gz" }
{ "origin": "CodeQL Kotlin extractor", "timestamp": "2026-09-27 14:18:09", "kind": "INFO", "message": "Finished writing TRAP file /Users/macbook/Octo/static_analysis_codeql_1/codeql-kotlin.db/trap/java/classes/com/fasterxml/jackson/databind/introspect/AnnotatedAndMetadata.members/AnnotatedAndMetadata.members#52.0-1752886142000-kotlin.trap.gz" }
{ "origin": "CodeQL Kotlin extractor", "timestamp": "2026-09-27 14:18:09", "kind": "INFO", "message": "Will write TRAP file /Users/macbook/Octo/static_analysis_codeql_1/codeql-kotlin.db/trap/java/classes/com/fasterxml/jackson/databind/introspect/PotentialCreators.members/PotentialCreators.members#52.0-1752886142000-kotlin.trap.gz" }
{ "origin": "CodeQL Kotlin extractor", "timestamp": "2026-09-27 14:18:09", "kind": "INFO", "message": "Finished writing TRAP file /Users/macbook/Octo/static_analysis_codeql_1/codeql-kotlin.db/trap/java/classes/com/fasterxml/jackson/databind/introspect/PotentialCreators.members/PotentialCreators.members#52.0-1752886142000-kotlin.trap.gz" }
{ "origin": "CodeQL Kotlin extractor", "timestamp": "2026-09-27 14:18:09", "kind": "INFO", "message": "Will write TRAP file /Users/macbook/Octo/static_analysis_codeql_1/codeql-kotlin.db/trap/java/classes/com/fasterxml/jackson/annotation/JsonIgnoreProperties.members/JsonIgnoreProperties.members#50.0-1752885240000-kotlin.trap.gz" }
{ "origin": "CodeQL Kotlin extractor", "timestamp": "2026-09-27 14:18:09", "kind": "INFO", "message": "Finished writing TRAP file /Users/macbook/Octo/static_analysis_codeql_1/codeql-kotlin.db/trap/java/classes/com/fasterxml/jackson/annotation/JsonIgnoreProperties.members/JsonIgnoreProperties.members#50.0-1752885240000-kotlin.trap.gz" }
{ "origin": "CodeQL Kotlin extractor", "timestamp": "2026-09-27 14:18:09", "kind": "INFO", "message": "Will write TRAP file /Users/macbook/Octo/static_analysis_codeql_1/codeql-kotlin.db/trap/java/classes/com/fasterxml/jackson/annotation/JsonIncludeProperties.members/JsonIncludeProperties.members#50.0-1752885240000-kotlin.trap.gz" }
{ "origin": "CodeQL Kotlin extractor", "timestamp": "2026-09-27 14:18:09", "kind": "INFO", "message": "Finished writing TRAP file /Users/macbook/Octo/static_analysis_codeql_1/codeql-kotlin.db/trap/java/classes/com/fasterxml/jackson/annotation/JsonIncludeProperties.members/JsonIncludeProperties.members#50.0-1752885240000-kotlin.trap.gz" }
{ "origin": "CodeQL Kotlin extractor", "timestamp": "2026-09-27 14:18:09", "kind": "INFO", "message": "Will write TRAP file /Users/macbook/Octo/static_analysis_codeql_1/codeql-kotlin.db/trap/java/classes/com/fasterxml/jackson/databind/util/NameTransformer$NopTransformer.members/NameTransformer$NopTransformer.members#52.0-1752886142000-kotlin.trap.gz" }
{ "origin": "CodeQL Kotlin extractor", "timestamp": "2026-09-27 14:18:09", "kind": "INFO", "message": "Finished writing TRAP file /Users/macbook/Octo/static_analysis_codeql_1/codeql-kotlin.db/trap/java/classes/com/fasterxml/jackson/databind/util/NameTransformer$NopTransformer.members/NameTransformer$NopTransformer.members#52.0-1752886142000-kotlin.trap.gz" }
{ "origin": "CodeQL Kotlin extractor", "timestamp": "2026-09-27 14:18:09", "kind": "INFO", "message": "Will write TRAP file /Users/macbook/Octo/static_analysis_codeql_1/codeql-kotlin.db/trap/java/classes/com/fasterxml/jackson/databind/util/NameTransformer$Chained.members/NameTransformer$Chained.members#52.0-1752886142000-kotlin.trap.gz" }
{ "origin": "CodeQL Kotlin extractor", "timestamp": "2026-09-27 14:18:09", "kind": "INFO", "message": "Finished writing TRAP file /Users/macbook/Octo/static_analysis_codeql_1/codeql-kotlin.db/trap/java/classes/com/fasterxml/jackson/databind/util/NameTransformer$Chained.members/NameTransformer$Chained.members#52.0-1752886142000-kotlin.trap.gz" }
{ "origin": "CodeQL Kotlin extractor", "timestamp": "2026-09-27 14:18:09", "kind": "INFO", "message": "Will write TRAP file /Users/macbook/Octo/static_analysis_codeql_1/codeql-kotlin.db/trap/java/classes/com/fasterxml/jackson/databind/deser/SettableBeanProperty$Delegating.members/SettableBeanProperty$Delegating.members#52.0-1752886142000-kotlin.trap.gz" }
{ "origin": "CodeQL Kotlin extractor", "timestamp": "2026-09-27 14:18:09", "kind": "INFO", "message": "Finished writing TRAP file /Users/macbook/Octo/static_analysis_codeql_1/codeql-kotlin.db/trap/java/classes/com/fasterxml/jackson/databind/deser/SettableBeanProperty$Delegating.members/SettableBeanProperty$Delegating.members#52.0-1752886142000-kotlin.trap.gz" }
{ "origin": "CodeQL Kotlin extractor", "timestamp": "2026-09-27 14:18:09", "kind": "INFO", "message": "Will write TRAP file /Users/macbook/Octo/static_analysis_codeql_1/codeql-kotlin.db/trap/java/classes/com/fasterxml/jackson/databind/util/ViewMatcher.members/ViewMatcher.members#52.0-1752886142000-kotlin.trap.gz" }
{ "origin": "CodeQL Kotlin extractor", "timestamp": "2026-09-27 14:18:09", "kind": "INFO", "message": "Finished writing TRAP file /Users/macbook/Octo/static_analysis_codeql_1/codeql-kotlin.db/trap/java/classes/com/fasterxml/jackson/databind/util/ViewMatcher.members/ViewMatcher.members#52.0-1752886142000-kotlin.trap.gz" }
{ "origin": "CodeQL Kotlin extractor", "timestamp": "2026-09-27 14:18:09", "kind": "INFO", "message": "Skipping extracting external decl Exception" }
{ "origin": "CodeQL Kotlin extractor", "timestamp": "2026-09-27 14:18:09", "kind": "INFO", "message": "Will write TRAP file /Users/macbook/Octo/static_analysis_codeql_1/codeql-kotlin.db/trap/java/classes/com/fasterxml/jackson/databind/introspect/ConcreteBeanPropertyBase.members/ConcreteBeanPropertyBase.members#52.0-1752886142000-kotlin.trap.gz" }
{ "origin": "CodeQL Kotlin extractor", "timestamp": "2026-09-27 14:18:09", "kind": "INFO", "message": "Finished writing TRAP file /Users/macbook/Octo/static_analysis_codeql_1/codeql-kotlin.db/trap/java/classes/com/fasterxml/jackson/databind/introspect/ConcreteBeanPropertyBase.members/ConcreteBeanPropertyBase.members#52.0-1752886142000-kotlin.trap.gz" }
{ "origin": "CodeQL Kotlin extractor", "timestamp": "2026-09-27 14:18:09", "kind": "INFO", "message": "Will write TRAP file /Users/macbook/Octo/static_analysis_codeql_1/codeql-kotlin.db/trap/java/classes/com/fasterxml/jackson/databind/deser/DataFormatReaders$AccessorForReader.members/DataFormatReaders$AccessorForReader.members#52.0-1752886142000-kotlin.trap.gz" }
{ "origin": "CodeQL Kotlin extractor", "timestamp": "2026-09-27 14:18:09", "kind": "INFO", "message": "Finished writing TRAP file /Users/macbook/Octo/static_analysis_codeql_1/codeql-kotlin.db/trap/java/classes/com/fasterxml/jackson/databind/deser/DataFormatReaders$AccessorForReader.members/DataFormatReaders$AccessorForReader.members#52.0-1752886142000-kotlin.trap.gz" }
{ "origin": "CodeQL Kotlin extractor", "timestamp": "2026-09-27 14:18:09", "kind": "INFO", "message": "Will write TRAP file /Users/macbook/Octo/static_analysis_codeql_1/codeql-kotlin.db/trap/java/classes/com/fasterxml/jackson/core/filter/TokenFilter$Inclusion.members/TokenFilter$Inclusion.members#52.0-1752860368000-kotlin.trap.gz" }
{ "origin": "CodeQL Kotlin extractor", "timestamp": "2026-09-27 14:18:09", "kind": "INFO", "message": "Finished writing TRAP file /Users/macbook/Octo/static_analysis_codeql_1/codeql-kotlin.db/trap/java/classes/com/fasterxml/jackson/core/filter/TokenFilter$Inclusion.members/TokenFilter$Inclusion.members#52.0-1752860368000-kotlin.trap.gz" }
{ "origin": "CodeQL Kotlin extractor", "timestamp": "2026-09-27 14:18:09", "kind": "INFO", "message": "Will write TRAP file /Users/macbook/Octo/static_analysis_codeql_1/codeql-kotlin.db/trap/java/classes/com/fasterxml/jackson/core/JsonPointer$Serialization.members/JsonPointer$Serialization.members#52.0-1752860368000-kotlin.trap.gz" }
{ "origin": "CodeQL Kotlin extractor", "timestamp": "2026-09-27 14:18:09", "kind": "INFO", "message": "Finished writing TRAP file /Users/macbook/Octo/static_analysis_codeql_1/codeql-kotlin.db/trap/java/classes/com/fasterxml/jackson/core/JsonPointer$Serialization.members/JsonPointer$Serialization.members#52.0-1752860368000-kotlin.trap.gz" }
{ "origin": "CodeQL Kotlin extractor", "timestamp": "2026-09-27 14:18:09", "kind": "INFO", "message": "Will write TRAP file /Users/macbook/Octo/static_analysis_codeql_1/codeql-kotlin.db/trap/java/classes/com/fasterxml/jackson/databind/ser/impl/PropertySerializerMap.members/PropertySerializerMap.members#52.0-1752886142000-kotlin.trap.gz" }
{ "origin": "CodeQL Kotlin extractor", "timestamp": "2026-09-27 14:18:09", "kind": "INFO", "message": "Finished writing TRAP file /Users/macbook/Octo/static_analysis_codeql_1/codeql-kotlin.db/trap/java/classes/com/fasterxml/jackson/databind/ser/impl/PropertySerializerMap.members/PropertySerializerMap.members#52.0-1752886142000-kotlin.trap.gz" }
{ "origin": "CodeQL Kotlin extractor", "timestamp": "2026-09-27 14:18:09", "kind": "INFO", "message": "Will write TRAP file /Users/macbook/Octo/static_analysis_codeql_1/codeql-kotlin.db/trap/java/classes/com/fasterxml/jackson/core/util/Separators$Spacing.members/Separators$Spacing.members#52.0-1752860368000-kotlin.trap.gz" }
{ "origin": "CodeQL Kotlin extractor", "timestamp": "2026-09-27 14:18:09", "kind": "INFO", "message": "Finished writing TRAP file /Users/macbook/Octo/static_analysis_codeql_1/codeql-kotlin.db/trap/java/classes/com/fasterxml/jackson/core/util/Separators$Spacing.members/Separators$Spacing.members#52.0-1752860368000-kotlin.trap.gz" }
{ "origin": "CodeQL Kotlin extractor", "timestamp": "2026-09-27 14:18:09", "kind": "INFO", "message": "Will write TRAP file /Users/macbook/Octo/static_analysis_codeql_1/codeql-kotlin.db/trap/java/classes/com/fasterxml/jackson/core/type/WritableTypeId$Inclusion.members/WritableTypeId$Inclusion.members#52.0-1752860368000-kotlin.trap.gz" }
{ "origin": "CodeQL Kotlin extractor", "timestamp": "2026-09-27 14:18:09", "kind": "INFO", "message": "Finished writing TRAP file /Users/macbook/Octo/static_analysis_codeql_1/codeql-kotlin.db/trap/java/classes/com/fasterxml/jackson/core/type/WritableTypeId$Inclusion.members/WritableTypeId$Inclusion.members#52.0-1752860368000-kotlin.trap.gz" }
{ "origin": "CodeQL Kotlin extractor", "timestamp": "2026-09-27 14:18:09", "kind": "INFO", "message": "Will write TRAP file /Users/macbook/Octo/static_analysis_codeql_1/codeql-kotlin.db/trap/java/classes/com/fasterxml/jackson/core/JsonProcessingException.members/JsonProcessingException.members#52.0-1752860368000-kotlin.trap.gz" }
{ "origin": "CodeQL Kotlin extractor", "timestamp": "2026-09-27 14:18:09", "kind": "INFO", "message": "Finished writing TRAP file /Users/macbook/Octo/static_analysis_codeql_1/codeql-kotlin.db/trap/java/classes/com/fasterxml/jackson/core/JsonProcessingException.members/JsonProcessingException.members#52.0-1752860368000-kotlin.trap.gz" }
{ "origin": "CodeQL Kotlin extractor", "timestamp": "2026-09-27 14:18:09", "kind": "INFO", "message": "Will write TRAP file /Users/macbook/Octo/static_analysis_codeql_1/codeql-kotlin.db/trap/java/classes/com/fasterxml/jackson/core/exc/StreamReadException.members/StreamReadException.members#52.0-1752860368000-kotlin.trap.gz" }
{ "origin": "CodeQL Kotlin extractor", "timestamp": "2026-09-27 14:18:09", "kind": "INFO", "message": "Finished writing TRAP file /Users/macbook/Octo/static_analysis_codeql_1/codeql-kotlin.db/trap/java/classes/com/fasterxml/jackson/core/exc/StreamReadException.members/StreamReadException.members#52.0-1752860368000-kotlin.trap.gz" }
{ "origin": "CodeQL Kotlin extractor", "timestamp": "2026-09-27 14:18:09", "kind": "INFO", "message": "Will write TRAP file /Users/macbook/Octo/static_analysis_codeql_1/codeql-kotlin.db/trap/java/classes/com/fasterxml/jackson/databind/util/TokenBuffer$Segment.members/TokenBuffer$Segment.members#52.0-1752886142000-kotlin.trap.gz" }
{ "origin": "CodeQL Kotlin extractor", "timestamp": "2026-09-27 14:18:09", "kind": "INFO", "message": "Finished writing TRAP file /Users/macbook/Octo/static_analysis_codeql_1/codeql-kotlin.db/trap/java/classes/com/fasterxml/jackson/databind/util/TokenBuffer$Segment.members/TokenBuffer$Segment.members#52.0-1752886142000-kotlin.trap.gz" }
{ "origin": "CodeQL Kotlin extractor", "timestamp": "2026-09-27 14:18:09", "kind": "INFO", "message": "Will write TRAP file /Users/macbook/Octo/static_analysis_codeql_1/codeql-kotlin.db/trap/java/classes/com/fasterxml/jackson/databind/util/TokenBuffer$Parser.members/TokenBuffer$Parser.members#52.0-1752886142000-kotlin.trap.gz" }
{ "origin": "CodeQL Kotlin extractor", "timestamp": "2026-09-27 14:18:09", "kind": "INFO", "message": "Finished writing TRAP file /Users/macbook/Octo/static_analysis_codeql_1/codeql-kotlin.db/trap/java/classes/com/fasterxml/jackson/databind/util/TokenBuffer$Parser.members/TokenBuffer$Parser.members#52.0-1752886142000-kotlin.trap.gz" }
{ "origin": "CodeQL Kotlin extractor", "timestamp": "2026-09-27 14:18:09", "kind": "INFO", "message": "Will write TRAP file /Users/macbook/Octo/static_analysis_codeql_1/codeql-kotlin.db/trap/java/classes/com/fasterxml/jackson/core/json/JsonWriteContext.members/JsonWriteContext.members#52.0-1752860368000-kotlin.trap.gz" }
{ "origin": "CodeQL Kotlin extractor", "timestamp": "2026-09-27 14:18:09", "kind": "INFO", "message": "Finished writing TRAP file /Users/macbook/Octo/static_analysis_codeql_1/codeql-kotlin.db/trap/java/classes/com/fasterxml/jackson/core/json/JsonWriteContext.members/JsonWriteContext.members#52.0-1752860368000-kotlin.trap.gz" }
{ "origin": "CodeQL Kotlin extractor", "timestamp": "2026-09-27 14:18:09", "kind": "INFO", "message": "Will write TRAP file /Users/macbook/Octo/static_analysis_codeql_1/codeql-kotlin.db/trap/java/classes/com/fasterxml/jackson/databind/deser/ValueInstantiator$Delegating.members/ValueInstantiator$Delegating.members#52.0-1752886142000-kotlin.trap.gz" }
{ "origin": "CodeQL Kotlin extractor", "timestamp": "2026-09-27 14:18:09", "kind": "INFO", "message": "Finished writing TRAP file /Users/macbook/Octo/static_analysis_codeql_1/codeql-kotlin.db/trap/java/classes/com/fasterxml/jackson/databind/deser/ValueInstantiator$Delegating.members/ValueInstantiator$Delegating.members#52.0-1752886142000-kotlin.trap.gz" }
{ "origin": "CodeQL Kotlin extractor", "timestamp": "2026-09-27 14:18:09", "kind": "INFO", "message": "Will write TRAP file /Users/macbook/Octo/static_analysis_codeql_1/codeql-kotlin.db/trap/java/classes/com/fasterxml/jackson/databind/deser/ValueInstantiator$Base.members/ValueInstantiator$Base.members#52.0-1752886142000-kotlin.trap.gz" }
{ "origin": "CodeQL Kotlin extractor", "timestamp": "2026-09-27 14:18:09", "kind": "INFO", "message": "Finished writing TRAP file /Users/macbook/Octo/static_analysis_codeql_1/codeql-kotlin.db/trap/java/classes/com/fasterxml/jackson/databind/deser/ValueInstantiator$Base.members/ValueInstantiator$Base.members#52.0-1752886142000-kotlin.trap.gz" }
{ "origin": "CodeQL Kotlin extractor", "timestamp": "2026-09-27 14:18:09", "kind": "INFO", "message": "Will write TRAP file /Users/macbook/Octo/static_analysis_codeql_1/codeql-kotlin.db/trap/java/classes/com/fasterxml/jackson/databind/deser/ValueInstantiator$Gettable.members/ValueInstantiator$Gettable.members#52.0-1752886142000-kotlin.trap.gz" }
{ "origin": "CodeQL Kotlin extractor", "timestamp": "2026-09-27 14:18:09", "kind": "INFO", "message": "Finished writing TRAP file /Users/macbook/Octo/static_analysis_codeql_1/codeql-kotlin.db/trap/java/classes/com/fasterxml/jackson/databind/deser/ValueInstantiator$Gettable.members/ValueInstantiator$Gettable.members#52.0-1752886142000-kotlin.trap.gz" }
{ "origin": "CodeQL Kotlin extractor", "timestamp": "2026-09-27 14:18:09", "kind": "INFO", "message": "Will write TRAP file /Users/macbook/Octo/static_analysis_codeql_1/codeql-kotlin.db/trap/java/classes/com/fasterxml/jackson/databind/deser/impl/PropertyValueBuffer.members/PropertyValueBuffer.members#52.0-1752886142000-kotlin.trap.gz" }
{ "origin": "CodeQL Kotlin extractor", "timestamp": "2026-09-27 14:18:09", "kind": "INFO", "message": "Finished writing TRAP file /Users/macbook/Octo/static_analysis_codeql_1/codeql-kotlin.db/trap/java/classes/com/fasterxml/jackson/databind/deser/impl/PropertyValueBuffer.members/PropertyValueBuffer.members#52.0-1752886142000-kotlin.trap.gz" }
{ "origin": "CodeQL Kotlin extractor", "timestamp": "2026-09-27 14:18:09", "kind": "INFO", "message": "Will write TRAP file /Users/macbook/Octo/static_analysis_codeql_1/codeql-kotlin.db/trap/java/classes/com/fasterxml/jackson/databind/introspect/AnnotatedWithParams.members/AnnotatedWithParams.members#52.0-1752886142000-kotlin.trap.gz" }
{ "origin": "CodeQL Kotlin extractor", "timestamp": "2026-09-27 14:18:09", "kind": "INFO", "message": "Finished writing TRAP file /Users/macbook/Octo/static_analysis_codeql_1/codeql-kotlin.db/trap/java/classes/com/fasterxml/jackson/databind/introspect/AnnotatedWithParams.members/AnnotatedWithParams.members#52.0-1752886142000-kotlin.trap.gz" }
{ "origin": "CodeQL Kotlin extractor", "timestamp": "2026-09-27 14:18:09", "kind": "INFO", "message": "Will write TRAP file /Users/macbook/Octo/static_analysis_codeql_1/codeql-kotlin.db/trap/java/classes/com/fasterxml/jackson/databind/JsonMappingException$Reference.members/JsonMappingException$Reference.members#52.0-1752886142000-kotlin.trap.gz" }
{ "origin": "CodeQL Kotlin extractor", "timestamp": "2026-09-27 14:18:09", "kind": "INFO", "message": "Finished writing TRAP file /Users/macbook/Octo/static_analysis_codeql_1/codeql-kotlin.db/trap/java/classes/com/fasterxml/jackson/databind/JsonMappingException$Reference.members/JsonMappingException$Reference.members#52.0-1752886142000-kotlin.trap.gz" }
{ "origin": "CodeQL Kotlin extractor", "timestamp": "2026-09-27 14:18:09", "kind": "INFO", "message": "Will write TRAP file /Users/macbook/Octo/static_analysis_codeql_1/codeql-kotlin.db/trap/java/classes/com/fasterxml/jackson/annotation/JsonIgnore.members/JsonIgnore.members#50.0-1752885240000-kotlin.trap.gz" }
{ "origin": "CodeQL Kotlin extractor", "timestamp": "2026-09-27 14:18:09", "kind": "INFO", "message": "Finished writing TRAP file /Users/macbook/Octo/static_analysis_codeql_1/codeql-kotlin.db/trap/java/classes/com/fasterxml/jackson/annotation/JsonIgnore.members/JsonIgnore.members#50.0-1752885240000-kotlin.trap.gz" }
{ "origin": "CodeQL Kotlin extractor", "timestamp": "2026-09-27 14:18:09", "kind": "INFO", "message": "Will write TRAP file /Users/macbook/Octo/static_analysis_codeql_1/codeql-kotlin.db/trap/java/classes/com/fasterxml/jackson/databind/DatabindException.members/DatabindException.members#52.0-1752886142000-kotlin.trap.gz" }
{ "origin": "CodeQL Kotlin extractor", "timestamp": "2026-09-27 14:18:09", "kind": "INFO", "message": "Finished writing TRAP file /Users/macbook/Octo/static_analysis_codeql_1/codeql-kotlin.db/trap/java/classes/com/fasterxml/jackson/databind/DatabindException.members/DatabindException.members#52.0-1752886142000-kotlin.trap.gz" }
{ "origin": "CodeQL Kotlin extractor", "timestamp": "2026-09-27 14:18:09", "kind": "INFO", "message": "Will write TRAP file /Users/macbook/Octo/static_analysis_codeql_1/codeql-kotlin.db/trap/java/classes/com/fasterxml/jackson/databind/introspect/AnnotatedMethod$Serialization.members/AnnotatedMethod$Serialization.members#52.0-1752886142000-kotlin.trap.gz" }
{ "origin": "CodeQL Kotlin extractor", "timestamp": "2026-09-27 14:18:09", "kind": "INFO", "message": "Finished writing TRAP file /Users/macbook/Octo/static_analysis_codeql_1/codeql-kotlin.db/trap/java/classes/com/fasterxml/jackson/databind/introspect/AnnotatedMethod$Serialization.members/AnnotatedMethod$Serialization.members#52.0-1752886142000-kotlin.trap.gz" }
{ "origin": "CodeQL Kotlin extractor", "timestamp": "2026-09-27 14:18:09", "kind": "INFO", "message": "Will write TRAP file /Users/macbook/Octo/static_analysis_codeql_1/codeql-kotlin.db/trap/java/classes/com/fasterxml/jackson/databind/introspect/AnnotatedField$Serialization.members/AnnotatedField$Serialization.members#52.0-1752886142000-kotlin.trap.gz" }
{ "origin": "CodeQL Kotlin extractor", "timestamp": "2026-09-27 14:18:09", "kind": "INFO", "message": "Finished writing TRAP file /Users/macbook/Octo/static_analysis_codeql_1/codeql-kotlin.db/trap/java/classes/com/fasterxml/jackson/databind/introspect/AnnotatedField$Serialization.members/AnnotatedField$Serialization.members#52.0-1752886142000-kotlin.trap.gz" }
{ "origin": "CodeQL Kotlin extractor", "timestamp": "2026-09-27 14:18:09", "kind": "INFO", "message": "Will write TRAP file /Users/macbook/Octo/static_analysis_codeql_1/codeql-kotlin.db/trap/java/classes/com/fasterxml/jackson/databind/AnnotationIntrospector$ReferenceProperty$Type.members/AnnotationIntrospector$ReferenceProperty$Type.members#52.0-1752886142000-kotlin.trap.gz" }
{ "origin": "CodeQL Kotlin extractor", "timestamp": "2026-09-27 14:18:09", "kind": "INFO", "message": "Finished writing TRAP file /Users/macbook/Octo/static_analysis_codeql_1/codeql-kotlin.db/trap/java/classes/com/fasterxml/jackson/databind/AnnotationIntrospector$ReferenceProperty$Type.members/AnnotationIntrospector$ReferenceProperty$Type.members#52.0-1752886142000-kotlin.trap.gz" }
{ "origin": "CodeQL Kotlin extractor", "timestamp": "2026-09-27 14:18:09", "kind": "INFO", "message": "Skipping extracting external decl JsonTypeInfo" }
{ "origin": "CodeQL Kotlin extractor", "timestamp": "2026-09-27 14:18:09", "kind": "INFO", "message": "Will write TRAP file /Users/macbook/Octo/static_analysis_codeql_1/codeql-kotlin.db/trap/java/classes/com/fasterxml/jackson/annotation/JacksonInject.members/JacksonInject.members#50.0-1752885240000-kotlin.trap.gz" }
{ "origin": "CodeQL Kotlin extractor", "timestamp": "2026-09-27 14:18:09", "kind": "INFO", "message": "Finished writing TRAP file /Users/macbook/Octo/static_analysis_codeql_1/codeql-kotlin.db/trap/java/classes/com/fasterxml/jackson/annotation/JacksonInject.members/JacksonInject.members#50.0-1752885240000-kotlin.trap.gz" }
{ "origin": "CodeQL Kotlin extractor", "timestamp": "2026-09-27 14:18:09", "kind": "INFO", "message": "Will write TRAP file /Users/macbook/Octo/static_analysis_codeql_1/codeql-kotlin.db/trap/java/classes/com/fasterxml/jackson/databind/annotation/JsonSerialize.members/JsonSerialize.members#52.0-1752886142000-kotlin.trap.gz" }
{ "origin": "CodeQL Kotlin extractor", "timestamp": "2026-09-27 14:18:09", "kind": "INFO", "message": "Finished writing TRAP file /Users/macbook/Octo/static_analysis_codeql_1/codeql-kotlin.db/trap/java/classes/com/fasterxml/jackson/databind/annotation/JsonSerialize.members/JsonSerialize.members#52.0-1752886142000-kotlin.trap.gz" }
{ "origin": "CodeQL Kotlin extractor", "timestamp": "2026-09-27 14:18:09", "kind": "INFO", "message": "Will write TRAP file /Users/macbook/Octo/static_analysis_codeql_1/codeql-kotlin.db/trap/java/classes/com/fasterxml/jackson/databind/annotation/JacksonStdImpl.members/JacksonStdImpl.members#52.0-1752886142000-kotlin.trap.gz" }
{ "origin": "CodeQL Kotlin extractor", "timestamp": "2026-09-27 14:18:09", "kind": "INFO", "message": "Finished writing TRAP file /Users/macbook/Octo/static_analysis_codeql_1/codeql-kotlin.db/trap/java/classes/com/fasterxml/jackson/databind/annotation/JacksonStdImpl.members/JacksonStdImpl.members#52.0-1752886142000-kotlin.trap.gz" }
{ "origin": "CodeQL Kotlin extractor", "timestamp": "2026-09-27 14:18:09", "kind": "INFO", "message": "Will write TRAP file /Users/macbook/Octo/static_analysis_codeql_1/codeql-kotlin.db/trap/java/classes/com/fasterxml/jackson/databind/annotation/JsonPOJOBuilder.members/JsonPOJOBuilder.members#52.0-1752886142000-kotlin.trap.gz" }
{ "origin": "CodeQL Kotlin extractor", "timestamp": "2026-09-27 14:18:09", "kind": "WARN", "message": "Diagnostic(com.github.codeql.KotlinFileExtractor.extractClassSource(KotlinFileExtractor.kt:972)): At <unknown location while processing /Users/macbook/Octo/modules/control-panel/src/main/kotlin/com/octo/controlpanel/judgment/OpenRouterDecisionsClient.kt>: Expected an annotation property to have a getter  ...while extracting a class source (JsonPOJOBuilder) at file:///Users/macbook/.gradle/caches/modules-2/files-2.1/com.fasterxml.jackson.core/jackson-databind/2.19.2/46509399d28f57ca32c6bb4b0d4e10e8f062051e/jackson-databind-2.19.2.jar!/com/fasterxml/jackson/databind/annotation/JsonPOJOBuilder.class\n" }
{ "origin": "CodeQL Kotlin extractor", "timestamp": "2026-09-27 14:18:09", "kind": "WARN", "message": "Diagnostic(com.github.codeql.KotlinFileExtractor.extractClassSource(KotlinFileExtractor.kt:972)): At <unknown location while processing /Users/macbook/Octo/modules/control-panel/src/main/kotlin/com/octo/controlpanel/judgment/OpenRouterDecisionsClient.kt>: Expected an annotation property to have a getter  ...while extracting a class source (JsonPOJOBuilder) at file:///Users/macbook/.gradle/caches/modules-2/files-2.1/com.fasterxml.jackson.core/jackson-databind/2.19.2/46509399d28f57ca32c6bb4b0d4e10e8f062051e/jackson-databind-2.19.2.jar!/com/fasterxml/jackson/databind/annotation/JsonPOJOBuilder.class\n" }
{ "origin": "CodeQL Kotlin extractor", "timestamp": "2026-09-27 14:18:09", "kind": "INFO", "message": "Finished writing TRAP file /Users/macbook/Octo/static_analysis_codeql_1/codeql-kotlin.db/trap/java/classes/com/fasterxml/jackson/databind/annotation/JsonPOJOBuilder.members/JsonPOJOBuilder.members#52.0-1752886142000-kotlin.trap.gz" }
{ "origin": "CodeQL Kotlin extractor", "timestamp": "2026-09-27 14:18:09", "kind": "INFO", "message": "Will write TRAP file /Users/macbook/Octo/static_analysis_codeql_1/codeql-kotlin.db/trap/java/classes/com/fasterxml/jackson/databind/introspect/AccessorNamingStrategy$Base.members/AccessorNamingStrategy$Base.members#52.0-1752886142000-kotlin.trap.gz" }
{ "origin": "CodeQL Kotlin extractor", "timestamp": "2026-09-27 14:18:09", "kind": "INFO", "message": "Finished writing TRAP file /Users/macbook/Octo/static_analysis_codeql_1/codeql-kotlin.db/trap/java/classes/com/fasterxml/jackson/databind/introspect/AccessorNamingStrategy$Base.members/AccessorNamingStrategy$Base.members#52.0-1752886142000-kotlin.trap.gz" }
{ "origin": "CodeQL Kotlin extractor", "timestamp": "2026-09-27 14:18:09", "kind": "INFO", "message": "Will write TRAP file /Users/macbook/Octo/static_analysis_codeql_1/codeql-kotlin.db/trap/java/classes/com/fasterxml/jackson/databind/JsonSerializable.members/JsonSerializable.members#52.0-1752886142000-kotlin.trap.gz" }
{ "origin": "CodeQL Kotlin extractor", "timestamp": "2026-09-27 14:18:09", "kind": "INFO", "message": "Finished writing TRAP file /Users/macbook/Octo/static_analysis_codeql_1/codeql-kotlin.db/trap/java/classes/com/fasterxml/jackson/databind/JsonSerializable.members/JsonSerializable.members#52.0-1752886142000-kotlin.trap.gz" }
{ "origin": "CodeQL Kotlin extractor", "timestamp": "2026-09-27 14:18:09", "kind": "INFO", "message": "Skipping extracting external decl Field" }
{ "origin": "CodeQL Kotlin extractor", "timestamp": "2026-09-27 14:18:09", "kind": "INFO", "message": "Will write TRAP file /Users/macbook/Octo/static_analysis_codeql_1/codeql-kotlin.db/trap/java/classes/java/text/NumberFormat$Field.members/NumberFormat$Field.members#65.0-1789983753036-kotlin.trap.gz" }
{ "origin": "CodeQL Kotlin extractor", "timestamp": "2026-09-27 14:18:09", "kind": "INFO", "message": "Finished writing TRAP file /Users/macbook/Octo/static_analysis_codeql_1/codeql-kotlin.db/trap/java/classes/java/text/NumberFormat$Field.members/NumberFormat$Field.members#65.0-1789983753036-kotlin.trap.gz" }
{ "origin": "CodeQL Kotlin extractor", "timestamp": "2026-09-27 14:18:09", "kind": "INFO", "message": "Will write TRAP file /Users/macbook/Octo/static_analysis_codeql_1/codeql-kotlin.db/trap/java/classes/java/text/NumberFormat$Style.members/NumberFormat$Style.members#65.0-1789983753036-kotlin.trap.gz" }
{ "origin": "CodeQL Kotlin extractor", "timestamp": "2026-09-27 14:18:09", "kind": "INFO", "message": "Finished writing TRAP file /Users/macbook/Octo/static_analysis_codeql_1/codeql-kotlin.db/trap/java/classes/java/text/NumberFormat$Style.members/NumberFormat$Style.members#65.0-1789983753036-kotlin.trap.gz" }
{ "origin": "CodeQL Kotlin extractor", "timestamp": "2026-09-27 14:18:09", "kind": "INFO", "message": "Skipping extracting external decl Currency" }
{ "origin": "CodeQL Kotlin extractor", "timestamp": "2026-09-27 14:18:09", "kind": "INFO", "message": "Skipping extracting external decl RoundingMode" }
{ "origin": "CodeQL Kotlin extractor", "timestamp": "2026-09-27 14:18:09", "kind": "INFO", "message": "Will write TRAP file /Users/macbook/Octo/static_analysis_codeql_1/codeql-kotlin.db/trap/java/classes/com/fasterxml/jackson/databind/util/Converter$None.members/Converter$None.members#52.0-1752886142000-kotlin.trap.gz" }
{ "origin": "CodeQL Kotlin extractor", "timestamp": "2026-09-27 14:18:09", "kind": "INFO", "message": "Finished writing TRAP file /Users/macbook/Octo/static_analysis_codeql_1/codeql-kotlin.db/trap/java/classes/com/fasterxml/jackson/databind/util/Converter$None.members/Converter$None.members#52.0-1752886142000-kotlin.trap.gz" }
{ "origin": "CodeQL Kotlin extractor", "timestamp": "2026-09-27 14:18:09", "kind": "INFO", "message": "Will write TRAP file /Users/macbook/Octo/static_analysis_codeql_1/codeql-kotlin.db/trap/java/classes/com/fasterxml/jackson/databind/jsonFormatVisitors/JsonObjectFormatVisitor$Base.members/JsonObjectFormatVisitor$Base.members#52.0-1752886142000-kotlin.trap.gz" }
{ "origin": "CodeQL Kotlin extractor", "timestamp": "2026-09-27 14:18:09", "kind": "INFO", "message": "Finished writing TRAP file /Users/macbook/Octo/static_analysis_codeql_1/codeql-kotlin.db/trap/java/classes/com/fasterxml/jackson/databind/jsonFormatVisitors/JsonObjectFormatVisitor$Base.members/JsonObjectFormatVisitor$Base.members#52.0-1752886142000-kotlin.trap.gz" }
{ "origin": "CodeQL Kotlin extractor", "timestamp": "2026-09-27 14:18:09", "kind": "INFO", "message": "Will write TRAP file /Users/macbook/Octo/static_analysis_codeql_1/codeql-kotlin.db/trap/java/classes/com/fasterxml/jackson/databind/jsonFormatVisitors/JsonArrayFormatVisitor$Base.members/JsonArrayFormatVisitor$Base.members#52.0-1752886142000-kotlin.trap.gz" }
{ "origin": "CodeQL Kotlin extractor", "timestamp": "2026-09-27 14:18:09", "kind": "INFO", "message": "Finished writing TRAP file /Users/macbook/Octo/static_analysis_codeql_1/codeql-kotlin.db/trap/java/classes/com/fasterxml/jackson/databind/jsonFormatVisitors/JsonArrayFormatVisitor$Base.members/JsonArrayFormatVisitor$Base.members#52.0-1752886142000-kotlin.trap.gz" }
{ "origin": "CodeQL Kotlin extractor", "timestamp": "2026-09-27 14:18:09", "kind": "INFO", "message": "Will write TRAP file /Users/macbook/Octo/static_analysis_codeql_1/codeql-kotlin.db/trap/java/classes/com/fasterxml/jackson/databind/jsonFormatVisitors/JsonFormatTypes.members/JsonFormatTypes.members#52.0-1752886142000-kotlin.trap.gz" }
{ "origin": "CodeQL Kotlin extractor", "timestamp": "2026-09-27 14:18:09", "kind": "INFO", "message": "Finished writing TRAP file /Users/macbook/Octo/static_analysis_codeql_1/codeql-kotlin.db/trap/java/classes/com/fasterxml/jackson/databind/jsonFormatVisitors/JsonFormatTypes.members/JsonFormatTypes.members#52.0-1752886142000-kotlin.trap.gz" }
{ "origin": "CodeQL Kotlin extractor", "timestamp": "2026-09-27 14:18:09", "kind": "INFO", "message": "Will write TRAP file /Users/macbook/Octo/static_analysis_codeql_1/codeql-kotlin.db/trap/java/classes/com/fasterxml/jackson/databind/jsonFormatVisitors/JsonStringFormatVisitor$Base.members/JsonStringFormatVisitor$Base.members#52.0-1752886142000-kotlin.trap.gz" }
{ "origin": "CodeQL Kotlin extractor", "timestamp": "2026-09-27 14:18:09", "kind": "INFO", "message": "Finished writing TRAP file /Users/macbook/Octo/static_analysis_codeql_1/codeql-kotlin.db/trap/java/classes/com/fasterxml/jackson/databind/jsonFormatVisitors/JsonStringFormatVisitor$Base.members/JsonStringFormatVisitor$Base.members#52.0-1752886142000-kotlin.trap.gz" }
{ "origin": "CodeQL Kotlin extractor", "timestamp": "2026-09-27 14:18:09", "kind": "INFO", "message": "Will write TRAP file /Users/macbook/Octo/static_analysis_codeql_1/codeql-kotlin.db/trap/java/classes/com/fasterxml/jackson/databind/jsonFormatVisitors/JsonValueFormatVisitor.members/JsonValueFormatVisitor.members#52.0-1752886142000-kotlin.trap.gz" }
{ "origin": "CodeQL Kotlin extractor", "timestamp": "2026-09-27 14:18:09", "kind": "INFO", "message": "Finished writing TRAP file /Users/macbook/Octo/static_analysis_codeql_1/codeql-kotlin.db/trap/java/classes/com/fasterxml/jackson/databind/jsonFormatVisitors/JsonValueFormatVisitor.members/JsonValueFormatVisitor.members#52.0-1752886142000-kotlin.trap.gz" }
{ "origin": "CodeQL Kotlin extractor", "timestamp": "2026-09-27 14:18:09", "kind": "INFO", "message": "Will write TRAP file /Users/macbook/Octo/static_analysis_codeql_1/codeql-kotlin.db/trap/java/classes/com/fasterxml/jackson/databind/jsonFormatVisitors/JsonNumberFormatVisitor$Base.members/JsonNumberFormatVisitor$Base.members#52.0-1752886142000-kotlin.trap.gz" }
{ "origin": "CodeQL Kotlin extractor", "timestamp": "2026-09-27 14:18:09", "kind": "INFO", "message": "Finished writing TRAP file /Users/macbook/Octo/static_analysis_codeql_1/codeql-kotlin.db/trap/java/classes/com/fasterxml/jackson/databind/jsonFormatVisitors/JsonNumberFormatVisitor$Base.members/JsonNumberFormatVisitor$Base.members#52.0-1752886142000-kotlin.trap.gz" }
{ "origin": "CodeQL Kotlin extractor", "timestamp": "2026-09-27 14:18:09", "kind": "INFO", "message": "Will write TRAP file /Users/macbook/Octo/static_analysis_codeql_1/codeql-kotlin.db/trap/java/classes/com/fasterxml/jackson/databind/jsonFormatVisitors/JsonIntegerFormatVisitor$Base.members/JsonIntegerFormatVisitor$Base.members#52.0-1752886142000-kotlin.trap.gz" }
{ "origin": "CodeQL Kotlin extractor", "timestamp": "2026-09-27 14:18:09", "kind": "INFO", "message": "Finished writing TRAP file /Users/macbook/Octo/static_analysis_codeql_1/codeql-kotlin.db/trap/java/classes/com/fasterxml/jackson/databind/jsonFormatVisitors/JsonIntegerFormatVisitor$Base.members/JsonIntegerFormatVisitor$Base.members#52.0-1752886142000-kotlin.trap.gz" }
{ "origin": "CodeQL Kotlin extractor", "timestamp": "2026-09-27 14:18:09", "kind": "INFO", "message": "Will write TRAP file /Users/macbook/Octo/static_analysis_codeql_1/codeql-kotlin.db/trap/java/classes/com/fasterxml/jackson/databind/jsonFormatVisitors/JsonBooleanFormatVisitor$Base.members/JsonBooleanFormatVisitor$Base.members#52.0-1752886142000-kotlin.trap.gz" }
{ "origin": "CodeQL Kotlin extractor", "timestamp": "2026-09-27 14:18:09", "kind": "INFO", "message": "Finished writing TRAP file /Users/macbook/Octo/static_analysis_codeql_1/codeql-kotlin.db/trap/java/classes/com/fasterxml/jackson/databind/jsonFormatVisitors/JsonBooleanFormatVisitor$Base.members/JsonBooleanFormatVisitor$Base.members#52.0-1752886142000-kotlin.trap.gz" }
{ "origin": "CodeQL Kotlin extractor", "timestamp": "2026-09-27 14:18:09", "kind": "INFO", "message": "Will write TRAP file /Users/macbook/Octo/static_analysis_codeql_1/codeql-kotlin.db/trap/java/classes/com/fasterxml/jackson/databind/jsonFormatVisitors/JsonNullFormatVisitor$Base.members/JsonNullFormatVisitor$Base.members#52.0-1752886142000-kotlin.trap.gz" }
{ "origin": "CodeQL Kotlin extractor", "timestamp": "2026-09-27 14:18:09", "kind": "INFO", "message": "Finished writing TRAP file /Users/macbook/Octo/static_analysis_codeql_1/codeql-kotlin.db/trap/java/classes/com/fasterxml/jackson/databind/jsonFormatVisitors/JsonNullFormatVisitor$Base.members/JsonNullFormatVisitor$Base.members#52.0-1752886142000-kotlin.trap.gz" }
{ "origin": "CodeQL Kotlin extractor", "timestamp": "2026-09-27 14:18:09", "kind": "INFO", "message": "Will write TRAP file /Users/macbook/Octo/static_analysis_codeql_1/codeql-kotlin.db/trap/java/classes/com/fasterxml/jackson/databind/jsonFormatVisitors/JsonAnyFormatVisitor$Base.members/JsonAnyFormatVisitor$Base.members#52.0-1752886142000-kotlin.trap.gz" }
{ "origin": "CodeQL Kotlin extractor", "timestamp": "2026-09-27 14:18:09", "kind": "INFO", "message": "Finished writing TRAP file /Users/macbook/Octo/static_analysis_codeql_1/codeql-kotlin.db/trap/java/classes/com/fasterxml/jackson/databind/jsonFormatVisitors/JsonAnyFormatVisitor$Base.members/JsonAnyFormatVisitor$Base.members#52.0-1752886142000-kotlin.trap.gz" }
{ "origin": "CodeQL Kotlin extractor", "timestamp": "2026-09-27 14:18:09", "kind": "INFO", "message": "Will write TRAP file /Users/macbook/Octo/static_analysis_codeql_1/codeql-kotlin.db/trap/java/classes/com/fasterxml/jackson/databind/jsonFormatVisitors/JsonMapFormatVisitor$Base.members/JsonMapFormatVisitor$Base.members#52.0-1752886142000-kotlin.trap.gz" }
{ "origin": "CodeQL Kotlin extractor", "timestamp": "2026-09-27 14:18:09", "kind": "INFO", "message": "Finished writing TRAP file /Users/macbook/Octo/static_analysis_codeql_1/codeql-kotlin.db/trap/java/classes/com/fasterxml/jackson/databind/jsonFormatVisitors/JsonMapFormatVisitor$Base.members/JsonMapFormatVisitor$Base.members#52.0-1752886142000-kotlin.trap.gz" }
{ "origin": "CodeQL Kotlin extractor", "timestamp": "2026-09-27 14:18:09", "kind": "INFO", "message": "Skipping extracting external decl IntStream" }
{ "origin": "CodeQL Kotlin extractor", "timestamp": "2026-09-27 14:18:09", "kind": "INFO", "message": "Skipping extracting external decl LongBuffer" }
{ "origin": "CodeQL Kotlin extractor", "timestamp": "2026-09-27 14:18:09", "kind": "INFO", "message": "Will write TRAP file /Users/macbook/Octo/static_analysis_codeql_1/codeql-kotlin.db/trap/java/classes/com/fasterxml/jackson/databind/deser/impl/ValueInjector.members/ValueInjector.members#52.0-1752886142000-kotlin.trap.gz" }
{ "origin": "CodeQL Kotlin extractor", "timestamp": "2026-09-27 14:18:09", "kind": "INFO", "message": "Finished writing TRAP file /Users/macbook/Octo/static_analysis_codeql_1/codeql-kotlin.db/trap/java/classes/com/fasterxml/jackson/databind/deser/impl/ValueInjector.members/ValueInjector.members#52.0-1752886142000-kotlin.trap.gz" }
{ "origin": "CodeQL Kotlin extractor", "timestamp": "2026-09-27 14:18:09", "kind": "INFO", "message": "Will write TRAP file /Users/macbook/Octo/static_analysis_codeql_1/codeql-kotlin.db/trap/java/classes/com/fasterxml/jackson/databind/deser/SettableAnyProperty.members/SettableAnyProperty.members#52.0-1752886142000-kotlin.trap.gz" }
{ "origin": "CodeQL Kotlin extractor", "timestamp": "2026-09-27 14:18:09", "kind": "INFO", "message": "Finished writing TRAP file /Users/macbook/Octo/static_analysis_codeql_1/codeql-kotlin.db/trap/java/classes/com/fasterxml/jackson/databind/deser/SettableAnyProperty.members/SettableAnyProperty.members#52.0-1752886142000-kotlin.trap.gz" }
{ "origin": "CodeQL Kotlin extractor", "timestamp": "2026-09-27 14:18:09", "kind": "INFO", "message": "Will write TRAP file /Users/macbook/Octo/static_analysis_codeql_1/codeql-kotlin.db/trap/java/classes/com/fasterxml/jackson/databind/deser/AbstractDeserializer.members/AbstractDeserializer.members#52.0-1752886142000-kotlin.trap.gz" }
{ "origin": "CodeQL Kotlin extractor", "timestamp": "2026-09-27 14:18:09", "kind": "INFO", "message": "Finished writing TRAP file /Users/macbook/Octo/static_analysis_codeql_1/codeql-kotlin.db/trap/java/classes/com/fasterxml/jackson/databind/deser/AbstractDeserializer.members/AbstractDeserializer.members#52.0-1752886142000-kotlin.trap.gz" }
{ "origin": "CodeQL Kotlin extractor", "timestamp": "2026-09-27 14:18:09", "kind": "INFO", "message": "Will write TRAP file /Users/macbook/Octo/static_analysis_codeql_1/codeql-kotlin.db/trap/java/classes/com/fasterxml/jackson/databind/deser/impl/BeanPropertyMap.members/BeanPropertyMap.members#52.0-1752886142000-kotlin.trap.gz" }
{ "origin": "CodeQL Kotlin extractor", "timestamp": "2026-09-27 14:18:09", "kind": "INFO", "message": "Finished writing TRAP file /Users/macbook/Octo/static_analysis_codeql_1/codeql-kotlin.db/trap/java/classes/com/fasterxml/jackson/databind/deser/impl/BeanPropertyMap.members/BeanPropertyMap.members#52.0-1752886142000-kotlin.trap.gz" }
{ "origin": "CodeQL Kotlin extractor", "timestamp": "2026-09-27 14:18:09", "kind": "INFO", "message": "Will write TRAP file /Users/macbook/Octo/static_analysis_codeql_1/codeql-kotlin.db/trap/java/classes/com/fasterxml/jackson/databind/ser/AnyGetterWriter.members/AnyGetterWriter.members#52.0-1752886142000-kotlin.trap.gz" }
{ "origin": "CodeQL Kotlin extractor", "timestamp": "2026-09-27 14:18:09", "kind": "INFO", "message": "Finished writing TRAP file /Users/macbook/Octo/static_analysis_codeql_1/codeql-kotlin.db/trap/java/classes/com/fasterxml/jackson/databind/ser/AnyGetterWriter.members/AnyGetterWriter.members#52.0-1752886142000-kotlin.trap.gz" }
{ "origin": "CodeQL Kotlin extractor", "timestamp": "2026-09-27 14:18:09", "kind": "INFO", "message": "Will write TRAP file /Users/macbook/Octo/static_analysis_codeql_1/codeql-kotlin.db/trap/java/classes/com/fasterxml/jackson/databind/ser/BeanSerializer.members/BeanSerializer.members#52.0-1752886142000-kotlin.trap.gz" }
{ "origin": "CodeQL Kotlin extractor", "timestamp": "2026-09-27 14:18:09", "kind": "INFO", "message": "Finished writing TRAP file /Users/macbook/Octo/static_analysis_codeql_1/codeql-kotlin.db/trap/java/classes/com/fasterxml/jackson/databind/ser/BeanSerializer.members/BeanSerializer.members#52.0-1752886142000-kotlin.trap.gz" }
{ "origin": "CodeQL Kotlin extractor", "timestamp": "2026-09-27 14:18:09", "kind": "INFO", "message": "Skipping extracting external decl BiFunction" }
{ "origin": "CodeQL Kotlin extractor", "timestamp": "2026-09-27 14:18:09", "kind": "INFO", "message": "Skipping extracting external decl KeySetView" }
{ "origin": "CodeQL Kotlin extractor", "timestamp": "2026-09-27 14:18:09", "kind": "INFO", "message": "Skipping extracting external decl CollectionView" }
{ "origin": "CodeQL Kotlin extractor", "timestamp": "2026-09-27 14:18:09", "kind": "INFO", "message": "Skipping extracting external decl Enumeration" }
{ "origin": "CodeQL Kotlin extractor", "timestamp": "2026-09-27 14:18:09", "kind": "INFO", "message": "Skipping extracting external decl Node" }
{ "origin": "CodeQL Kotlin extractor", "timestamp": "2026-09-27 14:18:09", "kind": "INFO", "message": "Skipping extracting external decl ToDoubleBiFunction" }
{ "origin": "CodeQL Kotlin extractor", "timestamp": "2026-09-27 14:18:09", "kind": "INFO", "message": "Skipping extracting external decl DoubleBinaryOperator" }
{ "origin": "CodeQL Kotlin extractor", "timestamp": "2026-09-27 14:18:09", "kind": "INFO", "message": "Skipping extracting external decl ToLongBiFunction" }
{ "origin": "CodeQL Kotlin extractor", "timestamp": "2026-09-27 14:18:09", "kind": "INFO", "message": "Skipping extracting external decl LongBinaryOperator" }
{ "origin": "CodeQL Kotlin extractor", "timestamp": "2026-09-27 14:18:09", "kind": "INFO", "message": "Skipping extracting external decl ToIntBiFunction" }
{ "origin": "CodeQL Kotlin extractor", "timestamp": "2026-09-27 14:18:09", "kind": "INFO", "message": "Skipping extracting external decl IntBinaryOperator" }
{ "origin": "CodeQL Kotlin extractor", "timestamp": "2026-09-27 14:18:09", "kind": "INFO", "message": "Skipping extracting external decl ToDoubleFunction" }
{ "origin": "CodeQL Kotlin extractor", "timestamp": "2026-09-27 14:18:09", "kind": "INFO", "message": "Skipping extracting external decl ToLongFunction" }
{ "origin": "CodeQL Kotlin extractor", "timestamp": "2026-09-27 14:18:09", "kind": "INFO", "message": "Skipping extracting external decl ToIntFunction" }
{ "origin": "CodeQL Kotlin extractor", "timestamp": "2026-09-27 14:18:09", "kind": "INFO", "message": "Skipping extracting external decl BinaryOperator" }
{ "origin": "CodeQL Kotlin extractor", "timestamp": "2026-09-27 14:18:09", "kind": "INFO", "message": "Will write TRAP file /Users/macbook/Octo/static_analysis_codeql_1/codeql-kotlin.db/trap/java/classes/com/fasterxml/jackson/core/util/RecyclerPool$LockFreePoolBase$Node.members/RecyclerPool$LockFreePoolBase$Node.members#52.0-1752860368000-kotlin.trap.gz" }
{ "origin": "CodeQL Kotlin extractor", "timestamp": "2026-09-27 14:18:09", "kind": "INFO", "message": "Finished writing TRAP file /Users/macbook/Octo/static_analysis_codeql_1/codeql-kotlin.db/trap/java/classes/com/fasterxml/jackson/core/util/RecyclerPool$LockFreePoolBase$Node.members/RecyclerPool$LockFreePoolBase$Node.members#52.0-1752860368000-kotlin.trap.gz" }
{ "origin": "CodeQL Kotlin extractor", "timestamp": "2026-09-27 14:18:09", "kind": "INFO", "message": "Will write TRAP file /Users/macbook/Octo/static_analysis_codeql_1/codeql-kotlin.db/trap/java/classes/com/fasterxml/jackson/core/format/DataFormatMatcher.members/DataFormatMatcher.members#52.0-1752860368000-kotlin.trap.gz" }
{ "origin": "CodeQL Kotlin extractor", "timestamp": "2026-09-27 14:18:10", "kind": "INFO", "message": "Finished writing TRAP file /Users/macbook/Octo/static_analysis_codeql_1/codeql-kotlin.db/trap/java/classes/com/fasterxml/jackson/core/format/DataFormatMatcher.members/DataFormatMatcher.members#52.0-1752860368000-kotlin.trap.gz" }
{ "origin": "CodeQL Kotlin extractor", "timestamp": "2026-09-27 14:18:10", "kind": "INFO", "message": "Will write TRAP file /Users/macbook/Octo/static_analysis_codeql_1/codeql-kotlin.db/trap/java/classes/com/fasterxml/jackson/databind/PropertyMetadata$MergeInfo.members/PropertyMetadata$MergeInfo.members#52.0-1752886142000-kotlin.trap.gz" }
{ "origin": "CodeQL Kotlin extractor", "timestamp": "2026-09-27 14:18:10", "kind": "INFO", "message": "Finished writing TRAP file /Users/macbook/Octo/static_analysis_codeql_1/codeql-kotlin.db/trap/java/classes/com/fasterxml/jackson/databind/PropertyMetadata$MergeInfo.members/PropertyMetadata$MergeInfo.members#52.0-1752886142000-kotlin.trap.gz" }
{ "origin": "CodeQL Kotlin extractor", "timestamp": "2026-09-27 14:18:10", "kind": "INFO", "message": "Will write TRAP file /Users/macbook/Octo/static_analysis_codeql_1/codeql-kotlin.db/trap/java/classes/com/fasterxml/jackson/databind/deser/UnresolvedForwardReference.members/UnresolvedForwardReference.members#52.0-1752886142000-kotlin.trap.gz" }
{ "origin": "CodeQL Kotlin extractor", "timestamp": "2026-09-27 14:18:10", "kind": "INFO", "message": "Finished writing TRAP file /Users/macbook/Octo/static_analysis_codeql_1/codeql-kotlin.db/trap/java/classes/com/fasterxml/jackson/databind/deser/UnresolvedForwardReference.members/UnresolvedForwardReference.members#52.0-1752886142000-kotlin.trap.gz" }
{ "origin": "CodeQL Kotlin extractor", "timestamp": "2026-09-27 14:18:10", "kind": "INFO", "message": "Will write TRAP file /Users/macbook/Octo/static_analysis_codeql_1/codeql-kotlin.db/trap/java/classes/java/util/LinkedList$LLSpliterator.members/LinkedList$LLSpliterator.members#65.0-1789983753036-kotlin.trap.gz" }
{ "origin": "CodeQL Kotlin extractor", "timestamp": "2026-09-27 14:18:10", "kind": "INFO", "message": "Finished writing TRAP file /Users/macbook/Octo/static_analysis_codeql_1/codeql-kotlin.db/trap/java/classes/java/util/LinkedList$LLSpliterator.members/LinkedList$LLSpliterator.members#65.0-1789983753036-kotlin.trap.gz" }
{ "origin": "CodeQL Kotlin extractor", "timestamp": "2026-09-27 14:18:10", "kind": "INFO", "message": "Will write TRAP file /Users/macbook/Octo/static_analysis_codeql_1/codeql-kotlin.db/trap/java/classes/java/util/LinkedList$ReverseOrderLinkedListView.members/LinkedList$ReverseOrderLinkedListView.members#65.0-1789983753036-kotlin.trap.gz" }
{ "origin": "CodeQL Kotlin extractor", "timestamp": "2026-09-27 14:18:10", "kind": "INFO", "message": "Finished writing TRAP file /Users/macbook/Octo/static_analysis_codeql_1/codeql-kotlin.db/trap/java/classes/java/util/LinkedList$ReverseOrderLinkedListView.members/LinkedList$ReverseOrderLinkedListView.members#65.0-1789983753036-kotlin.trap.gz" }
{ "origin": "CodeQL Kotlin extractor", "timestamp": "2026-09-27 14:18:10", "kind": "INFO", "message": "Will write TRAP file /Users/macbook/Octo/static_analysis_codeql_1/codeql-kotlin.db/trap/java/classes/java/util/LinkedList$Node.members/LinkedList$Node.members#65.0-1789983753036-kotlin.trap.gz" }
{ "origin": "CodeQL Kotlin extractor", "timestamp": "2026-09-27 14:18:10", "kind": "INFO", "message": "Finished writing TRAP file /Users/macbook/Octo/static_analysis_codeql_1/codeql-kotlin.db/trap/java/classes/java/util/LinkedList$Node.members/LinkedList$Node.members#65.0-1789983753036-kotlin.trap.gz" }
{ "origin": "CodeQL Kotlin extractor", "timestamp": "2026-09-27 14:18:10", "kind": "INFO", "message": "Will write TRAP file /Users/macbook/Octo/static_analysis_codeql_1/codeql-kotlin.db/trap/java/classes/com/fasterxml/jackson/databind/util/PrimitiveArrayBuilder$Node.members/PrimitiveArrayBuilder$Node.members#52.0-1752886142000-kotlin.trap.gz" }
{ "origin": "CodeQL Kotlin extractor", "timestamp": "2026-09-27 14:18:10", "kind": "INFO", "message": "Finished writing TRAP file /Users/macbook/Octo/static_analysis_codeql_1/codeql-kotlin.db/trap/java/classes/com/fasterxml/jackson/databind/util/PrimitiveArrayBuilder$Node.members/PrimitiveArrayBuilder$Node.members#52.0-1752886142000-kotlin.trap.gz" }
{ "origin": "CodeQL Kotlin extractor", "timestamp": "2026-09-27 14:18:10", "kind": "INFO", "message": "Will write TRAP file /Users/macbook/Octo/static_analysis_codeql_1/codeql-kotlin.db/trap/java/classes/com/fasterxml/jackson/databind/util/PrimitiveArrayBuilder.members/PrimitiveArrayBuilder.members#52.0-1752886142000-kotlin.trap.gz" }
{ "origin": "CodeQL Kotlin extractor", "timestamp": "2026-09-27 14:18:10", "kind": "INFO", "message": "Finished writing TRAP file /Users/macbook/Octo/static_analysis_codeql_1/codeql-kotlin.db/trap/java/classes/com/fasterxml/jackson/databind/util/PrimitiveArrayBuilder.members/PrimitiveArrayBuilder.members#52.0-1752886142000-kotlin.trap.gz" }
{ "origin": "CodeQL Kotlin extractor", "timestamp": "2026-09-27 14:18:10", "kind": "INFO", "message": "Will write TRAP file /Users/macbook/Octo/static_analysis_codeql_1/codeql-kotlin.db/trap/java/classes/java/util/StringTokenizer.members/StringTokenizer.members#65.0-1789983753036-kotlin.trap.gz" }
{ "origin": "CodeQL Kotlin extractor", "timestamp": "2026-09-27 14:18:10", "kind": "INFO", "message": "Finished writing TRAP file /Users/macbook/Octo/static_analysis_codeql_1/codeql-kotlin.db/trap/java/classes/java/util/StringTokenizer.members/StringTokenizer.members#65.0-1789983753036-kotlin.trap.gz" }
{ "origin": "CodeQL Kotlin extractor", "timestamp": "2026-09-27 14:18:10", "kind": "INFO", "message": "Will write TRAP file /Users/macbook/Octo/static_analysis_codeql_1/codeql-kotlin.db/trap/java/classes/com/fasterxml/jackson/databind/util/internal/PrivateMaxEntriesMap$Builder.members/PrivateMaxEntriesMap$Builder.members#52.0-1752886142000-kotlin.trap.gz" }
{ "origin": "CodeQL Kotlin extractor", "timestamp": "2026-09-27 14:18:10", "kind": "INFO", "message": "Finished writing TRAP file /Users/macbook/Octo/static_analysis_codeql_1/codeql-kotlin.db/trap/java/classes/com/fasterxml/jackson/databind/util/internal/PrivateMaxEntriesMap$Builder.members/PrivateMaxEntriesMap$Builder.members#52.0-1752886142000-kotlin.trap.gz" }
{ "origin": "CodeQL Kotlin extractor", "timestamp": "2026-09-27 14:18:10", "kind": "INFO", "message": "Will write TRAP file /Users/macbook/Octo/static_analysis_codeql_1/codeql-kotlin.db/trap/java/classes/com/fasterxml/jackson/databind/util/internal/PrivateMaxEntriesMap$Node.members/PrivateMaxEntriesMap$Node.members#52.0-1752886142000-kotlin.trap.gz" }
{ "origin": "CodeQL Kotlin extractor", "timestamp": "2026-09-27 14:18:10", "kind": "INFO", "message": "Finished writing TRAP file /Users/macbook/Octo/static_analysis_codeql_1/codeql-kotlin.db/trap/java/classes/com/fasterxml/jackson/databind/util/internal/PrivateMaxEntriesMap$Node.members/PrivateMaxEntriesMap$Node.members#52.0-1752886142000-kotlin.trap.gz" }
{ "origin": "CodeQL Kotlin extractor", "timestamp": "2026-09-27 14:18:10", "kind": "INFO", "message": "Will write TRAP file /Users/macbook/Octo/static_analysis_codeql_1/codeql-kotlin.db/trap/java/classes/com/fasterxml/jackson/databind/util/internal/PrivateMaxEntriesMap$WriteThroughEntry.members/PrivateMaxEntriesMap$WriteThroughEntry.members#52.0-1752886142000-kotlin.trap.gz" }
{ "origin": "CodeQL Kotlin extractor", "timestamp": "2026-09-27 14:18:10", "kind": "INFO", "message": "Finished writing TRAP file /Users/macbook/Octo/static_analysis_codeql_1/codeql-kotlin.db/trap/java/classes/com/fasterxml/jackson/databind/util/internal/PrivateMaxEntriesMap$WriteThroughEntry.members/PrivateMaxEntriesMap$WriteThroughEntry.members#52.0-1752886142000-kotlin.trap.gz" }
{ "origin": "CodeQL Kotlin extractor", "timestamp": "2026-09-27 14:18:10", "kind": "INFO", "message": "Will write TRAP file /Users/macbook/Octo/static_analysis_codeql_1/codeql-kotlin.db/trap/java/classes/com/fasterxml/jackson/databind/util/internal/PrivateMaxEntriesMap$EntryIterator.members/PrivateMaxEntriesMap$EntryIterator.members#52.0-1752886142000-kotlin.trap.gz" }
{ "origin": "CodeQL Kotlin extractor", "timestamp": "2026-09-27 14:18:10", "kind": "INFO", "message": "Finished writing TRAP file /Users/macbook/Octo/static_analysis_codeql_1/codeql-kotlin.db/trap/java/classes/com/fasterxml/jackson/databind/util/internal/PrivateMaxEntriesMap$EntryIterator.members/PrivateMaxEntriesMap$EntryIterator.members#52.0-1752886142000-kotlin.trap.gz" }
{ "origin": "CodeQL Kotlin extractor", "timestamp": "2026-09-27 14:18:10", "kind": "INFO", "message": "Will write TRAP file /Users/macbook/Octo/static_analysis_codeql_1/codeql-kotlin.db/trap/java/classes/com/fasterxml/jackson/databind/util/internal/PrivateMaxEntriesMap$KeySet.members/PrivateMaxEntriesMap$KeySet.members#52.0-1752886142000-kotlin.trap.gz" }
{ "origin": "CodeQL Kotlin extractor", "timestamp": "2026-09-27 14:18:10", "kind": "INFO", "message": "Finished writing TRAP file /Users/macbook/Octo/static_analysis_codeql_1/codeql-kotlin.db/trap/java/classes/com/fasterxml/jackson/databind/util/internal/PrivateMaxEntriesMap$KeySet.members/PrivateMaxEntriesMap$KeySet.members#52.0-1752886142000-kotlin.trap.gz" }
{ "origin": "CodeQL Kotlin extractor", "timestamp": "2026-09-27 14:18:10", "kind": "INFO", "message": "Will write TRAP file /Users/macbook/Octo/static_analysis_codeql_1/codeql-kotlin.db/trap/java/classes/com/fasterxml/jackson/databind/util/internal/PrivateMaxEntriesMap$WeightedValue.members/PrivateMaxEntriesMap$WeightedValue.members#52.0-1752886142000-kotlin.trap.gz" }
{ "origin": "CodeQL Kotlin extractor", "timestamp": "2026-09-27 14:18:10", "kind": "INFO", "message": "Finished writing TRAP file /Users/macbook/Octo/static_analysis_codeql_1/codeql-kotlin.db/trap/java/classes/com/fasterxml/jackson/databind/util/internal/PrivateMaxEntriesMap$WeightedValue.members/PrivateMaxEntriesMap$WeightedValue.members#52.0-1752886142000-kotlin.trap.gz" }
{ "origin": "CodeQL Kotlin extractor", "timestamp": "2026-09-27 14:18:10", "kind": "INFO", "message": "Will write TRAP file /Users/macbook/Octo/static_analysis_codeql_1/codeql-kotlin.db/trap/java/classes/com/fasterxml/jackson/databind/util/internal/PrivateMaxEntriesMap$KeyIterator.members/PrivateMaxEntriesMap$KeyIterator.members#52.0-1752886142000-kotlin.trap.gz" }
{ "origin": "CodeQL Kotlin extractor", "timestamp": "2026-09-27 14:18:10", "kind": "INFO", "message": "Finished writing TRAP file /Users/macbook/Octo/static_analysis_codeql_1/codeql-kotlin.db/trap/java/classes/com/fasterxml/jackson/databind/util/internal/PrivateMaxEntriesMap$KeyIterator.members/PrivateMaxEntriesMap$KeyIterator.members#52.0-1752886142000-kotlin.trap.gz" }
{ "origin": "CodeQL Kotlin extractor", "timestamp": "2026-09-27 14:18:10", "kind": "INFO", "message": "Will write TRAP file /Users/macbook/Octo/static_analysis_codeql_1/codeql-kotlin.db/trap/java/classes/com/fasterxml/jackson/databind/util/internal/PrivateMaxEntriesMap$UpdateTask.members/PrivateMaxEntriesMap$UpdateTask.members#52.0-1752886142000-kotlin.trap.gz" }
{ "origin": "CodeQL Kotlin extractor", "timestamp": "2026-09-27 14:18:10", "kind": "INFO", "message": "Finished writing TRAP file /Users/macbook/Octo/static_analysis_codeql_1/codeql-kotlin.db/trap/java/classes/com/fasterxml/jackson/databind/util/internal/PrivateMaxEntriesMap$UpdateTask.members/PrivateMaxEntriesMap$UpdateTask.members#52.0-1752886142000-kotlin.trap.gz" }
{ "origin": "CodeQL Kotlin extractor", "timestamp": "2026-09-27 14:18:10", "kind": "INFO", "message": "Will write TRAP file /Users/macbook/Octo/static_analysis_codeql_1/codeql-kotlin.db/trap/java/classes/com/fasterxml/jackson/databind/util/internal/PrivateMaxEntriesMap$DrainStatus.members/PrivateMaxEntriesMap$DrainStatus.members#52.0-1752886142000-kotlin.trap.gz" }
{ "origin": "CodeQL Kotlin extractor", "timestamp": "2026-09-27 14:18:10", "kind": "INFO", "message": "Finished writing TRAP file /Users/macbook/Octo/static_analysis_codeql_1/codeql-kotlin.db/trap/java/classes/com/fasterxml/jackson/databind/util/internal/PrivateMaxEntriesMap$DrainStatus.members/PrivateMaxEntriesMap$DrainStatus.members#52.0-1752886142000-kotlin.trap.gz" }
{ "origin": "CodeQL Kotlin extractor", "timestamp": "2026-09-27 14:18:10", "kind": "INFO", "message": "Will write TRAP file /Users/macbook/Octo/static_analysis_codeql_1/codeql-kotlin.db/trap/java/classes/com/fasterxml/jackson/databind/util/internal/PrivateMaxEntriesMap$Values.members/PrivateMaxEntriesMap$Values.members#52.0-1752886142000-kotlin.trap.gz" }
{ "origin": "CodeQL Kotlin extractor", "timestamp": "2026-09-27 14:18:10", "kind": "INFO", "message": "Finished writing TRAP file /Users/macbook/Octo/static_analysis_codeql_1/codeql-kotlin.db/trap/java/classes/com/fasterxml/jackson/databind/util/internal/PrivateMaxEntriesMap$Values.members/PrivateMaxEntriesMap$Values.members#52.0-1752886142000-kotlin.trap.gz" }
{ "origin": "CodeQL Kotlin extractor", "timestamp": "2026-09-27 14:18:10", "kind": "INFO", "message": "Will write TRAP file /Users/macbook/Octo/static_analysis_codeql_1/codeql-kotlin.db/trap/java/classes/com/fasterxml/jackson/databind/util/internal/PrivateMaxEntriesMap$ValueIterator.members/PrivateMaxEntriesMap$ValueIterator.members#52.0-1752886142000-kotlin.trap.gz" }
{ "origin": "CodeQL Kotlin extractor", "timestamp": "2026-09-27 14:18:10", "kind": "INFO", "message": "Finished writing TRAP file /Users/macbook/Octo/static_analysis_codeql_1/codeql-kotlin.db/trap/java/classes/com/fasterxml/jackson/databind/util/internal/PrivateMaxEntriesMap$ValueIterator.members/PrivateMaxEntriesMap$ValueIterator.members#52.0-1752886142000-kotlin.trap.gz" }
{ "origin": "CodeQL Kotlin extractor", "timestamp": "2026-09-27 14:18:10", "kind": "INFO", "message": "Will write TRAP file /Users/macbook/Octo/static_analysis_codeql_1/codeql-kotlin.db/trap/java/classes/com/fasterxml/jackson/databind/util/internal/PrivateMaxEntriesMap$AddTask.members/PrivateMaxEntriesMap$AddTask.members#52.0-1752886142000-kotlin.trap.gz" }
{ "origin": "CodeQL Kotlin extractor", "timestamp": "2026-09-27 14:18:10", "kind": "INFO", "message": "Finished writing TRAP file /Users/macbook/Octo/static_analysis_codeql_1/codeql-kotlin.db/trap/java/classes/com/fasterxml/jackson/databind/util/internal/PrivateMaxEntriesMap$AddTask.members/PrivateMaxEntriesMap$AddTask.members#52.0-1752886142000-kotlin.trap.gz" }
{ "origin": "CodeQL Kotlin extractor", "timestamp": "2026-09-27 14:18:10", "kind": "INFO", "message": "Will write TRAP file /Users/macbook/Octo/static_analysis_codeql_1/codeql-kotlin.db/trap/java/classes/com/fasterxml/jackson/databind/util/internal/PrivateMaxEntriesMap$EntrySet.members/PrivateMaxEntriesMap$EntrySet.members#52.0-1752886142000-kotlin.trap.gz" }
{ "origin": "CodeQL Kotlin extractor", "timestamp": "2026-09-27 14:18:10", "kind": "INFO", "message": "Finished writing TRAP file /Users/macbook/Octo/static_analysis_codeql_1/codeql-kotlin.db/trap/java/classes/com/fasterxml/jackson/databind/util/internal/PrivateMaxEntriesMap$EntrySet.members/PrivateMaxEntriesMap$EntrySet.members#52.0-1752886142000-kotlin.trap.gz" }
{ "origin": "CodeQL Kotlin extractor", "timestamp": "2026-09-27 14:18:10", "kind": "INFO", "message": "Will write TRAP file /Users/macbook/Octo/static_analysis_codeql_1/codeql-kotlin.db/trap/java/classes/com/fasterxml/jackson/databind/util/internal/PrivateMaxEntriesMap$RemovalTask.members/PrivateMaxEntriesMap$RemovalTask.members#52.0-1752886142000-kotlin.trap.gz" }
{ "origin": "CodeQL Kotlin extractor", "timestamp": "2026-09-27 14:18:10", "kind": "INFO", "message": "Finished writing TRAP file /Users/macbook/Octo/static_analysis_codeql_1/codeql-kotlin.db/trap/java/classes/com/fasterxml/jackson/databind/util/internal/PrivateMaxEntriesMap$RemovalTask.members/PrivateMaxEntriesMap$RemovalTask.members#52.0-1752886142000-kotlin.trap.gz" }
{ "origin": "CodeQL Kotlin extractor", "timestamp": "2026-09-27 14:18:10", "kind": "INFO", "message": "Will write TRAP file /Users/macbook/Octo/static_analysis_codeql_1/codeql-kotlin.db/trap/java/classes/com/fasterxml/jackson/databind/util/internal/PrivateMaxEntriesMap$SerializationProxy.members/PrivateMaxEntriesMap$SerializationProxy.members#52.0-1752886142000-kotlin.trap.gz" }
{ "origin": "CodeQL Kotlin extractor", "timestamp": "2026-09-27 14:18:10", "kind": "INFO", "message": "Finished writing TRAP file /Users/macbook/Octo/static_analysis_codeql_1/codeql-kotlin.db/trap/java/classes/com/fasterxml/jackson/databind/util/internal/PrivateMaxEntriesMap$SerializationProxy.members/PrivateMaxEntriesMap$SerializationProxy.members#52.0-1752886142000-kotlin.trap.gz" }
{ "origin": "CodeQL Kotlin extractor", "timestamp": "2026-09-27 14:18:10", "kind": "INFO", "message": "Will write TRAP file /Users/macbook/Octo/static_analysis_codeql_1/codeql-kotlin.db/trap/java/classes/com/fasterxml/jackson/databind/util/internal/Linked.members/Linked.members#52.0-1752886142000-kotlin.trap.gz" }
{ "origin": "CodeQL Kotlin extractor", "timestamp": "2026-09-27 14:18:10", "kind": "INFO", "message": "Finished writing TRAP file /Users/macbook/Octo/static_analysis_codeql_1/codeql-kotlin.db/trap/java/classes/com/fasterxml/jackson/databind/util/internal/Linked.members/Linked.members#52.0-1752886142000-kotlin.trap.gz" }
{ "origin": "CodeQL Kotlin extractor", "timestamp": "2026-09-27 14:18:10", "kind": "INFO", "message": "Will write TRAP file /Users/macbook/Octo/static_analysis_codeql_1/codeql-kotlin.db/trap/java/classes/com/fasterxml/jackson/databind/util/internal/LinkedDeque.members/LinkedDeque.members#52.0-1752886142000-kotlin.trap.gz" }
{ "origin": "CodeQL Kotlin extractor", "timestamp": "2026-09-27 14:18:10", "kind": "INFO", "message": "Finished writing TRAP file /Users/macbook/Octo/static_analysis_codeql_1/codeql-kotlin.db/trap/java/classes/com/fasterxml/jackson/databind/util/internal/LinkedDeque.members/LinkedDeque.members#52.0-1752886142000-kotlin.trap.gz" }
{ "origin": "CodeQL Kotlin extractor", "timestamp": "2026-09-27 14:18:10", "kind": "INFO", "message": "Will write TRAP file /Users/macbook/Octo/static_analysis_codeql_1/codeql-kotlin.db/trap/java/classes/java/util/concurrent/atomic/AtomicLong.members/AtomicLong.members#65.0-1789983753036-kotlin.trap.gz" }
{ "origin": "CodeQL Kotlin extractor", "timestamp": "2026-09-27 14:18:10", "kind": "INFO", "message": "Finished writing TRAP file /Users/macbook/Octo/static_analysis_codeql_1/codeql-kotlin.db/trap/java/classes/java/util/concurrent/atomic/AtomicLong.members/AtomicLong.members#65.0-1789983753036-kotlin.trap.gz" }
{ "origin": "CodeQL Kotlin extractor", "timestamp": "2026-09-27 14:18:10", "kind": "INFO", "message": "Skipping extracting external decl Lock" }
{ "origin": "CodeQL Kotlin extractor", "timestamp": "2026-09-27 14:18:10", "kind": "INFO", "message": "Skipping extracting external decl Runnable" }
{ "origin": "CodeQL Kotlin extractor", "timestamp": "2026-09-27 14:18:10", "kind": "INFO", "message": "Will write TRAP file /Users/macbook/Octo/static_analysis_codeql_1/codeql-kotlin.db/trap/java/classes/java/util/concurrent/atomic/AtomicLongArray.members/AtomicLongArray.members#65.0-1789983753036-kotlin.trap.gz" }
{ "origin": "CodeQL Kotlin extractor", "timestamp": "2026-09-27 14:18:10", "kind": "INFO", "message": "Finished writing TRAP file /Users/macbook/Octo/static_analysis_codeql_1/codeql-kotlin.db/trap/java/classes/java/util/concurrent/atomic/AtomicLongArray.members/AtomicLongArray.members#65.0-1789983753036-kotlin.trap.gz" }
{ "origin": "CodeQL Kotlin extractor", "timestamp": "2026-09-27 14:18:10", "kind": "INFO", "message": "Will write TRAP file /Users/macbook/Octo/static_analysis_codeql_1/codeql-kotlin.db/trap/java/classes/com/fasterxml/jackson/databind/type/IdentityEqualityType.members/IdentityEqualityType.members#52.0-1752886142000-kotlin.trap.gz" }
{ "origin": "CodeQL Kotlin extractor", "timestamp": "2026-09-27 14:18:10", "kind": "INFO", "message": "Finished writing TRAP file /Users/macbook/Octo/static_analysis_codeql_1/codeql-kotlin.db/trap/java/classes/com/fasterxml/jackson/databind/type/IdentityEqualityType.members/IdentityEqualityType.members#52.0-1752886142000-kotlin.trap.gz" }
{ "origin": "CodeQL Kotlin extractor", "timestamp": "2026-09-27 14:18:10", "kind": "INFO", "message": "Will write TRAP file /Users/macbook/Octo/static_analysis_codeql_1/codeql-kotlin.db/trap/java/classes/com/fasterxml/jackson/databind/introspect/TypeResolutionContext$Empty.members/TypeResolutionContext$Empty.members#52.0-1752886142000-kotlin.trap.gz" }
{ "origin": "CodeQL Kotlin extractor", "timestamp": "2026-09-27 14:18:10", "kind": "INFO", "message": "Finished writing TRAP file /Users/macbook/Octo/static_analysis_codeql_1/codeql-kotlin.db/trap/java/classes/com/fasterxml/jackson/databind/introspect/TypeResolutionContext$Empty.members/TypeResolutionContext$Empty.members#52.0-1752886142000-kotlin.trap.gz" }
{ "origin": "CodeQL Kotlin extractor", "timestamp": "2026-09-27 14:18:10", "kind": "INFO", "message": "Will write TRAP file /Users/macbook/Octo/static_analysis_codeql_1/codeql-kotlin.db/trap/java/classes/com/fasterxml/jackson/databind/introspect/TypeResolutionContext$Basic.members/TypeResolutionContext$Basic.members#52.0-1752886142000-kotlin.trap.gz" }
{ "origin": "CodeQL Kotlin extractor", "timestamp": "2026-09-27 14:18:10", "kind": "INFO", "message": "Finished writing TRAP file /Users/macbook/Octo/static_analysis_codeql_1/codeql-kotlin.db/trap/java/classes/com/fasterxml/jackson/databind/introspect/TypeResolutionContext$Basic.members/TypeResolutionContext$Basic.members#52.0-1752886142000-kotlin.trap.gz" }
{ "origin": "CodeQL Kotlin extractor", "timestamp": "2026-09-27 14:18:10", "kind": "INFO", "message": "Will write TRAP file /Users/macbook/Octo/static_analysis_codeql_1/codeql-kotlin.db/trap/java/classes/com/fasterxml/jackson/databind/introspect/MemberKey.members/MemberKey.members#52.0-1752886142000-kotlin.trap.gz" }
{ "origin": "CodeQL Kotlin extractor", "timestamp": "2026-09-27 14:18:10", "kind": "INFO", "message": "Finished writing TRAP file /Users/macbook/Octo/static_analysis_codeql_1/codeql-kotlin.db/trap/java/classes/com/fasterxml/jackson/databind/introspect/MemberKey.members/MemberKey.members#52.0-1752886142000-kotlin.trap.gz" }
{ "origin": "CodeQL Kotlin extractor", "timestamp": "2026-09-27 14:18:10", "kind": "INFO", "message": "Skipping extracting external decl Constructor" }
{ "origin": "CodeQL Kotlin extractor", "timestamp": "2026-09-27 14:18:10", "kind": "INFO", "message": "Skipping extracting external decl Executable" }
{ "origin": "CodeQL Kotlin extractor", "timestamp": "2026-09-27 14:18:10", "kind": "INFO", "message": "Will write TRAP file /Users/macbook/Octo/static_analysis_codeql_1/codeql-kotlin.db/trap/java/classes/com/fasterxml/jackson/databind/introspect/AnnotatedConstructor$Serialization.members/AnnotatedConstructor$Serialization.members#52.0-1752886142000-kotlin.trap.gz" }
{ "origin": "CodeQL Kotlin extractor", "timestamp": "2026-09-27 14:18:10", "kind": "INFO", "message": "Finished writing TRAP file /Users/macbook/Octo/static_analysis_codeql_1/codeql-kotlin.db/trap/java/classes/com/fasterxml/jackson/databind/introspect/AnnotatedConstructor$Serialization.members/AnnotatedConstructor$Serialization.members#52.0-1752886142000-kotlin.trap.gz" }
{ "origin": "CodeQL Kotlin extractor", "timestamp": "2026-09-27 14:18:10", "kind": "INFO", "message": "Skipping extracting external decl OptBoolean" }
{ "origin": "CodeQL Kotlin extractor", "timestamp": "2026-09-27 14:18:10", "kind": "INFO", "message": "Skipping extracting external decl ObjectOutput" }
{ "origin": "CodeQL Kotlin extractor", "timestamp": "2026-09-27 14:18:10", "kind": "INFO", "message": "Skipping extracting external decl ObjectInput" }
{ "origin": "CodeQL Kotlin extractor", "timestamp": "2026-09-27 14:18:10", "kind": "INFO", "message": "Will write TRAP file /Users/macbook/Octo/static_analysis_codeql_1/codeql-kotlin.db/trap/java/classes/java/io/Externalizable.members/Externalizable.members#65.0-1789983753036-kotlin.trap.gz" }
{ "origin": "CodeQL Kotlin extractor", "timestamp": "2026-09-27 14:18:10", "kind": "INFO", "message": "Finished writing TRAP file /Users/macbook/Octo/static_analysis_codeql_1/codeql-kotlin.db/trap/java/classes/java/io/Externalizable.members/Externalizable.members#65.0-1789983753036-kotlin.trap.gz" }
{ "origin": "CodeQL Kotlin extractor", "timestamp": "2026-09-27 14:18:10", "kind": "INFO", "message": "Will write TRAP file /Users/macbook/Octo/static_analysis_codeql_1/codeql-kotlin.db/trap/java/classes/com/fasterxml/jackson/databind/ser/impl/PropertySerializerMap$SerializerAndMapResult.members/PropertySerializerMap$SerializerAndMapResult.members#52.0-1752886142000-kotlin.trap.gz" }
{ "origin": "CodeQL Kotlin extractor", "timestamp": "2026-09-27 14:18:10", "kind": "INFO", "message": "Finished writing TRAP file /Users/macbook/Octo/static_analysis_codeql_1/codeql-kotlin.db/trap/java/classes/com/fasterxml/jackson/databind/ser/impl/PropertySerializerMap$SerializerAndMapResult.members/PropertySerializerMap$SerializerAndMapResult.members#52.0-1752886142000-kotlin.trap.gz" }
{ "origin": "CodeQL Kotlin extractor", "timestamp": "2026-09-27 14:18:10", "kind": "INFO", "message": "Will write TRAP file /Users/macbook/Octo/static_analysis_codeql_1/codeql-kotlin.db/trap/java/classes/com/fasterxml/jackson/core/JacksonException.members/JacksonException.members#52.0-1752860368000-kotlin.trap.gz" }
{ "origin": "CodeQL Kotlin extractor", "timestamp": "2026-09-27 14:18:10", "kind": "INFO", "message": "Finished writing TRAP file /Users/macbook/Octo/static_analysis_codeql_1/codeql-kotlin.db/trap/java/classes/com/fasterxml/jackson/core/JacksonException.members/JacksonException.members#52.0-1752860368000-kotlin.trap.gz" }
{ "origin": "CodeQL Kotlin extractor", "timestamp": "2026-09-27 14:18:10", "kind": "INFO", "message": "Will write TRAP file /Users/macbook/Octo/static_analysis_codeql_1/codeql-kotlin.db/trap/java/classes/java/util/TreeMap.members/TreeMap.members#65.0-1789983753036-kotlin.trap.gz" }
{ "origin": "CodeQL Kotlin extractor", "timestamp": "2026-09-27 14:18:10", "kind": "INFO", "message": "Finished writing TRAP file /Users/macbook/Octo/static_analysis_codeql_1/codeql-kotlin.db/trap/java/classes/java/util/TreeMap.members/TreeMap.members#65.0-1789983753036-kotlin.trap.gz" }
{ "origin": "CodeQL Kotlin extractor", "timestamp": "2026-09-27 14:18:10", "kind": "INFO", "message": "Will write TRAP file /Users/macbook/Octo/static_analysis_codeql_1/codeql-kotlin.db/trap/java/classes/java/util/NavigableMap.members/NavigableMap.members#65.0-1789983753036-kotlin.trap.gz" }
{ "origin": "CodeQL Kotlin extractor", "timestamp": "2026-09-27 14:18:10", "kind": "INFO", "message": "Finished writing TRAP file /Users/macbook/Octo/static_analysis_codeql_1/codeql-kotlin.db/trap/java/classes/java/util/NavigableMap.members/NavigableMap.members#65.0-1789983753036-kotlin.trap.gz" }
{ "origin": "CodeQL Kotlin extractor", "timestamp": "2026-09-27 14:18:10", "kind": "INFO", "message": "Skipping extracting external decl SortedMap" }
{ "origin": "CodeQL Kotlin extractor", "timestamp": "2026-09-27 14:18:10", "kind": "INFO", "message": "Will write TRAP file /Users/macbook/Octo/static_analysis_codeql_1/codeql-kotlin.db/trap/java/classes/com/fasterxml/jackson/databind/util/TokenBufferReadContext.members/TokenBufferReadContext.members#52.0-1752886142000-kotlin.trap.gz" }
{ "origin": "CodeQL Kotlin extractor", "timestamp": "2026-09-27 14:18:10", "kind": "INFO", "message": "Finished writing TRAP file /Users/macbook/Octo/static_analysis_codeql_1/codeql-kotlin.db/trap/java/classes/com/fasterxml/jackson/databind/util/TokenBufferReadContext.members/TokenBufferReadContext.members#52.0-1752886142000-kotlin.trap.gz" }
{ "origin": "CodeQL Kotlin extractor", "timestamp": "2026-09-27 14:18:10", "kind": "INFO", "message": "Will write TRAP file /Users/macbook/Octo/static_analysis_codeql_1/codeql-kotlin.db/trap/java/classes/com/fasterxml/jackson/core/base/ParserMinimalBase.members/ParserMinimalBase.members#52.0-1752860368000-kotlin.trap.gz" }
{ "origin": "CodeQL Kotlin extractor", "timestamp": "2026-09-27 14:18:10", "kind": "INFO", "message": "Finished writing TRAP file /Users/macbook/Octo/static_analysis_codeql_1/codeql-kotlin.db/trap/java/classes/com/fasterxml/jackson/core/base/ParserMinimalBase.members/ParserMinimalBase.members#52.0-1752860368000-kotlin.trap.gz" }
{ "origin": "CodeQL Kotlin extractor", "timestamp": "2026-09-27 14:18:10", "kind": "INFO", "message": "Will write TRAP file /Users/macbook/Octo/static_analysis_codeql_1/codeql-kotlin.db/trap/java/classes/com/fasterxml/jackson/core/json/DupDetector.members/DupDetector.members#52.0-1752860368000-kotlin.trap.gz" }
{ "origin": "CodeQL Kotlin extractor", "timestamp": "2026-09-27 14:18:10", "kind": "INFO", "message": "Finished writing TRAP file /Users/macbook/Octo/static_analysis_codeql_1/codeql-kotlin.db/trap/java/classes/com/fasterxml/jackson/core/json/DupDetector.members/DupDetector.members#52.0-1752860368000-kotlin.trap.gz" }
{ "origin": "CodeQL Kotlin extractor", "timestamp": "2026-09-27 14:18:10", "kind": "INFO", "message": "Will write TRAP file /Users/macbook/Octo/static_analysis_codeql_1/codeql-kotlin.db/trap/java/classes/com/fasterxml/jackson/databind/deser/impl/PropertyValue.members/PropertyValue.members#52.0-1752886142000-kotlin.trap.gz" }
{ "origin": "CodeQL Kotlin extractor", "timestamp": "2026-09-27 14:18:10", "kind": "INFO", "message": "Finished writing TRAP file /Users/macbook/Octo/static_analysis_codeql_1/codeql-kotlin.db/trap/java/classes/com/fasterxml/jackson/databind/deser/impl/PropertyValue.members/PropertyValue.members#52.0-1752886142000-kotlin.trap.gz" }
{ "origin": "CodeQL Kotlin extractor", "timestamp": "2026-09-27 14:18:10", "kind": "INFO", "message": "Will write TRAP file /Users/macbook/Octo/static_analysis_codeql_1/codeql-kotlin.db/trap/java/classes/com/fasterxml/jackson/databind/annotation/JsonSerialize$Inclusion.members/JsonSerialize$Inclusion.members#52.0-1752886142000-kotlin.trap.gz" }
{ "origin": "CodeQL Kotlin extractor", "timestamp": "2026-09-27 14:18:10", "kind": "INFO", "message": "Finished writing TRAP file /Users/macbook/Octo/static_analysis_codeql_1/codeql-kotlin.db/trap/java/classes/com/fasterxml/jackson/databind/annotation/JsonSerialize$Inclusion.members/JsonSerialize$Inclusion.members#52.0-1752886142000-kotlin.trap.gz" }
{ "origin": "CodeQL Kotlin extractor", "timestamp": "2026-09-27 14:18:10", "kind": "INFO", "message": "Will write TRAP file /Users/macbook/Octo/static_analysis_codeql_1/codeql-kotlin.db/trap/java/classes/com/fasterxml/jackson/databind/jsonFormatVisitors/JsonValueFormatVisitor$Base.members/JsonValueFormatVisitor$Base.members#52.0-1752886142000-kotlin.trap.gz" }
{ "origin": "CodeQL Kotlin extractor", "timestamp": "2026-09-27 14:18:10", "kind": "INFO", "message": "Finished writing TRAP file /Users/macbook/Octo/static_analysis_codeql_1/codeql-kotlin.db/trap/java/classes/com/fasterxml/jackson/databind/jsonFormatVisitors/JsonValueFormatVisitor$Base.members/JsonValueFormatVisitor$Base.members#52.0-1752886142000-kotlin.trap.gz" }
{ "origin": "CodeQL Kotlin extractor", "timestamp": "2026-09-27 14:18:10", "kind": "INFO", "message": "Will write TRAP file /Users/macbook/Octo/static_analysis_codeql_1/codeql-kotlin.db/trap/java/classes/com/fasterxml/jackson/databind/jsonFormatVisitors/JsonValueFormat.members/JsonValueFormat.members#52.0-1752886142000-kotlin.trap.gz" }
{ "origin": "CodeQL Kotlin extractor", "timestamp": "2026-09-27 14:18:10", "kind": "INFO", "message": "Finished writing TRAP file /Users/macbook/Octo/static_analysis_codeql_1/codeql-kotlin.db/trap/java/classes/com/fasterxml/jackson/databind/jsonFormatVisitors/JsonValueFormat.members/JsonValueFormat.members#52.0-1752886142000-kotlin.trap.gz" }
{ "origin": "CodeQL Kotlin extractor", "timestamp": "2026-09-27 14:18:10", "kind": "INFO", "message": "Will write TRAP file /Users/macbook/Octo/static_analysis_codeql_1/codeql-kotlin.db/trap/java/classes/com/fasterxml/jackson/databind/deser/SettableAnyProperty$MapFieldAnyProperty.members/SettableAnyProperty$MapFieldAnyProperty.members#52.0-1752886142000-kotlin.trap.gz" }
{ "origin": "CodeQL Kotlin extractor", "timestamp": "2026-09-27 14:18:10", "kind": "INFO", "message": "Finished writing TRAP file /Users/macbook/Octo/static_analysis_codeql_1/codeql-kotlin.db/trap/java/classes/com/fasterxml/jackson/databind/deser/SettableAnyProperty$MapFieldAnyProperty.members/SettableAnyProperty$MapFieldAnyProperty.members#52.0-1752886142000-kotlin.trap.gz" }
{ "origin": "CodeQL Kotlin extractor", "timestamp": "2026-09-27 14:18:10", "kind": "INFO", "message": "Will write TRAP file /Users/macbook/Octo/static_analysis_codeql_1/codeql-kotlin.db/trap/java/classes/com/fasterxml/jackson/databind/deser/SettableAnyProperty$MapParameterAnyProperty.members/SettableAnyProperty$MapParameterAnyProperty.members#52.0-1752886142000-kotlin.trap.gz" }
{ "origin": "CodeQL Kotlin extractor", "timestamp": "2026-09-27 14:18:10", "kind": "INFO", "message": "Finished writing TRAP file /Users/macbook/Octo/static_analysis_codeql_1/codeql-kotlin.db/trap/java/classes/com/fasterxml/jackson/databind/deser/SettableAnyProperty$MapParameterAnyProperty.members/SettableAnyProperty$MapParameterAnyProperty.members#52.0-1752886142000-kotlin.trap.gz" }
{ "origin": "CodeQL Kotlin extractor", "timestamp": "2026-09-27 14:18:10", "kind": "INFO", "message": "Will write TRAP file /Users/macbook/Octo/static_analysis_codeql_1/codeql-kotlin.db/trap/java/classes/com/fasterxml/jackson/databind/deser/SettableAnyProperty$JsonNodeFieldAnyProperty.members/SettableAnyProperty$JsonNodeFieldAnyProperty.members#52.0-1752886142000-kotlin.trap.gz" }
{ "origin": "CodeQL Kotlin extractor", "timestamp": "2026-09-27 14:18:10", "kind": "INFO", "message": "Finished writing TRAP file /Users/macbook/Octo/static_analysis_codeql_1/codeql-kotlin.db/trap/java/classes/com/fasterxml/jackson/databind/deser/SettableAnyProperty$JsonNodeFieldAnyProperty.members/SettableAnyProperty$JsonNodeFieldAnyProperty.members#52.0-1752886142000-kotlin.trap.gz" }
{ "origin": "CodeQL Kotlin extractor", "timestamp": "2026-09-27 14:18:10", "kind": "INFO", "message": "Will write TRAP file /Users/macbook/Octo/static_analysis_codeql_1/codeql-kotlin.db/trap/java/classes/com/fasterxml/jackson/databind/deser/SettableAnyProperty$JsonNodeParameterAnyProperty.members/SettableAnyProperty$JsonNodeParameterAnyProperty.members#52.0-1752886142000-kotlin.trap.gz" }
{ "origin": "CodeQL Kotlin extractor", "timestamp": "2026-09-27 14:18:10", "kind": "INFO", "message": "Finished writing TRAP file /Users/macbook/Octo/static_analysis_codeql_1/codeql-kotlin.db/trap/java/classes/com/fasterxml/jackson/databind/deser/SettableAnyProperty$JsonNodeParameterAnyProperty.members/SettableAnyProperty$JsonNodeParameterAnyProperty.members#52.0-1752886142000-kotlin.trap.gz" }
{ "origin": "CodeQL Kotlin extractor", "timestamp": "2026-09-27 14:18:10", "kind": "INFO", "message": "Will write TRAP file /Users/macbook/Octo/static_analysis_codeql_1/codeql-kotlin.db/trap/java/classes/com/fasterxml/jackson/databind/deser/SettableAnyProperty$MethodAnyProperty.members/SettableAnyProperty$MethodAnyProperty.members#52.0-1752886142000-kotlin.trap.gz" }
{ "origin": "CodeQL Kotlin extractor", "timestamp": "2026-09-27 14:18:10", "kind": "INFO", "message": "Finished writing TRAP file /Users/macbook/Octo/static_analysis_codeql_1/codeql-kotlin.db/trap/java/classes/com/fasterxml/jackson/databind/deser/SettableAnyProperty$MethodAnyProperty.members/SettableAnyProperty$MethodAnyProperty.members#52.0-1752886142000-kotlin.trap.gz" }
{ "origin": "CodeQL Kotlin extractor", "timestamp": "2026-09-27 14:18:10", "kind": "INFO", "message": "Will write TRAP file /Users/macbook/Octo/static_analysis_codeql_1/codeql-kotlin.db/trap/java/classes/com/fasterxml/jackson/databind/deser/ContextualDeserializer.members/ContextualDeserializer.members#52.0-1752886142000-kotlin.trap.gz" }
{ "origin": "CodeQL Kotlin extractor", "timestamp": "2026-09-27 14:18:10", "kind": "INFO", "message": "Finished writing TRAP file /Users/macbook/Octo/static_analysis_codeql_1/codeql-kotlin.db/trap/java/classes/com/fasterxml/jackson/databind/deser/ContextualDeserializer.members/ContextualDeserializer.members#52.0-1752886142000-kotlin.trap.gz" }
{ "origin": "CodeQL Kotlin extractor", "timestamp": "2026-09-27 14:18:10", "kind": "INFO", "message": "Will write TRAP file /Users/macbook/Octo/static_analysis_codeql_1/codeql-kotlin.db/trap/java/classes/com/fasterxml/jackson/databind/ser/std/MapSerializer.members/MapSerializer.members#52.0-1752886142000-kotlin.trap.gz" }
{ "origin": "CodeQL Kotlin extractor", "timestamp": "2026-09-27 14:18:10", "kind": "INFO", "message": "Finished writing TRAP file /Users/macbook/Octo/static_analysis_codeql_1/codeql-kotlin.db/trap/java/classes/com/fasterxml/jackson/databind/ser/std/MapSerializer.members/MapSerializer.members#52.0-1752886142000-kotlin.trap.gz" }
{ "origin": "CodeQL Kotlin extractor", "timestamp": "2026-09-27 14:18:10", "kind": "INFO", "message": "Will write TRAP file /Users/macbook/Octo/static_analysis_codeql_1/codeql-kotlin.db/trap/java/classes/com/fasterxml/jackson/databind/ser/std/BeanSerializerBase.members/BeanSerializerBase.members#52.0-1752886142000-kotlin.trap.gz" }
{ "origin": "CodeQL Kotlin extractor", "timestamp": "2026-09-27 14:18:10", "kind": "INFO", "message": "Finished writing TRAP file /Users/macbook/Octo/static_analysis_codeql_1/codeql-kotlin.db/trap/java/classes/com/fasterxml/jackson/databind/ser/std/BeanSerializerBase.members/BeanSerializerBase.members#52.0-1752886142000-kotlin.trap.gz" }
{ "origin": "CodeQL Kotlin extractor", "timestamp": "2026-09-27 14:18:10", "kind": "INFO", "message": "Will write TRAP file /Users/macbook/Octo/static_analysis_codeql_1/codeql-kotlin.db/trap/java/classes/com/fasterxml/jackson/databind/deser/UnresolvedId.members/UnresolvedId.members#52.0-1752886142000-kotlin.trap.gz" }
{ "origin": "CodeQL Kotlin extractor", "timestamp": "2026-09-27 14:18:10", "kind": "INFO", "message": "Finished writing TRAP file /Users/macbook/Octo/static_analysis_codeql_1/codeql-kotlin.db/trap/java/classes/com/fasterxml/jackson/databind/deser/UnresolvedId.members/UnresolvedId.members#52.0-1752886142000-kotlin.trap.gz" }
{ "origin": "CodeQL Kotlin extractor", "timestamp": "2026-09-27 14:18:10", "kind": "INFO", "message": "Skipping extracting external decl SimpleEntry" }
{ "origin": "CodeQL Kotlin extractor", "timestamp": "2026-09-27 14:18:10", "kind": "INFO", "message": "Will write TRAP file /Users/macbook/Octo/static_analysis_codeql_1/codeql-kotlin.db/trap/java/classes/com/fasterxml/jackson/databind/util/internal/LinkedDeque$AbstractLinkedIterator.members/LinkedDeque$AbstractLinkedIterator.members#52.0-1752886142000-kotlin.trap.gz" }
{ "origin": "CodeQL Kotlin extractor", "timestamp": "2026-09-27 14:18:10", "kind": "INFO", "message": "Finished writing TRAP file /Users/macbook/Octo/static_analysis_codeql_1/codeql-kotlin.db/trap/java/classes/com/fasterxml/jackson/databind/util/internal/LinkedDeque$AbstractLinkedIterator.members/LinkedDeque$AbstractLinkedIterator.members#52.0-1752886142000-kotlin.trap.gz" }
{ "origin": "CodeQL Kotlin extractor", "timestamp": "2026-09-27 14:18:10", "kind": "INFO", "message": "Skipping extracting external decl LongUnaryOperator" }
{ "origin": "CodeQL Kotlin extractor", "timestamp": "2026-09-27 14:18:10", "kind": "INFO", "message": "Will write TRAP file /Users/macbook/Octo/static_analysis_codeql_1/codeql-kotlin.db/trap/java/classes/java/util/TreeMap$EntryIterator.members/TreeMap$EntryIterator.members#65.0-1789983753036-kotlin.trap.gz" }
{ "origin": "CodeQL Kotlin extractor", "timestamp": "2026-09-27 14:18:10", "kind": "INFO", "message": "Finished writing TRAP file /Users/macbook/Octo/static_analysis_codeql_1/codeql-kotlin.db/trap/java/classes/java/util/TreeMap$EntryIterator.members/TreeMap$EntryIterator.members#65.0-1789983753036-kotlin.trap.gz" }
{ "origin": "CodeQL Kotlin extractor", "timestamp": "2026-09-27 14:18:10", "kind": "INFO", "message": "Will write TRAP file /Users/macbook/Octo/static_analysis_codeql_1/codeql-kotlin.db/trap/java/classes/java/util/TreeMap$ValueSpliterator.members/TreeMap$ValueSpliterator.members#65.0-1789983753036-kotlin.trap.gz" }
{ "origin": "CodeQL Kotlin extractor", "timestamp": "2026-09-27 14:18:10", "kind": "INFO", "message": "Finished writing TRAP file /Users/macbook/Octo/static_analysis_codeql_1/codeql-kotlin.db/trap/java/classes/java/util/TreeMap$ValueSpliterator.members/TreeMap$ValueSpliterator.members#65.0-1789983753036-kotlin.trap.gz" }
{ "origin": "CodeQL Kotlin extractor", "timestamp": "2026-09-27 14:18:10", "kind": "INFO", "message": "Will write TRAP file /Users/macbook/Octo/static_analysis_codeql_1/codeql-kotlin.db/trap/java/classes/java/util/TreeMap$DescendingKeyIterator.members/TreeMap$DescendingKeyIterator.members#65.0-1789983753036-kotlin.trap.gz" }
{ "origin": "CodeQL Kotlin extractor", "timestamp": "2026-09-27 14:18:10", "kind": "INFO", "message": "Finished writing TRAP file /Users/macbook/Octo/static_analysis_codeql_1/codeql-kotlin.db/trap/java/classes/java/util/TreeMap$DescendingKeyIterator.members/TreeMap$DescendingKeyIterator.members#65.0-1789983753036-kotlin.trap.gz" }
{ "origin": "CodeQL Kotlin extractor", "timestamp": "2026-09-27 14:18:10", "kind": "INFO", "message": "Will write TRAP file /Users/macbook/Octo/static_analysis_codeql_1/codeql-kotlin.db/trap/java/classes/java/util/TreeMap$KeySet.members/TreeMap$KeySet.members#65.0-1789983753036-kotlin.trap.gz" }
{ "origin": "CodeQL Kotlin extractor", "timestamp": "2026-09-27 14:18:11", "kind": "INFO", "message": "Finished writing TRAP file /Users/macbook/Octo/static_analysis_codeql_1/codeql-kotlin.db/trap/java/classes/java/util/TreeMap$KeySet.members/TreeMap$KeySet.members#65.0-1789983753036-kotlin.trap.gz" }
{ "origin": "CodeQL Kotlin extractor", "timestamp": "2026-09-27 14:18:11", "kind": "INFO", "message": "Will write TRAP file /Users/macbook/Octo/static_analysis_codeql_1/codeql-kotlin.db/trap/java/classes/java/util/TreeMap$PrivateEntryIterator.members/TreeMap$PrivateEntryIterator.members#65.0-1789983753036-kotlin.trap.gz" }
{ "origin": "CodeQL Kotlin extractor", "timestamp": "2026-09-27 14:18:11", "kind": "INFO", "message": "Finished writing TRAP file /Users/macbook/Octo/static_analysis_codeql_1/codeql-kotlin.db/trap/java/classes/java/util/TreeMap$PrivateEntryIterator.members/TreeMap$PrivateEntryIterator.members#65.0-1789983753036-kotlin.trap.gz" }
{ "origin": "CodeQL Kotlin extractor", "timestamp": "2026-09-27 14:18:11", "kind": "INFO", "message": "Will write TRAP file /Users/macbook/Octo/static_analysis_codeql_1/codeql-kotlin.db/trap/java/classes/java/util/TreeMap$KeyIterator.members/TreeMap$KeyIterator.members#65.0-1789983753036-kotlin.trap.gz" }
{ "origin": "CodeQL Kotlin extractor", "timestamp": "2026-09-27 14:18:11", "kind": "INFO", "message": "Finished writing TRAP file /Users/macbook/Octo/static_analysis_codeql_1/codeql-kotlin.db/trap/java/classes/java/util/TreeMap$KeyIterator.members/TreeMap$KeyIterator.members#65.0-1789983753036-kotlin.trap.gz" }
{ "origin": "CodeQL Kotlin extractor", "timestamp": "2026-09-27 14:18:11", "kind": "INFO", "message": "Will write TRAP file /Users/macbook/Octo/static_analysis_codeql_1/codeql-kotlin.db/trap/java/classes/java/util/TreeMap$EntrySpliterator.members/TreeMap$EntrySpliterator.members#65.0-1789983753036-kotlin.trap.gz" }
{ "origin": "CodeQL Kotlin extractor", "timestamp": "2026-09-27 14:18:11", "kind": "INFO", "message": "Finished writing TRAP file /Users/macbook/Octo/static_analysis_codeql_1/codeql-kotlin.db/trap/java/classes/java/util/TreeMap$EntrySpliterator.members/TreeMap$EntrySpliterator.members#65.0-1789983753036-kotlin.trap.gz" }
{ "origin": "CodeQL Kotlin extractor", "timestamp": "2026-09-27 14:18:11", "kind": "INFO", "message": "Will write TRAP file /Users/macbook/Octo/static_analysis_codeql_1/codeql-kotlin.db/trap/java/classes/java/util/TreeMap$NavigableSubMap.members/TreeMap$NavigableSubMap.members#65.0-1789983753036-kotlin.trap.gz" }
{ "origin": "CodeQL Kotlin extractor", "timestamp": "2026-09-27 14:18:11", "kind": "INFO", "message": "Finished writing TRAP file /Users/macbook/Octo/static_analysis_codeql_1/codeql-kotlin.db/trap/java/classes/java/util/TreeMap$NavigableSubMap.members/TreeMap$NavigableSubMap.members#65.0-1789983753036-kotlin.trap.gz" }
{ "origin": "CodeQL Kotlin extractor", "timestamp": "2026-09-27 14:18:11", "kind": "INFO", "message": "Will write TRAP file /Users/macbook/Octo/static_analysis_codeql_1/codeql-kotlin.db/trap/java/classes/java/util/TreeMap$TreeMapSpliterator.members/TreeMap$TreeMapSpliterator.members#65.0-1789983753036-kotlin.trap.gz" }
{ "origin": "CodeQL Kotlin extractor", "timestamp": "2026-09-27 14:18:11", "kind": "INFO", "message": "Finished writing TRAP file /Users/macbook/Octo/static_analysis_codeql_1/codeql-kotlin.db/trap/java/classes/java/util/TreeMap$TreeMapSpliterator.members/TreeMap$TreeMapSpliterator.members#65.0-1789983753036-kotlin.trap.gz" }
{ "origin": "CodeQL Kotlin extractor", "timestamp": "2026-09-27 14:18:11", "kind": "INFO", "message": "Will write TRAP file /Users/macbook/Octo/static_analysis_codeql_1/codeql-kotlin.db/trap/java/classes/java/util/TreeMap$DescendingSubMap.members/TreeMap$DescendingSubMap.members#65.0-1789983753036-kotlin.trap.gz" }
{ "origin": "CodeQL Kotlin extractor", "timestamp": "2026-09-27 14:18:11", "kind": "INFO", "message": "Finished writing TRAP file /Users/macbook/Octo/static_analysis_codeql_1/codeql-kotlin.db/trap/java/classes/java/util/TreeMap$DescendingSubMap.members/TreeMap$DescendingSubMap.members#65.0-1789983753036-kotlin.trap.gz" }
{ "origin": "CodeQL Kotlin extractor", "timestamp": "2026-09-27 14:18:11", "kind": "INFO", "message": "Will write TRAP file /Users/macbook/Octo/static_analysis_codeql_1/codeql-kotlin.db/trap/java/classes/java/util/TreeMap$Values.members/TreeMap$Values.members#65.0-1789983753036-kotlin.trap.gz" }
{ "origin": "CodeQL Kotlin extractor", "timestamp": "2026-09-27 14:18:11", "kind": "INFO", "message": "Finished writing TRAP file /Users/macbook/Octo/static_analysis_codeql_1/codeql-kotlin.db/trap/java/classes/java/util/TreeMap$Values.members/TreeMap$Values.members#65.0-1789983753036-kotlin.trap.gz" }
{ "origin": "CodeQL Kotlin extractor", "timestamp": "2026-09-27 14:18:11", "kind": "INFO", "message": "Will write TRAP file /Users/macbook/Octo/static_analysis_codeql_1/codeql-kotlin.db/trap/java/classes/java/util/TreeMap$ValueIterator.members/TreeMap$ValueIterator.members#65.0-1789983753036-kotlin.trap.gz" }
{ "origin": "CodeQL Kotlin extractor", "timestamp": "2026-09-27 14:18:11", "kind": "INFO", "message": "Finished writing TRAP file /Users/macbook/Octo/static_analysis_codeql_1/codeql-kotlin.db/trap/java/classes/java/util/TreeMap$ValueIterator.members/TreeMap$ValueIterator.members#65.0-1789983753036-kotlin.trap.gz" }
{ "origin": "CodeQL Kotlin extractor", "timestamp": "2026-09-27 14:18:11", "kind": "INFO", "message": "Will write TRAP file /Users/macbook/Octo/static_analysis_codeql_1/codeql-kotlin.db/trap/java/classes/java/util/TreeMap$DescendingKeySpliterator.members/TreeMap$DescendingKeySpliterator.members#65.0-1789983753036-kotlin.trap.gz" }
{ "origin": "CodeQL Kotlin extractor", "timestamp": "2026-09-27 14:18:11", "kind": "INFO", "message": "Finished writing TRAP file /Users/macbook/Octo/static_analysis_codeql_1/codeql-kotlin.db/trap/java/classes/java/util/TreeMap$DescendingKeySpliterator.members/TreeMap$DescendingKeySpliterator.members#65.0-1789983753036-kotlin.trap.gz" }
{ "origin": "CodeQL Kotlin extractor", "timestamp": "2026-09-27 14:18:11", "kind": "INFO", "message": "Will write TRAP file /Users/macbook/Octo/static_analysis_codeql_1/codeql-kotlin.db/trap/java/classes/java/util/TreeMap$KeySpliterator.members/TreeMap$KeySpliterator.members#65.0-1789983753036-kotlin.trap.gz" }
{ "origin": "CodeQL Kotlin extractor", "timestamp": "2026-09-27 14:18:11", "kind": "INFO", "message": "Finished writing TRAP file /Users/macbook/Octo/static_analysis_codeql_1/codeql-kotlin.db/trap/java/classes/java/util/TreeMap$KeySpliterator.members/TreeMap$KeySpliterator.members#65.0-1789983753036-kotlin.trap.gz" }
{ "origin": "CodeQL Kotlin extractor", "timestamp": "2026-09-27 14:18:11", "kind": "INFO", "message": "Will write TRAP file /Users/macbook/Octo/static_analysis_codeql_1/codeql-kotlin.db/trap/java/classes/java/util/TreeMap$EntrySet.members/TreeMap$EntrySet.members#65.0-1789983753036-kotlin.trap.gz" }
{ "origin": "CodeQL Kotlin extractor", "timestamp": "2026-09-27 14:18:11", "kind": "INFO", "message": "Finished writing TRAP file /Users/macbook/Octo/static_analysis_codeql_1/codeql-kotlin.db/trap/java/classes/java/util/TreeMap$EntrySet.members/TreeMap$EntrySet.members#65.0-1789983753036-kotlin.trap.gz" }
{ "origin": "CodeQL Kotlin extractor", "timestamp": "2026-09-27 14:18:11", "kind": "INFO", "message": "Will write TRAP file /Users/macbook/Octo/static_analysis_codeql_1/codeql-kotlin.db/trap/java/classes/java/util/TreeMap$Entry.members/TreeMap$Entry.members#65.0-1789983753036-kotlin.trap.gz" }
{ "origin": "CodeQL Kotlin extractor", "timestamp": "2026-09-27 14:18:11", "kind": "INFO", "message": "Finished writing TRAP file /Users/macbook/Octo/static_analysis_codeql_1/codeql-kotlin.db/trap/java/classes/java/util/TreeMap$Entry.members/TreeMap$Entry.members#65.0-1789983753036-kotlin.trap.gz" }
{ "origin": "CodeQL Kotlin extractor", "timestamp": "2026-09-27 14:18:11", "kind": "INFO", "message": "Will write TRAP file /Users/macbook/Octo/static_analysis_codeql_1/codeql-kotlin.db/trap/java/classes/java/util/TreeMap$AscendingSubMap.members/TreeMap$AscendingSubMap.members#65.0-1789983753036-kotlin.trap.gz" }
{ "origin": "CodeQL Kotlin extractor", "timestamp": "2026-09-27 14:18:11", "kind": "INFO", "message": "Finished writing TRAP file /Users/macbook/Octo/static_analysis_codeql_1/codeql-kotlin.db/trap/java/classes/java/util/TreeMap$AscendingSubMap.members/TreeMap$AscendingSubMap.members#65.0-1789983753036-kotlin.trap.gz" }
{ "origin": "CodeQL Kotlin extractor", "timestamp": "2026-09-27 14:18:11", "kind": "INFO", "message": "Will write TRAP file /Users/macbook/Octo/static_analysis_codeql_1/codeql-kotlin.db/trap/java/classes/java/util/NavigableSet.members/NavigableSet.members#65.0-1789983753036-kotlin.trap.gz" }
{ "origin": "CodeQL Kotlin extractor", "timestamp": "2026-09-27 14:18:11", "kind": "INFO", "message": "Finished writing TRAP file /Users/macbook/Octo/static_analysis_codeql_1/codeql-kotlin.db/trap/java/classes/java/util/NavigableSet.members/NavigableSet.members#65.0-1789983753036-kotlin.trap.gz" }
{ "origin": "CodeQL Kotlin extractor", "timestamp": "2026-09-27 14:18:11", "kind": "INFO", "message": "Will write TRAP file /Users/macbook/Octo/static_analysis_codeql_1/codeql-kotlin.db/trap/java/classes/java/util/SortedSet.members/SortedSet.members#65.0-1789983753036-kotlin.trap.gz" }
{ "origin": "CodeQL Kotlin extractor", "timestamp": "2026-09-27 14:18:11", "kind": "INFO", "message": "Finished writing TRAP file /Users/macbook/Octo/static_analysis_codeql_1/codeql-kotlin.db/trap/java/classes/java/util/SortedSet.members/SortedSet.members#65.0-1789983753036-kotlin.trap.gz" }
{ "origin": "CodeQL Kotlin extractor", "timestamp": "2026-09-27 14:18:11", "kind": "INFO", "message": "Skipping extracting external decl ObjectInputStream" }
{ "origin": "CodeQL Kotlin extractor", "timestamp": "2026-09-27 14:18:11", "kind": "INFO", "message": "Will write TRAP file /Users/macbook/Octo/static_analysis_codeql_1/codeql-kotlin.db/trap/java/classes/com/fasterxml/jackson/databind/deser/impl/PropertyValue$Regular.members/PropertyValue$Regular.members#52.0-1752886142000-kotlin.trap.gz" }
{ "origin": "CodeQL Kotlin extractor", "timestamp": "2026-09-27 14:18:11", "kind": "INFO", "message": "Finished writing TRAP file /Users/macbook/Octo/static_analysis_codeql_1/codeql-kotlin.db/trap/java/classes/com/fasterxml/jackson/databind/deser/impl/PropertyValue$Regular.members/PropertyValue$Regular.members#52.0-1752886142000-kotlin.trap.gz" }
{ "origin": "CodeQL Kotlin extractor", "timestamp": "2026-09-27 14:18:11", "kind": "INFO", "message": "Will write TRAP file /Users/macbook/Octo/static_analysis_codeql_1/codeql-kotlin.db/trap/java/classes/com/fasterxml/jackson/databind/deser/impl/PropertyValue$Any.members/PropertyValue$Any.members#52.0-1752886142000-kotlin.trap.gz" }
{ "origin": "CodeQL Kotlin extractor", "timestamp": "2026-09-27 14:18:11", "kind": "INFO", "message": "Finished writing TRAP file /Users/macbook/Octo/static_analysis_codeql_1/codeql-kotlin.db/trap/java/classes/com/fasterxml/jackson/databind/deser/impl/PropertyValue$Any.members/PropertyValue$Any.members#52.0-1752886142000-kotlin.trap.gz" }
{ "origin": "CodeQL Kotlin extractor", "timestamp": "2026-09-27 14:18:11", "kind": "INFO", "message": "Will write TRAP file /Users/macbook/Octo/static_analysis_codeql_1/codeql-kotlin.db/trap/java/classes/com/fasterxml/jackson/databind/deser/impl/PropertyValue$AnyParameter.members/PropertyValue$AnyParameter.members#52.0-1752886142000-kotlin.trap.gz" }
{ "origin": "CodeQL Kotlin extractor", "timestamp": "2026-09-27 14:18:11", "kind": "INFO", "message": "Finished writing TRAP file /Users/macbook/Octo/static_analysis_codeql_1/codeql-kotlin.db/trap/java/classes/com/fasterxml/jackson/databind/deser/impl/PropertyValue$AnyParameter.members/PropertyValue$AnyParameter.members#52.0-1752886142000-kotlin.trap.gz" }
{ "origin": "CodeQL Kotlin extractor", "timestamp": "2026-09-27 14:18:11", "kind": "INFO", "message": "Will write TRAP file /Users/macbook/Octo/static_analysis_codeql_1/codeql-kotlin.db/trap/java/classes/com/fasterxml/jackson/databind/deser/impl/PropertyValue$Map.members/PropertyValue$Map.members#52.0-1752886142000-kotlin.trap.gz" }
{ "origin": "CodeQL Kotlin extractor", "timestamp": "2026-09-27 14:18:11", "kind": "INFO", "message": "Finished writing TRAP file /Users/macbook/Octo/static_analysis_codeql_1/codeql-kotlin.db/trap/java/classes/com/fasterxml/jackson/databind/deser/impl/PropertyValue$Map.members/PropertyValue$Map.members#52.0-1752886142000-kotlin.trap.gz" }
{ "origin": "CodeQL Kotlin extractor", "timestamp": "2026-09-27 14:18:11", "kind": "INFO", "message": "Will write TRAP file /Users/macbook/Octo/static_analysis_codeql_1/codeql-kotlin.db/trap/java/classes/com/fasterxml/jackson/databind/util/IgnorePropertiesUtil$Checker.members/IgnorePropertiesUtil$Checker.members#52.0-1752886142000-kotlin.trap.gz" }
{ "origin": "CodeQL Kotlin extractor", "timestamp": "2026-09-27 14:18:11", "kind": "INFO", "message": "Finished writing TRAP file /Users/macbook/Octo/static_analysis_codeql_1/codeql-kotlin.db/trap/java/classes/com/fasterxml/jackson/databind/util/IgnorePropertiesUtil$Checker.members/IgnorePropertiesUtil$Checker.members#52.0-1752886142000-kotlin.trap.gz" }
{ "origin": "CodeQL Kotlin extractor", "timestamp": "2026-09-27 14:18:11", "kind": "INFO", "message": "Will write TRAP file /Users/macbook/Octo/static_analysis_codeql_1/codeql-kotlin.db/trap/java/classes/com/fasterxml/jackson/databind/ser/ContainerSerializer.members/ContainerSerializer.members#52.0-1752886142000-kotlin.trap.gz" }
{ "origin": "CodeQL Kotlin extractor", "timestamp": "2026-09-27 14:18:11", "kind": "INFO", "message": "Finished writing TRAP file /Users/macbook/Octo/static_analysis_codeql_1/codeql-kotlin.db/trap/java/classes/com/fasterxml/jackson/databind/ser/ContainerSerializer.members/ContainerSerializer.members#52.0-1752886142000-kotlin.trap.gz" }
{ "origin": "CodeQL Kotlin extractor", "timestamp": "2026-09-27 14:18:11", "kind": "INFO", "message": "Will write TRAP file /Users/macbook/Octo/static_analysis_codeql_1/codeql-kotlin.db/trap/java/classes/com/fasterxml/jackson/databind/ser/std/StdSerializer.members/StdSerializer.members#52.0-1752886142000-kotlin.trap.gz" }
{ "origin": "CodeQL Kotlin extractor", "timestamp": "2026-09-27 14:18:11", "kind": "INFO", "message": "Finished writing TRAP file /Users/macbook/Octo/static_analysis_codeql_1/codeql-kotlin.db/trap/java/classes/com/fasterxml/jackson/databind/ser/std/StdSerializer.members/StdSerializer.members#52.0-1752886142000-kotlin.trap.gz" }
{ "origin": "CodeQL Kotlin extractor", "timestamp": "2026-09-27 14:18:11", "kind": "INFO", "message": "Will write TRAP file /Users/macbook/Octo/static_analysis_codeql_1/codeql-kotlin.db/trap/java/classes/com/fasterxml/jackson/databind/jsonschema/SchemaAware.members/SchemaAware.members#52.0-1752886142000-kotlin.trap.gz" }
{ "origin": "CodeQL Kotlin extractor", "timestamp": "2026-09-27 14:18:11", "kind": "INFO", "message": "Finished writing TRAP file /Users/macbook/Octo/static_analysis_codeql_1/codeql-kotlin.db/trap/java/classes/com/fasterxml/jackson/databind/jsonschema/SchemaAware.members/SchemaAware.members#52.0-1752886142000-kotlin.trap.gz" }
{ "origin": "CodeQL Kotlin extractor", "timestamp": "2026-09-27 14:18:11", "kind": "INFO", "message": "Will write TRAP file /Users/macbook/Octo/static_analysis_codeql_1/codeql-kotlin.db/trap/java/classes/com/fasterxml/jackson/databind/ser/ContextualSerializer.members/ContextualSerializer.members#52.0-1752886142000-kotlin.trap.gz" }
{ "origin": "CodeQL Kotlin extractor", "timestamp": "2026-09-27 14:18:11", "kind": "INFO", "message": "Finished writing TRAP file /Users/macbook/Octo/static_analysis_codeql_1/codeql-kotlin.db/trap/java/classes/com/fasterxml/jackson/databind/ser/ContextualSerializer.members/ContextualSerializer.members#52.0-1752886142000-kotlin.trap.gz" }
{ "origin": "CodeQL Kotlin extractor", "timestamp": "2026-09-27 14:18:11", "kind": "INFO", "message": "Will write TRAP file /Users/macbook/Octo/static_analysis_codeql_1/codeql-kotlin.db/trap/java/classes/com/fasterxml/jackson/databind/ser/ResolvableSerializer.members/ResolvableSerializer.members#52.0-1752886142000-kotlin.trap.gz" }
{ "origin": "CodeQL Kotlin extractor", "timestamp": "2026-09-27 14:18:11", "kind": "INFO", "message": "Finished writing TRAP file /Users/macbook/Octo/static_analysis_codeql_1/codeql-kotlin.db/trap/java/classes/com/fasterxml/jackson/databind/ser/ResolvableSerializer.members/ResolvableSerializer.members#52.0-1752886142000-kotlin.trap.gz" }
{ "origin": "CodeQL Kotlin extractor", "timestamp": "2026-09-27 14:18:11", "kind": "INFO", "message": "Will write TRAP file /Users/macbook/Octo/static_analysis_codeql_1/codeql-kotlin.db/trap/java/classes/java/util/TreeMap$NavigableSubMap$DescendingSubMapKeyIterator.members/TreeMap$NavigableSubMap$DescendingSubMapKeyIterator.members#65.0-1789983753036-kotlin.trap.gz" }
{ "origin": "CodeQL Kotlin extractor", "timestamp": "2026-09-27 14:18:11", "kind": "INFO", "message": "Finished writing TRAP file /Users/macbook/Octo/static_analysis_codeql_1/codeql-kotlin.db/trap/java/classes/java/util/TreeMap$NavigableSubMap$DescendingSubMapKeyIterator.members/TreeMap$NavigableSubMap$DescendingSubMapKeyIterator.members#65.0-1789983753036-kotlin.trap.gz" }
{ "origin": "CodeQL Kotlin extractor", "timestamp": "2026-09-27 14:18:11", "kind": "INFO", "message": "Will write TRAP file /Users/macbook/Octo/static_analysis_codeql_1/codeql-kotlin.db/trap/java/classes/java/util/TreeMap$NavigableSubMap$DescendingSubMapEntryIterator.members/TreeMap$NavigableSubMap$DescendingSubMapEntryIterator.members#65.0-1789983753036-kotlin.trap.gz" }
{ "origin": "CodeQL Kotlin extractor", "timestamp": "2026-09-27 14:18:11", "kind": "INFO", "message": "Finished writing TRAP file /Users/macbook/Octo/static_analysis_codeql_1/codeql-kotlin.db/trap/java/classes/java/util/TreeMap$NavigableSubMap$DescendingSubMapEntryIterator.members/TreeMap$NavigableSubMap$DescendingSubMapEntryIterator.members#65.0-1789983753036-kotlin.trap.gz" }
{ "origin": "CodeQL Kotlin extractor", "timestamp": "2026-09-27 14:18:11", "kind": "INFO", "message": "Will write TRAP file /Users/macbook/Octo/static_analysis_codeql_1/codeql-kotlin.db/trap/java/classes/java/util/TreeMap$NavigableSubMap$SubMapKeyIterator.members/TreeMap$NavigableSubMap$SubMapKeyIterator.members#65.0-1789983753036-kotlin.trap.gz" }
{ "origin": "CodeQL Kotlin extractor", "timestamp": "2026-09-27 14:18:11", "kind": "INFO", "message": "Finished writing TRAP file /Users/macbook/Octo/static_analysis_codeql_1/codeql-kotlin.db/trap/java/classes/java/util/TreeMap$NavigableSubMap$SubMapKeyIterator.members/TreeMap$NavigableSubMap$SubMapKeyIterator.members#65.0-1789983753036-kotlin.trap.gz" }
{ "origin": "CodeQL Kotlin extractor", "timestamp": "2026-09-27 14:18:11", "kind": "INFO", "message": "Will write TRAP file /Users/macbook/Octo/static_analysis_codeql_1/codeql-kotlin.db/trap/java/classes/java/util/TreeMap$NavigableSubMap$SubMapEntryIterator.members/TreeMap$NavigableSubMap$SubMapEntryIterator.members#65.0-1789983753036-kotlin.trap.gz" }
{ "origin": "CodeQL Kotlin extractor", "timestamp": "2026-09-27 14:18:11", "kind": "INFO", "message": "Finished writing TRAP file /Users/macbook/Octo/static_analysis_codeql_1/codeql-kotlin.db/trap/java/classes/java/util/TreeMap$NavigableSubMap$SubMapEntryIterator.members/TreeMap$NavigableSubMap$SubMapEntryIterator.members#65.0-1789983753036-kotlin.trap.gz" }
{ "origin": "CodeQL Kotlin extractor", "timestamp": "2026-09-27 14:18:11", "kind": "INFO", "message": "Will write TRAP file /Users/macbook/Octo/static_analysis_codeql_1/codeql-kotlin.db/trap/java/classes/java/util/TreeMap$NavigableSubMap$EntrySetView.members/TreeMap$NavigableSubMap$EntrySetView.members#65.0-1789983753036-kotlin.trap.gz" }
{ "origin": "CodeQL Kotlin extractor", "timestamp": "2026-09-27 14:18:11", "kind": "INFO", "message": "Finished writing TRAP file /Users/macbook/Octo/static_analysis_codeql_1/codeql-kotlin.db/trap/java/classes/java/util/TreeMap$NavigableSubMap$EntrySetView.members/TreeMap$NavigableSubMap$EntrySetView.members#65.0-1789983753036-kotlin.trap.gz" }
{ "origin": "CodeQL Kotlin extractor", "timestamp": "2026-09-27 14:18:11", "kind": "INFO", "message": "Will write TRAP file /Users/macbook/Octo/static_analysis_codeql_1/codeql-kotlin.db/trap/java/classes/java/util/TreeMap$NavigableSubMap$SubMapIterator.members/TreeMap$NavigableSubMap$SubMapIterator.members#65.0-1789983753036-kotlin.trap.gz" }
{ "origin": "CodeQL Kotlin extractor", "timestamp": "2026-09-27 14:18:11", "kind": "INFO", "message": "Finished writing TRAP file /Users/macbook/Octo/static_analysis_codeql_1/codeql-kotlin.db/trap/java/classes/java/util/TreeMap$NavigableSubMap$SubMapIterator.members/TreeMap$NavigableSubMap$SubMapIterator.members#65.0-1789983753036-kotlin.trap.gz" }
{ "origin": "CodeQL Kotlin extractor", "timestamp": "2026-09-27 14:18:11", "kind": "INFO", "message": "Will write TRAP file /Users/macbook/Octo/static_analysis_codeql_1/codeql-kotlin.db/trap/java/classes/java/util/TreeMap$DescendingSubMap$DescendingEntrySetView.members/TreeMap$DescendingSubMap$DescendingEntrySetView.members#65.0-1789983753036-kotlin.trap.gz" }
{ "origin": "CodeQL Kotlin extractor", "timestamp": "2026-09-27 14:18:11", "kind": "INFO", "message": "Finished writing TRAP file /Users/macbook/Octo/static_analysis_codeql_1/codeql-kotlin.db/trap/java/classes/java/util/TreeMap$DescendingSubMap$DescendingEntrySetView.members/TreeMap$DescendingSubMap$DescendingEntrySetView.members#65.0-1789983753036-kotlin.trap.gz" }
{ "origin": "CodeQL Kotlin extractor", "timestamp": "2026-09-27 14:18:11", "kind": "INFO", "message": "Will write TRAP file /Users/macbook/Octo/static_analysis_codeql_1/codeql-kotlin.db/trap/java/classes/java/util/TreeMap$AscendingSubMap$AscendingEntrySetView.members/TreeMap$AscendingSubMap$AscendingEntrySetView.members#65.0-1789983753036-kotlin.trap.gz" }
{ "origin": "CodeQL Kotlin extractor", "timestamp": "2026-09-27 14:18:11", "kind": "INFO", "message": "Finished writing TRAP file /Users/macbook/Octo/static_analysis_codeql_1/codeql-kotlin.db/trap/java/classes/java/util/TreeMap$AscendingSubMap$AscendingEntrySetView.members/TreeMap$AscendingSubMap$AscendingEntrySetView.members#65.0-1789983753036-kotlin.trap.gz" }
{ "origin": "CodeQL Kotlin extractor", "timestamp": "2026-09-27 14:18:11", "kind": "INFO", "message": "Will write TRAP file /Users/macbook/Octo/static_analysis_codeql_1/codeql-kotlin.db/trap/java/classes/com/fasterxml/jackson/databind/util/IgnorePropertiesUtil.members/IgnorePropertiesUtil.members#52.0-1752886142000-kotlin.trap.gz" }
{ "origin": "CodeQL Kotlin extractor", "timestamp": "2026-09-27 14:18:11", "kind": "INFO", "message": "Finished writing TRAP file /Users/macbook/Octo/static_analysis_codeql_1/codeql-kotlin.db/trap/java/classes/com/fasterxml/jackson/databind/util/IgnorePropertiesUtil.members/IgnorePropertiesUtil.members#52.0-1752886142000-kotlin.trap.gz" }
{ "origin": "CodeQL Kotlin extractor", "timestamp": "2026-09-27 14:18:11", "kind": "INFO", "message": "Finished writing TRAP file /Users/macbook/Octo/static_analysis_codeql_1/codeql-kotlin.db/trap/java/Users/macbook/Octo/modules/control-panel/src/main/kotlin/com/octo/controlpanel/judgment/OpenRouterDecisionsClient.kt.trap.gz" }
{ "origin": "CodeQL Kotlin extractor", "timestamp": "2026-09-27 14:18:11", "kind": "INFO", "message": "Peak memory: Usage after extractor" }
{ "origin": "CodeQL Kotlin extractor", "timestamp": "2026-09-27 14:18:11", "kind": "INFO", "message": "Peak memory: * Peak for non-heap bean CodeHeap 'non-nmethods' is 1753536" }
{ "origin": "CodeQL Kotlin extractor", "timestamp": "2026-09-27 14:18:11", "kind": "INFO", "message": "Peak memory: * Peak for non-heap bean Metaspace is 117638384" }
{ "origin": "CodeQL Kotlin extractor", "timestamp": "2026-09-27 14:18:11", "kind": "INFO", "message": "Peak memory: * Peak for non-heap bean CodeHeap 'profiled nmethods' is 68102208" }
{ "origin": "CodeQL Kotlin extractor", "timestamp": "2026-09-27 14:18:11", "kind": "INFO", "message": "Peak memory: * Peak for heap bean PS Old Gen is 488361712" }
{ "origin": "CodeQL Kotlin extractor", "timestamp": "2026-09-27 14:18:11", "kind": "INFO", "message": "Peak memory: * Peak for non-heap bean Compressed Class Space is 12675392" }
{ "origin": "CodeQL Kotlin extractor", "timestamp": "2026-09-27 14:18:11", "kind": "INFO", "message": "Peak memory: * Peak for heap bean PS Survivor Space is 64117336" }
{ "origin": "CodeQL Kotlin extractor", "timestamp": "2026-09-27 14:18:11", "kind": "INFO", "message": "Peak memory: * Peak for heap bean PS Eden Space is 590348288" }
{ "origin": "CodeQL Kotlin extractor", "timestamp": "2026-09-27 14:18:11", "kind": "INFO", "message": "Peak memory: * Peak for non-heap bean CodeHeap 'non-profiled nmethods' is 9854016" }
{ "origin": "CodeQL Kotlin extractor", "timestamp": "2026-09-27 14:18:11", "kind": "INFO", "message": "Peak memory: * Total heap peak: 1142827336" }
{ "origin": "CodeQL Kotlin extractor", "timestamp": "2026-09-27 14:18:11", "kind": "INFO", "message": "Peak memory: * Total non-heap peak: 210023536" }
{ "origin": "CodeQL Kotlin extractor", "timestamp": "2026-09-27 14:18:11", "kind": "INFO", "message": "Extraction completed" }
