{ "origin": "CodeQL Kotlin extractor", "timestamp": "2026-09-27 14:17:57", "kind": "INFO", "message": "Extraction started" }
{ "origin": "CodeQL Kotlin extractor", "timestamp": "2026-09-27 14:17:57", "kind": "INFO", "message": "Kotlin extractor verbosity is 3" }
{ "origin": "CodeQL Kotlin extractor", "timestamp": "2026-09-27 14:17:57", "kind": "INFO", "message": "Extraction for invocation TRAP file /Users/macbook/Octo/static_analysis_codeql_1/codeql-kotlin.db/trap/java/invocations/kotlin.8133589912933567819.trap" }
{ "origin": "CodeQL Kotlin extractor", "timestamp": "2026-09-27 14:17:57", "kind": "INFO", "message": "Kotlin version 2.2.21" }
{ "origin": "CodeQL Kotlin extractor", "timestamp": "2026-09-27 14:17:57", "kind": "INFO", "message": "Peak memory: Usage before extractor" }
{ "origin": "CodeQL Kotlin extractor", "timestamp": "2026-09-27 14:17:57", "kind": "INFO", "message": "Peak memory: * Peak for non-heap bean CodeHeap 'non-nmethods' is 1689088" }
{ "origin": "CodeQL Kotlin extractor", "timestamp": "2026-09-27 14:17:57", "kind": "INFO", "message": "Peak memory: * Peak for non-heap bean Metaspace is 88323408" }
{ "origin": "CodeQL Kotlin extractor", "timestamp": "2026-09-27 14:17:57", "kind": "INFO", "message": "Peak memory: * Peak for non-heap bean CodeHeap 'profiled nmethods' is 20692864" }
{ "origin": "CodeQL Kotlin extractor", "timestamp": "2026-09-27 14:17:57", "kind": "INFO", "message": "Peak memory: * Peak for heap bean PS Old Gen is 116422576" }
{ "origin": "CodeQL Kotlin extractor", "timestamp": "2026-09-27 14:17:57", "kind": "INFO", "message": "Peak memory: * Peak for non-heap bean Compressed Class Space is 10368096" }
{ "origin": "CodeQL Kotlin extractor", "timestamp": "2026-09-27 14:17:57", "kind": "INFO", "message": "Peak memory: * Peak for heap bean PS Survivor Space is 51871792" }
{ "origin": "CodeQL Kotlin extractor", "timestamp": "2026-09-27 14:17:57", "kind": "INFO", "message": "Peak memory: * Peak for heap bean PS Eden Space is 240123904" }
{ "origin": "CodeQL Kotlin extractor", "timestamp": "2026-09-27 14:17:57", "kind": "INFO", "message": "Peak memory: * Peak for non-heap bean CodeHeap 'non-profiled nmethods' is 4048256" }
{ "origin": "CodeQL Kotlin extractor", "timestamp": "2026-09-27 14:17:57", "kind": "INFO", "message": "Peak memory: * Total heap peak: 408418272" }
{ "origin": "CodeQL Kotlin extractor", "timestamp": "2026-09-27 14:17:57", "kind": "INFO", "message": "Peak memory: * Total non-heap peak: 125121712" }
{ "origin": "CodeQL Kotlin extractor", "timestamp": "2026-09-27 14:17:57", "kind": "INFO", "message": "Extracting file /Users/macbook/Octo/modules/ibor-core/src/main/kotlin/com/octo/iborcore/InstrumentFlow.kt" }
{ "origin": "CodeQL Kotlin extractor", "timestamp": "2026-09-27 14:17:57", "kind": "INFO", "message": "Will write TRAP file /Users/macbook/Octo/static_analysis_codeql_1/codeql-kotlin.db/trap/java/Users/macbook/Octo/modules/ibor-core/src/main/kotlin/com/octo/iborcore/InstrumentFlow.kt.trap.gz" }
{ "origin": "CodeQL Kotlin extractor", "timestamp": "2026-09-27 14:17:58", "kind": "INFO", "message": "Will write TRAP file /Users/macbook/Octo/static_analysis_codeql_1/codeql-kotlin.db/trap/java/classes/com/octo/iborcore/InstrumentFlowType.members/InstrumentFlowType.members#0.0-0-kotlin.trap.gz" }
{ "origin": "CodeQL Kotlin extractor", "timestamp": "2026-09-27 14:17:58", "kind": "INFO", "message": "Finished writing TRAP file /Users/macbook/Octo/static_analysis_codeql_1/codeql-kotlin.db/trap/java/classes/com/octo/iborcore/InstrumentFlowType.members/InstrumentFlowType.members#0.0-0-kotlin.trap.gz" }
{ "origin": "CodeQL Kotlin extractor", "timestamp": "2026-09-27 14:17:58", "kind": "INFO", "message": "Will write TRAP file /Users/macbook/Octo/static_analysis_codeql_1/codeql-kotlin.db/trap/java/classes/com/octo/iborcore/InstrumentFlow.members/InstrumentFlow.members#0.0-0-kotlin.trap.gz" }
{ "origin": "CodeQL Kotlin extractor", "timestamp": "2026-09-27 14:17:58", "kind": "INFO", "message": "Finished writing TRAP file /Users/macbook/Octo/static_analysis_codeql_1/codeql-kotlin.db/trap/java/classes/com/octo/iborcore/InstrumentFlow.members/InstrumentFlow.members#0.0-0-kotlin.trap.gz" }
{ "origin": "CodeQL Kotlin extractor", "timestamp": "2026-09-27 14:17:58", "kind": "INFO", "message": "Will write TRAP file /Users/macbook/Octo/static_analysis_codeql_1/codeql-kotlin.db/trap/java/classes/com/octo/iborcore/InstrumentFlowKt$currentFlows(java.util.List,java.time.Instant).members/InstrumentFlowKt$currentFlows(java.util.List,java.time.Instant).members#0.0-0-kotlin.trap.gz" }
{ "origin": "CodeQL Kotlin extractor", "timestamp": "2026-09-27 14:17:58", "kind": "INFO", "message": "Finished writing TRAP file /Users/macbook/Octo/static_analysis_codeql_1/codeql-kotlin.db/trap/java/classes/com/octo/iborcore/InstrumentFlowKt$currentFlows(java.util.List,java.time.Instant).members/InstrumentFlowKt$currentFlows(java.util.List,java.time.Instant).members#0.0-0-kotlin.trap.gz" }
{ "origin": "CodeQL Kotlin extractor", "timestamp": "2026-09-27 14:17:58", "kind": "INFO", "message": "Will write TRAP file /Users/macbook/Octo/static_analysis_codeql_1/codeql-kotlin.db/trap/java/classes/com/octo/iborcore/TokenPosition.members/TokenPosition.members#0.0-0-kotlin.trap.gz" }
{ "origin": "CodeQL Kotlin extractor", "timestamp": "2026-09-27 14:17:58", "kind": "INFO", "message": "Finished writing TRAP file /Users/macbook/Octo/static_analysis_codeql_1/codeql-kotlin.db/trap/java/classes/com/octo/iborcore/TokenPosition.members/TokenPosition.members#0.0-0-kotlin.trap.gz" }
{ "origin": "CodeQL Kotlin extractor", "timestamp": "2026-09-27 14:17:58", "kind": "INFO", "message": "Will write TRAP file /Users/macbook/Octo/static_analysis_codeql_1/codeql-kotlin.db/trap/java/classes/com/octo/iborcore/InstrumentFlowKt$tokenPositions(java.util.List,java.time.Instant).members/InstrumentFlowKt$tokenPositions(java.util.List,java.time.Instant).members#0.0-0-kotlin.trap.gz" }
{ "origin": "CodeQL Kotlin extractor", "timestamp": "2026-09-27 14:17:58", "kind": "INFO", "message": "Finished writing TRAP file /Users/macbook/Octo/static_analysis_codeql_1/codeql-kotlin.db/trap/java/classes/com/octo/iborcore/InstrumentFlowKt$tokenPositions(java.util.List,java.time.Instant).members/InstrumentFlowKt$tokenPositions(java.util.List,java.time.Instant).members#0.0-0-kotlin.trap.gz" }
{ "origin": "CodeQL Kotlin extractor", "timestamp": "2026-09-27 14:17:58", "kind": "INFO", "message": "Will write TRAP file /Users/macbook/Octo/static_analysis_codeql_1/codeql-kotlin.db/trap/java/classes/com/octo/iborcore/InstrumentFlowKt$signed(com.octo.iborcore.InstrumentFlow).members/InstrumentFlowKt$signed(com.octo.iborcore.InstrumentFlow).members#0.0-0-kotlin.trap.gz" }
{ "origin": "CodeQL Kotlin extractor", "timestamp": "2026-09-27 14:17:58", "kind": "INFO", "message": "Finished writing TRAP file /Users/macbook/Octo/static_analysis_codeql_1/codeql-kotlin.db/trap/java/classes/com/octo/iborcore/InstrumentFlowKt$signed(com.octo.iborcore.InstrumentFlow).members/InstrumentFlowKt$signed(com.octo.iborcore.InstrumentFlow).members#0.0-0-kotlin.trap.gz" }
{ "origin": "CodeQL Kotlin extractor", "timestamp": "2026-09-27 14:17:58", "kind": "INFO", "message": "Will write TRAP file /Users/macbook/Octo/static_analysis_codeql_1/codeql-kotlin.db/trap/java/classes/com/octo/iborcore/InstrumentFlowKt.members/InstrumentFlowKt.members#0.0-0-kotlin.trap.gz" }
{ "origin": "CodeQL Kotlin extractor", "timestamp": "2026-09-27 14:17:58", "kind": "INFO", "message": "Finished writing TRAP file /Users/macbook/Octo/static_analysis_codeql_1/codeql-kotlin.db/trap/java/classes/com/octo/iborcore/InstrumentFlowKt.members/InstrumentFlowKt.members#0.0-0-kotlin.trap.gz" }
{ "origin": "CodeQL Kotlin extractor", "timestamp": "2026-09-27 14:17:58", "kind": "INFO", "message": "Skipping extracting external decl String" }
{ "origin": "CodeQL Kotlin extractor", "timestamp": "2026-09-27 14:17:58", "kind": "INFO", "message": "Skipping extracting external decl String" }
{ "origin": "CodeQL Kotlin extractor", "timestamp": "2026-09-27 14:17:58", "kind": "INFO", "message": "Skipping extracting external decl Boolean" }
{ "origin": "CodeQL Kotlin extractor", "timestamp": "2026-09-27 14:17:58", "kind": "INFO", "message": "Skipping extracting external decl Boolean" }
{ "origin": "CodeQL Kotlin extractor", "timestamp": "2026-09-27 14:17:58", "kind": "INFO", "message": "Skipping extracting external decl Unit" }
{ "origin": "CodeQL Kotlin extractor", "timestamp": "2026-09-27 14:17:58", "kind": "INFO", "message": "Skipping extracting external decl NotNull" }
{ "origin": "CodeQL Kotlin extractor", "timestamp": "2026-09-27 14:17:58", "kind": "INFO", "message": "Skipping extracting external decl Enum" }
{ "origin": "CodeQL Kotlin extractor", "timestamp": "2026-09-27 14:17:58", "kind": "INFO", "message": "Skipping extracting external decl Object" }
{ "origin": "CodeQL Kotlin extractor", "timestamp": "2026-09-27 14:17:58", "kind": "INFO", "message": "Skipping extracting external decl Any" }
{ "origin": "CodeQL Kotlin extractor", "timestamp": "2026-09-27 14:17:58", "kind": "INFO", "message": "Skipping extracting external decl Constable" }
{ "origin": "CodeQL Kotlin extractor", "timestamp": "2026-09-27 14:17:58", "kind": "INFO", "message": "Skipping extracting external decl Comparable" }
{ "origin": "CodeQL Kotlin extractor", "timestamp": "2026-09-27 14:17:58", "kind": "INFO", "message": "Skipping extracting external decl Comparable" }
{ "origin": "CodeQL Kotlin extractor", "timestamp": "2026-09-27 14:17:58", "kind": "INFO", "message": "Skipping extracting external decl Serializable" }
{ "origin": "CodeQL Kotlin extractor", "timestamp": "2026-09-27 14:17:58", "kind": "INFO", "message": "Skipping extracting external decl Enum" }
{ "origin": "CodeQL Kotlin extractor", "timestamp": "2026-09-27 14:17:58", "kind": "INFO", "message": "Skipping extracting external decl Integer" }
{ "origin": "CodeQL Kotlin extractor", "timestamp": "2026-09-27 14:17:58", "kind": "INFO", "message": "Skipping extracting external decl Int" }
{ "origin": "CodeQL Kotlin extractor", "timestamp": "2026-09-27 14:17:58", "kind": "INFO", "message": "Skipping extracting external decl Class" }
{ "origin": "CodeQL Kotlin extractor", "timestamp": "2026-09-27 14:17:58", "kind": "INFO", "message": "Skipping extracting external decl GenericDeclaration" }
{ "origin": "CodeQL Kotlin extractor", "timestamp": "2026-09-27 14:17:58", "kind": "INFO", "message": "Skipping extracting external decl Type" }
{ "origin": "CodeQL Kotlin extractor", "timestamp": "2026-09-27 14:17:58", "kind": "INFO", "message": "Skipping extracting external decl AnnotatedElement" }
{ "origin": "CodeQL Kotlin extractor", "timestamp": "2026-09-27 14:17:58", "kind": "INFO", "message": "Skipping extracting external decl OfField" }
{ "origin": "CodeQL Kotlin extractor", "timestamp": "2026-09-27 14:17:58", "kind": "INFO", "message": "Skipping extracting external decl TypeDescriptor" }
{ "origin": "CodeQL Kotlin extractor", "timestamp": "2026-09-27 14:17:58", "kind": "INFO", "message": "Skipping extracting external decl Optional" }
{ "origin": "CodeQL Kotlin extractor", "timestamp": "2026-09-27 14:17:58", "kind": "INFO", "message": "Skipping extracting external decl EnumDesc" }
{ "origin": "CodeQL Kotlin extractor", "timestamp": "2026-09-27 14:17:58", "kind": "INFO", "message": "Skipping extracting external decl DynamicConstantDesc" }
{ "origin": "CodeQL Kotlin extractor", "timestamp": "2026-09-27 14:17:58", "kind": "INFO", "message": "Skipping extracting external decl ConstantDesc" }
{ "origin": "CodeQL Kotlin extractor", "timestamp": "2026-09-27 14:17:58", "kind": "INFO", "message": "Skipping extracting external decl Cloneable" }
{ "origin": "CodeQL Kotlin extractor", "timestamp": "2026-09-27 14:17:58", "kind": "INFO", "message": "Skipping extracting external decl Cloneable" }
{ "origin": "CodeQL Kotlin extractor", "timestamp": "2026-09-27 14:17:58", "kind": "INFO", "message": "Skipping extracting external decl EnumEntries" }
{ "origin": "CodeQL Kotlin extractor", "timestamp": "2026-09-27 14:17:58", "kind": "INFO", "message": "Skipping extracting external decl List" }
{ "origin": "CodeQL Kotlin extractor", "timestamp": "2026-09-27 14:17:58", "kind": "INFO", "message": "Skipping extracting external decl SequencedCollection" }
{ "origin": "CodeQL Kotlin extractor", "timestamp": "2026-09-27 14:17:58", "kind": "INFO", "message": "Skipping extracting external decl Collection" }
{ "origin": "CodeQL Kotlin extractor", "timestamp": "2026-09-27 14:17:58", "kind": "INFO", "message": "Skipping extracting external decl Iterable" }
{ "origin": "CodeQL Kotlin extractor", "timestamp": "2026-09-27 14:17:58", "kind": "INFO", "message": "Skipping extracting external decl MutableIterable" }
{ "origin": "CodeQL Kotlin extractor", "timestamp": "2026-09-27 14:17:58", "kind": "INFO", "message": "Skipping extracting external decl MutableCollection" }
{ "origin": "CodeQL Kotlin extractor", "timestamp": "2026-09-27 14:17:58", "kind": "INFO", "message": "Skipping extracting external decl List" }
{ "origin": "CodeQL Kotlin extractor", "timestamp": "2026-09-27 14:17:58", "kind": "INFO", "message": "Will write TRAP file /Users/macbook/Octo/static_analysis_codeql_1/codeql-kotlin.db/trap/java/classes/java/lang/Void.members/Void.members#65.0-1789983753036-kotlin.trap.gz" }
{ "origin": "CodeQL Kotlin extractor", "timestamp": "2026-09-27 14:17:58", "kind": "INFO", "message": "Finished writing TRAP file /Users/macbook/Octo/static_analysis_codeql_1/codeql-kotlin.db/trap/java/classes/java/lang/Void.members/Void.members#65.0-1789983753036-kotlin.trap.gz" }
{ "origin": "CodeQL Kotlin extractor", "timestamp": "2026-09-27 14:17:58", "kind": "INFO", "message": "Will write TRAP file /Users/macbook/Octo/static_analysis_codeql_1/codeql-kotlin.db/trap/java/classes/kotlin/Nothing.members/Nothing.members#-1.0-0-null.trap.gz" }
{ "origin": "CodeQL Kotlin extractor", "timestamp": "2026-09-27 14:17:58", "kind": "INFO", "message": "Finished writing TRAP file /Users/macbook/Octo/static_analysis_codeql_1/codeql-kotlin.db/trap/java/classes/kotlin/Nothing.members/Nothing.members#-1.0-0-null.trap.gz" }
{ "origin": "CodeQL Kotlin extractor", "timestamp": "2026-09-27 14:17:58", "kind": "INFO", "message": "Skipping extracting external decl UUID" }
{ "origin": "CodeQL Kotlin extractor", "timestamp": "2026-09-27 14:17:58", "kind": "INFO", "message": "Will write TRAP file /Users/macbook/Octo/static_analysis_codeql_1/codeql-kotlin.db/trap/java/classes/java/math/BigInteger.members/BigInteger.members#65.0-1789983753036-kotlin.trap.gz" }
{ "origin": "CodeQL Kotlin extractor", "timestamp": "2026-09-27 14:17:58", "kind": "INFO", "message": "Finished writing TRAP file /Users/macbook/Octo/static_analysis_codeql_1/codeql-kotlin.db/trap/java/classes/java/math/BigInteger.members/BigInteger.members#65.0-1789983753036-kotlin.trap.gz" }
{ "origin": "CodeQL Kotlin extractor", "timestamp": "2026-09-27 14:17:58", "kind": "INFO", "message": "Will write TRAP file /Users/macbook/Octo/static_analysis_codeql_1/codeql-kotlin.db/trap/java/classes/java/time/Instant.members/Instant.members#65.0-1789983753036-kotlin.trap.gz" }
{ "origin": "CodeQL Kotlin extractor", "timestamp": "2026-09-27 14:17:58", "kind": "INFO", "message": "Finished writing TRAP file /Users/macbook/Octo/static_analysis_codeql_1/codeql-kotlin.db/trap/java/classes/java/time/Instant.members/Instant.members#65.0-1789983753036-kotlin.trap.gz" }
{ "origin": "CodeQL Kotlin extractor", "timestamp": "2026-09-27 14:17:58", "kind": "INFO", "message": "Skipping extracting external decl Long" }
{ "origin": "CodeQL Kotlin extractor", "timestamp": "2026-09-27 14:17:58", "kind": "INFO", "message": "Skipping extracting external decl Long" }
{ "origin": "CodeQL Kotlin extractor", "timestamp": "2026-09-27 14:17:58", "kind": "INFO", "message": "Skipping extracting external decl DefaultConstructorMarker" }
{ "origin": "CodeQL Kotlin extractor", "timestamp": "2026-09-27 14:17:58", "kind": "INFO", "message": "Skipping extracting external decl Function1" }
{ "origin": "CodeQL Kotlin extractor", "timestamp": "2026-09-27 14:17:58", "kind": "INFO", "message": "Skipping extracting external decl Function" }
{ "origin": "CodeQL Kotlin extractor", "timestamp": "2026-09-27 14:17:58", "kind": "INFO", "message": "Skipping extracting external decl Function1" }
{ "origin": "CodeQL Kotlin extractor", "timestamp": "2026-09-27 14:17:58", "kind": "INFO", "message": "Will write TRAP file /Users/macbook/Octo/static_analysis_codeql_1/codeql-kotlin.db/trap/java/classes/kotlin/jvm/internal/PropertyReference.members/PropertyReference.members#52.0-318186000000-kotlin.trap.gz" }
{ "origin": "CodeQL Kotlin extractor", "timestamp": "2026-09-27 14:17:58", "kind": "INFO", "message": "Finished writing TRAP file /Users/macbook/Octo/static_analysis_codeql_1/codeql-kotlin.db/trap/java/classes/kotlin/jvm/internal/PropertyReference.members/PropertyReference.members#52.0-318186000000-kotlin.trap.gz" }
{ "origin": "CodeQL Kotlin extractor", "timestamp": "2026-09-27 14:17:58", "kind": "INFO", "message": "Will write TRAP file /Users/macbook/Octo/static_analysis_codeql_1/codeql-kotlin.db/trap/java/classes/kotlin/reflect/KProperty1.members/KProperty1.members#52.0-318186000000-kotlin.trap.gz" }
{ "origin": "CodeQL Kotlin extractor", "timestamp": "2026-09-27 14:17:58", "kind": "INFO", "message": "Finished writing TRAP file /Users/macbook/Octo/static_analysis_codeql_1/codeql-kotlin.db/trap/java/classes/kotlin/reflect/KProperty1.members/KProperty1.members#52.0-318186000000-kotlin.trap.gz" }
{ "origin": "CodeQL Kotlin extractor", "timestamp": "2026-09-27 14:17:58", "kind": "INFO", "message": "Will write TRAP file /Users/macbook/Octo/static_analysis_codeql_1/codeql-kotlin.db/trap/java/classes/kotlin/reflect/KProperty.members/KProperty.members#52.0-318186000000-kotlin.trap.gz" }
{ "origin": "CodeQL Kotlin extractor", "timestamp": "2026-09-27 14:17:58", "kind": "INFO", "message": "Finished writing TRAP file /Users/macbook/Octo/static_analysis_codeql_1/codeql-kotlin.db/trap/java/classes/kotlin/reflect/KProperty.members/KProperty.members#52.0-318186000000-kotlin.trap.gz" }
{ "origin": "CodeQL Kotlin extractor", "timestamp": "2026-09-27 14:17:58", "kind": "INFO", "message": "Will write TRAP file /Users/macbook/Octo/static_analysis_codeql_1/codeql-kotlin.db/trap/java/classes/kotlin/reflect/KCallable.members/KCallable.members#52.0-318186000000-kotlin.trap.gz" }
{ "origin": "CodeQL Kotlin extractor", "timestamp": "2026-09-27 14:17:58", "kind": "INFO", "message": "Finished writing TRAP file /Users/macbook/Octo/static_analysis_codeql_1/codeql-kotlin.db/trap/java/classes/kotlin/reflect/KCallable.members/KCallable.members#52.0-318186000000-kotlin.trap.gz" }
{ "origin": "CodeQL Kotlin extractor", "timestamp": "2026-09-27 14:17:58", "kind": "INFO", "message": "Will write TRAP file /Users/macbook/Octo/static_analysis_codeql_1/codeql-kotlin.db/trap/java/classes/kotlin/reflect/KAnnotatedElement.members/KAnnotatedElement.members#52.0-318186000000-kotlin.trap.gz" }
{ "origin": "CodeQL Kotlin extractor", "timestamp": "2026-09-27 14:17:58", "kind": "INFO", "message": "Finished writing TRAP file /Users/macbook/Octo/static_analysis_codeql_1/codeql-kotlin.db/trap/java/classes/kotlin/reflect/KAnnotatedElement.members/KAnnotatedElement.members#52.0-318186000000-kotlin.trap.gz" }
{ "origin": "CodeQL Kotlin extractor", "timestamp": "2026-09-27 14:17:58", "kind": "INFO", "message": "Will write TRAP file /Users/macbook/Octo/static_analysis_codeql_1/codeql-kotlin.db/trap/java/classes/kotlin/reflect/KParameter.members/KParameter.members#52.0-318186000000-kotlin.trap.gz" }
{ "origin": "CodeQL Kotlin extractor", "timestamp": "2026-09-27 14:17:58", "kind": "INFO", "message": "Finished writing TRAP file /Users/macbook/Octo/static_analysis_codeql_1/codeql-kotlin.db/trap/java/classes/kotlin/reflect/KParameter.members/KParameter.members#52.0-318186000000-kotlin.trap.gz" }
{ "origin": "CodeQL Kotlin extractor", "timestamp": "2026-09-27 14:17:58", "kind": "INFO", "message": "Skipping extracting external decl Map" }
{ "origin": "CodeQL Kotlin extractor", "timestamp": "2026-09-27 14:17:58", "kind": "INFO", "message": "Skipping extracting external decl Map" }
{ "origin": "CodeQL Kotlin extractor", "timestamp": "2026-09-27 14:17:58", "kind": "INFO", "message": "Will write TRAP file /Users/macbook/Octo/static_analysis_codeql_1/codeql-kotlin.db/trap/java/classes/kotlin/reflect/KType.members/KType.members#52.0-318186000000-kotlin.trap.gz" }
{ "origin": "CodeQL Kotlin extractor", "timestamp": "2026-09-27 14:17:58", "kind": "INFO", "message": "Finished writing TRAP file /Users/macbook/Octo/static_analysis_codeql_1/codeql-kotlin.db/trap/java/classes/kotlin/reflect/KType.members/KType.members#52.0-318186000000-kotlin.trap.gz" }
{ "origin": "CodeQL Kotlin extractor", "timestamp": "2026-09-27 14:17:58", "kind": "INFO", "message": "Will write TRAP file /Users/macbook/Octo/static_analysis_codeql_1/codeql-kotlin.db/trap/java/classes/kotlin/reflect/KTypeParameter.members/KTypeParameter.members#52.0-318186000000-kotlin.trap.gz" }
{ "origin": "CodeQL Kotlin extractor", "timestamp": "2026-09-27 14:17:58", "kind": "INFO", "message": "Finished writing TRAP file /Users/macbook/Octo/static_analysis_codeql_1/codeql-kotlin.db/trap/java/classes/kotlin/reflect/KTypeParameter.members/KTypeParameter.members#52.0-318186000000-kotlin.trap.gz" }
{ "origin": "CodeQL Kotlin extractor", "timestamp": "2026-09-27 14:17:58", "kind": "INFO", "message": "Will write TRAP file /Users/macbook/Octo/static_analysis_codeql_1/codeql-kotlin.db/trap/java/classes/kotlin/reflect/KVisibility.members/KVisibility.members#52.0-318186000000-kotlin.trap.gz" }
{ "origin": "CodeQL Kotlin extractor", "timestamp": "2026-09-27 14:17:58", "kind": "INFO", "message": "Finished writing TRAP file /Users/macbook/Octo/static_analysis_codeql_1/codeql-kotlin.db/trap/java/classes/kotlin/reflect/KVisibility.members/KVisibility.members#52.0-318186000000-kotlin.trap.gz" }
{ "origin": "CodeQL Kotlin extractor", "timestamp": "2026-09-27 14:17:58", "kind": "INFO", "message": "Will write TRAP file /Users/macbook/Octo/static_analysis_codeql_1/codeql-kotlin.db/trap/java/classes/kotlin/reflect/KProperty$Getter.members/KProperty$Getter.members#52.0-318186000000-kotlin.trap.gz" }
{ "origin": "CodeQL Kotlin extractor", "timestamp": "2026-09-27 14:17:58", "kind": "INFO", "message": "Finished writing TRAP file /Users/macbook/Octo/static_analysis_codeql_1/codeql-kotlin.db/trap/java/classes/kotlin/reflect/KProperty$Getter.members/KProperty$Getter.members#52.0-318186000000-kotlin.trap.gz" }
{ "origin": "CodeQL Kotlin extractor", "timestamp": "2026-09-27 14:17:58", "kind": "INFO", "message": "Will write TRAP file /Users/macbook/Octo/static_analysis_codeql_1/codeql-kotlin.db/trap/java/classes/kotlin/reflect/KProperty$Accessor.members/KProperty$Accessor.members#52.0-318186000000-kotlin.trap.gz" }
{ "origin": "CodeQL Kotlin extractor", "timestamp": "2026-09-27 14:17:58", "kind": "INFO", "message": "Finished writing TRAP file /Users/macbook/Octo/static_analysis_codeql_1/codeql-kotlin.db/trap/java/classes/kotlin/reflect/KProperty$Accessor.members/KProperty$Accessor.members#52.0-318186000000-kotlin.trap.gz" }
{ "origin": "CodeQL Kotlin extractor", "timestamp": "2026-09-27 14:17:58", "kind": "INFO", "message": "Will write TRAP file /Users/macbook/Octo/static_analysis_codeql_1/codeql-kotlin.db/trap/java/classes/kotlin/reflect/KFunction.members/KFunction.members#52.0-318186000000-kotlin.trap.gz" }
{ "origin": "CodeQL Kotlin extractor", "timestamp": "2026-09-27 14:17:58", "kind": "INFO", "message": "Finished writing TRAP file /Users/macbook/Octo/static_analysis_codeql_1/codeql-kotlin.db/trap/java/classes/kotlin/reflect/KFunction.members/KFunction.members#52.0-318186000000-kotlin.trap.gz" }
{ "origin": "CodeQL Kotlin extractor", "timestamp": "2026-09-27 14:17:58", "kind": "INFO", "message": "Will write TRAP file /Users/macbook/Octo/static_analysis_codeql_1/codeql-kotlin.db/trap/java/classes/kotlin/reflect/KProperty1$Getter.members/KProperty1$Getter.members#52.0-318186000000-kotlin.trap.gz" }
{ "origin": "CodeQL Kotlin extractor", "timestamp": "2026-09-27 14:17:58", "kind": "INFO", "message": "Finished writing TRAP file /Users/macbook/Octo/static_analysis_codeql_1/codeql-kotlin.db/trap/java/classes/kotlin/reflect/KProperty1$Getter.members/KProperty1$Getter.members#52.0-318186000000-kotlin.trap.gz" }
{ "origin": "CodeQL Kotlin extractor", "timestamp": "2026-09-27 14:17:58", "kind": "INFO", "message": "Will write TRAP file /Users/macbook/Octo/static_analysis_codeql_1/codeql-kotlin.db/trap/java/classes/kotlin/collections/map(java.util.Map,kotlin.jvm.functions.Function1).members/map(java.util.Map,kotlin.jvm.functions.Function1).members#-1.0-0-null.trap.gz" }
{ "origin": "CodeQL Kotlin extractor", "timestamp": "2026-09-27 14:17:58", "kind": "INFO", "message": "Finished writing TRAP file /Users/macbook/Octo/static_analysis_codeql_1/codeql-kotlin.db/trap/java/classes/kotlin/collections/map(java.util.Map,kotlin.jvm.functions.Function1).members/map(java.util.Map,kotlin.jvm.functions.Function1).members#-1.0-0-null.trap.gz" }
{ "origin": "CodeQL Kotlin extractor", "timestamp": "2026-09-27 14:17:58", "kind": "INFO", "message": "Will write TRAP file /Users/macbook/Octo/static_analysis_codeql_1/codeql-kotlin.db/trap/java/classes/kotlin/Pair.members/Pair.members#52.0-318186000000-kotlin.trap.gz" }
{ "origin": "CodeQL Kotlin extractor", "timestamp": "2026-09-27 14:17:58", "kind": "INFO", "message": "Finished writing TRAP file /Users/macbook/Octo/static_analysis_codeql_1/codeql-kotlin.db/trap/java/classes/kotlin/Pair.members/Pair.members#52.0-318186000000-kotlin.trap.gz" }
{ "origin": "CodeQL Kotlin extractor", "timestamp": "2026-09-27 14:17:58", "kind": "INFO", "message": "Skipping extracting external decl Iterable" }
{ "origin": "CodeQL Kotlin extractor", "timestamp": "2026-09-27 14:17:58", "kind": "INFO", "message": "Skipping extracting external decl groupBy" }
{ "origin": "CodeQL Kotlin extractor", "timestamp": "2026-09-27 14:17:58", "kind": "INFO", "message": "Will write TRAP file /Users/macbook/Octo/static_analysis_codeql_1/codeql-kotlin.db/trap/java/classes/kotlin/to(java.lang.Object,java.lang.Object).members/to(java.lang.Object,java.lang.Object).members#-1.0-0-null.trap.gz" }
{ "origin": "CodeQL Kotlin extractor", "timestamp": "2026-09-27 14:17:58", "kind": "INFO", "message": "Finished writing TRAP file /Users/macbook/Octo/static_analysis_codeql_1/codeql-kotlin.db/trap/java/classes/kotlin/to(java.lang.Object,java.lang.Object).members/to(java.lang.Object,java.lang.Object).members#-1.0-0-null.trap.gz" }
{ "origin": "CodeQL Kotlin extractor", "timestamp": "2026-09-27 14:17:58", "kind": "INFO", "message": "Skipping extracting external decl Entry" }
{ "origin": "CodeQL Kotlin extractor", "timestamp": "2026-09-27 14:17:58", "kind": "INFO", "message": "Skipping extracting external decl Entry" }
{ "origin": "CodeQL Kotlin extractor", "timestamp": "2026-09-27 14:17:58", "kind": "INFO", "message": "Will write TRAP file /Users/macbook/Octo/static_analysis_codeql_1/codeql-kotlin.db/trap/java/classes/kotlin/collections/component1(java.util.Map.Entry).members/component1(java.util.Map.Entry).members#-1.0-0-null.trap.gz" }
{ "origin": "CodeQL Kotlin extractor", "timestamp": "2026-09-27 14:17:58", "kind": "INFO", "message": "Finished writing TRAP file /Users/macbook/Octo/static_analysis_codeql_1/codeql-kotlin.db/trap/java/classes/kotlin/collections/component1(java.util.Map.Entry).members/component1(java.util.Map.Entry).members#-1.0-0-null.trap.gz" }
{ "origin": "CodeQL Kotlin extractor", "timestamp": "2026-09-27 14:17:58", "kind": "INFO", "message": "Will write TRAP file /Users/macbook/Octo/static_analysis_codeql_1/codeql-kotlin.db/trap/java/classes/kotlin/collections/component2(java.util.Map.Entry).members/component2(java.util.Map.Entry).members#-1.0-0-null.trap.gz" }
{ "origin": "CodeQL Kotlin extractor", "timestamp": "2026-09-27 14:17:58", "kind": "INFO", "message": "Finished writing TRAP file /Users/macbook/Octo/static_analysis_codeql_1/codeql-kotlin.db/trap/java/classes/kotlin/collections/component2(java.util.Map.Entry).members/component2(java.util.Map.Entry).members#-1.0-0-null.trap.gz" }
{ "origin": "CodeQL Kotlin extractor", "timestamp": "2026-09-27 14:17:58", "kind": "INFO", "message": "Will write TRAP file /Users/macbook/Octo/static_analysis_codeql_1/codeql-kotlin.db/trap/java/classes/kotlin/collections/singleOrNull(java.util.List).members/singleOrNull(java.util.List).members#-1.0-0-null.trap.gz" }
{ "origin": "CodeQL Kotlin extractor", "timestamp": "2026-09-27 14:17:58", "kind": "INFO", "message": "Finished writing TRAP file /Users/macbook/Octo/static_analysis_codeql_1/codeql-kotlin.db/trap/java/classes/kotlin/collections/singleOrNull(java.util.List).members/singleOrNull(java.util.List).members#-1.0-0-null.trap.gz" }
{ "origin": "CodeQL Kotlin extractor", "timestamp": "2026-09-27 14:17:58", "kind": "INFO", "message": "Will write TRAP file /Users/macbook/Octo/static_analysis_codeql_1/codeql-kotlin.db/trap/java/classes/kotlin/collections/distinct(java.lang.Iterable).members/distinct(java.lang.Iterable).members#-1.0-0-null.trap.gz" }
{ "origin": "CodeQL Kotlin extractor", "timestamp": "2026-09-27 14:17:58", "kind": "INFO", "message": "Finished writing TRAP file /Users/macbook/Octo/static_analysis_codeql_1/codeql-kotlin.db/trap/java/classes/kotlin/collections/distinct(java.lang.Iterable).members/distinct(java.lang.Iterable).members#-1.0-0-null.trap.gz" }
{ "origin": "CodeQL Kotlin extractor", "timestamp": "2026-09-27 14:17:58", "kind": "INFO", "message": "Will write TRAP file /Users/macbook/Octo/static_analysis_codeql_1/codeql-kotlin.db/trap/java/classes/kotlin/collections/map(java.lang.Iterable,kotlin.jvm.functions.Function1).members/map(java.lang.Iterable,kotlin.jvm.functions.Function1).members#-1.0-0-null.trap.gz" }
{ "origin": "CodeQL Kotlin extractor", "timestamp": "2026-09-27 14:17:58", "kind": "INFO", "message": "Finished writing TRAP file /Users/macbook/Octo/static_analysis_codeql_1/codeql-kotlin.db/trap/java/classes/kotlin/collections/map(java.lang.Iterable,kotlin.jvm.functions.Function1).members/map(java.lang.Iterable,kotlin.jvm.functions.Function1).members#-1.0-0-null.trap.gz" }
{ "origin": "CodeQL Kotlin extractor", "timestamp": "2026-09-27 14:17:58", "kind": "INFO", "message": "Skipping extracting external decl Function0" }
{ "origin": "CodeQL Kotlin extractor", "timestamp": "2026-09-27 14:17:58", "kind": "INFO", "message": "Skipping extracting external decl Function0" }
{ "origin": "CodeQL Kotlin extractor", "timestamp": "2026-09-27 14:17:58", "kind": "INFO", "message": "Will write TRAP file /Users/macbook/Octo/static_analysis_codeql_1/codeql-kotlin.db/trap/java/classes/kotlin/requireNotNull(java.lang.Object,kotlin.jvm.functions.Function0).members/requireNotNull(java.lang.Object,kotlin.jvm.functions.Function0).members#-1.0-0-null.trap.gz" }
{ "origin": "CodeQL Kotlin extractor", "timestamp": "2026-09-27 14:17:58", "kind": "INFO", "message": "Finished writing TRAP file /Users/macbook/Octo/static_analysis_codeql_1/codeql-kotlin.db/trap/java/classes/kotlin/requireNotNull(java.lang.Object,kotlin.jvm.functions.Function0).members/requireNotNull(java.lang.Object,kotlin.jvm.functions.Function0).members#-1.0-0-null.trap.gz" }
{ "origin": "CodeQL Kotlin extractor", "timestamp": "2026-09-27 14:17:58", "kind": "INFO", "message": "Will write TRAP file /Users/macbook/Octo/static_analysis_codeql_1/codeql-kotlin.db/trap/java/classes/kotlin/collections/sumOfBigInteger(java.lang.Iterable,kotlin.jvm.functions.Function1).members/sumOfBigInteger(java.lang.Iterable,kotlin.jvm.functions.Function1).members#-1.0-0-null.trap.gz" }
{ "origin": "CodeQL Kotlin extractor", "timestamp": "2026-09-27 14:17:58", "kind": "INFO", "message": "Finished writing TRAP file /Users/macbook/Octo/static_analysis_codeql_1/codeql-kotlin.db/trap/java/classes/kotlin/collections/sumOfBigInteger(java.lang.Iterable,kotlin.jvm.functions.Function1).members/sumOfBigInteger(java.lang.Iterable,kotlin.jvm.functions.Function1).members#-1.0-0-null.trap.gz" }
{ "origin": "CodeQL Kotlin extractor", "timestamp": "2026-09-27 14:17:58", "kind": "INFO", "message": "Skipping extracting external decl filter" }
{ "origin": "CodeQL Kotlin extractor", "timestamp": "2026-09-27 14:17:58", "kind": "INFO", "message": "Skipping extracting external decl NoWhenBranchMatchedException" }
{ "origin": "CodeQL Kotlin extractor", "timestamp": "2026-09-27 14:17:58", "kind": "INFO", "message": "Skipping extracting external decl Deprecated" }
{ "origin": "CodeQL Kotlin extractor", "timestamp": "2026-09-27 14:17:58", "kind": "INFO", "message": "Skipping extracting external decl Byte" }
{ "origin": "CodeQL Kotlin extractor", "timestamp": "2026-09-27 14:17:58", "kind": "INFO", "message": "Skipping extracting external decl Byte" }
{ "origin": "CodeQL Kotlin extractor", "timestamp": "2026-09-27 14:17:58", "kind": "INFO", "message": "Skipping extracting external decl Character" }
{ "origin": "CodeQL Kotlin extractor", "timestamp": "2026-09-27 14:17:58", "kind": "INFO", "message": "Skipping extracting external decl Char" }
{ "origin": "CodeQL Kotlin extractor", "timestamp": "2026-09-27 14:17:58", "kind": "INFO", "message": "Will write TRAP file /Users/macbook/Octo/static_analysis_codeql_1/codeql-kotlin.db/trap/java/classes/java/util/Random.members/Random.members#65.0-1789983753036-kotlin.trap.gz" }
{ "origin": "CodeQL Kotlin extractor", "timestamp": "2026-09-27 14:17:58", "kind": "INFO", "message": "Finished writing TRAP file /Users/macbook/Octo/static_analysis_codeql_1/codeql-kotlin.db/trap/java/classes/java/util/Random.members/Random.members#65.0-1789983753036-kotlin.trap.gz" }
{ "origin": "CodeQL Kotlin extractor", "timestamp": "2026-09-27 14:17:58", "kind": "INFO", "message": "Skipping extracting external decl Short" }
{ "origin": "CodeQL Kotlin extractor", "timestamp": "2026-09-27 14:17:58", "kind": "INFO", "message": "Skipping extracting external decl Short" }
{ "origin": "CodeQL Kotlin extractor", "timestamp": "2026-09-27 14:17:58", "kind": "INFO", "message": "Skipping extracting external decl Double" }
{ "origin": "CodeQL Kotlin extractor", "timestamp": "2026-09-27 14:17:58", "kind": "INFO", "message": "Skipping extracting external decl Double" }
{ "origin": "CodeQL Kotlin extractor", "timestamp": "2026-09-27 14:17:58", "kind": "INFO", "message": "Skipping extracting external decl Float" }
{ "origin": "CodeQL Kotlin extractor", "timestamp": "2026-09-27 14:17:58", "kind": "INFO", "message": "Skipping extracting external decl Float" }
{ "origin": "CodeQL Kotlin extractor", "timestamp": "2026-09-27 14:17:58", "kind": "INFO", "message": "Skipping extracting external decl Number" }
{ "origin": "CodeQL Kotlin extractor", "timestamp": "2026-09-27 14:17:58", "kind": "INFO", "message": "Skipping extracting external decl Number" }
{ "origin": "CodeQL Kotlin extractor", "timestamp": "2026-09-27 14:17:58", "kind": "INFO", "message": "Will write TRAP file /Users/macbook/Octo/static_analysis_codeql_1/codeql-kotlin.db/trap/java/classes/java/time/temporal/TemporalField.members/TemporalField.members#65.0-1789983753036-kotlin.trap.gz" }
{ "origin": "CodeQL Kotlin extractor", "timestamp": "2026-09-27 14:17:58", "kind": "INFO", "message": "Finished writing TRAP file /Users/macbook/Octo/static_analysis_codeql_1/codeql-kotlin.db/trap/java/classes/java/time/temporal/TemporalField.members/TemporalField.members#65.0-1789983753036-kotlin.trap.gz" }
{ "origin": "CodeQL Kotlin extractor", "timestamp": "2026-09-27 14:17:58", "kind": "INFO", "message": "Will write TRAP file /Users/macbook/Octo/static_analysis_codeql_1/codeql-kotlin.db/trap/java/classes/java/time/temporal/TemporalUnit.members/TemporalUnit.members#65.0-1789983753036-kotlin.trap.gz" }
{ "origin": "CodeQL Kotlin extractor", "timestamp": "2026-09-27 14:17:58", "kind": "INFO", "message": "Finished writing TRAP file /Users/macbook/Octo/static_analysis_codeql_1/codeql-kotlin.db/trap/java/classes/java/time/temporal/TemporalUnit.members/TemporalUnit.members#65.0-1789983753036-kotlin.trap.gz" }
{ "origin": "CodeQL Kotlin extractor", "timestamp": "2026-09-27 14:17:58", "kind": "INFO", "message": "Will write TRAP file /Users/macbook/Octo/static_analysis_codeql_1/codeql-kotlin.db/trap/java/classes/java/time/temporal/ValueRange.members/ValueRange.members#65.0-1789983753036-kotlin.trap.gz" }
{ "origin": "CodeQL Kotlin extractor", "timestamp": "2026-09-27 14:17:58", "kind": "INFO", "message": "Finished writing TRAP file /Users/macbook/Octo/static_analysis_codeql_1/codeql-kotlin.db/trap/java/classes/java/time/temporal/ValueRange.members/ValueRange.members#65.0-1789983753036-kotlin.trap.gz" }
{ "origin": "CodeQL Kotlin extractor", "timestamp": "2026-09-27 14:17:58", "kind": "INFO", "message": "Will write TRAP file /Users/macbook/Octo/static_analysis_codeql_1/codeql-kotlin.db/trap/java/classes/java/time/temporal/TemporalAdjuster.members/TemporalAdjuster.members#65.0-1789983753036-kotlin.trap.gz" }
{ "origin": "CodeQL Kotlin extractor", "timestamp": "2026-09-27 14:17:58", "kind": "INFO", "message": "Finished writing TRAP file /Users/macbook/Octo/static_analysis_codeql_1/codeql-kotlin.db/trap/java/classes/java/time/temporal/TemporalAdjuster.members/TemporalAdjuster.members#65.0-1789983753036-kotlin.trap.gz" }
{ "origin": "CodeQL Kotlin extractor", "timestamp": "2026-09-27 14:17:58", "kind": "INFO", "message": "Will write TRAP file /Users/macbook/Octo/static_analysis_codeql_1/codeql-kotlin.db/trap/java/classes/java/time/temporal/TemporalAmount.members/TemporalAmount.members#65.0-1789983753036-kotlin.trap.gz" }
{ "origin": "CodeQL Kotlin extractor", "timestamp": "2026-09-27 14:17:58", "kind": "INFO", "message": "Finished writing TRAP file /Users/macbook/Octo/static_analysis_codeql_1/codeql-kotlin.db/trap/java/classes/java/time/temporal/TemporalAmount.members/TemporalAmount.members#65.0-1789983753036-kotlin.trap.gz" }
{ "origin": "CodeQL Kotlin extractor", "timestamp": "2026-09-27 14:17:58", "kind": "INFO", "message": "Will write TRAP file /Users/macbook/Octo/static_analysis_codeql_1/codeql-kotlin.db/trap/java/classes/java/time/temporal/TemporalQuery.members/TemporalQuery.members#65.0-1789983753036-kotlin.trap.gz" }
{ "origin": "CodeQL Kotlin extractor", "timestamp": "2026-09-27 14:17:58", "kind": "INFO", "message": "Finished writing TRAP file /Users/macbook/Octo/static_analysis_codeql_1/codeql-kotlin.db/trap/java/classes/java/time/temporal/TemporalQuery.members/TemporalQuery.members#65.0-1789983753036-kotlin.trap.gz" }
{ "origin": "CodeQL Kotlin extractor", "timestamp": "2026-09-27 14:17:58", "kind": "INFO", "message": "Will write TRAP file /Users/macbook/Octo/static_analysis_codeql_1/codeql-kotlin.db/trap/java/classes/java/time/temporal/Temporal.members/Temporal.members#65.0-1789983753036-kotlin.trap.gz" }
{ "origin": "CodeQL Kotlin extractor", "timestamp": "2026-09-27 14:17:58", "kind": "INFO", "message": "Finished writing TRAP file /Users/macbook/Octo/static_analysis_codeql_1/codeql-kotlin.db/trap/java/classes/java/time/temporal/Temporal.members/Temporal.members#65.0-1789983753036-kotlin.trap.gz" }
{ "origin": "CodeQL Kotlin extractor", "timestamp": "2026-09-27 14:17:58", "kind": "INFO", "message": "Will write TRAP file /Users/macbook/Octo/static_analysis_codeql_1/codeql-kotlin.db/trap/java/classes/java/time/ZoneOffset.members/ZoneOffset.members#65.0-1789983753036-kotlin.trap.gz" }
{ "origin": "CodeQL Kotlin extractor", "timestamp": "2026-09-27 14:17:58", "kind": "INFO", "message": "Finished writing TRAP file /Users/macbook/Octo/static_analysis_codeql_1/codeql-kotlin.db/trap/java/classes/java/time/ZoneOffset.members/ZoneOffset.members#65.0-1789983753036-kotlin.trap.gz" }
{ "origin": "CodeQL Kotlin extractor", "timestamp": "2026-09-27 14:17:58", "kind": "INFO", "message": "Will write TRAP file /Users/macbook/Octo/static_analysis_codeql_1/codeql-kotlin.db/trap/java/classes/java/time/OffsetDateTime.members/OffsetDateTime.members#65.0-1789983753036-kotlin.trap.gz" }
{ "origin": "CodeQL Kotlin extractor", "timestamp": "2026-09-27 14:17:58", "kind": "INFO", "message": "Finished writing TRAP file /Users/macbook/Octo/static_analysis_codeql_1/codeql-kotlin.db/trap/java/classes/java/time/OffsetDateTime.members/OffsetDateTime.members#65.0-1789983753036-kotlin.trap.gz" }
{ "origin": "CodeQL Kotlin extractor", "timestamp": "2026-09-27 14:17:58", "kind": "INFO", "message": "Will write TRAP file /Users/macbook/Octo/static_analysis_codeql_1/codeql-kotlin.db/trap/java/classes/java/time/ZoneId.members/ZoneId.members#65.0-1789983753036-kotlin.trap.gz" }
{ "origin": "CodeQL Kotlin extractor", "timestamp": "2026-09-27 14:17:58", "kind": "INFO", "message": "Finished writing TRAP file /Users/macbook/Octo/static_analysis_codeql_1/codeql-kotlin.db/trap/java/classes/java/time/ZoneId.members/ZoneId.members#65.0-1789983753036-kotlin.trap.gz" }
{ "origin": "CodeQL Kotlin extractor", "timestamp": "2026-09-27 14:17:58", "kind": "INFO", "message": "Will write TRAP file /Users/macbook/Octo/static_analysis_codeql_1/codeql-kotlin.db/trap/java/classes/java/time/ZonedDateTime.members/ZonedDateTime.members#65.0-1789983753036-kotlin.trap.gz" }
{ "origin": "CodeQL Kotlin extractor", "timestamp": "2026-09-27 14:17:58", "kind": "INFO", "message": "Finished writing TRAP file /Users/macbook/Octo/static_analysis_codeql_1/codeql-kotlin.db/trap/java/classes/java/time/ZonedDateTime.members/ZonedDateTime.members#65.0-1789983753036-kotlin.trap.gz" }
{ "origin": "CodeQL Kotlin extractor", "timestamp": "2026-09-27 14:17:58", "kind": "INFO", "message": "Will write TRAP file /Users/macbook/Octo/static_analysis_codeql_1/codeql-kotlin.db/trap/java/classes/java/io/DataOutput.members/DataOutput.members#65.0-1789983753036-kotlin.trap.gz" }
{ "origin": "CodeQL Kotlin extractor", "timestamp": "2026-09-27 14:17:58", "kind": "INFO", "message": "Finished writing TRAP file /Users/macbook/Octo/static_analysis_codeql_1/codeql-kotlin.db/trap/java/classes/java/io/DataOutput.members/DataOutput.members#65.0-1789983753036-kotlin.trap.gz" }
{ "origin": "CodeQL Kotlin extractor", "timestamp": "2026-09-27 14:17:58", "kind": "INFO", "message": "Will write TRAP file /Users/macbook/Octo/static_analysis_codeql_1/codeql-kotlin.db/trap/java/classes/java/time/Clock.members/Clock.members#65.0-1789983753036-kotlin.trap.gz" }
{ "origin": "CodeQL Kotlin extractor", "timestamp": "2026-09-27 14:17:58", "kind": "INFO", "message": "Finished writing TRAP file /Users/macbook/Octo/static_analysis_codeql_1/codeql-kotlin.db/trap/java/classes/java/time/Clock.members/Clock.members#65.0-1789983753036-kotlin.trap.gz" }
{ "origin": "CodeQL Kotlin extractor", "timestamp": "2026-09-27 14:17:58", "kind": "INFO", "message": "Will write TRAP file /Users/macbook/Octo/static_analysis_codeql_1/codeql-kotlin.db/trap/java/classes/java/time/temporal/TemporalAccessor.members/TemporalAccessor.members#65.0-1789983753036-kotlin.trap.gz" }
{ "origin": "CodeQL Kotlin extractor", "timestamp": "2026-09-27 14:17:58", "kind": "INFO", "message": "Finished writing TRAP file /Users/macbook/Octo/static_analysis_codeql_1/codeql-kotlin.db/trap/java/classes/java/time/temporal/TemporalAccessor.members/TemporalAccessor.members#65.0-1789983753036-kotlin.trap.gz" }
{ "origin": "CodeQL Kotlin extractor", "timestamp": "2026-09-27 14:17:58", "kind": "INFO", "message": "Skipping extracting external decl CharSequence" }
{ "origin": "CodeQL Kotlin extractor", "timestamp": "2026-09-27 14:17:58", "kind": "INFO", "message": "Skipping extracting external decl CharSequence" }
{ "origin": "CodeQL Kotlin extractor", "timestamp": "2026-09-27 14:17:58", "kind": "INFO", "message": "Will write TRAP file /Users/macbook/Octo/static_analysis_codeql_1/codeql-kotlin.db/trap/java/classes/java/io/DataInput.members/DataInput.members#65.0-1789983753036-kotlin.trap.gz" }
{ "origin": "CodeQL Kotlin extractor", "timestamp": "2026-09-27 14:17:58", "kind": "INFO", "message": "Finished writing TRAP file /Users/macbook/Octo/static_analysis_codeql_1/codeql-kotlin.db/trap/java/classes/java/io/DataInput.members/DataInput.members#65.0-1789983753036-kotlin.trap.gz" }
{ "origin": "CodeQL Kotlin extractor", "timestamp": "2026-09-27 14:17:58", "kind": "INFO", "message": "Skipping extracting external decl ValueBased" }
{ "origin": "CodeQL Kotlin extractor", "timestamp": "2026-09-27 14:17:58", "kind": "INFO", "message": "Skipping extracting external decl SinceKotlin" }
{ "origin": "CodeQL Kotlin extractor", "timestamp": "2026-09-27 14:17:58", "kind": "INFO", "message": "Skipping extracting external decl CallableReference" }
{ "origin": "CodeQL Kotlin extractor", "timestamp": "2026-09-27 14:17:58", "kind": "INFO", "message": "Skipping extracting external decl Annotation" }
{ "origin": "CodeQL Kotlin extractor", "timestamp": "2026-09-27 14:17:58", "kind": "INFO", "message": "Skipping extracting external decl Annotation" }
{ "origin": "CodeQL Kotlin extractor", "timestamp": "2026-09-27 14:17:58", "kind": "INFO", "message": "Will write TRAP file /Users/macbook/Octo/static_analysis_codeql_1/codeql-kotlin.db/trap/java/classes/kotlin/reflect/KParameter$Kind.members/KParameter$Kind.members#52.0-318186000000-kotlin.trap.gz" }
{ "origin": "CodeQL Kotlin extractor", "timestamp": "2026-09-27 14:17:58", "kind": "INFO", "message": "Finished writing TRAP file /Users/macbook/Octo/static_analysis_codeql_1/codeql-kotlin.db/trap/java/classes/kotlin/reflect/KParameter$Kind.members/KParameter$Kind.members#52.0-318186000000-kotlin.trap.gz" }
{ "origin": "CodeQL Kotlin extractor", "timestamp": "2026-09-27 14:17:58", "kind": "INFO", "message": "Will write TRAP file /Users/macbook/Octo/static_analysis_codeql_1/codeql-kotlin.db/trap/java/classes/kotlin/reflect/KClassifier.members/KClassifier.members#52.0-318186000000-kotlin.trap.gz" }
{ "origin": "CodeQL Kotlin extractor", "timestamp": "2026-09-27 14:17:58", "kind": "INFO", "message": "Finished writing TRAP file /Users/macbook/Octo/static_analysis_codeql_1/codeql-kotlin.db/trap/java/classes/kotlin/reflect/KClassifier.members/KClassifier.members#52.0-318186000000-kotlin.trap.gz" }
{ "origin": "CodeQL Kotlin extractor", "timestamp": "2026-09-27 14:17:58", "kind": "INFO", "message": "Will write TRAP file /Users/macbook/Octo/static_analysis_codeql_1/codeql-kotlin.db/trap/java/classes/kotlin/reflect/KTypeProjection.members/KTypeProjection.members#52.0-318186000000-kotlin.trap.gz" }
{ "origin": "CodeQL Kotlin extractor", "timestamp": "2026-09-27 14:17:58", "kind": "INFO", "message": "Finished writing TRAP file /Users/macbook/Octo/static_analysis_codeql_1/codeql-kotlin.db/trap/java/classes/kotlin/reflect/KTypeProjection.members/KTypeProjection.members#52.0-318186000000-kotlin.trap.gz" }
{ "origin": "CodeQL Kotlin extractor", "timestamp": "2026-09-27 14:17:58", "kind": "INFO", "message": "Will write TRAP file /Users/macbook/Octo/static_analysis_codeql_1/codeql-kotlin.db/trap/java/classes/kotlin/reflect/KVariance.members/KVariance.members#52.0-318186000000-kotlin.trap.gz" }
{ "origin": "CodeQL Kotlin extractor", "timestamp": "2026-09-27 14:17:59", "kind": "INFO", "message": "Finished writing TRAP file /Users/macbook/Octo/static_analysis_codeql_1/codeql-kotlin.db/trap/java/classes/kotlin/reflect/KVariance.members/KVariance.members#52.0-318186000000-kotlin.trap.gz" }
{ "origin": "CodeQL Kotlin extractor", "timestamp": "2026-09-27 14:17:59", "kind": "INFO", "message": "Skipping extracting external decl InlineOnly" }
{ "origin": "CodeQL Kotlin extractor", "timestamp": "2026-09-27 14:17:59", "kind": "INFO", "message": "Will write TRAP file /Users/macbook/Octo/static_analysis_codeql_1/codeql-kotlin.db/trap/java/classes/kotlin/OverloadResolutionByLambdaReturnType.members/OverloadResolutionByLambdaReturnType.members#52.0-318186000000-kotlin.trap.gz" }
{ "origin": "CodeQL Kotlin extractor", "timestamp": "2026-09-27 14:17:59", "kind": "INFO", "message": "Finished writing TRAP file /Users/macbook/Octo/static_analysis_codeql_1/codeql-kotlin.db/trap/java/classes/kotlin/OverloadResolutionByLambdaReturnType.members/OverloadResolutionByLambdaReturnType.members#52.0-318186000000-kotlin.trap.gz" }
{ "origin": "CodeQL Kotlin extractor", "timestamp": "2026-09-27 14:17:59", "kind": "INFO", "message": "Will write TRAP file /Users/macbook/Octo/static_analysis_codeql_1/codeql-kotlin.db/trap/java/classes/kotlin/jvm/JvmName.members/JvmName.members#52.0-318186000000-kotlin.trap.gz" }
{ "origin": "CodeQL Kotlin extractor", "timestamp": "2026-09-27 14:17:59", "kind": "INFO", "message": "Finished writing TRAP file /Users/macbook/Octo/static_analysis_codeql_1/codeql-kotlin.db/trap/java/classes/kotlin/jvm/JvmName.members/JvmName.members#52.0-318186000000-kotlin.trap.gz" }
{ "origin": "CodeQL Kotlin extractor", "timestamp": "2026-09-27 14:17:59", "kind": "INFO", "message": "Skipping extracting external decl IntStream" }
{ "origin": "CodeQL Kotlin extractor", "timestamp": "2026-09-27 14:17:59", "kind": "INFO", "message": "Skipping extracting external decl LongStream" }
{ "origin": "CodeQL Kotlin extractor", "timestamp": "2026-09-27 14:17:59", "kind": "INFO", "message": "Skipping extracting external decl DoubleStream" }
{ "origin": "CodeQL Kotlin extractor", "timestamp": "2026-09-27 14:17:59", "kind": "INFO", "message": "Will write TRAP file /Users/macbook/Octo/static_analysis_codeql_1/codeql-kotlin.db/trap/java/classes/java/util/random/RandomGenerator.members/RandomGenerator.members#65.0-1789983753036-kotlin.trap.gz" }
{ "origin": "CodeQL Kotlin extractor", "timestamp": "2026-09-27 14:17:59", "kind": "INFO", "message": "Finished writing TRAP file /Users/macbook/Octo/static_analysis_codeql_1/codeql-kotlin.db/trap/java/classes/java/util/random/RandomGenerator.members/RandomGenerator.members#65.0-1789983753036-kotlin.trap.gz" }
{ "origin": "CodeQL Kotlin extractor", "timestamp": "2026-09-27 14:17:59", "kind": "INFO", "message": "Will write TRAP file /Users/macbook/Octo/static_analysis_codeql_1/codeql-kotlin.db/trap/java/classes/jdk/internal/util/random/RandomSupport$RandomGeneratorProperties.members/RandomSupport$RandomGeneratorProperties.members#65.0-1789983753036-kotlin.trap.gz" }
{ "origin": "CodeQL Kotlin extractor", "timestamp": "2026-09-27 14:17:59", "kind": "INFO", "message": "Finished writing TRAP file /Users/macbook/Octo/static_analysis_codeql_1/codeql-kotlin.db/trap/java/classes/jdk/internal/util/random/RandomSupport$RandomGeneratorProperties.members/RandomSupport$RandomGeneratorProperties.members#65.0-1789983753036-kotlin.trap.gz" }
{ "origin": "CodeQL Kotlin extractor", "timestamp": "2026-09-27 14:17:59", "kind": "INFO", "message": "Skipping extracting external decl Locale" }
{ "origin": "CodeQL Kotlin extractor", "timestamp": "2026-09-27 14:17:59", "kind": "INFO", "message": "Skipping extracting external decl MutableMap" }
{ "origin": "CodeQL Kotlin extractor", "timestamp": "2026-09-27 14:17:59", "kind": "INFO", "message": "Will write TRAP file /Users/macbook/Octo/static_analysis_codeql_1/codeql-kotlin.db/trap/java/classes/java/time/format/ResolverStyle.members/ResolverStyle.members#65.0-1789983753036-kotlin.trap.gz" }
{ "origin": "CodeQL Kotlin extractor", "timestamp": "2026-09-27 14:17:59", "kind": "INFO", "message": "Finished writing TRAP file /Users/macbook/Octo/static_analysis_codeql_1/codeql-kotlin.db/trap/java/classes/java/time/format/ResolverStyle.members/ResolverStyle.members#65.0-1789983753036-kotlin.trap.gz" }
{ "origin": "CodeQL Kotlin extractor", "timestamp": "2026-09-27 14:17:59", "kind": "INFO", "message": "Will write TRAP file /Users/macbook/Octo/static_analysis_codeql_1/codeql-kotlin.db/trap/java/classes/java/time/Duration.members/Duration.members#65.0-1789983753036-kotlin.trap.gz" }
{ "origin": "CodeQL Kotlin extractor", "timestamp": "2026-09-27 14:17:59", "kind": "INFO", "message": "Finished writing TRAP file /Users/macbook/Octo/static_analysis_codeql_1/codeql-kotlin.db/trap/java/classes/java/time/Duration.members/Duration.members#65.0-1789983753036-kotlin.trap.gz" }
{ "origin": "CodeQL Kotlin extractor", "timestamp": "2026-09-27 14:17:59", "kind": "INFO", "message": "Skipping extracting external decl FunctionalInterface" }
{ "origin": "CodeQL Kotlin extractor", "timestamp": "2026-09-27 14:17:59", "kind": "INFO", "message": "Skipping extracting external decl MutableList" }
{ "origin": "CodeQL Kotlin extractor", "timestamp": "2026-09-27 14:17:59", "kind": "INFO", "message": "Will write TRAP file /Users/macbook/Octo/static_analysis_codeql_1/codeql-kotlin.db/trap/java/classes/java/time/zone/ZoneRules.members/ZoneRules.members#65.0-1789983753036-kotlin.trap.gz" }
{ "origin": "CodeQL Kotlin extractor", "timestamp": "2026-09-27 14:17:59", "kind": "INFO", "message": "Finished writing TRAP file /Users/macbook/Octo/static_analysis_codeql_1/codeql-kotlin.db/trap/java/classes/java/time/zone/ZoneRules.members/ZoneRules.members#65.0-1789983753036-kotlin.trap.gz" }
{ "origin": "CodeQL Kotlin extractor", "timestamp": "2026-09-27 14:17:59", "kind": "INFO", "message": "Will write TRAP file /Users/macbook/Octo/static_analysis_codeql_1/codeql-kotlin.db/trap/java/classes/java/time/LocalDateTime.members/LocalDateTime.members#65.0-1789983753036-kotlin.trap.gz" }
{ "origin": "CodeQL Kotlin extractor", "timestamp": "2026-09-27 14:17:59", "kind": "INFO", "message": "Finished writing TRAP file /Users/macbook/Octo/static_analysis_codeql_1/codeql-kotlin.db/trap/java/classes/java/time/LocalDateTime.members/LocalDateTime.members#65.0-1789983753036-kotlin.trap.gz" }
{ "origin": "CodeQL Kotlin extractor", "timestamp": "2026-09-27 14:17:59", "kind": "INFO", "message": "Will write TRAP file /Users/macbook/Octo/static_analysis_codeql_1/codeql-kotlin.db/trap/java/classes/java/time/LocalDate.members/LocalDate.members#65.0-1789983753036-kotlin.trap.gz" }
{ "origin": "CodeQL Kotlin extractor", "timestamp": "2026-09-27 14:17:59", "kind": "INFO", "message": "Finished writing TRAP file /Users/macbook/Octo/static_analysis_codeql_1/codeql-kotlin.db/trap/java/classes/java/time/LocalDate.members/LocalDate.members#65.0-1789983753036-kotlin.trap.gz" }
{ "origin": "CodeQL Kotlin extractor", "timestamp": "2026-09-27 14:17:59", "kind": "INFO", "message": "Will write TRAP file /Users/macbook/Octo/static_analysis_codeql_1/codeql-kotlin.db/trap/java/classes/java/time/Month.members/Month.members#65.0-1789983753036-kotlin.trap.gz" }
{ "origin": "CodeQL Kotlin extractor", "timestamp": "2026-09-27 14:17:59", "kind": "INFO", "message": "Finished writing TRAP file /Users/macbook/Octo/static_analysis_codeql_1/codeql-kotlin.db/trap/java/classes/java/time/Month.members/Month.members#65.0-1789983753036-kotlin.trap.gz" }
{ "origin": "CodeQL Kotlin extractor", "timestamp": "2026-09-27 14:17:59", "kind": "INFO", "message": "Will write TRAP file /Users/macbook/Octo/static_analysis_codeql_1/codeql-kotlin.db/trap/java/classes/java/time/DayOfWeek.members/DayOfWeek.members#65.0-1789983753036-kotlin.trap.gz" }
{ "origin": "CodeQL Kotlin extractor", "timestamp": "2026-09-27 14:17:59", "kind": "INFO", "message": "Finished writing TRAP file /Users/macbook/Octo/static_analysis_codeql_1/codeql-kotlin.db/trap/java/classes/java/time/DayOfWeek.members/DayOfWeek.members#65.0-1789983753036-kotlin.trap.gz" }
{ "origin": "CodeQL Kotlin extractor", "timestamp": "2026-09-27 14:17:59", "kind": "INFO", "message": "Will write TRAP file /Users/macbook/Octo/static_analysis_codeql_1/codeql-kotlin.db/trap/java/classes/java/time/LocalTime.members/LocalTime.members#65.0-1789983753036-kotlin.trap.gz" }
{ "origin": "CodeQL Kotlin extractor", "timestamp": "2026-09-27 14:17:59", "kind": "INFO", "message": "Finished writing TRAP file /Users/macbook/Octo/static_analysis_codeql_1/codeql-kotlin.db/trap/java/classes/java/time/LocalTime.members/LocalTime.members#65.0-1789983753036-kotlin.trap.gz" }
{ "origin": "CodeQL Kotlin extractor", "timestamp": "2026-09-27 14:17:59", "kind": "INFO", "message": "Will write TRAP file /Users/macbook/Octo/static_analysis_codeql_1/codeql-kotlin.db/trap/java/classes/java/time/format/DateTimeFormatter.members/DateTimeFormatter.members#65.0-1789983753036-kotlin.trap.gz" }
{ "origin": "CodeQL Kotlin extractor", "timestamp": "2026-09-27 14:17:59", "kind": "INFO", "message": "Finished writing TRAP file /Users/macbook/Octo/static_analysis_codeql_1/codeql-kotlin.db/trap/java/classes/java/time/format/DateTimeFormatter.members/DateTimeFormatter.members#65.0-1789983753036-kotlin.trap.gz" }
{ "origin": "CodeQL Kotlin extractor", "timestamp": "2026-09-27 14:17:59", "kind": "INFO", "message": "Will write TRAP file /Users/macbook/Octo/static_analysis_codeql_1/codeql-kotlin.db/trap/java/classes/java/time/OffsetTime.members/OffsetTime.members#65.0-1789983753036-kotlin.trap.gz" }
{ "origin": "CodeQL Kotlin extractor", "timestamp": "2026-09-27 14:17:59", "kind": "INFO", "message": "Finished writing TRAP file /Users/macbook/Octo/static_analysis_codeql_1/codeql-kotlin.db/trap/java/classes/java/time/OffsetTime.members/OffsetTime.members#65.0-1789983753036-kotlin.trap.gz" }
{ "origin": "CodeQL Kotlin extractor", "timestamp": "2026-09-27 14:17:59", "kind": "INFO", "message": "Will write TRAP file /Users/macbook/Octo/static_analysis_codeql_1/codeql-kotlin.db/trap/java/classes/java/io/ObjectOutput.members/ObjectOutput.members#65.0-1789983753036-kotlin.trap.gz" }
{ "origin": "CodeQL Kotlin extractor", "timestamp": "2026-09-27 14:17:59", "kind": "INFO", "message": "Finished writing TRAP file /Users/macbook/Octo/static_analysis_codeql_1/codeql-kotlin.db/trap/java/classes/java/io/ObjectOutput.members/ObjectOutput.members#65.0-1789983753036-kotlin.trap.gz" }
{ "origin": "CodeQL Kotlin extractor", "timestamp": "2026-09-27 14:17:59", "kind": "INFO", "message": "Skipping extracting external decl Comparator" }
{ "origin": "CodeQL Kotlin extractor", "timestamp": "2026-09-27 14:17:59", "kind": "INFO", "message": "Will write TRAP file /Users/macbook/Octo/static_analysis_codeql_1/codeql-kotlin.db/trap/java/classes/java/io/ObjectInput.members/ObjectInput.members#65.0-1789983753036-kotlin.trap.gz" }
{ "origin": "CodeQL Kotlin extractor", "timestamp": "2026-09-27 14:17:59", "kind": "INFO", "message": "Finished writing TRAP file /Users/macbook/Octo/static_analysis_codeql_1/codeql-kotlin.db/trap/java/classes/java/io/ObjectInput.members/ObjectInput.members#65.0-1789983753036-kotlin.trap.gz" }
{ "origin": "CodeQL Kotlin extractor", "timestamp": "2026-09-27 14:17:59", "kind": "INFO", "message": "Will write TRAP file /Users/macbook/Octo/static_analysis_codeql_1/codeql-kotlin.db/trap/java/classes/java/time/format/TextStyle.members/TextStyle.members#65.0-1789983753036-kotlin.trap.gz" }
{ "origin": "CodeQL Kotlin extractor", "timestamp": "2026-09-27 14:17:59", "kind": "INFO", "message": "Finished writing TRAP file /Users/macbook/Octo/static_analysis_codeql_1/codeql-kotlin.db/trap/java/classes/java/time/format/TextStyle.members/TextStyle.members#65.0-1789983753036-kotlin.trap.gz" }
{ "origin": "CodeQL Kotlin extractor", "timestamp": "2026-09-27 14:17:59", "kind": "INFO", "message": "Skipping extracting external decl Set" }
{ "origin": "CodeQL Kotlin extractor", "timestamp": "2026-09-27 14:17:59", "kind": "INFO", "message": "Skipping extracting external decl MutableSet" }
{ "origin": "CodeQL Kotlin extractor", "timestamp": "2026-09-27 14:17:59", "kind": "INFO", "message": "Will write TRAP file /Users/macbook/Octo/static_analysis_codeql_1/codeql-kotlin.db/trap/java/classes/java/time/chrono/ChronoZonedDateTime.members/ChronoZonedDateTime.members#65.0-1789983753036-kotlin.trap.gz" }
{ "origin": "CodeQL Kotlin extractor", "timestamp": "2026-09-27 14:17:59", "kind": "INFO", "message": "Finished writing TRAP file /Users/macbook/Octo/static_analysis_codeql_1/codeql-kotlin.db/trap/java/classes/java/time/chrono/ChronoZonedDateTime.members/ChronoZonedDateTime.members#65.0-1789983753036-kotlin.trap.gz" }
{ "origin": "CodeQL Kotlin extractor", "timestamp": "2026-09-27 14:17:59", "kind": "INFO", "message": "Will write TRAP file /Users/macbook/Octo/static_analysis_codeql_1/codeql-kotlin.db/trap/java/classes/java/time/chrono/ChronoLocalDate.members/ChronoLocalDate.members#65.0-1789983753036-kotlin.trap.gz" }
{ "origin": "CodeQL Kotlin extractor", "timestamp": "2026-09-27 14:17:59", "kind": "INFO", "message": "Finished writing TRAP file /Users/macbook/Octo/static_analysis_codeql_1/codeql-kotlin.db/trap/java/classes/java/time/chrono/ChronoLocalDate.members/ChronoLocalDate.members#65.0-1789983753036-kotlin.trap.gz" }
{ "origin": "CodeQL Kotlin extractor", "timestamp": "2026-09-27 14:17:59", "kind": "INFO", "message": "Will write TRAP file /Users/macbook/Octo/static_analysis_codeql_1/codeql-kotlin.db/trap/java/classes/java/time/chrono/ChronoLocalDateTime.members/ChronoLocalDateTime.members#65.0-1789983753036-kotlin.trap.gz" }
{ "origin": "CodeQL Kotlin extractor", "timestamp": "2026-09-27 14:17:59", "kind": "INFO", "message": "Finished writing TRAP file /Users/macbook/Octo/static_analysis_codeql_1/codeql-kotlin.db/trap/java/classes/java/time/chrono/ChronoLocalDateTime.members/ChronoLocalDateTime.members#65.0-1789983753036-kotlin.trap.gz" }
{ "origin": "CodeQL Kotlin extractor", "timestamp": "2026-09-27 14:17:59", "kind": "INFO", "message": "Will write TRAP file /Users/macbook/Octo/static_analysis_codeql_1/codeql-kotlin.db/trap/java/classes/java/time/chrono/Chronology.members/Chronology.members#65.0-1789983753036-kotlin.trap.gz" }
{ "origin": "CodeQL Kotlin extractor", "timestamp": "2026-09-27 14:17:59", "kind": "INFO", "message": "Finished writing TRAP file /Users/macbook/Octo/static_analysis_codeql_1/codeql-kotlin.db/trap/java/classes/java/time/chrono/Chronology.members/Chronology.members#65.0-1789983753036-kotlin.trap.gz" }
{ "origin": "CodeQL Kotlin extractor", "timestamp": "2026-09-27 14:17:59", "kind": "INFO", "message": "Will write TRAP file /Users/macbook/Octo/static_analysis_codeql_1/codeql-kotlin.db/trap/java/classes/java/time/Clock$OffsetClock.members/Clock$OffsetClock.members#65.0-1789983753036-kotlin.trap.gz" }
{ "origin": "CodeQL Kotlin extractor", "timestamp": "2026-09-27 14:17:59", "kind": "INFO", "message": "Finished writing TRAP file /Users/macbook/Octo/static_analysis_codeql_1/codeql-kotlin.db/trap/java/classes/java/time/Clock$OffsetClock.members/Clock$OffsetClock.members#65.0-1789983753036-kotlin.trap.gz" }
{ "origin": "CodeQL Kotlin extractor", "timestamp": "2026-09-27 14:17:59", "kind": "INFO", "message": "Will write TRAP file /Users/macbook/Octo/static_analysis_codeql_1/codeql-kotlin.db/trap/java/classes/java/time/Clock$FixedClock.members/Clock$FixedClock.members#65.0-1789983753036-kotlin.trap.gz" }
{ "origin": "CodeQL Kotlin extractor", "timestamp": "2026-09-27 14:17:59", "kind": "INFO", "message": "Finished writing TRAP file /Users/macbook/Octo/static_analysis_codeql_1/codeql-kotlin.db/trap/java/classes/java/time/Clock$FixedClock.members/Clock$FixedClock.members#65.0-1789983753036-kotlin.trap.gz" }
{ "origin": "CodeQL Kotlin extractor", "timestamp": "2026-09-27 14:17:59", "kind": "INFO", "message": "Will write TRAP file /Users/macbook/Octo/static_analysis_codeql_1/codeql-kotlin.db/trap/java/classes/java/time/Clock$TickClock.members/Clock$TickClock.members#65.0-1789983753036-kotlin.trap.gz" }
{ "origin": "CodeQL Kotlin extractor", "timestamp": "2026-09-27 14:17:59", "kind": "INFO", "message": "Finished writing TRAP file /Users/macbook/Octo/static_analysis_codeql_1/codeql-kotlin.db/trap/java/classes/java/time/Clock$TickClock.members/Clock$TickClock.members#65.0-1789983753036-kotlin.trap.gz" }
{ "origin": "CodeQL Kotlin extractor", "timestamp": "2026-09-27 14:17:59", "kind": "INFO", "message": "Will write TRAP file /Users/macbook/Octo/static_analysis_codeql_1/codeql-kotlin.db/trap/java/classes/java/time/Clock$SystemClock.members/Clock$SystemClock.members#65.0-1789983753036-kotlin.trap.gz" }
{ "origin": "CodeQL Kotlin extractor", "timestamp": "2026-09-27 14:17:59", "kind": "INFO", "message": "Finished writing TRAP file /Users/macbook/Octo/static_analysis_codeql_1/codeql-kotlin.db/trap/java/classes/java/time/Clock$SystemClock.members/Clock$SystemClock.members#65.0-1789983753036-kotlin.trap.gz" }
{ "origin": "CodeQL Kotlin extractor", "timestamp": "2026-09-27 14:17:59", "kind": "INFO", "message": "Will write TRAP file /Users/macbook/Octo/static_analysis_codeql_1/codeql-kotlin.db/trap/java/classes/java/time/Clock$SystemInstantSource.members/Clock$SystemInstantSource.members#65.0-1789983753036-kotlin.trap.gz" }
{ "origin": "CodeQL Kotlin extractor", "timestamp": "2026-09-27 14:17:59", "kind": "INFO", "message": "Finished writing TRAP file /Users/macbook/Octo/static_analysis_codeql_1/codeql-kotlin.db/trap/java/classes/java/time/Clock$SystemInstantSource.members/Clock$SystemInstantSource.members#65.0-1789983753036-kotlin.trap.gz" }
{ "origin": "CodeQL Kotlin extractor", "timestamp": "2026-09-27 14:17:59", "kind": "INFO", "message": "Will write TRAP file /Users/macbook/Octo/static_analysis_codeql_1/codeql-kotlin.db/trap/java/classes/java/time/Clock$SourceClock.members/Clock$SourceClock.members#65.0-1789983753036-kotlin.trap.gz" }
{ "origin": "CodeQL Kotlin extractor", "timestamp": "2026-09-27 14:17:59", "kind": "INFO", "message": "Finished writing TRAP file /Users/macbook/Octo/static_analysis_codeql_1/codeql-kotlin.db/trap/java/classes/java/time/Clock$SourceClock.members/Clock$SourceClock.members#65.0-1789983753036-kotlin.trap.gz" }
{ "origin": "CodeQL Kotlin extractor", "timestamp": "2026-09-27 14:17:59", "kind": "INFO", "message": "Will write TRAP file /Users/macbook/Octo/static_analysis_codeql_1/codeql-kotlin.db/trap/java/classes/java/time/InstantSource.members/InstantSource.members#65.0-1789983753036-kotlin.trap.gz" }
{ "origin": "CodeQL Kotlin extractor", "timestamp": "2026-09-27 14:17:59", "kind": "INFO", "message": "Finished writing TRAP file /Users/macbook/Octo/static_analysis_codeql_1/codeql-kotlin.db/trap/java/classes/java/time/InstantSource.members/InstantSource.members#65.0-1789983753036-kotlin.trap.gz" }
{ "origin": "CodeQL Kotlin extractor", "timestamp": "2026-09-27 14:17:59", "kind": "INFO", "message": "Will write TRAP file /Users/macbook/Octo/static_analysis_codeql_1/codeql-kotlin.db/trap/java/classes/kotlin/ExperimentalContextParameters.members/ExperimentalContextParameters.members#52.0-318186000000-kotlin.trap.gz" }
{ "origin": "CodeQL Kotlin extractor", "timestamp": "2026-09-27 14:17:59", "kind": "INFO", "message": "Finished writing TRAP file /Users/macbook/Octo/static_analysis_codeql_1/codeql-kotlin.db/trap/java/classes/kotlin/ExperimentalContextParameters.members/ExperimentalContextParameters.members#52.0-318186000000-kotlin.trap.gz" }
{ "origin": "CodeQL Kotlin extractor", "timestamp": "2026-09-27 14:17:59", "kind": "INFO", "message": "Will write TRAP file /Users/macbook/Octo/static_analysis_codeql_1/codeql-kotlin.db/trap/java/classes/kotlin/reflect/KTypeProjection$Companion.members/KTypeProjection$Companion.members#52.0-318186000000-kotlin.trap.gz" }
{ "origin": "CodeQL Kotlin extractor", "timestamp": "2026-09-27 14:17:59", "kind": "INFO", "message": "Finished writing TRAP file /Users/macbook/Octo/static_analysis_codeql_1/codeql-kotlin.db/trap/java/classes/kotlin/reflect/KTypeProjection$Companion.members/KTypeProjection$Companion.members#52.0-318186000000-kotlin.trap.gz" }
{ "origin": "CodeQL Kotlin extractor", "timestamp": "2026-09-27 14:17:59", "kind": "INFO", "message": "Will write TRAP file /Users/macbook/Octo/static_analysis_codeql_1/codeql-kotlin.db/trap/java/classes/java/lang/annotation/ElementType.members/ElementType.members#65.0-1789983753036-kotlin.trap.gz" }
{ "origin": "CodeQL Kotlin extractor", "timestamp": "2026-09-27 14:17:59", "kind": "INFO", "message": "Finished writing TRAP file /Users/macbook/Octo/static_analysis_codeql_1/codeql-kotlin.db/trap/java/classes/java/lang/annotation/ElementType.members/ElementType.members#65.0-1789983753036-kotlin.trap.gz" }
{ "origin": "CodeQL Kotlin extractor", "timestamp": "2026-09-27 14:17:59", "kind": "INFO", "message": "Will write TRAP file /Users/macbook/Octo/static_analysis_codeql_1/codeql-kotlin.db/trap/java/classes/java/lang/annotation/Target.members/Target.members#65.0-1789983753036-kotlin.trap.gz" }
{ "origin": "CodeQL Kotlin extractor", "timestamp": "2026-09-27 14:17:59", "kind": "INFO", "message": "Finished writing TRAP file /Users/macbook/Octo/static_analysis_codeql_1/codeql-kotlin.db/trap/java/classes/java/lang/annotation/Target.members/Target.members#65.0-1789983753036-kotlin.trap.gz" }
{ "origin": "CodeQL Kotlin extractor", "timestamp": "2026-09-27 14:17:59", "kind": "INFO", "message": "Will write TRAP file /Users/macbook/Octo/static_analysis_codeql_1/codeql-kotlin.db/trap/java/classes/java/lang/annotation/RetentionPolicy.members/RetentionPolicy.members#65.0-1789983753036-kotlin.trap.gz" }
{ "origin": "CodeQL Kotlin extractor", "timestamp": "2026-09-27 14:17:59", "kind": "INFO", "message": "Finished writing TRAP file /Users/macbook/Octo/static_analysis_codeql_1/codeql-kotlin.db/trap/java/classes/java/lang/annotation/RetentionPolicy.members/RetentionPolicy.members#65.0-1789983753036-kotlin.trap.gz" }
{ "origin": "CodeQL Kotlin extractor", "timestamp": "2026-09-27 14:17:59", "kind": "INFO", "message": "Will write TRAP file /Users/macbook/Octo/static_analysis_codeql_1/codeql-kotlin.db/trap/java/classes/java/lang/annotation/Retention.members/Retention.members#65.0-1789983753036-kotlin.trap.gz" }
{ "origin": "CodeQL Kotlin extractor", "timestamp": "2026-09-27 14:17:59", "kind": "INFO", "message": "Finished writing TRAP file /Users/macbook/Octo/static_analysis_codeql_1/codeql-kotlin.db/trap/java/classes/java/lang/annotation/Retention.members/Retention.members#65.0-1789983753036-kotlin.trap.gz" }
{ "origin": "CodeQL Kotlin extractor", "timestamp": "2026-09-27 14:17:59", "kind": "INFO", "message": "Skipping extracting external decl Retention" }
{ "origin": "CodeQL Kotlin extractor", "timestamp": "2026-09-27 14:17:59", "kind": "INFO", "message": "Skipping extracting external decl AnnotationRetention" }
{ "origin": "CodeQL Kotlin extractor", "timestamp": "2026-09-27 14:17:59", "kind": "INFO", "message": "Skipping extracting external decl Target" }
{ "origin": "CodeQL Kotlin extractor", "timestamp": "2026-09-27 14:17:59", "kind": "INFO", "message": "Skipping extracting external decl AnnotationTarget" }
{ "origin": "CodeQL Kotlin extractor", "timestamp": "2026-09-27 14:17:59", "kind": "INFO", "message": "Will write TRAP file /Users/macbook/Octo/static_analysis_codeql_1/codeql-kotlin.db/trap/java/classes/kotlin/experimental/ExperimentalTypeInference.members/ExperimentalTypeInference.members#52.0-318186000000-kotlin.trap.gz" }
{ "origin": "CodeQL Kotlin extractor", "timestamp": "2026-09-27 14:17:59", "kind": "INFO", "message": "Finished writing TRAP file /Users/macbook/Octo/static_analysis_codeql_1/codeql-kotlin.db/trap/java/classes/kotlin/experimental/ExperimentalTypeInference.members/ExperimentalTypeInference.members#52.0-318186000000-kotlin.trap.gz" }
{ "origin": "CodeQL Kotlin extractor", "timestamp": "2026-09-27 14:17:59", "kind": "INFO", "message": "Will write TRAP file /Users/macbook/Octo/static_analysis_codeql_1/codeql-kotlin.db/trap/java/classes/java/lang/annotation/Documented.members/Documented.members#65.0-1789983753036-kotlin.trap.gz" }
{ "origin": "CodeQL Kotlin extractor", "timestamp": "2026-09-27 14:17:59", "kind": "INFO", "message": "Finished writing TRAP file /Users/macbook/Octo/static_analysis_codeql_1/codeql-kotlin.db/trap/java/classes/java/lang/annotation/Documented.members/Documented.members#65.0-1789983753036-kotlin.trap.gz" }
{ "origin": "CodeQL Kotlin extractor", "timestamp": "2026-09-27 14:17:59", "kind": "INFO", "message": "Skipping extracting external decl MustBeDocumented" }
{ "origin": "CodeQL Kotlin extractor", "timestamp": "2026-09-27 14:17:59", "kind": "INFO", "message": "Will write TRAP file /Users/macbook/Octo/static_analysis_codeql_1/codeql-kotlin.db/trap/java/classes/java/util/random/RandomGenerator$LeapableGenerator.members/RandomGenerator$LeapableGenerator.members#65.0-1789983753036-kotlin.trap.gz" }
{ "origin": "CodeQL Kotlin extractor", "timestamp": "2026-09-27 14:17:59", "kind": "INFO", "message": "Finished writing TRAP file /Users/macbook/Octo/static_analysis_codeql_1/codeql-kotlin.db/trap/java/classes/java/util/random/RandomGenerator$LeapableGenerator.members/RandomGenerator$LeapableGenerator.members#65.0-1789983753036-kotlin.trap.gz" }
{ "origin": "CodeQL Kotlin extractor", "timestamp": "2026-09-27 14:17:59", "kind": "INFO", "message": "Will write TRAP file /Users/macbook/Octo/static_analysis_codeql_1/codeql-kotlin.db/trap/java/classes/java/util/random/RandomGenerator$JumpableGenerator.members/RandomGenerator$JumpableGenerator.members#65.0-1789983753036-kotlin.trap.gz" }
{ "origin": "CodeQL Kotlin extractor", "timestamp": "2026-09-27 14:17:59", "kind": "INFO", "message": "Finished writing TRAP file /Users/macbook/Octo/static_analysis_codeql_1/codeql-kotlin.db/trap/java/classes/java/util/random/RandomGenerator$JumpableGenerator.members/RandomGenerator$JumpableGenerator.members#65.0-1789983753036-kotlin.trap.gz" }
{ "origin": "CodeQL Kotlin extractor", "timestamp": "2026-09-27 14:17:59", "kind": "INFO", "message": "Will write TRAP file /Users/macbook/Octo/static_analysis_codeql_1/codeql-kotlin.db/trap/java/classes/java/util/random/RandomGenerator$ArbitrarilyJumpableGenerator.members/RandomGenerator$ArbitrarilyJumpableGenerator.members#65.0-1789983753036-kotlin.trap.gz" }
{ "origin": "CodeQL Kotlin extractor", "timestamp": "2026-09-27 14:17:59", "kind": "INFO", "message": "Finished writing TRAP file /Users/macbook/Octo/static_analysis_codeql_1/codeql-kotlin.db/trap/java/classes/java/util/random/RandomGenerator$ArbitrarilyJumpableGenerator.members/RandomGenerator$ArbitrarilyJumpableGenerator.members#65.0-1789983753036-kotlin.trap.gz" }
{ "origin": "CodeQL Kotlin extractor", "timestamp": "2026-09-27 14:17:59", "kind": "INFO", "message": "Will write TRAP file /Users/macbook/Octo/static_analysis_codeql_1/codeql-kotlin.db/trap/java/classes/java/util/random/RandomGenerator$SplittableGenerator.members/RandomGenerator$SplittableGenerator.members#65.0-1789983753036-kotlin.trap.gz" }
{ "origin": "CodeQL Kotlin extractor", "timestamp": "2026-09-27 14:17:59", "kind": "INFO", "message": "Finished writing TRAP file /Users/macbook/Octo/static_analysis_codeql_1/codeql-kotlin.db/trap/java/classes/java/util/random/RandomGenerator$SplittableGenerator.members/RandomGenerator$SplittableGenerator.members#65.0-1789983753036-kotlin.trap.gz" }
{ "origin": "CodeQL Kotlin extractor", "timestamp": "2026-09-27 14:17:59", "kind": "INFO", "message": "Will write TRAP file /Users/macbook/Octo/static_analysis_codeql_1/codeql-kotlin.db/trap/java/classes/java/util/random/RandomGenerator$StreamableGenerator.members/RandomGenerator$StreamableGenerator.members#65.0-1789983753036-kotlin.trap.gz" }
{ "origin": "CodeQL Kotlin extractor", "timestamp": "2026-09-27 14:17:59", "kind": "INFO", "message": "Finished writing TRAP file /Users/macbook/Octo/static_analysis_codeql_1/codeql-kotlin.db/trap/java/classes/java/util/random/RandomGenerator$StreamableGenerator.members/RandomGenerator$StreamableGenerator.members#65.0-1789983753036-kotlin.trap.gz" }
{ "origin": "CodeQL Kotlin extractor", "timestamp": "2026-09-27 14:17:59", "kind": "INFO", "message": "Will write TRAP file /Users/macbook/Octo/static_analysis_codeql_1/codeql-kotlin.db/trap/java/classes/jdk/internal/util/random/RandomSupport.members/RandomSupport.members#65.0-1789983753036-kotlin.trap.gz" }
{ "origin": "CodeQL Kotlin extractor", "timestamp": "2026-09-27 14:17:59", "kind": "INFO", "message": "Finished writing TRAP file /Users/macbook/Octo/static_analysis_codeql_1/codeql-kotlin.db/trap/java/classes/jdk/internal/util/random/RandomSupport.members/RandomSupport.members#65.0-1789983753036-kotlin.trap.gz" }
{ "origin": "CodeQL Kotlin extractor", "timestamp": "2026-09-27 14:17:59", "kind": "INFO", "message": "Will write TRAP file /Users/macbook/Octo/static_analysis_codeql_1/codeql-kotlin.db/trap/java/classes/java/time/zone/ZoneOffsetTransition.members/ZoneOffsetTransition.members#65.0-1789983753036-kotlin.trap.gz" }
{ "origin": "CodeQL Kotlin extractor", "timestamp": "2026-09-27 14:17:59", "kind": "INFO", "message": "Finished writing TRAP file /Users/macbook/Octo/static_analysis_codeql_1/codeql-kotlin.db/trap/java/classes/java/time/zone/ZoneOffsetTransition.members/ZoneOffsetTransition.members#65.0-1789983753036-kotlin.trap.gz" }
{ "origin": "CodeQL Kotlin extractor", "timestamp": "2026-09-27 14:17:59", "kind": "INFO", "message": "Will write TRAP file /Users/macbook/Octo/static_analysis_codeql_1/codeql-kotlin.db/trap/java/classes/java/time/zone/ZoneOffsetTransitionRule.members/ZoneOffsetTransitionRule.members#65.0-1789983753036-kotlin.trap.gz" }
{ "origin": "CodeQL Kotlin extractor", "timestamp": "2026-09-27 14:17:59", "kind": "INFO", "message": "Finished writing TRAP file /Users/macbook/Octo/static_analysis_codeql_1/codeql-kotlin.db/trap/java/classes/java/time/zone/ZoneOffsetTransitionRule.members/ZoneOffsetTransitionRule.members#65.0-1789983753036-kotlin.trap.gz" }
{ "origin": "CodeQL Kotlin extractor", "timestamp": "2026-09-27 14:17:59", "kind": "INFO", "message": "Will write TRAP file /Users/macbook/Octo/static_analysis_codeql_1/codeql-kotlin.db/trap/java/classes/java/time/chrono/IsoChronology.members/IsoChronology.members#65.0-1789983753036-kotlin.trap.gz" }
{ "origin": "CodeQL Kotlin extractor", "timestamp": "2026-09-27 14:17:59", "kind": "INFO", "message": "Finished writing TRAP file /Users/macbook/Octo/static_analysis_codeql_1/codeql-kotlin.db/trap/java/classes/java/time/chrono/IsoChronology.members/IsoChronology.members#65.0-1789983753036-kotlin.trap.gz" }
{ "origin": "CodeQL Kotlin extractor", "timestamp": "2026-09-27 14:17:59", "kind": "INFO", "message": "Will write TRAP file /Users/macbook/Octo/static_analysis_codeql_1/codeql-kotlin.db/trap/java/classes/java/time/chrono/IsoEra.members/IsoEra.members#65.0-1789983753036-kotlin.trap.gz" }
{ "origin": "CodeQL Kotlin extractor", "timestamp": "2026-09-27 14:17:59", "kind": "INFO", "message": "Finished writing TRAP file /Users/macbook/Octo/static_analysis_codeql_1/codeql-kotlin.db/trap/java/classes/java/time/chrono/IsoEra.members/IsoEra.members#65.0-1789983753036-kotlin.trap.gz" }
{ "origin": "CodeQL Kotlin extractor", "timestamp": "2026-09-27 14:17:59", "kind": "INFO", "message": "Will write TRAP file /Users/macbook/Octo/static_analysis_codeql_1/codeql-kotlin.db/trap/java/classes/java/time/Period.members/Period.members#65.0-1789983753036-kotlin.trap.gz" }
{ "origin": "CodeQL Kotlin extractor", "timestamp": "2026-09-27 14:17:59", "kind": "INFO", "message": "Finished writing TRAP file /Users/macbook/Octo/static_analysis_codeql_1/codeql-kotlin.db/trap/java/classes/java/time/Period.members/Period.members#65.0-1789983753036-kotlin.trap.gz" }
{ "origin": "CodeQL Kotlin extractor", "timestamp": "2026-09-27 14:17:59", "kind": "INFO", "message": "Skipping extracting external decl Stream" }
{ "origin": "CodeQL Kotlin extractor", "timestamp": "2026-09-27 14:17:59", "kind": "INFO", "message": "Skipping extracting external decl BaseStream" }
{ "origin": "CodeQL Kotlin extractor", "timestamp": "2026-09-27 14:17:59", "kind": "INFO", "message": "Skipping extracting external decl AutoCloseable" }
{ "origin": "CodeQL Kotlin extractor", "timestamp": "2026-09-27 14:17:59", "kind": "INFO", "message": "Will write TRAP file /Users/macbook/Octo/static_analysis_codeql_1/codeql-kotlin.db/trap/java/classes/java/time/format/DateTimeFormatterBuilder$CompositePrinterParser.members/DateTimeFormatterBuilder$CompositePrinterParser.members#65.0-1789983753036-kotlin.trap.gz" }
{ "origin": "CodeQL Kotlin extractor", "timestamp": "2026-09-27 14:17:59", "kind": "INFO", "message": "Finished writing TRAP file /Users/macbook/Octo/static_analysis_codeql_1/codeql-kotlin.db/trap/java/classes/java/time/format/DateTimeFormatterBuilder$CompositePrinterParser.members/DateTimeFormatterBuilder$CompositePrinterParser.members#65.0-1789983753036-kotlin.trap.gz" }
{ "origin": "CodeQL Kotlin extractor", "timestamp": "2026-09-27 14:17:59", "kind": "INFO", "message": "Will write TRAP file /Users/macbook/Octo/static_analysis_codeql_1/codeql-kotlin.db/trap/java/classes/java/time/format/DecimalStyle.members/DecimalStyle.members#65.0-1789983753036-kotlin.trap.gz" }
{ "origin": "CodeQL Kotlin extractor", "timestamp": "2026-09-27 14:17:59", "kind": "INFO", "message": "Finished writing TRAP file /Users/macbook/Octo/static_analysis_codeql_1/codeql-kotlin.db/trap/java/classes/java/time/format/DecimalStyle.members/DecimalStyle.members#65.0-1789983753036-kotlin.trap.gz" }
{ "origin": "CodeQL Kotlin extractor", "timestamp": "2026-09-27 14:17:59", "kind": "INFO", "message": "Will write TRAP file /Users/macbook/Octo/static_analysis_codeql_1/codeql-kotlin.db/trap/java/classes/java/time/format/DateTimeFormatter$ClassicFormat.members/DateTimeFormatter$ClassicFormat.members#65.0-1789983753036-kotlin.trap.gz" }
{ "origin": "CodeQL Kotlin extractor", "timestamp": "2026-09-27 14:17:59", "kind": "INFO", "message": "Finished writing TRAP file /Users/macbook/Octo/static_analysis_codeql_1/codeql-kotlin.db/trap/java/classes/java/time/format/DateTimeFormatter$ClassicFormat.members/DateTimeFormatter$ClassicFormat.members#65.0-1789983753036-kotlin.trap.gz" }
{ "origin": "CodeQL Kotlin extractor", "timestamp": "2026-09-27 14:17:59", "kind": "INFO", "message": "Skipping extracting external decl Appendable" }
{ "origin": "CodeQL Kotlin extractor", "timestamp": "2026-09-27 14:17:59", "kind": "INFO", "message": "Will write TRAP file /Users/macbook/Octo/static_analysis_codeql_1/codeql-kotlin.db/trap/java/classes/java/text/ParsePosition.members/ParsePosition.members#65.0-1789983753036-kotlin.trap.gz" }
{ "origin": "CodeQL Kotlin extractor", "timestamp": "2026-09-27 14:17:59", "kind": "INFO", "message": "Finished writing TRAP file /Users/macbook/Octo/static_analysis_codeql_1/codeql-kotlin.db/trap/java/classes/java/text/ParsePosition.members/ParsePosition.members#65.0-1789983753036-kotlin.trap.gz" }
{ "origin": "CodeQL Kotlin extractor", "timestamp": "2026-09-27 14:17:59", "kind": "INFO", "message": "Will write TRAP file /Users/macbook/Octo/static_analysis_codeql_1/codeql-kotlin.db/trap/java/classes/java/text/Format.members/Format.members#65.0-1789983753036-kotlin.trap.gz" }
{ "origin": "CodeQL Kotlin extractor", "timestamp": "2026-09-27 14:17:59", "kind": "INFO", "message": "Finished writing TRAP file /Users/macbook/Octo/static_analysis_codeql_1/codeql-kotlin.db/trap/java/classes/java/text/Format.members/Format.members#65.0-1789983753036-kotlin.trap.gz" }
{ "origin": "CodeQL Kotlin extractor", "timestamp": "2026-09-27 14:17:59", "kind": "INFO", "message": "Will write TRAP file /Users/macbook/Octo/static_analysis_codeql_1/codeql-kotlin.db/trap/java/classes/java/time/format/FormatStyle.members/FormatStyle.members#65.0-1789983753036-kotlin.trap.gz" }
{ "origin": "CodeQL Kotlin extractor", "timestamp": "2026-09-27 14:17:59", "kind": "INFO", "message": "Finished writing TRAP file /Users/macbook/Octo/static_analysis_codeql_1/codeql-kotlin.db/trap/java/classes/java/time/format/FormatStyle.members/FormatStyle.members#65.0-1789983753036-kotlin.trap.gz" }
{ "origin": "CodeQL Kotlin extractor", "timestamp": "2026-09-27 14:17:59", "kind": "INFO", "message": "Will write TRAP file /Users/macbook/Octo/static_analysis_codeql_1/codeql-kotlin.db/trap/java/classes/java/time/chrono/Era.members/Era.members#65.0-1789983753036-kotlin.trap.gz" }
{ "origin": "CodeQL Kotlin extractor", "timestamp": "2026-09-27 14:17:59", "kind": "INFO", "message": "Finished writing TRAP file /Users/macbook/Octo/static_analysis_codeql_1/codeql-kotlin.db/trap/java/classes/java/time/chrono/Era.members/Era.members#65.0-1789983753036-kotlin.trap.gz" }
{ "origin": "CodeQL Kotlin extractor", "timestamp": "2026-09-27 14:17:59", "kind": "INFO", "message": "Will write TRAP file /Users/macbook/Octo/static_analysis_codeql_1/codeql-kotlin.db/trap/java/classes/java/time/chrono/ChronoPeriod.members/ChronoPeriod.members#65.0-1789983753036-kotlin.trap.gz" }
{ "origin": "CodeQL Kotlin extractor", "timestamp": "2026-09-27 14:17:59", "kind": "INFO", "message": "Finished writing TRAP file /Users/macbook/Octo/static_analysis_codeql_1/codeql-kotlin.db/trap/java/classes/java/time/chrono/ChronoPeriod.members/ChronoPeriod.members#65.0-1789983753036-kotlin.trap.gz" }
{ "origin": "CodeQL Kotlin extractor", "timestamp": "2026-09-27 14:17:59", "kind": "INFO", "message": "Will write TRAP file /Users/macbook/Octo/static_analysis_codeql_1/codeql-kotlin.db/trap/java/classes/java/time/temporal/ChronoField.members/ChronoField.members#65.0-1789983753036-kotlin.trap.gz" }
{ "origin": "CodeQL Kotlin extractor", "timestamp": "2026-09-27 14:17:59", "kind": "INFO", "message": "Finished writing TRAP file /Users/macbook/Octo/static_analysis_codeql_1/codeql-kotlin.db/trap/java/classes/java/time/temporal/ChronoField.members/ChronoField.members#65.0-1789983753036-kotlin.trap.gz" }
{ "origin": "CodeQL Kotlin extractor", "timestamp": "2026-09-27 14:17:59", "kind": "INFO", "message": "Will write TRAP file /Users/macbook/Octo/static_analysis_codeql_1/codeql-kotlin.db/trap/java/classes/kotlin/RequiresOptIn.members/RequiresOptIn.members#52.0-318186000000-kotlin.trap.gz" }
{ "origin": "CodeQL Kotlin extractor", "timestamp": "2026-09-27 14:17:59", "kind": "INFO", "message": "Finished writing TRAP file /Users/macbook/Octo/static_analysis_codeql_1/codeql-kotlin.db/trap/java/classes/kotlin/RequiresOptIn.members/RequiresOptIn.members#52.0-318186000000-kotlin.trap.gz" }
{ "origin": "CodeQL Kotlin extractor", "timestamp": "2026-09-27 14:17:59", "kind": "INFO", "message": "Will write TRAP file /Users/macbook/Octo/static_analysis_codeql_1/codeql-kotlin.db/trap/java/classes/kotlin/RequiresOptIn$Level.members/RequiresOptIn$Level.members#52.0-318186000000-kotlin.trap.gz" }
{ "origin": "CodeQL Kotlin extractor", "timestamp": "2026-09-27 14:17:59", "kind": "INFO", "message": "Finished writing TRAP file /Users/macbook/Octo/static_analysis_codeql_1/codeql-kotlin.db/trap/java/classes/kotlin/RequiresOptIn$Level.members/RequiresOptIn$Level.members#52.0-318186000000-kotlin.trap.gz" }
{ "origin": "CodeQL Kotlin extractor", "timestamp": "2026-09-27 14:17:59", "kind": "INFO", "message": "Will write TRAP file /Users/macbook/Octo/static_analysis_codeql_1/codeql-kotlin.db/trap/java/classes/kotlin/jvm/JvmStatic.members/JvmStatic.members#52.0-318186000000-kotlin.trap.gz" }
{ "origin": "CodeQL Kotlin extractor", "timestamp": "2026-09-27 14:17:59", "kind": "INFO", "message": "Finished writing TRAP file /Users/macbook/Octo/static_analysis_codeql_1/codeql-kotlin.db/trap/java/classes/kotlin/jvm/JvmStatic.members/JvmStatic.members#52.0-318186000000-kotlin.trap.gz" }
{ "origin": "CodeQL Kotlin extractor", "timestamp": "2026-09-27 14:17:59", "kind": "INFO", "message": "Will write TRAP file /Users/macbook/Octo/static_analysis_codeql_1/codeql-kotlin.db/trap/java/classes/kotlin/jvm/JvmField.members/JvmField.members#52.0-318186000000-kotlin.trap.gz" }
{ "origin": "CodeQL Kotlin extractor", "timestamp": "2026-09-27 14:17:59", "kind": "INFO", "message": "Finished writing TRAP file /Users/macbook/Octo/static_analysis_codeql_1/codeql-kotlin.db/trap/java/classes/kotlin/jvm/JvmField.members/JvmField.members#52.0-318186000000-kotlin.trap.gz" }
{ "origin": "CodeQL Kotlin extractor", "timestamp": "2026-09-27 14:17:59", "kind": "INFO", "message": "Will write TRAP file /Users/macbook/Octo/static_analysis_codeql_1/codeql-kotlin.db/trap/java/classes/jdk/internal/util/random/RandomSupport$AbstractSplittableGenerator.members/RandomSupport$AbstractSplittableGenerator.members#65.0-1789983753036-kotlin.trap.gz" }
{ "origin": "CodeQL Kotlin extractor", "timestamp": "2026-09-27 14:17:59", "kind": "INFO", "message": "Finished writing TRAP file /Users/macbook/Octo/static_analysis_codeql_1/codeql-kotlin.db/trap/java/classes/jdk/internal/util/random/RandomSupport$AbstractSplittableGenerator.members/RandomSupport$AbstractSplittableGenerator.members#65.0-1789983753036-kotlin.trap.gz" }
{ "origin": "CodeQL Kotlin extractor", "timestamp": "2026-09-27 14:17:59", "kind": "INFO", "message": "Will write TRAP file /Users/macbook/Octo/static_analysis_codeql_1/codeql-kotlin.db/trap/java/classes/jdk/internal/util/random/RandomSupport$RandomSpliterator.members/RandomSupport$RandomSpliterator.members#65.0-1789983753036-kotlin.trap.gz" }
{ "origin": "CodeQL Kotlin extractor", "timestamp": "2026-09-27 14:17:59", "kind": "INFO", "message": "Finished writing TRAP file /Users/macbook/Octo/static_analysis_codeql_1/codeql-kotlin.db/trap/java/classes/jdk/internal/util/random/RandomSupport$RandomSpliterator.members/RandomSupport$RandomSpliterator.members#65.0-1789983753036-kotlin.trap.gz" }
{ "origin": "CodeQL Kotlin extractor", "timestamp": "2026-09-27 14:17:59", "kind": "INFO", "message": "Will write TRAP file /Users/macbook/Octo/static_analysis_codeql_1/codeql-kotlin.db/trap/java/classes/jdk/internal/util/random/RandomSupport$RandomLongsSpliterator.members/RandomSupport$RandomLongsSpliterator.members#65.0-1789983753036-kotlin.trap.gz" }
{ "origin": "CodeQL Kotlin extractor", "timestamp": "2026-09-27 14:17:59", "kind": "INFO", "message": "Finished writing TRAP file /Users/macbook/Octo/static_analysis_codeql_1/codeql-kotlin.db/trap/java/classes/jdk/internal/util/random/RandomSupport$RandomLongsSpliterator.members/RandomSupport$RandomLongsSpliterator.members#65.0-1789983753036-kotlin.trap.gz" }
{ "origin": "CodeQL Kotlin extractor", "timestamp": "2026-09-27 14:17:59", "kind": "INFO", "message": "Will write TRAP file /Users/macbook/Octo/static_analysis_codeql_1/codeql-kotlin.db/trap/java/classes/jdk/internal/util/random/RandomSupport$DoubleZigguratTables.members/RandomSupport$DoubleZigguratTables.members#65.0-1789983753036-kotlin.trap.gz" }
{ "origin": "CodeQL Kotlin extractor", "timestamp": "2026-09-27 14:17:59", "kind": "INFO", "message": "Finished writing TRAP file /Users/macbook/Octo/static_analysis_codeql_1/codeql-kotlin.db/trap/java/classes/jdk/internal/util/random/RandomSupport$DoubleZigguratTables.members/RandomSupport$DoubleZigguratTables.members#65.0-1789983753036-kotlin.trap.gz" }
{ "origin": "CodeQL Kotlin extractor", "timestamp": "2026-09-27 14:17:59", "kind": "INFO", "message": "Will write TRAP file /Users/macbook/Octo/static_analysis_codeql_1/codeql-kotlin.db/trap/java/classes/jdk/internal/util/random/RandomSupport$AbstractSpliteratorGenerator.members/RandomSupport$AbstractSpliteratorGenerator.members#65.0-1789983753036-kotlin.trap.gz" }
{ "origin": "CodeQL Kotlin extractor", "timestamp": "2026-09-27 14:17:59", "kind": "INFO", "message": "Finished writing TRAP file /Users/macbook/Octo/static_analysis_codeql_1/codeql-kotlin.db/trap/java/classes/jdk/internal/util/random/RandomSupport$AbstractSpliteratorGenerator.members/RandomSupport$AbstractSpliteratorGenerator.members#65.0-1789983753036-kotlin.trap.gz" }
{ "origin": "CodeQL Kotlin extractor", "timestamp": "2026-09-27 14:17:59", "kind": "INFO", "message": "Will write TRAP file /Users/macbook/Octo/static_analysis_codeql_1/codeql-kotlin.db/trap/java/classes/jdk/internal/util/random/RandomSupport$RandomIntsSpliterator.members/RandomSupport$RandomIntsSpliterator.members#65.0-1789983753036-kotlin.trap.gz" }
{ "origin": "CodeQL Kotlin extractor", "timestamp": "2026-09-27 14:17:59", "kind": "INFO", "message": "Finished writing TRAP file /Users/macbook/Octo/static_analysis_codeql_1/codeql-kotlin.db/trap/java/classes/jdk/internal/util/random/RandomSupport$RandomIntsSpliterator.members/RandomSupport$RandomIntsSpliterator.members#65.0-1789983753036-kotlin.trap.gz" }
{ "origin": "CodeQL Kotlin extractor", "timestamp": "2026-09-27 14:17:59", "kind": "INFO", "message": "Will write TRAP file /Users/macbook/Octo/static_analysis_codeql_1/codeql-kotlin.db/trap/java/classes/jdk/internal/util/random/RandomSupport$AbstractArbitrarilyJumpableGenerator.members/RandomSupport$AbstractArbitrarilyJumpableGenerator.members#65.0-1789983753036-kotlin.trap.gz" }
{ "origin": "CodeQL Kotlin extractor", "timestamp": "2026-09-27 14:17:59", "kind": "INFO", "message": "Finished writing TRAP file /Users/macbook/Octo/static_analysis_codeql_1/codeql-kotlin.db/trap/java/classes/jdk/internal/util/random/RandomSupport$AbstractArbitrarilyJumpableGenerator.members/RandomSupport$AbstractArbitrarilyJumpableGenerator.members#65.0-1789983753036-kotlin.trap.gz" }
{ "origin": "CodeQL Kotlin extractor", "timestamp": "2026-09-27 14:17:59", "kind": "INFO", "message": "Will write TRAP file /Users/macbook/Octo/static_analysis_codeql_1/codeql-kotlin.db/trap/java/classes/jdk/internal/util/random/RandomSupport$RandomDoublesSpliterator.members/RandomSupport$RandomDoublesSpliterator.members#65.0-1789983753036-kotlin.trap.gz" }
{ "origin": "CodeQL Kotlin extractor", "timestamp": "2026-09-27 14:17:59", "kind": "INFO", "message": "Finished writing TRAP file /Users/macbook/Octo/static_analysis_codeql_1/codeql-kotlin.db/trap/java/classes/jdk/internal/util/random/RandomSupport$RandomDoublesSpliterator.members/RandomSupport$RandomDoublesSpliterator.members#65.0-1789983753036-kotlin.trap.gz" }
{ "origin": "CodeQL Kotlin extractor", "timestamp": "2026-09-27 14:17:59", "kind": "INFO", "message": "Will write TRAP file /Users/macbook/Octo/static_analysis_codeql_1/codeql-kotlin.db/trap/java/classes/jdk/internal/util/random/RandomSupport$AbstractSplittableWithBrineGenerator.members/RandomSupport$AbstractSplittableWithBrineGenerator.members#65.0-1789983753036-kotlin.trap.gz" }
{ "origin": "CodeQL Kotlin extractor", "timestamp": "2026-09-27 14:17:59", "kind": "INFO", "message": "Finished writing TRAP file /Users/macbook/Octo/static_analysis_codeql_1/codeql-kotlin.db/trap/java/classes/jdk/internal/util/random/RandomSupport$AbstractSplittableWithBrineGenerator.members/RandomSupport$AbstractSplittableWithBrineGenerator.members#65.0-1789983753036-kotlin.trap.gz" }
{ "origin": "CodeQL Kotlin extractor", "timestamp": "2026-09-27 14:17:59", "kind": "INFO", "message": "Will write TRAP file /Users/macbook/Octo/static_analysis_codeql_1/codeql-kotlin.db/trap/java/classes/java/time/zone/ZoneOffsetTransitionRule$TimeDefinition.members/ZoneOffsetTransitionRule$TimeDefinition.members#65.0-1789983753036-kotlin.trap.gz" }
{ "origin": "CodeQL Kotlin extractor", "timestamp": "2026-09-27 14:17:59", "kind": "INFO", "message": "Finished writing TRAP file /Users/macbook/Octo/static_analysis_codeql_1/codeql-kotlin.db/trap/java/classes/java/time/zone/ZoneOffsetTransitionRule$TimeDefinition.members/ZoneOffsetTransitionRule$TimeDefinition.members#65.0-1789983753036-kotlin.trap.gz" }
{ "origin": "CodeQL Kotlin extractor", "timestamp": "2026-09-27 14:17:59", "kind": "INFO", "message": "Will write TRAP file /Users/macbook/Octo/static_analysis_codeql_1/codeql-kotlin.db/trap/java/classes/java/time/chrono/AbstractChronology.members/AbstractChronology.members#65.0-1789983753036-kotlin.trap.gz" }
{ "origin": "CodeQL Kotlin extractor", "timestamp": "2026-09-27 14:17:59", "kind": "INFO", "message": "Finished writing TRAP file /Users/macbook/Octo/static_analysis_codeql_1/codeql-kotlin.db/trap/java/classes/java/time/chrono/AbstractChronology.members/AbstractChronology.members#65.0-1789983753036-kotlin.trap.gz" }
{ "origin": "CodeQL Kotlin extractor", "timestamp": "2026-09-27 14:17:59", "kind": "INFO", "message": "Will write TRAP file /Users/macbook/Octo/static_analysis_codeql_1/codeql-kotlin.db/trap/java/classes/java/time/format/DateTimeFormatterBuilder.members/DateTimeFormatterBuilder.members#65.0-1789983753036-kotlin.trap.gz" }
{ "origin": "CodeQL Kotlin extractor", "timestamp": "2026-09-27 14:17:59", "kind": "INFO", "message": "Finished writing TRAP file /Users/macbook/Octo/static_analysis_codeql_1/codeql-kotlin.db/trap/java/classes/java/time/format/DateTimeFormatterBuilder.members/DateTimeFormatterBuilder.members#65.0-1789983753036-kotlin.trap.gz" }
{ "origin": "CodeQL Kotlin extractor", "timestamp": "2026-09-27 14:17:59", "kind": "INFO", "message": "Will write TRAP file /Users/macbook/Octo/static_analysis_codeql_1/codeql-kotlin.db/trap/java/classes/java/time/format/DateTimePrintContext.members/DateTimePrintContext.members#65.0-1789983753036-kotlin.trap.gz" }
{ "origin": "CodeQL Kotlin extractor", "timestamp": "2026-09-27 14:17:59", "kind": "INFO", "message": "Finished writing TRAP file /Users/macbook/Octo/static_analysis_codeql_1/codeql-kotlin.db/trap/java/classes/java/time/format/DateTimePrintContext.members/DateTimePrintContext.members#65.0-1789983753036-kotlin.trap.gz" }
{ "origin": "CodeQL Kotlin extractor", "timestamp": "2026-09-27 14:17:59", "kind": "INFO", "message": "Skipping extracting external decl StringBuilder" }
{ "origin": "CodeQL Kotlin extractor", "timestamp": "2026-09-27 14:17:59", "kind": "INFO", "message": "Will write TRAP file /Users/macbook/Octo/static_analysis_codeql_1/codeql-kotlin.db/trap/java/classes/java/time/format/DateTimeParseContext.members/DateTimeParseContext.members#65.0-1789983753036-kotlin.trap.gz" }
{ "origin": "CodeQL Kotlin extractor", "timestamp": "2026-09-27 14:17:59", "kind": "INFO", "message": "Finished writing TRAP file /Users/macbook/Octo/static_analysis_codeql_1/codeql-kotlin.db/trap/java/classes/java/time/format/DateTimeParseContext.members/DateTimeParseContext.members#65.0-1789983753036-kotlin.trap.gz" }
{ "origin": "CodeQL Kotlin extractor", "timestamp": "2026-09-27 14:17:59", "kind": "INFO", "message": "Will write TRAP file /Users/macbook/Octo/static_analysis_codeql_1/codeql-kotlin.db/trap/java/classes/java/time/format/DateTimeFormatterBuilder$DateTimePrinterParser.members/DateTimeFormatterBuilder$DateTimePrinterParser.members#65.0-1789983753036-kotlin.trap.gz" }
{ "origin": "CodeQL Kotlin extractor", "timestamp": "2026-09-27 14:17:59", "kind": "INFO", "message": "Finished writing TRAP file /Users/macbook/Octo/static_analysis_codeql_1/codeql-kotlin.db/trap/java/classes/java/time/format/DateTimeFormatterBuilder$DateTimePrinterParser.members/DateTimeFormatterBuilder$DateTimePrinterParser.members#65.0-1789983753036-kotlin.trap.gz" }
{ "origin": "CodeQL Kotlin extractor", "timestamp": "2026-09-27 14:17:59", "kind": "INFO", "message": "Skipping extracting external decl StringBuffer" }
{ "origin": "CodeQL Kotlin extractor", "timestamp": "2026-09-27 14:17:59", "kind": "INFO", "message": "Will write TRAP file /Users/macbook/Octo/static_analysis_codeql_1/codeql-kotlin.db/trap/java/classes/java/text/FieldPosition.members/FieldPosition.members#65.0-1789983753036-kotlin.trap.gz" }
{ "origin": "CodeQL Kotlin extractor", "timestamp": "2026-09-27 14:17:59", "kind": "INFO", "message": "Finished writing TRAP file /Users/macbook/Octo/static_analysis_codeql_1/codeql-kotlin.db/trap/java/classes/java/text/FieldPosition.members/FieldPosition.members#65.0-1789983753036-kotlin.trap.gz" }
{ "origin": "CodeQL Kotlin extractor", "timestamp": "2026-09-27 14:17:59", "kind": "INFO", "message": "Will write TRAP file /Users/macbook/Octo/static_analysis_codeql_1/codeql-kotlin.db/trap/java/classes/java/text/Format$FieldDelegate.members/Format$FieldDelegate.members#65.0-1789983753036-kotlin.trap.gz" }
{ "origin": "CodeQL Kotlin extractor", "timestamp": "2026-09-27 14:17:59", "kind": "INFO", "message": "Finished writing TRAP file /Users/macbook/Octo/static_analysis_codeql_1/codeql-kotlin.db/trap/java/classes/java/text/Format$FieldDelegate.members/Format$FieldDelegate.members#65.0-1789983753036-kotlin.trap.gz" }
{ "origin": "CodeQL Kotlin extractor", "timestamp": "2026-09-27 14:17:59", "kind": "INFO", "message": "Will write TRAP file /Users/macbook/Octo/static_analysis_codeql_1/codeql-kotlin.db/trap/java/classes/java/text/Format$Field.members/Format$Field.members#65.0-1789983753036-kotlin.trap.gz" }
{ "origin": "CodeQL Kotlin extractor", "timestamp": "2026-09-27 14:17:59", "kind": "INFO", "message": "Finished writing TRAP file /Users/macbook/Octo/static_analysis_codeql_1/codeql-kotlin.db/trap/java/classes/java/text/Format$Field.members/Format$Field.members#65.0-1789983753036-kotlin.trap.gz" }
{ "origin": "CodeQL Kotlin extractor", "timestamp": "2026-09-27 14:17:59", "kind": "INFO", "message": "Will write TRAP file /Users/macbook/Octo/static_analysis_codeql_1/codeql-kotlin.db/trap/java/classes/java/text/AttributedCharacterIterator.members/AttributedCharacterIterator.members#65.0-1789983753036-kotlin.trap.gz" }
{ "origin": "CodeQL Kotlin extractor", "timestamp": "2026-09-27 14:17:59", "kind": "INFO", "message": "Finished writing TRAP file /Users/macbook/Octo/static_analysis_codeql_1/codeql-kotlin.db/trap/java/classes/java/text/AttributedCharacterIterator.members/AttributedCharacterIterator.members#65.0-1789983753036-kotlin.trap.gz" }
{ "origin": "CodeQL Kotlin extractor", "timestamp": "2026-09-27 14:17:59", "kind": "INFO", "message": "Will write TRAP file /Users/macbook/Octo/static_analysis_codeql_1/codeql-kotlin.db/trap/java/classes/java/text/AttributedCharacterIterator$Attribute.members/AttributedCharacterIterator$Attribute.members#65.0-1789983753036-kotlin.trap.gz" }
{ "origin": "CodeQL Kotlin extractor", "timestamp": "2026-09-27 14:17:59", "kind": "INFO", "message": "Finished writing TRAP file /Users/macbook/Octo/static_analysis_codeql_1/codeql-kotlin.db/trap/java/classes/java/text/AttributedCharacterIterator$Attribute.members/AttributedCharacterIterator$Attribute.members#65.0-1789983753036-kotlin.trap.gz" }
{ "origin": "CodeQL Kotlin extractor", "timestamp": "2026-09-27 14:17:59", "kind": "INFO", "message": "Will write TRAP file /Users/macbook/Octo/static_analysis_codeql_1/codeql-kotlin.db/trap/java/classes/jdk/internal/util/random/RandomSupport$AbstractSplittableGenerator$RandomLongsSpliterator.members/RandomSupport$AbstractSplittableGenerator$RandomLongsSpliterator.members#65.0-1789983753036-kotlin.trap.gz" }
{ "origin": "CodeQL Kotlin extractor", "timestamp": "2026-09-27 14:17:59", "kind": "INFO", "message": "Finished writing TRAP file /Users/macbook/Octo/static_analysis_codeql_1/codeql-kotlin.db/trap/java/classes/jdk/internal/util/random/RandomSupport$AbstractSplittableGenerator$RandomLongsSpliterator.members/RandomSupport$AbstractSplittableGenerator$RandomLongsSpliterator.members#65.0-1789983753036-kotlin.trap.gz" }
{ "origin": "CodeQL Kotlin extractor", "timestamp": "2026-09-27 14:17:59", "kind": "INFO", "message": "Will write TRAP file /Users/macbook/Octo/static_analysis_codeql_1/codeql-kotlin.db/trap/java/classes/jdk/internal/util/random/RandomSupport$AbstractSplittableGenerator$RandomIntsSpliterator.members/RandomSupport$AbstractSplittableGenerator$RandomIntsSpliterator.members#65.0-1789983753036-kotlin.trap.gz" }
{ "origin": "CodeQL Kotlin extractor", "timestamp": "2026-09-27 14:17:59", "kind": "INFO", "message": "Finished writing TRAP file /Users/macbook/Octo/static_analysis_codeql_1/codeql-kotlin.db/trap/java/classes/jdk/internal/util/random/RandomSupport$AbstractSplittableGenerator$RandomIntsSpliterator.members/RandomSupport$AbstractSplittableGenerator$RandomIntsSpliterator.members#65.0-1789983753036-kotlin.trap.gz" }
{ "origin": "CodeQL Kotlin extractor", "timestamp": "2026-09-27 14:17:59", "kind": "INFO", "message": "Will write TRAP file /Users/macbook/Octo/static_analysis_codeql_1/codeql-kotlin.db/trap/java/classes/jdk/internal/util/random/RandomSupport$AbstractSplittableGenerator$RandomSplitsSpliterator.members/RandomSupport$AbstractSplittableGenerator$RandomSplitsSpliterator.members#65.0-1789983753036-kotlin.trap.gz" }
{ "origin": "CodeQL Kotlin extractor", "timestamp": "2026-09-27 14:17:59", "kind": "INFO", "message": "Finished writing TRAP file /Users/macbook/Octo/static_analysis_codeql_1/codeql-kotlin.db/trap/java/classes/jdk/internal/util/random/RandomSupport$AbstractSplittableGenerator$RandomSplitsSpliterator.members/RandomSupport$AbstractSplittableGenerator$RandomSplitsSpliterator.members#65.0-1789983753036-kotlin.trap.gz" }
{ "origin": "CodeQL Kotlin extractor", "timestamp": "2026-09-27 14:17:59", "kind": "INFO", "message": "Will write TRAP file /Users/macbook/Octo/static_analysis_codeql_1/codeql-kotlin.db/trap/java/classes/jdk/internal/util/random/RandomSupport$AbstractSplittableGenerator$RandomDoublesSpliterator.members/RandomSupport$AbstractSplittableGenerator$RandomDoublesSpliterator.members#65.0-1789983753036-kotlin.trap.gz" }
{ "origin": "CodeQL Kotlin extractor", "timestamp": "2026-09-27 14:17:59", "kind": "INFO", "message": "Finished writing TRAP file /Users/macbook/Octo/static_analysis_codeql_1/codeql-kotlin.db/trap/java/classes/jdk/internal/util/random/RandomSupport$AbstractSplittableGenerator$RandomDoublesSpliterator.members/RandomSupport$AbstractSplittableGenerator$RandomDoublesSpliterator.members#65.0-1789983753036-kotlin.trap.gz" }
{ "origin": "CodeQL Kotlin extractor", "timestamp": "2026-09-27 14:17:59", "kind": "INFO", "message": "Skipping extracting external decl Spliterator" }
{ "origin": "CodeQL Kotlin extractor", "timestamp": "2026-09-27 14:17:59", "kind": "INFO", "message": "Skipping extracting external decl OfLong" }
{ "origin": "CodeQL Kotlin extractor", "timestamp": "2026-09-27 14:17:59", "kind": "INFO", "message": "Skipping extracting external decl LongConsumer" }
{ "origin": "CodeQL Kotlin extractor", "timestamp": "2026-09-27 14:17:59", "kind": "INFO", "message": "Skipping extracting external decl OfInt" }
{ "origin": "CodeQL Kotlin extractor", "timestamp": "2026-09-27 14:17:59", "kind": "INFO", "message": "Skipping extracting external decl IntConsumer" }
{ "origin": "CodeQL Kotlin extractor", "timestamp": "2026-09-27 14:17:59", "kind": "INFO", "message": "Will write TRAP file /Users/macbook/Octo/static_analysis_codeql_1/codeql-kotlin.db/trap/java/classes/jdk/internal/util/random/RandomSupport$AbstractArbitrarilyJumpableGenerator$RandomLongsSpliterator.members/RandomSupport$AbstractArbitrarilyJumpableGenerator$RandomLongsSpliterator.members#65.0-1789983753036-kotlin.trap.gz" }
{ "origin": "CodeQL Kotlin extractor", "timestamp": "2026-09-27 14:17:59", "kind": "INFO", "message": "Finished writing TRAP file /Users/macbook/Octo/static_analysis_codeql_1/codeql-kotlin.db/trap/java/classes/jdk/internal/util/random/RandomSupport$AbstractArbitrarilyJumpableGenerator$RandomLongsSpliterator.members/RandomSupport$AbstractArbitrarilyJumpableGenerator$RandomLongsSpliterator.members#65.0-1789983753036-kotlin.trap.gz" }
{ "origin": "CodeQL Kotlin extractor", "timestamp": "2026-09-27 14:17:59", "kind": "INFO", "message": "Will write TRAP file /Users/macbook/Octo/static_analysis_codeql_1/codeql-kotlin.db/trap/java/classes/jdk/internal/util/random/RandomSupport$AbstractArbitrarilyJumpableGenerator$RandomIntsSpliterator.members/RandomSupport$AbstractArbitrarilyJumpableGenerator$RandomIntsSpliterator.members#65.0-1789983753036-kotlin.trap.gz" }
{ "origin": "CodeQL Kotlin extractor", "timestamp": "2026-09-27 14:17:59", "kind": "INFO", "message": "Finished writing TRAP file /Users/macbook/Octo/static_analysis_codeql_1/codeql-kotlin.db/trap/java/classes/jdk/internal/util/random/RandomSupport$AbstractArbitrarilyJumpableGenerator$RandomIntsSpliterator.members/RandomSupport$AbstractArbitrarilyJumpableGenerator$RandomIntsSpliterator.members#65.0-1789983753036-kotlin.trap.gz" }
{ "origin": "CodeQL Kotlin extractor", "timestamp": "2026-09-27 14:17:59", "kind": "INFO", "message": "Will write TRAP file /Users/macbook/Octo/static_analysis_codeql_1/codeql-kotlin.db/trap/java/classes/jdk/internal/util/random/RandomSupport$AbstractArbitrarilyJumpableGenerator$RandomLeapsSpliterator.members/RandomSupport$AbstractArbitrarilyJumpableGenerator$RandomLeapsSpliterator.members#65.0-1789983753036-kotlin.trap.gz" }
{ "origin": "CodeQL Kotlin extractor", "timestamp": "2026-09-27 14:17:59", "kind": "INFO", "message": "Finished writing TRAP file /Users/macbook/Octo/static_analysis_codeql_1/codeql-kotlin.db/trap/java/classes/jdk/internal/util/random/RandomSupport$AbstractArbitrarilyJumpableGenerator$RandomLeapsSpliterator.members/RandomSupport$AbstractArbitrarilyJumpableGenerator$RandomLeapsSpliterator.members#65.0-1789983753036-kotlin.trap.gz" }
{ "origin": "CodeQL Kotlin extractor", "timestamp": "2026-09-27 14:17:59", "kind": "INFO", "message": "Will write TRAP file /Users/macbook/Octo/static_analysis_codeql_1/codeql-kotlin.db/trap/java/classes/jdk/internal/util/random/RandomSupport$AbstractArbitrarilyJumpableGenerator$RandomJumpsSpliterator.members/RandomSupport$AbstractArbitrarilyJumpableGenerator$RandomJumpsSpliterator.members#65.0-1789983753036-kotlin.trap.gz" }
{ "origin": "CodeQL Kotlin extractor", "timestamp": "2026-09-27 14:17:59", "kind": "INFO", "message": "Finished writing TRAP file /Users/macbook/Octo/static_analysis_codeql_1/codeql-kotlin.db/trap/java/classes/jdk/internal/util/random/RandomSupport$AbstractArbitrarilyJumpableGenerator$RandomJumpsSpliterator.members/RandomSupport$AbstractArbitrarilyJumpableGenerator$RandomJumpsSpliterator.members#65.0-1789983753036-kotlin.trap.gz" }
{ "origin": "CodeQL Kotlin extractor", "timestamp": "2026-09-27 14:17:59", "kind": "INFO", "message": "Will write TRAP file /Users/macbook/Octo/static_analysis_codeql_1/codeql-kotlin.db/trap/java/classes/jdk/internal/util/random/RandomSupport$AbstractArbitrarilyJumpableGenerator$RandomDoublesSpliterator.members/RandomSupport$AbstractArbitrarilyJumpableGenerator$RandomDoublesSpliterator.members#65.0-1789983753036-kotlin.trap.gz" }
{ "origin": "CodeQL Kotlin extractor", "timestamp": "2026-09-27 14:17:59", "kind": "INFO", "message": "Finished writing TRAP file /Users/macbook/Octo/static_analysis_codeql_1/codeql-kotlin.db/trap/java/classes/jdk/internal/util/random/RandomSupport$AbstractArbitrarilyJumpableGenerator$RandomDoublesSpliterator.members/RandomSupport$AbstractArbitrarilyJumpableGenerator$RandomDoublesSpliterator.members#65.0-1789983753036-kotlin.trap.gz" }
{ "origin": "CodeQL Kotlin extractor", "timestamp": "2026-09-27 14:17:59", "kind": "INFO", "message": "Will write TRAP file /Users/macbook/Octo/static_analysis_codeql_1/codeql-kotlin.db/trap/java/classes/jdk/internal/util/random/RandomSupport$AbstractArbitrarilyJumpableGenerator$RandomArbitraryJumpsSpliterator.members/RandomSupport$AbstractArbitrarilyJumpableGenerator$RandomArbitraryJumpsSpliterator.members#65.0-1789983753036-kotlin.trap.gz" }
{ "origin": "CodeQL Kotlin extractor", "timestamp": "2026-09-27 14:17:59", "kind": "INFO", "message": "Finished writing TRAP file /Users/macbook/Octo/static_analysis_codeql_1/codeql-kotlin.db/trap/java/classes/jdk/internal/util/random/RandomSupport$AbstractArbitrarilyJumpableGenerator$RandomArbitraryJumpsSpliterator.members/RandomSupport$AbstractArbitrarilyJumpableGenerator$RandomArbitraryJumpsSpliterator.members#65.0-1789983753036-kotlin.trap.gz" }
{ "origin": "CodeQL Kotlin extractor", "timestamp": "2026-09-27 14:17:59", "kind": "INFO", "message": "Skipping extracting external decl OfDouble" }
{ "origin": "CodeQL Kotlin extractor", "timestamp": "2026-09-27 14:17:59", "kind": "INFO", "message": "Skipping extracting external decl DoubleConsumer" }
{ "origin": "CodeQL Kotlin extractor", "timestamp": "2026-09-27 14:17:59", "kind": "INFO", "message": "Will write TRAP file /Users/macbook/Octo/static_analysis_codeql_1/codeql-kotlin.db/trap/java/classes/jdk/internal/util/random/RandomSupport$AbstractSplittableWithBrineGenerator$RandomSplitsSpliteratorWithSalt.members/RandomSupport$AbstractSplittableWithBrineGenerator$RandomSplitsSpliteratorWithSalt.members#65.0-1789983753036-kotlin.trap.gz" }
{ "origin": "CodeQL Kotlin extractor", "timestamp": "2026-09-27 14:17:59", "kind": "INFO", "message": "Finished writing TRAP file /Users/macbook/Octo/static_analysis_codeql_1/codeql-kotlin.db/trap/java/classes/jdk/internal/util/random/RandomSupport$AbstractSplittableWithBrineGenerator$RandomSplitsSpliteratorWithSalt.members/RandomSupport$AbstractSplittableWithBrineGenerator$RandomSplitsSpliteratorWithSalt.members#65.0-1789983753036-kotlin.trap.gz" }
{ "origin": "CodeQL Kotlin extractor", "timestamp": "2026-09-27 14:17:59", "kind": "INFO", "message": "Will write TRAP file /Users/macbook/Octo/static_analysis_codeql_1/codeql-kotlin.db/trap/java/classes/java/time/format/DateTimeFormatterBuilder$CharLiteralPrinterParser.members/DateTimeFormatterBuilder$CharLiteralPrinterParser.members#65.0-1789983753036-kotlin.trap.gz" }
{ "origin": "CodeQL Kotlin extractor", "timestamp": "2026-09-27 14:17:59", "kind": "INFO", "message": "Finished writing TRAP file /Users/macbook/Octo/static_analysis_codeql_1/codeql-kotlin.db/trap/java/classes/java/time/format/DateTimeFormatterBuilder$CharLiteralPrinterParser.members/DateTimeFormatterBuilder$CharLiteralPrinterParser.members#65.0-1789983753036-kotlin.trap.gz" }
{ "origin": "CodeQL Kotlin extractor", "timestamp": "2026-09-27 14:17:59", "kind": "INFO", "message": "Will write TRAP file /Users/macbook/Octo/static_analysis_codeql_1/codeql-kotlin.db/trap/java/classes/java/time/format/DateTimeFormatterBuilder$LocalizedPrinterParser.members/DateTimeFormatterBuilder$LocalizedPrinterParser.members#65.0-1789983753036-kotlin.trap.gz" }
{ "origin": "CodeQL Kotlin extractor", "timestamp": "2026-09-27 14:17:59", "kind": "INFO", "message": "Finished writing TRAP file /Users/macbook/Octo/static_analysis_codeql_1/codeql-kotlin.db/trap/java/classes/java/time/format/DateTimeFormatterBuilder$LocalizedPrinterParser.members/DateTimeFormatterBuilder$LocalizedPrinterParser.members#65.0-1789983753036-kotlin.trap.gz" }
{ "origin": "CodeQL Kotlin extractor", "timestamp": "2026-09-27 14:17:59", "kind": "INFO", "message": "Will write TRAP file /Users/macbook/Octo/static_analysis_codeql_1/codeql-kotlin.db/trap/java/classes/java/time/format/DateTimeFormatterBuilder$TextPrinterParser.members/DateTimeFormatterBuilder$TextPrinterParser.members#65.0-1789983753036-kotlin.trap.gz" }
{ "origin": "CodeQL Kotlin extractor", "timestamp": "2026-09-27 14:17:59", "kind": "INFO", "message": "Finished writing TRAP file /Users/macbook/Octo/static_analysis_codeql_1/codeql-kotlin.db/trap/java/classes/java/time/format/DateTimeFormatterBuilder$TextPrinterParser.members/DateTimeFormatterBuilder$TextPrinterParser.members#65.0-1789983753036-kotlin.trap.gz" }
{ "origin": "CodeQL Kotlin extractor", "timestamp": "2026-09-27 14:17:59", "kind": "INFO", "message": "Will write TRAP file /Users/macbook/Octo/static_analysis_codeql_1/codeql-kotlin.db/trap/java/classes/java/time/format/DateTimeFormatterBuilder$FractionPrinterParser.members/DateTimeFormatterBuilder$FractionPrinterParser.members#65.0-1789983753036-kotlin.trap.gz" }
{ "origin": "CodeQL Kotlin extractor", "timestamp": "2026-09-27 14:17:59", "kind": "INFO", "message": "Finished writing TRAP file /Users/macbook/Octo/static_analysis_codeql_1/codeql-kotlin.db/trap/java/classes/java/time/format/DateTimeFormatterBuilder$FractionPrinterParser.members/DateTimeFormatterBuilder$FractionPrinterParser.members#65.0-1789983753036-kotlin.trap.gz" }
{ "origin": "CodeQL Kotlin extractor", "timestamp": "2026-09-27 14:17:59", "kind": "INFO", "message": "Will write TRAP file /Users/macbook/Octo/static_analysis_codeql_1/codeql-kotlin.db/trap/java/classes/java/time/format/DateTimeFormatterBuilder$DefaultValueParser.members/DateTimeFormatterBuilder$DefaultValueParser.members#65.0-1789983753036-kotlin.trap.gz" }
{ "origin": "CodeQL Kotlin extractor", "timestamp": "2026-09-27 14:17:59", "kind": "INFO", "message": "Finished writing TRAP file /Users/macbook/Octo/static_analysis_codeql_1/codeql-kotlin.db/trap/java/classes/java/time/format/DateTimeFormatterBuilder$DefaultValueParser.members/DateTimeFormatterBuilder$DefaultValueParser.members#65.0-1789983753036-kotlin.trap.gz" }
{ "origin": "CodeQL Kotlin extractor", "timestamp": "2026-09-27 14:17:59", "kind": "INFO", "message": "Will write TRAP file /Users/macbook/Octo/static_analysis_codeql_1/codeql-kotlin.db/trap/java/classes/java/time/format/DateTimeFormatterBuilder$PrefixTree.members/DateTimeFormatterBuilder$PrefixTree.members#65.0-1789983753036-kotlin.trap.gz" }
{ "origin": "CodeQL Kotlin extractor", "timestamp": "2026-09-27 14:17:59", "kind": "INFO", "message": "Finished writing TRAP file /Users/macbook/Octo/static_analysis_codeql_1/codeql-kotlin.db/trap/java/classes/java/time/format/DateTimeFormatterBuilder$PrefixTree.members/DateTimeFormatterBuilder$PrefixTree.members#65.0-1789983753036-kotlin.trap.gz" }
{ "origin": "CodeQL Kotlin extractor", "timestamp": "2026-09-27 14:17:59", "kind": "INFO", "message": "Will write TRAP file /Users/macbook/Octo/static_analysis_codeql_1/codeql-kotlin.db/trap/java/classes/java/time/format/DateTimeFormatterBuilder$NumberPrinterParser.members/DateTimeFormatterBuilder$NumberPrinterParser.members#65.0-1789983753036-kotlin.trap.gz" }
{ "origin": "CodeQL Kotlin extractor", "timestamp": "2026-09-27 14:17:59", "kind": "INFO", "message": "Finished writing TRAP file /Users/macbook/Octo/static_analysis_codeql_1/codeql-kotlin.db/trap/java/classes/java/time/format/DateTimeFormatterBuilder$NumberPrinterParser.members/DateTimeFormatterBuilder$NumberPrinterParser.members#65.0-1789983753036-kotlin.trap.gz" }
{ "origin": "CodeQL Kotlin extractor", "timestamp": "2026-09-27 14:17:59", "kind": "INFO", "message": "Will write TRAP file /Users/macbook/Octo/static_analysis_codeql_1/codeql-kotlin.db/trap/java/classes/java/time/format/DateTimeFormatterBuilder$DayPeriodPrinterParser.members/DateTimeFormatterBuilder$DayPeriodPrinterParser.members#65.0-1789983753036-kotlin.trap.gz" }
{ "origin": "CodeQL Kotlin extractor", "timestamp": "2026-09-27 14:17:59", "kind": "INFO", "message": "Finished writing TRAP file /Users/macbook/Octo/static_analysis_codeql_1/codeql-kotlin.db/trap/java/classes/java/time/format/DateTimeFormatterBuilder$DayPeriodPrinterParser.members/DateTimeFormatterBuilder$DayPeriodPrinterParser.members#65.0-1789983753036-kotlin.trap.gz" }
{ "origin": "CodeQL Kotlin extractor", "timestamp": "2026-09-27 14:17:59", "kind": "INFO", "message": "Will write TRAP file /Users/macbook/Octo/static_analysis_codeql_1/codeql-kotlin.db/trap/java/classes/java/time/format/DateTimeFormatterBuilder$PadPrinterParserDecorator.members/DateTimeFormatterBuilder$PadPrinterParserDecorator.members#65.0-1789983753036-kotlin.trap.gz" }
{ "origin": "CodeQL Kotlin extractor", "timestamp": "2026-09-27 14:17:59", "kind": "INFO", "message": "Finished writing TRAP file /Users/macbook/Octo/static_analysis_codeql_1/codeql-kotlin.db/trap/java/classes/java/time/format/DateTimeFormatterBuilder$PadPrinterParserDecorator.members/DateTimeFormatterBuilder$PadPrinterParserDecorator.members#65.0-1789983753036-kotlin.trap.gz" }
{ "origin": "CodeQL Kotlin extractor", "timestamp": "2026-09-27 14:17:59", "kind": "INFO", "message": "Will write TRAP file /Users/macbook/Octo/static_analysis_codeql_1/codeql-kotlin.db/trap/java/classes/java/time/format/DateTimeFormatterBuilder$LocalizedOffsetIdPrinterParser.members/DateTimeFormatterBuilder$LocalizedOffsetIdPrinterParser.members#65.0-1789983753036-kotlin.trap.gz" }
{ "origin": "CodeQL Kotlin extractor", "timestamp": "2026-09-27 14:17:59", "kind": "INFO", "message": "Finished writing TRAP file /Users/macbook/Octo/static_analysis_codeql_1/codeql-kotlin.db/trap/java/classes/java/time/format/DateTimeFormatterBuilder$LocalizedOffsetIdPrinterParser.members/DateTimeFormatterBuilder$LocalizedOffsetIdPrinterParser.members#65.0-1789983753036-kotlin.trap.gz" }
{ "origin": "CodeQL Kotlin extractor", "timestamp": "2026-09-27 14:17:59", "kind": "INFO", "message": "Will write TRAP file /Users/macbook/Octo/static_analysis_codeql_1/codeql-kotlin.db/trap/java/classes/java/time/format/DateTimeFormatterBuilder$InstantPrinterParser.members/DateTimeFormatterBuilder$InstantPrinterParser.members#65.0-1789983753036-kotlin.trap.gz" }
{ "origin": "CodeQL Kotlin extractor", "timestamp": "2026-09-27 14:17:59", "kind": "INFO", "message": "Finished writing TRAP file /Users/macbook/Octo/static_analysis_codeql_1/codeql-kotlin.db/trap/java/classes/java/time/format/DateTimeFormatterBuilder$InstantPrinterParser.members/DateTimeFormatterBuilder$InstantPrinterParser.members#65.0-1789983753036-kotlin.trap.gz" }
{ "origin": "CodeQL Kotlin extractor", "timestamp": "2026-09-27 14:17:59", "kind": "INFO", "message": "Will write TRAP file /Users/macbook/Octo/static_analysis_codeql_1/codeql-kotlin.db/trap/java/classes/java/time/format/DateTimeFormatterBuilder$StringLiteralPrinterParser.members/DateTimeFormatterBuilder$StringLiteralPrinterParser.members#65.0-1789983753036-kotlin.trap.gz" }
{ "origin": "CodeQL Kotlin extractor", "timestamp": "2026-09-27 14:17:59", "kind": "INFO", "message": "Finished writing TRAP file /Users/macbook/Octo/static_analysis_codeql_1/codeql-kotlin.db/trap/java/classes/java/time/format/DateTimeFormatterBuilder$StringLiteralPrinterParser.members/DateTimeFormatterBuilder$StringLiteralPrinterParser.members#65.0-1789983753036-kotlin.trap.gz" }
{ "origin": "CodeQL Kotlin extractor", "timestamp": "2026-09-27 14:17:59", "kind": "INFO", "message": "Will write TRAP file /Users/macbook/Octo/static_analysis_codeql_1/codeql-kotlin.db/trap/java/classes/java/time/format/DateTimeFormatterBuilder$OffsetIdPrinterParser.members/DateTimeFormatterBuilder$OffsetIdPrinterParser.members#65.0-1789983753036-kotlin.trap.gz" }
{ "origin": "CodeQL Kotlin extractor", "timestamp": "2026-09-27 14:17:59", "kind": "INFO", "message": "Finished writing TRAP file /Users/macbook/Octo/static_analysis_codeql_1/codeql-kotlin.db/trap/java/classes/java/time/format/DateTimeFormatterBuilder$OffsetIdPrinterParser.members/DateTimeFormatterBuilder$OffsetIdPrinterParser.members#65.0-1789983753036-kotlin.trap.gz" }
{ "origin": "CodeQL Kotlin extractor", "timestamp": "2026-09-27 14:17:59", "kind": "INFO", "message": "Will write TRAP file /Users/macbook/Octo/static_analysis_codeql_1/codeql-kotlin.db/trap/java/classes/java/time/format/DateTimeFormatterBuilder$ReducedPrinterParser.members/DateTimeFormatterBuilder$ReducedPrinterParser.members#65.0-1789983753036-kotlin.trap.gz" }
{ "origin": "CodeQL Kotlin extractor", "timestamp": "2026-09-27 14:17:59", "kind": "INFO", "message": "Finished writing TRAP file /Users/macbook/Octo/static_analysis_codeql_1/codeql-kotlin.db/trap/java/classes/java/time/format/DateTimeFormatterBuilder$ReducedPrinterParser.members/DateTimeFormatterBuilder$ReducedPrinterParser.members#65.0-1789983753036-kotlin.trap.gz" }
{ "origin": "CodeQL Kotlin extractor", "timestamp": "2026-09-27 14:17:59", "kind": "INFO", "message": "Will write TRAP file /Users/macbook/Octo/static_analysis_codeql_1/codeql-kotlin.db/trap/java/classes/java/time/format/DateTimeFormatterBuilder$WeekBasedFieldPrinterParser.members/DateTimeFormatterBuilder$WeekBasedFieldPrinterParser.members#65.0-1789983753036-kotlin.trap.gz" }
{ "origin": "CodeQL Kotlin extractor", "timestamp": "2026-09-27 14:17:59", "kind": "INFO", "message": "Finished writing TRAP file /Users/macbook/Octo/static_analysis_codeql_1/codeql-kotlin.db/trap/java/classes/java/time/format/DateTimeFormatterBuilder$WeekBasedFieldPrinterParser.members/DateTimeFormatterBuilder$WeekBasedFieldPrinterParser.members#65.0-1789983753036-kotlin.trap.gz" }
{ "origin": "CodeQL Kotlin extractor", "timestamp": "2026-09-27 14:17:59", "kind": "INFO", "message": "Will write TRAP file /Users/macbook/Octo/static_analysis_codeql_1/codeql-kotlin.db/trap/java/classes/java/time/format/DateTimeFormatterBuilder$ZoneIdPrinterParser.members/DateTimeFormatterBuilder$ZoneIdPrinterParser.members#65.0-1789983753036-kotlin.trap.gz" }
{ "origin": "CodeQL Kotlin extractor", "timestamp": "2026-09-27 14:17:59", "kind": "INFO", "message": "Finished writing TRAP file /Users/macbook/Octo/static_analysis_codeql_1/codeql-kotlin.db/trap/java/classes/java/time/format/DateTimeFormatterBuilder$ZoneIdPrinterParser.members/DateTimeFormatterBuilder$ZoneIdPrinterParser.members#65.0-1789983753036-kotlin.trap.gz" }
{ "origin": "CodeQL Kotlin extractor", "timestamp": "2026-09-27 14:17:59", "kind": "INFO", "message": "Will write TRAP file /Users/macbook/Octo/static_analysis_codeql_1/codeql-kotlin.db/trap/java/classes/java/time/format/DateTimeFormatterBuilder$NanosPrinterParser.members/DateTimeFormatterBuilder$NanosPrinterParser.members#65.0-1789983753036-kotlin.trap.gz" }
{ "origin": "CodeQL Kotlin extractor", "timestamp": "2026-09-27 14:17:59", "kind": "INFO", "message": "Finished writing TRAP file /Users/macbook/Octo/static_analysis_codeql_1/codeql-kotlin.db/trap/java/classes/java/time/format/DateTimeFormatterBuilder$NanosPrinterParser.members/DateTimeFormatterBuilder$NanosPrinterParser.members#65.0-1789983753036-kotlin.trap.gz" }
{ "origin": "CodeQL Kotlin extractor", "timestamp": "2026-09-27 14:17:59", "kind": "INFO", "message": "Will write TRAP file /Users/macbook/Octo/static_analysis_codeql_1/codeql-kotlin.db/trap/java/classes/java/time/format/DateTimeFormatterBuilder$DayPeriod.members/DateTimeFormatterBuilder$DayPeriod.members#65.0-1789983753036-kotlin.trap.gz" }
{ "origin": "CodeQL Kotlin extractor", "timestamp": "2026-09-27 14:17:59", "kind": "INFO", "message": "Finished writing TRAP file /Users/macbook/Octo/static_analysis_codeql_1/codeql-kotlin.db/trap/java/classes/java/time/format/DateTimeFormatterBuilder$DayPeriod.members/DateTimeFormatterBuilder$DayPeriod.members#65.0-1789983753036-kotlin.trap.gz" }
{ "origin": "CodeQL Kotlin extractor", "timestamp": "2026-09-27 14:17:59", "kind": "INFO", "message": "Will write TRAP file /Users/macbook/Octo/static_analysis_codeql_1/codeql-kotlin.db/trap/java/classes/java/time/format/DateTimeFormatterBuilder$SettingsParser.members/DateTimeFormatterBuilder$SettingsParser.members#65.0-1789983753036-kotlin.trap.gz" }
{ "origin": "CodeQL Kotlin extractor", "timestamp": "2026-09-27 14:17:59", "kind": "INFO", "message": "Finished writing TRAP file /Users/macbook/Octo/static_analysis_codeql_1/codeql-kotlin.db/trap/java/classes/java/time/format/DateTimeFormatterBuilder$SettingsParser.members/DateTimeFormatterBuilder$SettingsParser.members#65.0-1789983753036-kotlin.trap.gz" }
{ "origin": "CodeQL Kotlin extractor", "timestamp": "2026-09-27 14:17:59", "kind": "INFO", "message": "Will write TRAP file /Users/macbook/Octo/static_analysis_codeql_1/codeql-kotlin.db/trap/java/classes/java/time/format/DateTimeFormatterBuilder$ChronoPrinterParser.members/DateTimeFormatterBuilder$ChronoPrinterParser.members#65.0-1789983753036-kotlin.trap.gz" }
{ "origin": "CodeQL Kotlin extractor", "timestamp": "2026-09-27 14:17:59", "kind": "INFO", "message": "Finished writing TRAP file /Users/macbook/Octo/static_analysis_codeql_1/codeql-kotlin.db/trap/java/classes/java/time/format/DateTimeFormatterBuilder$ChronoPrinterParser.members/DateTimeFormatterBuilder$ChronoPrinterParser.members#65.0-1789983753036-kotlin.trap.gz" }
{ "origin": "CodeQL Kotlin extractor", "timestamp": "2026-09-27 14:17:59", "kind": "INFO", "message": "Will write TRAP file /Users/macbook/Octo/static_analysis_codeql_1/codeql-kotlin.db/trap/java/classes/java/time/format/DateTimeFormatterBuilder$ZoneTextPrinterParser.members/DateTimeFormatterBuilder$ZoneTextPrinterParser.members#65.0-1789983753036-kotlin.trap.gz" }
{ "origin": "CodeQL Kotlin extractor", "timestamp": "2026-09-27 14:17:59", "kind": "INFO", "message": "Finished writing TRAP file /Users/macbook/Octo/static_analysis_codeql_1/codeql-kotlin.db/trap/java/classes/java/time/format/DateTimeFormatterBuilder$ZoneTextPrinterParser.members/DateTimeFormatterBuilder$ZoneTextPrinterParser.members#65.0-1789983753036-kotlin.trap.gz" }
{ "origin": "CodeQL Kotlin extractor", "timestamp": "2026-09-27 14:17:59", "kind": "INFO", "message": "Will write TRAP file /Users/macbook/Octo/static_analysis_codeql_1/codeql-kotlin.db/trap/java/classes/java/time/format/SignStyle.members/SignStyle.members#65.0-1789983753036-kotlin.trap.gz" }
{ "origin": "CodeQL Kotlin extractor", "timestamp": "2026-09-27 14:17:59", "kind": "INFO", "message": "Finished writing TRAP file /Users/macbook/Octo/static_analysis_codeql_1/codeql-kotlin.db/trap/java/classes/java/time/format/SignStyle.members/SignStyle.members#65.0-1789983753036-kotlin.trap.gz" }
{ "origin": "CodeQL Kotlin extractor", "timestamp": "2026-09-27 14:17:59", "kind": "INFO", "message": "Will write TRAP file /Users/macbook/Octo/static_analysis_codeql_1/codeql-kotlin.db/trap/java/classes/java/time/format/Parsed.members/Parsed.members#65.0-1789983753036-kotlin.trap.gz" }
{ "origin": "CodeQL Kotlin extractor", "timestamp": "2026-09-27 14:17:59", "kind": "INFO", "message": "Finished writing TRAP file /Users/macbook/Octo/static_analysis_codeql_1/codeql-kotlin.db/trap/java/classes/java/time/format/Parsed.members/Parsed.members#65.0-1789983753036-kotlin.trap.gz" }
{ "origin": "CodeQL Kotlin extractor", "timestamp": "2026-09-27 14:17:59", "kind": "INFO", "message": "Skipping extracting external decl Consumer" }
{ "origin": "CodeQL Kotlin extractor", "timestamp": "2026-09-27 14:17:59", "kind": "INFO", "message": "Will write TRAP file /Users/macbook/Octo/static_analysis_codeql_1/codeql-kotlin.db/trap/java/classes/java/text/CharacterIterator.members/CharacterIterator.members#65.0-1789983753036-kotlin.trap.gz" }
{ "origin": "CodeQL Kotlin extractor", "timestamp": "2026-09-27 14:17:59", "kind": "INFO", "message": "Finished writing TRAP file /Users/macbook/Octo/static_analysis_codeql_1/codeql-kotlin.db/trap/java/classes/java/text/CharacterIterator.members/CharacterIterator.members#65.0-1789983753036-kotlin.trap.gz" }
{ "origin": "CodeQL Kotlin extractor", "timestamp": "2026-09-27 14:17:59", "kind": "INFO", "message": "Finished writing TRAP file /Users/macbook/Octo/static_analysis_codeql_1/codeql-kotlin.db/trap/java/Users/macbook/Octo/modules/ibor-core/src/main/kotlin/com/octo/iborcore/InstrumentFlow.kt.trap.gz" }
{ "origin": "CodeQL Kotlin extractor", "timestamp": "2026-09-27 14:17:59", "kind": "INFO", "message": "Extracting file /Users/macbook/Octo/modules/ibor-core/src/main/kotlin/com/octo/iborcore/Ledger.kt" }
{ "origin": "CodeQL Kotlin extractor", "timestamp": "2026-09-27 14:17:59", "kind": "INFO", "message": "Will write TRAP file /Users/macbook/Octo/static_analysis_codeql_1/codeql-kotlin.db/trap/java/Users/macbook/Octo/modules/ibor-core/src/main/kotlin/com/octo/iborcore/Ledger.kt.trap.gz" }
{ "origin": "CodeQL Kotlin extractor", "timestamp": "2026-09-27 14:17:59", "kind": "INFO", "message": "Will write TRAP file /Users/macbook/Octo/static_analysis_codeql_1/codeql-kotlin.db/trap/java/classes/com/octo/iborcore/FlowType.members/FlowType.members#0.0-0-kotlin.trap.gz" }
{ "origin": "CodeQL Kotlin extractor", "timestamp": "2026-09-27 14:17:59", "kind": "INFO", "message": "Finished writing TRAP file /Users/macbook/Octo/static_analysis_codeql_1/codeql-kotlin.db/trap/java/classes/com/octo/iborcore/FlowType.members/FlowType.members#0.0-0-kotlin.trap.gz" }
{ "origin": "CodeQL Kotlin extractor", "timestamp": "2026-09-27 14:17:59", "kind": "INFO", "message": "Will write TRAP file /Users/macbook/Octo/static_analysis_codeql_1/codeql-kotlin.db/trap/java/classes/com/octo/iborcore/LedgerEvent.members/LedgerEvent.members#0.0-0-kotlin.trap.gz" }
{ "origin": "CodeQL Kotlin extractor", "timestamp": "2026-09-27 14:17:59", "kind": "INFO", "message": "Finished writing TRAP file /Users/macbook/Octo/static_analysis_codeql_1/codeql-kotlin.db/trap/java/classes/com/octo/iborcore/LedgerEvent.members/LedgerEvent.members#0.0-0-kotlin.trap.gz" }
{ "origin": "CodeQL Kotlin extractor", "timestamp": "2026-09-27 14:18:00", "kind": "INFO", "message": "Will write TRAP file /Users/macbook/Octo/static_analysis_codeql_1/codeql-kotlin.db/trap/java/classes/com/octo/iborcore/LedgerKt$currentEvents(java.util.List,java.time.Instant).members/LedgerKt$currentEvents(java.util.List,java.time.Instant).members#0.0-0-kotlin.trap.gz" }
{ "origin": "CodeQL Kotlin extractor", "timestamp": "2026-09-27 14:18:00", "kind": "INFO", "message": "Finished writing TRAP file /Users/macbook/Octo/static_analysis_codeql_1/codeql-kotlin.db/trap/java/classes/com/octo/iborcore/LedgerKt$currentEvents(java.util.List,java.time.Instant).members/LedgerKt$currentEvents(java.util.List,java.time.Instant).members#0.0-0-kotlin.trap.gz" }
{ "origin": "CodeQL Kotlin extractor", "timestamp": "2026-09-27 14:18:00", "kind": "INFO", "message": "Will write TRAP file /Users/macbook/Octo/static_analysis_codeql_1/codeql-kotlin.db/trap/java/classes/com/octo/iborcore/LedgerKt$resolveCurrent(java.util.List,java.time.Instant,kotlin.jvm.functions.Function1,kotlin.jvm.functions.Functi#e9e12f67.members/LedgerKt$resolveCurrent(java.util.List,java.time.Instant,kotlin.jvm.functions.Function1,kotlin.jvm.functions.Functi#e9e12f67.members#0.0-0-kotlin.trap.gz" }
{ "origin": "CodeQL Kotlin extractor", "timestamp": "2026-09-27 14:18:00", "kind": "INFO", "message": "Finished writing TRAP file /Users/macbook/Octo/static_analysis_codeql_1/codeql-kotlin.db/trap/java/classes/com/octo/iborcore/LedgerKt$resolveCurrent(java.util.List,java.time.Instant,kotlin.jvm.functions.Function1,kotlin.jvm.functions.Functi#e9e12f67.members/LedgerKt$resolveCurrent(java.util.List,java.time.Instant,kotlin.jvm.functions.Function1,kotlin.jvm.functions.Functi#e9e12f67.members#0.0-0-kotlin.trap.gz" }
{ "origin": "CodeQL Kotlin extractor", "timestamp": "2026-09-27 14:18:00", "kind": "INFO", "message": "Will write TRAP file /Users/macbook/Octo/static_analysis_codeql_1/codeql-kotlin.db/trap/java/classes/com/octo/iborcore/CommitmentPosition.members/CommitmentPosition.members#0.0-0-kotlin.trap.gz" }
{ "origin": "CodeQL Kotlin extractor", "timestamp": "2026-09-27 14:18:00", "kind": "INFO", "message": "Finished writing TRAP file /Users/macbook/Octo/static_analysis_codeql_1/codeql-kotlin.db/trap/java/classes/com/octo/iborcore/CommitmentPosition.members/CommitmentPosition.members#0.0-0-kotlin.trap.gz" }
{ "origin": "CodeQL Kotlin extractor", "timestamp": "2026-09-27 14:18:00", "kind": "INFO", "message": "Will write TRAP file /Users/macbook/Octo/static_analysis_codeql_1/codeql-kotlin.db/trap/java/classes/com/octo/iborcore/LedgerKt$commitmentPosition(java.util.List,java.util.Set,java.time.Instant,java.time.ZoneId).members/LedgerKt$commitmentPosition(java.util.List,java.util.Set,java.time.Instant,java.time.ZoneId).members#0.0-0-kotlin.trap.gz" }
{ "origin": "CodeQL Kotlin extractor", "timestamp": "2026-09-27 14:18:00", "kind": "INFO", "message": "Finished writing TRAP file /Users/macbook/Octo/static_analysis_codeql_1/codeql-kotlin.db/trap/java/classes/com/octo/iborcore/LedgerKt$commitmentPosition(java.util.List,java.util.Set,java.time.Instant,java.time.ZoneId).members/LedgerKt$commitmentPosition(java.util.List,java.util.Set,java.time.Instant,java.time.ZoneId).members#0.0-0-kotlin.trap.gz" }
{ "origin": "CodeQL Kotlin extractor", "timestamp": "2026-09-27 14:18:00", "kind": "INFO", "message": "Will write TRAP file /Users/macbook/Octo/static_analysis_codeql_1/codeql-kotlin.db/trap/java/classes/com/octo/iborcore/DealPosition.members/DealPosition.members#0.0-0-kotlin.trap.gz" }
{ "origin": "CodeQL Kotlin extractor", "timestamp": "2026-09-27 14:18:00", "kind": "INFO", "message": "Finished writing TRAP file /Users/macbook/Octo/static_analysis_codeql_1/codeql-kotlin.db/trap/java/classes/com/octo/iborcore/DealPosition.members/DealPosition.members#0.0-0-kotlin.trap.gz" }
{ "origin": "CodeQL Kotlin extractor", "timestamp": "2026-09-27 14:18:00", "kind": "INFO", "message": "Will write TRAP file /Users/macbook/Octo/static_analysis_codeql_1/codeql-kotlin.db/trap/java/classes/com/octo/iborcore/LedgerKt$dealPosition(java.util.List,java.util.Set,java.util.List,java.util.Set,java.time.LocalDate,java.time.Ins#9a228f18.members/LedgerKt$dealPosition(java.util.List,java.util.Set,java.util.List,java.util.Set,java.time.LocalDate,java.time.Ins#9a228f18.members#0.0-0-kotlin.trap.gz" }
{ "origin": "CodeQL Kotlin extractor", "timestamp": "2026-09-27 14:18:00", "kind": "INFO", "message": "Finished writing TRAP file /Users/macbook/Octo/static_analysis_codeql_1/codeql-kotlin.db/trap/java/classes/com/octo/iborcore/LedgerKt$dealPosition(java.util.List,java.util.Set,java.util.List,java.util.Set,java.time.LocalDate,java.time.Ins#9a228f18.members/LedgerKt$dealPosition(java.util.List,java.util.Set,java.util.List,java.util.Set,java.time.LocalDate,java.time.Ins#9a228f18.members#0.0-0-kotlin.trap.gz" }
{ "origin": "CodeQL Kotlin extractor", "timestamp": "2026-09-27 14:18:00", "kind": "INFO", "message": "Will write TRAP file /Users/macbook/Octo/static_analysis_codeql_1/codeql-kotlin.db/trap/java/classes/com/octo/iborcore/LedgerKt.members/LedgerKt.members#0.0-0-kotlin.trap.gz" }
{ "origin": "CodeQL Kotlin extractor", "timestamp": "2026-09-27 14:18:00", "kind": "INFO", "message": "Finished writing TRAP file /Users/macbook/Octo/static_analysis_codeql_1/codeql-kotlin.db/trap/java/classes/com/octo/iborcore/LedgerKt.members/LedgerKt.members#0.0-0-kotlin.trap.gz" }
{ "origin": "CodeQL Kotlin extractor", "timestamp": "2026-09-27 14:18:00", "kind": "INFO", "message": "Skipping extracting external decl String" }
{ "origin": "CodeQL Kotlin extractor", "timestamp": "2026-09-27 14:18:00", "kind": "INFO", "message": "Skipping extracting external decl String" }
{ "origin": "CodeQL Kotlin extractor", "timestamp": "2026-09-27 14:18:00", "kind": "INFO", "message": "Skipping extracting external decl Boolean" }
{ "origin": "CodeQL Kotlin extractor", "timestamp": "2026-09-27 14:18:00", "kind": "INFO", "message": "Skipping extracting external decl Boolean" }
{ "origin": "CodeQL Kotlin extractor", "timestamp": "2026-09-27 14:18:00", "kind": "INFO", "message": "Skipping extracting external decl Unit" }
{ "origin": "CodeQL Kotlin extractor", "timestamp": "2026-09-27 14:18:00", "kind": "INFO", "message": "Skipping extracting external decl NotNull" }
{ "origin": "CodeQL Kotlin extractor", "timestamp": "2026-09-27 14:18:00", "kind": "INFO", "message": "Skipping extracting external decl Enum" }
{ "origin": "CodeQL Kotlin extractor", "timestamp": "2026-09-27 14:18:00", "kind": "INFO", "message": "Skipping extracting external decl Object" }
{ "origin": "CodeQL Kotlin extractor", "timestamp": "2026-09-27 14:18:00", "kind": "INFO", "message": "Skipping extracting external decl Any" }
{ "origin": "CodeQL Kotlin extractor", "timestamp": "2026-09-27 14:18:00", "kind": "INFO", "message": "Skipping extracting external decl Constable" }
{ "origin": "CodeQL Kotlin extractor", "timestamp": "2026-09-27 14:18:00", "kind": "INFO", "message": "Skipping extracting external decl Comparable" }
{ "origin": "CodeQL Kotlin extractor", "timestamp": "2026-09-27 14:18:00", "kind": "INFO", "message": "Skipping extracting external decl Comparable" }
{ "origin": "CodeQL Kotlin extractor", "timestamp": "2026-09-27 14:18:00", "kind": "INFO", "message": "Skipping extracting external decl Serializable" }
{ "origin": "CodeQL Kotlin extractor", "timestamp": "2026-09-27 14:18:00", "kind": "INFO", "message": "Skipping extracting external decl Enum" }
{ "origin": "CodeQL Kotlin extractor", "timestamp": "2026-09-27 14:18:00", "kind": "INFO", "message": "Skipping extracting external decl Integer" }
{ "origin": "CodeQL Kotlin extractor", "timestamp": "2026-09-27 14:18:00", "kind": "INFO", "message": "Skipping extracting external decl Int" }
{ "origin": "CodeQL Kotlin extractor", "timestamp": "2026-09-27 14:18:00", "kind": "INFO", "message": "Skipping extracting external decl Class" }
{ "origin": "CodeQL Kotlin extractor", "timestamp": "2026-09-27 14:18:00", "kind": "INFO", "message": "Skipping extracting external decl GenericDeclaration" }
{ "origin": "CodeQL Kotlin extractor", "timestamp": "2026-09-27 14:18:00", "kind": "INFO", "message": "Skipping extracting external decl Type" }
{ "origin": "CodeQL Kotlin extractor", "timestamp": "2026-09-27 14:18:00", "kind": "INFO", "message": "Skipping extracting external decl AnnotatedElement" }
{ "origin": "CodeQL Kotlin extractor", "timestamp": "2026-09-27 14:18:00", "kind": "INFO", "message": "Skipping extracting external decl OfField" }
{ "origin": "CodeQL Kotlin extractor", "timestamp": "2026-09-27 14:18:00", "kind": "INFO", "message": "Skipping extracting external decl TypeDescriptor" }
{ "origin": "CodeQL Kotlin extractor", "timestamp": "2026-09-27 14:18:00", "kind": "INFO", "message": "Skipping extracting external decl Optional" }
{ "origin": "CodeQL Kotlin extractor", "timestamp": "2026-09-27 14:18:00", "kind": "INFO", "message": "Skipping extracting external decl EnumDesc" }
{ "origin": "CodeQL Kotlin extractor", "timestamp": "2026-09-27 14:18:00", "kind": "INFO", "message": "Skipping extracting external decl DynamicConstantDesc" }
{ "origin": "CodeQL Kotlin extractor", "timestamp": "2026-09-27 14:18:00", "kind": "INFO", "message": "Skipping extracting external decl ConstantDesc" }
{ "origin": "CodeQL Kotlin extractor", "timestamp": "2026-09-27 14:18:00", "kind": "INFO", "message": "Skipping extracting external decl Cloneable" }
{ "origin": "CodeQL Kotlin extractor", "timestamp": "2026-09-27 14:18:00", "kind": "INFO", "message": "Skipping extracting external decl Cloneable" }
{ "origin": "CodeQL Kotlin extractor", "timestamp": "2026-09-27 14:18:00", "kind": "INFO", "message": "Skipping extracting external decl EnumEntries" }
{ "origin": "CodeQL Kotlin extractor", "timestamp": "2026-09-27 14:18:00", "kind": "INFO", "message": "Skipping extracting external decl List" }
{ "origin": "CodeQL Kotlin extractor", "timestamp": "2026-09-27 14:18:00", "kind": "INFO", "message": "Skipping extracting external decl SequencedCollection" }
{ "origin": "CodeQL Kotlin extractor", "timestamp": "2026-09-27 14:18:00", "kind": "INFO", "message": "Skipping extracting external decl Collection" }
{ "origin": "CodeQL Kotlin extractor", "timestamp": "2026-09-27 14:18:00", "kind": "INFO", "message": "Skipping extracting external decl Iterable" }
{ "origin": "CodeQL Kotlin extractor", "timestamp": "2026-09-27 14:18:00", "kind": "INFO", "message": "Skipping extracting external decl MutableIterable" }
{ "origin": "CodeQL Kotlin extractor", "timestamp": "2026-09-27 14:18:00", "kind": "INFO", "message": "Skipping extracting external decl MutableCollection" }
{ "origin": "CodeQL Kotlin extractor", "timestamp": "2026-09-27 14:18:00", "kind": "INFO", "message": "Skipping extracting external decl List" }
{ "origin": "CodeQL Kotlin extractor", "timestamp": "2026-09-27 14:18:00", "kind": "INFO", "message": "Skipping extracting external decl UUID" }
{ "origin": "CodeQL Kotlin extractor", "timestamp": "2026-09-27 14:18:00", "kind": "INFO", "message": "Skipping extracting external decl BigDecimal" }
{ "origin": "CodeQL Kotlin extractor", "timestamp": "2026-09-27 14:18:00", "kind": "INFO", "message": "Skipping extracting external decl Currency" }
{ "origin": "CodeQL Kotlin extractor", "timestamp": "2026-09-27 14:18:00", "kind": "INFO", "message": "Skipping extracting external decl Instant" }
{ "origin": "CodeQL Kotlin extractor", "timestamp": "2026-09-27 14:18:00", "kind": "INFO", "message": "Skipping extracting external decl DefaultConstructorMarker" }
{ "origin": "CodeQL Kotlin extractor", "timestamp": "2026-09-27 14:18:00", "kind": "INFO", "message": "Skipping extracting external decl Void" }
{ "origin": "CodeQL Kotlin extractor", "timestamp": "2026-09-27 14:18:00", "kind": "INFO", "message": "Skipping extracting external decl Nothing" }
{ "origin": "CodeQL Kotlin extractor", "timestamp": "2026-09-27 14:18:00", "kind": "INFO", "message": "Skipping extracting external decl Function1" }
{ "origin": "CodeQL Kotlin extractor", "timestamp": "2026-09-27 14:18:00", "kind": "INFO", "message": "Skipping extracting external decl Function" }
{ "origin": "CodeQL Kotlin extractor", "timestamp": "2026-09-27 14:18:00", "kind": "INFO", "message": "Skipping extracting external decl Function1" }
{ "origin": "CodeQL Kotlin extractor", "timestamp": "2026-09-27 14:18:00", "kind": "INFO", "message": "Skipping extracting external decl PropertyReference" }
{ "origin": "CodeQL Kotlin extractor", "timestamp": "2026-09-27 14:18:00", "kind": "INFO", "message": "Skipping extracting external decl KProperty1" }
{ "origin": "CodeQL Kotlin extractor", "timestamp": "2026-09-27 14:18:00", "kind": "INFO", "message": "Skipping extracting external decl KProperty" }
{ "origin": "CodeQL Kotlin extractor", "timestamp": "2026-09-27 14:18:00", "kind": "INFO", "message": "Skipping extracting external decl KCallable" }
{ "origin": "CodeQL Kotlin extractor", "timestamp": "2026-09-27 14:18:00", "kind": "INFO", "message": "Skipping extracting external decl KAnnotatedElement" }
{ "origin": "CodeQL Kotlin extractor", "timestamp": "2026-09-27 14:18:00", "kind": "INFO", "message": "Skipping extracting external decl KParameter" }
{ "origin": "CodeQL Kotlin extractor", "timestamp": "2026-09-27 14:18:00", "kind": "INFO", "message": "Skipping extracting external decl Map" }
{ "origin": "CodeQL Kotlin extractor", "timestamp": "2026-09-27 14:18:00", "kind": "INFO", "message": "Skipping extracting external decl Map" }
{ "origin": "CodeQL Kotlin extractor", "timestamp": "2026-09-27 14:18:00", "kind": "INFO", "message": "Skipping extracting external decl KType" }
{ "origin": "CodeQL Kotlin extractor", "timestamp": "2026-09-27 14:18:00", "kind": "INFO", "message": "Skipping extracting external decl KTypeParameter" }
{ "origin": "CodeQL Kotlin extractor", "timestamp": "2026-09-27 14:18:00", "kind": "INFO", "message": "Skipping extracting external decl KVisibility" }
{ "origin": "CodeQL Kotlin extractor", "timestamp": "2026-09-27 14:18:00", "kind": "INFO", "message": "Skipping extracting external decl Getter" }
{ "origin": "CodeQL Kotlin extractor", "timestamp": "2026-09-27 14:18:00", "kind": "INFO", "message": "Skipping extracting external decl Accessor" }
{ "origin": "CodeQL Kotlin extractor", "timestamp": "2026-09-27 14:18:00", "kind": "INFO", "message": "Skipping extracting external decl KFunction" }
{ "origin": "CodeQL Kotlin extractor", "timestamp": "2026-09-27 14:18:00", "kind": "INFO", "message": "Skipping extracting external decl Getter" }
{ "origin": "CodeQL Kotlin extractor", "timestamp": "2026-09-27 14:18:00", "kind": "INFO", "message": "Skipping extracting external decl Iterable" }
{ "origin": "CodeQL Kotlin extractor", "timestamp": "2026-09-27 14:18:00", "kind": "INFO", "message": "Skipping extracting external decl filter" }
{ "origin": "CodeQL Kotlin extractor", "timestamp": "2026-09-27 14:18:00", "kind": "INFO", "message": "Skipping extracting external decl HashSet" }
{ "origin": "CodeQL Kotlin extractor", "timestamp": "2026-09-27 14:18:00", "kind": "INFO", "message": "Skipping extracting external decl AbstractSet" }
{ "origin": "CodeQL Kotlin extractor", "timestamp": "2026-09-27 14:18:00", "kind": "INFO", "message": "Skipping extracting external decl AbstractCollection" }
{ "origin": "CodeQL Kotlin extractor", "timestamp": "2026-09-27 14:18:00", "kind": "INFO", "message": "Skipping extracting external decl Set" }
{ "origin": "CodeQL Kotlin extractor", "timestamp": "2026-09-27 14:18:00", "kind": "INFO", "message": "Skipping extracting external decl MutableSet" }
{ "origin": "CodeQL Kotlin extractor", "timestamp": "2026-09-27 14:18:00", "kind": "INFO", "message": "Will write TRAP file /Users/macbook/Octo/static_analysis_codeql_1/codeql-kotlin.db/trap/java/classes/kotlin/collections/mapTo(java.lang.Iterable,java.util.Collection,kotlin.jvm.functions.Function1).members/mapTo(java.lang.Iterable,java.util.Collection,kotlin.jvm.functions.Function1).members#-1.0-0-null.trap.gz" }
{ "origin": "CodeQL Kotlin extractor", "timestamp": "2026-09-27 14:18:00", "kind": "INFO", "message": "Finished writing TRAP file /Users/macbook/Octo/static_analysis_codeql_1/codeql-kotlin.db/trap/java/classes/kotlin/collections/mapTo(java.lang.Iterable,java.util.Collection,kotlin.jvm.functions.Function1).members/mapTo(java.lang.Iterable,java.util.Collection,kotlin.jvm.functions.Function1).members#-1.0-0-null.trap.gz" }
{ "origin": "CodeQL Kotlin extractor", "timestamp": "2026-09-27 14:18:00", "kind": "INFO", "message": "Skipping extracting external decl Iterator" }
{ "origin": "CodeQL Kotlin extractor", "timestamp": "2026-09-27 14:18:00", "kind": "INFO", "message": "Skipping extracting external decl MutableIterator" }
{ "origin": "CodeQL Kotlin extractor", "timestamp": "2026-09-27 14:18:00", "kind": "INFO", "message": "Skipping extracting external decl Consumer" }
{ "origin": "CodeQL Kotlin extractor", "timestamp": "2026-09-27 14:18:00", "kind": "INFO", "message": "Skipping extracting external decl Spliterator" }
{ "origin": "CodeQL Kotlin extractor", "timestamp": "2026-09-27 14:18:00", "kind": "INFO", "message": "Skipping extracting external decl IntFunction" }
{ "origin": "CodeQL Kotlin extractor", "timestamp": "2026-09-27 14:18:00", "kind": "INFO", "message": "Skipping extracting external decl Predicate" }
{ "origin": "CodeQL Kotlin extractor", "timestamp": "2026-09-27 14:18:00", "kind": "INFO", "message": "Skipping extracting external decl Stream" }
{ "origin": "CodeQL Kotlin extractor", "timestamp": "2026-09-27 14:18:00", "kind": "INFO", "message": "Skipping extracting external decl BaseStream" }
{ "origin": "CodeQL Kotlin extractor", "timestamp": "2026-09-27 14:18:00", "kind": "INFO", "message": "Skipping extracting external decl AutoCloseable" }
{ "origin": "CodeQL Kotlin extractor", "timestamp": "2026-09-27 14:18:00", "kind": "INFO", "message": "Skipping extracting external decl Collection" }
{ "origin": "CodeQL Kotlin extractor", "timestamp": "2026-09-27 14:18:00", "kind": "INFO", "message": "Skipping extracting external decl Float" }
{ "origin": "CodeQL Kotlin extractor", "timestamp": "2026-09-27 14:18:00", "kind": "INFO", "message": "Skipping extracting external decl Float" }
{ "origin": "CodeQL Kotlin extractor", "timestamp": "2026-09-27 14:18:00", "kind": "INFO", "message": "Skipping extracting external decl Function0" }
{ "origin": "CodeQL Kotlin extractor", "timestamp": "2026-09-27 14:18:00", "kind": "INFO", "message": "Skipping extracting external decl Function0" }
{ "origin": "CodeQL Kotlin extractor", "timestamp": "2026-09-27 14:18:00", "kind": "INFO", "message": "Skipping extracting external decl check" }
{ "origin": "CodeQL Kotlin extractor", "timestamp": "2026-09-27 14:18:00", "kind": "INFO", "message": "Skipping extracting external decl LocalDate" }
{ "origin": "CodeQL Kotlin extractor", "timestamp": "2026-09-27 14:18:00", "kind": "INFO", "message": "Skipping extracting external decl Pair" }
{ "origin": "CodeQL Kotlin extractor", "timestamp": "2026-09-27 14:18:00", "kind": "INFO", "message": "Skipping extracting external decl Set" }
{ "origin": "CodeQL Kotlin extractor", "timestamp": "2026-09-27 14:18:00", "kind": "INFO", "message": "Skipping extracting external decl ZoneId" }
{ "origin": "CodeQL Kotlin extractor", "timestamp": "2026-09-27 14:18:00", "kind": "INFO", "message": "Skipping extracting external decl require" }
{ "origin": "CodeQL Kotlin extractor", "timestamp": "2026-09-27 14:18:00", "kind": "INFO", "message": "Will write TRAP file /Users/macbook/Octo/static_analysis_codeql_1/codeql-kotlin.db/trap/java/classes/kotlin/collections/isNotEmpty(java.util.Collection).members/isNotEmpty(java.util.Collection).members#-1.0-0-null.trap.gz" }
{ "origin": "CodeQL Kotlin extractor", "timestamp": "2026-09-27 14:18:00", "kind": "INFO", "message": "Finished writing TRAP file /Users/macbook/Octo/static_analysis_codeql_1/codeql-kotlin.db/trap/java/classes/kotlin/collections/isNotEmpty(java.util.Collection).members/isNotEmpty(java.util.Collection).members#-1.0-0-null.trap.gz" }
{ "origin": "CodeQL Kotlin extractor", "timestamp": "2026-09-27 14:18:00", "kind": "INFO", "message": "Skipping extracting external decl singleOrNull" }
{ "origin": "CodeQL Kotlin extractor", "timestamp": "2026-09-27 14:18:00", "kind": "INFO", "message": "Skipping extracting external decl distinct" }
{ "origin": "CodeQL Kotlin extractor", "timestamp": "2026-09-27 14:18:00", "kind": "INFO", "message": "Skipping extracting external decl map" }
{ "origin": "CodeQL Kotlin extractor", "timestamp": "2026-09-27 14:18:00", "kind": "INFO", "message": "Skipping extracting external decl requireNotNull" }
{ "origin": "CodeQL Kotlin extractor", "timestamp": "2026-09-27 14:18:00", "kind": "INFO", "message": "Will write TRAP file /Users/macbook/Octo/static_analysis_codeql_1/codeql-kotlin.db/trap/java/classes/kotlin/collections/sumOfBigDecimal(java.lang.Iterable,kotlin.jvm.functions.Function1).members/sumOfBigDecimal(java.lang.Iterable,kotlin.jvm.functions.Function1).members#-1.0-0-null.trap.gz" }
{ "origin": "CodeQL Kotlin extractor", "timestamp": "2026-09-27 14:18:00", "kind": "INFO", "message": "Finished writing TRAP file /Users/macbook/Octo/static_analysis_codeql_1/codeql-kotlin.db/trap/java/classes/kotlin/collections/sumOfBigDecimal(java.lang.Iterable,kotlin.jvm.functions.Function1).members/sumOfBigDecimal(java.lang.Iterable,kotlin.jvm.functions.Function1).members#-1.0-0-null.trap.gz" }
{ "origin": "CodeQL Kotlin extractor", "timestamp": "2026-09-27 14:18:00", "kind": "INFO", "message": "Will write TRAP file /Users/macbook/Octo/static_analysis_codeql_1/codeql-kotlin.db/trap/java/classes/kotlin/collections/sortedBy(java.lang.Iterable,kotlin.jvm.functions.Function1).members/sortedBy(java.lang.Iterable,kotlin.jvm.functions.Function1).members#-1.0-0-null.trap.gz" }
{ "origin": "CodeQL Kotlin extractor", "timestamp": "2026-09-27 14:18:00", "kind": "INFO", "message": "Finished writing TRAP file /Users/macbook/Octo/static_analysis_codeql_1/codeql-kotlin.db/trap/java/classes/kotlin/collections/sortedBy(java.lang.Iterable,kotlin.jvm.functions.Function1).members/sortedBy(java.lang.Iterable,kotlin.jvm.functions.Function1).members#-1.0-0-null.trap.gz" }
{ "origin": "CodeQL Kotlin extractor", "timestamp": "2026-09-27 14:18:00", "kind": "INFO", "message": "Skipping extracting external decl to" }
{ "origin": "CodeQL Kotlin extractor", "timestamp": "2026-09-27 14:18:00", "kind": "INFO", "message": "Skipping extracting external decl ZonedDateTime" }
{ "origin": "CodeQL Kotlin extractor", "timestamp": "2026-09-27 14:18:00", "kind": "INFO", "message": "Will write TRAP file /Users/macbook/Octo/static_analysis_codeql_1/codeql-kotlin.db/trap/java/classes/kotlin/plus(java.math.BigDecimal,java.math.BigDecimal).members/plus(java.math.BigDecimal,java.math.BigDecimal).members#-1.0-0-null.trap.gz" }
{ "origin": "CodeQL Kotlin extractor", "timestamp": "2026-09-27 14:18:00", "kind": "INFO", "message": "Finished writing TRAP file /Users/macbook/Octo/static_analysis_codeql_1/codeql-kotlin.db/trap/java/classes/kotlin/plus(java.math.BigDecimal,java.math.BigDecimal).members/plus(java.math.BigDecimal,java.math.BigDecimal).members#-1.0-0-null.trap.gz" }
{ "origin": "CodeQL Kotlin extractor", "timestamp": "2026-09-27 14:18:00", "kind": "INFO", "message": "Skipping extracting external decl InlineOnly" }
{ "origin": "CodeQL Kotlin extractor", "timestamp": "2026-09-27 14:18:00", "kind": "INFO", "message": "Skipping extracting external decl OverloadResolutionByLambdaReturnType" }
{ "origin": "CodeQL Kotlin extractor", "timestamp": "2026-09-27 14:18:00", "kind": "INFO", "message": "Skipping extracting external decl SinceKotlin" }
{ "origin": "CodeQL Kotlin extractor", "timestamp": "2026-09-27 14:18:00", "kind": "INFO", "message": "Skipping extracting external decl JvmName" }
{ "origin": "CodeQL Kotlin extractor", "timestamp": "2026-09-27 14:18:00", "kind": "INFO", "message": "Finished writing TRAP file /Users/macbook/Octo/static_analysis_codeql_1/codeql-kotlin.db/trap/java/Users/macbook/Octo/modules/ibor-core/src/main/kotlin/com/octo/iborcore/Ledger.kt.trap.gz" }
{ "origin": "CodeQL Kotlin extractor", "timestamp": "2026-09-27 14:18:00", "kind": "INFO", "message": "Extracting file /Users/macbook/Octo/modules/ibor-core/src/main/kotlin/com/octo/iborcore/OnchainPromotion.kt" }
{ "origin": "CodeQL Kotlin extractor", "timestamp": "2026-09-27 14:18:00", "kind": "INFO", "message": "Will write TRAP file /Users/macbook/Octo/static_analysis_codeql_1/codeql-kotlin.db/trap/java/Users/macbook/Octo/modules/ibor-core/src/main/kotlin/com/octo/iborcore/OnchainPromotion.kt.trap.gz" }
{ "origin": "CodeQL Kotlin extractor", "timestamp": "2026-09-27 14:18:00", "kind": "INFO", "message": "Will write TRAP file /Users/macbook/Octo/static_analysis_codeql_1/codeql-kotlin.db/trap/java/classes/com/octo/iborcore/OnchainPromotionKt$PROMOTION_ACTOR;property.members/OnchainPromotionKt$PROMOTION_ACTOR;property.members#0.0-0-kotlin.trap.gz" }
{ "origin": "CodeQL Kotlin extractor", "timestamp": "2026-09-27 14:18:00", "kind": "INFO", "message": "Finished writing TRAP file /Users/macbook/Octo/static_analysis_codeql_1/codeql-kotlin.db/trap/java/classes/com/octo/iborcore/OnchainPromotionKt$PROMOTION_ACTOR;property.members/OnchainPromotionKt$PROMOTION_ACTOR;property.members#0.0-0-kotlin.trap.gz" }
{ "origin": "CodeQL Kotlin extractor", "timestamp": "2026-09-27 14:18:00", "kind": "INFO", "message": "Will write TRAP file /Users/macbook/Octo/static_analysis_codeql_1/codeql-kotlin.db/trap/java/classes/com/octo/iborcore/InstrumentKey.members/InstrumentKey.members#0.0-0-kotlin.trap.gz" }
{ "origin": "CodeQL Kotlin extractor", "timestamp": "2026-09-27 14:18:00", "kind": "INFO", "message": "Finished writing TRAP file /Users/macbook/Octo/static_analysis_codeql_1/codeql-kotlin.db/trap/java/classes/com/octo/iborcore/InstrumentKey.members/InstrumentKey.members#0.0-0-kotlin.trap.gz" }
{ "origin": "CodeQL Kotlin extractor", "timestamp": "2026-09-27 14:18:00", "kind": "INFO", "message": "Will write TRAP file /Users/macbook/Octo/static_analysis_codeql_1/codeql-kotlin.db/trap/java/classes/com/octo/iborcore/StagedTransfer.members/StagedTransfer.members#0.0-0-kotlin.trap.gz" }
{ "origin": "CodeQL Kotlin extractor", "timestamp": "2026-09-27 14:18:00", "kind": "INFO", "message": "Finished writing TRAP file /Users/macbook/Octo/static_analysis_codeql_1/codeql-kotlin.db/trap/java/classes/com/octo/iborcore/StagedTransfer.members/StagedTransfer.members#0.0-0-kotlin.trap.gz" }
{ "origin": "CodeQL Kotlin extractor", "timestamp": "2026-09-27 14:18:00", "kind": "INFO", "message": "Will write TRAP file /Users/macbook/Octo/static_analysis_codeql_1/codeql-kotlin.db/trap/java/classes/com/octo/iborcore/PromotionReport.members/PromotionReport.members#0.0-0-kotlin.trap.gz" }
{ "origin": "CodeQL Kotlin extractor", "timestamp": "2026-09-27 14:18:00", "kind": "INFO", "message": "Finished writing TRAP file /Users/macbook/Octo/static_analysis_codeql_1/codeql-kotlin.db/trap/java/classes/com/octo/iborcore/PromotionReport.members/PromotionReport.members#0.0-0-kotlin.trap.gz" }
{ "origin": "CodeQL Kotlin extractor", "timestamp": "2026-09-27 14:18:00", "kind": "INFO", "message": "Will write TRAP file /Users/macbook/Octo/static_analysis_codeql_1/codeql-kotlin.db/trap/java/classes/com/octo/iborcore/InstrumentFlowStore.members/InstrumentFlowStore.members#0.0-0-kotlin.trap.gz" }
{ "origin": "CodeQL Kotlin extractor", "timestamp": "2026-09-27 14:18:00", "kind": "INFO", "message": "Finished writing TRAP file /Users/macbook/Octo/static_analysis_codeql_1/codeql-kotlin.db/trap/java/classes/com/octo/iborcore/InstrumentFlowStore.members/InstrumentFlowStore.members#0.0-0-kotlin.trap.gz" }
{ "origin": "CodeQL Kotlin extractor", "timestamp": "2026-09-27 14:18:00", "kind": "WARN", "message": "Diagnostic(com.github.codeql.KotlinUsesExtractor.kotlinFunctionToJavaEquivalent(KotlinUsesExtractor.kt:1716)): Couldn't find a Java equivalent function to kotlin.Int.inc in java.lang.Integer  ...while extracting a call (<no name>) at file:///Users/macbook/Octo/modules/ibor-core/src/main/kotlin/com/octo/iborcore/OnchainPromotion.kt:120:106:120:107\n  ...while extracting a expression (<no name>) at file:///Users/macbook/Octo/modules/ibor-core/src/main/kotlin/com/octo/iborcore/OnchainPromotion.kt:120:106:120:107\n  ...while extracting a expression (<no name>) at file:///Users/macbook/Octo/modules/ibor-core/src/main/kotlin/com/octo/iborcore/OnchainPromotion.kt:120:98:120:107\n  ...while extracting a statement (<no name>) at file:///Users/macbook/Octo/modules/ibor-core/src/main/kotlin/com/octo/iborcore/OnchainPromotion.kt:120:98:120:107\n  ...while extracting a expression (<no name>) at file:///Users/macbook/Octo/modules/ibor-core/src/main/kotlin/com/octo/iborcore/OnchainPromotion.kt:120:98:120:107\n  ...while extracting a type operator call (<no name>) at file:///Users/macbook/Octo/modules/ibor-core/src/main/kotlin/com/octo/iborcore/OnchainPromotion.kt:120:98:120:107\n  ...while extracting a expression (<no name>) at file:///Users/macbook/Octo/modules/ibor-core/src/main/kotlin/com/octo/iborcore/OnchainPromotion.kt:120:98:120:107\n  ...while extracting a expression (<no name>) at file:///Users/macbook/Octo/modules/ibor-core/src/main/kotlin/com/octo/iborcore/OnchainPromotion.kt:120:13:120:107\n  ...while extracting a statement (<no name>) at file:///Users/macbook/Octo/modules/ibor-core/src/main/kotlin/com/octo/iborcore/OnchainPromotion.kt:120:13:120:107\n  ...while extracting a expression (<no name>) at file:///Users/macbook/Octo/modules/ibor-core/src/main/kotlin/com/octo/iborcore/OnchainPromotion.kt:91:50:121:9\n  ...while extracting a expression (<no name>) at file:///Users/macbook/Octo/modules/ibor-core/src/main/kotlin/com/octo/iborcore/OnchainPromotion.kt:91:9:121:9\n  ...while extracting a statement (<no name>) at file:///Users/macbook/Octo/modules/ibor-core/src/main/kotlin/com/octo/iborcore/OnchainPromotion.kt:91:9:121:9\n  ...while extracting a block body (<no name>) at file:///Users/macbook/Octo/modules/ibor-core/src/main/kotlin/com/octo/iborcore/OnchainPromotion.kt:86:64:123:5\n  ...while extracting a body (<no name>) at file:///Users/macbook/Octo/modules/ibor-core/src/main/kotlin/com/octo/iborcore/OnchainPromotion.kt:86:64:123:5\n  ...while extracting a function (promote) at file:///Users/macbook/Octo/modules/ibor-core/src/main/kotlin/com/octo/iborcore/OnchainPromotion.kt:86:5:123:5\n  ...while extracting a declaration (promote) at file:///Users/macbook/Octo/modules/ibor-core/src/main/kotlin/com/octo/iborcore/OnchainPromotion.kt:86:5:123:5\n  ...while extracting a class source (InstrumentFlowPromoter) at file:///Users/macbook/Octo/modules/ibor-core/src/main/kotlin/com/octo/iborcore/OnchainPromotion.kt:83:1:124:1\n  ...while extracting a declaration (InstrumentFlowPromoter) at file:///Users/macbook/Octo/modules/ibor-core/src/main/kotlin/com/octo/iborcore/OnchainPromotion.kt:83:1:124:1\n  ...while extracting a file (OnchainPromotion.kt) at file:///Users/macbook/Octo/modules/ibor-core/src/main/kotlin/com/octo/iborcore/OnchainPromotion.kt:1:1:125:0\n" }
{ "origin": "CodeQL Kotlin extractor", "timestamp": "2026-09-27 14:18:00", "kind": "INFO", "message": "Will write TRAP file /Users/macbook/Octo/static_analysis_codeql_1/codeql-kotlin.db/trap/java/classes/com/octo/iborcore/InstrumentFlowPromoter.members/InstrumentFlowPromoter.members#0.0-0-kotlin.trap.gz" }
{ "origin": "CodeQL Kotlin extractor", "timestamp": "2026-09-27 14:18:00", "kind": "INFO", "message": "Finished writing TRAP file /Users/macbook/Octo/static_analysis_codeql_1/codeql-kotlin.db/trap/java/classes/com/octo/iborcore/InstrumentFlowPromoter.members/InstrumentFlowPromoter.members#0.0-0-kotlin.trap.gz" }
{ "origin": "CodeQL Kotlin extractor", "timestamp": "2026-09-27 14:18:00", "kind": "INFO", "message": "Will write TRAP file /Users/macbook/Octo/static_analysis_codeql_1/codeql-kotlin.db/trap/java/classes/com/octo/iborcore/OnchainPromotionKt.members/OnchainPromotionKt.members#0.0-0-kotlin.trap.gz" }
{ "origin": "CodeQL Kotlin extractor", "timestamp": "2026-09-27 14:18:00", "kind": "INFO", "message": "Finished writing TRAP file /Users/macbook/Octo/static_analysis_codeql_1/codeql-kotlin.db/trap/java/classes/com/octo/iborcore/OnchainPromotionKt.members/OnchainPromotionKt.members#0.0-0-kotlin.trap.gz" }
{ "origin": "CodeQL Kotlin extractor", "timestamp": "2026-09-27 14:18:00", "kind": "INFO", "message": "Skipping extracting external decl String" }
{ "origin": "CodeQL Kotlin extractor", "timestamp": "2026-09-27 14:18:00", "kind": "INFO", "message": "Skipping extracting external decl String" }
{ "origin": "CodeQL Kotlin extractor", "timestamp": "2026-09-27 14:18:00", "kind": "INFO", "message": "Skipping extracting external decl NotNull" }
{ "origin": "CodeQL Kotlin extractor", "timestamp": "2026-09-27 14:18:00", "kind": "INFO", "message": "Skipping extracting external decl Unit" }
{ "origin": "CodeQL Kotlin extractor", "timestamp": "2026-09-27 14:18:00", "kind": "INFO", "message": "Skipping extracting external decl Object" }
{ "origin": "CodeQL Kotlin extractor", "timestamp": "2026-09-27 14:18:00", "kind": "INFO", "message": "Skipping extracting external decl Integer" }
{ "origin": "CodeQL Kotlin extractor", "timestamp": "2026-09-27 14:18:00", "kind": "INFO", "message": "Skipping extracting external decl Int" }
{ "origin": "CodeQL Kotlin extractor", "timestamp": "2026-09-27 14:18:00", "kind": "INFO", "message": "Skipping extracting external decl Any" }
{ "origin": "CodeQL Kotlin extractor", "timestamp": "2026-09-27 14:18:00", "kind": "INFO", "message": "Skipping extracting external decl Boolean" }
{ "origin": "CodeQL Kotlin extractor", "timestamp": "2026-09-27 14:18:00", "kind": "INFO", "message": "Skipping extracting external decl Boolean" }
{ "origin": "CodeQL Kotlin extractor", "timestamp": "2026-09-27 14:18:00", "kind": "INFO", "message": "Skipping extracting external decl Void" }
{ "origin": "CodeQL Kotlin extractor", "timestamp": "2026-09-27 14:18:00", "kind": "INFO", "message": "Skipping extracting external decl Nothing" }
{ "origin": "CodeQL Kotlin extractor", "timestamp": "2026-09-27 14:18:00", "kind": "INFO", "message": "Skipping extracting external decl UUID" }
{ "origin": "CodeQL Kotlin extractor", "timestamp": "2026-09-27 14:18:00", "kind": "INFO", "message": "Skipping extracting external decl Long" }
{ "origin": "CodeQL Kotlin extractor", "timestamp": "2026-09-27 14:18:00", "kind": "INFO", "message": "Skipping extracting external decl Long" }
{ "origin": "CodeQL Kotlin extractor", "timestamp": "2026-09-27 14:18:00", "kind": "INFO", "message": "Skipping extracting external decl Instant" }
{ "origin": "CodeQL Kotlin extractor", "timestamp": "2026-09-27 14:18:00", "kind": "INFO", "message": "Skipping extracting external decl BigInteger" }
{ "origin": "CodeQL Kotlin extractor", "timestamp": "2026-09-27 14:18:00", "kind": "INFO", "message": "Skipping extracting external decl List" }
{ "origin": "CodeQL Kotlin extractor", "timestamp": "2026-09-27 14:18:00", "kind": "INFO", "message": "Skipping extracting external decl SequencedCollection" }
{ "origin": "CodeQL Kotlin extractor", "timestamp": "2026-09-27 14:18:00", "kind": "INFO", "message": "Skipping extracting external decl Collection" }
{ "origin": "CodeQL Kotlin extractor", "timestamp": "2026-09-27 14:18:00", "kind": "INFO", "message": "Skipping extracting external decl Iterable" }
{ "origin": "CodeQL Kotlin extractor", "timestamp": "2026-09-27 14:18:00", "kind": "INFO", "message": "Skipping extracting external decl MutableIterable" }
{ "origin": "CodeQL Kotlin extractor", "timestamp": "2026-09-27 14:18:00", "kind": "INFO", "message": "Skipping extracting external decl MutableCollection" }
{ "origin": "CodeQL Kotlin extractor", "timestamp": "2026-09-27 14:18:00", "kind": "INFO", "message": "Skipping extracting external decl List" }
{ "origin": "CodeQL Kotlin extractor", "timestamp": "2026-09-27 14:18:00", "kind": "INFO", "message": "Skipping extracting external decl Map" }
{ "origin": "CodeQL Kotlin extractor", "timestamp": "2026-09-27 14:18:00", "kind": "INFO", "message": "Skipping extracting external decl Map" }
{ "origin": "CodeQL Kotlin extractor", "timestamp": "2026-09-27 14:18:00", "kind": "INFO", "message": "Skipping extracting external decl MutableList" }
{ "origin": "CodeQL Kotlin extractor", "timestamp": "2026-09-27 14:18:00", "kind": "INFO", "message": "Skipping extracting external decl mutableListOf" }
{ "origin": "CodeQL Kotlin extractor", "timestamp": "2026-09-27 14:18:00", "kind": "INFO", "message": "Skipping extracting external decl MutableMap" }
{ "origin": "CodeQL Kotlin extractor", "timestamp": "2026-09-27 14:18:00", "kind": "INFO", "message": "Skipping extracting external decl Set" }
{ "origin": "CodeQL Kotlin extractor", "timestamp": "2026-09-27 14:18:00", "kind": "INFO", "message": "Skipping extracting external decl MutableSet" }
{ "origin": "CodeQL Kotlin extractor", "timestamp": "2026-09-27 14:18:00", "kind": "INFO", "message": "Skipping extracting external decl Entry" }
{ "origin": "CodeQL Kotlin extractor", "timestamp": "2026-09-27 14:18:00", "kind": "INFO", "message": "Skipping extracting external decl MutableEntry" }
{ "origin": "CodeQL Kotlin extractor", "timestamp": "2026-09-27 14:18:00", "kind": "INFO", "message": "Skipping extracting external decl BiConsumer" }
{ "origin": "CodeQL Kotlin extractor", "timestamp": "2026-09-27 14:18:00", "kind": "INFO", "message": "Skipping extracting external decl BiFunction" }
{ "origin": "CodeQL Kotlin extractor", "timestamp": "2026-09-27 14:18:00", "kind": "INFO", "message": "Skipping extracting external decl Function" }
{ "origin": "CodeQL Kotlin extractor", "timestamp": "2026-09-27 14:18:00", "kind": "INFO", "message": "Skipping extracting external decl Cloneable" }
{ "origin": "CodeQL Kotlin extractor", "timestamp": "2026-09-27 14:18:00", "kind": "INFO", "message": "Skipping extracting external decl Cloneable" }
{ "origin": "CodeQL Kotlin extractor", "timestamp": "2026-09-27 14:18:00", "kind": "INFO", "message": "Skipping extracting external decl Serializable" }
{ "origin": "CodeQL Kotlin extractor", "timestamp": "2026-09-27 14:18:00", "kind": "INFO", "message": "Skipping extracting external decl plusAssign" }
{ "origin": "CodeQL Kotlin extractor", "timestamp": "2026-09-27 14:18:00", "kind": "INFO", "message": "Skipping extracting external decl Function1" }
{ "origin": "CodeQL Kotlin extractor", "timestamp": "2026-09-27 14:18:00", "kind": "INFO", "message": "Skipping extracting external decl Function" }
{ "origin": "CodeQL Kotlin extractor", "timestamp": "2026-09-27 14:18:00", "kind": "INFO", "message": "Skipping extracting external decl Function1" }
{ "origin": "CodeQL Kotlin extractor", "timestamp": "2026-09-27 14:18:00", "kind": "INFO", "message": "Skipping extracting external decl let" }
{ "origin": "CodeQL Kotlin extractor", "timestamp": "2026-09-27 14:18:00", "kind": "INFO", "message": "Skipping extracting external decl FunctionReference" }
{ "origin": "CodeQL Kotlin extractor", "timestamp": "2026-09-27 14:18:00", "kind": "INFO", "message": "Skipping extracting external decl Iterable" }
{ "origin": "CodeQL Kotlin extractor", "timestamp": "2026-09-27 14:18:00", "kind": "INFO", "message": "Will write TRAP file /Users/macbook/Octo/static_analysis_codeql_1/codeql-kotlin.db/trap/java/classes/kotlin/collections/first(java.lang.Iterable,kotlin.jvm.functions.Function1).members/first(java.lang.Iterable,kotlin.jvm.functions.Function1).members#-1.0-0-null.trap.gz" }
{ "origin": "CodeQL Kotlin extractor", "timestamp": "2026-09-27 14:18:00", "kind": "INFO", "message": "Finished writing TRAP file /Users/macbook/Octo/static_analysis_codeql_1/codeql-kotlin.db/trap/java/classes/kotlin/collections/first(java.lang.Iterable,kotlin.jvm.functions.Function1).members/first(java.lang.Iterable,kotlin.jvm.functions.Function1).members#-1.0-0-null.trap.gz" }
{ "origin": "CodeQL Kotlin extractor", "timestamp": "2026-09-27 14:18:00", "kind": "INFO", "message": "Skipping extracting external decl EnumEntries" }
{ "origin": "CodeQL Kotlin extractor", "timestamp": "2026-09-27 14:18:00", "kind": "INFO", "message": "Finished writing TRAP file /Users/macbook/Octo/static_analysis_codeql_1/codeql-kotlin.db/trap/java/Users/macbook/Octo/modules/ibor-core/src/main/kotlin/com/octo/iborcore/OnchainPromotion.kt.trap.gz" }
{ "origin": "CodeQL Kotlin extractor", "timestamp": "2026-09-27 14:18:00", "kind": "INFO", "message": "Extracting file /Users/macbook/Octo/modules/ibor-core/src/main/kotlin/com/octo/iborcore/Valuation.kt" }
{ "origin": "CodeQL Kotlin extractor", "timestamp": "2026-09-27 14:18:00", "kind": "INFO", "message": "Will write TRAP file /Users/macbook/Octo/static_analysis_codeql_1/codeql-kotlin.db/trap/java/Users/macbook/Octo/modules/ibor-core/src/main/kotlin/com/octo/iborcore/Valuation.kt.trap.gz" }
{ "origin": "CodeQL Kotlin extractor", "timestamp": "2026-09-27 14:18:00", "kind": "INFO", "message": "Will write TRAP file /Users/macbook/Octo/static_analysis_codeql_1/codeql-kotlin.db/trap/java/classes/com/octo/iborcore/ValuationMethod$Companion.members/ValuationMethod$Companion.members#0.0-0-kotlin.trap.gz" }
{ "origin": "CodeQL Kotlin extractor", "timestamp": "2026-09-27 14:18:00", "kind": "INFO", "message": "Finished writing TRAP file /Users/macbook/Octo/static_analysis_codeql_1/codeql-kotlin.db/trap/java/classes/com/octo/iborcore/ValuationMethod$Companion.members/ValuationMethod$Companion.members#0.0-0-kotlin.trap.gz" }
{ "origin": "CodeQL Kotlin extractor", "timestamp": "2026-09-27 14:18:00", "kind": "INFO", "message": "Will write TRAP file /Users/macbook/Octo/static_analysis_codeql_1/codeql-kotlin.db/trap/java/classes/com/octo/iborcore/ValuationMethod.members/ValuationMethod.members#0.0-0-kotlin.trap.gz" }
{ "origin": "CodeQL Kotlin extractor", "timestamp": "2026-09-27 14:18:00", "kind": "INFO", "message": "Finished writing TRAP file /Users/macbook/Octo/static_analysis_codeql_1/codeql-kotlin.db/trap/java/classes/com/octo/iborcore/ValuationMethod.members/ValuationMethod.members#0.0-0-kotlin.trap.gz" }
{ "origin": "CodeQL Kotlin extractor", "timestamp": "2026-09-27 14:18:00", "kind": "INFO", "message": "Will write TRAP file /Users/macbook/Octo/static_analysis_codeql_1/codeql-kotlin.db/trap/java/classes/com/octo/iborcore/ValuationEvent.members/ValuationEvent.members#0.0-0-kotlin.trap.gz" }
{ "origin": "CodeQL Kotlin extractor", "timestamp": "2026-09-27 14:18:00", "kind": "INFO", "message": "Finished writing TRAP file /Users/macbook/Octo/static_analysis_codeql_1/codeql-kotlin.db/trap/java/classes/com/octo/iborcore/ValuationEvent.members/ValuationEvent.members#0.0-0-kotlin.trap.gz" }
{ "origin": "CodeQL Kotlin extractor", "timestamp": "2026-09-27 14:18:00", "kind": "INFO", "message": "Will write TRAP file /Users/macbook/Octo/static_analysis_codeql_1/codeql-kotlin.db/trap/java/classes/com/octo/iborcore/ValuationKt$latestValuation(java.util.List,java.util.Set,java.time.LocalDate,java.time.Instant).members/ValuationKt$latestValuation(java.util.List,java.util.Set,java.time.LocalDate,java.time.Instant).members#0.0-0-kotlin.trap.gz" }
{ "origin": "CodeQL Kotlin extractor", "timestamp": "2026-09-27 14:18:00", "kind": "INFO", "message": "Finished writing TRAP file /Users/macbook/Octo/static_analysis_codeql_1/codeql-kotlin.db/trap/java/classes/com/octo/iborcore/ValuationKt$latestValuation(java.util.List,java.util.Set,java.time.LocalDate,java.time.Instant).members/ValuationKt$latestValuation(java.util.List,java.util.Set,java.time.LocalDate,java.time.Instant).members#0.0-0-kotlin.trap.gz" }
{ "origin": "CodeQL Kotlin extractor", "timestamp": "2026-09-27 14:18:00", "kind": "INFO", "message": "Will write TRAP file /Users/macbook/Octo/static_analysis_codeql_1/codeql-kotlin.db/trap/java/classes/com/octo/iborcore/ValuationKt.members/ValuationKt.members#0.0-0-kotlin.trap.gz" }
{ "origin": "CodeQL Kotlin extractor", "timestamp": "2026-09-27 14:18:00", "kind": "INFO", "message": "Finished writing TRAP file /Users/macbook/Octo/static_analysis_codeql_1/codeql-kotlin.db/trap/java/classes/com/octo/iborcore/ValuationKt.members/ValuationKt.members#0.0-0-kotlin.trap.gz" }
{ "origin": "CodeQL Kotlin extractor", "timestamp": "2026-09-27 14:18:00", "kind": "INFO", "message": "Skipping extracting external decl String" }
{ "origin": "CodeQL Kotlin extractor", "timestamp": "2026-09-27 14:18:00", "kind": "INFO", "message": "Skipping extracting external decl String" }
{ "origin": "CodeQL Kotlin extractor", "timestamp": "2026-09-27 14:18:00", "kind": "INFO", "message": "Skipping extracting external decl Unit" }
{ "origin": "CodeQL Kotlin extractor", "timestamp": "2026-09-27 14:18:00", "kind": "INFO", "message": "Skipping extracting external decl NotNull" }
{ "origin": "CodeQL Kotlin extractor", "timestamp": "2026-09-27 14:18:00", "kind": "INFO", "message": "Skipping extracting external decl Enum" }
{ "origin": "CodeQL Kotlin extractor", "timestamp": "2026-09-27 14:18:00", "kind": "INFO", "message": "Skipping extracting external decl Object" }
{ "origin": "CodeQL Kotlin extractor", "timestamp": "2026-09-27 14:18:00", "kind": "INFO", "message": "Skipping extracting external decl Any" }
{ "origin": "CodeQL Kotlin extractor", "timestamp": "2026-09-27 14:18:00", "kind": "INFO", "message": "Skipping extracting external decl Constable" }
{ "origin": "CodeQL Kotlin extractor", "timestamp": "2026-09-27 14:18:00", "kind": "INFO", "message": "Skipping extracting external decl Comparable" }
{ "origin": "CodeQL Kotlin extractor", "timestamp": "2026-09-27 14:18:00", "kind": "INFO", "message": "Skipping extracting external decl Comparable" }
{ "origin": "CodeQL Kotlin extractor", "timestamp": "2026-09-27 14:18:00", "kind": "INFO", "message": "Skipping extracting external decl Serializable" }
{ "origin": "CodeQL Kotlin extractor", "timestamp": "2026-09-27 14:18:00", "kind": "INFO", "message": "Skipping extracting external decl Enum" }
{ "origin": "CodeQL Kotlin extractor", "timestamp": "2026-09-27 14:18:00", "kind": "INFO", "message": "Skipping extracting external decl Integer" }
{ "origin": "CodeQL Kotlin extractor", "timestamp": "2026-09-27 14:18:00", "kind": "INFO", "message": "Skipping extracting external decl Int" }
{ "origin": "CodeQL Kotlin extractor", "timestamp": "2026-09-27 14:18:00", "kind": "INFO", "message": "Skipping extracting external decl Boolean" }
{ "origin": "CodeQL Kotlin extractor", "timestamp": "2026-09-27 14:18:00", "kind": "INFO", "message": "Skipping extracting external decl Boolean" }
{ "origin": "CodeQL Kotlin extractor", "timestamp": "2026-09-27 14:18:00", "kind": "INFO", "message": "Skipping extracting external decl Class" }
{ "origin": "CodeQL Kotlin extractor", "timestamp": "2026-09-27 14:18:00", "kind": "INFO", "message": "Skipping extracting external decl GenericDeclaration" }
{ "origin": "CodeQL Kotlin extractor", "timestamp": "2026-09-27 14:18:00", "kind": "INFO", "message": "Skipping extracting external decl Type" }
{ "origin": "CodeQL Kotlin extractor", "timestamp": "2026-09-27 14:18:00", "kind": "INFO", "message": "Skipping extracting external decl AnnotatedElement" }
{ "origin": "CodeQL Kotlin extractor", "timestamp": "2026-09-27 14:18:00", "kind": "INFO", "message": "Skipping extracting external decl OfField" }
{ "origin": "CodeQL Kotlin extractor", "timestamp": "2026-09-27 14:18:00", "kind": "INFO", "message": "Skipping extracting external decl TypeDescriptor" }
{ "origin": "CodeQL Kotlin extractor", "timestamp": "2026-09-27 14:18:00", "kind": "INFO", "message": "Skipping extracting external decl Optional" }
{ "origin": "CodeQL Kotlin extractor", "timestamp": "2026-09-27 14:18:00", "kind": "INFO", "message": "Skipping extracting external decl EnumDesc" }
{ "origin": "CodeQL Kotlin extractor", "timestamp": "2026-09-27 14:18:00", "kind": "INFO", "message": "Skipping extracting external decl DynamicConstantDesc" }
{ "origin": "CodeQL Kotlin extractor", "timestamp": "2026-09-27 14:18:00", "kind": "INFO", "message": "Skipping extracting external decl ConstantDesc" }
{ "origin": "CodeQL Kotlin extractor", "timestamp": "2026-09-27 14:18:00", "kind": "INFO", "message": "Skipping extracting external decl Iterable" }
{ "origin": "CodeQL Kotlin extractor", "timestamp": "2026-09-27 14:18:00", "kind": "INFO", "message": "Skipping extracting external decl Iterable" }
{ "origin": "CodeQL Kotlin extractor", "timestamp": "2026-09-27 14:18:00", "kind": "INFO", "message": "Skipping extracting external decl Function1" }
{ "origin": "CodeQL Kotlin extractor", "timestamp": "2026-09-27 14:18:00", "kind": "INFO", "message": "Skipping extracting external decl Function" }
{ "origin": "CodeQL Kotlin extractor", "timestamp": "2026-09-27 14:18:00", "kind": "INFO", "message": "Skipping extracting external decl Function1" }
{ "origin": "CodeQL Kotlin extractor", "timestamp": "2026-09-27 14:18:00", "kind": "INFO", "message": "Will write TRAP file /Users/macbook/Octo/static_analysis_codeql_1/codeql-kotlin.db/trap/java/classes/kotlin/collections/firstOrNull(java.lang.Iterable,kotlin.jvm.functions.Function1).members/firstOrNull(java.lang.Iterable,kotlin.jvm.functions.Function1).members#-1.0-0-null.trap.gz" }
{ "origin": "CodeQL Kotlin extractor", "timestamp": "2026-09-27 14:18:00", "kind": "INFO", "message": "Finished writing TRAP file /Users/macbook/Octo/static_analysis_codeql_1/codeql-kotlin.db/trap/java/classes/kotlin/collections/firstOrNull(java.lang.Iterable,kotlin.jvm.functions.Function1).members/firstOrNull(java.lang.Iterable,kotlin.jvm.functions.Function1).members#-1.0-0-null.trap.gz" }
{ "origin": "CodeQL Kotlin extractor", "timestamp": "2026-09-27 14:18:00", "kind": "INFO", "message": "Skipping extracting external decl EnumEntries" }
{ "origin": "CodeQL Kotlin extractor", "timestamp": "2026-09-27 14:18:00", "kind": "INFO", "message": "Skipping extracting external decl List" }
{ "origin": "CodeQL Kotlin extractor", "timestamp": "2026-09-27 14:18:00", "kind": "INFO", "message": "Skipping extracting external decl SequencedCollection" }
{ "origin": "CodeQL Kotlin extractor", "timestamp": "2026-09-27 14:18:00", "kind": "INFO", "message": "Skipping extracting external decl Collection" }
{ "origin": "CodeQL Kotlin extractor", "timestamp": "2026-09-27 14:18:00", "kind": "INFO", "message": "Skipping extracting external decl MutableIterable" }
{ "origin": "CodeQL Kotlin extractor", "timestamp": "2026-09-27 14:18:00", "kind": "INFO", "message": "Skipping extracting external decl MutableCollection" }
{ "origin": "CodeQL Kotlin extractor", "timestamp": "2026-09-27 14:18:00", "kind": "INFO", "message": "Skipping extracting external decl List" }
{ "origin": "CodeQL Kotlin extractor", "timestamp": "2026-09-27 14:18:00", "kind": "INFO", "message": "Skipping extracting external decl Void" }
{ "origin": "CodeQL Kotlin extractor", "timestamp": "2026-09-27 14:18:00", "kind": "INFO", "message": "Skipping extracting external decl Nothing" }
{ "origin": "CodeQL Kotlin extractor", "timestamp": "2026-09-27 14:18:00", "kind": "INFO", "message": "Skipping extracting external decl error" }
{ "origin": "CodeQL Kotlin extractor", "timestamp": "2026-09-27 14:18:00", "kind": "INFO", "message": "Skipping extracting external decl Cloneable" }
{ "origin": "CodeQL Kotlin extractor", "timestamp": "2026-09-27 14:18:00", "kind": "INFO", "message": "Skipping extracting external decl Cloneable" }
{ "origin": "CodeQL Kotlin extractor", "timestamp": "2026-09-27 14:18:00", "kind": "INFO", "message": "Skipping extracting external decl UUID" }
{ "origin": "CodeQL Kotlin extractor", "timestamp": "2026-09-27 14:18:00", "kind": "INFO", "message": "Skipping extracting external decl BigDecimal" }
{ "origin": "CodeQL Kotlin extractor", "timestamp": "2026-09-27 14:18:00", "kind": "INFO", "message": "Skipping extracting external decl Currency" }
{ "origin": "CodeQL Kotlin extractor", "timestamp": "2026-09-27 14:18:00", "kind": "INFO", "message": "Skipping extracting external decl LocalDate" }
{ "origin": "CodeQL Kotlin extractor", "timestamp": "2026-09-27 14:18:00", "kind": "INFO", "message": "Skipping extracting external decl Instant" }
{ "origin": "CodeQL Kotlin extractor", "timestamp": "2026-09-27 14:18:00", "kind": "INFO", "message": "Skipping extracting external decl DefaultConstructorMarker" }
{ "origin": "CodeQL Kotlin extractor", "timestamp": "2026-09-27 14:18:00", "kind": "INFO", "message": "Skipping extracting external decl Set" }
{ "origin": "CodeQL Kotlin extractor", "timestamp": "2026-09-27 14:18:00", "kind": "INFO", "message": "Skipping extracting external decl Set" }
{ "origin": "CodeQL Kotlin extractor", "timestamp": "2026-09-27 14:18:00", "kind": "INFO", "message": "Skipping extracting external decl filter" }
{ "origin": "CodeQL Kotlin extractor", "timestamp": "2026-09-27 14:18:00", "kind": "INFO", "message": "Skipping extracting external decl PropertyReference" }
{ "origin": "CodeQL Kotlin extractor", "timestamp": "2026-09-27 14:18:00", "kind": "INFO", "message": "Skipping extracting external decl KProperty1" }
{ "origin": "CodeQL Kotlin extractor", "timestamp": "2026-09-27 14:18:00", "kind": "INFO", "message": "Skipping extracting external decl KProperty" }
{ "origin": "CodeQL Kotlin extractor", "timestamp": "2026-09-27 14:18:00", "kind": "INFO", "message": "Skipping extracting external decl KCallable" }
{ "origin": "CodeQL Kotlin extractor", "timestamp": "2026-09-27 14:18:00", "kind": "INFO", "message": "Skipping extracting external decl KAnnotatedElement" }
{ "origin": "CodeQL Kotlin extractor", "timestamp": "2026-09-27 14:18:00", "kind": "INFO", "message": "Skipping extracting external decl KParameter" }
{ "origin": "CodeQL Kotlin extractor", "timestamp": "2026-09-27 14:18:00", "kind": "INFO", "message": "Skipping extracting external decl Map" }
{ "origin": "CodeQL Kotlin extractor", "timestamp": "2026-09-27 14:18:00", "kind": "INFO", "message": "Skipping extracting external decl Map" }
{ "origin": "CodeQL Kotlin extractor", "timestamp": "2026-09-27 14:18:00", "kind": "INFO", "message": "Skipping extracting external decl KType" }
{ "origin": "CodeQL Kotlin extractor", "timestamp": "2026-09-27 14:18:00", "kind": "INFO", "message": "Skipping extracting external decl KTypeParameter" }
{ "origin": "CodeQL Kotlin extractor", "timestamp": "2026-09-27 14:18:00", "kind": "INFO", "message": "Skipping extracting external decl KVisibility" }
{ "origin": "CodeQL Kotlin extractor", "timestamp": "2026-09-27 14:18:00", "kind": "INFO", "message": "Skipping extracting external decl Getter" }
{ "origin": "CodeQL Kotlin extractor", "timestamp": "2026-09-27 14:18:00", "kind": "INFO", "message": "Skipping extracting external decl Accessor" }
{ "origin": "CodeQL Kotlin extractor", "timestamp": "2026-09-27 14:18:00", "kind": "INFO", "message": "Skipping extracting external decl KFunction" }
{ "origin": "CodeQL Kotlin extractor", "timestamp": "2026-09-27 14:18:00", "kind": "INFO", "message": "Skipping extracting external decl Getter" }
{ "origin": "CodeQL Kotlin extractor", "timestamp": "2026-09-27 14:18:00", "kind": "INFO", "message": "Skipping extracting external decl Iterator" }
{ "origin": "CodeQL Kotlin extractor", "timestamp": "2026-09-27 14:18:00", "kind": "INFO", "message": "Skipping extracting external decl MutableIterator" }
{ "origin": "CodeQL Kotlin extractor", "timestamp": "2026-09-27 14:18:00", "kind": "INFO", "message": "Skipping extracting external decl Consumer" }
{ "origin": "CodeQL Kotlin extractor", "timestamp": "2026-09-27 14:18:00", "kind": "INFO", "message": "Skipping extracting external decl Spliterator" }
{ "origin": "CodeQL Kotlin extractor", "timestamp": "2026-09-27 14:18:00", "kind": "INFO", "message": "Skipping extracting external decl IntFunction" }
{ "origin": "CodeQL Kotlin extractor", "timestamp": "2026-09-27 14:18:00", "kind": "INFO", "message": "Skipping extracting external decl Predicate" }
{ "origin": "CodeQL Kotlin extractor", "timestamp": "2026-09-27 14:18:00", "kind": "INFO", "message": "Skipping extracting external decl Stream" }
{ "origin": "CodeQL Kotlin extractor", "timestamp": "2026-09-27 14:18:00", "kind": "INFO", "message": "Skipping extracting external decl BaseStream" }
{ "origin": "CodeQL Kotlin extractor", "timestamp": "2026-09-27 14:18:00", "kind": "INFO", "message": "Skipping extracting external decl AutoCloseable" }
{ "origin": "CodeQL Kotlin extractor", "timestamp": "2026-09-27 14:18:00", "kind": "INFO", "message": "Skipping extracting external decl Collection" }
{ "origin": "CodeQL Kotlin extractor", "timestamp": "2026-09-27 14:18:00", "kind": "INFO", "message": "Skipping extracting external decl MutableSet" }
{ "origin": "CodeQL Kotlin extractor", "timestamp": "2026-09-27 14:18:00", "kind": "INFO", "message": "Skipping extracting external decl ChronoLocalDate" }
{ "origin": "CodeQL Kotlin extractor", "timestamp": "2026-09-27 14:18:00", "kind": "INFO", "message": "Will write TRAP file /Users/macbook/Octo/static_analysis_codeql_1/codeql-kotlin.db/trap/java/classes/kotlin/collections/maxOfOrNull(java.lang.Iterable,kotlin.jvm.functions.Function1).members/maxOfOrNull(java.lang.Iterable,kotlin.jvm.functions.Function1).members#-1.0-0-null.trap.gz" }
{ "origin": "CodeQL Kotlin extractor", "timestamp": "2026-09-27 14:18:00", "kind": "INFO", "message": "Finished writing TRAP file /Users/macbook/Octo/static_analysis_codeql_1/codeql-kotlin.db/trap/java/classes/kotlin/collections/maxOfOrNull(java.lang.Iterable,kotlin.jvm.functions.Function1).members/maxOfOrNull(java.lang.Iterable,kotlin.jvm.functions.Function1).members#-1.0-0-null.trap.gz" }
{ "origin": "CodeQL Kotlin extractor", "timestamp": "2026-09-27 14:18:00", "kind": "INFO", "message": "Skipping extracting external decl Function0" }
{ "origin": "CodeQL Kotlin extractor", "timestamp": "2026-09-27 14:18:00", "kind": "INFO", "message": "Skipping extracting external decl Function0" }
{ "origin": "CodeQL Kotlin extractor", "timestamp": "2026-09-27 14:18:00", "kind": "INFO", "message": "Skipping extracting external decl check" }
{ "origin": "CodeQL Kotlin extractor", "timestamp": "2026-09-27 14:18:00", "kind": "INFO", "message": "Skipping extracting external decl UnaryOperator" }
{ "origin": "CodeQL Kotlin extractor", "timestamp": "2026-09-27 14:18:00", "kind": "INFO", "message": "Skipping extracting external decl Function" }
{ "origin": "CodeQL Kotlin extractor", "timestamp": "2026-09-27 14:18:00", "kind": "INFO", "message": "Skipping extracting external decl Comparator" }
{ "origin": "CodeQL Kotlin extractor", "timestamp": "2026-09-27 14:18:00", "kind": "INFO", "message": "Skipping extracting external decl ListIterator" }
{ "origin": "CodeQL Kotlin extractor", "timestamp": "2026-09-27 14:18:00", "kind": "INFO", "message": "Skipping extracting external decl MutableListIterator" }
{ "origin": "CodeQL Kotlin extractor", "timestamp": "2026-09-27 14:18:00", "kind": "INFO", "message": "Skipping extracting external decl MutableList" }
{ "origin": "CodeQL Kotlin extractor", "timestamp": "2026-09-27 14:18:00", "kind": "INFO", "message": "Will write TRAP file /Users/macbook/Octo/static_analysis_codeql_1/codeql-kotlin.db/trap/java/classes/kotlin/collections/single(java.util.List).members/single(java.util.List).members#-1.0-0-null.trap.gz" }
{ "origin": "CodeQL Kotlin extractor", "timestamp": "2026-09-27 14:18:00", "kind": "INFO", "message": "Finished writing TRAP file /Users/macbook/Octo/static_analysis_codeql_1/codeql-kotlin.db/trap/java/classes/kotlin/collections/single(java.util.List).members/single(java.util.List).members#-1.0-0-null.trap.gz" }
{ "origin": "CodeQL Kotlin extractor", "timestamp": "2026-09-27 14:18:00", "kind": "INFO", "message": "Skipping extracting external decl OverloadResolutionByLambdaReturnType" }
{ "origin": "CodeQL Kotlin extractor", "timestamp": "2026-09-27 14:18:00", "kind": "INFO", "message": "Skipping extracting external decl SinceKotlin" }
{ "origin": "CodeQL Kotlin extractor", "timestamp": "2026-09-27 14:18:01", "kind": "INFO", "message": "Skipping extracting external decl InlineOnly" }
{ "origin": "CodeQL Kotlin extractor", "timestamp": "2026-09-27 14:18:01", "kind": "INFO", "message": "Finished writing TRAP file /Users/macbook/Octo/static_analysis_codeql_1/codeql-kotlin.db/trap/java/Users/macbook/Octo/modules/ibor-core/src/main/kotlin/com/octo/iborcore/Valuation.kt.trap.gz" }
{ "origin": "CodeQL Kotlin extractor", "timestamp": "2026-09-27 14:18:01", "kind": "INFO", "message": "Extracting file /Users/macbook/Octo/modules/ibor-core/src/main/kotlin/com/octo/iborcore/persistence/JdbcIborReader.kt" }
{ "origin": "CodeQL Kotlin extractor", "timestamp": "2026-09-27 14:18:01", "kind": "INFO", "message": "Will write TRAP file /Users/macbook/Octo/static_analysis_codeql_1/codeql-kotlin.db/trap/java/Users/macbook/Octo/modules/ibor-core/src/main/kotlin/com/octo/iborcore/persistence/JdbcIborReader.kt.trap.gz" }
{ "origin": "CodeQL Kotlin extractor", "timestamp": "2026-09-27 14:18:01", "kind": "ERROR", "message": "Diagnostic(com.github.codeql.KotlinFileExtractor.findTopLevelPropertyOrWarn(KotlinFileExtractor.kt:3914)): At file:///Users/macbook/Octo/modules/ibor-core/src/main/kotlin/com/octo/iborcore/persistence/JdbcIborReader.kt:28:81:28:84: Couldn't find JVM intrinsic property kotlin.jvm java in kotlin.jvm.JvmClassMappingKt  ...while extracting a call (<no name>) at file:///Users/macbook/Octo/modules/ibor-core/src/main/kotlin/com/octo/iborcore/persistence/JdbcIborReader.kt:28:81:28:84\n  ...while extracting a expression (<no name>) at file:///Users/macbook/Octo/modules/ibor-core/src/main/kotlin/com/octo/iborcore/persistence/JdbcIborReader.kt:28:81:28:84\n  ...while extracting a call (<no name>) at file:///Users/macbook/Octo/modules/ibor-core/src/main/kotlin/com/octo/iborcore/persistence/JdbcIborReader.kt:28:34:28:85\n  ...while extracting a expression (<no name>) at file:///Users/macbook/Octo/modules/ibor-core/src/main/kotlin/com/octo/iborcore/persistence/JdbcIborReader.kt:28:34:28:85\n  ...while extracting a type operator call (<no name>) at file:///Users/macbook/Octo/modules/ibor-core/src/main/kotlin/com/octo/iborcore/persistence/JdbcIborReader.kt:28:34:28:85\n  ...while extracting a expression (<no name>) at file:///Users/macbook/Octo/modules/ibor-core/src/main/kotlin/com/octo/iborcore/persistence/JdbcIborReader.kt:28:34:28:85\n  ...while extracting a call (<no name>) at file:///Users/macbook/Octo/modules/ibor-core/src/main/kotlin/com/octo/iborcore/persistence/JdbcIborReader.kt:28:87:28:97\n  ...while extracting a expression (<no name>) at file:///Users/macbook/Octo/modules/ibor-core/src/main/kotlin/com/octo/iborcore/persistence/JdbcIborReader.kt:28:87:28:97\n  ...while extracting a type operator call (<no name>) at file:///Users/macbook/Octo/modules/ibor-core/src/main/kotlin/com/octo/iborcore/persistence/JdbcIborReader.kt:28:87:28:97\n  ...while extracting a expression (<no name>) at file:///Users/macbook/Octo/modules/ibor-core/src/main/kotlin/com/octo/iborcore/persistence/JdbcIborReader.kt:28:87:28:97\n  ...while extracting a expression (<no name>) at file:///Users/macbook/Octo/modules/ibor-core/src/main/kotlin/com/octo/iborcore/persistence/JdbcIborReader.kt:23:13:31:13\n  ...while extracting a expression (<no name>) at file:///Users/macbook/Octo/modules/ibor-core/src/main/kotlin/com/octo/iborcore/persistence/JdbcIborReader.kt:31:14:31:13\n  ...while extracting a statement (<no name>) at file:///Users/macbook/Octo/modules/ibor-core/src/main/kotlin/com/octo/iborcore/persistence/JdbcIborReader.kt:31:14:31:13\n  ...while extracting a block body (<no name>) at file:///Users/macbook/Octo/modules/ibor-core/src/main/kotlin/com/octo/iborcore/persistence/JdbcIborReader.kt:23:13:31:13\n  ...while extracting a body (<no name>) at file:///Users/macbook/Octo/modules/ibor-core/src/main/kotlin/com/octo/iborcore/persistence/JdbcIborReader.kt:23:13:31:13\n  ...while extracting a function (<anonymous>) at file:///Users/macbook/Octo/modules/ibor-core/src/main/kotlin/com/octo/iborcore/persistence/JdbcIborReader.kt:22:62:32:9\n  ...while extracting a generated class (<anonymous>) at file:///Users/macbook/Octo/modules/ibor-core/src/main/kotlin/com/octo/iborcore/persistence/JdbcIborReader.kt:22:62:32:9\n  ...while extracting a expression (<no name>) at file:///Users/macbook/Octo/modules/ibor-core/src/main/kotlin/com/octo/iborcore/persistence/JdbcIborReader.kt:22:62:32:9\n  ...while extracting a call (<no name>) at file:///Users/macbook/Octo/modules/ibor-core/src/main/kotlin/com/octo/iborcore/persistence/JdbcIborReader.kt:22:9:32:9\n  ...while extracting a expression (<no name>) at file:///Users/macbook/Octo/modules/ibor-core/src/main/kotlin/com/octo/iborcore/persistence/JdbcIborReader.kt:22:9:32:9\n  ...while extracting a expression (<no name>) at file:///Users/macbook/Octo/modules/ibor-core/src/main/kotlin/com/octo/iborcore/persistence/JdbcIborReader.kt:32:10:32:9\n  ...while extracting a statement (<no name>) at file:///Users/macbook/Octo/modules/ibor-core/src/main/kotlin/com/octo/iborcore/persistence/JdbcIborReader.kt:32:10:32:9\n  ...while extracting a block body (<no name>) at file:///Users/macbook/Octo/modules/ibor-core/src/main/kotlin/com/octo/iborcore/persistence/JdbcIborReader.kt:22:9:32:9\n  ...while extracting a body (<no name>) at file:///Users/macbook/Octo/modules/ibor-core/src/main/kotlin/com/octo/iborcore/persistence/JdbcIborReader.kt:22:9:32:9\n  ...while extracting a function (ledgerEvents) at file:///Users/macbook/Octo/modules/ibor-core/src/main/kotlin/com/octo/iborcore/persistence/JdbcIborReader.kt:21:5:32:9\n  ...while extracting a declaration (ledgerEvents) at file:///Users/macbook/Octo/modules/ibor-core/src/main/kotlin/com/octo/iborcore/persistence/JdbcIborReader.kt:21:5:32:9\n  ...while extracting a class source (JdbcIborReader) at file:///Users/macbook/Octo/modules/ibor-core/src/main/kotlin/com/octo/iborcore/persistence/JdbcIborReader.kt:18:1:89:1\n  ...while extracting a declaration (JdbcIborReader) at file:///Users/macbook/Octo/modules/ibor-core/src/main/kotlin/com/octo/iborcore/persistence/JdbcIborReader.kt:18:1:89:1\n  ...while extracting a file (JdbcIborReader.kt) at file:///Users/macbook/Octo/modules/ibor-core/src/main/kotlin/com/octo/iborcore/persistence/JdbcIborReader.kt:1:1:90:0\n" }
{ "origin": "CodeQL Kotlin extractor", "timestamp": "2026-09-27 14:18:01", "kind": "ERROR", "message": "Diagnostic(com.github.codeql.KotlinFileExtractor.findTopLevelPropertyOrWarn(KotlinFileExtractor.kt:3914)): At file:///Users/macbook/Octo/modules/ibor-core/src/main/kotlin/com/octo/iborcore/persistence/JdbcIborReader.kt:29:81:29:84: Couldn't find JVM intrinsic property kotlin.jvm java in kotlin.jvm.JvmClassMappingKt  ...while extracting a call (<no name>) at file:///Users/macbook/Octo/modules/ibor-core/src/main/kotlin/com/octo/iborcore/persistence/JdbcIborReader.kt:29:81:29:84\n  ...while extracting a expression (<no name>) at file:///Users/macbook/Octo/modules/ibor-core/src/main/kotlin/com/octo/iborcore/persistence/JdbcIborReader.kt:29:81:29:84\n  ...while extracting a call (<no name>) at file:///Users/macbook/Octo/modules/ibor-core/src/main/kotlin/com/octo/iborcore/persistence/JdbcIborReader.kt:29:34:29:85\n  ...while extracting a expression (<no name>) at file:///Users/macbook/Octo/modules/ibor-core/src/main/kotlin/com/octo/iborcore/persistence/JdbcIborReader.kt:29:34:29:85\n  ...while extracting a type operator call (<no name>) at file:///Users/macbook/Octo/modules/ibor-core/src/main/kotlin/com/octo/iborcore/persistence/JdbcIborReader.kt:29:34:29:85\n  ...while extracting a expression (<no name>) at file:///Users/macbook/Octo/modules/ibor-core/src/main/kotlin/com/octo/iborcore/persistence/JdbcIborReader.kt:29:34:29:85\n  ...while extracting a call (<no name>) at file:///Users/macbook/Octo/modules/ibor-core/src/main/kotlin/com/octo/iborcore/persistence/JdbcIborReader.kt:29:87:29:97\n  ...while extracting a expression (<no name>) at file:///Users/macbook/Octo/modules/ibor-core/src/main/kotlin/com/octo/iborcore/persistence/JdbcIborReader.kt:29:87:29:97\n  ...while extracting a type operator call (<no name>) at file:///Users/macbook/Octo/modules/ibor-core/src/main/kotlin/com/octo/iborcore/persistence/JdbcIborReader.kt:29:87:29:97\n  ...while extracting a expression (<no name>) at file:///Users/macbook/Octo/modules/ibor-core/src/main/kotlin/com/octo/iborcore/persistence/JdbcIborReader.kt:29:87:29:97\n  ...while extracting a expression (<no name>) at file:///Users/macbook/Octo/modules/ibor-core/src/main/kotlin/com/octo/iborcore/persistence/JdbcIborReader.kt:23:13:31:13\n  ...while extracting a expression (<no name>) at file:///Users/macbook/Octo/modules/ibor-core/src/main/kotlin/com/octo/iborcore/persistence/JdbcIborReader.kt:31:14:31:13\n  ...while extracting a statement (<no name>) at file:///Users/macbook/Octo/modules/ibor-core/src/main/kotlin/com/octo/iborcore/persistence/JdbcIborReader.kt:31:14:31:13\n  ...while extracting a block body (<no name>) at file:///Users/macbook/Octo/modules/ibor-core/src/main/kotlin/com/octo/iborcore/persistence/JdbcIborReader.kt:23:13:31:13\n  ...while extracting a body (<no name>) at file:///Users/macbook/Octo/modules/ibor-core/src/main/kotlin/com/octo/iborcore/persistence/JdbcIborReader.kt:23:13:31:13\n  ...while extracting a function (<anonymous>) at file:///Users/macbook/Octo/modules/ibor-core/src/main/kotlin/com/octo/iborcore/persistence/JdbcIborReader.kt:22:62:32:9\n  ...while extracting a generated class (<anonymous>) at file:///Users/macbook/Octo/modules/ibor-core/src/main/kotlin/com/octo/iborcore/persistence/JdbcIborReader.kt:22:62:32:9\n  ...while extracting a expression (<no name>) at file:///Users/macbook/Octo/modules/ibor-core/src/main/kotlin/com/octo/iborcore/persistence/JdbcIborReader.kt:22:62:32:9\n  ...while extracting a call (<no name>) at file:///Users/macbook/Octo/modules/ibor-core/src/main/kotlin/com/octo/iborcore/persistence/JdbcIborReader.kt:22:9:32:9\n  ...while extracting a expression (<no name>) at file:///Users/macbook/Octo/modules/ibor-core/src/main/kotlin/com/octo/iborcore/persistence/JdbcIborReader.kt:22:9:32:9\n  ...while extracting a expression (<no name>) at file:///Users/macbook/Octo/modules/ibor-core/src/main/kotlin/com/octo/iborcore/persistence/JdbcIborReader.kt:32:10:32:9\n  ...while extracting a statement (<no name>) at file:///Users/macbook/Octo/modules/ibor-core/src/main/kotlin/com/octo/iborcore/persistence/JdbcIborReader.kt:32:10:32:9\n  ...while extracting a block body (<no name>) at file:///Users/macbook/Octo/modules/ibor-core/src/main/kotlin/com/octo/iborcore/persistence/JdbcIborReader.kt:22:9:32:9\n  ...while extracting a body (<no name>) at file:///Users/macbook/Octo/modules/ibor-core/src/main/kotlin/com/octo/iborcore/persistence/JdbcIborReader.kt:22:9:32:9\n  ...while extracting a function (ledgerEvents) at file:///Users/macbook/Octo/modules/ibor-core/src/main/kotlin/com/octo/iborcore/persistence/JdbcIborReader.kt:21:5:32:9\n  ...while extracting a declaration (ledgerEvents) at file:///Users/macbook/Octo/modules/ibor-core/src/main/kotlin/com/octo/iborcore/persistence/JdbcIborReader.kt:21:5:32:9\n  ...while extracting a class source (JdbcIborReader) at file:///Users/macbook/Octo/modules/ibor-core/src/main/kotlin/com/octo/iborcore/persistence/JdbcIborReader.kt:18:1:89:1\n  ...while extracting a declaration (JdbcIborReader) at file:///Users/macbook/Octo/modules/ibor-core/src/main/kotlin/com/octo/iborcore/persistence/JdbcIborReader.kt:18:1:89:1\n  ...while extracting a file (JdbcIborReader.kt) at file:///Users/macbook/Octo/modules/ibor-core/src/main/kotlin/com/octo/iborcore/persistence/JdbcIborReader.kt:1:1:90:0\n" }
{ "origin": "CodeQL Kotlin extractor", "timestamp": "2026-09-27 14:18:01", "kind": "ERROR", "message": "Diagnostic(com.github.codeql.KotlinFileExtractor.findTopLevelPropertyOrWarn(KotlinFileExtractor.kt:3914)): At file:///Users/macbook/Octo/modules/ibor-core/src/main/kotlin/com/octo/iborcore/persistence/JdbcIborReader.kt:40:73:40:76: Couldn't find JVM intrinsic property kotlin.jvm java in kotlin.jvm.JvmClassMappingKt  ...while extracting a call (<no name>) at file:///Users/macbook/Octo/modules/ibor-core/src/main/kotlin/com/octo/iborcore/persistence/JdbcIborReader.kt:40:73:40:76\n  ...while extracting a expression (<no name>) at file:///Users/macbook/Octo/modules/ibor-core/src/main/kotlin/com/octo/iborcore/persistence/JdbcIborReader.kt:40:73:40:76\n  ...while extracting a call (<no name>) at file:///Users/macbook/Octo/modules/ibor-core/src/main/kotlin/com/octo/iborcore/persistence/JdbcIborReader.kt:40:32:40:77\n  ...while extracting a expression (<no name>) at file:///Users/macbook/Octo/modules/ibor-core/src/main/kotlin/com/octo/iborcore/persistence/JdbcIborReader.kt:40:32:40:77\n  ...while extracting a type operator call (<no name>) at file:///Users/macbook/Octo/modules/ibor-core/src/main/kotlin/com/octo/iborcore/persistence/JdbcIborReader.kt:40:32:40:77\n  ...while extracting a expression (<no name>) at file:///Users/macbook/Octo/modules/ibor-core/src/main/kotlin/com/octo/iborcore/persistence/JdbcIborReader.kt:40:32:40:77\n  ...while extracting a expression (<no name>) at file:///Users/macbook/Octo/modules/ibor-core/src/main/kotlin/com/octo/iborcore/persistence/JdbcIborReader.kt:36:13:44:13\n  ...while extracting a expression (<no name>) at file:///Users/macbook/Octo/modules/ibor-core/src/main/kotlin/com/octo/iborcore/persistence/JdbcIborReader.kt:44:14:44:13\n  ...while extracting a statement (<no name>) at file:///Users/macbook/Octo/modules/ibor-core/src/main/kotlin/com/octo/iborcore/persistence/JdbcIborReader.kt:44:14:44:13\n  ...while extracting a block body (<no name>) at file:///Users/macbook/Octo/modules/ibor-core/src/main/kotlin/com/octo/iborcore/persistence/JdbcIborReader.kt:36:13:44:13\n  ...while extracting a body (<no name>) at file:///Users/macbook/Octo/modules/ibor-core/src/main/kotlin/com/octo/iborcore/persistence/JdbcIborReader.kt:36:13:44:13\n  ...while extracting a function (<anonymous>) at file:///Users/macbook/Octo/modules/ibor-core/src/main/kotlin/com/octo/iborcore/persistence/JdbcIborReader.kt:35:71:45:9\n  ...while extracting a generated class (<anonymous>) at file:///Users/macbook/Octo/modules/ibor-core/src/main/kotlin/com/octo/iborcore/persistence/JdbcIborReader.kt:35:71:45:9\n  ...while extracting a expression (<no name>) at file:///Users/macbook/Octo/modules/ibor-core/src/main/kotlin/com/octo/iborcore/persistence/JdbcIborReader.kt:35:71:45:9\n  ...while extracting a call (<no name>) at file:///Users/macbook/Octo/modules/ibor-core/src/main/kotlin/com/octo/iborcore/persistence/JdbcIborReader.kt:35:9:45:9\n  ...while extracting a expression (<no name>) at file:///Users/macbook/Octo/modules/ibor-core/src/main/kotlin/com/octo/iborcore/persistence/JdbcIborReader.kt:35:9:45:9\n  ...while extracting a expression (<no name>) at file:///Users/macbook/Octo/modules/ibor-core/src/main/kotlin/com/octo/iborcore/persistence/JdbcIborReader.kt:45:10:45:9\n  ...while extracting a statement (<no name>) at file:///Users/macbook/Octo/modules/ibor-core/src/main/kotlin/com/octo/iborcore/persistence/JdbcIborReader.kt:45:10:45:9\n  ...while extracting a block body (<no name>) at file:///Users/macbook/Octo/modules/ibor-core/src/main/kotlin/com/octo/iborcore/persistence/JdbcIborReader.kt:35:9:45:9\n  ...while extracting a body (<no name>) at file:///Users/macbook/Octo/modules/ibor-core/src/main/kotlin/com/octo/iborcore/persistence/JdbcIborReader.kt:35:9:45:9\n  ...while extracting a function (valuationEvents) at file:///Users/macbook/Octo/modules/ibor-core/src/main/kotlin/com/octo/iborcore/persistence/JdbcIborReader.kt:34:5:45:9\n  ...while extracting a declaration (valuationEvents) at file:///Users/macbook/Octo/modules/ibor-core/src/main/kotlin/com/octo/iborcore/persistence/JdbcIborReader.kt:34:5:45:9\n  ...while extracting a class source (JdbcIborReader) at file:///Users/macbook/Octo/modules/ibor-core/src/main/kotlin/com/octo/iborcore/persistence/JdbcIborReader.kt:18:1:89:1\n  ...while extracting a declaration (JdbcIborReader) at file:///Users/macbook/Octo/modules/ibor-core/src/main/kotlin/com/octo/iborcore/persistence/JdbcIborReader.kt:18:1:89:1\n  ...while extracting a file (JdbcIborReader.kt) at file:///Users/macbook/Octo/modules/ibor-core/src/main/kotlin/com/octo/iborcore/persistence/JdbcIborReader.kt:1:1:90:0\n" }
{ "origin": "CodeQL Kotlin extractor", "timestamp": "2026-09-27 14:18:01", "kind": "ERROR", "message": "Diagnostic(com.github.codeql.KotlinFileExtractor.findTopLevelPropertyOrWarn(KotlinFileExtractor.kt:3914)): At file:///Users/macbook/Octo/modules/ibor-core/src/main/kotlin/com/octo/iborcore/persistence/JdbcIborReader.kt:42:81:42:84: Couldn't find JVM intrinsic property kotlin.jvm java in kotlin.jvm.JvmClassMappingKt  ...while extracting a call (<no name>) at file:///Users/macbook/Octo/modules/ibor-core/src/main/kotlin/com/octo/iborcore/persistence/JdbcIborReader.kt:42:81:42:84\n  ...while extracting a expression (<no name>) at file:///Users/macbook/Octo/modules/ibor-core/src/main/kotlin/com/octo/iborcore/persistence/JdbcIborReader.kt:42:81:42:84\n  ...while extracting a call (<no name>) at file:///Users/macbook/Octo/modules/ibor-core/src/main/kotlin/com/octo/iborcore/persistence/JdbcIborReader.kt:42:34:42:85\n  ...while extracting a expression (<no name>) at file:///Users/macbook/Octo/modules/ibor-core/src/main/kotlin/com/octo/iborcore/persistence/JdbcIborReader.kt:42:34:42:85\n  ...while extracting a type operator call (<no name>) at file:///Users/macbook/Octo/modules/ibor-core/src/main/kotlin/com/octo/iborcore/persistence/JdbcIborReader.kt:42:34:42:85\n  ...while extracting a expression (<no name>) at file:///Users/macbook/Octo/modules/ibor-core/src/main/kotlin/com/octo/iborcore/persistence/JdbcIborReader.kt:42:34:42:85\n  ...while extracting a call (<no name>) at file:///Users/macbook/Octo/modules/ibor-core/src/main/kotlin/com/octo/iborcore/persistence/JdbcIborReader.kt:42:87:42:97\n  ...while extracting a expression (<no name>) at file:///Users/macbook/Octo/modules/ibor-core/src/main/kotlin/com/octo/iborcore/persistence/JdbcIborReader.kt:42:87:42:97\n  ...while extracting a type operator call (<no name>) at file:///Users/macbook/Octo/modules/ibor-core/src/main/kotlin/com/octo/iborcore/persistence/JdbcIborReader.kt:42:87:42:97\n  ...while extracting a expression (<no name>) at file:///Users/macbook/Octo/modules/ibor-core/src/main/kotlin/com/octo/iborcore/persistence/JdbcIborReader.kt:42:87:42:97\n  ...while extracting a expression (<no name>) at file:///Users/macbook/Octo/modules/ibor-core/src/main/kotlin/com/octo/iborcore/persistence/JdbcIborReader.kt:36:13:44:13\n  ...while extracting a expression (<no name>) at file:///Users/macbook/Octo/modules/ibor-core/src/main/kotlin/com/octo/iborcore/persistence/JdbcIborReader.kt:44:14:44:13\n  ...while extracting a statement (<no name>) at file:///Users/macbook/Octo/modules/ibor-core/src/main/kotlin/com/octo/iborcore/persistence/JdbcIborReader.kt:44:14:44:13\n  ...while extracting a block body (<no name>) at file:///Users/macbook/Octo/modules/ibor-core/src/main/kotlin/com/octo/iborcore/persistence/JdbcIborReader.kt:36:13:44:13\n  ...while extracting a body (<no name>) at file:///Users/macbook/Octo/modules/ibor-core/src/main/kotlin/com/octo/iborcore/persistence/JdbcIborReader.kt:36:13:44:13\n  ...while extracting a function (<anonymous>) at file:///Users/macbook/Octo/modules/ibor-core/src/main/kotlin/com/octo/iborcore/persistence/JdbcIborReader.kt:35:71:45:9\n  ...while extracting a generated class (<anonymous>) at file:///Users/macbook/Octo/modules/ibor-core/src/main/kotlin/com/octo/iborcore/persistence/JdbcIborReader.kt:35:71:45:9\n  ...while extracting a expression (<no name>) at file:///Users/macbook/Octo/modules/ibor-core/src/main/kotlin/com/octo/iborcore/persistence/JdbcIborReader.kt:35:71:45:9\n  ...while extracting a call (<no name>) at file:///Users/macbook/Octo/modules/ibor-core/src/main/kotlin/com/octo/iborcore/persistence/JdbcIborReader.kt:35:9:45:9\n  ...while extracting a expression (<no name>) at file:///Users/macbook/Octo/modules/ibor-core/src/main/kotlin/com/octo/iborcore/persistence/JdbcIborReader.kt:35:9:45:9\n  ...while extracting a expression (<no name>) at file:///Users/macbook/Octo/modules/ibor-core/src/main/kotlin/com/octo/iborcore/persistence/JdbcIborReader.kt:45:10:45:9\n  ...while extracting a statement (<no name>) at file:///Users/macbook/Octo/modules/ibor-core/src/main/kotlin/com/octo/iborcore/persistence/JdbcIborReader.kt:45:10:45:9\n  ...while extracting a block body (<no name>) at file:///Users/macbook/Octo/modules/ibor-core/src/main/kotlin/com/octo/iborcore/persistence/JdbcIborReader.kt:35:9:45:9\n  ...while extracting a body (<no name>) at file:///Users/macbook/Octo/modules/ibor-core/src/main/kotlin/com/octo/iborcore/persistence/JdbcIborReader.kt:35:9:45:9\n  ...while extracting a function (valuationEvents) at file:///Users/macbook/Octo/modules/ibor-core/src/main/kotlin/com/octo/iborcore/persistence/JdbcIborReader.kt:34:5:45:9\n  ...while extracting a declaration (valuationEvents) at file:///Users/macbook/Octo/modules/ibor-core/src/main/kotlin/com/octo/iborcore/persistence/JdbcIborReader.kt:34:5:45:9\n  ...while extracting a class source (JdbcIborReader) at file:///Users/macbook/Octo/modules/ibor-core/src/main/kotlin/com/octo/iborcore/persistence/JdbcIborReader.kt:18:1:89:1\n  ...while extracting a declaration (JdbcIborReader) at file:///Users/macbook/Octo/modules/ibor-core/src/main/kotlin/com/octo/iborcore/persistence/JdbcIborReader.kt:18:1:89:1\n  ...while extracting a file (JdbcIborReader.kt) at file:///Users/macbook/Octo/modules/ibor-core/src/main/kotlin/com/octo/iborcore/persistence/JdbcIborReader.kt:1:1:90:0\n" }
{ "origin": "CodeQL Kotlin extractor", "timestamp": "2026-09-27 14:18:01", "kind": "ERROR", "message": "Diagnostic(com.github.codeql.KotlinFileExtractor.findTopLevelPropertyOrWarn(KotlinFileExtractor.kt:3914)): At file:///Users/macbook/Octo/modules/ibor-core/src/main/kotlin/com/octo/iborcore/persistence/JdbcIborReader.kt:83:87:83:90: Couldn't find JVM intrinsic property kotlin.jvm java in kotlin.jvm.JvmClassMappingKt  ...while extracting a call (<no name>) at file:///Users/macbook/Octo/modules/ibor-core/src/main/kotlin/com/octo/iborcore/persistence/JdbcIborReader.kt:83:87:83:90\n  ...while extracting a expression (<no name>) at file:///Users/macbook/Octo/modules/ibor-core/src/main/kotlin/com/octo/iborcore/persistence/JdbcIborReader.kt:83:87:83:90\n  ...while extracting a call (<no name>) at file:///Users/macbook/Octo/modules/ibor-core/src/main/kotlin/com/octo/iborcore/persistence/JdbcIborReader.kt:83:57:83:91\n  ...while extracting a expression (<no name>) at file:///Users/macbook/Octo/modules/ibor-core/src/main/kotlin/com/octo/iborcore/persistence/JdbcIborReader.kt:83:57:83:91\n  ...while extracting a expression (<no name>) at file:///Users/macbook/Octo/modules/ibor-core/src/main/kotlin/com/octo/iborcore/persistence/JdbcIborReader.kt:83:92:83:91\n  ...while extracting a statement (<no name>) at file:///Users/macbook/Octo/modules/ibor-core/src/main/kotlin/com/octo/iborcore/persistence/JdbcIborReader.kt:83:92:83:91\n  ...while extracting a block body (<no name>) at file:///Users/macbook/Octo/modules/ibor-core/src/main/kotlin/com/octo/iborcore/persistence/JdbcIborReader.kt:83:57:83:91\n  ...while extracting a body (<no name>) at file:///Users/macbook/Octo/modules/ibor-core/src/main/kotlin/com/octo/iborcore/persistence/JdbcIborReader.kt:83:57:83:91\n  ...while extracting a function (uuid) at file:///Users/macbook/Octo/modules/ibor-core/src/main/kotlin/com/octo/iborcore/persistence/JdbcIborReader.kt:83:13:83:91\n  ...while extracting a declaration (uuid) at file:///Users/macbook/Octo/modules/ibor-core/src/main/kotlin/com/octo/iborcore/persistence/JdbcIborReader.kt:83:13:83:91\n  ...while extracting a class source (JdbcIborReader) at file:///Users/macbook/Octo/modules/ibor-core/src/main/kotlin/com/octo/iborcore/persistence/JdbcIborReader.kt:18:1:89:1\n  ...while extracting a declaration (JdbcIborReader) at file:///Users/macbook/Octo/modules/ibor-core/src/main/kotlin/com/octo/iborcore/persistence/JdbcIborReader.kt:18:1:89:1\n  ...while extracting a file (JdbcIborReader.kt) at file:///Users/macbook/Octo/modules/ibor-core/src/main/kotlin/com/octo/iborcore/persistence/JdbcIborReader.kt:1:1:90:0\n" }
{ "origin": "CodeQL Kotlin extractor", "timestamp": "2026-09-27 14:18:01", "kind": "INFO", "message": "Will write TRAP file /Users/macbook/Octo/static_analysis_codeql_1/codeql-kotlin.db/trap/java/classes/com/octo/iborcore/persistence/JdbcIborReader$Companion.members/JdbcIborReader$Companion.members#0.0-0-kotlin.trap.gz" }
{ "origin": "CodeQL Kotlin extractor", "timestamp": "2026-09-27 14:18:01", "kind": "INFO", "message": "Finished writing TRAP file /Users/macbook/Octo/static_analysis_codeql_1/codeql-kotlin.db/trap/java/classes/com/octo/iborcore/persistence/JdbcIborReader$Companion.members/JdbcIborReader$Companion.members#0.0-0-kotlin.trap.gz" }
{ "origin": "CodeQL Kotlin extractor", "timestamp": "2026-09-27 14:18:01", "kind": "INFO", "message": "Will write TRAP file /Users/macbook/Octo/static_analysis_codeql_1/codeql-kotlin.db/trap/java/classes/com/octo/iborcore/persistence/JdbcIborReader.members/JdbcIborReader.members#0.0-0-kotlin.trap.gz" }
{ "origin": "CodeQL Kotlin extractor", "timestamp": "2026-09-27 14:18:01", "kind": "INFO", "message": "Finished writing TRAP file /Users/macbook/Octo/static_analysis_codeql_1/codeql-kotlin.db/trap/java/classes/com/octo/iborcore/persistence/JdbcIborReader.members/JdbcIborReader.members#0.0-0-kotlin.trap.gz" }
{ "origin": "CodeQL Kotlin extractor", "timestamp": "2026-09-27 14:18:01", "kind": "INFO", "message": "Will write TRAP file /Users/macbook/Octo/static_analysis_codeql_1/codeql-kotlin.db/trap/java/classes/com/octo/iborcore/persistence/JdbcIborReaderKt.members/JdbcIborReaderKt.members#0.0-0-kotlin.trap.gz" }
{ "origin": "CodeQL Kotlin extractor", "timestamp": "2026-09-27 14:18:01", "kind": "INFO", "message": "Finished writing TRAP file /Users/macbook/Octo/static_analysis_codeql_1/codeql-kotlin.db/trap/java/classes/com/octo/iborcore/persistence/JdbcIborReaderKt.members/JdbcIborReaderKt.members#0.0-0-kotlin.trap.gz" }
{ "origin": "CodeQL Kotlin extractor", "timestamp": "2026-09-27 14:18:01", "kind": "INFO", "message": "Skipping extracting external decl DataSource" }
{ "origin": "CodeQL Kotlin extractor", "timestamp": "2026-09-27 14:18:01", "kind": "INFO", "message": "Skipping extracting external decl Unit" }
{ "origin": "CodeQL Kotlin extractor", "timestamp": "2026-09-27 14:18:01", "kind": "INFO", "message": "Skipping extracting external decl NotNull" }
{ "origin": "CodeQL Kotlin extractor", "timestamp": "2026-09-27 14:18:01", "kind": "INFO", "message": "Skipping extracting external decl String" }
{ "origin": "CodeQL Kotlin extractor", "timestamp": "2026-09-27 14:18:01", "kind": "INFO", "message": "Skipping extracting external decl String" }
{ "origin": "CodeQL Kotlin extractor", "timestamp": "2026-09-27 14:18:01", "kind": "INFO", "message": "Skipping extracting external decl Object" }
{ "origin": "CodeQL Kotlin extractor", "timestamp": "2026-09-27 14:18:01", "kind": "INFO", "message": "Skipping extracting external decl UUID" }
{ "origin": "CodeQL Kotlin extractor", "timestamp": "2026-09-27 14:18:01", "kind": "INFO", "message": "Skipping extracting external decl Set" }
{ "origin": "CodeQL Kotlin extractor", "timestamp": "2026-09-27 14:18:01", "kind": "INFO", "message": "Skipping extracting external decl Any" }
{ "origin": "CodeQL Kotlin extractor", "timestamp": "2026-09-27 14:18:01", "kind": "INFO", "message": "Skipping extracting external decl Collection" }
{ "origin": "CodeQL Kotlin extractor", "timestamp": "2026-09-27 14:18:01", "kind": "INFO", "message": "Skipping extracting external decl Iterable" }
{ "origin": "CodeQL Kotlin extractor", "timestamp": "2026-09-27 14:18:01", "kind": "INFO", "message": "Skipping extracting external decl MutableIterable" }
{ "origin": "CodeQL Kotlin extractor", "timestamp": "2026-09-27 14:18:01", "kind": "INFO", "message": "Skipping extracting external decl MutableCollection" }
{ "origin": "CodeQL Kotlin extractor", "timestamp": "2026-09-27 14:18:01", "kind": "INFO", "message": "Skipping extracting external decl Set" }
{ "origin": "CodeQL Kotlin extractor", "timestamp": "2026-09-27 14:18:01", "kind": "INFO", "message": "Skipping extracting external decl List" }
{ "origin": "CodeQL Kotlin extractor", "timestamp": "2026-09-27 14:18:01", "kind": "INFO", "message": "Skipping extracting external decl SequencedCollection" }
{ "origin": "CodeQL Kotlin extractor", "timestamp": "2026-09-27 14:18:01", "kind": "INFO", "message": "Skipping extracting external decl List" }
{ "origin": "CodeQL Kotlin extractor", "timestamp": "2026-09-27 14:18:01", "kind": "INFO", "message": "Skipping extracting external decl Function1" }
{ "origin": "CodeQL Kotlin extractor", "timestamp": "2026-09-27 14:18:01", "kind": "INFO", "message": "Skipping extracting external decl Function" }
{ "origin": "CodeQL Kotlin extractor", "timestamp": "2026-09-27 14:18:01", "kind": "INFO", "message": "Skipping extracting external decl Function1" }
{ "origin": "CodeQL Kotlin extractor", "timestamp": "2026-09-27 14:18:01", "kind": "INFO", "message": "Skipping extracting external decl ResultSet" }
{ "origin": "CodeQL Kotlin extractor", "timestamp": "2026-09-27 14:18:01", "kind": "INFO", "message": "Skipping extracting external decl BigDecimal" }
{ "origin": "CodeQL Kotlin extractor", "timestamp": "2026-09-27 14:18:01", "kind": "INFO", "message": "Skipping extracting external decl Currency" }
{ "origin": "CodeQL Kotlin extractor", "timestamp": "2026-09-27 14:18:01", "kind": "INFO", "message": "Skipping extracting external decl Instant" }
{ "origin": "CodeQL Kotlin extractor", "timestamp": "2026-09-27 14:18:01", "kind": "INFO", "message": "Skipping extracting external decl Iterable" }
{ "origin": "CodeQL Kotlin extractor", "timestamp": "2026-09-27 14:18:01", "kind": "INFO", "message": "Skipping extracting external decl first" }
{ "origin": "CodeQL Kotlin extractor", "timestamp": "2026-09-27 14:18:01", "kind": "INFO", "message": "Skipping extracting external decl EnumEntries" }
{ "origin": "CodeQL Kotlin extractor", "timestamp": "2026-09-27 14:18:01", "kind": "INFO", "message": "Skipping extracting external decl Boolean" }
{ "origin": "CodeQL Kotlin extractor", "timestamp": "2026-09-27 14:18:01", "kind": "INFO", "message": "Skipping extracting external decl Boolean" }
{ "origin": "CodeQL Kotlin extractor", "timestamp": "2026-09-27 14:18:01", "kind": "INFO", "message": "Skipping extracting external decl OffsetDateTime" }
{ "origin": "CodeQL Kotlin extractor", "timestamp": "2026-09-27 14:18:01", "kind": "INFO", "message": "Skipping extracting external decl Class" }
{ "origin": "CodeQL Kotlin extractor", "timestamp": "2026-09-27 14:18:01", "kind": "INFO", "message": "Skipping extracting external decl Serializable" }
{ "origin": "CodeQL Kotlin extractor", "timestamp": "2026-09-27 14:18:01", "kind": "INFO", "message": "Skipping extracting external decl GenericDeclaration" }
{ "origin": "CodeQL Kotlin extractor", "timestamp": "2026-09-27 14:18:01", "kind": "INFO", "message": "Skipping extracting external decl Type" }
{ "origin": "CodeQL Kotlin extractor", "timestamp": "2026-09-27 14:18:01", "kind": "INFO", "message": "Skipping extracting external decl AnnotatedElement" }
{ "origin": "CodeQL Kotlin extractor", "timestamp": "2026-09-27 14:18:01", "kind": "INFO", "message": "Skipping extracting external decl OfField" }
{ "origin": "CodeQL Kotlin extractor", "timestamp": "2026-09-27 14:18:01", "kind": "INFO", "message": "Skipping extracting external decl TypeDescriptor" }
{ "origin": "CodeQL Kotlin extractor", "timestamp": "2026-09-27 14:18:01", "kind": "INFO", "message": "Skipping extracting external decl Constable" }
{ "origin": "CodeQL Kotlin extractor", "timestamp": "2026-09-27 14:18:01", "kind": "INFO", "message": "Skipping extracting external decl LocalDate" }
{ "origin": "CodeQL Kotlin extractor", "timestamp": "2026-09-27 14:18:01", "kind": "INFO", "message": "Skipping extracting external decl Void" }
{ "origin": "CodeQL Kotlin extractor", "timestamp": "2026-09-27 14:18:01", "kind": "INFO", "message": "Skipping extracting external decl Nothing" }
{ "origin": "CodeQL Kotlin extractor", "timestamp": "2026-09-27 14:18:01", "kind": "INFO", "message": "Skipping extracting external decl let" }
{ "origin": "CodeQL Kotlin extractor", "timestamp": "2026-09-27 14:18:01", "kind": "INFO", "message": "Skipping extracting external decl FunctionReference" }
{ "origin": "CodeQL Kotlin extractor", "timestamp": "2026-09-27 14:18:01", "kind": "INFO", "message": "Skipping extracting external decl Integer" }
{ "origin": "CodeQL Kotlin extractor", "timestamp": "2026-09-27 14:18:01", "kind": "INFO", "message": "Skipping extracting external decl Int" }
{ "origin": "CodeQL Kotlin extractor", "timestamp": "2026-09-27 14:18:01", "kind": "INFO", "message": "Skipping extracting external decl Iterator" }
{ "origin": "CodeQL Kotlin extractor", "timestamp": "2026-09-27 14:18:01", "kind": "INFO", "message": "Skipping extracting external decl MutableIterator" }
{ "origin": "CodeQL Kotlin extractor", "timestamp": "2026-09-27 14:18:01", "kind": "INFO", "message": "Skipping extracting external decl Consumer" }
{ "origin": "CodeQL Kotlin extractor", "timestamp": "2026-09-27 14:18:01", "kind": "INFO", "message": "Skipping extracting external decl Spliterator" }
{ "origin": "CodeQL Kotlin extractor", "timestamp": "2026-09-27 14:18:01", "kind": "INFO", "message": "Skipping extracting external decl Cloneable" }
{ "origin": "CodeQL Kotlin extractor", "timestamp": "2026-09-27 14:18:01", "kind": "INFO", "message": "Skipping extracting external decl Cloneable" }
{ "origin": "CodeQL Kotlin extractor", "timestamp": "2026-09-27 14:18:01", "kind": "INFO", "message": "Skipping extracting external decl IntFunction" }
{ "origin": "CodeQL Kotlin extractor", "timestamp": "2026-09-27 14:18:01", "kind": "INFO", "message": "Skipping extracting external decl Predicate" }
{ "origin": "CodeQL Kotlin extractor", "timestamp": "2026-09-27 14:18:01", "kind": "INFO", "message": "Skipping extracting external decl Stream" }
{ "origin": "CodeQL Kotlin extractor", "timestamp": "2026-09-27 14:18:01", "kind": "INFO", "message": "Skipping extracting external decl BaseStream" }
{ "origin": "CodeQL Kotlin extractor", "timestamp": "2026-09-27 14:18:01", "kind": "INFO", "message": "Skipping extracting external decl AutoCloseable" }
{ "origin": "CodeQL Kotlin extractor", "timestamp": "2026-09-27 14:18:01", "kind": "INFO", "message": "Skipping extracting external decl Collection" }
{ "origin": "CodeQL Kotlin extractor", "timestamp": "2026-09-27 14:18:01", "kind": "INFO", "message": "Skipping extracting external decl MutableSet" }
{ "origin": "CodeQL Kotlin extractor", "timestamp": "2026-09-27 14:18:01", "kind": "INFO", "message": "Skipping extracting external decl emptyList" }
{ "origin": "CodeQL Kotlin extractor", "timestamp": "2026-09-27 14:18:01", "kind": "INFO", "message": "Will write TRAP file /Users/macbook/Octo/static_analysis_codeql_1/codeql-kotlin.db/trap/java/classes/kotlin/text/trimIndent(java.lang.String).members/trimIndent(java.lang.String).members#-1.0-0-null.trap.gz" }
{ "origin": "CodeQL Kotlin extractor", "timestamp": "2026-09-27 14:18:01", "kind": "INFO", "message": "Finished writing TRAP file /Users/macbook/Octo/static_analysis_codeql_1/codeql-kotlin.db/trap/java/classes/kotlin/text/trimIndent(java.lang.String).members/trimIndent(java.lang.String).members#-1.0-0-null.trap.gz" }
{ "origin": "CodeQL Kotlin extractor", "timestamp": "2026-09-27 14:18:01", "kind": "INFO", "message": "Skipping extracting external decl use" }
{ "origin": "CodeQL Kotlin extractor", "timestamp": "2026-09-27 14:18:01", "kind": "INFO", "message": "Skipping extracting external decl Connection" }
{ "origin": "CodeQL Kotlin extractor", "timestamp": "2026-09-27 14:18:01", "kind": "INFO", "message": "Skipping extracting external decl Array" }
{ "origin": "CodeQL Kotlin extractor", "timestamp": "2026-09-27 14:18:01", "kind": "INFO", "message": "Will write TRAP file /Users/macbook/Octo/static_analysis_codeql_1/codeql-kotlin.db/trap/java/classes/kotlin/collections/toTypedArray(java.util.Collection).members/toTypedArray(java.util.Collection).members#-1.0-0-null.trap.gz" }
{ "origin": "CodeQL Kotlin extractor", "timestamp": "2026-09-27 14:18:01", "kind": "INFO", "message": "Finished writing TRAP file /Users/macbook/Octo/static_analysis_codeql_1/codeql-kotlin.db/trap/java/classes/kotlin/collections/toTypedArray(java.util.Collection).members/toTypedArray(java.util.Collection).members#-1.0-0-null.trap.gz" }
{ "origin": "CodeQL Kotlin extractor", "timestamp": "2026-09-27 14:18:01", "kind": "INFO", "message": "Skipping extracting external decl PreparedStatement" }
{ "origin": "CodeQL Kotlin extractor", "timestamp": "2026-09-27 14:18:01", "kind": "INFO", "message": "Will write TRAP file /Users/macbook/Octo/static_analysis_codeql_1/codeql-kotlin.db/trap/java/classes/kotlin/collections/buildList(kotlin.jvm.functions.Function1).members/buildList(kotlin.jvm.functions.Function1).members#-1.0-0-null.trap.gz" }
{ "origin": "CodeQL Kotlin extractor", "timestamp": "2026-09-27 14:18:01", "kind": "INFO", "message": "Finished writing TRAP file /Users/macbook/Octo/static_analysis_codeql_1/codeql-kotlin.db/trap/java/classes/kotlin/collections/buildList(kotlin.jvm.functions.Function1).members/buildList(kotlin.jvm.functions.Function1).members#-1.0-0-null.trap.gz" }
{ "origin": "CodeQL Kotlin extractor", "timestamp": "2026-09-27 14:18:01", "kind": "INFO", "message": "Skipping extracting external decl MutableList" }
{ "origin": "CodeQL Kotlin extractor", "timestamp": "2026-09-27 14:18:01", "kind": "INFO", "message": "Skipping extracting external decl UnaryOperator" }
{ "origin": "CodeQL Kotlin extractor", "timestamp": "2026-09-27 14:18:01", "kind": "INFO", "message": "Skipping extracting external decl Function" }
{ "origin": "CodeQL Kotlin extractor", "timestamp": "2026-09-27 14:18:01", "kind": "INFO", "message": "Skipping extracting external decl Comparator" }
{ "origin": "CodeQL Kotlin extractor", "timestamp": "2026-09-27 14:18:01", "kind": "INFO", "message": "Skipping extracting external decl ListIterator" }
{ "origin": "CodeQL Kotlin extractor", "timestamp": "2026-09-27 14:18:01", "kind": "INFO", "message": "Skipping extracting external decl MutableListIterator" }
{ "origin": "CodeQL Kotlin extractor", "timestamp": "2026-09-27 14:18:01", "kind": "INFO", "message": "Skipping extracting external decl IntrinsicConstEvaluation" }
{ "origin": "CodeQL Kotlin extractor", "timestamp": "2026-09-27 14:18:01", "kind": "INFO", "message": "Will write TRAP file /Users/macbook/Octo/static_analysis_codeql_1/codeql-kotlin.db/trap/java/classes/kotlin/BuilderInference.members/BuilderInference.members#52.0-318186000000-kotlin.trap.gz" }
{ "origin": "CodeQL Kotlin extractor", "timestamp": "2026-09-27 14:18:01", "kind": "INFO", "message": "Finished writing TRAP file /Users/macbook/Octo/static_analysis_codeql_1/codeql-kotlin.db/trap/java/classes/kotlin/BuilderInference.members/BuilderInference.members#52.0-318186000000-kotlin.trap.gz" }
{ "origin": "CodeQL Kotlin extractor", "timestamp": "2026-09-27 14:18:01", "kind": "INFO", "message": "Skipping extracting external decl SinceKotlin" }
{ "origin": "CodeQL Kotlin extractor", "timestamp": "2026-09-27 14:18:01", "kind": "INFO", "message": "Skipping extracting external decl InlineOnly" }
{ "origin": "CodeQL Kotlin extractor", "timestamp": "2026-09-27 14:18:01", "kind": "INFO", "message": "Skipping extracting external decl Annotation" }
{ "origin": "CodeQL Kotlin extractor", "timestamp": "2026-09-27 14:18:01", "kind": "INFO", "message": "Skipping extracting external decl Annotation" }
{ "origin": "CodeQL Kotlin extractor", "timestamp": "2026-09-27 14:18:01", "kind": "INFO", "message": "Skipping extracting external decl ElementType" }
{ "origin": "CodeQL Kotlin extractor", "timestamp": "2026-09-27 14:18:01", "kind": "INFO", "message": "Skipping extracting external decl Target" }
{ "origin": "CodeQL Kotlin extractor", "timestamp": "2026-09-27 14:18:01", "kind": "INFO", "message": "Skipping extracting external decl RetentionPolicy" }
{ "origin": "CodeQL Kotlin extractor", "timestamp": "2026-09-27 14:18:01", "kind": "INFO", "message": "Skipping extracting external decl Retention" }
{ "origin": "CodeQL Kotlin extractor", "timestamp": "2026-09-27 14:18:01", "kind": "INFO", "message": "Skipping extracting external decl Retention" }
{ "origin": "CodeQL Kotlin extractor", "timestamp": "2026-09-27 14:18:01", "kind": "INFO", "message": "Skipping extracting external decl AnnotationRetention" }
{ "origin": "CodeQL Kotlin extractor", "timestamp": "2026-09-27 14:18:01", "kind": "INFO", "message": "Skipping extracting external decl Target" }
{ "origin": "CodeQL Kotlin extractor", "timestamp": "2026-09-27 14:18:01", "kind": "INFO", "message": "Skipping extracting external decl AnnotationTarget" }
{ "origin": "CodeQL Kotlin extractor", "timestamp": "2026-09-27 14:18:01", "kind": "INFO", "message": "Skipping extracting external decl ExperimentalTypeInference" }
{ "origin": "CodeQL Kotlin extractor", "timestamp": "2026-09-27 14:18:01", "kind": "INFO", "message": "Finished writing TRAP file /Users/macbook/Octo/static_analysis_codeql_1/codeql-kotlin.db/trap/java/Users/macbook/Octo/modules/ibor-core/src/main/kotlin/com/octo/iborcore/persistence/JdbcIborReader.kt.trap.gz" }
{ "origin": "CodeQL Kotlin extractor", "timestamp": "2026-09-27 14:18:01", "kind": "INFO", "message": "Extracting file /Users/macbook/Octo/modules/ibor-core/src/main/kotlin/com/octo/iborcore/persistence/JdbcInstrumentFlowStore.kt" }
{ "origin": "CodeQL Kotlin extractor", "timestamp": "2026-09-27 14:18:01", "kind": "INFO", "message": "Will write TRAP file /Users/macbook/Octo/static_analysis_codeql_1/codeql-kotlin.db/trap/java/Users/macbook/Octo/modules/ibor-core/src/main/kotlin/com/octo/iborcore/persistence/JdbcInstrumentFlowStore.kt.trap.gz" }
{ "origin": "CodeQL Kotlin extractor", "timestamp": "2026-09-27 14:18:01", "kind": "ERROR", "message": "Diagnostic(com.github.codeql.KotlinFileExtractor.findTopLevelPropertyOrWarn(KotlinFileExtractor.kt:3914)): At file:///Users/macbook/Octo/modules/ibor-core/src/main/kotlin/com/octo/iborcore/persistence/JdbcInstrumentFlowStore.kt:191:87:191:90: Couldn't find JVM intrinsic property kotlin.jvm java in kotlin.jvm.JvmClassMappingKt  ...while extracting a call (<no name>) at file:///Users/macbook/Octo/modules/ibor-core/src/main/kotlin/com/octo/iborcore/persistence/JdbcInstrumentFlowStore.kt:191:87:191:90\n  ...while extracting a expression (<no name>) at file:///Users/macbook/Octo/modules/ibor-core/src/main/kotlin/com/octo/iborcore/persistence/JdbcInstrumentFlowStore.kt:191:87:191:90\n  ...while extracting a call (<no name>) at file:///Users/macbook/Octo/modules/ibor-core/src/main/kotlin/com/octo/iborcore/persistence/JdbcInstrumentFlowStore.kt:191:57:191:91\n  ...while extracting a expression (<no name>) at file:///Users/macbook/Octo/modules/ibor-core/src/main/kotlin/com/octo/iborcore/persistence/JdbcInstrumentFlowStore.kt:191:57:191:91\n  ...while extracting a expression (<no name>) at file:///Users/macbook/Octo/modules/ibor-core/src/main/kotlin/com/octo/iborcore/persistence/JdbcInstrumentFlowStore.kt:191:92:191:91\n  ...while extracting a statement (<no name>) at file:///Users/macbook/Octo/modules/ibor-core/src/main/kotlin/com/octo/iborcore/persistence/JdbcInstrumentFlowStore.kt:191:92:191:91\n  ...while extracting a block body (<no name>) at file:///Users/macbook/Octo/modules/ibor-core/src/main/kotlin/com/octo/iborcore/persistence/JdbcInstrumentFlowStore.kt:191:57:191:91\n  ...while extracting a body (<no name>) at file:///Users/macbook/Octo/modules/ibor-core/src/main/kotlin/com/octo/iborcore/persistence/JdbcInstrumentFlowStore.kt:191:57:191:91\n  ...while extracting a function (uuid) at file:///Users/macbook/Octo/modules/ibor-core/src/main/kotlin/com/octo/iborcore/persistence/JdbcInstrumentFlowStore.kt:191:13:191:91\n  ...while extracting a declaration (uuid) at file:///Users/macbook/Octo/modules/ibor-core/src/main/kotlin/com/octo/iborcore/persistence/JdbcInstrumentFlowStore.kt:191:13:191:91\n  ...while extracting a class source (JdbcInstrumentFlowStore) at file:///Users/macbook/Octo/modules/ibor-core/src/main/kotlin/com/octo/iborcore/persistence/JdbcInstrumentFlowStore.kt:20:1:194:1\n  ...while extracting a declaration (JdbcInstrumentFlowStore) at file:///Users/macbook/Octo/modules/ibor-core/src/main/kotlin/com/octo/iborcore/persistence/JdbcInstrumentFlowStore.kt:20:1:194:1\n  ...while extracting a file (JdbcInstrumentFlowStore.kt) at file:///Users/macbook/Octo/modules/ibor-core/src/main/kotlin/com/octo/iborcore/persistence/JdbcInstrumentFlowStore.kt:1:1:195:0\n" }
{ "origin": "CodeQL Kotlin extractor", "timestamp": "2026-09-27 14:18:01", "kind": "ERROR", "message": "Diagnostic(com.github.codeql.KotlinFileExtractor.findTopLevelPropertyOrWarn(KotlinFileExtractor.kt:3914)): At file:///Users/macbook/Octo/modules/ibor-core/src/main/kotlin/com/octo/iborcore/persistence/JdbcInstrumentFlowStore.kt:193:93:193:96: Couldn't find JVM intrinsic property kotlin.jvm java in kotlin.jvm.JvmClassMappingKt  ...while extracting a call (<no name>) at file:///Users/macbook/Octo/modules/ibor-core/src/main/kotlin/com/octo/iborcore/persistence/JdbcInstrumentFlowStore.kt:193:93:193:96\n  ...while extracting a expression (<no name>) at file:///Users/macbook/Octo/modules/ibor-core/src/main/kotlin/com/octo/iborcore/persistence/JdbcInstrumentFlowStore.kt:193:93:193:96\n  ...while extracting a call (<no name>) at file:///Users/macbook/Octo/modules/ibor-core/src/main/kotlin/com/octo/iborcore/persistence/JdbcInstrumentFlowStore.kt:193:53:193:97\n  ...while extracting a expression (<no name>) at file:///Users/macbook/Octo/modules/ibor-core/src/main/kotlin/com/octo/iborcore/persistence/JdbcInstrumentFlowStore.kt:193:53:193:97\n  ...while extracting a type operator call (<no name>) at file:///Users/macbook/Octo/modules/ibor-core/src/main/kotlin/com/octo/iborcore/persistence/JdbcInstrumentFlowStore.kt:193:53:193:97\n  ...while extracting a expression (<no name>) at file:///Users/macbook/Octo/modules/ibor-core/src/main/kotlin/com/octo/iborcore/persistence/JdbcInstrumentFlowStore.kt:193:53:193:97\n  ...while extracting a call (<no name>) at file:///Users/macbook/Octo/modules/ibor-core/src/main/kotlin/com/octo/iborcore/persistence/JdbcInstrumentFlowStore.kt:193:99:193:109\n  ...while extracting a expression (<no name>) at file:///Users/macbook/Octo/modules/ibor-core/src/main/kotlin/com/octo/iborcore/persistence/JdbcInstrumentFlowStore.kt:193:99:193:109\n  ...while extracting a expression (<no name>) at file:///Users/macbook/Octo/modules/ibor-core/src/main/kotlin/com/octo/iborcore/persistence/JdbcInstrumentFlowStore.kt:193:110:193:109\n  ...while extracting a statement (<no name>) at file:///Users/macbook/Octo/modules/ibor-core/src/main/kotlin/com/octo/iborcore/persistence/JdbcInstrumentFlowStore.kt:193:110:193:109\n  ...while extracting a block body (<no name>) at file:///Users/macbook/Octo/modules/ibor-core/src/main/kotlin/com/octo/iborcore/persistence/JdbcInstrumentFlowStore.kt:193:53:193:109\n  ...while extracting a body (<no name>) at file:///Users/macbook/Octo/modules/ibor-core/src/main/kotlin/com/octo/iborcore/persistence/JdbcInstrumentFlowStore.kt:193:53:193:109\n  ...while extracting a function (instant) at file:///Users/macbook/Octo/modules/ibor-core/src/main/kotlin/com/octo/iborcore/persistence/JdbcInstrumentFlowStore.kt:193:13:193:109\n  ...while extracting a declaration (instant) at file:///Users/macbook/Octo/modules/ibor-core/src/main/kotlin/com/octo/iborcore/persistence/JdbcInstrumentFlowStore.kt:193:13:193:109\n  ...while extracting a class source (JdbcInstrumentFlowStore) at file:///Users/macbook/Octo/modules/ibor-core/src/main/kotlin/com/octo/iborcore/persistence/JdbcInstrumentFlowStore.kt:20:1:194:1\n  ...while extracting a declaration (JdbcInstrumentFlowStore) at file:///Users/macbook/Octo/modules/ibor-core/src/main/kotlin/com/octo/iborcore/persistence/JdbcInstrumentFlowStore.kt:20:1:194:1\n  ...while extracting a file (JdbcInstrumentFlowStore.kt) at file:///Users/macbook/Octo/modules/ibor-core/src/main/kotlin/com/octo/iborcore/persistence/JdbcInstrumentFlowStore.kt:1:1:195:0\n" }
{ "origin": "CodeQL Kotlin extractor", "timestamp": "2026-09-27 14:18:01", "kind": "INFO", "message": "Will write TRAP file /Users/macbook/Octo/static_analysis_codeql_1/codeql-kotlin.db/trap/java/classes/com/octo/iborcore/persistence/JdbcInstrumentFlowStore.members/JdbcInstrumentFlowStore.members#0.0-0-kotlin.trap.gz" }
{ "origin": "CodeQL Kotlin extractor", "timestamp": "2026-09-27 14:18:01", "kind": "INFO", "message": "Finished writing TRAP file /Users/macbook/Octo/static_analysis_codeql_1/codeql-kotlin.db/trap/java/classes/com/octo/iborcore/persistence/JdbcInstrumentFlowStore.members/JdbcInstrumentFlowStore.members#0.0-0-kotlin.trap.gz" }
{ "origin": "CodeQL Kotlin extractor", "timestamp": "2026-09-27 14:18:01", "kind": "INFO", "message": "Will write TRAP file /Users/macbook/Octo/static_analysis_codeql_1/codeql-kotlin.db/trap/java/classes/com/octo/iborcore/persistence/JdbcInstrumentFlowStoreKt.members/JdbcInstrumentFlowStoreKt.members#0.0-0-kotlin.trap.gz" }
{ "origin": "CodeQL Kotlin extractor", "timestamp": "2026-09-27 14:18:01", "kind": "INFO", "message": "Finished writing TRAP file /Users/macbook/Octo/static_analysis_codeql_1/codeql-kotlin.db/trap/java/classes/com/octo/iborcore/persistence/JdbcInstrumentFlowStoreKt.members/JdbcInstrumentFlowStoreKt.members#0.0-0-kotlin.trap.gz" }
{ "origin": "CodeQL Kotlin extractor", "timestamp": "2026-09-27 14:18:01", "kind": "INFO", "message": "Skipping extracting external decl DataSource" }
{ "origin": "CodeQL Kotlin extractor", "timestamp": "2026-09-27 14:18:01", "kind": "INFO", "message": "Skipping extracting external decl Unit" }
{ "origin": "CodeQL Kotlin extractor", "timestamp": "2026-09-27 14:18:01", "kind": "INFO", "message": "Skipping extracting external decl NotNull" }
{ "origin": "CodeQL Kotlin extractor", "timestamp": "2026-09-27 14:18:01", "kind": "INFO", "message": "Skipping extracting external decl String" }
{ "origin": "CodeQL Kotlin extractor", "timestamp": "2026-09-27 14:18:01", "kind": "INFO", "message": "Skipping extracting external decl String" }
{ "origin": "CodeQL Kotlin extractor", "timestamp": "2026-09-27 14:18:01", "kind": "INFO", "message": "Skipping extracting external decl Object" }
{ "origin": "CodeQL Kotlin extractor", "timestamp": "2026-09-27 14:18:01", "kind": "INFO", "message": "Skipping extracting external decl List" }
{ "origin": "CodeQL Kotlin extractor", "timestamp": "2026-09-27 14:18:01", "kind": "INFO", "message": "Skipping extracting external decl Any" }
{ "origin": "CodeQL Kotlin extractor", "timestamp": "2026-09-27 14:18:01", "kind": "INFO", "message": "Skipping extracting external decl SequencedCollection" }
{ "origin": "CodeQL Kotlin extractor", "timestamp": "2026-09-27 14:18:01", "kind": "INFO", "message": "Skipping extracting external decl Collection" }
{ "origin": "CodeQL Kotlin extractor", "timestamp": "2026-09-27 14:18:01", "kind": "INFO", "message": "Skipping extracting external decl Iterable" }
{ "origin": "CodeQL Kotlin extractor", "timestamp": "2026-09-27 14:18:01", "kind": "INFO", "message": "Skipping extracting external decl MutableIterable" }
{ "origin": "CodeQL Kotlin extractor", "timestamp": "2026-09-27 14:18:01", "kind": "INFO", "message": "Skipping extracting external decl MutableCollection" }
{ "origin": "CodeQL Kotlin extractor", "timestamp": "2026-09-27 14:18:01", "kind": "INFO", "message": "Skipping extracting external decl List" }
{ "origin": "CodeQL Kotlin extractor", "timestamp": "2026-09-27 14:18:01", "kind": "INFO", "message": "Skipping extracting external decl AutoCloseable" }
{ "origin": "CodeQL Kotlin extractor", "timestamp": "2026-09-27 14:18:01", "kind": "INFO", "message": "Skipping extracting external decl Function1" }
{ "origin": "CodeQL Kotlin extractor", "timestamp": "2026-09-27 14:18:01", "kind": "INFO", "message": "Skipping extracting external decl Function" }
{ "origin": "CodeQL Kotlin extractor", "timestamp": "2026-09-27 14:18:01", "kind": "INFO", "message": "Skipping extracting external decl Function1" }
{ "origin": "CodeQL Kotlin extractor", "timestamp": "2026-09-27 14:18:01", "kind": "INFO", "message": "Skipping extracting external decl use" }
{ "origin": "CodeQL Kotlin extractor", "timestamp": "2026-09-27 14:18:01", "kind": "INFO", "message": "Skipping extracting external decl Connection" }
{ "origin": "CodeQL Kotlin extractor", "timestamp": "2026-09-27 14:18:01", "kind": "INFO", "message": "Skipping extracting external decl PreparedStatement" }
{ "origin": "CodeQL Kotlin extractor", "timestamp": "2026-09-27 14:18:01", "kind": "INFO", "message": "Skipping extracting external decl trimIndent" }
{ "origin": "CodeQL Kotlin extractor", "timestamp": "2026-09-27 14:18:01", "kind": "INFO", "message": "Skipping extracting external decl ResultSet" }
{ "origin": "CodeQL Kotlin extractor", "timestamp": "2026-09-27 14:18:01", "kind": "INFO", "message": "Skipping extracting external decl buildList" }
{ "origin": "CodeQL Kotlin extractor", "timestamp": "2026-09-27 14:18:01", "kind": "INFO", "message": "Skipping extracting external decl MutableList" }
{ "origin": "CodeQL Kotlin extractor", "timestamp": "2026-09-27 14:18:01", "kind": "INFO", "message": "Skipping extracting external decl Iterator" }
{ "origin": "CodeQL Kotlin extractor", "timestamp": "2026-09-27 14:18:01", "kind": "INFO", "message": "Skipping extracting external decl MutableIterator" }
{ "origin": "CodeQL Kotlin extractor", "timestamp": "2026-09-27 14:18:01", "kind": "INFO", "message": "Skipping extracting external decl Consumer" }
{ "origin": "CodeQL Kotlin extractor", "timestamp": "2026-09-27 14:18:01", "kind": "INFO", "message": "Skipping extracting external decl Spliterator" }
{ "origin": "CodeQL Kotlin extractor", "timestamp": "2026-09-27 14:18:01", "kind": "INFO", "message": "Skipping extracting external decl Integer" }
{ "origin": "CodeQL Kotlin extractor", "timestamp": "2026-09-27 14:18:01", "kind": "INFO", "message": "Skipping extracting external decl Int" }
{ "origin": "CodeQL Kotlin extractor", "timestamp": "2026-09-27 14:18:01", "kind": "INFO", "message": "Skipping extracting external decl Boolean" }
{ "origin": "CodeQL Kotlin extractor", "timestamp": "2026-09-27 14:18:01", "kind": "INFO", "message": "Skipping extracting external decl Boolean" }
{ "origin": "CodeQL Kotlin extractor", "timestamp": "2026-09-27 14:18:01", "kind": "INFO", "message": "Skipping extracting external decl Cloneable" }
{ "origin": "CodeQL Kotlin extractor", "timestamp": "2026-09-27 14:18:01", "kind": "INFO", "message": "Skipping extracting external decl Cloneable" }
{ "origin": "CodeQL Kotlin extractor", "timestamp": "2026-09-27 14:18:01", "kind": "INFO", "message": "Skipping extracting external decl Serializable" }
{ "origin": "CodeQL Kotlin extractor", "timestamp": "2026-09-27 14:18:01", "kind": "INFO", "message": "Skipping extracting external decl IntFunction" }
{ "origin": "CodeQL Kotlin extractor", "timestamp": "2026-09-27 14:18:01", "kind": "INFO", "message": "Skipping extracting external decl Predicate" }
{ "origin": "CodeQL Kotlin extractor", "timestamp": "2026-09-27 14:18:01", "kind": "INFO", "message": "Skipping extracting external decl Stream" }
{ "origin": "CodeQL Kotlin extractor", "timestamp": "2026-09-27 14:18:01", "kind": "INFO", "message": "Skipping extracting external decl BaseStream" }
{ "origin": "CodeQL Kotlin extractor", "timestamp": "2026-09-27 14:18:01", "kind": "INFO", "message": "Skipping extracting external decl Collection" }
{ "origin": "CodeQL Kotlin extractor", "timestamp": "2026-09-27 14:18:01", "kind": "INFO", "message": "Skipping extracting external decl UnaryOperator" }
{ "origin": "CodeQL Kotlin extractor", "timestamp": "2026-09-27 14:18:01", "kind": "INFO", "message": "Skipping extracting external decl Function" }
{ "origin": "CodeQL Kotlin extractor", "timestamp": "2026-09-27 14:18:01", "kind": "INFO", "message": "Skipping extracting external decl Comparator" }
{ "origin": "CodeQL Kotlin extractor", "timestamp": "2026-09-27 14:18:01", "kind": "INFO", "message": "Skipping extracting external decl ListIterator" }
{ "origin": "CodeQL Kotlin extractor", "timestamp": "2026-09-27 14:18:01", "kind": "INFO", "message": "Skipping extracting external decl MutableListIterator" }
{ "origin": "CodeQL Kotlin extractor", "timestamp": "2026-09-27 14:18:01", "kind": "INFO", "message": "Skipping extracting external decl UUID" }
{ "origin": "CodeQL Kotlin extractor", "timestamp": "2026-09-27 14:18:01", "kind": "INFO", "message": "Skipping extracting external decl Long" }
{ "origin": "CodeQL Kotlin extractor", "timestamp": "2026-09-27 14:18:01", "kind": "INFO", "message": "Skipping extracting external decl Long" }
{ "origin": "CodeQL Kotlin extractor", "timestamp": "2026-09-27 14:18:01", "kind": "INFO", "message": "Skipping extracting external decl Instant" }
{ "origin": "CodeQL Kotlin extractor", "timestamp": "2026-09-27 14:18:01", "kind": "INFO", "message": "Skipping extracting external decl BigInteger" }
{ "origin": "CodeQL Kotlin extractor", "timestamp": "2026-09-27 14:18:01", "kind": "INFO", "message": "Skipping extracting external decl BigDecimal" }
{ "origin": "CodeQL Kotlin extractor", "timestamp": "2026-09-27 14:18:01", "kind": "INFO", "message": "Skipping extracting external decl Map" }
{ "origin": "CodeQL Kotlin extractor", "timestamp": "2026-09-27 14:18:01", "kind": "INFO", "message": "Skipping extracting external decl Map" }
{ "origin": "CodeQL Kotlin extractor", "timestamp": "2026-09-27 14:18:01", "kind": "INFO", "message": "Will write TRAP file /Users/macbook/Octo/static_analysis_codeql_1/codeql-kotlin.db/trap/java/classes/kotlin/collections/buildMap(kotlin.jvm.functions.Function1).members/buildMap(kotlin.jvm.functions.Function1).members#-1.0-0-null.trap.gz" }
{ "origin": "CodeQL Kotlin extractor", "timestamp": "2026-09-27 14:18:01", "kind": "INFO", "message": "Finished writing TRAP file /Users/macbook/Octo/static_analysis_codeql_1/codeql-kotlin.db/trap/java/classes/kotlin/collections/buildMap(kotlin.jvm.functions.Function1).members/buildMap(kotlin.jvm.functions.Function1).members#-1.0-0-null.trap.gz" }
{ "origin": "CodeQL Kotlin extractor", "timestamp": "2026-09-27 14:18:01", "kind": "INFO", "message": "Skipping extracting external decl MutableMap" }
{ "origin": "CodeQL Kotlin extractor", "timestamp": "2026-09-27 14:18:01", "kind": "INFO", "message": "Skipping extracting external decl Set" }
{ "origin": "CodeQL Kotlin extractor", "timestamp": "2026-09-27 14:18:01", "kind": "INFO", "message": "Skipping extracting external decl MutableSet" }
{ "origin": "CodeQL Kotlin extractor", "timestamp": "2026-09-27 14:18:01", "kind": "INFO", "message": "Skipping extracting external decl Entry" }
{ "origin": "CodeQL Kotlin extractor", "timestamp": "2026-09-27 14:18:01", "kind": "INFO", "message": "Skipping extracting external decl MutableEntry" }
{ "origin": "CodeQL Kotlin extractor", "timestamp": "2026-09-27 14:18:01", "kind": "INFO", "message": "Skipping extracting external decl BiConsumer" }
{ "origin": "CodeQL Kotlin extractor", "timestamp": "2026-09-27 14:18:01", "kind": "INFO", "message": "Skipping extracting external decl BiFunction" }
{ "origin": "CodeQL Kotlin extractor", "timestamp": "2026-09-27 14:18:01", "kind": "INFO", "message": "Skipping extracting external decl Void" }
{ "origin": "CodeQL Kotlin extractor", "timestamp": "2026-09-27 14:18:01", "kind": "INFO", "message": "Skipping extracting external decl Nothing" }
{ "origin": "CodeQL Kotlin extractor", "timestamp": "2026-09-27 14:18:01", "kind": "INFO", "message": "Will write TRAP file /Users/macbook/Octo/static_analysis_codeql_1/codeql-kotlin.db/trap/java/classes/kotlin/toBigDecimal(java.math.BigInteger).members/toBigDecimal(java.math.BigInteger).members#-1.0-0-null.trap.gz" }
{ "origin": "CodeQL Kotlin extractor", "timestamp": "2026-09-27 14:18:01", "kind": "INFO", "message": "Finished writing TRAP file /Users/macbook/Octo/static_analysis_codeql_1/codeql-kotlin.db/trap/java/classes/kotlin/toBigDecimal(java.math.BigInteger).members/toBigDecimal(java.math.BigInteger).members#-1.0-0-null.trap.gz" }
{ "origin": "CodeQL Kotlin extractor", "timestamp": "2026-09-27 14:18:01", "kind": "INFO", "message": "Skipping extracting external decl Timestamp" }
{ "origin": "CodeQL Kotlin extractor", "timestamp": "2026-09-27 14:18:01", "kind": "INFO", "message": "Skipping extracting external decl Iterable" }
{ "origin": "CodeQL Kotlin extractor", "timestamp": "2026-09-27 14:18:01", "kind": "INFO", "message": "Skipping extracting external decl first" }
{ "origin": "CodeQL Kotlin extractor", "timestamp": "2026-09-27 14:18:01", "kind": "INFO", "message": "Skipping extracting external decl EnumEntries" }
{ "origin": "CodeQL Kotlin extractor", "timestamp": "2026-09-27 14:18:01", "kind": "INFO", "message": "Skipping extracting external decl takeIf" }
{ "origin": "CodeQL Kotlin extractor", "timestamp": "2026-09-27 14:18:01", "kind": "INFO", "message": "Skipping extracting external decl Class" }
{ "origin": "CodeQL Kotlin extractor", "timestamp": "2026-09-27 14:18:01", "kind": "INFO", "message": "Skipping extracting external decl GenericDeclaration" }
{ "origin": "CodeQL Kotlin extractor", "timestamp": "2026-09-27 14:18:01", "kind": "INFO", "message": "Skipping extracting external decl Type" }
{ "origin": "CodeQL Kotlin extractor", "timestamp": "2026-09-27 14:18:01", "kind": "INFO", "message": "Skipping extracting external decl AnnotatedElement" }
{ "origin": "CodeQL Kotlin extractor", "timestamp": "2026-09-27 14:18:01", "kind": "INFO", "message": "Skipping extracting external decl OfField" }
{ "origin": "CodeQL Kotlin extractor", "timestamp": "2026-09-27 14:18:01", "kind": "INFO", "message": "Skipping extracting external decl TypeDescriptor" }
{ "origin": "CodeQL Kotlin extractor", "timestamp": "2026-09-27 14:18:01", "kind": "INFO", "message": "Skipping extracting external decl Constable" }
{ "origin": "CodeQL Kotlin extractor", "timestamp": "2026-09-27 14:18:01", "kind": "INFO", "message": "Skipping extracting external decl OffsetDateTime" }
{ "origin": "CodeQL Kotlin extractor", "timestamp": "2026-09-27 14:18:01", "kind": "INFO", "message": "Skipping extracting external decl BuilderInference" }
{ "origin": "CodeQL Kotlin extractor", "timestamp": "2026-09-27 14:18:01", "kind": "INFO", "message": "Skipping extracting external decl SinceKotlin" }
{ "origin": "CodeQL Kotlin extractor", "timestamp": "2026-09-27 14:18:01", "kind": "INFO", "message": "Skipping extracting external decl InlineOnly" }
{ "origin": "CodeQL Kotlin extractor", "timestamp": "2026-09-27 14:18:01", "kind": "INFO", "message": "Finished writing TRAP file /Users/macbook/Octo/static_analysis_codeql_1/codeql-kotlin.db/trap/java/Users/macbook/Octo/modules/ibor-core/src/main/kotlin/com/octo/iborcore/persistence/JdbcInstrumentFlowStore.kt.trap.gz" }
{ "origin": "CodeQL Kotlin extractor", "timestamp": "2026-09-27 14:18:01", "kind": "INFO", "message": "Peak memory: Usage after extractor" }
{ "origin": "CodeQL Kotlin extractor", "timestamp": "2026-09-27 14:18:01", "kind": "INFO", "message": "Peak memory: * Peak for non-heap bean CodeHeap 'non-nmethods' is 1719424" }
{ "origin": "CodeQL Kotlin extractor", "timestamp": "2026-09-27 14:18:01", "kind": "INFO", "message": "Peak memory: * Peak for non-heap bean Metaspace is 104501576" }
{ "origin": "CodeQL Kotlin extractor", "timestamp": "2026-09-27 14:18:01", "kind": "INFO", "message": "Peak memory: * Peak for non-heap bean CodeHeap 'profiled nmethods' is 37896448" }
{ "origin": "CodeQL Kotlin extractor", "timestamp": "2026-09-27 14:18:01", "kind": "INFO", "message": "Peak memory: * Peak for heap bean PS Old Gen is 227602792" }
{ "origin": "CodeQL Kotlin extractor", "timestamp": "2026-09-27 14:18:01", "kind": "INFO", "message": "Peak memory: * Peak for non-heap bean Compressed Class Space is 11842120" }
{ "origin": "CodeQL Kotlin extractor", "timestamp": "2026-09-27 14:18:01", "kind": "INFO", "message": "Peak memory: * Peak for heap bean PS Survivor Space is 59765552" }
{ "origin": "CodeQL Kotlin extractor", "timestamp": "2026-09-27 14:18:01", "kind": "INFO", "message": "Peak memory: * Peak for heap bean PS Eden Space is 590348288" }
{ "origin": "CodeQL Kotlin extractor", "timestamp": "2026-09-27 14:18:01", "kind": "INFO", "message": "Peak memory: * Peak for non-heap bean CodeHeap 'non-profiled nmethods' is 6113280" }
{ "origin": "CodeQL Kotlin extractor", "timestamp": "2026-09-27 14:18:01", "kind": "INFO", "message": "Peak memory: * Total heap peak: 877716632" }
{ "origin": "CodeQL Kotlin extractor", "timestamp": "2026-09-27 14:18:01", "kind": "INFO", "message": "Peak memory: * Total non-heap peak: 162072848" }
{ "origin": "CodeQL Kotlin extractor", "timestamp": "2026-09-27 14:18:01", "kind": "INFO", "message": "Extraction completed" }
