{ "origin": "CodeQL Kotlin extractor", "timestamp": "2026-09-27 14:21:34", "kind": "INFO", "message": "Extraction started" }
{ "origin": "CodeQL Kotlin extractor", "timestamp": "2026-09-27 14:21:34", "kind": "INFO", "message": "Kotlin extractor verbosity is 3" }
{ "origin": "CodeQL Kotlin extractor", "timestamp": "2026-09-27 14:21:34", "kind": "INFO", "message": "Extraction for invocation TRAP file /Users/macbook/Octo/static_analysis_codeql_1/codeql-kotlin.db/trap/java/invocations/kotlin.10118248347006440428.trap" }
{ "origin": "CodeQL Kotlin extractor", "timestamp": "2026-09-27 14:21:34", "kind": "INFO", "message": "Kotlin version 2.2.21" }
{ "origin": "CodeQL Kotlin extractor", "timestamp": "2026-09-27 14:21:34", "kind": "INFO", "message": "Peak memory: Usage before extractor" }
{ "origin": "CodeQL Kotlin extractor", "timestamp": "2026-09-27 14:21:34", "kind": "INFO", "message": "Peak memory: * Peak for non-heap bean CodeHeap 'non-nmethods' is 1822208" }
{ "origin": "CodeQL Kotlin extractor", "timestamp": "2026-09-27 14:21:34", "kind": "INFO", "message": "Peak memory: * Peak for non-heap bean Metaspace is 118443848" }
{ "origin": "CodeQL Kotlin extractor", "timestamp": "2026-09-27 14:21:34", "kind": "INFO", "message": "Peak memory: * Peak for non-heap bean CodeHeap 'profiled nmethods' is 70328832" }
{ "origin": "CodeQL Kotlin extractor", "timestamp": "2026-09-27 14:21:34", "kind": "INFO", "message": "Peak memory: * Peak for heap bean PS Old Gen is 493328000" }
{ "origin": "CodeQL Kotlin extractor", "timestamp": "2026-09-27 14:21:34", "kind": "INFO", "message": "Peak memory: * Peak for non-heap bean Compressed Class Space is 12630840" }
{ "origin": "CodeQL Kotlin extractor", "timestamp": "2026-09-27 14:21:34", "kind": "INFO", "message": "Peak memory: * Peak for heap bean PS Survivor Space is 76541776" }
{ "origin": "CodeQL Kotlin extractor", "timestamp": "2026-09-27 14:21:34", "kind": "INFO", "message": "Peak memory: * Peak for heap bean PS Eden Space is 592969728" }
{ "origin": "CodeQL Kotlin extractor", "timestamp": "2026-09-27 14:21:34", "kind": "INFO", "message": "Peak memory: * Peak for non-heap bean CodeHeap 'non-profiled nmethods' is 12000512" }
{ "origin": "CodeQL Kotlin extractor", "timestamp": "2026-09-27 14:21:34", "kind": "INFO", "message": "Peak memory: * Total heap peak: 1162839504" }
{ "origin": "CodeQL Kotlin extractor", "timestamp": "2026-09-27 14:21:34", "kind": "INFO", "message": "Peak memory: * Total non-heap peak: 215226240" }
{ "origin": "CodeQL Kotlin extractor", "timestamp": "2026-09-27 14:21:34", "kind": "INFO", "message": "Extracting file /Users/macbook/Octo/modules/recon/src/main/kotlin/com/octo/recon/OnchainRecon.kt" }
{ "origin": "CodeQL Kotlin extractor", "timestamp": "2026-09-27 14:21:34", "kind": "INFO", "message": "Will write TRAP file /Users/macbook/Octo/static_analysis_codeql_1/codeql-kotlin.db/trap/java/Users/macbook/Octo/modules/recon/src/main/kotlin/com/octo/recon/OnchainRecon.kt.trap.gz" }
{ "origin": "CodeQL Kotlin extractor", "timestamp": "2026-09-27 14:21:34", "kind": "INFO", "message": "Will write TRAP file /Users/macbook/Octo/static_analysis_codeql_1/codeql-kotlin.db/trap/java/classes/com/octo/recon/ObservedBalance.members/ObservedBalance.members#0.0-0-kotlin.trap.gz" }
{ "origin": "CodeQL Kotlin extractor", "timestamp": "2026-09-27 14:21:34", "kind": "INFO", "message": "Finished writing TRAP file /Users/macbook/Octo/static_analysis_codeql_1/codeql-kotlin.db/trap/java/classes/com/octo/recon/ObservedBalance.members/ObservedBalance.members#0.0-0-kotlin.trap.gz" }
{ "origin": "CodeQL Kotlin extractor", "timestamp": "2026-09-27 14:21:34", "kind": "INFO", "message": "Will write TRAP file /Users/macbook/Octo/static_analysis_codeql_1/codeql-kotlin.db/trap/java/classes/com/octo/recon/ReconDelta.members/ReconDelta.members#0.0-0-kotlin.trap.gz" }
{ "origin": "CodeQL Kotlin extractor", "timestamp": "2026-09-27 14:21:34", "kind": "INFO", "message": "Finished writing TRAP file /Users/macbook/Octo/static_analysis_codeql_1/codeql-kotlin.db/trap/java/classes/com/octo/recon/ReconDelta.members/ReconDelta.members#0.0-0-kotlin.trap.gz" }
{ "origin": "CodeQL Kotlin extractor", "timestamp": "2026-09-27 14:21:34", "kind": "INFO", "message": "Will write TRAP file /Users/macbook/Octo/static_analysis_codeql_1/codeql-kotlin.db/trap/java/classes/com/octo/recon/ReconReport.members/ReconReport.members#0.0-0-kotlin.trap.gz" }
{ "origin": "CodeQL Kotlin extractor", "timestamp": "2026-09-27 14:21:34", "kind": "INFO", "message": "Finished writing TRAP file /Users/macbook/Octo/static_analysis_codeql_1/codeql-kotlin.db/trap/java/classes/com/octo/recon/ReconReport.members/ReconReport.members#0.0-0-kotlin.trap.gz" }
{ "origin": "CodeQL Kotlin extractor", "timestamp": "2026-09-27 14:21:35", "kind": "INFO", "message": "Will write TRAP file /Users/macbook/Octo/static_analysis_codeql_1/codeql-kotlin.db/trap/java/classes/com/octo/recon/OnchainReconKt$reconcileOnchain(java.util.List,java.util.List,java.util.Map).members/OnchainReconKt$reconcileOnchain(java.util.List,java.util.List,java.util.Map).members#0.0-0-kotlin.trap.gz" }
{ "origin": "CodeQL Kotlin extractor", "timestamp": "2026-09-27 14:21:35", "kind": "INFO", "message": "Finished writing TRAP file /Users/macbook/Octo/static_analysis_codeql_1/codeql-kotlin.db/trap/java/classes/com/octo/recon/OnchainReconKt$reconcileOnchain(java.util.List,java.util.List,java.util.Map).members/OnchainReconKt$reconcileOnchain(java.util.List,java.util.List,java.util.Map).members#0.0-0-kotlin.trap.gz" }
{ "origin": "CodeQL Kotlin extractor", "timestamp": "2026-09-27 14:21:35", "kind": "INFO", "message": "Will write TRAP file /Users/macbook/Octo/static_analysis_codeql_1/codeql-kotlin.db/trap/java/classes/com/octo/recon/OnchainReconKt.members/OnchainReconKt.members#0.0-0-kotlin.trap.gz" }
{ "origin": "CodeQL Kotlin extractor", "timestamp": "2026-09-27 14:21:35", "kind": "INFO", "message": "Finished writing TRAP file /Users/macbook/Octo/static_analysis_codeql_1/codeql-kotlin.db/trap/java/classes/com/octo/recon/OnchainReconKt.members/OnchainReconKt.members#0.0-0-kotlin.trap.gz" }
{ "origin": "CodeQL Kotlin extractor", "timestamp": "2026-09-27 14:21:35", "kind": "INFO", "message": "Skipping extracting external decl String" }
{ "origin": "CodeQL Kotlin extractor", "timestamp": "2026-09-27 14:21:35", "kind": "INFO", "message": "Skipping extracting external decl String" }
{ "origin": "CodeQL Kotlin extractor", "timestamp": "2026-09-27 14:21:35", "kind": "INFO", "message": "Skipping extracting external decl BigInteger" }
{ "origin": "CodeQL Kotlin extractor", "timestamp": "2026-09-27 14:21:35", "kind": "INFO", "message": "Skipping extracting external decl Integer" }
{ "origin": "CodeQL Kotlin extractor", "timestamp": "2026-09-27 14:21:35", "kind": "INFO", "message": "Skipping extracting external decl Int" }
{ "origin": "CodeQL Kotlin extractor", "timestamp": "2026-09-27 14:21:35", "kind": "INFO", "message": "Skipping extracting external decl Instant" }
{ "origin": "CodeQL Kotlin extractor", "timestamp": "2026-09-27 14:21:35", "kind": "INFO", "message": "Skipping extracting external decl Unit" }
{ "origin": "CodeQL Kotlin extractor", "timestamp": "2026-09-27 14:21:35", "kind": "INFO", "message": "Skipping extracting external decl NotNull" }
{ "origin": "CodeQL Kotlin extractor", "timestamp": "2026-09-27 14:21:35", "kind": "INFO", "message": "Skipping extracting external decl Object" }
{ "origin": "CodeQL Kotlin extractor", "timestamp": "2026-09-27 14:21:35", "kind": "INFO", "message": "Skipping extracting external decl Any" }
{ "origin": "CodeQL Kotlin extractor", "timestamp": "2026-09-27 14:21:35", "kind": "INFO", "message": "Skipping extracting external decl Boolean" }
{ "origin": "CodeQL Kotlin extractor", "timestamp": "2026-09-27 14:21:35", "kind": "INFO", "message": "Skipping extracting external decl Boolean" }
{ "origin": "CodeQL Kotlin extractor", "timestamp": "2026-09-27 14:21:35", "kind": "INFO", "message": "Skipping extracting external decl Void" }
{ "origin": "CodeQL Kotlin extractor", "timestamp": "2026-09-27 14:21:35", "kind": "INFO", "message": "Skipping extracting external decl Nothing" }
{ "origin": "CodeQL Kotlin extractor", "timestamp": "2026-09-27 14:21:35", "kind": "INFO", "message": "Skipping extracting external decl UUID" }
{ "origin": "CodeQL Kotlin extractor", "timestamp": "2026-09-27 14:21:35", "kind": "INFO", "message": "Skipping extracting external decl List" }
{ "origin": "CodeQL Kotlin extractor", "timestamp": "2026-09-27 14:21:35", "kind": "INFO", "message": "Skipping extracting external decl SequencedCollection" }
{ "origin": "CodeQL Kotlin extractor", "timestamp": "2026-09-27 14:21:35", "kind": "INFO", "message": "Skipping extracting external decl Collection" }
{ "origin": "CodeQL Kotlin extractor", "timestamp": "2026-09-27 14:21:35", "kind": "INFO", "message": "Skipping extracting external decl Iterable" }
{ "origin": "CodeQL Kotlin extractor", "timestamp": "2026-09-27 14:21:35", "kind": "INFO", "message": "Skipping extracting external decl MutableIterable" }
{ "origin": "CodeQL Kotlin extractor", "timestamp": "2026-09-27 14:21:35", "kind": "INFO", "message": "Skipping extracting external decl MutableCollection" }
{ "origin": "CodeQL Kotlin extractor", "timestamp": "2026-09-27 14:21:35", "kind": "INFO", "message": "Skipping extracting external decl List" }
{ "origin": "CodeQL Kotlin extractor", "timestamp": "2026-09-27 14:21:35", "kind": "INFO", "message": "Skipping extracting external decl Iterator" }
{ "origin": "CodeQL Kotlin extractor", "timestamp": "2026-09-27 14:21:35", "kind": "INFO", "message": "Skipping extracting external decl MutableIterator" }
{ "origin": "CodeQL Kotlin extractor", "timestamp": "2026-09-27 14:21:35", "kind": "INFO", "message": "Skipping extracting external decl Consumer" }
{ "origin": "CodeQL Kotlin extractor", "timestamp": "2026-09-27 14:21:35", "kind": "INFO", "message": "Skipping extracting external decl Spliterator" }
{ "origin": "CodeQL Kotlin extractor", "timestamp": "2026-09-27 14:21:35", "kind": "INFO", "message": "Skipping extracting external decl Cloneable" }
{ "origin": "CodeQL Kotlin extractor", "timestamp": "2026-09-27 14:21:35", "kind": "INFO", "message": "Skipping extracting external decl Cloneable" }
{ "origin": "CodeQL Kotlin extractor", "timestamp": "2026-09-27 14:21:35", "kind": "INFO", "message": "Skipping extracting external decl Serializable" }
{ "origin": "CodeQL Kotlin extractor", "timestamp": "2026-09-27 14:21:35", "kind": "INFO", "message": "Skipping extracting external decl IntFunction" }
{ "origin": "CodeQL Kotlin extractor", "timestamp": "2026-09-27 14:21:35", "kind": "INFO", "message": "Skipping extracting external decl Predicate" }
{ "origin": "CodeQL Kotlin extractor", "timestamp": "2026-09-27 14:21:35", "kind": "INFO", "message": "Skipping extracting external decl Stream" }
{ "origin": "CodeQL Kotlin extractor", "timestamp": "2026-09-27 14:21:35", "kind": "INFO", "message": "Skipping extracting external decl BaseStream" }
{ "origin": "CodeQL Kotlin extractor", "timestamp": "2026-09-27 14:21:35", "kind": "INFO", "message": "Skipping extracting external decl AutoCloseable" }
{ "origin": "CodeQL Kotlin extractor", "timestamp": "2026-09-27 14:21:35", "kind": "INFO", "message": "Skipping extracting external decl Collection" }
{ "origin": "CodeQL Kotlin extractor", "timestamp": "2026-09-27 14:21:35", "kind": "INFO", "message": "Skipping extracting external decl UnaryOperator" }
{ "origin": "CodeQL Kotlin extractor", "timestamp": "2026-09-27 14:21:35", "kind": "INFO", "message": "Skipping extracting external decl Function" }
{ "origin": "CodeQL Kotlin extractor", "timestamp": "2026-09-27 14:21:35", "kind": "INFO", "message": "Skipping extracting external decl Comparator" }
{ "origin": "CodeQL Kotlin extractor", "timestamp": "2026-09-27 14:21:35", "kind": "INFO", "message": "Skipping extracting external decl ListIterator" }
{ "origin": "CodeQL Kotlin extractor", "timestamp": "2026-09-27 14:21:35", "kind": "INFO", "message": "Skipping extracting external decl MutableListIterator" }
{ "origin": "CodeQL Kotlin extractor", "timestamp": "2026-09-27 14:21:35", "kind": "INFO", "message": "Skipping extracting external decl MutableList" }
{ "origin": "CodeQL Kotlin extractor", "timestamp": "2026-09-27 14:21:35", "kind": "INFO", "message": "Skipping extracting external decl Iterable" }
{ "origin": "CodeQL Kotlin extractor", "timestamp": "2026-09-27 14:21:35", "kind": "INFO", "message": "Skipping extracting external decl Function1" }
{ "origin": "CodeQL Kotlin extractor", "timestamp": "2026-09-27 14:21:35", "kind": "INFO", "message": "Skipping extracting external decl Function" }
{ "origin": "CodeQL Kotlin extractor", "timestamp": "2026-09-27 14:21:35", "kind": "INFO", "message": "Skipping extracting external decl Function1" }
{ "origin": "CodeQL Kotlin extractor", "timestamp": "2026-09-27 14:21:35", "kind": "INFO", "message": "Skipping extracting external decl all" }
{ "origin": "CodeQL Kotlin extractor", "timestamp": "2026-09-27 14:21:35", "kind": "INFO", "message": "Skipping extracting external decl filter" }
{ "origin": "CodeQL Kotlin extractor", "timestamp": "2026-09-27 14:21:35", "kind": "INFO", "message": "Skipping extracting external decl TokenPosition" }
{ "origin": "CodeQL Kotlin extractor", "timestamp": "2026-09-27 14:21:35", "kind": "INFO", "message": "Skipping extracting external decl InstrumentKey" }
{ "origin": "CodeQL Kotlin extractor", "timestamp": "2026-09-27 14:21:35", "kind": "INFO", "message": "Skipping extracting external decl Map" }
{ "origin": "CodeQL Kotlin extractor", "timestamp": "2026-09-27 14:21:35", "kind": "INFO", "message": "Skipping extracting external decl Map" }
{ "origin": "CodeQL Kotlin extractor", "timestamp": "2026-09-27 14:21:35", "kind": "INFO", "message": "Skipping extracting external decl Triple" }
{ "origin": "CodeQL Kotlin extractor", "timestamp": "2026-09-27 14:21:35", "kind": "INFO", "message": "Skipping extracting external decl MutableMap" }
{ "origin": "CodeQL Kotlin extractor", "timestamp": "2026-09-27 14:21:35", "kind": "INFO", "message": "Skipping extracting external decl mutableMapOf" }
{ "origin": "CodeQL Kotlin extractor", "timestamp": "2026-09-27 14:21:35", "kind": "INFO", "message": "Skipping extracting external decl Set" }
{ "origin": "CodeQL Kotlin extractor", "timestamp": "2026-09-27 14:21:35", "kind": "INFO", "message": "Skipping extracting external decl MutableSet" }
{ "origin": "CodeQL Kotlin extractor", "timestamp": "2026-09-27 14:21:35", "kind": "INFO", "message": "Skipping extracting external decl Entry" }
{ "origin": "CodeQL Kotlin extractor", "timestamp": "2026-09-27 14:21:35", "kind": "INFO", "message": "Skipping extracting external decl MutableEntry" }
{ "origin": "CodeQL Kotlin extractor", "timestamp": "2026-09-27 14:21:35", "kind": "INFO", "message": "Skipping extracting external decl BiConsumer" }
{ "origin": "CodeQL Kotlin extractor", "timestamp": "2026-09-27 14:21:35", "kind": "INFO", "message": "Skipping extracting external decl BiFunction" }
{ "origin": "CodeQL Kotlin extractor", "timestamp": "2026-09-27 14:21:35", "kind": "INFO", "message": "Skipping extracting external decl set" }
{ "origin": "CodeQL Kotlin extractor", "timestamp": "2026-09-27 14:21:35", "kind": "INFO", "message": "Skipping extracting external decl associate" }
{ "origin": "CodeQL Kotlin extractor", "timestamp": "2026-09-27 14:21:35", "kind": "INFO", "message": "Skipping extracting external decl Entry" }
{ "origin": "CodeQL Kotlin extractor", "timestamp": "2026-09-27 14:21:35", "kind": "INFO", "message": "Skipping extracting external decl Set" }
{ "origin": "CodeQL Kotlin extractor", "timestamp": "2026-09-27 14:21:35", "kind": "INFO", "message": "Skipping extracting external decl Pair" }
{ "origin": "CodeQL Kotlin extractor", "timestamp": "2026-09-27 14:21:35", "kind": "INFO", "message": "Skipping extracting external decl component1" }
{ "origin": "CodeQL Kotlin extractor", "timestamp": "2026-09-27 14:21:35", "kind": "INFO", "message": "Skipping extracting external decl component2" }
{ "origin": "CodeQL Kotlin extractor", "timestamp": "2026-09-27 14:21:35", "kind": "INFO", "message": "Skipping extracting external decl to" }
{ "origin": "CodeQL Kotlin extractor", "timestamp": "2026-09-27 14:21:35", "kind": "INFO", "message": "Skipping extracting external decl mutableListOf" }
{ "origin": "CodeQL Kotlin extractor", "timestamp": "2026-09-27 14:21:35", "kind": "INFO", "message": "Skipping extracting external decl mutableSetOf" }
{ "origin": "CodeQL Kotlin extractor", "timestamp": "2026-09-27 14:21:35", "kind": "INFO", "message": "Skipping extracting external decl plusAssign" }
{ "origin": "CodeQL Kotlin extractor", "timestamp": "2026-09-27 14:21:35", "kind": "INFO", "message": "Will write TRAP file /Users/macbook/Octo/static_analysis_codeql_1/codeql-kotlin.db/trap/java/classes/kotlin/minus(java.math.BigInteger,java.math.BigInteger).members/minus(java.math.BigInteger,java.math.BigInteger).members#-1.0-0-null.trap.gz" }
{ "origin": "CodeQL Kotlin extractor", "timestamp": "2026-09-27 14:21:35", "kind": "INFO", "message": "Finished writing TRAP file /Users/macbook/Octo/static_analysis_codeql_1/codeql-kotlin.db/trap/java/classes/kotlin/minus(java.math.BigInteger,java.math.BigInteger).members/minus(java.math.BigInteger,java.math.BigInteger).members#-1.0-0-null.trap.gz" }
{ "origin": "CodeQL Kotlin extractor", "timestamp": "2026-09-27 14:21:35", "kind": "INFO", "message": "Will write TRAP file /Users/macbook/Octo/static_analysis_codeql_1/codeql-kotlin.db/trap/java/classes/kotlin/collections/mutableIterator(java.util.Map).members/mutableIterator(java.util.Map).members#-1.0-0-null.trap.gz" }
{ "origin": "CodeQL Kotlin extractor", "timestamp": "2026-09-27 14:21:35", "kind": "INFO", "message": "Finished writing TRAP file /Users/macbook/Octo/static_analysis_codeql_1/codeql-kotlin.db/trap/java/classes/kotlin/collections/mutableIterator(java.util.Map).members/mutableIterator(java.util.Map).members#-1.0-0-null.trap.gz" }
{ "origin": "CodeQL Kotlin extractor", "timestamp": "2026-09-27 14:21:35", "kind": "INFO", "message": "Skipping extracting external decl InlineOnly" }
{ "origin": "CodeQL Kotlin extractor", "timestamp": "2026-09-27 14:21:35", "kind": "INFO", "message": "Skipping extracting external decl JvmName" }
{ "origin": "CodeQL Kotlin extractor", "timestamp": "2026-09-27 14:21:35", "kind": "INFO", "message": "Finished writing TRAP file /Users/macbook/Octo/static_analysis_codeql_1/codeql-kotlin.db/trap/java/Users/macbook/Octo/modules/recon/src/main/kotlin/com/octo/recon/OnchainRecon.kt.trap.gz" }
{ "origin": "CodeQL Kotlin extractor", "timestamp": "2026-09-27 14:21:35", "kind": "INFO", "message": "Extracting file /Users/macbook/Octo/modules/recon/src/main/kotlin/com/octo/recon/Recon.kt" }
{ "origin": "CodeQL Kotlin extractor", "timestamp": "2026-09-27 14:21:35", "kind": "INFO", "message": "Will write TRAP file /Users/macbook/Octo/static_analysis_codeql_1/codeql-kotlin.db/trap/java/Users/macbook/Octo/modules/recon/src/main/kotlin/com/octo/recon/Recon.kt.trap.gz" }
{ "origin": "CodeQL Kotlin extractor", "timestamp": "2026-09-27 14:21:35", "kind": "INFO", "message": "Will write TRAP file /Users/macbook/Octo/static_analysis_codeql_1/codeql-kotlin.db/trap/java/classes/com/octo/recon/ReconKt.members/ReconKt.members#0.0-0-kotlin.trap.gz" }
{ "origin": "CodeQL Kotlin extractor", "timestamp": "2026-09-27 14:21:35", "kind": "INFO", "message": "Finished writing TRAP file /Users/macbook/Octo/static_analysis_codeql_1/codeql-kotlin.db/trap/java/classes/com/octo/recon/ReconKt.members/ReconKt.members#0.0-0-kotlin.trap.gz" }
{ "origin": "CodeQL Kotlin extractor", "timestamp": "2026-09-27 14:21:35", "kind": "INFO", "message": "Finished writing TRAP file /Users/macbook/Octo/static_analysis_codeql_1/codeql-kotlin.db/trap/java/Users/macbook/Octo/modules/recon/src/main/kotlin/com/octo/recon/Recon.kt.trap.gz" }
{ "origin": "CodeQL Kotlin extractor", "timestamp": "2026-09-27 14:21:35", "kind": "INFO", "message": "Extracting file /Users/macbook/Octo/modules/recon/src/main/kotlin/com/octo/recon/compliance/Compliance.kt" }
{ "origin": "CodeQL Kotlin extractor", "timestamp": "2026-09-27 14:21:35", "kind": "INFO", "message": "Will write TRAP file /Users/macbook/Octo/static_analysis_codeql_1/codeql-kotlin.db/trap/java/Users/macbook/Octo/modules/recon/src/main/kotlin/com/octo/recon/compliance/Compliance.kt.trap.gz" }
{ "origin": "CodeQL Kotlin extractor", "timestamp": "2026-09-27 14:21:35", "kind": "INFO", "message": "Will write TRAP file /Users/macbook/Octo/static_analysis_codeql_1/codeql-kotlin.db/trap/java/classes/com/octo/recon/compliance/ComplianceKt$COMPLIANCE_RULESET;property.members/ComplianceKt$COMPLIANCE_RULESET;property.members#0.0-0-kotlin.trap.gz" }
{ "origin": "CodeQL Kotlin extractor", "timestamp": "2026-09-27 14:21:35", "kind": "INFO", "message": "Finished writing TRAP file /Users/macbook/Octo/static_analysis_codeql_1/codeql-kotlin.db/trap/java/classes/com/octo/recon/compliance/ComplianceKt$COMPLIANCE_RULESET;property.members/ComplianceKt$COMPLIANCE_RULESET;property.members#0.0-0-kotlin.trap.gz" }
{ "origin": "CodeQL Kotlin extractor", "timestamp": "2026-09-27 14:21:35", "kind": "INFO", "message": "Will write TRAP file /Users/macbook/Octo/static_analysis_codeql_1/codeql-kotlin.db/trap/java/classes/com/octo/recon/compliance/ComplianceKt$MC;property.members/ComplianceKt$MC;property.members#0.0-0-kotlin.trap.gz" }
{ "origin": "CodeQL Kotlin extractor", "timestamp": "2026-09-27 14:21:35", "kind": "INFO", "message": "Finished writing TRAP file /Users/macbook/Octo/static_analysis_codeql_1/codeql-kotlin.db/trap/java/classes/com/octo/recon/compliance/ComplianceKt$MC;property.members/ComplianceKt$MC;property.members#0.0-0-kotlin.trap.gz" }
{ "origin": "CodeQL Kotlin extractor", "timestamp": "2026-09-27 14:21:35", "kind": "INFO", "message": "Will write TRAP file /Users/macbook/Octo/static_analysis_codeql_1/codeql-kotlin.db/trap/java/classes/com/octo/recon/compliance/ComplianceCheck$ConcentrationLimit.members/ComplianceCheck$ConcentrationLimit.members#0.0-0-kotlin.trap.gz" }
{ "origin": "CodeQL Kotlin extractor", "timestamp": "2026-09-27 14:21:35", "kind": "INFO", "message": "Finished writing TRAP file /Users/macbook/Octo/static_analysis_codeql_1/codeql-kotlin.db/trap/java/classes/com/octo/recon/compliance/ComplianceCheck$ConcentrationLimit.members/ComplianceCheck$ConcentrationLimit.members#0.0-0-kotlin.trap.gz" }
{ "origin": "CodeQL Kotlin extractor", "timestamp": "2026-09-27 14:21:35", "kind": "INFO", "message": "Will write TRAP file /Users/macbook/Octo/static_analysis_codeql_1/codeql-kotlin.db/trap/java/classes/com/octo/recon/compliance/ComplianceCheck$CurrencyExposureLimit.members/ComplianceCheck$CurrencyExposureLimit.members#0.0-0-kotlin.trap.gz" }
{ "origin": "CodeQL Kotlin extractor", "timestamp": "2026-09-27 14:21:35", "kind": "INFO", "message": "Finished writing TRAP file /Users/macbook/Octo/static_analysis_codeql_1/codeql-kotlin.db/trap/java/classes/com/octo/recon/compliance/ComplianceCheck$CurrencyExposureLimit.members/ComplianceCheck$CurrencyExposureLimit.members#0.0-0-kotlin.trap.gz" }
{ "origin": "CodeQL Kotlin extractor", "timestamp": "2026-09-27 14:21:35", "kind": "INFO", "message": "Will write TRAP file /Users/macbook/Octo/static_analysis_codeql_1/codeql-kotlin.db/trap/java/classes/com/octo/recon/compliance/ComplianceCheck$CoverageFloor.members/ComplianceCheck$CoverageFloor.members#0.0-0-kotlin.trap.gz" }
{ "origin": "CodeQL Kotlin extractor", "timestamp": "2026-09-27 14:21:35", "kind": "INFO", "message": "Finished writing TRAP file /Users/macbook/Octo/static_analysis_codeql_1/codeql-kotlin.db/trap/java/classes/com/octo/recon/compliance/ComplianceCheck$CoverageFloor.members/ComplianceCheck$CoverageFloor.members#0.0-0-kotlin.trap.gz" }
{ "origin": "CodeQL Kotlin extractor", "timestamp": "2026-09-27 14:21:35", "kind": "INFO", "message": "Will write TRAP file /Users/macbook/Octo/static_analysis_codeql_1/codeql-kotlin.db/trap/java/classes/com/octo/recon/compliance/ComplianceCheck.members/ComplianceCheck.members#0.0-0-kotlin.trap.gz" }
{ "origin": "CodeQL Kotlin extractor", "timestamp": "2026-09-27 14:21:35", "kind": "INFO", "message": "Finished writing TRAP file /Users/macbook/Octo/static_analysis_codeql_1/codeql-kotlin.db/trap/java/classes/com/octo/recon/compliance/ComplianceCheck.members/ComplianceCheck.members#0.0-0-kotlin.trap.gz" }
{ "origin": "CodeQL Kotlin extractor", "timestamp": "2026-09-27 14:21:35", "kind": "INFO", "message": "Will write TRAP file /Users/macbook/Octo/static_analysis_codeql_1/codeql-kotlin.db/trap/java/classes/com/octo/recon/compliance/ComplianceRule.members/ComplianceRule.members#0.0-0-kotlin.trap.gz" }
{ "origin": "CodeQL Kotlin extractor", "timestamp": "2026-09-27 14:21:35", "kind": "INFO", "message": "Finished writing TRAP file /Users/macbook/Octo/static_analysis_codeql_1/codeql-kotlin.db/trap/java/classes/com/octo/recon/compliance/ComplianceRule.members/ComplianceRule.members#0.0-0-kotlin.trap.gz" }
{ "origin": "CodeQL Kotlin extractor", "timestamp": "2026-09-27 14:21:35", "kind": "INFO", "message": "Will write TRAP file /Users/macbook/Octo/static_analysis_codeql_1/codeql-kotlin.db/trap/java/classes/com/octo/recon/compliance/ComplianceInputs.members/ComplianceInputs.members#0.0-0-kotlin.trap.gz" }
{ "origin": "CodeQL Kotlin extractor", "timestamp": "2026-09-27 14:21:35", "kind": "INFO", "message": "Finished writing TRAP file /Users/macbook/Octo/static_analysis_codeql_1/codeql-kotlin.db/trap/java/classes/com/octo/recon/compliance/ComplianceInputs.members/ComplianceInputs.members#0.0-0-kotlin.trap.gz" }
{ "origin": "CodeQL Kotlin extractor", "timestamp": "2026-09-27 14:21:35", "kind": "INFO", "message": "Will write TRAP file /Users/macbook/Octo/static_analysis_codeql_1/codeql-kotlin.db/trap/java/classes/com/octo/recon/compliance/Result.members/Result.members#0.0-0-kotlin.trap.gz" }
{ "origin": "CodeQL Kotlin extractor", "timestamp": "2026-09-27 14:21:35", "kind": "INFO", "message": "Finished writing TRAP file /Users/macbook/Octo/static_analysis_codeql_1/codeql-kotlin.db/trap/java/classes/com/octo/recon/compliance/Result.members/Result.members#0.0-0-kotlin.trap.gz" }
{ "origin": "CodeQL Kotlin extractor", "timestamp": "2026-09-27 14:21:35", "kind": "INFO", "message": "Will write TRAP file /Users/macbook/Octo/static_analysis_codeql_1/codeql-kotlin.db/trap/java/classes/com/octo/recon/compliance/Evaluation.members/Evaluation.members#0.0-0-kotlin.trap.gz" }
{ "origin": "CodeQL Kotlin extractor", "timestamp": "2026-09-27 14:21:35", "kind": "INFO", "message": "Finished writing TRAP file /Users/macbook/Octo/static_analysis_codeql_1/codeql-kotlin.db/trap/java/classes/com/octo/recon/compliance/Evaluation.members/Evaluation.members#0.0-0-kotlin.trap.gz" }
{ "origin": "CodeQL Kotlin extractor", "timestamp": "2026-09-27 14:21:35", "kind": "INFO", "message": "Will write TRAP file /Users/macbook/Octo/static_analysis_codeql_1/codeql-kotlin.db/trap/java/classes/com/octo/recon/compliance/ComplianceKt$evaluate(java.util.List,com.octo.recon.compliance.ComplianceInputs).members/ComplianceKt$evaluate(java.util.List,com.octo.recon.compliance.ComplianceInputs).members#0.0-0-kotlin.trap.gz" }
{ "origin": "CodeQL Kotlin extractor", "timestamp": "2026-09-27 14:21:35", "kind": "INFO", "message": "Finished writing TRAP file /Users/macbook/Octo/static_analysis_codeql_1/codeql-kotlin.db/trap/java/classes/com/octo/recon/compliance/ComplianceKt$evaluate(java.util.List,com.octo.recon.compliance.ComplianceInputs).members/ComplianceKt$evaluate(java.util.List,com.octo.recon.compliance.ComplianceInputs).members#0.0-0-kotlin.trap.gz" }
{ "origin": "CodeQL Kotlin extractor", "timestamp": "2026-09-27 14:21:35", "kind": "INFO", "message": "Will write TRAP file /Users/macbook/Octo/static_analysis_codeql_1/codeql-kotlin.db/trap/java/classes/com/octo/recon/compliance/ComplianceKt$evaluateOne(com.octo.recon.compliance.ComplianceRule,com.octo.recon.compliance.ComplianceInputs).members/ComplianceKt$evaluateOne(com.octo.recon.compliance.ComplianceRule,com.octo.recon.compliance.ComplianceInputs).members#0.0-0-kotlin.trap.gz" }
{ "origin": "CodeQL Kotlin extractor", "timestamp": "2026-09-27 14:21:35", "kind": "INFO", "message": "Finished writing TRAP file /Users/macbook/Octo/static_analysis_codeql_1/codeql-kotlin.db/trap/java/classes/com/octo/recon/compliance/ComplianceKt$evaluateOne(com.octo.recon.compliance.ComplianceRule,com.octo.recon.compliance.ComplianceInputs).members/ComplianceKt$evaluateOne(com.octo.recon.compliance.ComplianceRule,com.octo.recon.compliance.ComplianceInputs).members#0.0-0-kotlin.trap.gz" }
{ "origin": "CodeQL Kotlin extractor", "timestamp": "2026-09-27 14:21:35", "kind": "INFO", "message": "Will write TRAP file /Users/macbook/Octo/static_analysis_codeql_1/codeql-kotlin.db/trap/java/classes/com/octo/recon/compliance/ComplianceKt.members/ComplianceKt.members#0.0-0-kotlin.trap.gz" }
{ "origin": "CodeQL Kotlin extractor", "timestamp": "2026-09-27 14:21:35", "kind": "INFO", "message": "Finished writing TRAP file /Users/macbook/Octo/static_analysis_codeql_1/codeql-kotlin.db/trap/java/classes/com/octo/recon/compliance/ComplianceKt.members/ComplianceKt.members#0.0-0-kotlin.trap.gz" }
{ "origin": "CodeQL Kotlin extractor", "timestamp": "2026-09-27 14:21:35", "kind": "INFO", "message": "Skipping extracting external decl String" }
{ "origin": "CodeQL Kotlin extractor", "timestamp": "2026-09-27 14:21:35", "kind": "INFO", "message": "Skipping extracting external decl String" }
{ "origin": "CodeQL Kotlin extractor", "timestamp": "2026-09-27 14:21:35", "kind": "INFO", "message": "Skipping extracting external decl NotNull" }
{ "origin": "CodeQL Kotlin extractor", "timestamp": "2026-09-27 14:21:35", "kind": "INFO", "message": "Skipping extracting external decl MathContext" }
{ "origin": "CodeQL Kotlin extractor", "timestamp": "2026-09-27 14:21:35", "kind": "INFO", "message": "Skipping extracting external decl BigDecimal" }
{ "origin": "CodeQL Kotlin extractor", "timestamp": "2026-09-27 14:21:35", "kind": "INFO", "message": "Skipping extracting external decl Unit" }
{ "origin": "CodeQL Kotlin extractor", "timestamp": "2026-09-27 14:21:35", "kind": "INFO", "message": "Skipping extracting external decl Object" }
{ "origin": "CodeQL Kotlin extractor", "timestamp": "2026-09-27 14:21:35", "kind": "INFO", "message": "Skipping extracting external decl Integer" }
{ "origin": "CodeQL Kotlin extractor", "timestamp": "2026-09-27 14:21:35", "kind": "INFO", "message": "Skipping extracting external decl Int" }
{ "origin": "CodeQL Kotlin extractor", "timestamp": "2026-09-27 14:21:35", "kind": "INFO", "message": "Skipping extracting external decl Any" }
{ "origin": "CodeQL Kotlin extractor", "timestamp": "2026-09-27 14:21:35", "kind": "INFO", "message": "Skipping extracting external decl Boolean" }
{ "origin": "CodeQL Kotlin extractor", "timestamp": "2026-09-27 14:21:35", "kind": "INFO", "message": "Skipping extracting external decl Boolean" }
{ "origin": "CodeQL Kotlin extractor", "timestamp": "2026-09-27 14:21:35", "kind": "INFO", "message": "Skipping extracting external decl Currency" }
{ "origin": "CodeQL Kotlin extractor", "timestamp": "2026-09-27 14:21:35", "kind": "INFO", "message": "Skipping extracting external decl Function0" }
{ "origin": "CodeQL Kotlin extractor", "timestamp": "2026-09-27 14:21:35", "kind": "INFO", "message": "Skipping extracting external decl Function" }
{ "origin": "CodeQL Kotlin extractor", "timestamp": "2026-09-27 14:21:35", "kind": "INFO", "message": "Skipping extracting external decl Function0" }
{ "origin": "CodeQL Kotlin extractor", "timestamp": "2026-09-27 14:21:35", "kind": "INFO", "message": "Skipping extracting external decl require" }
{ "origin": "CodeQL Kotlin extractor", "timestamp": "2026-09-27 14:21:35", "kind": "INFO", "message": "Skipping extracting external decl CharSequence" }
{ "origin": "CodeQL Kotlin extractor", "timestamp": "2026-09-27 14:21:35", "kind": "INFO", "message": "Skipping extracting external decl CharSequence" }
{ "origin": "CodeQL Kotlin extractor", "timestamp": "2026-09-27 14:21:35", "kind": "INFO", "message": "Skipping extracting external decl isNotBlank" }
{ "origin": "CodeQL Kotlin extractor", "timestamp": "2026-09-27 14:21:35", "kind": "INFO", "message": "Skipping extracting external decl NoWhenBranchMatchedException" }
{ "origin": "CodeQL Kotlin extractor", "timestamp": "2026-09-27 14:21:35", "kind": "INFO", "message": "Skipping extracting external decl LocalDate" }
{ "origin": "CodeQL Kotlin extractor", "timestamp": "2026-09-27 14:21:35", "kind": "INFO", "message": "Skipping extracting external decl ExposureReport" }
{ "origin": "CodeQL Kotlin extractor", "timestamp": "2026-09-27 14:21:35", "kind": "INFO", "message": "Skipping extracting external decl Map" }
{ "origin": "CodeQL Kotlin extractor", "timestamp": "2026-09-27 14:21:35", "kind": "INFO", "message": "Skipping extracting external decl Map" }
{ "origin": "CodeQL Kotlin extractor", "timestamp": "2026-09-27 14:21:35", "kind": "INFO", "message": "Skipping extracting external decl CoverageReport" }
{ "origin": "CodeQL Kotlin extractor", "timestamp": "2026-09-27 14:21:35", "kind": "INFO", "message": "Skipping extracting external decl DefaultConstructorMarker" }
{ "origin": "CodeQL Kotlin extractor", "timestamp": "2026-09-27 14:21:35", "kind": "INFO", "message": "Skipping extracting external decl Void" }
{ "origin": "CodeQL Kotlin extractor", "timestamp": "2026-09-27 14:21:35", "kind": "INFO", "message": "Skipping extracting external decl Nothing" }
{ "origin": "CodeQL Kotlin extractor", "timestamp": "2026-09-27 14:21:35", "kind": "INFO", "message": "Skipping extracting external decl Enum" }
{ "origin": "CodeQL Kotlin extractor", "timestamp": "2026-09-27 14:21:35", "kind": "INFO", "message": "Skipping extracting external decl Constable" }
{ "origin": "CodeQL Kotlin extractor", "timestamp": "2026-09-27 14:21:35", "kind": "INFO", "message": "Skipping extracting external decl Comparable" }
{ "origin": "CodeQL Kotlin extractor", "timestamp": "2026-09-27 14:21:35", "kind": "INFO", "message": "Skipping extracting external decl Comparable" }
{ "origin": "CodeQL Kotlin extractor", "timestamp": "2026-09-27 14:21:35", "kind": "INFO", "message": "Skipping extracting external decl Serializable" }
{ "origin": "CodeQL Kotlin extractor", "timestamp": "2026-09-27 14:21:35", "kind": "INFO", "message": "Skipping extracting external decl Enum" }
{ "origin": "CodeQL Kotlin extractor", "timestamp": "2026-09-27 14:21:35", "kind": "INFO", "message": "Skipping extracting external decl Class" }
{ "origin": "CodeQL Kotlin extractor", "timestamp": "2026-09-27 14:21:35", "kind": "INFO", "message": "Skipping extracting external decl GenericDeclaration" }
{ "origin": "CodeQL Kotlin extractor", "timestamp": "2026-09-27 14:21:35", "kind": "INFO", "message": "Skipping extracting external decl Type" }
{ "origin": "CodeQL Kotlin extractor", "timestamp": "2026-09-27 14:21:35", "kind": "INFO", "message": "Skipping extracting external decl AnnotatedElement" }
{ "origin": "CodeQL Kotlin extractor", "timestamp": "2026-09-27 14:21:35", "kind": "INFO", "message": "Skipping extracting external decl OfField" }
{ "origin": "CodeQL Kotlin extractor", "timestamp": "2026-09-27 14:21:35", "kind": "INFO", "message": "Skipping extracting external decl TypeDescriptor" }
{ "origin": "CodeQL Kotlin extractor", "timestamp": "2026-09-27 14:21:35", "kind": "INFO", "message": "Skipping extracting external decl Optional" }
{ "origin": "CodeQL Kotlin extractor", "timestamp": "2026-09-27 14:21:35", "kind": "INFO", "message": "Skipping extracting external decl EnumDesc" }
{ "origin": "CodeQL Kotlin extractor", "timestamp": "2026-09-27 14:21:35", "kind": "INFO", "message": "Skipping extracting external decl DynamicConstantDesc" }
{ "origin": "CodeQL Kotlin extractor", "timestamp": "2026-09-27 14:21:35", "kind": "INFO", "message": "Skipping extracting external decl ConstantDesc" }
{ "origin": "CodeQL Kotlin extractor", "timestamp": "2026-09-27 14:21:35", "kind": "INFO", "message": "Skipping extracting external decl Cloneable" }
{ "origin": "CodeQL Kotlin extractor", "timestamp": "2026-09-27 14:21:35", "kind": "INFO", "message": "Skipping extracting external decl Cloneable" }
{ "origin": "CodeQL Kotlin extractor", "timestamp": "2026-09-27 14:21:35", "kind": "INFO", "message": "Skipping extracting external decl EnumEntries" }
{ "origin": "CodeQL Kotlin extractor", "timestamp": "2026-09-27 14:21:35", "kind": "INFO", "message": "Skipping extracting external decl List" }
{ "origin": "CodeQL Kotlin extractor", "timestamp": "2026-09-27 14:21:35", "kind": "INFO", "message": "Skipping extracting external decl SequencedCollection" }
{ "origin": "CodeQL Kotlin extractor", "timestamp": "2026-09-27 14:21:35", "kind": "INFO", "message": "Skipping extracting external decl Collection" }
{ "origin": "CodeQL Kotlin extractor", "timestamp": "2026-09-27 14:21:35", "kind": "INFO", "message": "Skipping extracting external decl Iterable" }
{ "origin": "CodeQL Kotlin extractor", "timestamp": "2026-09-27 14:21:35", "kind": "INFO", "message": "Skipping extracting external decl MutableIterable" }
{ "origin": "CodeQL Kotlin extractor", "timestamp": "2026-09-27 14:21:35", "kind": "INFO", "message": "Skipping extracting external decl MutableCollection" }
{ "origin": "CodeQL Kotlin extractor", "timestamp": "2026-09-27 14:21:35", "kind": "INFO", "message": "Skipping extracting external decl List" }
{ "origin": "CodeQL Kotlin extractor", "timestamp": "2026-09-27 14:21:35", "kind": "INFO", "message": "Skipping extracting external decl Iterable" }
{ "origin": "CodeQL Kotlin extractor", "timestamp": "2026-09-27 14:21:35", "kind": "INFO", "message": "Skipping extracting external decl Function1" }
{ "origin": "CodeQL Kotlin extractor", "timestamp": "2026-09-27 14:21:35", "kind": "INFO", "message": "Skipping extracting external decl Function1" }
{ "origin": "CodeQL Kotlin extractor", "timestamp": "2026-09-27 14:21:35", "kind": "INFO", "message": "Skipping extracting external decl map" }
{ "origin": "CodeQL Kotlin extractor", "timestamp": "2026-09-27 14:21:35", "kind": "INFO", "message": "Skipping extracting external decl mapValues" }
{ "origin": "CodeQL Kotlin extractor", "timestamp": "2026-09-27 14:21:35", "kind": "INFO", "message": "Skipping extracting external decl Entry" }
{ "origin": "CodeQL Kotlin extractor", "timestamp": "2026-09-27 14:21:35", "kind": "INFO", "message": "Skipping extracting external decl Entry" }
{ "origin": "CodeQL Kotlin extractor", "timestamp": "2026-09-27 14:21:35", "kind": "INFO", "message": "Skipping extracting external decl Comparator" }
{ "origin": "CodeQL Kotlin extractor", "timestamp": "2026-09-27 14:21:35", "kind": "INFO", "message": "Skipping extracting external decl MutableEntry" }
{ "origin": "CodeQL Kotlin extractor", "timestamp": "2026-09-27 14:21:35", "kind": "INFO", "message": "Skipping extracting external decl emptyMap" }
{ "origin": "CodeQL Kotlin extractor", "timestamp": "2026-09-27 14:21:35", "kind": "INFO", "message": "Skipping extracting external decl Pair" }
{ "origin": "CodeQL Kotlin extractor", "timestamp": "2026-09-27 14:21:35", "kind": "INFO", "message": "Will write TRAP file /Users/macbook/Octo/static_analysis_codeql_1/codeql-kotlin.db/trap/java/classes/kotlin/collections/mapOf(kotlin.Pair).members/mapOf(kotlin.Pair).members#-1.0-0-null.trap.gz" }
{ "origin": "CodeQL Kotlin extractor", "timestamp": "2026-09-27 14:21:35", "kind": "INFO", "message": "Finished writing TRAP file /Users/macbook/Octo/static_analysis_codeql_1/codeql-kotlin.db/trap/java/classes/kotlin/collections/mapOf(kotlin.Pair).members/mapOf(kotlin.Pair).members#-1.0-0-null.trap.gz" }
{ "origin": "CodeQL Kotlin extractor", "timestamp": "2026-09-27 14:21:35", "kind": "INFO", "message": "Skipping extracting external decl to" }
{ "origin": "CodeQL Kotlin extractor", "timestamp": "2026-09-27 14:21:35", "kind": "INFO", "message": "Will write TRAP file /Users/macbook/Octo/static_analysis_codeql_1/codeql-kotlin.db/trap/java/classes/kotlin/collections/maxByOrThrow(java.util.Map,kotlin.jvm.functions.Function1).members/maxByOrThrow(java.util.Map,kotlin.jvm.functions.Function1).members#-1.0-0-null.trap.gz" }
{ "origin": "CodeQL Kotlin extractor", "timestamp": "2026-09-27 14:21:35", "kind": "INFO", "message": "Finished writing TRAP file /Users/macbook/Octo/static_analysis_codeql_1/codeql-kotlin.db/trap/java/classes/kotlin/collections/maxByOrThrow(java.util.Map,kotlin.jvm.functions.Function1).members/maxByOrThrow(java.util.Map,kotlin.jvm.functions.Function1).members#-1.0-0-null.trap.gz" }
{ "origin": "CodeQL Kotlin extractor", "timestamp": "2026-09-27 14:21:35", "kind": "INFO", "message": "Skipping extracting external decl component1" }
{ "origin": "CodeQL Kotlin extractor", "timestamp": "2026-09-27 14:21:35", "kind": "INFO", "message": "Skipping extracting external decl component2" }
{ "origin": "CodeQL Kotlin extractor", "timestamp": "2026-09-27 14:21:35", "kind": "INFO", "message": "Skipping extracting external decl mapOf" }
{ "origin": "CodeQL Kotlin extractor", "timestamp": "2026-09-27 14:21:35", "kind": "INFO", "message": "Skipping extracting external decl Function2" }
{ "origin": "CodeQL Kotlin extractor", "timestamp": "2026-09-27 14:21:35", "kind": "INFO", "message": "Skipping extracting external decl Function2" }
{ "origin": "CodeQL Kotlin extractor", "timestamp": "2026-09-27 14:21:35", "kind": "INFO", "message": "Skipping extracting external decl fold" }
{ "origin": "CodeQL Kotlin extractor", "timestamp": "2026-09-27 14:21:35", "kind": "INFO", "message": "Skipping extracting external decl MutableMap" }
{ "origin": "CodeQL Kotlin extractor", "timestamp": "2026-09-27 14:21:35", "kind": "INFO", "message": "Skipping extracting external decl Set" }
{ "origin": "CodeQL Kotlin extractor", "timestamp": "2026-09-27 14:21:35", "kind": "INFO", "message": "Skipping extracting external decl MutableSet" }
{ "origin": "CodeQL Kotlin extractor", "timestamp": "2026-09-27 14:21:35", "kind": "INFO", "message": "Skipping extracting external decl BiConsumer" }
{ "origin": "CodeQL Kotlin extractor", "timestamp": "2026-09-27 14:21:35", "kind": "INFO", "message": "Skipping extracting external decl BiFunction" }
{ "origin": "CodeQL Kotlin extractor", "timestamp": "2026-09-27 14:21:35", "kind": "INFO", "message": "Skipping extracting external decl Function" }
{ "origin": "CodeQL Kotlin extractor", "timestamp": "2026-09-27 14:21:35", "kind": "INFO", "message": "Skipping extracting external decl Collection" }
{ "origin": "CodeQL Kotlin extractor", "timestamp": "2026-09-27 14:21:35", "kind": "INFO", "message": "Skipping extracting external decl plus" }
{ "origin": "CodeQL Kotlin extractor", "timestamp": "2026-09-27 14:21:35", "kind": "INFO", "message": "Skipping extracting external decl SinceKotlin" }
{ "origin": "CodeQL Kotlin extractor", "timestamp": "2026-09-27 14:21:35", "kind": "INFO", "message": "Skipping extracting external decl InlineOnly" }
{ "origin": "CodeQL Kotlin extractor", "timestamp": "2026-09-27 14:21:35", "kind": "INFO", "message": "Skipping extracting external decl JvmName" }
{ "origin": "CodeQL Kotlin extractor", "timestamp": "2026-09-27 14:21:35", "kind": "INFO", "message": "Finished writing TRAP file /Users/macbook/Octo/static_analysis_codeql_1/codeql-kotlin.db/trap/java/Users/macbook/Octo/modules/recon/src/main/kotlin/com/octo/recon/compliance/Compliance.kt.trap.gz" }
{ "origin": "CodeQL Kotlin extractor", "timestamp": "2026-09-27 14:21:35", "kind": "INFO", "message": "Extracting file /Users/macbook/Octo/modules/recon/src/main/kotlin/com/octo/recon/compliance/persistence/JdbcComplianceStore.kt" }
{ "origin": "CodeQL Kotlin extractor", "timestamp": "2026-09-27 14:21:35", "kind": "INFO", "message": "Will write TRAP file /Users/macbook/Octo/static_analysis_codeql_1/codeql-kotlin.db/trap/java/Users/macbook/Octo/modules/recon/src/main/kotlin/com/octo/recon/compliance/persistence/JdbcComplianceStore.kt.trap.gz" }
{ "origin": "CodeQL Kotlin extractor", "timestamp": "2026-09-27 14:21:35", "kind": "INFO", "message": "Will write TRAP file /Users/macbook/Octo/static_analysis_codeql_1/codeql-kotlin.db/trap/java/classes/com/octo/recon/compliance/persistence/ComplianceProvenance.members/ComplianceProvenance.members#0.0-0-kotlin.trap.gz" }
{ "origin": "CodeQL Kotlin extractor", "timestamp": "2026-09-27 14:21:35", "kind": "INFO", "message": "Finished writing TRAP file /Users/macbook/Octo/static_analysis_codeql_1/codeql-kotlin.db/trap/java/classes/com/octo/recon/compliance/persistence/ComplianceProvenance.members/ComplianceProvenance.members#0.0-0-kotlin.trap.gz" }
{ "origin": "CodeQL Kotlin extractor", "timestamp": "2026-09-27 14:21:35", "kind": "INFO", "message": "Will write TRAP file /Users/macbook/Octo/static_analysis_codeql_1/codeql-kotlin.db/trap/java/classes/com/octo/recon/compliance/persistence/ComplianceStore.members/ComplianceStore.members#0.0-0-kotlin.trap.gz" }
{ "origin": "CodeQL Kotlin extractor", "timestamp": "2026-09-27 14:21:35", "kind": "INFO", "message": "Finished writing TRAP file /Users/macbook/Octo/static_analysis_codeql_1/codeql-kotlin.db/trap/java/classes/com/octo/recon/compliance/persistence/ComplianceStore.members/ComplianceStore.members#0.0-0-kotlin.trap.gz" }
{ "origin": "CodeQL Kotlin extractor", "timestamp": "2026-09-27 14:21:35", "kind": "ERROR", "message": "Diagnostic(com.github.codeql.KotlinFileExtractor.findTopLevelPropertyOrWarn(KotlinFileExtractor.kt:3914)): At file:///Users/macbook/Octo/modules/recon/src/main/kotlin/com/octo/recon/compliance/persistence/JdbcComplianceStore.kt:132:111:132:114: Couldn't find JVM intrinsic property kotlin.jvm java in kotlin.jvm.JvmClassMappingKt  ...while extracting a call (<no name>) at file:///Users/macbook/Octo/modules/recon/src/main/kotlin/com/octo/recon/compliance/persistence/JdbcComplianceStore.kt:132:111:132:114\n  ...while extracting a expression (<no name>) at file:///Users/macbook/Octo/modules/recon/src/main/kotlin/com/octo/recon/compliance/persistence/JdbcComplianceStore.kt:132:111:132:114\n  ...while extracting a call (<no name>) at file:///Users/macbook/Octo/modules/recon/src/main/kotlin/com/octo/recon/compliance/persistence/JdbcComplianceStore.kt:132:78:132:115\n  ...while extracting a expression (<no name>) at file:///Users/macbook/Octo/modules/recon/src/main/kotlin/com/octo/recon/compliance/persistence/JdbcComplianceStore.kt:132:78:132:115\n  ...while extracting a expression (<no name>) at file:///Users/macbook/Octo/modules/recon/src/main/kotlin/com/octo/recon/compliance/persistence/JdbcComplianceStore.kt:132:56:132:125\n  ...while extracting a expression (<no name>) at file:///Users/macbook/Octo/modules/recon/src/main/kotlin/com/octo/recon/compliance/persistence/JdbcComplianceStore.kt:132:126:132:125\n  ...while extracting a statement (<no name>) at file:///Users/macbook/Octo/modules/recon/src/main/kotlin/com/octo/recon/compliance/persistence/JdbcComplianceStore.kt:132:126:132:125\n  ...while extracting a block body (<no name>) at file:///Users/macbook/Octo/modules/recon/src/main/kotlin/com/octo/recon/compliance/persistence/JdbcComplianceStore.kt:132:56:132:125\n  ...while extracting a body (<no name>) at file:///Users/macbook/Octo/modules/recon/src/main/kotlin/com/octo/recon/compliance/persistence/JdbcComplianceStore.kt:132:56:132:125\n  ...while extracting a function (<anonymous>) at file:///Users/macbook/Octo/modules/recon/src/main/kotlin/com/octo/recon/compliance/persistence/JdbcComplianceStore.kt:132:46:132:127\n  ...while extracting a generated class (<anonymous>) at file:///Users/macbook/Octo/modules/recon/src/main/kotlin/com/octo/recon/compliance/persistence/JdbcComplianceStore.kt:132:46:132:127\n  ...while extracting a expression (<no name>) at file:///Users/macbook/Octo/modules/recon/src/main/kotlin/com/octo/recon/compliance/persistence/JdbcComplianceStore.kt:132:46:132:127\n  ...while extracting a call (<no name>) at file:///Users/macbook/Octo/modules/recon/src/main/kotlin/com/octo/recon/compliance/persistence/JdbcComplianceStore.kt:132:42:132:127\n  ...while extracting a expression (<no name>) at file:///Users/macbook/Octo/modules/recon/src/main/kotlin/com/octo/recon/compliance/persistence/JdbcComplianceStore.kt:132:42:132:127\n  ...while extracting a expression (<no name>) at file:///Users/macbook/Octo/modules/recon/src/main/kotlin/com/octo/recon/compliance/persistence/JdbcComplianceStore.kt:132:128:132:127\n  ...while extracting a statement (<no name>) at file:///Users/macbook/Octo/modules/recon/src/main/kotlin/com/octo/recon/compliance/persistence/JdbcComplianceStore.kt:132:128:132:127\n  ...while extracting a block body (<no name>) at file:///Users/macbook/Octo/modules/recon/src/main/kotlin/com/octo/recon/compliance/persistence/JdbcComplianceStore.kt:128:17:132:127\n  ...while extracting a body (<no name>) at file:///Users/macbook/Octo/modules/recon/src/main/kotlin/com/octo/recon/compliance/persistence/JdbcComplianceStore.kt:128:17:132:127\n  ...while extracting a function (<anonymous>) at file:///Users/macbook/Octo/modules/recon/src/main/kotlin/com/octo/recon/compliance/persistence/JdbcComplianceStore.kt:127:50:133:13\n  ...while extracting a generated class (<anonymous>) at file:///Users/macbook/Octo/modules/recon/src/main/kotlin/com/octo/recon/compliance/persistence/JdbcComplianceStore.kt:127:50:133:13\n  ...while extracting a expression (<no name>) at file:///Users/macbook/Octo/modules/recon/src/main/kotlin/com/octo/recon/compliance/persistence/JdbcComplianceStore.kt:127:50:133:13\n  ...while extracting a call (<no name>) at file:///Users/macbook/Octo/modules/recon/src/main/kotlin/com/octo/recon/compliance/persistence/JdbcComplianceStore.kt:127:46:133:13\n  ...while extracting a expression (<no name>) at file:///Users/macbook/Octo/modules/recon/src/main/kotlin/com/octo/recon/compliance/persistence/JdbcComplianceStore.kt:127:46:133:13\n  ...while extracting a expression (<no name>) at file:///Users/macbook/Octo/modules/recon/src/main/kotlin/com/octo/recon/compliance/persistence/JdbcComplianceStore.kt:133:14:133:13\n  ...while extracting a statement (<no name>) at file:///Users/macbook/Octo/modules/recon/src/main/kotlin/com/octo/recon/compliance/persistence/JdbcComplianceStore.kt:133:14:133:13\n  ...while extracting a block body (<no name>) at file:///Users/macbook/Octo/modules/recon/src/main/kotlin/com/octo/recon/compliance/persistence/JdbcComplianceStore.kt:127:13:133:13\n  ...while extracting a body (<no name>) at file:///Users/macbook/Octo/modules/recon/src/main/kotlin/com/octo/recon/compliance/persistence/JdbcComplianceStore.kt:127:13:133:13\n  ...while extracting a function (<anonymous>) at file:///Users/macbook/Octo/modules/recon/src/main/kotlin/com/octo/recon/compliance/persistence/JdbcComplianceStore.kt:126:41:134:9\n  ...while extracting a generated class (<anonymous>) at file:///Users/macbook/Octo/modules/recon/src/main/kotlin/com/octo/recon/compliance/persistence/JdbcComplianceStore.kt:126:41:134:9\n  ...while extracting a expression (<no name>) at file:///Users/macbook/Octo/modules/recon/src/main/kotlin/com/octo/recon/compliance/persistence/JdbcComplianceStore.kt:126:41:134:9\n  ...while extracting a call (<no name>) at file:///Users/macbook/Octo/modules/recon/src/main/kotlin/com/octo/recon/compliance/persistence/JdbcComplianceStore.kt:126:27:134:9\n  ...while extracting a expression (<no name>) at file:///Users/macbook/Octo/modules/recon/src/main/kotlin/com/octo/recon/compliance/persistence/JdbcComplianceStore.kt:126:27:134:9\n  ...while extracting a expression (<no name>) at file:///Users/macbook/Octo/modules/recon/src/main/kotlin/com/octo/recon/compliance/persistence/JdbcComplianceStore.kt:126:9:134:9\n  ...while extracting a statement (<no name>) at file:///Users/macbook/Octo/modules/recon/src/main/kotlin/com/octo/recon/compliance/persistence/JdbcComplianceStore.kt:126:9:134:9\n  ...while extracting a block body (<no name>) at file:///Users/macbook/Octo/modules/recon/src/main/kotlin/com/octo/recon/compliance/persistence/JdbcComplianceStore.kt:120:14:135:5\n  ...while extracting a body (<no name>) at file:///Users/macbook/Octo/modules/recon/src/main/kotlin/com/octo/recon/compliance/persistence/JdbcComplianceStore.kt:120:14:135:5\n  ...while extracting a function (breachTask) at file:///Users/macbook/Octo/modules/recon/src/main/kotlin/com/octo/recon/compliance/persistence/JdbcComplianceStore.kt:116:14:135:5\n  ...while extracting a declaration (breachTask) at file:///Users/macbook/Octo/modules/recon/src/main/kotlin/com/octo/recon/compliance/persistence/JdbcComplianceStore.kt:116:14:135:5\n  ...while extracting a class source (JdbcComplianceStore) at file:///Users/macbook/Octo/modules/recon/src/main/kotlin/com/octo/recon/compliance/persistence/JdbcComplianceStore.kt:58:1:200:1\n  ...while extracting a declaration (JdbcComplianceStore) at file:///Users/macbook/Octo/modules/recon/src/main/kotlin/com/octo/recon/compliance/persistence/JdbcComplianceStore.kt:58:1:200:1\n  ...while extracting a file (JdbcComplianceStore.kt) at file:///Users/macbook/Octo/modules/recon/src/main/kotlin/com/octo/recon/compliance/persistence/JdbcComplianceStore.kt:1:1:201:0\n" }
{ "origin": "CodeQL Kotlin extractor", "timestamp": "2026-09-27 14:21:35", "kind": "ERROR", "message": "Diagnostic(com.github.codeql.KotlinFileExtractor.findTopLevelPropertyOrWarn(KotlinFileExtractor.kt:3914)): At file:///Users/macbook/Octo/modules/recon/src/main/kotlin/com/octo/recon/compliance/persistence/JdbcComplianceStore.kt:165:54:165:57: Couldn't find JVM intrinsic property kotlin.jvm java in kotlin.jvm.JvmClassMappingKt  ...while extracting a call (<no name>) at file:///Users/macbook/Octo/modules/recon/src/main/kotlin/com/octo/recon/compliance/persistence/JdbcComplianceStore.kt:165:54:165:57\n  ...while extracting a expression (<no name>) at file:///Users/macbook/Octo/modules/recon/src/main/kotlin/com/octo/recon/compliance/persistence/JdbcComplianceStore.kt:165:54:165:57\n  ...while extracting a call (<no name>) at file:///Users/macbook/Octo/modules/recon/src/main/kotlin/com/octo/recon/compliance/persistence/JdbcComplianceStore.kt:165:26:165:58\n  ...while extracting a expression (<no name>) at file:///Users/macbook/Octo/modules/recon/src/main/kotlin/com/octo/recon/compliance/persistence/JdbcComplianceStore.kt:165:26:165:58\n  ...while extracting a expression (<no name>) at file:///Users/macbook/Octo/modules/recon/src/main/kotlin/com/octo/recon/compliance/persistence/JdbcComplianceStore.kt:165:59:165:58\n  ...while extracting a statement (<no name>) at file:///Users/macbook/Octo/modules/recon/src/main/kotlin/com/octo/recon/compliance/persistence/JdbcComplianceStore.kt:165:59:165:58\n  ...while extracting a block body (<no name>) at file:///Users/macbook/Octo/modules/recon/src/main/kotlin/com/octo/recon/compliance/persistence/JdbcComplianceStore.kt:164:21:165:58\n  ...while extracting a body (<no name>) at file:///Users/macbook/Octo/modules/recon/src/main/kotlin/com/octo/recon/compliance/persistence/JdbcComplianceStore.kt:164:21:165:58\n  ...while extracting a function (<anonymous>) at file:///Users/macbook/Octo/modules/recon/src/main/kotlin/com/octo/recon/compliance/persistence/JdbcComplianceStore.kt:163:46:166:17\n  ...while extracting a generated class (<anonymous>) at file:///Users/macbook/Octo/modules/recon/src/main/kotlin/com/octo/recon/compliance/persistence/JdbcComplianceStore.kt:163:46:166:17\n  ...while extracting a expression (<no name>) at file:///Users/macbook/Octo/modules/recon/src/main/kotlin/com/octo/recon/compliance/persistence/JdbcComplianceStore.kt:163:46:166:17\n  ...while extracting a call (<no name>) at file:///Users/macbook/Octo/modules/recon/src/main/kotlin/com/octo/recon/compliance/persistence/JdbcComplianceStore.kt:163:42:166:17\n  ...while extracting a expression (<no name>) at file:///Users/macbook/Octo/modules/recon/src/main/kotlin/com/octo/recon/compliance/persistence/JdbcComplianceStore.kt:163:42:166:17\n  ...while extracting a expression (<no name>) at file:///Users/macbook/Octo/modules/recon/src/main/kotlin/com/octo/recon/compliance/persistence/JdbcComplianceStore.kt:166:18:166:17\n  ...while extracting a statement (<no name>) at file:///Users/macbook/Octo/modules/recon/src/main/kotlin/com/octo/recon/compliance/persistence/JdbcComplianceStore.kt:166:18:166:17\n  ...while extracting a block body (<no name>) at file:///Users/macbook/Octo/modules/recon/src/main/kotlin/com/octo/recon/compliance/persistence/JdbcComplianceStore.kt:153:17:166:17\n  ...while extracting a body (<no name>) at file:///Users/macbook/Octo/modules/recon/src/main/kotlin/com/octo/recon/compliance/persistence/JdbcComplianceStore.kt:153:17:166:17\n  ...while extracting a function (<anonymous>) at file:///Users/macbook/Octo/modules/recon/src/main/kotlin/com/octo/recon/compliance/persistence/JdbcComplianceStore.kt:152:50:167:13\n  ...while extracting a generated class (<anonymous>) at file:///Users/macbook/Octo/modules/recon/src/main/kotlin/com/octo/recon/compliance/persistence/JdbcComplianceStore.kt:152:50:167:13\n  ...while extracting a expression (<no name>) at file:///Users/macbook/Octo/modules/recon/src/main/kotlin/com/octo/recon/compliance/persistence/JdbcComplianceStore.kt:152:50:167:13\n  ...while extracting a call (<no name>) at file:///Users/macbook/Octo/modules/recon/src/main/kotlin/com/octo/recon/compliance/persistence/JdbcComplianceStore.kt:152:46:167:13\n  ...while extracting a expression (<no name>) at file:///Users/macbook/Octo/modules/recon/src/main/kotlin/com/octo/recon/compliance/persistence/JdbcComplianceStore.kt:152:46:167:13\n  ...while extracting a expression (<no name>) at file:///Users/macbook/Octo/modules/recon/src/main/kotlin/com/octo/recon/compliance/persistence/JdbcComplianceStore.kt:167:14:167:13\n  ...while extracting a statement (<no name>) at file:///Users/macbook/Octo/modules/recon/src/main/kotlin/com/octo/recon/compliance/persistence/JdbcComplianceStore.kt:167:14:167:13\n  ...while extracting a block body (<no name>) at file:///Users/macbook/Octo/modules/recon/src/main/kotlin/com/octo/recon/compliance/persistence/JdbcComplianceStore.kt:152:13:167:13\n  ...while extracting a body (<no name>) at file:///Users/macbook/Octo/modules/recon/src/main/kotlin/com/octo/recon/compliance/persistence/JdbcComplianceStore.kt:152:13:167:13\n  ...while extracting a function (<anonymous>) at file:///Users/macbook/Octo/modules/recon/src/main/kotlin/com/octo/recon/compliance/persistence/JdbcComplianceStore.kt:151:41:168:9\n  ...while extracting a generated class (<anonymous>) at file:///Users/macbook/Octo/modules/recon/src/main/kotlin/com/octo/recon/compliance/persistence/JdbcComplianceStore.kt:151:41:168:9\n  ...while extracting a expression (<no name>) at file:///Users/macbook/Octo/modules/recon/src/main/kotlin/com/octo/recon/compliance/persistence/JdbcComplianceStore.kt:151:41:168:9\n  ...while extracting a call (<no name>) at file:///Users/macbook/Octo/modules/recon/src/main/kotlin/com/octo/recon/compliance/persistence/JdbcComplianceStore.kt:151:27:168:9\n  ...while extracting a expression (<no name>) at file:///Users/macbook/Octo/modules/recon/src/main/kotlin/com/octo/recon/compliance/persistence/JdbcComplianceStore.kt:151:27:168:9\n  ...while extracting a type operator call (<no name>) at file:///Users/macbook/Octo/modules/recon/src/main/kotlin/com/octo/recon/compliance/persistence/JdbcComplianceStore.kt:151:27:168:9\n  ...while extracting a expression (<no name>) at file:///Users/macbook/Octo/modules/recon/src/main/kotlin/com/octo/recon/compliance/persistence/JdbcComplianceStore.kt:151:27:168:9\n  ...while extracting a expression (<no name>) at file:///Users/macbook/Octo/modules/recon/src/main/kotlin/com/octo/recon/compliance/persistence/JdbcComplianceStore.kt:151:9:168:9\n  ...while extracting a statement (<no name>) at file:///Users/macbook/Octo/modules/recon/src/main/kotlin/com/octo/recon/compliance/persistence/JdbcComplianceStore.kt:151:9:168:9\n  ...while extracting a block body (<no name>) at file:///Users/macbook/Octo/modules/recon/src/main/kotlin/com/octo/recon/compliance/persistence/JdbcComplianceStore.kt:143:13:169:5\n  ...while extracting a body (<no name>) at file:///Users/macbook/Octo/modules/recon/src/main/kotlin/com/octo/recon/compliance/persistence/JdbcComplianceStore.kt:143:13:169:5\n  ...while extracting a function (record) at file:///Users/macbook/Octo/modules/recon/src/main/kotlin/com/octo/recon/compliance/persistence/JdbcComplianceStore.kt:137:14:169:5\n  ...while extracting a declaration (record) at file:///Users/macbook/Octo/modules/recon/src/main/kotlin/com/octo/recon/compliance/persistence/JdbcComplianceStore.kt:137:14:169:5\n  ...while extracting a class source (JdbcComplianceStore) at file:///Users/macbook/Octo/modules/recon/src/main/kotlin/com/octo/recon/compliance/persistence/JdbcComplianceStore.kt:58:1:200:1\n  ...while extracting a declaration (JdbcComplianceStore) at file:///Users/macbook/Octo/modules/recon/src/main/kotlin/com/octo/recon/compliance/persistence/JdbcComplianceStore.kt:58:1:200:1\n  ...while extracting a file (JdbcComplianceStore.kt) at file:///Users/macbook/Octo/modules/recon/src/main/kotlin/com/octo/recon/compliance/persistence/JdbcComplianceStore.kt:1:1:201:0\n" }
{ "origin": "CodeQL Kotlin extractor", "timestamp": "2026-09-27 14:21:35", "kind": "INFO", "message": "Will write TRAP file /Users/macbook/Octo/static_analysis_codeql_1/codeql-kotlin.db/trap/java/classes/com/octo/recon/compliance/persistence/JdbcComplianceStore.members/JdbcComplianceStore.members#0.0-0-kotlin.trap.gz" }
{ "origin": "CodeQL Kotlin extractor", "timestamp": "2026-09-27 14:21:35", "kind": "INFO", "message": "Finished writing TRAP file /Users/macbook/Octo/static_analysis_codeql_1/codeql-kotlin.db/trap/java/classes/com/octo/recon/compliance/persistence/JdbcComplianceStore.members/JdbcComplianceStore.members#0.0-0-kotlin.trap.gz" }
{ "origin": "CodeQL Kotlin extractor", "timestamp": "2026-09-27 14:21:35", "kind": "INFO", "message": "Will write TRAP file /Users/macbook/Octo/static_analysis_codeql_1/codeql-kotlin.db/trap/java/classes/com/octo/recon/compliance/persistence/JdbcComplianceStoreKt.members/JdbcComplianceStoreKt.members#0.0-0-kotlin.trap.gz" }
{ "origin": "CodeQL Kotlin extractor", "timestamp": "2026-09-27 14:21:35", "kind": "INFO", "message": "Finished writing TRAP file /Users/macbook/Octo/static_analysis_codeql_1/codeql-kotlin.db/trap/java/classes/com/octo/recon/compliance/persistence/JdbcComplianceStoreKt.members/JdbcComplianceStoreKt.members#0.0-0-kotlin.trap.gz" }
{ "origin": "CodeQL Kotlin extractor", "timestamp": "2026-09-27 14:21:35", "kind": "INFO", "message": "Skipping extracting external decl String" }
{ "origin": "CodeQL Kotlin extractor", "timestamp": "2026-09-27 14:21:35", "kind": "INFO", "message": "Skipping extracting external decl String" }
{ "origin": "CodeQL Kotlin extractor", "timestamp": "2026-09-27 14:21:35", "kind": "INFO", "message": "Skipping extracting external decl UUID" }
{ "origin": "CodeQL Kotlin extractor", "timestamp": "2026-09-27 14:21:35", "kind": "INFO", "message": "Skipping extracting external decl Unit" }
{ "origin": "CodeQL Kotlin extractor", "timestamp": "2026-09-27 14:21:35", "kind": "INFO", "message": "Skipping extracting external decl NotNull" }
{ "origin": "CodeQL Kotlin extractor", "timestamp": "2026-09-27 14:21:35", "kind": "INFO", "message": "Skipping extracting external decl Object" }
{ "origin": "CodeQL Kotlin extractor", "timestamp": "2026-09-27 14:21:35", "kind": "INFO", "message": "Skipping extracting external decl Integer" }
{ "origin": "CodeQL Kotlin extractor", "timestamp": "2026-09-27 14:21:35", "kind": "INFO", "message": "Skipping extracting external decl Int" }
{ "origin": "CodeQL Kotlin extractor", "timestamp": "2026-09-27 14:21:35", "kind": "INFO", "message": "Skipping extracting external decl Any" }
{ "origin": "CodeQL Kotlin extractor", "timestamp": "2026-09-27 14:21:35", "kind": "INFO", "message": "Skipping extracting external decl Boolean" }
{ "origin": "CodeQL Kotlin extractor", "timestamp": "2026-09-27 14:21:35", "kind": "INFO", "message": "Skipping extracting external decl Boolean" }
{ "origin": "CodeQL Kotlin extractor", "timestamp": "2026-09-27 14:21:35", "kind": "INFO", "message": "Skipping extracting external decl TenantScope" }
{ "origin": "CodeQL Kotlin extractor", "timestamp": "2026-09-27 14:21:35", "kind": "INFO", "message": "Skipping extracting external decl List" }
{ "origin": "CodeQL Kotlin extractor", "timestamp": "2026-09-27 14:21:35", "kind": "INFO", "message": "Skipping extracting external decl SequencedCollection" }
{ "origin": "CodeQL Kotlin extractor", "timestamp": "2026-09-27 14:21:35", "kind": "INFO", "message": "Skipping extracting external decl Collection" }
{ "origin": "CodeQL Kotlin extractor", "timestamp": "2026-09-27 14:21:35", "kind": "INFO", "message": "Skipping extracting external decl Iterable" }
{ "origin": "CodeQL Kotlin extractor", "timestamp": "2026-09-27 14:21:35", "kind": "INFO", "message": "Skipping extracting external decl MutableIterable" }
{ "origin": "CodeQL Kotlin extractor", "timestamp": "2026-09-27 14:21:35", "kind": "INFO", "message": "Skipping extracting external decl MutableCollection" }
{ "origin": "CodeQL Kotlin extractor", "timestamp": "2026-09-27 14:21:35", "kind": "INFO", "message": "Skipping extracting external decl List" }
{ "origin": "CodeQL Kotlin extractor", "timestamp": "2026-09-27 14:21:35", "kind": "INFO", "message": "Skipping extracting external decl DataSource" }
{ "origin": "CodeQL Kotlin extractor", "timestamp": "2026-09-27 14:21:35", "kind": "INFO", "message": "Skipping extracting external decl ObjectMapper" }
{ "origin": "CodeQL Kotlin extractor", "timestamp": "2026-09-27 14:21:35", "kind": "INFO", "message": "Skipping extracting external decl trimIndent" }
{ "origin": "CodeQL Kotlin extractor", "timestamp": "2026-09-27 14:21:35", "kind": "INFO", "message": "Skipping extracting external decl Function1" }
{ "origin": "CodeQL Kotlin extractor", "timestamp": "2026-09-27 14:21:35", "kind": "INFO", "message": "Skipping extracting external decl Function" }
{ "origin": "CodeQL Kotlin extractor", "timestamp": "2026-09-27 14:21:35", "kind": "INFO", "message": "Skipping extracting external decl Function1" }
{ "origin": "CodeQL Kotlin extractor", "timestamp": "2026-09-27 14:21:35", "kind": "INFO", "message": "Skipping extracting external decl scoped" }
{ "origin": "CodeQL Kotlin extractor", "timestamp": "2026-09-27 14:21:35", "kind": "INFO", "message": "Skipping extracting external decl Connection" }
{ "origin": "CodeQL Kotlin extractor", "timestamp": "2026-09-27 14:21:35", "kind": "INFO", "message": "Skipping extracting external decl AutoCloseable" }
{ "origin": "CodeQL Kotlin extractor", "timestamp": "2026-09-27 14:21:35", "kind": "INFO", "message": "Skipping extracting external decl use" }
{ "origin": "CodeQL Kotlin extractor", "timestamp": "2026-09-27 14:21:35", "kind": "INFO", "message": "Skipping extracting external decl PreparedStatement" }
{ "origin": "CodeQL Kotlin extractor", "timestamp": "2026-09-27 14:21:35", "kind": "INFO", "message": "Skipping extracting external decl ResultSet" }
{ "origin": "CodeQL Kotlin extractor", "timestamp": "2026-09-27 14:21:35", "kind": "INFO", "message": "Skipping extracting external decl Sequence" }
{ "origin": "CodeQL Kotlin extractor", "timestamp": "2026-09-27 14:21:35", "kind": "INFO", "message": "Skipping extracting external decl toList" }
{ "origin": "CodeQL Kotlin extractor", "timestamp": "2026-09-27 14:21:35", "kind": "INFO", "message": "Skipping extracting external decl map" }
{ "origin": "CodeQL Kotlin extractor", "timestamp": "2026-09-27 14:21:35", "kind": "INFO", "message": "Skipping extracting external decl Function0" }
{ "origin": "CodeQL Kotlin extractor", "timestamp": "2026-09-27 14:21:35", "kind": "INFO", "message": "Skipping extracting external decl Function0" }
{ "origin": "CodeQL Kotlin extractor", "timestamp": "2026-09-27 14:21:35", "kind": "INFO", "message": "Skipping extracting external decl generateSequence" }
{ "origin": "CodeQL Kotlin extractor", "timestamp": "2026-09-27 14:21:35", "kind": "INFO", "message": "Skipping extracting external decl Void" }
{ "origin": "CodeQL Kotlin extractor", "timestamp": "2026-09-27 14:21:35", "kind": "INFO", "message": "Skipping extracting external decl Nothing" }
{ "origin": "CodeQL Kotlin extractor", "timestamp": "2026-09-27 14:21:35", "kind": "INFO", "message": "Skipping extracting external decl JsonNode" }
{ "origin": "CodeQL Kotlin extractor", "timestamp": "2026-09-27 14:21:35", "kind": "INFO", "message": "Skipping extracting external decl Map" }
{ "origin": "CodeQL Kotlin extractor", "timestamp": "2026-09-27 14:21:35", "kind": "INFO", "message": "Skipping extracting external decl Map" }
{ "origin": "CodeQL Kotlin extractor", "timestamp": "2026-09-27 14:21:35", "kind": "INFO", "message": "Skipping extracting external decl LocalDate" }
{ "origin": "CodeQL Kotlin extractor", "timestamp": "2026-09-27 14:21:35", "kind": "INFO", "message": "Skipping extracting external decl Class" }
{ "origin": "CodeQL Kotlin extractor", "timestamp": "2026-09-27 14:21:35", "kind": "INFO", "message": "Skipping extracting external decl Serializable" }
{ "origin": "CodeQL Kotlin extractor", "timestamp": "2026-09-27 14:21:35", "kind": "INFO", "message": "Skipping extracting external decl GenericDeclaration" }
{ "origin": "CodeQL Kotlin extractor", "timestamp": "2026-09-27 14:21:35", "kind": "INFO", "message": "Skipping extracting external decl Type" }
{ "origin": "CodeQL Kotlin extractor", "timestamp": "2026-09-27 14:21:35", "kind": "INFO", "message": "Skipping extracting external decl AnnotatedElement" }
{ "origin": "CodeQL Kotlin extractor", "timestamp": "2026-09-27 14:21:35", "kind": "INFO", "message": "Skipping extracting external decl OfField" }
{ "origin": "CodeQL Kotlin extractor", "timestamp": "2026-09-27 14:21:35", "kind": "INFO", "message": "Skipping extracting external decl TypeDescriptor" }
{ "origin": "CodeQL Kotlin extractor", "timestamp": "2026-09-27 14:21:35", "kind": "INFO", "message": "Skipping extracting external decl Constable" }
{ "origin": "CodeQL Kotlin extractor", "timestamp": "2026-09-27 14:21:35", "kind": "INFO", "message": "Skipping extracting external decl Pair" }
{ "origin": "CodeQL Kotlin extractor", "timestamp": "2026-09-27 14:21:35", "kind": "INFO", "message": "Skipping extracting external decl Cloneable" }
{ "origin": "CodeQL Kotlin extractor", "timestamp": "2026-09-27 14:21:35", "kind": "INFO", "message": "Skipping extracting external decl Cloneable" }
{ "origin": "CodeQL Kotlin extractor", "timestamp": "2026-09-27 14:21:35", "kind": "INFO", "message": "Skipping extracting external decl mapOf" }
{ "origin": "CodeQL Kotlin extractor", "timestamp": "2026-09-27 14:21:35", "kind": "INFO", "message": "Skipping extracting external decl to" }
{ "origin": "CodeQL Kotlin extractor", "timestamp": "2026-09-27 14:21:35", "kind": "INFO", "message": "Skipping extracting external decl BigDecimal" }
{ "origin": "CodeQL Kotlin extractor", "timestamp": "2026-09-27 14:21:35", "kind": "INFO", "message": "Skipping extracting external decl Currency" }
{ "origin": "CodeQL Kotlin extractor", "timestamp": "2026-09-27 14:21:35", "kind": "INFO", "message": "Skipping extracting external decl NoWhenBranchMatchedException" }
{ "origin": "CodeQL Kotlin extractor", "timestamp": "2026-09-27 14:21:35", "kind": "INFO", "message": "Skipping extracting external decl error" }
{ "origin": "CodeQL Kotlin extractor", "timestamp": "2026-09-27 14:21:35", "kind": "INFO", "message": "Finished writing TRAP file /Users/macbook/Octo/static_analysis_codeql_1/codeql-kotlin.db/trap/java/Users/macbook/Octo/modules/recon/src/main/kotlin/com/octo/recon/compliance/persistence/JdbcComplianceStore.kt.trap.gz" }
{ "origin": "CodeQL Kotlin extractor", "timestamp": "2026-09-27 14:21:35", "kind": "INFO", "message": "Extracting file /Users/macbook/Octo/modules/recon/src/main/kotlin/com/octo/recon/matching/Reconciliation.kt" }
{ "origin": "CodeQL Kotlin extractor", "timestamp": "2026-09-27 14:21:35", "kind": "INFO", "message": "Will write TRAP file /Users/macbook/Octo/static_analysis_codeql_1/codeql-kotlin.db/trap/java/Users/macbook/Octo/modules/recon/src/main/kotlin/com/octo/recon/matching/Reconciliation.kt.trap.gz" }
{ "origin": "CodeQL Kotlin extractor", "timestamp": "2026-09-27 14:21:35", "kind": "INFO", "message": "Will write TRAP file /Users/macbook/Octo/static_analysis_codeql_1/codeql-kotlin.db/trap/java/classes/com/octo/recon/matching/ReconciliationKt$RECONCILIATION_RULESET;property.members/ReconciliationKt$RECONCILIATION_RULESET;property.members#0.0-0-kotlin.trap.gz" }
{ "origin": "CodeQL Kotlin extractor", "timestamp": "2026-09-27 14:21:35", "kind": "INFO", "message": "Finished writing TRAP file /Users/macbook/Octo/static_analysis_codeql_1/codeql-kotlin.db/trap/java/classes/com/octo/recon/matching/ReconciliationKt$RECONCILIATION_RULESET;property.members/ReconciliationKt$RECONCILIATION_RULESET;property.members#0.0-0-kotlin.trap.gz" }
{ "origin": "CodeQL Kotlin extractor", "timestamp": "2026-09-27 14:21:35", "kind": "INFO", "message": "Will write TRAP file /Users/macbook/Octo/static_analysis_codeql_1/codeql-kotlin.db/trap/java/classes/com/octo/recon/matching/SourceRecord.members/SourceRecord.members#0.0-0-kotlin.trap.gz" }
{ "origin": "CodeQL Kotlin extractor", "timestamp": "2026-09-27 14:21:35", "kind": "INFO", "message": "Finished writing TRAP file /Users/macbook/Octo/static_analysis_codeql_1/codeql-kotlin.db/trap/java/classes/com/octo/recon/matching/SourceRecord.members/SourceRecord.members#0.0-0-kotlin.trap.gz" }
{ "origin": "CodeQL Kotlin extractor", "timestamp": "2026-09-27 14:21:35", "kind": "INFO", "message": "Will write TRAP file /Users/macbook/Octo/static_analysis_codeql_1/codeql-kotlin.db/trap/java/classes/com/octo/recon/matching/IborRecord.members/IborRecord.members#0.0-0-kotlin.trap.gz" }
{ "origin": "CodeQL Kotlin extractor", "timestamp": "2026-09-27 14:21:35", "kind": "INFO", "message": "Finished writing TRAP file /Users/macbook/Octo/static_analysis_codeql_1/codeql-kotlin.db/trap/java/classes/com/octo/recon/matching/IborRecord.members/IborRecord.members#0.0-0-kotlin.trap.gz" }
{ "origin": "CodeQL Kotlin extractor", "timestamp": "2026-09-27 14:21:35", "kind": "INFO", "message": "Will write TRAP file /Users/macbook/Octo/static_analysis_codeql_1/codeql-kotlin.db/trap/java/classes/com/octo/recon/matching/Tolerance$Companion.members/Tolerance$Companion.members#0.0-0-kotlin.trap.gz" }
{ "origin": "CodeQL Kotlin extractor", "timestamp": "2026-09-27 14:21:35", "kind": "INFO", "message": "Finished writing TRAP file /Users/macbook/Octo/static_analysis_codeql_1/codeql-kotlin.db/trap/java/classes/com/octo/recon/matching/Tolerance$Companion.members/Tolerance$Companion.members#0.0-0-kotlin.trap.gz" }
{ "origin": "CodeQL Kotlin extractor", "timestamp": "2026-09-27 14:21:35", "kind": "INFO", "message": "Will write TRAP file /Users/macbook/Octo/static_analysis_codeql_1/codeql-kotlin.db/trap/java/classes/com/octo/recon/matching/Tolerance.members/Tolerance.members#0.0-0-kotlin.trap.gz" }
{ "origin": "CodeQL Kotlin extractor", "timestamp": "2026-09-27 14:21:35", "kind": "INFO", "message": "Finished writing TRAP file /Users/macbook/Octo/static_analysis_codeql_1/codeql-kotlin.db/trap/java/classes/com/octo/recon/matching/Tolerance.members/Tolerance.members#0.0-0-kotlin.trap.gz" }
{ "origin": "CodeQL Kotlin extractor", "timestamp": "2026-09-27 14:21:35", "kind": "INFO", "message": "Will write TRAP file /Users/macbook/Octo/static_analysis_codeql_1/codeql-kotlin.db/trap/java/classes/com/octo/recon/matching/BreakKind$Companion.members/BreakKind$Companion.members#0.0-0-kotlin.trap.gz" }
{ "origin": "CodeQL Kotlin extractor", "timestamp": "2026-09-27 14:21:35", "kind": "INFO", "message": "Finished writing TRAP file /Users/macbook/Octo/static_analysis_codeql_1/codeql-kotlin.db/trap/java/classes/com/octo/recon/matching/BreakKind$Companion.members/BreakKind$Companion.members#0.0-0-kotlin.trap.gz" }
{ "origin": "CodeQL Kotlin extractor", "timestamp": "2026-09-27 14:21:35", "kind": "INFO", "message": "Will write TRAP file /Users/macbook/Octo/static_analysis_codeql_1/codeql-kotlin.db/trap/java/classes/com/octo/recon/matching/BreakKind.members/BreakKind.members#0.0-0-kotlin.trap.gz" }
{ "origin": "CodeQL Kotlin extractor", "timestamp": "2026-09-27 14:21:35", "kind": "INFO", "message": "Finished writing TRAP file /Users/macbook/Octo/static_analysis_codeql_1/codeql-kotlin.db/trap/java/classes/com/octo/recon/matching/BreakKind.members/BreakKind.members#0.0-0-kotlin.trap.gz" }
{ "origin": "CodeQL Kotlin extractor", "timestamp": "2026-09-27 14:21:35", "kind": "INFO", "message": "Will write TRAP file /Users/macbook/Octo/static_analysis_codeql_1/codeql-kotlin.db/trap/java/classes/com/octo/recon/matching/Break.members/Break.members#0.0-0-kotlin.trap.gz" }
{ "origin": "CodeQL Kotlin extractor", "timestamp": "2026-09-27 14:21:35", "kind": "INFO", "message": "Finished writing TRAP file /Users/macbook/Octo/static_analysis_codeql_1/codeql-kotlin.db/trap/java/classes/com/octo/recon/matching/Break.members/Break.members#0.0-0-kotlin.trap.gz" }
{ "origin": "CodeQL Kotlin extractor", "timestamp": "2026-09-27 14:21:35", "kind": "INFO", "message": "Will write TRAP file /Users/macbook/Octo/static_analysis_codeql_1/codeql-kotlin.db/trap/java/classes/com/octo/recon/matching/Reconciliation.members/Reconciliation.members#0.0-0-kotlin.trap.gz" }
{ "origin": "CodeQL Kotlin extractor", "timestamp": "2026-09-27 14:21:35", "kind": "INFO", "message": "Finished writing TRAP file /Users/macbook/Octo/static_analysis_codeql_1/codeql-kotlin.db/trap/java/classes/com/octo/recon/matching/Reconciliation.members/Reconciliation.members#0.0-0-kotlin.trap.gz" }
{ "origin": "CodeQL Kotlin extractor", "timestamp": "2026-09-27 14:21:35", "kind": "WARN", "message": "Diagnostic(com.github.codeql.KotlinUsesExtractor.kotlinFunctionToJavaEquivalent(KotlinUsesExtractor.kt:1716)): Couldn't find a Java equivalent function to kotlin.Int.toLong in java.lang.Integer  ...while extracting a call (<no name>) at file:///Users/macbook/Octo/modules/recon/src/main/kotlin/com/octo/recon/matching/Reconciliation.kt:139:81:139:84\n  ...while extracting a expression (<no name>) at file:///Users/macbook/Octo/modules/recon/src/main/kotlin/com/octo/recon/matching/Reconciliation.kt:139:81:139:84\n  ...while extracting a call (<no name>) at file:///Users/macbook/Octo/modules/recon/src/main/kotlin/com/octo/recon/matching/Reconciliation.kt:139:13:139:84\n  ...while extracting a expression (<no name>) at file:///Users/macbook/Octo/modules/recon/src/main/kotlin/com/octo/recon/matching/Reconciliation.kt:139:13:139:84\n  ...while extracting a expression (<no name>) at file:///Users/macbook/Octo/modules/recon/src/main/kotlin/com/octo/recon/matching/Reconciliation.kt:139:9:151:9\n  ...while extracting a statement (<no name>) at file:///Users/macbook/Octo/modules/recon/src/main/kotlin/com/octo/recon/matching/Reconciliation.kt:139:9:151:9\n  ...while extracting a expression (<no name>) at file:///Users/macbook/Octo/modules/recon/src/main/kotlin/com/octo/recon/matching/Reconciliation.kt:104:28:152:5\n  ...while extracting a expression (<no name>) at file:///Users/macbook/Octo/modules/recon/src/main/kotlin/com/octo/recon/matching/Reconciliation.kt:104:5:152:5\n  ...while extracting a statement (<no name>) at file:///Users/macbook/Octo/modules/recon/src/main/kotlin/com/octo/recon/matching/Reconciliation.kt:104:5:152:5\n  ...while extracting a block body (<no name>) at file:///Users/macbook/Octo/modules/recon/src/main/kotlin/com/octo/recon/matching/Reconciliation.kt:90:19:165:1\n  ...while extracting a body (<no name>) at file:///Users/macbook/Octo/modules/recon/src/main/kotlin/com/octo/recon/matching/Reconciliation.kt:90:19:165:1\n  ...while extracting a function (reconcile) at file:///Users/macbook/Octo/modules/recon/src/main/kotlin/com/octo/recon/matching/Reconciliation.kt:86:1:165:1\n  ...while extracting a declaration (reconcile) at file:///Users/macbook/Octo/modules/recon/src/main/kotlin/com/octo/recon/matching/Reconciliation.kt:86:1:165:1\n  ...while extracting a file (Reconciliation.kt) at file:///Users/macbook/Octo/modules/recon/src/main/kotlin/com/octo/recon/matching/Reconciliation.kt:1:1:166:0\n" }
{ "origin": "CodeQL Kotlin extractor", "timestamp": "2026-09-27 14:21:35", "kind": "INFO", "message": "Will write TRAP file /Users/macbook/Octo/static_analysis_codeql_1/codeql-kotlin.db/trap/java/classes/com/octo/recon/matching/ReconciliationKt$reconcile(java.util.List,java.util.List,com.octo.recon.matching.Tolerance).members/ReconciliationKt$reconcile(java.util.List,java.util.List,com.octo.recon.matching.Tolerance).members#0.0-0-kotlin.trap.gz" }
{ "origin": "CodeQL Kotlin extractor", "timestamp": "2026-09-27 14:21:35", "kind": "INFO", "message": "Finished writing TRAP file /Users/macbook/Octo/static_analysis_codeql_1/codeql-kotlin.db/trap/java/classes/com/octo/recon/matching/ReconciliationKt$reconcile(java.util.List,java.util.List,com.octo.recon.matching.Tolerance).members/ReconciliationKt$reconcile(java.util.List,java.util.List,com.octo.recon.matching.Tolerance).members#0.0-0-kotlin.trap.gz" }
{ "origin": "CodeQL Kotlin extractor", "timestamp": "2026-09-27 14:21:35", "kind": "INFO", "message": "Will write TRAP file /Users/macbook/Octo/static_analysis_codeql_1/codeql-kotlin.db/trap/java/classes/com/octo/recon/matching/ReconciliationKt.members/ReconciliationKt.members#0.0-0-kotlin.trap.gz" }
{ "origin": "CodeQL Kotlin extractor", "timestamp": "2026-09-27 14:21:35", "kind": "INFO", "message": "Finished writing TRAP file /Users/macbook/Octo/static_analysis_codeql_1/codeql-kotlin.db/trap/java/classes/com/octo/recon/matching/ReconciliationKt.members/ReconciliationKt.members#0.0-0-kotlin.trap.gz" }
{ "origin": "CodeQL Kotlin extractor", "timestamp": "2026-09-27 14:21:35", "kind": "INFO", "message": "Skipping extracting external decl String" }
{ "origin": "CodeQL Kotlin extractor", "timestamp": "2026-09-27 14:21:35", "kind": "INFO", "message": "Skipping extracting external decl String" }
{ "origin": "CodeQL Kotlin extractor", "timestamp": "2026-09-27 14:21:35", "kind": "INFO", "message": "Skipping extracting external decl NotNull" }
{ "origin": "CodeQL Kotlin extractor", "timestamp": "2026-09-27 14:21:35", "kind": "INFO", "message": "Skipping extracting external decl BigDecimal" }
{ "origin": "CodeQL Kotlin extractor", "timestamp": "2026-09-27 14:21:35", "kind": "INFO", "message": "Skipping extracting external decl Currency" }
{ "origin": "CodeQL Kotlin extractor", "timestamp": "2026-09-27 14:21:35", "kind": "INFO", "message": "Skipping extracting external decl LocalDate" }
{ "origin": "CodeQL Kotlin extractor", "timestamp": "2026-09-27 14:21:35", "kind": "INFO", "message": "Skipping extracting external decl Unit" }
{ "origin": "CodeQL Kotlin extractor", "timestamp": "2026-09-27 14:21:35", "kind": "INFO", "message": "Skipping extracting external decl Object" }
{ "origin": "CodeQL Kotlin extractor", "timestamp": "2026-09-27 14:21:35", "kind": "INFO", "message": "Skipping extracting external decl Boolean" }
{ "origin": "CodeQL Kotlin extractor", "timestamp": "2026-09-27 14:21:35", "kind": "INFO", "message": "Skipping extracting external decl Boolean" }
{ "origin": "CodeQL Kotlin extractor", "timestamp": "2026-09-27 14:21:35", "kind": "INFO", "message": "Skipping extracting external decl Any" }
{ "origin": "CodeQL Kotlin extractor", "timestamp": "2026-09-27 14:21:35", "kind": "INFO", "message": "Skipping extracting external decl Function0" }
{ "origin": "CodeQL Kotlin extractor", "timestamp": "2026-09-27 14:21:35", "kind": "INFO", "message": "Skipping extracting external decl Function" }
{ "origin": "CodeQL Kotlin extractor", "timestamp": "2026-09-27 14:21:35", "kind": "INFO", "message": "Skipping extracting external decl Function0" }
{ "origin": "CodeQL Kotlin extractor", "timestamp": "2026-09-27 14:21:35", "kind": "INFO", "message": "Skipping extracting external decl require" }
{ "origin": "CodeQL Kotlin extractor", "timestamp": "2026-09-27 14:21:35", "kind": "INFO", "message": "Skipping extracting external decl CharSequence" }
{ "origin": "CodeQL Kotlin extractor", "timestamp": "2026-09-27 14:21:35", "kind": "INFO", "message": "Skipping extracting external decl CharSequence" }
{ "origin": "CodeQL Kotlin extractor", "timestamp": "2026-09-27 14:21:35", "kind": "INFO", "message": "Skipping extracting external decl isNotBlank" }
{ "origin": "CodeQL Kotlin extractor", "timestamp": "2026-09-27 14:21:35", "kind": "INFO", "message": "Skipping extracting external decl Integer" }
{ "origin": "CodeQL Kotlin extractor", "timestamp": "2026-09-27 14:21:35", "kind": "INFO", "message": "Skipping extracting external decl Int" }
{ "origin": "CodeQL Kotlin extractor", "timestamp": "2026-09-27 14:21:35", "kind": "INFO", "message": "Skipping extracting external decl UUID" }
{ "origin": "CodeQL Kotlin extractor", "timestamp": "2026-09-27 14:21:35", "kind": "INFO", "message": "Skipping extracting external decl Void" }
{ "origin": "CodeQL Kotlin extractor", "timestamp": "2026-09-27 14:21:35", "kind": "INFO", "message": "Skipping extracting external decl Nothing" }
{ "origin": "CodeQL Kotlin extractor", "timestamp": "2026-09-27 14:21:35", "kind": "INFO", "message": "Skipping extracting external decl Enum" }
{ "origin": "CodeQL Kotlin extractor", "timestamp": "2026-09-27 14:21:35", "kind": "INFO", "message": "Skipping extracting external decl Constable" }
{ "origin": "CodeQL Kotlin extractor", "timestamp": "2026-09-27 14:21:35", "kind": "INFO", "message": "Skipping extracting external decl Comparable" }
{ "origin": "CodeQL Kotlin extractor", "timestamp": "2026-09-27 14:21:35", "kind": "INFO", "message": "Skipping extracting external decl Comparable" }
{ "origin": "CodeQL Kotlin extractor", "timestamp": "2026-09-27 14:21:35", "kind": "INFO", "message": "Skipping extracting external decl Serializable" }
{ "origin": "CodeQL Kotlin extractor", "timestamp": "2026-09-27 14:21:35", "kind": "INFO", "message": "Skipping extracting external decl Enum" }
{ "origin": "CodeQL Kotlin extractor", "timestamp": "2026-09-27 14:21:35", "kind": "INFO", "message": "Skipping extracting external decl Class" }
{ "origin": "CodeQL Kotlin extractor", "timestamp": "2026-09-27 14:21:35", "kind": "INFO", "message": "Skipping extracting external decl GenericDeclaration" }
{ "origin": "CodeQL Kotlin extractor", "timestamp": "2026-09-27 14:21:35", "kind": "INFO", "message": "Skipping extracting external decl Type" }
{ "origin": "CodeQL Kotlin extractor", "timestamp": "2026-09-27 14:21:35", "kind": "INFO", "message": "Skipping extracting external decl AnnotatedElement" }
{ "origin": "CodeQL Kotlin extractor", "timestamp": "2026-09-27 14:21:35", "kind": "INFO", "message": "Skipping extracting external decl OfField" }
{ "origin": "CodeQL Kotlin extractor", "timestamp": "2026-09-27 14:21:35", "kind": "INFO", "message": "Skipping extracting external decl TypeDescriptor" }
{ "origin": "CodeQL Kotlin extractor", "timestamp": "2026-09-27 14:21:35", "kind": "INFO", "message": "Skipping extracting external decl Optional" }
{ "origin": "CodeQL Kotlin extractor", "timestamp": "2026-09-27 14:21:35", "kind": "INFO", "message": "Skipping extracting external decl EnumDesc" }
{ "origin": "CodeQL Kotlin extractor", "timestamp": "2026-09-27 14:21:35", "kind": "INFO", "message": "Skipping extracting external decl DynamicConstantDesc" }
{ "origin": "CodeQL Kotlin extractor", "timestamp": "2026-09-27 14:21:35", "kind": "INFO", "message": "Skipping extracting external decl ConstantDesc" }
{ "origin": "CodeQL Kotlin extractor", "timestamp": "2026-09-27 14:21:35", "kind": "INFO", "message": "Skipping extracting external decl Iterable" }
{ "origin": "CodeQL Kotlin extractor", "timestamp": "2026-09-27 14:21:35", "kind": "INFO", "message": "Skipping extracting external decl Iterable" }
{ "origin": "CodeQL Kotlin extractor", "timestamp": "2026-09-27 14:21:35", "kind": "INFO", "message": "Skipping extracting external decl Function1" }
{ "origin": "CodeQL Kotlin extractor", "timestamp": "2026-09-27 14:21:35", "kind": "INFO", "message": "Skipping extracting external decl Function1" }
{ "origin": "CodeQL Kotlin extractor", "timestamp": "2026-09-27 14:21:35", "kind": "INFO", "message": "Skipping extracting external decl first" }
{ "origin": "CodeQL Kotlin extractor", "timestamp": "2026-09-27 14:21:35", "kind": "INFO", "message": "Skipping extracting external decl EnumEntries" }
{ "origin": "CodeQL Kotlin extractor", "timestamp": "2026-09-27 14:21:35", "kind": "INFO", "message": "Skipping extracting external decl List" }
{ "origin": "CodeQL Kotlin extractor", "timestamp": "2026-09-27 14:21:35", "kind": "INFO", "message": "Skipping extracting external decl SequencedCollection" }
{ "origin": "CodeQL Kotlin extractor", "timestamp": "2026-09-27 14:21:35", "kind": "INFO", "message": "Skipping extracting external decl Collection" }
{ "origin": "CodeQL Kotlin extractor", "timestamp": "2026-09-27 14:21:35", "kind": "INFO", "message": "Skipping extracting external decl MutableIterable" }
{ "origin": "CodeQL Kotlin extractor", "timestamp": "2026-09-27 14:21:35", "kind": "INFO", "message": "Skipping extracting external decl MutableCollection" }
{ "origin": "CodeQL Kotlin extractor", "timestamp": "2026-09-27 14:21:35", "kind": "INFO", "message": "Skipping extracting external decl List" }
{ "origin": "CodeQL Kotlin extractor", "timestamp": "2026-09-27 14:21:35", "kind": "INFO", "message": "Skipping extracting external decl Cloneable" }
{ "origin": "CodeQL Kotlin extractor", "timestamp": "2026-09-27 14:21:35", "kind": "INFO", "message": "Skipping extracting external decl Cloneable" }
{ "origin": "CodeQL Kotlin extractor", "timestamp": "2026-09-27 14:21:35", "kind": "INFO", "message": "Skipping extracting external decl Map" }
{ "origin": "CodeQL Kotlin extractor", "timestamp": "2026-09-27 14:21:35", "kind": "INFO", "message": "Skipping extracting external decl Map" }
{ "origin": "CodeQL Kotlin extractor", "timestamp": "2026-09-27 14:21:35", "kind": "INFO", "message": "Skipping extracting external decl Pair" }
{ "origin": "CodeQL Kotlin extractor", "timestamp": "2026-09-27 14:21:35", "kind": "INFO", "message": "Skipping extracting external decl DefaultConstructorMarker" }
{ "origin": "CodeQL Kotlin extractor", "timestamp": "2026-09-27 14:21:35", "kind": "INFO", "message": "Skipping extracting external decl Set" }
{ "origin": "CodeQL Kotlin extractor", "timestamp": "2026-09-27 14:21:35", "kind": "INFO", "message": "Skipping extracting external decl Iterator" }
{ "origin": "CodeQL Kotlin extractor", "timestamp": "2026-09-27 14:21:35", "kind": "INFO", "message": "Skipping extracting external decl MutableIterator" }
{ "origin": "CodeQL Kotlin extractor", "timestamp": "2026-09-27 14:21:35", "kind": "INFO", "message": "Skipping extracting external decl Consumer" }
{ "origin": "CodeQL Kotlin extractor", "timestamp": "2026-09-27 14:21:35", "kind": "INFO", "message": "Skipping extracting external decl Spliterator" }
{ "origin": "CodeQL Kotlin extractor", "timestamp": "2026-09-27 14:21:35", "kind": "INFO", "message": "Skipping extracting external decl IntFunction" }
{ "origin": "CodeQL Kotlin extractor", "timestamp": "2026-09-27 14:21:35", "kind": "INFO", "message": "Skipping extracting external decl Predicate" }
{ "origin": "CodeQL Kotlin extractor", "timestamp": "2026-09-27 14:21:35", "kind": "INFO", "message": "Skipping extracting external decl Stream" }
{ "origin": "CodeQL Kotlin extractor", "timestamp": "2026-09-27 14:21:35", "kind": "INFO", "message": "Skipping extracting external decl BaseStream" }
{ "origin": "CodeQL Kotlin extractor", "timestamp": "2026-09-27 14:21:35", "kind": "INFO", "message": "Skipping extracting external decl AutoCloseable" }
{ "origin": "CodeQL Kotlin extractor", "timestamp": "2026-09-27 14:21:35", "kind": "INFO", "message": "Skipping extracting external decl Collection" }
{ "origin": "CodeQL Kotlin extractor", "timestamp": "2026-09-27 14:21:35", "kind": "INFO", "message": "Skipping extracting external decl MutableSet" }
{ "origin": "CodeQL Kotlin extractor", "timestamp": "2026-09-27 14:21:35", "kind": "INFO", "message": "Skipping extracting external decl Set" }
{ "origin": "CodeQL Kotlin extractor", "timestamp": "2026-09-27 14:21:35", "kind": "INFO", "message": "Skipping extracting external decl toSet" }
{ "origin": "CodeQL Kotlin extractor", "timestamp": "2026-09-27 14:21:35", "kind": "INFO", "message": "Skipping extracting external decl map" }
{ "origin": "CodeQL Kotlin extractor", "timestamp": "2026-09-27 14:21:35", "kind": "INFO", "message": "Skipping extracting external decl to" }
{ "origin": "CodeQL Kotlin extractor", "timestamp": "2026-09-27 14:21:35", "kind": "INFO", "message": "Skipping extracting external decl UnaryOperator" }
{ "origin": "CodeQL Kotlin extractor", "timestamp": "2026-09-27 14:21:35", "kind": "INFO", "message": "Skipping extracting external decl Function" }
{ "origin": "CodeQL Kotlin extractor", "timestamp": "2026-09-27 14:21:35", "kind": "INFO", "message": "Skipping extracting external decl Comparator" }
{ "origin": "CodeQL Kotlin extractor", "timestamp": "2026-09-27 14:21:35", "kind": "INFO", "message": "Skipping extracting external decl ListIterator" }
{ "origin": "CodeQL Kotlin extractor", "timestamp": "2026-09-27 14:21:35", "kind": "INFO", "message": "Skipping extracting external decl MutableListIterator" }
{ "origin": "CodeQL Kotlin extractor", "timestamp": "2026-09-27 14:21:35", "kind": "INFO", "message": "Skipping extracting external decl MutableList" }
{ "origin": "CodeQL Kotlin extractor", "timestamp": "2026-09-27 14:21:35", "kind": "INFO", "message": "Skipping extracting external decl groupBy" }
{ "origin": "CodeQL Kotlin extractor", "timestamp": "2026-09-27 14:21:35", "kind": "INFO", "message": "Skipping extracting external decl filter" }
{ "origin": "CodeQL Kotlin extractor", "timestamp": "2026-09-27 14:21:35", "kind": "INFO", "message": "Skipping extracting external decl firstOrNull" }
{ "origin": "CodeQL Kotlin extractor", "timestamp": "2026-09-27 14:21:35", "kind": "INFO", "message": "Skipping extracting external decl MutableMap" }
{ "origin": "CodeQL Kotlin extractor", "timestamp": "2026-09-27 14:21:35", "kind": "INFO", "message": "Skipping extracting external decl Entry" }
{ "origin": "CodeQL Kotlin extractor", "timestamp": "2026-09-27 14:21:35", "kind": "INFO", "message": "Skipping extracting external decl MutableEntry" }
{ "origin": "CodeQL Kotlin extractor", "timestamp": "2026-09-27 14:21:35", "kind": "INFO", "message": "Skipping extracting external decl BiConsumer" }
{ "origin": "CodeQL Kotlin extractor", "timestamp": "2026-09-27 14:21:35", "kind": "INFO", "message": "Skipping extracting external decl BiFunction" }
{ "origin": "CodeQL Kotlin extractor", "timestamp": "2026-09-27 14:21:35", "kind": "INFO", "message": "Skipping extracting external decl let" }
{ "origin": "CodeQL Kotlin extractor", "timestamp": "2026-09-27 14:21:35", "kind": "INFO", "message": "Skipping extracting external decl error" }
{ "origin": "CodeQL Kotlin extractor", "timestamp": "2026-09-27 14:21:35", "kind": "INFO", "message": "Skipping extracting external decl first" }
{ "origin": "CodeQL Kotlin extractor", "timestamp": "2026-09-27 14:21:35", "kind": "INFO", "message": "Skipping extracting external decl mutableListOf" }
{ "origin": "CodeQL Kotlin extractor", "timestamp": "2026-09-27 14:21:35", "kind": "INFO", "message": "Skipping extracting external decl mutableSetOf" }
{ "origin": "CodeQL Kotlin extractor", "timestamp": "2026-09-27 14:21:35", "kind": "INFO", "message": "Skipping extracting external decl single" }
{ "origin": "CodeQL Kotlin extractor", "timestamp": "2026-09-27 14:21:35", "kind": "INFO", "message": "Skipping extracting external decl plusAssign" }
{ "origin": "CodeQL Kotlin extractor", "timestamp": "2026-09-27 14:21:35", "kind": "INFO", "message": "Skipping extracting external decl mapOf" }
{ "origin": "CodeQL Kotlin extractor", "timestamp": "2026-09-27 14:21:35", "kind": "INFO", "message": "Skipping extracting external decl minus" }
{ "origin": "CodeQL Kotlin extractor", "timestamp": "2026-09-27 14:21:35", "kind": "INFO", "message": "Skipping extracting external decl Long" }
{ "origin": "CodeQL Kotlin extractor", "timestamp": "2026-09-27 14:21:35", "kind": "INFO", "message": "Skipping extracting external decl Long" }
{ "origin": "CodeQL Kotlin extractor", "timestamp": "2026-09-27 14:21:35", "kind": "INFO", "message": "Will write TRAP file /Users/macbook/Octo/static_analysis_codeql_1/codeql-kotlin.db/trap/java/classes/kotlin/math/abs(long).members/abs(long).members#-1.0-0-null.trap.gz" }
{ "origin": "CodeQL Kotlin extractor", "timestamp": "2026-09-27 14:21:35", "kind": "INFO", "message": "Finished writing TRAP file /Users/macbook/Octo/static_analysis_codeql_1/codeql-kotlin.db/trap/java/classes/kotlin/math/abs(long).members/abs(long).members#-1.0-0-null.trap.gz" }
{ "origin": "CodeQL Kotlin extractor", "timestamp": "2026-09-27 14:21:35", "kind": "INFO", "message": "Skipping extracting external decl SinceKotlin" }
{ "origin": "CodeQL Kotlin extractor", "timestamp": "2026-09-27 14:21:35", "kind": "INFO", "message": "Skipping extracting external decl InlineOnly" }
{ "origin": "CodeQL Kotlin extractor", "timestamp": "2026-09-27 14:21:35", "kind": "INFO", "message": "Finished writing TRAP file /Users/macbook/Octo/static_analysis_codeql_1/codeql-kotlin.db/trap/java/Users/macbook/Octo/modules/recon/src/main/kotlin/com/octo/recon/matching/Reconciliation.kt.trap.gz" }
{ "origin": "CodeQL Kotlin extractor", "timestamp": "2026-09-27 14:21:35", "kind": "INFO", "message": "Extracting file /Users/macbook/Octo/modules/recon/src/main/kotlin/com/octo/recon/matching/persistence/JdbcReconciliationStore.kt" }
{ "origin": "CodeQL Kotlin extractor", "timestamp": "2026-09-27 14:21:35", "kind": "INFO", "message": "Will write TRAP file /Users/macbook/Octo/static_analysis_codeql_1/codeql-kotlin.db/trap/java/Users/macbook/Octo/modules/recon/src/main/kotlin/com/octo/recon/matching/persistence/JdbcReconciliationStore.kt.trap.gz" }
{ "origin": "CodeQL Kotlin extractor", "timestamp": "2026-09-27 14:21:35", "kind": "INFO", "message": "Will write TRAP file /Users/macbook/Octo/static_analysis_codeql_1/codeql-kotlin.db/trap/java/classes/com/octo/recon/matching/persistence/ReconciliationStore.members/ReconciliationStore.members#0.0-0-kotlin.trap.gz" }
{ "origin": "CodeQL Kotlin extractor", "timestamp": "2026-09-27 14:21:35", "kind": "INFO", "message": "Finished writing TRAP file /Users/macbook/Octo/static_analysis_codeql_1/codeql-kotlin.db/trap/java/classes/com/octo/recon/matching/persistence/ReconciliationStore.members/ReconciliationStore.members#0.0-0-kotlin.trap.gz" }
{ "origin": "CodeQL Kotlin extractor", "timestamp": "2026-09-27 14:21:35", "kind": "ERROR", "message": "Diagnostic(com.github.codeql.KotlinFileExtractor.findTopLevelPropertyOrWarn(KotlinFileExtractor.kt:3914)): At file:///Users/macbook/Octo/modules/recon/src/main/kotlin/com/octo/recon/matching/persistence/JdbcReconciliationStore.kt:73:69:73:72: Couldn't find JVM intrinsic property kotlin.jvm java in kotlin.jvm.JvmClassMappingKt  ...while extracting a call (<no name>) at file:///Users/macbook/Octo/modules/recon/src/main/kotlin/com/octo/recon/matching/persistence/JdbcReconciliationStore.kt:73:69:73:72\n  ...while extracting a expression (<no name>) at file:///Users/macbook/Octo/modules/recon/src/main/kotlin/com/octo/recon/matching/persistence/JdbcReconciliationStore.kt:73:69:73:72\n  ...while extracting a call (<no name>) at file:///Users/macbook/Octo/modules/recon/src/main/kotlin/com/octo/recon/matching/persistence/JdbcReconciliationStore.kt:73:41:73:73\n  ...while extracting a expression (<no name>) at file:///Users/macbook/Octo/modules/recon/src/main/kotlin/com/octo/recon/matching/persistence/JdbcReconciliationStore.kt:73:41:73:73\n  ...while extracting a type operator call (<no name>) at file:///Users/macbook/Octo/modules/recon/src/main/kotlin/com/octo/recon/matching/persistence/JdbcReconciliationStore.kt:73:41:73:73\n  ...while extracting a expression (<no name>) at file:///Users/macbook/Octo/modules/recon/src/main/kotlin/com/octo/recon/matching/persistence/JdbcReconciliationStore.kt:73:41:73:73\n  ...while extracting a expression (<no name>) at file:///Users/macbook/Octo/modules/recon/src/main/kotlin/com/octo/recon/matching/persistence/JdbcReconciliationStore.kt:72:29:84:29\n  ...while extracting a expression (<no name>) at file:///Users/macbook/Octo/modules/recon/src/main/kotlin/com/octo/recon/matching/persistence/JdbcReconciliationStore.kt:84:30:84:29\n  ...while extracting a statement (<no name>) at file:///Users/macbook/Octo/modules/recon/src/main/kotlin/com/octo/recon/matching/persistence/JdbcReconciliationStore.kt:84:30:84:29\n  ...while extracting a block body (<no name>) at file:///Users/macbook/Octo/modules/recon/src/main/kotlin/com/octo/recon/matching/persistence/JdbcReconciliationStore.kt:72:29:84:29\n  ...while extracting a body (<no name>) at file:///Users/macbook/Octo/modules/recon/src/main/kotlin/com/octo/recon/matching/persistence/JdbcReconciliationStore.kt:72:29:84:29\n  ...while extracting a function (<anonymous>) at file:///Users/macbook/Octo/modules/recon/src/main/kotlin/com/octo/recon/matching/persistence/JdbcReconciliationStore.kt:71:30:85:25\n  ...while extracting a generated class (<anonymous>) at file:///Users/macbook/Octo/modules/recon/src/main/kotlin/com/octo/recon/matching/persistence/JdbcReconciliationStore.kt:71:30:85:25\n  ...while extracting a expression (<no name>) at file:///Users/macbook/Octo/modules/recon/src/main/kotlin/com/octo/recon/matching/persistence/JdbcReconciliationStore.kt:71:30:85:25\n  ...while extracting a call (<no name>) at file:///Users/macbook/Octo/modules/recon/src/main/kotlin/com/octo/recon/matching/persistence/JdbcReconciliationStore.kt:71:26:85:25\n  ...while extracting a expression (<no name>) at file:///Users/macbook/Octo/modules/recon/src/main/kotlin/com/octo/recon/matching/persistence/JdbcReconciliationStore.kt:71:26:85:25\n  ...while extracting a call (<no name>) at file:///Users/macbook/Octo/modules/recon/src/main/kotlin/com/octo/recon/matching/persistence/JdbcReconciliationStore.kt:85:27:85:34\n  ...while extracting a expression (<no name>) at file:///Users/macbook/Octo/modules/recon/src/main/kotlin/com/octo/recon/matching/persistence/JdbcReconciliationStore.kt:85:27:85:34\n  ...while extracting a expression (<no name>) at file:///Users/macbook/Octo/modules/recon/src/main/kotlin/com/octo/recon/matching/persistence/JdbcReconciliationStore.kt:85:35:85:34\n  ...while extracting a statement (<no name>) at file:///Users/macbook/Octo/modules/recon/src/main/kotlin/com/octo/recon/matching/persistence/JdbcReconciliationStore.kt:85:35:85:34\n  ...while extracting a block body (<no name>) at file:///Users/macbook/Octo/modules/recon/src/main/kotlin/com/octo/recon/matching/persistence/JdbcReconciliationStore.kt:70:21:85:34\n  ...while extracting a body (<no name>) at file:///Users/macbook/Octo/modules/recon/src/main/kotlin/com/octo/recon/matching/persistence/JdbcReconciliationStore.kt:70:21:85:34\n  ...while extracting a function (<anonymous>) at file:///Users/macbook/Octo/modules/recon/src/main/kotlin/com/octo/recon/matching/persistence/JdbcReconciliationStore.kt:69:46:86:17\n  ...while extracting a generated class (<anonymous>) at file:///Users/macbook/Octo/modules/recon/src/main/kotlin/com/octo/recon/matching/persistence/JdbcReconciliationStore.kt:69:46:86:17\n  ...while extracting a expression (<no name>) at file:///Users/macbook/Octo/modules/recon/src/main/kotlin/com/octo/recon/matching/persistence/JdbcReconciliationStore.kt:69:46:86:17\n  ...while extracting a call (<no name>) at file:///Users/macbook/Octo/modules/recon/src/main/kotlin/com/octo/recon/matching/persistence/JdbcReconciliationStore.kt:69:42:86:17\n  ...while extracting a expression (<no name>) at file:///Users/macbook/Octo/modules/recon/src/main/kotlin/com/octo/recon/matching/persistence/JdbcReconciliationStore.kt:69:42:86:17\n  ...while extracting a expression (<no name>) at file:///Users/macbook/Octo/modules/recon/src/main/kotlin/com/octo/recon/matching/persistence/JdbcReconciliationStore.kt:86:18:86:17\n  ...while extracting a statement (<no name>) at file:///Users/macbook/Octo/modules/recon/src/main/kotlin/com/octo/recon/matching/persistence/JdbcReconciliationStore.kt:86:18:86:17\n  ...while extracting a block body (<no name>) at file:///Users/macbook/Octo/modules/recon/src/main/kotlin/com/octo/recon/matching/persistence/JdbcReconciliationStore.kt:67:17:86:17\n  ...while extracting a body (<no name>) at file:///Users/macbook/Octo/modules/recon/src/main/kotlin/com/octo/recon/matching/persistence/JdbcReconciliationStore.kt:67:17:86:17\n  ...while extracting a function (<anonymous>) at file:///Users/macbook/Octo/modules/recon/src/main/kotlin/com/octo/recon/matching/persistence/JdbcReconciliationStore.kt:66:50:87:13\n  ...while extracting a generated class (<anonymous>) at file:///Users/macbook/Octo/modules/recon/src/main/kotlin/com/octo/recon/matching/persistence/JdbcReconciliationStore.kt:66:50:87:13\n  ...while extracting a expression (<no name>) at file:///Users/macbook/Octo/modules/recon/src/main/kotlin/com/octo/recon/matching/persistence/JdbcReconciliationStore.kt:66:50:87:13\n  ...while extracting a call (<no name>) at file:///Users/macbook/Octo/modules/recon/src/main/kotlin/com/octo/recon/matching/persistence/JdbcReconciliationStore.kt:66:46:87:13\n  ...while extracting a expression (<no name>) at file:///Users/macbook/Octo/modules/recon/src/main/kotlin/com/octo/recon/matching/persistence/JdbcReconciliationStore.kt:66:46:87:13\n  ...while extracting a expression (<no name>) at file:///Users/macbook/Octo/modules/recon/src/main/kotlin/com/octo/recon/matching/persistence/JdbcReconciliationStore.kt:87:14:87:13\n  ...while extracting a statement (<no name>) at file:///Users/macbook/Octo/modules/recon/src/main/kotlin/com/octo/recon/matching/persistence/JdbcReconciliationStore.kt:87:14:87:13\n  ...while extracting a block body (<no name>) at file:///Users/macbook/Octo/modules/recon/src/main/kotlin/com/octo/recon/matching/persistence/JdbcReconciliationStore.kt:66:13:87:13\n  ...while extracting a body (<no name>) at file:///Users/macbook/Octo/modules/recon/src/main/kotlin/com/octo/recon/matching/persistence/JdbcReconciliationStore.kt:66:13:87:13\n  ...while extracting a function (<anonymous>) at file:///Users/macbook/Octo/modules/recon/src/main/kotlin/com/octo/recon/matching/persistence/JdbcReconciliationStore.kt:65:42:88:9\n  ...while extracting a generated class (<anonymous>) at file:///Users/macbook/Octo/modules/recon/src/main/kotlin/com/octo/recon/matching/persistence/JdbcReconciliationStore.kt:65:42:88:9\n  ...while extracting a expression (<no name>) at file:///Users/macbook/Octo/modules/recon/src/main/kotlin/com/octo/recon/matching/persistence/JdbcReconciliationStore.kt:65:42:88:9\n  ...while extracting a call (<no name>) at file:///Users/macbook/Octo/modules/recon/src/main/kotlin/com/octo/recon/matching/persistence/JdbcReconciliationStore.kt:65:38:88:9\n  ...while extracting a expression (<no name>) at file:///Users/macbook/Octo/modules/recon/src/main/kotlin/com/octo/recon/matching/persistence/JdbcReconciliationStore.kt:65:38:88:9\n  ...while extracting a expression (<no name>) at file:///Users/macbook/Octo/modules/recon/src/main/kotlin/com/octo/recon/matching/persistence/JdbcReconciliationStore.kt:65:9:88:9\n  ...while extracting a statement (<no name>) at file:///Users/macbook/Octo/modules/recon/src/main/kotlin/com/octo/recon/matching/persistence/JdbcReconciliationStore.kt:65:9:88:9\n  ...while extracting a block body (<no name>) at file:///Users/macbook/Octo/modules/recon/src/main/kotlin/com/octo/recon/matching/persistence/JdbcReconciliationStore.kt:49:25:89:5\n  ...while extracting a body (<no name>) at file:///Users/macbook/Octo/modules/recon/src/main/kotlin/com/octo/recon/matching/persistence/JdbcReconciliationStore.kt:49:25:89:5\n  ...while extracting a function (iborRecords) at file:///Users/macbook/Octo/modules/recon/src/main/kotlin/com/octo/recon/matching/persistence/JdbcReconciliationStore.kt:46:14:89:5\n  ...while extracting a declaration (iborRecords) at file:///Users/macbook/Octo/modules/recon/src/main/kotlin/com/octo/recon/matching/persistence/JdbcReconciliationStore.kt:46:14:89:5\n  ...while extracting a class source (JdbcReconciliationStore) at file:///Users/macbook/Octo/modules/recon/src/main/kotlin/com/octo/recon/matching/persistence/JdbcReconciliationStore.kt:41:1:146:1\n  ...while extracting a declaration (JdbcReconciliationStore) at file:///Users/macbook/Octo/modules/recon/src/main/kotlin/com/octo/recon/matching/persistence/JdbcReconciliationStore.kt:41:1:146:1\n  ...while extracting a file (JdbcReconciliationStore.kt) at file:///Users/macbook/Octo/modules/recon/src/main/kotlin/com/octo/recon/matching/persistence/JdbcReconciliationStore.kt:1:1:147:0\n" }
{ "origin": "CodeQL Kotlin extractor", "timestamp": "2026-09-27 14:21:35", "kind": "ERROR", "message": "Diagnostic(com.github.codeql.KotlinFileExtractor.findTopLevelPropertyOrWarn(KotlinFileExtractor.kt:3914)): At file:///Users/macbook/Octo/modules/recon/src/main/kotlin/com/octo/recon/matching/persistence/JdbcReconciliationStore.kt:80:89:80:92: Couldn't find JVM intrinsic property kotlin.jvm java in kotlin.jvm.JvmClassMappingKt  ...while extracting a call (<no name>) at file:///Users/macbook/Octo/modules/recon/src/main/kotlin/com/octo/recon/matching/persistence/JdbcReconciliationStore.kt:80:89:80:92\n  ...while extracting a expression (<no name>) at file:///Users/macbook/Octo/modules/recon/src/main/kotlin/com/octo/recon/matching/persistence/JdbcReconciliationStore.kt:80:89:80:92\n  ...while extracting a call (<no name>) at file:///Users/macbook/Octo/modules/recon/src/main/kotlin/com/octo/recon/matching/persistence/JdbcReconciliationStore.kt:80:42:80:93\n  ...while extracting a expression (<no name>) at file:///Users/macbook/Octo/modules/recon/src/main/kotlin/com/octo/recon/matching/persistence/JdbcReconciliationStore.kt:80:42:80:93\n  ...while extracting a type operator call (<no name>) at file:///Users/macbook/Octo/modules/recon/src/main/kotlin/com/octo/recon/matching/persistence/JdbcReconciliationStore.kt:80:42:80:93\n  ...while extracting a expression (<no name>) at file:///Users/macbook/Octo/modules/recon/src/main/kotlin/com/octo/recon/matching/persistence/JdbcReconciliationStore.kt:80:42:80:93\n  ...while extracting a call (<no name>) at file:///Users/macbook/Octo/modules/recon/src/main/kotlin/com/octo/recon/matching/persistence/JdbcReconciliationStore.kt:81:42:81:52\n  ...while extracting a expression (<no name>) at file:///Users/macbook/Octo/modules/recon/src/main/kotlin/com/octo/recon/matching/persistence/JdbcReconciliationStore.kt:81:42:81:52\n  ...while extracting a type operator call (<no name>) at file:///Users/macbook/Octo/modules/recon/src/main/kotlin/com/octo/recon/matching/persistence/JdbcReconciliationStore.kt:81:42:81:52\n  ...while extracting a expression (<no name>) at file:///Users/macbook/Octo/modules/recon/src/main/kotlin/com/octo/recon/matching/persistence/JdbcReconciliationStore.kt:81:42:81:52\n  ...while extracting a call (<no name>) at file:///Users/macbook/Octo/modules/recon/src/main/kotlin/com/octo/recon/matching/persistence/JdbcReconciliationStore.kt:82:42:82:53\n  ...while extracting a expression (<no name>) at file:///Users/macbook/Octo/modules/recon/src/main/kotlin/com/octo/recon/matching/persistence/JdbcReconciliationStore.kt:82:42:82:53\n  ...while extracting a type operator call (<no name>) at file:///Users/macbook/Octo/modules/recon/src/main/kotlin/com/octo/recon/matching/persistence/JdbcReconciliationStore.kt:82:42:82:53\n  ...while extracting a expression (<no name>) at file:///Users/macbook/Octo/modules/recon/src/main/kotlin/com/octo/recon/matching/persistence/JdbcReconciliationStore.kt:82:42:82:53\n  ...while extracting a call (<no name>) at file:///Users/macbook/Octo/modules/recon/src/main/kotlin/com/octo/recon/matching/persistence/JdbcReconciliationStore.kt:83:42:83:54\n  ...while extracting a expression (<no name>) at file:///Users/macbook/Octo/modules/recon/src/main/kotlin/com/octo/recon/matching/persistence/JdbcReconciliationStore.kt:83:42:83:54\n  ...while extracting a type operator call (<no name>) at file:///Users/macbook/Octo/modules/recon/src/main/kotlin/com/octo/recon/matching/persistence/JdbcReconciliationStore.kt:83:42:83:54\n  ...while extracting a expression (<no name>) at file:///Users/macbook/Octo/modules/recon/src/main/kotlin/com/octo/recon/matching/persistence/JdbcReconciliationStore.kt:83:42:83:54\n  ...while extracting a expression (<no name>) at file:///Users/macbook/Octo/modules/recon/src/main/kotlin/com/octo/recon/matching/persistence/JdbcReconciliationStore.kt:72:29:84:29\n  ...while extracting a expression (<no name>) at file:///Users/macbook/Octo/modules/recon/src/main/kotlin/com/octo/recon/matching/persistence/JdbcReconciliationStore.kt:84:30:84:29\n  ...while extracting a statement (<no name>) at file:///Users/macbook/Octo/modules/recon/src/main/kotlin/com/octo/recon/matching/persistence/JdbcReconciliationStore.kt:84:30:84:29\n  ...while extracting a block body (<no name>) at file:///Users/macbook/Octo/modules/recon/src/main/kotlin/com/octo/recon/matching/persistence/JdbcReconciliationStore.kt:72:29:84:29\n  ...while extracting a body (<no name>) at file:///Users/macbook/Octo/modules/recon/src/main/kotlin/com/octo/recon/matching/persistence/JdbcReconciliationStore.kt:72:29:84:29\n  ...while extracting a function (<anonymous>) at file:///Users/macbook/Octo/modules/recon/src/main/kotlin/com/octo/recon/matching/persistence/JdbcReconciliationStore.kt:71:30:85:25\n  ...while extracting a generated class (<anonymous>) at file:///Users/macbook/Octo/modules/recon/src/main/kotlin/com/octo/recon/matching/persistence/JdbcReconciliationStore.kt:71:30:85:25\n  ...while extracting a expression (<no name>) at file:///Users/macbook/Octo/modules/recon/src/main/kotlin/com/octo/recon/matching/persistence/JdbcReconciliationStore.kt:71:30:85:25\n  ...while extracting a call (<no name>) at file:///Users/macbook/Octo/modules/recon/src/main/kotlin/com/octo/recon/matching/persistence/JdbcReconciliationStore.kt:71:26:85:25\n  ...while extracting a expression (<no name>) at file:///Users/macbook/Octo/modules/recon/src/main/kotlin/com/octo/recon/matching/persistence/JdbcReconciliationStore.kt:71:26:85:25\n  ...while extracting a call (<no name>) at file:///Users/macbook/Octo/modules/recon/src/main/kotlin/com/octo/recon/matching/persistence/JdbcReconciliationStore.kt:85:27:85:34\n  ...while extracting a expression (<no name>) at file:///Users/macbook/Octo/modules/recon/src/main/kotlin/com/octo/recon/matching/persistence/JdbcReconciliationStore.kt:85:27:85:34\n  ...while extracting a expression (<no name>) at file:///Users/macbook/Octo/modules/recon/src/main/kotlin/com/octo/recon/matching/persistence/JdbcReconciliationStore.kt:85:35:85:34\n  ...while extracting a statement (<no name>) at file:///Users/macbook/Octo/modules/recon/src/main/kotlin/com/octo/recon/matching/persistence/JdbcReconciliationStore.kt:85:35:85:34\n  ...while extracting a block body (<no name>) at file:///Users/macbook/Octo/modules/recon/src/main/kotlin/com/octo/recon/matching/persistence/JdbcReconciliationStore.kt:70:21:85:34\n  ...while extracting a body (<no name>) at file:///Users/macbook/Octo/modules/recon/src/main/kotlin/com/octo/recon/matching/persistence/JdbcReconciliationStore.kt:70:21:85:34\n  ...while extracting a function (<anonymous>) at file:///Users/macbook/Octo/modules/recon/src/main/kotlin/com/octo/recon/matching/persistence/JdbcReconciliationStore.kt:69:46:86:17\n  ...while extracting a generated class (<anonymous>) at file:///Users/macbook/Octo/modules/recon/src/main/kotlin/com/octo/recon/matching/persistence/JdbcReconciliationStore.kt:69:46:86:17\n  ...while extracting a expression (<no name>) at file:///Users/macbook/Octo/modules/recon/src/main/kotlin/com/octo/recon/matching/persistence/JdbcReconciliationStore.kt:69:46:86:17\n  ...while extracting a call (<no name>) at file:///Users/macbook/Octo/modules/recon/src/main/kotlin/com/octo/recon/matching/persistence/JdbcReconciliationStore.kt:69:42:86:17\n  ...while extracting a expression (<no name>) at file:///Users/macbook/Octo/modules/recon/src/main/kotlin/com/octo/recon/matching/persistence/JdbcReconciliationStore.kt:69:42:86:17\n  ...while extracting a expression (<no name>) at file:///Users/macbook/Octo/modules/recon/src/main/kotlin/com/octo/recon/matching/persistence/JdbcReconciliationStore.kt:86:18:86:17\n  ...while extracting a statement (<no name>) at file:///Users/macbook/Octo/modules/recon/src/main/kotlin/com/octo/recon/matching/persistence/JdbcReconciliationStore.kt:86:18:86:17\n  ...while extracting a block body (<no name>) at file:///Users/macbook/Octo/modules/recon/src/main/kotlin/com/octo/recon/matching/persistence/JdbcReconciliationStore.kt:67:17:86:17\n  ...while extracting a body (<no name>) at file:///Users/macbook/Octo/modules/recon/src/main/kotlin/com/octo/recon/matching/persistence/JdbcReconciliationStore.kt:67:17:86:17\n  ...while extracting a function (<anonymous>) at file:///Users/macbook/Octo/modules/recon/src/main/kotlin/com/octo/recon/matching/persistence/JdbcReconciliationStore.kt:66:50:87:13\n  ...while extracting a generated class (<anonymous>) at file:///Users/macbook/Octo/modules/recon/src/main/kotlin/com/octo/recon/matching/persistence/JdbcReconciliationStore.kt:66:50:87:13\n  ...while extracting a expression (<no name>) at file:///Users/macbook/Octo/modules/recon/src/main/kotlin/com/octo/recon/matching/persistence/JdbcReconciliationStore.kt:66:50:87:13\n  ...while extracting a call (<no name>) at file:///Users/macbook/Octo/modules/recon/src/main/kotlin/com/octo/recon/matching/persistence/JdbcReconciliationStore.kt:66:46:87:13\n  ...while extracting a expression (<no name>) at file:///Users/macbook/Octo/modules/recon/src/main/kotlin/com/octo/recon/matching/persistence/JdbcReconciliationStore.kt:66:46:87:13\n  ...while extracting a expression (<no name>) at file:///Users/macbook/Octo/modules/recon/src/main/kotlin/com/octo/recon/matching/persistence/JdbcReconciliationStore.kt:87:14:87:13\n  ...while extracting a statement (<no name>) at file:///Users/macbook/Octo/modules/recon/src/main/kotlin/com/octo/recon/matching/persistence/JdbcReconciliationStore.kt:87:14:87:13\n  ...while extracting a block body (<no name>) at file:///Users/macbook/Octo/modules/recon/src/main/kotlin/com/octo/recon/matching/persistence/JdbcReconciliationStore.kt:66:13:87:13\n  ...while extracting a body (<no name>) at file:///Users/macbook/Octo/modules/recon/src/main/kotlin/com/octo/recon/matching/persistence/JdbcReconciliationStore.kt:66:13:87:13\n  ...while extracting a function (<anonymous>) at file:///Users/macbook/Octo/modules/recon/src/main/kotlin/com/octo/recon/matching/persistence/JdbcReconciliationStore.kt:65:42:88:9\n  ...while extracting a generated class (<anonymous>) at file:///Users/macbook/Octo/modules/recon/src/main/kotlin/com/octo/recon/matching/persistence/JdbcReconciliationStore.kt:65:42:88:9\n  ...while extracting a expression (<no name>) at file:///Users/macbook/Octo/modules/recon/src/main/kotlin/com/octo/recon/matching/persistence/JdbcReconciliationStore.kt:65:42:88:9\n  ...while extracting a call (<no name>) at file:///Users/macbook/Octo/modules/recon/src/main/kotlin/com/octo/recon/matching/persistence/JdbcReconciliationStore.kt:65:38:88:9\n  ...while extracting a expression (<no name>) at file:///Users/macbook/Octo/modules/recon/src/main/kotlin/com/octo/recon/matching/persistence/JdbcReconciliationStore.kt:65:38:88:9\n  ...while extracting a expression (<no name>) at file:///Users/macbook/Octo/modules/recon/src/main/kotlin/com/octo/recon/matching/persistence/JdbcReconciliationStore.kt:65:9:88:9\n  ...while extracting a statement (<no name>) at file:///Users/macbook/Octo/modules/recon/src/main/kotlin/com/octo/recon/matching/persistence/JdbcReconciliationStore.kt:65:9:88:9\n  ...while extracting a block body (<no name>) at file:///Users/macbook/Octo/modules/recon/src/main/kotlin/com/octo/recon/matching/persistence/JdbcReconciliationStore.kt:49:25:89:5\n  ...while extracting a body (<no name>) at file:///Users/macbook/Octo/modules/recon/src/main/kotlin/com/octo/recon/matching/persistence/JdbcReconciliationStore.kt:49:25:89:5\n  ...while extracting a function (iborRecords) at file:///Users/macbook/Octo/modules/recon/src/main/kotlin/com/octo/recon/matching/persistence/JdbcReconciliationStore.kt:46:14:89:5\n  ...while extracting a declaration (iborRecords) at file:///Users/macbook/Octo/modules/recon/src/main/kotlin/com/octo/recon/matching/persistence/JdbcReconciliationStore.kt:46:14:89:5\n  ...while extracting a class source (JdbcReconciliationStore) at file:///Users/macbook/Octo/modules/recon/src/main/kotlin/com/octo/recon/matching/persistence/JdbcReconciliationStore.kt:41:1:146:1\n  ...while extracting a declaration (JdbcReconciliationStore) at file:///Users/macbook/Octo/modules/recon/src/main/kotlin/com/octo/recon/matching/persistence/JdbcReconciliationStore.kt:41:1:146:1\n  ...while extracting a file (JdbcReconciliationStore.kt) at file:///Users/macbook/Octo/modules/recon/src/main/kotlin/com/octo/recon/matching/persistence/JdbcReconciliationStore.kt:1:1:147:0\n" }
{ "origin": "CodeQL Kotlin extractor", "timestamp": "2026-09-27 14:21:35", "kind": "ERROR", "message": "Diagnostic(com.github.codeql.KotlinFileExtractor.findTopLevelPropertyOrWarn(KotlinFileExtractor.kt:3914)): At file:///Users/macbook/Octo/modules/recon/src/main/kotlin/com/octo/recon/matching/persistence/JdbcReconciliationStore.kt:109:111:109:114: Couldn't find JVM intrinsic property kotlin.jvm java in kotlin.jvm.JvmClassMappingKt  ...while extracting a call (<no name>) at file:///Users/macbook/Octo/modules/recon/src/main/kotlin/com/octo/recon/matching/persistence/JdbcReconciliationStore.kt:109:111:109:114\n  ...while extracting a expression (<no name>) at file:///Users/macbook/Octo/modules/recon/src/main/kotlin/com/octo/recon/matching/persistence/JdbcReconciliationStore.kt:109:111:109:114\n  ...while extracting a call (<no name>) at file:///Users/macbook/Octo/modules/recon/src/main/kotlin/com/octo/recon/matching/persistence/JdbcReconciliationStore.kt:109:78:109:115\n  ...while extracting a expression (<no name>) at file:///Users/macbook/Octo/modules/recon/src/main/kotlin/com/octo/recon/matching/persistence/JdbcReconciliationStore.kt:109:78:109:115\n  ...while extracting a expression (<no name>) at file:///Users/macbook/Octo/modules/recon/src/main/kotlin/com/octo/recon/matching/persistence/JdbcReconciliationStore.kt:109:56:109:125\n  ...while extracting a expression (<no name>) at file:///Users/macbook/Octo/modules/recon/src/main/kotlin/com/octo/recon/matching/persistence/JdbcReconciliationStore.kt:109:126:109:125\n  ...while extracting a statement (<no name>) at file:///Users/macbook/Octo/modules/recon/src/main/kotlin/com/octo/recon/matching/persistence/JdbcReconciliationStore.kt:109:126:109:125\n  ...while extracting a block body (<no name>) at file:///Users/macbook/Octo/modules/recon/src/main/kotlin/com/octo/recon/matching/persistence/JdbcReconciliationStore.kt:109:56:109:125\n  ...while extracting a body (<no name>) at file:///Users/macbook/Octo/modules/recon/src/main/kotlin/com/octo/recon/matching/persistence/JdbcReconciliationStore.kt:109:56:109:125\n  ...while extracting a function (<anonymous>) at file:///Users/macbook/Octo/modules/recon/src/main/kotlin/com/octo/recon/matching/persistence/JdbcReconciliationStore.kt:109:46:109:127\n  ...while extracting a generated class (<anonymous>) at file:///Users/macbook/Octo/modules/recon/src/main/kotlin/com/octo/recon/matching/persistence/JdbcReconciliationStore.kt:109:46:109:127\n  ...while extracting a expression (<no name>) at file:///Users/macbook/Octo/modules/recon/src/main/kotlin/com/octo/recon/matching/persistence/JdbcReconciliationStore.kt:109:46:109:127\n  ...while extracting a call (<no name>) at file:///Users/macbook/Octo/modules/recon/src/main/kotlin/com/octo/recon/matching/persistence/JdbcReconciliationStore.kt:109:42:109:127\n  ...while extracting a expression (<no name>) at file:///Users/macbook/Octo/modules/recon/src/main/kotlin/com/octo/recon/matching/persistence/JdbcReconciliationStore.kt:109:42:109:127\n  ...while extracting a expression (<no name>) at file:///Users/macbook/Octo/modules/recon/src/main/kotlin/com/octo/recon/matching/persistence/JdbcReconciliationStore.kt:109:128:109:127\n  ...while extracting a statement (<no name>) at file:///Users/macbook/Octo/modules/recon/src/main/kotlin/com/octo/recon/matching/persistence/JdbcReconciliationStore.kt:109:128:109:127\n  ...while extracting a block body (<no name>) at file:///Users/macbook/Octo/modules/recon/src/main/kotlin/com/octo/recon/matching/persistence/JdbcReconciliationStore.kt:104:17:109:127\n  ...while extracting a body (<no name>) at file:///Users/macbook/Octo/modules/recon/src/main/kotlin/com/octo/recon/matching/persistence/JdbcReconciliationStore.kt:104:17:109:127\n  ...while extracting a function (<anonymous>) at file:///Users/macbook/Octo/modules/recon/src/main/kotlin/com/octo/recon/matching/persistence/JdbcReconciliationStore.kt:103:50:110:13\n  ...while extracting a generated class (<anonymous>) at file:///Users/macbook/Octo/modules/recon/src/main/kotlin/com/octo/recon/matching/persistence/JdbcReconciliationStore.kt:103:50:110:13\n  ...while extracting a expression (<no name>) at file:///Users/macbook/Octo/modules/recon/src/main/kotlin/com/octo/recon/matching/persistence/JdbcReconciliationStore.kt:103:50:110:13\n  ...while extracting a call (<no name>) at file:///Users/macbook/Octo/modules/recon/src/main/kotlin/com/octo/recon/matching/persistence/JdbcReconciliationStore.kt:103:46:110:13\n  ...while extracting a expression (<no name>) at file:///Users/macbook/Octo/modules/recon/src/main/kotlin/com/octo/recon/matching/persistence/JdbcReconciliationStore.kt:103:46:110:13\n  ...while extracting a expression (<no name>) at file:///Users/macbook/Octo/modules/recon/src/main/kotlin/com/octo/recon/matching/persistence/JdbcReconciliationStore.kt:110:14:110:13\n  ...while extracting a statement (<no name>) at file:///Users/macbook/Octo/modules/recon/src/main/kotlin/com/octo/recon/matching/persistence/JdbcReconciliationStore.kt:110:14:110:13\n  ...while extracting a block body (<no name>) at file:///Users/macbook/Octo/modules/recon/src/main/kotlin/com/octo/recon/matching/persistence/JdbcReconciliationStore.kt:103:13:110:13\n  ...while extracting a body (<no name>) at file:///Users/macbook/Octo/modules/recon/src/main/kotlin/com/octo/recon/matching/persistence/JdbcReconciliationStore.kt:103:13:110:13\n  ...while extracting a function (<anonymous>) at file:///Users/macbook/Octo/modules/recon/src/main/kotlin/com/octo/recon/matching/persistence/JdbcReconciliationStore.kt:102:41:111:9\n  ...while extracting a generated class (<anonymous>) at file:///Users/macbook/Octo/modules/recon/src/main/kotlin/com/octo/recon/matching/persistence/JdbcReconciliationStore.kt:102:41:111:9\n  ...while extracting a expression (<no name>) at file:///Users/macbook/Octo/modules/recon/src/main/kotlin/com/octo/recon/matching/persistence/JdbcReconciliationStore.kt:102:41:111:9\n  ...while extracting a call (<no name>) at file:///Users/macbook/Octo/modules/recon/src/main/kotlin/com/octo/recon/matching/persistence/JdbcReconciliationStore.kt:102:27:111:9\n  ...while extracting a expression (<no name>) at file:///Users/macbook/Octo/modules/recon/src/main/kotlin/com/octo/recon/matching/persistence/JdbcReconciliationStore.kt:102:27:111:9\n  ...while extracting a expression (<no name>) at file:///Users/macbook/Octo/modules/recon/src/main/kotlin/com/octo/recon/matching/persistence/JdbcReconciliationStore.kt:102:9:111:9\n  ...while extracting a statement (<no name>) at file:///Users/macbook/Octo/modules/recon/src/main/kotlin/com/octo/recon/matching/persistence/JdbcReconciliationStore.kt:102:9:111:9\n  ...while extracting a block body (<no name>) at file:///Users/macbook/Octo/modules/recon/src/main/kotlin/com/octo/recon/matching/persistence/JdbcReconciliationStore.kt:95:14:112:5\n  ...while extracting a body (<no name>) at file:///Users/macbook/Octo/modules/recon/src/main/kotlin/com/octo/recon/matching/persistence/JdbcReconciliationStore.kt:95:14:112:5\n  ...while extracting a function (existingTask) at file:///Users/macbook/Octo/modules/recon/src/main/kotlin/com/octo/recon/matching/persistence/JdbcReconciliationStore.kt:91:14:112:5\n  ...while extracting a declaration (existingTask) at file:///Users/macbook/Octo/modules/recon/src/main/kotlin/com/octo/recon/matching/persistence/JdbcReconciliationStore.kt:91:14:112:5\n  ...while extracting a class source (JdbcReconciliationStore) at file:///Users/macbook/Octo/modules/recon/src/main/kotlin/com/octo/recon/matching/persistence/JdbcReconciliationStore.kt:41:1:146:1\n  ...while extracting a declaration (JdbcReconciliationStore) at file:///Users/macbook/Octo/modules/recon/src/main/kotlin/com/octo/recon/matching/persistence/JdbcReconciliationStore.kt:41:1:146:1\n  ...while extracting a file (JdbcReconciliationStore.kt) at file:///Users/macbook/Octo/modules/recon/src/main/kotlin/com/octo/recon/matching/persistence/JdbcReconciliationStore.kt:1:1:147:0\n" }
{ "origin": "CodeQL Kotlin extractor", "timestamp": "2026-09-27 14:21:35", "kind": "ERROR", "message": "Diagnostic(com.github.codeql.KotlinFileExtractor.findTopLevelPropertyOrWarn(KotlinFileExtractor.kt:3914)): At file:///Users/macbook/Octo/modules/recon/src/main/kotlin/com/octo/recon/matching/persistence/JdbcReconciliationStore.kt:141:54:141:57: Couldn't find JVM intrinsic property kotlin.jvm java in kotlin.jvm.JvmClassMappingKt  ...while extracting a call (<no name>) at file:///Users/macbook/Octo/modules/recon/src/main/kotlin/com/octo/recon/matching/persistence/JdbcReconciliationStore.kt:141:54:141:57\n  ...while extracting a expression (<no name>) at file:///Users/macbook/Octo/modules/recon/src/main/kotlin/com/octo/recon/matching/persistence/JdbcReconciliationStore.kt:141:54:141:57\n  ...while extracting a call (<no name>) at file:///Users/macbook/Octo/modules/recon/src/main/kotlin/com/octo/recon/matching/persistence/JdbcReconciliationStore.kt:141:26:141:58\n  ...while extracting a expression (<no name>) at file:///Users/macbook/Octo/modules/recon/src/main/kotlin/com/octo/recon/matching/persistence/JdbcReconciliationStore.kt:141:26:141:58\n  ...while extracting a expression (<no name>) at file:///Users/macbook/Octo/modules/recon/src/main/kotlin/com/octo/recon/matching/persistence/JdbcReconciliationStore.kt:141:59:141:58\n  ...while extracting a statement (<no name>) at file:///Users/macbook/Octo/modules/recon/src/main/kotlin/com/octo/recon/matching/persistence/JdbcReconciliationStore.kt:141:59:141:58\n  ...while extracting a block body (<no name>) at file:///Users/macbook/Octo/modules/recon/src/main/kotlin/com/octo/recon/matching/persistence/JdbcReconciliationStore.kt:140:21:141:58\n  ...while extracting a body (<no name>) at file:///Users/macbook/Octo/modules/recon/src/main/kotlin/com/octo/recon/matching/persistence/JdbcReconciliationStore.kt:140:21:141:58\n  ...while extracting a function (<anonymous>) at file:///Users/macbook/Octo/modules/recon/src/main/kotlin/com/octo/recon/matching/persistence/JdbcReconciliationStore.kt:139:46:142:17\n  ...while extracting a generated class (<anonymous>) at file:///Users/macbook/Octo/modules/recon/src/main/kotlin/com/octo/recon/matching/persistence/JdbcReconciliationStore.kt:139:46:142:17\n  ...while extracting a expression (<no name>) at file:///Users/macbook/Octo/modules/recon/src/main/kotlin/com/octo/recon/matching/persistence/JdbcReconciliationStore.kt:139:46:142:17\n  ...while extracting a call (<no name>) at file:///Users/macbook/Octo/modules/recon/src/main/kotlin/com/octo/recon/matching/persistence/JdbcReconciliationStore.kt:139:42:142:17\n  ...while extracting a expression (<no name>) at file:///Users/macbook/Octo/modules/recon/src/main/kotlin/com/octo/recon/matching/persistence/JdbcReconciliationStore.kt:139:42:142:17\n  ...while extracting a expression (<no name>) at file:///Users/macbook/Octo/modules/recon/src/main/kotlin/com/octo/recon/matching/persistence/JdbcReconciliationStore.kt:142:18:142:17\n  ...while extracting a statement (<no name>) at file:///Users/macbook/Octo/modules/recon/src/main/kotlin/com/octo/recon/matching/persistence/JdbcReconciliationStore.kt:142:18:142:17\n  ...while extracting a block body (<no name>) at file:///Users/macbook/Octo/modules/recon/src/main/kotlin/com/octo/recon/matching/persistence/JdbcReconciliationStore.kt:130:17:142:17\n  ...while extracting a body (<no name>) at file:///Users/macbook/Octo/modules/recon/src/main/kotlin/com/octo/recon/matching/persistence/JdbcReconciliationStore.kt:130:17:142:17\n  ...while extracting a function (<anonymous>) at file:///Users/macbook/Octo/modules/recon/src/main/kotlin/com/octo/recon/matching/persistence/JdbcReconciliationStore.kt:129:50:143:13\n  ...while extracting a generated class (<anonymous>) at file:///Users/macbook/Octo/modules/recon/src/main/kotlin/com/octo/recon/matching/persistence/JdbcReconciliationStore.kt:129:50:143:13\n  ...while extracting a expression (<no name>) at file:///Users/macbook/Octo/modules/recon/src/main/kotlin/com/octo/recon/matching/persistence/JdbcReconciliationStore.kt:129:50:143:13\n  ...while extracting a call (<no name>) at file:///Users/macbook/Octo/modules/recon/src/main/kotlin/com/octo/recon/matching/persistence/JdbcReconciliationStore.kt:129:46:143:13\n  ...while extracting a expression (<no name>) at file:///Users/macbook/Octo/modules/recon/src/main/kotlin/com/octo/recon/matching/persistence/JdbcReconciliationStore.kt:129:46:143:13\n  ...while extracting a expression (<no name>) at file:///Users/macbook/Octo/modules/recon/src/main/kotlin/com/octo/recon/matching/persistence/JdbcReconciliationStore.kt:143:14:143:13\n  ...while extracting a statement (<no name>) at file:///Users/macbook/Octo/modules/recon/src/main/kotlin/com/octo/recon/matching/persistence/JdbcReconciliationStore.kt:143:14:143:13\n  ...while extracting a block body (<no name>) at file:///Users/macbook/Octo/modules/recon/src/main/kotlin/com/octo/recon/matching/persistence/JdbcReconciliationStore.kt:129:13:143:13\n  ...while extracting a body (<no name>) at file:///Users/macbook/Octo/modules/recon/src/main/kotlin/com/octo/recon/matching/persistence/JdbcReconciliationStore.kt:129:13:143:13\n  ...while extracting a function (<anonymous>) at file:///Users/macbook/Octo/modules/recon/src/main/kotlin/com/octo/recon/matching/persistence/JdbcReconciliationStore.kt:128:41:144:9\n  ...while extracting a generated class (<anonymous>) at file:///Users/macbook/Octo/modules/recon/src/main/kotlin/com/octo/recon/matching/persistence/JdbcReconciliationStore.kt:128:41:144:9\n  ...while extracting a expression (<no name>) at file:///Users/macbook/Octo/modules/recon/src/main/kotlin/com/octo/recon/matching/persistence/JdbcReconciliationStore.kt:128:41:144:9\n  ...while extracting a call (<no name>) at file:///Users/macbook/Octo/modules/recon/src/main/kotlin/com/octo/recon/matching/persistence/JdbcReconciliationStore.kt:128:27:144:9\n  ...while extracting a expression (<no name>) at file:///Users/macbook/Octo/modules/recon/src/main/kotlin/com/octo/recon/matching/persistence/JdbcReconciliationStore.kt:128:27:144:9\n  ...while extracting a type operator call (<no name>) at file:///Users/macbook/Octo/modules/recon/src/main/kotlin/com/octo/recon/matching/persistence/JdbcReconciliationStore.kt:128:27:144:9\n  ...while extracting a expression (<no name>) at file:///Users/macbook/Octo/modules/recon/src/main/kotlin/com/octo/recon/matching/persistence/JdbcReconciliationStore.kt:128:27:144:9\n  ...while extracting a expression (<no name>) at file:///Users/macbook/Octo/modules/recon/src/main/kotlin/com/octo/recon/matching/persistence/JdbcReconciliationStore.kt:128:9:144:9\n  ...while extracting a statement (<no name>) at file:///Users/macbook/Octo/modules/recon/src/main/kotlin/com/octo/recon/matching/persistence/JdbcReconciliationStore.kt:128:9:144:9\n  ...while extracting a block body (<no name>) at file:///Users/macbook/Octo/modules/recon/src/main/kotlin/com/octo/recon/matching/persistence/JdbcReconciliationStore.kt:121:13:145:5\n  ...while extracting a body (<no name>) at file:///Users/macbook/Octo/modules/recon/src/main/kotlin/com/octo/recon/matching/persistence/JdbcReconciliationStore.kt:121:13:145:5\n  ...while extracting a function (record) at file:///Users/macbook/Octo/modules/recon/src/main/kotlin/com/octo/recon/matching/persistence/JdbcReconciliationStore.kt:114:14:145:5\n  ...while extracting a declaration (record) at file:///Users/macbook/Octo/modules/recon/src/main/kotlin/com/octo/recon/matching/persistence/JdbcReconciliationStore.kt:114:14:145:5\n  ...while extracting a class source (JdbcReconciliationStore) at file:///Users/macbook/Octo/modules/recon/src/main/kotlin/com/octo/recon/matching/persistence/JdbcReconciliationStore.kt:41:1:146:1\n  ...while extracting a declaration (JdbcReconciliationStore) at file:///Users/macbook/Octo/modules/recon/src/main/kotlin/com/octo/recon/matching/persistence/JdbcReconciliationStore.kt:41:1:146:1\n  ...while extracting a file (JdbcReconciliationStore.kt) at file:///Users/macbook/Octo/modules/recon/src/main/kotlin/com/octo/recon/matching/persistence/JdbcReconciliationStore.kt:1:1:147:0\n" }
{ "origin": "CodeQL Kotlin extractor", "timestamp": "2026-09-27 14:21:35", "kind": "INFO", "message": "Will write TRAP file /Users/macbook/Octo/static_analysis_codeql_1/codeql-kotlin.db/trap/java/classes/com/octo/recon/matching/persistence/JdbcReconciliationStore.members/JdbcReconciliationStore.members#0.0-0-kotlin.trap.gz" }
{ "origin": "CodeQL Kotlin extractor", "timestamp": "2026-09-27 14:21:35", "kind": "INFO", "message": "Finished writing TRAP file /Users/macbook/Octo/static_analysis_codeql_1/codeql-kotlin.db/trap/java/classes/com/octo/recon/matching/persistence/JdbcReconciliationStore.members/JdbcReconciliationStore.members#0.0-0-kotlin.trap.gz" }
{ "origin": "CodeQL Kotlin extractor", "timestamp": "2026-09-27 14:21:35", "kind": "INFO", "message": "Will write TRAP file /Users/macbook/Octo/static_analysis_codeql_1/codeql-kotlin.db/trap/java/classes/com/octo/recon/matching/persistence/JdbcReconciliationStoreKt.members/JdbcReconciliationStoreKt.members#0.0-0-kotlin.trap.gz" }
{ "origin": "CodeQL Kotlin extractor", "timestamp": "2026-09-27 14:21:35", "kind": "INFO", "message": "Finished writing TRAP file /Users/macbook/Octo/static_analysis_codeql_1/codeql-kotlin.db/trap/java/classes/com/octo/recon/matching/persistence/JdbcReconciliationStoreKt.members/JdbcReconciliationStoreKt.members#0.0-0-kotlin.trap.gz" }
{ "origin": "CodeQL Kotlin extractor", "timestamp": "2026-09-27 14:21:36", "kind": "INFO", "message": "Skipping extracting external decl String" }
{ "origin": "CodeQL Kotlin extractor", "timestamp": "2026-09-27 14:21:36", "kind": "INFO", "message": "Skipping extracting external decl String" }
{ "origin": "CodeQL Kotlin extractor", "timestamp": "2026-09-27 14:21:36", "kind": "INFO", "message": "Skipping extracting external decl ZoneId" }
{ "origin": "CodeQL Kotlin extractor", "timestamp": "2026-09-27 14:21:36", "kind": "INFO", "message": "Skipping extracting external decl List" }
{ "origin": "CodeQL Kotlin extractor", "timestamp": "2026-09-27 14:21:36", "kind": "INFO", "message": "Skipping extracting external decl Object" }
{ "origin": "CodeQL Kotlin extractor", "timestamp": "2026-09-27 14:21:36", "kind": "INFO", "message": "Skipping extracting external decl Any" }
{ "origin": "CodeQL Kotlin extractor", "timestamp": "2026-09-27 14:21:36", "kind": "INFO", "message": "Skipping extracting external decl SequencedCollection" }
{ "origin": "CodeQL Kotlin extractor", "timestamp": "2026-09-27 14:21:36", "kind": "INFO", "message": "Skipping extracting external decl Collection" }
{ "origin": "CodeQL Kotlin extractor", "timestamp": "2026-09-27 14:21:36", "kind": "INFO", "message": "Skipping extracting external decl Iterable" }
{ "origin": "CodeQL Kotlin extractor", "timestamp": "2026-09-27 14:21:36", "kind": "INFO", "message": "Skipping extracting external decl MutableIterable" }
{ "origin": "CodeQL Kotlin extractor", "timestamp": "2026-09-27 14:21:36", "kind": "INFO", "message": "Skipping extracting external decl MutableCollection" }
{ "origin": "CodeQL Kotlin extractor", "timestamp": "2026-09-27 14:21:36", "kind": "INFO", "message": "Skipping extracting external decl List" }
{ "origin": "CodeQL Kotlin extractor", "timestamp": "2026-09-27 14:21:36", "kind": "INFO", "message": "Skipping extracting external decl NotNull" }
{ "origin": "CodeQL Kotlin extractor", "timestamp": "2026-09-27 14:21:36", "kind": "INFO", "message": "Skipping extracting external decl UUID" }
{ "origin": "CodeQL Kotlin extractor", "timestamp": "2026-09-27 14:21:36", "kind": "INFO", "message": "Skipping extracting external decl TenantScope" }
{ "origin": "CodeQL Kotlin extractor", "timestamp": "2026-09-27 14:21:36", "kind": "INFO", "message": "Skipping extracting external decl DataSource" }
{ "origin": "CodeQL Kotlin extractor", "timestamp": "2026-09-27 14:21:36", "kind": "INFO", "message": "Skipping extracting external decl Unit" }
{ "origin": "CodeQL Kotlin extractor", "timestamp": "2026-09-27 14:21:36", "kind": "INFO", "message": "Skipping extracting external decl ObjectMapper" }
{ "origin": "CodeQL Kotlin extractor", "timestamp": "2026-09-27 14:21:36", "kind": "INFO", "message": "Skipping extracting external decl trimIndent" }
{ "origin": "CodeQL Kotlin extractor", "timestamp": "2026-09-27 14:21:36", "kind": "INFO", "message": "Skipping extracting external decl AutoCloseable" }
{ "origin": "CodeQL Kotlin extractor", "timestamp": "2026-09-27 14:21:36", "kind": "INFO", "message": "Skipping extracting external decl Function1" }
{ "origin": "CodeQL Kotlin extractor", "timestamp": "2026-09-27 14:21:36", "kind": "INFO", "message": "Skipping extracting external decl Function" }
{ "origin": "CodeQL Kotlin extractor", "timestamp": "2026-09-27 14:21:36", "kind": "INFO", "message": "Skipping extracting external decl Function1" }
{ "origin": "CodeQL Kotlin extractor", "timestamp": "2026-09-27 14:21:36", "kind": "INFO", "message": "Skipping extracting external decl use" }
{ "origin": "CodeQL Kotlin extractor", "timestamp": "2026-09-27 14:21:36", "kind": "INFO", "message": "Skipping extracting external decl Connection" }
{ "origin": "CodeQL Kotlin extractor", "timestamp": "2026-09-27 14:21:36", "kind": "INFO", "message": "Skipping extracting external decl PreparedStatement" }
{ "origin": "CodeQL Kotlin extractor", "timestamp": "2026-09-27 14:21:36", "kind": "INFO", "message": "Skipping extracting external decl Integer" }
{ "origin": "CodeQL Kotlin extractor", "timestamp": "2026-09-27 14:21:36", "kind": "INFO", "message": "Skipping extracting external decl Int" }
{ "origin": "CodeQL Kotlin extractor", "timestamp": "2026-09-27 14:21:36", "kind": "INFO", "message": "Skipping extracting external decl ResultSet" }
{ "origin": "CodeQL Kotlin extractor", "timestamp": "2026-09-27 14:21:36", "kind": "INFO", "message": "Skipping extracting external decl Sequence" }
{ "origin": "CodeQL Kotlin extractor", "timestamp": "2026-09-27 14:21:36", "kind": "INFO", "message": "Skipping extracting external decl toList" }
{ "origin": "CodeQL Kotlin extractor", "timestamp": "2026-09-27 14:21:36", "kind": "INFO", "message": "Skipping extracting external decl map" }
{ "origin": "CodeQL Kotlin extractor", "timestamp": "2026-09-27 14:21:36", "kind": "INFO", "message": "Skipping extracting external decl Function0" }
{ "origin": "CodeQL Kotlin extractor", "timestamp": "2026-09-27 14:21:36", "kind": "INFO", "message": "Skipping extracting external decl Function0" }
{ "origin": "CodeQL Kotlin extractor", "timestamp": "2026-09-27 14:21:36", "kind": "INFO", "message": "Skipping extracting external decl generateSequence" }
{ "origin": "CodeQL Kotlin extractor", "timestamp": "2026-09-27 14:21:36", "kind": "INFO", "message": "Skipping extracting external decl Boolean" }
{ "origin": "CodeQL Kotlin extractor", "timestamp": "2026-09-27 14:21:36", "kind": "INFO", "message": "Skipping extracting external decl Boolean" }
{ "origin": "CodeQL Kotlin extractor", "timestamp": "2026-09-27 14:21:36", "kind": "INFO", "message": "Skipping extracting external decl Void" }
{ "origin": "CodeQL Kotlin extractor", "timestamp": "2026-09-27 14:21:36", "kind": "INFO", "message": "Skipping extracting external decl Nothing" }
{ "origin": "CodeQL Kotlin extractor", "timestamp": "2026-09-27 14:21:36", "kind": "INFO", "message": "Skipping extracting external decl BigDecimal" }
{ "origin": "CodeQL Kotlin extractor", "timestamp": "2026-09-27 14:21:36", "kind": "INFO", "message": "Skipping extracting external decl Currency" }
{ "origin": "CodeQL Kotlin extractor", "timestamp": "2026-09-27 14:21:36", "kind": "INFO", "message": "Skipping extracting external decl LocalDate" }
{ "origin": "CodeQL Kotlin extractor", "timestamp": "2026-09-27 14:21:36", "kind": "INFO", "message": "Skipping extracting external decl Class" }
{ "origin": "CodeQL Kotlin extractor", "timestamp": "2026-09-27 14:21:36", "kind": "INFO", "message": "Skipping extracting external decl Serializable" }
{ "origin": "CodeQL Kotlin extractor", "timestamp": "2026-09-27 14:21:36", "kind": "INFO", "message": "Skipping extracting external decl GenericDeclaration" }
{ "origin": "CodeQL Kotlin extractor", "timestamp": "2026-09-27 14:21:36", "kind": "INFO", "message": "Skipping extracting external decl Type" }
{ "origin": "CodeQL Kotlin extractor", "timestamp": "2026-09-27 14:21:36", "kind": "INFO", "message": "Skipping extracting external decl AnnotatedElement" }
{ "origin": "CodeQL Kotlin extractor", "timestamp": "2026-09-27 14:21:36", "kind": "INFO", "message": "Skipping extracting external decl OfField" }
{ "origin": "CodeQL Kotlin extractor", "timestamp": "2026-09-27 14:21:36", "kind": "INFO", "message": "Skipping extracting external decl TypeDescriptor" }
{ "origin": "CodeQL Kotlin extractor", "timestamp": "2026-09-27 14:21:36", "kind": "INFO", "message": "Skipping extracting external decl Constable" }
{ "origin": "CodeQL Kotlin extractor", "timestamp": "2026-09-27 14:21:36", "kind": "INFO", "message": "Skipping extracting external decl ZonedDateTime" }
{ "origin": "CodeQL Kotlin extractor", "timestamp": "2026-09-27 14:21:36", "kind": "INFO", "message": "Skipping extracting external decl Instant" }
{ "origin": "CodeQL Kotlin extractor", "timestamp": "2026-09-27 14:21:36", "kind": "INFO", "message": "Skipping extracting external decl OffsetDateTime" }
{ "origin": "CodeQL Kotlin extractor", "timestamp": "2026-09-27 14:21:36", "kind": "INFO", "message": "Skipping extracting external decl scoped" }
{ "origin": "CodeQL Kotlin extractor", "timestamp": "2026-09-27 14:21:36", "kind": "INFO", "message": "Skipping extracting external decl Map" }
{ "origin": "CodeQL Kotlin extractor", "timestamp": "2026-09-27 14:21:36", "kind": "INFO", "message": "Skipping extracting external decl Map" }
{ "origin": "CodeQL Kotlin extractor", "timestamp": "2026-09-27 14:21:36", "kind": "INFO", "message": "Finished writing TRAP file /Users/macbook/Octo/static_analysis_codeql_1/codeql-kotlin.db/trap/java/Users/macbook/Octo/modules/recon/src/main/kotlin/com/octo/recon/matching/persistence/JdbcReconciliationStore.kt.trap.gz" }
{ "origin": "CodeQL Kotlin extractor", "timestamp": "2026-09-27 14:21:36", "kind": "INFO", "message": "Peak memory: Usage after extractor" }
{ "origin": "CodeQL Kotlin extractor", "timestamp": "2026-09-27 14:21:36", "kind": "INFO", "message": "Peak memory: * Peak for non-heap bean CodeHeap 'non-nmethods' is 1822208" }
{ "origin": "CodeQL Kotlin extractor", "timestamp": "2026-09-27 14:21:36", "kind": "INFO", "message": "Peak memory: * Peak for non-heap bean Metaspace is 118443848" }
{ "origin": "CodeQL Kotlin extractor", "timestamp": "2026-09-27 14:21:36", "kind": "INFO", "message": "Peak memory: * Peak for non-heap bean CodeHeap 'profiled nmethods' is 76016320" }
{ "origin": "CodeQL Kotlin extractor", "timestamp": "2026-09-27 14:21:36", "kind": "INFO", "message": "Peak memory: * Peak for heap bean PS Old Gen is 493328000" }
{ "origin": "CodeQL Kotlin extractor", "timestamp": "2026-09-27 14:21:36", "kind": "INFO", "message": "Peak memory: * Peak for non-heap bean Compressed Class Space is 12630840" }
{ "origin": "CodeQL Kotlin extractor", "timestamp": "2026-09-27 14:21:36", "kind": "INFO", "message": "Peak memory: * Peak for heap bean PS Survivor Space is 76541776" }
{ "origin": "CodeQL Kotlin extractor", "timestamp": "2026-09-27 14:21:36", "kind": "INFO", "message": "Peak memory: * Peak for heap bean PS Eden Space is 592969728" }
{ "origin": "CodeQL Kotlin extractor", "timestamp": "2026-09-27 14:21:36", "kind": "INFO", "message": "Peak memory: * Peak for non-heap bean CodeHeap 'non-profiled nmethods' is 12974912" }
{ "origin": "CodeQL Kotlin extractor", "timestamp": "2026-09-27 14:21:36", "kind": "INFO", "message": "Peak memory: * Total heap peak: 1162839504" }
{ "origin": "CodeQL Kotlin extractor", "timestamp": "2026-09-27 14:21:36", "kind": "INFO", "message": "Peak memory: * Total non-heap peak: 221888128" }
{ "origin": "CodeQL Kotlin extractor", "timestamp": "2026-09-27 14:21:36", "kind": "INFO", "message": "Extraction completed" }
